experiment,seed,layer,rank,alpha,alpha_rule,true_k_strong,spike_peak,spike_decay,weak_factor,task_spikes,lr,steps,steps_completed,diverged,base_val_loss,oracle_val_loss,final_train_loss,final_val_loss,forgetting_loss,adapter_edge,adapter_detectable_rank,gradient_edge,gradient_detectable_rank,gradient_stable_rank,gradient_effective_rank,gradient_frobenius,gradient_nuclear,gradient_top_sv,gradient_left_overlap_true,gradient_right_overlap_true,gradient_mean_overlap_true,gradient_null_method,gradient_null_quantile,adapter_frobenius,adapter_nuclear,adapter_stable_rank,adapter_effective_rank,adapter_top_sv,adapter_left_overlap_true,adapter_right_overlap_true,adapter_mean_overlap_true,intruder_count,intruder_energy,detectable_signal_energy,detectable_adapter_rank
layerwise_sample_limited,91,0,1,1.0,proportional,6,3.247426654562518,0.2548287296845439,0.1085051749281564,3.36629;2.48457;1.91544;1.49016;1.12896;0.876499;0.0794583;0.0618848,0.18,1000,1000,False,0.2178761535680936,0.014379762308523718,0.13661803701980624,0.13482691445147252,0.07787625082664569,0.5089568516499936,1,0.042068440298172916,3,1.5093436535949054,2.986129260273887,0.15776770210200813,0.40428031240268214,0.12841744755175002,0.7964511391414806,0.40440955851631305,0.6004303488288968,permute,0.995,2.8316541140046043,2.831654114004606,0.9999999999998753,0.9999999999991248,2.8316541140046043,0.16824187592447926,0.17592149462084447,0.17208168527266188,0,0.0,8.0182650213592,1
layerwise_sample_limited,91,0,2,2.0,proportional,6,3.247426654562518,0.2548287296845439,0.1085051749281564,3.36629;2.48457;1.91544;1.49016;1.12896;0.876499;0.0794583;0.0618848,0.18,1000,1000,False,0.2178761535680936,0.014379762308523718,0.08493294064344718,0.09028937100230211,0.1167371916980645,0.615715539528107,2,0.042068440298172916,3,1.5093436535949054,2.986129260273887,0.15776770210200813,0.40428031240268214,0.12841744755175002,0.7964511391414806,0.40440955851631305,0.6004303488288968,permute,0.995,3.404396446104931,4.634488759285159,1.3144265404400501,1.7335474521511338,2.9694223201931815,0.277823531465829,0.2586947648891334,0.2682591481774812,0,0.0,11.589915162251884,2
layerwise_sample_limited,91,0,4,4.0,proportional,6,3.247426654562518,0.2548287296845439,0.1085051749281564,3.36629;2.48457;1.91544;1.49016;1.12896;0.876499;0.0794583;0.0618848,0.18,1000,1000,False,0.2178761535680936,0.014379762308523718,0.04790822386548832,0.052583934558374595,0.14773262371752902,0.682742904675953,3,0.042068440298172916,3,1.5093436535949054,2.986129260273887,0.15776770210200813,0.40428031240268214,0.12841744755175002,0.7964511391414806,0.40440955851631305,0.6004303488288968,permute,0.995,3.8321157160299957,6.363291512864016,1.559791517466187,2.376555412275608,3.068353112147582,0.5213511366695313,0.440560394061445,0.4809557653654881,0,0.0,14.657457563526743,3
layerwise_sample_limited,91,0,8,8.0,proportional,6,3.247426654562518,0.2548287296845439,0.1085051749281564,3.36629;2.48457;1.91544;1.49016;1.12896;0.876499;0.0794583;0.0618848,0.18,1000,1000,False,0.2178761535680936,0.014379762308523718,0.03516387818569234,0.0400514101871907,0.15772689248124191,0.7047714855514987,4,0.042068440298172916,3,1.5093436535949054,2.986129260273887,0.15776770210200813,0.40428031240268214,0.12841744755175002,0.7964511391414806,0.40440955851631305,0.6004303488288968,permute,0.995,4.000092993703931,7.223040984646571,1.664053929106256,2.7371661635198103,3.100890206576414,0.76187939277615,0.5731242348724407,0.6675018138242954,0,0.0,15.9988054139549,4
layerwise_sample_limited,91,0,16,16.0,proportional,6,3.247426654562518,0.2548287296845439,0.1085051749281564,3.36629;2.48457;1.91544;1.49016;1.12896;0.876499;0.0794583;0.0618848,0.18,1000,1000,False,0.2178761535680936,0.014379762308523718,0.03288698785366572,0.037532573207627054,0.16159689866873686,0.7372351732179122,4,0.042068440298172916,3,1.5093436535949054,2.986129260273887,0.15776770210200813,0.40428031240268214,0.12841744755175002,0.7964511391414806,0.40440955851631305,0.6004303488288968,permute,0.995,4.081911033326413,7.495968802889775,1.7177427356175166,2.8596047328337253,3.1144723141167954,0.7578975731441394,0.5937567382510743,0.6758271556976069,0,0.0,16.65968521723416,4
layerwise_sample_limited,91,0,32,32.0,proportional,6,3.247426654562518,0.2548287296845439,0.1085051749281564,3.36629;2.48457;1.91544;1.49016;1.12896;0.876499;0.0794583;0.0618848,0.18,1000,1000,False,0.2178761535680936,0.014379762308523718,0.029286320755305396,0.033900188805216384,0.16373561117403476,0.737551001302444,4,0.042068440298172916,3,1.5093436535949054,2.986129260273887,0.15776770210200813,0.40428031240268214,0.12841744755175002,0.7964511391414806,0.40440955851631305,0.6004303488288968,permute,0.995,4.12133633059008,7.789425643319529,1.743539850009421,2.9436646727930875,3.1212037391826444,0.7658451142070649,0.6074841540291446,0.6866646341181047,0,0.0,16.948928431391,4
layerwise_sample_limited,91,1,1,1.0,proportional,3,3.2048970108814343,0.1691726533592654,0.15966843797297525,3.32205;2.8515;2.55291;0.317678;0.257806;0.228718;0.186256;0.1617,0.18,1000,1000,False,0.22585285884214318,0.0144436537319659,0.14872313739923473,0.1557420076250466,0.06312716383373702,0.4607217787171551,1,0.0337749265600966,3,2.121878665085026,3.0995930036765182,0.14129386680277334,0.35261182132278474,0.096998057615767,0.9008787910632831,0.454343465107639,0.6776111280854611,permute,0.995,2.588452371812454,2.5884523718124557,0.9999999999998508,0.9999999999991491,2.588452371812454,0.16903085804722415,0.18275291515902542,0.17589188660312477,0,0.0,6.700085681141518,1
layerwise_sample_limited,91,1,2,2.0,proportional,3,3.2048970108814343,0.1691726533592654,0.15966843797297525,3.32205;2.8515;2.55291;0.317678;0.257806;0.228718;0.186256;0.1617,0.18,1000,1000,False,0.22585285884214318,0.0144436537319659,0.08035891187165443,0.08456252865577227,0.12825756441938793,0.6754572767965709,2,0.0337749265600966,3,2.121878665085026,3.0995930036765182,0.14129386680277334,0.35261182132278474,0.096998057615767,0.9008787910632831,0.454343465107639,0.6776111280854611,permute,0.995,3.7891347850957358,5.341772337766917,1.7269796612165023,1.9750588218115024,2.883343888626245,0.27344966180468905,0.2841663129484431,0.2788079873765661,0,0.0,14.3575424196225,2
layerwise_sample_limited,91,1,4,4.0,proportional,3,3.2048970108814343,0.1691726533592654,0.15966843797297525,3.32205;2.8515;2.55291;0.317678;0.257806;0.228718;0.186256;0.1617,0.18,1000,1000,False,0.22585285884214318,0.0144436537319659,0.018541313922631548,0.022610737917792376,0.1839677596017657,0.8106937285944118,3,0.0337749265600966,3,2.121878665085026,3.0995930036765182,0.14129386680277334,0.35261182132278474,0.096998057615767,0.9008787910632831,0.454343465107639,0.6776111280854611,permute,0.995,4.451365300465055,7.633723087803538,2.188281288471422,2.8831040168696163,3.0091349344196745,0.42181090757825423,0.38051920510547316,0.4011650563418637,0,0.0,19.814652666003937,3
layerwise_sample_limited,91,1,8,8.0,proportional,3,3.2048970108814343,0.1691726533592654,0.15966843797297525,3.32205;2.8515;2.55291;0.317678;0.257806;0.228718;0.186256;0.1617,0.18,1000,1000,False,0.22585285884214318,0.0144436537319659,0.018246111958813115,0.022008737771729403,0.18547374126540808,0.809805485821223,3,0.0337749265600966,3,2.121878665085026,3.0995930036765182,0.14129386680277334,0.35261182132278474,0.096998057615767,0.9008787910632831,0.454343465107639,0.6776111280854611,permute,0.995,4.4905916176383975,7.706859568766613,2.2000573651268427,2.8885543347067397,3.0275167799102363,0.5984153825335906,0.3795348113762738,0.48897509695493224,0,0.0,20.16541149500024,3
layerwise_sample_limited,91,1,16,16.0,proportional,3,3.2048970108814343,0.1691726533592654,0.15966843797297525,3.32205;2.8515;2.55291;0.317678;0.257806;0.228718;0.186256;0.1617,0.18,1000,1000,False,0.22585285884214318,0.0144436537319659,0.01803155540891731,0.02157543469260862,0.18675545220777623,0.7967087731640816,3,0.0337749265600966,3,2.121878665085026,3.0995930036765182,0.14129386680277334,0.35261182132278474,0.096998057615767,0.9008787910632831,0.454343465107639,0.6776111280854611,permute,0.995,4.519400437591321,7.766310310806213,2.212053453039819,2.894724103350508,3.038666337221288,0.6777834679623382,0.4429634393515928,0.5603734536569656,0,0.0,20.424972259550238,3
layerwise_sample_limited,91,1,32,32.0,proportional,3,3.2048970108814343,0.1691726533592654,0.15966843797297525,3.32205;2.8515;2.55291;0.317678;0.257806;0.228718;0.186256;0.1617,0.18,1000,1000,False,0.22585285884214318,0.0144436537319659,0.017762581212378774,0.021027614454999698,0.18834229718916454,0.8170290175844022,3,0.0337749265600966,3,2.121878665085026,3.0995930036765182,0.14129386680277334,0.35261182132278474,0.096998057615767,0.9008787910632831,0.454343465107639,0.6776111280854611,permute,0.995,4.560205340674568,7.843259301340984,2.1947092680156532,2.890141551764053,3.078193381524954,0.7464757531820504,0.45739909513612126,0.6019374241590858,0,0.0,20.79544588173232,3
layerwise_sample_limited,91,2,1,1.0,proportional,3,2.2162577079109216,0.14401155045816577,0.20645506158594934,2.27422;1.8668;1.58811;0.320944;0.270089;0.230121;0.199865;0.183002,0.18,1000,1000,False,0.10483358817419475,0.014463703951997156,0.0763107388807991,0.07370353521963859,0.028929044576798773,0.23850833239935693,1,0.03234514810381812,3,1.4785627553990555,2.6704074750722975,0.11516613797424939,0.2998445255820779,0.09471198137819571,0.9141447165754373,0.4391534999735133,0.6766491082744752,permute,0.995,1.2001868566398601,1.200186856639861,0.9999999999993057,0.9999999999996942,1.2001868566398601,0.16638011195178137,0.14366997973207424,0.1550250458419278,0,0.0,1.4404484908510682,1
layerwise_sample_limited,91,2,2,2.0,proportional,3,2.2162577079109216,0.14401155045816577,0.20645506158594934,2.27422;1.8668;1.58811;0.320944;0.270089;0.230121;0.199865;0.183002,0.18,1000,1000,False,0.10483358817419475,0.014463703951997156,0.04838860884822041,0.050568761049949985,0.046256792139908944,0.3270431101772531,2,0.03234514810381812,3,1.4785627553990555,2.6704074750722975,0.11516613797424939,0.2998445255820779,0.09471198137819571,0.9141447165754373,0.4391534999735133,0.6766491082744752,permute,0.995,1.8227287518294941,2.5336850063551006,1.4686017759698662,1.8704409542914167,1.504076825137492,0.29463376958889315,0.2507085493060425,0.27267115944746784,0,0.0,3.3223401027459043,2
layerwise_sample_limited,91,2,4,4.0,proportional,3,2.2162577079109216,0.14401155045816577,0.20645506158594934,2.27422;1.8668;1.58811;0.320944;0.270089;0.230121;0.199865;0.183002,0.18,1000,1000,False,0.10483358817419475,0.014463703951997156,0.024334351033256246,0.029555463298603316,0.06375147022700402,0.38887517736141775,3,0.03234514810381812,3,1.4785627553990555,2.6704074750722975,0.11516613797424939,0.2998445255820779,0.09471198137819571,0.9141447165754373,0.4391534999735133,0.6766491082744752,permute,0.995,2.1663734770586407,3.6468980411338747,1.96800283835135,2.6968564297397917,1.5442601685523003,0.49238767959508595,0.32838955479841925,0.41038861719675257,0,0.0,4.693173269574659,3
layerwise_sample_limited,91,2,8,8.0,proportional,3,2.2162577079109216,0.14401155045816577,0.20645506158594934,2.27422;1.8668;1.58811;0.320944;0.270089;0.230121;0.199865;0.183002,0.18,1000,1000,False,0.10483358817419475,0.014463703951997156,0.022315547023138774,0.027203804513010684,0.06695047063418405,0.4102239448350808,3,0.03234514810381812,3,1.4785627553990555,2.6704074750722975,0.11516613797424939,0.2998445255820779,0.09471198137819571,0.9141447165754373,0.4391534999735133,0.6766491082744752,permute,0.995,2.305421645062467,3.9112007952099246,2.061227770393246,2.755352995324519,1.6057849153016648,0.7492207478834655,0.3928539754667279,0.5710373616750967,0,0.0,5.31494061892187,3
layerwise_sample_limited,91,2,16,16.0,proportional,3,2.2162577079109216,0.14401155045816577,0.20645506158594934,2.27422;1.8668;1.58811;0.320944;0.270089;0.230121;0.199865;0.183002,0.18,1000,1000,False,0.10483358817419475,0.014463703951997156,0.02196274328724909,0.026586120700181026,0.06805021573813563,0.429753974090556,3,0.03234514810381812,3,1.4785627553990555,2.6704074750722975,0.11516613797424939,0.2998445255820779,0.09471198137819571,0.9141447165754373,0.4391534999735133,0.6766491082744752,permute,0.995,2.3604055812135845,3.991514664663625,2.031800352380007,2.7159129836948255,1.6559457970282971,0.7771795981695333,0.40426568740436586,0.5907226427869496,0,0.0,5.571482521753704,3
layerwise_sample_limited,91,2,32,32.0,proportional,3,2.2162577079109216,0.14401155045816577,0.20645506158594934,2.27422;1.8668;1.58811;0.320944;0.270089;0.230121;0.199865;0.183002,0.18,1000,1000,False,0.10483358817419475,0.014463703951997156,0.020584786691590213,0.02488165597198394,0.07036056972755639,0.4476123333587235,3,0.03234514810381812,3,1.4785627553990555,2.6704074750722975,0.11516613797424939,0.2998445255820779,0.09471198137819571,0.9141447165754373,0.4391534999735133,0.6766491082744752,permute,0.995,2.4557142768815026,4.206439331102045,2.1393051570696335,2.808180101583613,1.6789643165440018,0.8178682241266441,0.44169250081580763,0.6297803624712258,0,0.0,6.0303838431095595,3
layerwise_sample_limited,91,3,1,1.0,proportional,5,3.05842771835177,0.21173074244226509,0.08676727465582153,3.19802;2.69789;2.18956;1.6049;1.26212;0.0851363;0.0794747;0.0534955,0.18,1000,1000,False,0.2330555690248792,0.014437263053499195,0.13082694269080514,0.12736825901192514,0.10216646128450689,0.5214439574377273,1,0.04946336785554665,2,1.3315768793898322,2.442292693621077,0.16542505867754526,0.3946692097254175,0.1433567591845714,0.7071484547563427,0.3728255540009143,0.5399870043786286,permute,0.995,2.8653752360691587,2.8653752360691604,0.9999999999998782,0.9999999999991218,2.8653752360691587,0.19085974630864053,0.1671338832764233,0.17899681479253193,0,0.0,8.210375243478387,1
layerwise_sample_limited,91,3,2,2.0,proportional,5,3.05842771835177,0.21173074244226509,0.08676727465582153,3.19802;2.69789;2.18956;1.6049;1.26212;0.0851363;0.0794747;0.0534955,0.18,1000,1000,False,0.2330555690248792,0.014437263053499195,0.08624534013948992,0.0905957250817356,0.13281270094592565,0.6488186436475347,2,0.04946336785554665,2,1.3315768793898322,2.442292693621077,0.16542505867754526,0.3946692097254175,0.1433567591845714,0.7071484547563427,0.3728255540009143,0.5399870043786286,permute,0.995,3.495204111645421,4.852501918825753,1.455697648597051,1.8617459553877214,2.896923003387903,0.3083726741438429,0.2680836931725162,0.28822818365817954,0,0.0,12.216451782063059,2
layerwise_sample_limited,91,3,4,4.0,proportional,5,3.05842771835177,0.21173074244226509,0.08676727465582153,3.19802;2.69789;2.18956;1.6049;1.26212;0.0851363;0.0794747;0.0534955,0.18,1000,1000,False,0.2330555690248792,0.014437263053499195,0.04698827601168202,0.056535637573457226,0.1574927497290412,0.6912522362129722,3,0.04946336785554665,2,1.3315768793898322,2.442292693621077,0.16542505867754526,0.3946692097254175,0.1433567591845714,0.7071484547563427,0.3728255540009143,0.5399870043786286,permute,0.995,3.808679719192543,6.40690558514785,1.7132582075655556,2.618887329855606,2.9097993520795296,0.5259119356156909,0.4055940618652855,0.46575299874048826,0,0.0,14.504899993539883,3
layerwise_sample_limited,91,3,8,8.0,proportional,5,3.05842771835177,0.21173074244226509,0.08676727465582153,3.19802;2.69789;2.18956;1.6049;1.26212;0.0851363;0.0794747;0.0534955,0.18,1000,1000,False,0.2330555690248792,0.014437263053499195,0.03490972174632246,0.0430374126196047,0.1687170918038124,0.7320974722903804,3,0.04946336785554665,2,1.3315768793898322,2.442292693621077,0.16542505867754526,0.3946692097254175,0.1433567591845714,0.7071484547563427,0.3728255540009143,0.5399870043786286,permute,0.995,4.041465953891135,7.263632964589876,1.9092448095609,2.893617446325569,2.924880420376107,0.639218467101343,0.5049244590007833,0.5720714630510632,0,0.0,16.128462162765068,3
layerwise_sample_limited,91,3,16,16.0,proportional,5,3.05842771835177,0.21173074244226509,0.08676727465582153,3.19802;2.69789;2.18956;1.6049;1.26212;0.0851363;0.0794747;0.0534955,0.18,1000,1000,False,0.2330555690248792,0.014437263053499195,0.030177134821475233,0.03794284905074017,0.17250175240744658,0.7415178114257778,3,0.04946336785554665,2,1.3315768793898322,2.442292693621077,0.16542505867754526,0.3946692097254175,0.1433567591845714,0.7071484547563427,0.3728255540009143,0.5399870043786286,permute,0.995,4.131953375742318,7.642467092665757,1.9867565810203922,2.9770861641941226,2.9314539902497416,0.6545260962114094,0.5153527431089469,0.5849394196601782,0,0.0,16.783027528226167,3
layerwise_sample_limited,91,3,32,32.0,proportional,5,3.05842771835177,0.21173074244226509,0.08676727465582153,3.19802;2.69789;2.18956;1.6049;1.26212;0.0851363;0.0794747;0.0534955,0.18,1000,1000,False,0.2330555690248792,0.014437263053499195,0.027095854201372,0.03413406882308733,0.1766639623820459,0.7495589239132866,3,0.04946336785554665,2,1.3315768793898322,2.442292693621077,0.16542505867754526,0.3946692097254175,0.1433567591845714,0.7071484547563427,0.3728255540009143,0.5399870043786286,permute,0.995,4.211778703656852,7.963166776822017,2.0526830068124022,3.114197733900272,2.9397107518132968,0.6825480338614588,0.5408854035030563,0.6117167186822575,0,0.0,17.198125362673604,3
layerwise_sample_limited,91,4,1,1.0,proportional,5,2.9293062220162915,0.2383988052462508,0.057020576107674414,3.24368;2.39859;1.68645;1.48846;1.00917;0.0499645;0.0380782;0.0306538,0.18,1000,1000,False,0.1735836488755377,0.014378866933331498,0.09017166730581111,0.09160960791834766,0.07938681687678585,0.5398681304927031,1,0.021332990584505194,5,1.9749387298984238,3.8525739038309013,0.10423757071620399,0.3057343031040811,0.07417327724127801,0.6480298161563103,0.3506460425380305,0.49933792934717036,permute,0.995,2.9973580590043967,2.9973580590043993,0.9999999999998886,0.9999999999991114,2.9973580590043967,0.17047186351632426,0.17905752173193323,0.17476469262412875,0,0.0,8.984155333878604,1
layerwise_sample_limited,91,4,2,2.0,proportional,5,2.9293062220162915,0.2383988052462508,0.057020576107674414,3.24368;2.39859;1.68645;1.48846;1.00917;0.0499645;0.0380782;0.0306538,0.18,1000,1000,False,0.1735836488755377,0.014378866933331498,0.07285838448397194,0.07772471619919376,0.089693147533562,0.5554823378974666,2,0.021332990584505194,5,1.9749387298984238,3.8525739038309013,0.10423757071620399,0.3057343031040811,0.07417327724127801,0.6480298161563103,0.3506460425380305,0.49933792934717036,permute,0.995,3.053477573793849,3.69083497171967,1.0596681032417523,1.241954623035725,2.966264018492092,0.28654074603382373,0.2507396870061861,0.2686402165200049,0,0.0,9.323725293661976,2
layerwise_sample_limited,91,4,4,4.0,proportional,5,2.9293062220162915,0.2383988052462508,0.057020576107674414,3.24368;2.39859;1.68645;1.48846;1.00917;0.0499645;0.0380782;0.0306538,0.18,1000,1000,False,0.1735836488755377,0.014378866933331498,0.057667050713377986,0.06308490615223726,0.09673680815057373,0.5629235809176601,2,0.021332990584505194,5,1.9749387298984238,3.8525739038309013,0.10423757071620399,0.3057343031040811,0.07417327724127801,0.6480298161563103,0.3506460425380305,0.49933792934717036,permute,0.995,3.1889535942689085,4.425900335197949,1.1273349830362354,1.4737971834651913,3.003458997139901,0.5100185638184667,0.37757603765374914,0.4437973007361079,0,0.0,10.077185267647076,2
layerwise_sample_limited,91,4,8,8.0,proportional,5,2.9293062220162915,0.2383988052462508,0.057020576107674414,3.24368;2.39859;1.68645;1.48846;1.00917;0.0499645;0.0380782;0.0306538,0.18,1000,1000,False,0.1735836488755377,0.014378866933331498,0.04470947683386529,0.05149771720039589,0.10480402980162731,0.5943765080040537,3,0.021332990584505194,5,1.9749387298984238,3.8525739038309013,0.10423757071620399,0.3057343031040811,0.07417327724127801,0.6480298161563103,0.3506460425380305,0.49933792934717036,permute,0.995,3.3499756916714736,5.206411941483268,1.214004452932527,1.8118429190783305,3.040405544405848,0.6451207173599115,0.467050357390425,0.5560855373751683,0,0.0,11.193482358317114,3
layerwise_sample_limited,91,4,16,16.0,proportional,5,2.9293062220162915,0.2383988052462508,0.057020576107674414,3.24368;2.39859;1.68645;1.48846;1.00917;0.0499645;0.0380782;0.0306538,0.18,1000,1000,False,0.1735836488755377,0.014378866933331498,0.03923817889713257,0.04625805958233482,0.10821919038922309,0.6211120071041792,3,0.021332990584505194,5,1.9749387298984238,3.8525739038309013,0.10423757071620399,0.3057343031040811,0.07417327724127801,0.6480298161563103,0.3506460425380305,0.49933792934717036,permute,0.995,3.4139888970304035,5.564963269075281,1.2535928856592393,1.930615737465357,3.049185493737886,0.632602267340568,0.47585851757002134,0.5542303924552947,0,0.0,11.529698432323313,3
layerwise_sample_limited,91,4,32,32.0,proportional,5,2.9293062220162915,0.2383988052462508,0.057020576107674414,3.24368;2.39859;1.68645;1.48846;1.00917;0.0499645;0.0380782;0.0306538,0.18,1000,1000,False,0.1735836488755377,0.014378866933331498,0.03243945100513688,0.03967503046322731,0.11366139761471375,0.6275034436823596,3,0.021332990584505194,5,1.9749387298984238,3.8525739038309013,0.10423757071620399,0.3057343031040811,0.07417327724127801,0.6480298161563103,0.3506460425380305,0.49933792934717036,permute,0.995,3.5251347374296844,6.102286234142438,1.318979227815486,2.174944320064487,3.0694230008517023,0.6339015101569431,0.4957162933938663,0.5648089017754047,0,0.0,12.138576080828313,3
layerwise_sample_limited,91,5,1,1.0,proportional,4,3.0915727886695046,0.09906663617655236,0.22535496983061437,2.89965;2.63206;2.59357;2.4529;0.46125;0.422517;0.379996;0.36354,0.18,1000,1000,False,0.2219984853540313,0.01444873428694844,0.15326463429015044,0.16054260461037975,0.0514493998835915,0.38452780950307713,1,0.02271674424597027,4,2.5170817360390214,4.4462862098485925,0.11514632351134288,0.34818510619642606,0.07257740179427391,0.97421585575734,0.46025371202169285,0.7172347838895164,permute,0.995,2.1005497133624913,2.100549713362493,0.9999999999997733,0.9999999999992267,2.1005497133624913,0.18512710748190225,0.1524782951757332,0.16880270132881772,0,0.0,4.412309098307245,1
layerwise_sample_limited,91,5,2,2.0,proportional,4,3.0915727886695046,0.09906663617655236,0.22535496983061437,2.89965;2.63206;2.59357;2.4529;0.46125;0.422517;0.379996;0.36354,0.18,1000,1000,False,0.2219984853540313,0.01444873428694844,0.09780810132288237,0.10724440982666665,0.1029736354223262,0.5814479802763018,2,0.02271674424597027,4,2.5170817360390214,4.4462862098485925,0.11514632351134288,0.34818510619642606,0.07257740179427391,0.97421585575734,0.46025371202169285,0.7172347838895164,permute,0.995,3.2644986593303873,4.607862559845181,1.78024440407248,1.984781517615306,2.446677228303658,0.27566347350528775,0.2713274338951211,0.27349545370020445,0,0.0,10.656951496769896,2
layerwise_sample_limited,91,5,4,4.0,proportional,4,3.0915727886695046,0.09906663617655236,0.22535496983061437,2.89965;2.63206;2.59357;2.4529;0.46125;0.422517;0.379996;0.36354,0.18,1000,1000,False,0.2219984853540313,0.01444873428694844,0.06250156446048895,0.0716524680655183,0.12407844995476101,0.6611095316710879,3,0.02271674424597027,4,2.5170817360390214,4.4462862098485925,0.11514632351134288,0.34818510619642606,0.07257740179427391,0.97421585575734,0.46025371202169285,0.7172347838895164,permute,0.995,3.634019481591633,6.19712640225379,2.113097540740474,2.8012408331417085,2.4999278738420183,0.5156973644385828,0.41301392262971964,0.46435564353415126,0,0.0,13.205849493157102,3
layerwise_sample_limited,91,5,8,8.0,proportional,4,3.0915727886695046,0.09906663617655236,0.22535496983061437,2.89965;2.63206;2.59357;2.4529;0.46125;0.422517;0.379996;0.36354,0.18,1000,1000,False,0.2219984853540313,0.01444873428694844,0.028800975431151773,0.038041519426414386,0.1526979880863796,0.737887591987868,4,0.02271674424597027,4,2.5170817360390214,4.4462862098485925,0.11514632351134288,0.34818510619642606,0.07257740179427391,0.97421585575734,0.46025371202169285,0.7172347838895164,permute,0.995,4.10315388628066,8.047735588082542,2.68446528336302,3.699784966304592,2.5043147376315438,0.8340911547040667,0.5250874353220628,0.6795892950130648,0,0.0,16.835779314516007,4
layerwise_sample_limited,91,5,16,16.0,proportional,4,3.0915727886695046,0.09906663617655236,0.22535496983061437,2.89965;2.63206;2.59357;2.4529;0.46125;0.422517;0.379996;0.36354,0.18,1000,1000,False,0.2219984853540313,0.01444873428694844,0.02665610379243834,0.0349314376730006,0.15754862589680715,0.7601457337895993,4,0.02271674424597027,4,2.5170817360390214,4.4462862098485925,0.11514632351134288,0.34818510619642606,0.07257740179427391,0.97421585575734,0.46025371202169285,0.7172347838895164,permute,0.995,4.219182147753688,8.335364592309716,2.7521655384939976,3.780309197619088,2.5432613926623056,0.9353650774252737,0.5279892066762124,0.7316771420507431,0,0.0,17.801353121539215,4
layerwise_sample_limited,91,5,32,32.0,proportional,4,3.0915727886695046,0.09906663617655236,0.22535496983061437,2.89965;2.63206;2.59357;2.4529;0.46125;0.422517;0.379996;0.36354,0.18,1000,1000,False,0.2219984853540313,0.01444873428694844,0.02431122507737987,0.031440343653523654,0.16379638494011975,0.8019989900959869,4,0.02271674424597027,4,2.5170817360390214,4.4462862098485925,0.11514632351134288,0.34818510619642606,0.07257740179427391,0.97421585575734,0.46025371202169285,0.7172347838895164,permute,0.995,4.3560588609719355,8.68752065163851,2.894828968517156,3.8598358189394903,2.560249467729394,0.9566572866710455,0.587854585065466,0.7722559358682557,0,0.0,18.97397183461452,4
layerwise_sample_limited,91,6,1,1.0,proportional,7,2.7041468452699324,0.27907934555595004,0.17973324129585627,2.49098;2.25435;1.48029;1.23681;0.806485;0.659677;0.5004;0.0693685,0.18,1000,1000,False,0.1348588717016073,0.014438460549023745,0.09644396140553024,0.09465603668609517,0.03674553559183113,0.338385882084448,1,0.0183249961713241,4,2.419626871154572,4.385526528938033,0.09452891856745649,0.3029083360690923,0.06077017542634982,0.9143255654277428,0.46541323167090165,0.6898693985493223,permute,0.995,1.8703073142813105,1.8703073142813118,0.9999999999997141,0.9999999999992859,1.8703073142813105,0.1618965227444624,0.1603866587868808,0.16114159076567158,0,0.0,3.4980494498541685,1
layerwise_sample_limited,91,6,2,2.0,proportional,7,2.7041468452699324,0.27907934555595004,0.17973324129585627,2.49098;2.25435;1.48029;1.23681;0.806485;0.659677;0.5004;0.0693685,0.18,1000,1000,False,0.1348588717016073,0.014438460549023745,0.050653868373493526,0.05440774035967726,0.06989257009787464,0.48107149263192184,2,0.0183249961713241,4,2.419626871154572,4.385526528938033,0.09452891856745649,0.3029083360690923,0.06077017542634982,0.9143255654277428,0.46541323167090165,0.6898693985493223,permute,0.995,2.673466106743361,3.7788062074892417,1.8766142589002852,1.9956786081642839,1.9515836755733693,0.2855829641862212,0.2608032908891744,0.2731931275376978,0,0.0,7.147421023905504,2
layerwise_sample_limited,91,6,4,4.0,proportional,7,2.7041468452699324,0.27907934555595004,0.17973324129585627,2.49098;2.25435;1.48029;1.23681;0.806485;0.659677;0.5004;0.0693685,0.18,1000,1000,False,0.1348588717016073,0.014438460549023745,0.04463249031948469,0.04864757559089599,0.07415932014770135,0.5165155759765684,2,0.0183249961713241,4,2.419626871154572,4.385526528938033,0.09452891856745649,0.3029083360690923,0.06077017542634982,0.9143255654277428,0.46541323167090165,0.6898693985493223,permute,0.995,2.810757495253101,4.17597230789236,1.8350051738014628,2.0496016269584696,2.0749361202264325,0.5131457599084641,0.3624977024684771,0.4378217311884706,0,0.0,7.859328420714617,2
layerwise_sample_limited,91,6,8,8.0,proportional,7,2.7041468452699324,0.27907934555595004,0.17973324129585627,2.49098;2.25435;1.48029;1.23681;0.806485;0.659677;0.5004;0.0693685,0.18,1000,1000,False,0.1348588717016073,0.014438460549023745,0.03975386700182428,0.043663904100038335,0.07744056443722573,0.515194416569617,2,0.0183249961713241,4,2.419626871154572,4.385526528938033,0.09452891856745649,0.3029083360690923,0.06077017542634982,0.9143255654277428,0.46541323167090165,0.6898693985493223,permute,0.995,2.8552575049788653,4.495835367199907,1.8583714699853295,2.1856621740635194,2.094493500373775,0.8163944447552669,0.46444926849227824,0.6404218566237726,0,0.0,7.973009729558047,2
layerwise_sample_limited,91,6,16,16.0,proportional,7,2.7041468452699324,0.27907934555595004,0.17973324129585627,2.49098;2.25435;1.48029;1.23681;0.806485;0.659677;0.5004;0.0693685,0.18,1000,1000,False,0.1348588717016073,0.014438460549023745,0.03542709290092901,0.039749993116124614,0.08024394504621404,0.5282363814527881,3,0.0183249961713241,4,2.419626871154572,4.385526528938033,0.09452891856745649,0.3029083360690923,0.06077017542634982,0.9143255654277428,0.46541323167090165,0.6898693985493223,permute,0.995,2.92290048271193,4.834796981807534,1.8828625806864607,2.323841507384173,2.130123171876294,0.8519367077624853,0.5002465024901481,0.6760916051263167,0,0.0,8.500185488560787,3
layerwise_sample_limited,91,6,32,32.0,proportional,7,2.7041468452699324,0.27907934555595004,0.17973324129585627,2.49098;2.25435;1.48029;1.23681;0.806485;0.659677;0.5004;0.0693685,0.18,1000,1000,False,0.1348588717016073,0.014438460549023745,0.03336565988978427,0.03771252223806231,0.08202642501948779,0.5402322305180673,3,0.0183249961713241,4,2.419626871154572,4.385526528938033,0.09452891856745649,0.3029083360690923,0.06077017542634982,0.9143255654277428,0.46541323167090165,0.6898693985493223,permute,0.995,2.967987601948718,5.031619902616133,1.919310378624704,2.409866750491798,2.1423453271646564,0.8727937094342796,0.5559399741826795,0.7143668418084795,0,0.0,8.717489161885908,3
layerwise_sample_limited,91,7,1,1.0,proportional,1,1.921066450204287,0.20516995398345172,0.10882147760642112,2.12671;0.164162;0.136726;0.110102;0.0981019;0.0772819;0.0582964;0.0509745,0.18,1000,1000,False,0.045412430814128615,0.014433866259293018,0.028719460751622804,0.03320290027651303,0.0034848250084117353,0.0957875351485433,1,0.008476263440998518,1,1.1526789013196652,2.3716603159603054,0.0399197778456076,0.15137456202034916,0.03718210250547276,0.48969393770524694,0.2353220216957049,0.36250797970047594,permute,0.995,0.48319952470826755,0.4831995247082679,0.999999999995717,1.000000000003283,0.48319952470826755,0.17885155504711323,0.122520191668981,0.15068587335804712,0,0.0,0.23348178067829567,1
layerwise_sample_limited,91,7,2,2.0,proportional,1,1.921066450204287,0.20516995398345172,0.10882147760642112,2.12671;0.164162;0.136726;0.110102;0.0981019;0.0772819;0.0582964;0.0509745,0.18,1000,1000,False,0.045412430814128615,0.014433866259293018,0.0412151723163202,0.04498874548905471,5.973718917585289e-06,0.00303381092747586,1,0.008476263440998518,1,1.1526789013196652,2.3716603159603054,0.0399197778456076,0.15137456202034916,0.03718210250547276,0.48969393770524694,0.2353220216957049,0.36250797970047594,permute,0.995,0.015123037781810773,0.01607103047069158,1.0042149339439654,1.0275335661468012,0.015091266845030173,0.21795517388325203,0.11933159791269714,0.1686433858979746,0,0.0,0.00022774633498790707,1
layerwise_sample_limited,91,7,4,4.0,proportional,1,1.921066450204287,0.20516995398345172,0.10882147760642112,2.12671;0.164162;0.136726;0.110102;0.0981019;0.0772819;0.0582964;0.0509745,0.18,1000,1000,False,0.045412430814128615,0.014433866259293018,0.024939426225756983,0.02904952318333326,0.00617748479674338,0.1353116555324639,1,0.008476263440998518,1,1.1526789013196652,2.3716603159603054,0.0399197778456076,0.15137456202034916,0.03718210250547276,0.48969393770524694,0.2353220216957049,0.36250797970047594,permute,0.995,0.6946778165801422,0.6963630168830816,1.0000019961884037,1.0000303236368056,0.6946771232265596,0.24290068949858287,0.14183568811527764,0.19236818880693024,0,0.0,0.4825763055343284,1
layerwise_sample_limited,91,7,8,8.0,proportional,1,1.921066450204287,0.20516995398345172,0.10882147760642112,2.12671;0.164162;0.136726;0.110102;0.0981019;0.0772819;0.0582964;0.0509745,0.18,1000,1000,False,0.045412430814128615,0.014433866259293018,0.019028423918016218,0.0217650342270178,0.014771483827367898,0.22700709102193015,1,0.008476263440998518,1,1.1526789013196652,2.3716603159603054,0.0399197778456076,0.15137456202034916,0.03718210250547276,0.48969393770524694,0.2353220216957049,0.36250797970047594,permute,0.995,1.2106075092945432,1.2147707971897677,1.0000018870336476,1.0000300504128037,1.2106063670671947,0.34148507225456287,0.15845202920132795,0.2499685507279454,0,0.0,1.4655677759836307,1
layerwise_sample_limited,91,7,16,16.0,proportional,1,1.921066450204287,0.20516995398345172,0.10882147760642112,2.12671;0.164162;0.136726;0.110102;0.0981019;0.0772819;0.0582964;0.0509745,0.18,1000,1000,False,0.045412430814128615,0.014433866259293018,0.018815560693776625,0.021492767101228123,0.015184095893425674,0.23200908151372146,1,0.008476263440998518,1,1.1526789013196652,2.3716603159603054,0.0399197778456076,0.15137456202034916,0.03718210250547276,0.48969393770524694,0.2353220216957049,0.36250797970047594,permute,0.995,1.23491401430097,1.2441660410703823,1.0000052776648303,1.0000802506703863,1.234910755582333,0.3723041958891928,0.1530860464813284,0.2626951211852606,0,0.0,1.5250045742529288,1
layerwise_sample_limited,91,7,32,32.0,proportional,1,1.921066450204287,0.20516995398345172,0.10882147760642112,2.12671;0.164162;0.136726;0.110102;0.0981019;0.0772819;0.0582964;0.0509745,0.18,1000,1000,False,0.045412430814128615,0.014433866259293018,0.01776833264920734,0.020048390435769926,0.01746033213955143,0.24654665408959572,1,0.008476263440998518,1,1.1526789013196652,2.3716603159603054,0.0399197778456076,0.15137456202034916,0.03718210250547276,0.48969393770524694,0.2353220216957049,0.36250797970047594,permute,0.995,1.3698820483332028,1.3866705865320939,1.0000080766725574,1.0001233852216713,1.3698765163219746,0.4199763153645411,0.19040192341420983,0.3051891193893755,0,0.0,1.876561669970429,1
layerwise_sample_limited,91,8,1,1.0,proportional,5,2.999266454425651,0.20119624146980541,0.20190558930027486,3.24514;2.45757;2.12782;1.58179;1.27746;0.235098;0.179976;0.140161,0.18,1000,1000,False,0.19712939221096687,0.01438956918551787,0.12307194981050307,0.1295454255688201,0.05970667607289147,0.47889535833334607,1,0.024396334359596608,4,2.200341281763981,3.96941931492525,0.1133870607031984,0.33200020694955223,0.07643961199621338,0.9075868324891294,0.44683785920441627,0.6772123458467728,permute,0.995,2.5708836892198477,2.5708836892198494,0.9999999999998487,0.9999999999991513,2.5708836892198477,0.18983291776446812,0.15614404047154473,0.1729884791180064,0,0.0,6.609442943496655,1
layerwise_sample_limited,91,8,2,2.0,proportional,5,2.999266454425651,0.20119624146980541,0.20190558930027486,3.24514;2.45757;2.12782;1.58179;1.27746;0.235098;0.179976;0.140161,0.18,1000,1000,False,0.19712939221096687,0.01438956918551787,0.07411438898674744,0.08174040610867406,0.10000329221506045,0.5637710584416793,2,0.024396334359596608,4,2.200341281763981,3.96941931492525,0.1133870607031984,0.33200020694955223,0.07643961199621338,0.9075868324891294,0.44683785920441627,0.6772123458467728,permute,0.995,3.1666875088133493,4.422483876458428,1.525492385489491,1.9040030086645896,2.563894713425385,0.27835535216821233,0.2710195839623614,0.2746874680652869,0,0.0,10.027909778474495,2
layerwise_sample_limited,91,8,4,4.0,proportional,5,2.999266454425651,0.20119624146980541,0.20190558930027486,3.24514;2.45757;2.12782;1.58179;1.27746;0.235098;0.179976;0.140161,0.18,1000,1000,False,0.19712939221096687,0.01438956918551787,0.050329469921637775,0.0605479286901616,0.1128019613995364,0.6007656365851356,3,0.024396334359596608,4,2.200341281763981,3.96941931492525,0.1133870607031984,0.33200020694955223,0.07643961199621338,0.9075868324891294,0.44683785920441627,0.6772123458467728,permute,0.995,3.3859607832693337,5.566774906631267,1.734015763648229,2.4847702040402377,2.5713157091823344,0.5106662278792814,0.3694883675429376,0.4400772977111095,0,0.0,11.464707743704608,3
layerwise_sample_limited,91,8,8,8.0,proportional,5,2.999266454425651,0.20119624146980541,0.20190558930027486,3.24514;2.45757;2.12782;1.58179;1.27746;0.235098;0.179976;0.140161,0.18,1000,1000,False,0.19712939221096687,0.01438956918551787,0.03918124732137577,0.049202737994720976,0.1191950303568295,0.6280033505305557,3,0.024396334359596608,4,2.200341281763981,3.96941931492525,0.1133870607031984,0.33200020694955223,0.07643961199621338,0.9075868324891294,0.44683785920441627,0.6772123458467728,permute,0.995,3.507088284925839,6.206219772139589,1.7732826150780747,2.6484655663977525,2.6336479487559843,0.7626781746481045,0.474325287090147,0.6185017308691257,0,0.0,12.136377472532814,3
layerwise_sample_limited,91,8,16,16.0,proportional,5,2.999266454425651,0.20119624146980541,0.20190558930027486,3.24514;2.45757;2.12782;1.58179;1.27746;0.235098;0.179976;0.140161,0.18,1000,1000,False,0.19712939221096687,0.01438956918551787,0.03420214749895382,0.04338335537957761,0.12700094822115077,0.655376959190979,3,0.024396334359596608,4,2.200341281763981,3.96941931492525,0.1133870607031984,0.33200020694955223,0.07643961199621338,0.9075868324891294,0.44683785920441627,0.6772123458467728,permute,0.995,3.67851171694734,6.729524618290286,1.8671128317005707,2.8808166070059125,2.6920731833007934,0.7741305763675962,0.5061362564220909,0.6401334163948436,0,0.0,13.291552779453605,3
layerwise_sample_limited,91,8,32,32.0,proportional,5,2.999266454425651,0.20119624146980541,0.20190558930027486,3.24514;2.45757;2.12782;1.58179;1.27746;0.235098;0.179976;0.140161,0.18,1000,1000,False,0.19712939221096687,0.01438956918551787,0.02876325340355172,0.03779942907747831,0.13203786614676613,0.6831359419300214,4,0.024396334359596608,4,2.200341281763981,3.96941931492525,0.1133870607031984,0.33200020694955223,0.07643961199621338,0.9075868324891294,0.44683785920441627,0.6772123458467728,permute,0.995,3.7668359684226864,7.1957016551628525,1.9178360086670345,3.0869140534799304,2.7200129671038704,0.7816809097834403,0.526437592014353,0.6540592508988967,0,0.0,14.11103269629465,4
layerwise_sample_limited,91,9,1,1.0,proportional,6,2.0998654312005134,0.24684770087610663,0.055785590211602655,1.9146;1.57883;1.2405;1.07851;0.834441;0.595461;0.0237625;0.0206313,0.18,1000,1000,False,0.09387047765674827,0.014387871170303417,0.06557396340273947,0.06825718477310089,0.022065318847834168,0.18713469919361242,1,0.0219341778138774,3,1.6378198674623063,3.5591329684145583,0.0897957995666576,0.2762222274360195,0.07016539176066207,0.746871816997296,0.37818956172734636,0.5625306893623212,permute,0.995,1.0117851475425013,1.0117851475425022,0.9999999999990231,0.999999999999977,1.0117851475425013,0.1986190307726325,0.1562692707853302,0.17744415077898135,0,0.0,1.023709184787601,1
layerwise_sample_limited,91,9,2,2.0,proportional,6,2.0998654312005134,0.24684770087610663,0.055785590211602655,1.9146;1.57883;1.2405;1.07851;0.834441;0.595461;0.0237625;0.0206313,0.18,1000,1000,False,0.09387047765674827,0.014387871170303417,0.05619906563526331,0.05977822852034625,0.02798654872300458,0.22103114145759006,2,0.0219341778138774,3,1.6378198674623063,3.5591329684145583,0.0897957995666576,0.2762222274360195,0.07016539176066207,0.746871816997296,0.37818956172734636,0.5625306893623212,permute,0.995,1.2014816554847627,1.5133960235299082,1.1050531443538685,1.369033372561406,1.1429456049279005,0.30173150585242436,0.21597488888422164,0.258853197368323,0,0.0,1.4435581684664063,2
layerwise_sample_limited,91,9,4,4.0,proportional,6,2.0998654312005134,0.24684770087610663,0.055785590211602655,1.9146;1.57883;1.2405;1.07851;0.834441;0.595461;0.0237625;0.0206313,0.18,1000,1000,False,0.09387047765674827,0.014387871170303417,0.05309280995598947,0.056657493587550234,0.029708110035350104,0.22824318994121875,2,0.0219341778138774,3,1.6378198674623063,3.5591329684145583,0.0897957995666576,0.2762222274360195,0.07016539176066207,0.746871816997296,0.37818956172734636,0.5625306893623212,permute,0.995,1.2409331892960653,1.6630502865098327,1.2089174412214454,1.5869422310363734,1.1286260718654098,0.5036745563408255,0.2963485114153562,0.40001153387809085,0,0.0,1.5396242927335853,2
layerwise_sample_limited,91,9,8,8.0,proportional,6,2.0998654312005134,0.24684770087610663,0.055785590211602655,1.9146;1.57883;1.2405;1.07851;0.834441;0.595461;0.0237625;0.0206313,0.18,1000,1000,False,0.09387047765674827,0.014387871170303417,0.04678453695001134,0.0515948453349028,0.03223278904494326,0.24721397829049285,2,0.0219341778138774,3,1.6378198674623063,3.5591329684145583,0.0897957995666576,0.2762222274360195,0.07016539176066207,0.746871816997296,0.37818956172734636,0.5625306893623212,permute,0.995,1.3467732934556162,2.029228160437664,1.3293281402996266,1.8662971291386403,1.1680956229444308,0.72945146806441,0.3888262102384041,0.559138839151407,0,0.0,1.783656168701743,2
layerwise_sample_limited,91,9,16,16.0,proportional,6,2.0998654312005134,0.24684770087610663,0.055785590211602655,1.9146;1.57883;1.2405;1.07851;0.834441;0.595461;0.0237625;0.0206313,0.18,1000,1000,False,0.09387047765674827,0.014387871170303417,0.038602102678381045,0.044273222324754946,0.03504673961909543,0.26146617805908046,3,0.0219341778138774,3,1.6378198674623063,3.5591329684145583,0.0897957995666576,0.2762222274360195,0.07016539176066207,0.746871816997296,0.37818956172734636,0.5625306893623212,permute,0.995,1.4437310641290038,2.496312963286746,1.5548866286562522,2.497165389480642,1.1578090414178086,0.7517406572858103,0.4764917687462913,0.6141162130160508,0,0.0,2.067318795300038,3
layerwise_sample_limited,91,9,32,32.0,proportional,6,2.0998654312005134,0.24684770087610663,0.055785590211602655,1.9146;1.57883;1.2405;1.07851;0.834441;0.595461;0.0237625;0.0206313,0.18,1000,1000,False,0.09387047765674827,0.014387871170303417,0.034153061608347225,0.039918075070735116,0.03913928947022901,0.2939194653111709,3,0.0219341778138774,3,1.6378198674623063,3.5591329684145583,0.0897957995666576,0.2762222274360195,0.07016539176066207,0.746871816997296,0.37818956172734636,0.5625306893623212,permute,0.995,1.6207918564516512,2.9108756542175533,1.7722566757230818,2.7209545600978777,1.2174858866366587,0.7588820960069812,0.48827942698089133,0.6235807614939363,0,0.0,2.574288018356977,3
layerwise_sample_limited,91,10,1,1.0,proportional,4,2.3096162688432837,0.15320983850965747,0.18118435964145935,2.4055;1.9516;1.58772;1.56784;0.237074;0.22142;0.171774;0.144165,0.18,1000,1000,False,0.1325337959726974,0.014360321991459512,0.08726261412913792,0.0887592216600437,0.04021258879771744,0.3352495499940137,1,0.030135656834193125,3,1.7733446368216204,3.5265948970966137,0.10490309412112661,0.30433894265570927,0.07877560096331143,0.8966135360892749,0.43115382491373627,0.6638836805015056,permute,0.995,1.850581883617764,1.8505818836177654,0.999999999999708,0.9999999999992919,1.850581883617764,0.1731773109257141,0.16806943286256082,0.17062337189413745,0,0.0,3.4246533079742716,1
layerwise_sample_limited,91,10,2,2.0,proportional,4,2.3096162688432837,0.15320983850965747,0.18118435964145935,2.4055;1.9516;1.58772;1.56784;0.237074;0.22142;0.171774;0.144165,0.18,1000,1000,False,0.1325337959726974,0.014360321991459512,0.055591318389383165,0.05971054285937222,0.06369769941862431,0.42070060101028084,2,0.030135656834193125,3,1.7733446368216204,3.5265948970966137,0.10490309412112661,0.30433894265570927,0.07877560096331143,0.8966135360892749,0.43115382491373627,0.6638836805015056,permute,0.995,2.3088116365734104,3.2055819374412677,1.456286438792383,1.8621520572139894,1.9132208274262195,0.2903667316907581,0.2470902875680469,0.26872850962940253,0,0.0,5.3306111731767905,2
layerwise_sample_limited,91,10,4,4.0,proportional,4,2.3096162688432837,0.15320983850965747,0.18118435964145935,2.4055;1.9516;1.58772;1.56784;0.237074;0.22142;0.171774;0.144165,0.18,1000,1000,False,0.1325337959726974,0.014360321991459512,0.038905864284122064,0.04330295278731526,0.0759143822984163,0.46139847562398306,3,0.030135656834193125,3,1.7733446368216204,3.5265948970966137,0.10490309412112661,0.30433894265570927,0.07877560096331143,0.8966135360892749,0.43115382491373627,0.6638836805015056,permute,0.995,2.5773385669452913,4.175395185280522,1.6585039865349918,2.3804117898993304,2.00130468775926,0.4311373607074483,0.33185038503236564,0.381493872869907,0,0.0,6.642673796852508,3
layerwise_sample_limited,91,10,8,8.0,proportional,4,2.3096162688432837,0.15320983850965747,0.18118435964145935,2.4055;1.9516;1.58772;1.56784;0.237074;0.22142;0.171774;0.144165,0.18,1000,1000,False,0.1325337959726974,0.014360321991459512,0.03137709911278055,0.036702410069315065,0.07768817544610544,0.47003782670245403,3,0.030135656834193125,3,1.7733446368216204,3.5265948970966137,0.10490309412112661,0.30433894265570927,0.07877560096331143,0.8966135360892749,0.43115382491373627,0.6638836805015056,permute,0.995,2.6130225277655312,4.525201020411828,1.6514107807012885,2.497161384813672,2.0333661817094337,0.6649463002016962,0.40369731544340987,0.534321807822553,0,0.0,6.61458675985041,3
layerwise_sample_limited,91,10,16,16.0,proportional,4,2.3096162688432837,0.15320983850965747,0.18118435964145935,2.4055;1.9516;1.58772;1.56784;0.237074;0.22142;0.171774;0.144165,0.18,1000,1000,False,0.1325337959726974,0.014360321991459512,0.024969384399467314,0.030062041417954686,0.08684855692716133,0.5006368706011729,4,0.030135656834193125,3,1.7733446368216204,3.5265948970966137,0.10490309412112661,0.30433894265570927,0.07877560096331143,0.8966135360892749,0.43115382491373627,0.6638836805015056,permute,0.995,2.814500107004904,5.151781469486556,1.8322968620676503,2.9148555558990648,2.0792339156192585,0.799053690807385,0.47567031992458336,0.6373620053659842,0,0.0,7.921345375799473,4
layerwise_sample_limited,91,10,32,32.0,proportional,4,2.3096162688432837,0.15320983850965747,0.18118435964145935,2.4055;1.9516;1.58772;1.56784;0.237074;0.22142;0.171774;0.144165,0.18,1000,1000,False,0.1325337959726974,0.014360321991459512,0.024316315796157274,0.029358122050285627,0.08793373995863892,0.5081430406075604,4,0.030135656834193125,3,1.7733446368216204,3.5265948970966137,0.10490309412112661,0.30433894265570927,0.07877560096331143,0.8966135360892749,0.43115382491373627,0.6638836805015056,permute,0.995,2.845226612142972,5.234281447776008,1.8333327767473062,2.9311927917070904,2.101339434151629,0.7934626355640169,0.48533878386028306,0.6394007097121499,0,0.0,8.095160786174223,4
layerwise_sample_limited,91,11,1,1.0,proportional,8,2.237600133444423,0.07709799472809704,0.12468830714026212,1.96437;1.93938;1.77299;1.70891;1.67719;1.4709;1.46566;1.28926,0.18,1000,1000,False,0.19770414313989443,0.014319563628148754,0.1498482026526487,0.15294817951924897,0.043220822901621145,0.28147802799344745,1,0.029602271947361244,4,2.203817369261501,5.231209114299914,0.12926631726026303,0.4109447703307938,0.08707582047872914,0.997129565904866,0.4949288754679182,0.7460292206863921,permute,0.995,1.4921252062534056,1.4921252062534065,0.9999999999995508,0.9999999999994491,1.4921252062534056,0.1700019296844891,0.1551502643353913,0.1625760970099402,0,0.0,2.2264376311367684,1
layerwise_sample_limited,91,11,2,2.0,proportional,8,2.237600133444423,0.07709799472809704,0.12468830714026212,1.96437;1.93938;1.77299;1.70891;1.67719;1.4709;1.46566;1.28926,0.18,1000,1000,False,0.19770414313989443,0.014319563628148754,0.12217021884649992,0.12862075862136452,0.0630253525477854,0.36193495486320476,2,0.029602271947361244,4,2.203817369261501,5.231209114299914,0.12926631726026303,0.4109447703307938,0.08707582047872914,0.997129565904866,0.4949288754679182,0.7460292206863921,permute,0.995,1.9231993784594508,2.703117540185917,1.6394590854070177,1.9518296083842503,1.502014131041713,0.28543197143845184,0.2516472147568285,0.2685395930976402,0,0.0,3.6986958493068167,2
layerwise_sample_limited,91,11,4,4.0,proportional,8,2.237600133444423,0.07709799472809704,0.12468830714026212,1.96437;1.93938;1.77299;1.70891;1.67719;1.4709;1.46566;1.28926,0.18,1000,1000,False,0.19770414313989443,0.014319563628148754,0.0910689748583035,0.1017695418571703,0.08261936987631333,0.40927817704177916,3,0.029602271947361244,4,2.203817369261501,5.231209114299914,0.12926631726026303,0.4109447703307938,0.08707582047872914,0.997129565904866,0.4949288754679182,0.7460292206863921,permute,0.995,2.247070746700066,4.023117484766151,2.243586344288045,2.99333821233533,1.5001868418844524,0.5203470254177442,0.4099857317738411,0.4651663785957927,0,0.0,5.018955645761666,3
layerwise_sample_limited,91,11,8,8.0,proportional,8,2.237600133444423,0.07709799472809704,0.12468830714026212,1.96437;1.93938;1.77299;1.70891;1.67719;1.4709;1.46566;1.28926,0.18,1000,1000,False,0.19770414313989443,0.014319563628148754,0.07107327126173148,0.08221309456050635,0.09236143827645586,0.44814082170171743,4,0.029602271947361244,4,2.203817369261501,5.231209114299914,0.12926631726026303,0.4109447703307938,0.08707582047872914,0.997129565904866,0.4949288754679182,0.7460292206863921,permute,0.995,2.499916367627693,5.206418596528062,2.6514378849380726,3.659058597436859,1.5352699563388323,0.9968565338252329,0.6894684909662148,0.8431625123957238,0,0.0,6.118167223575173,4
layerwise_sample_limited,91,11,16,16.0,proportional,8,2.237600133444423,0.07709799472809704,0.12468830714026212,1.96437;1.93938;1.77299;1.70891;1.67719;1.4709;1.46566;1.28926,0.18,1000,1000,False,0.19770414313989443,0.014319563628148754,0.05866604991763164,0.07074669647145558,0.09857689714661423,0.47367630552179646,5,0.029602271947361244,4,2.203817369261501,5.231209114299914,0.12926631726026303,0.4109447703307938,0.08707582047872914,0.997129565904866,0.4949288754679182,0.7460292206863921,permute,0.995,2.6242411466936826,5.977995538053969,2.7920585243649603,4.277935232741306,1.5705128062463798,0.9973130517445004,0.7290164052229826,0.8631647284837415,0,0.0,6.7414760705579635,5
layerwise_sample_limited,91,11,32,32.0,proportional,8,2.237600133444423,0.07709799472809704,0.12468830714026212,1.96437;1.93938;1.77299;1.70891;1.67719;1.4709;1.46566;1.28926,0.18,1000,1000,False,0.19770414313989443,0.014319563628148754,0.04791193617376551,0.05987526287915892,0.10608185717312761,0.49449285439488644,6,0.029602271947361244,4,2.203817369261501,5.231209114299914,0.12926631726026303,0.4109447703307938,0.08707582047872914,0.997129565904866,0.4949288754679182,0.7460292206863921,permute,0.995,2.787718998805651,6.793957679627569,3.109288721339571,4.976194050999559,1.5809512166769693,0.99741139491546,0.7572342800722668,0.8773228374938634,0,0.0,7.656554131265638,6
layerwise_sample_limited,91,12,1,1.0,proportional,1,3.3662880449938593,0.2937304547449042,0.1301981818390985,3.59314;0.323161;0.241998;0.19484;0.138556;0.0989301;0.0827051;0.057115,0.18,1000,1000,False,0.11881340905680679,0.014463524987249753,0.016740142786051446,0.018876012504823396,0.09055044353800122,0.5880659285027555,1,0.018955185913186873,1,1.037886432440854,1.3244803100975442,0.08145870498726204,0.19704286446690045,0.07995812180510493,0.6362329324890673,0.30613339719479177,0.47118316484192957,permute,0.995,3.2295416182876626,3.2295416182876653,0.9999999999999041,0.9999999999990958,3.2295416182876626,0.18401074038234644,0.1718425659926818,0.1779266531875141,0,0.0,10.429939064252094,1
layerwise_sample_limited,91,12,2,2.0,proportional,1,3.3662880449938593,0.2937304547449042,0.1301981818390985,3.59314;0.323161;0.241998;0.19484;0.138556;0.0989301;0.0827051;0.057115,0.18,1000,1000,False,0.11881340905680679,0.014463524987249753,0.016875220895658165,0.019175057693810435,0.08964095538642579,0.582294947198364,1,0.018955185913186873,1,1.037886432440854,1.3244803100975442,0.08145870498726204,0.19704286446690045,0.07995812180510493,0.6362329324890673,0.30613339719479177,0.47118316484192957,permute,0.995,3.1978001503536633,3.1984730930505334,1.0000000442939079,1.0000007942969378,3.1978000795319765,0.2392107592874633,0.18210422771057705,0.2106574934990202,0,0.0,10.225925348654718,1
layerwise_sample_limited,91,12,4,4.0,proportional,1,3.3662880449938593,0.2937304547449042,0.1301981818390985,3.59314;0.323161;0.241998;0.19484;0.138556;0.0989301;0.0827051;0.057115,0.18,1000,1000,False,0.11881340905680679,0.014463524987249753,0.016540476453047175,0.01838400248457162,0.09209815570368476,0.6027405582357188,1,0.018955185913186873,1,1.037886432440854,1.3244803100975442,0.08145870498726204,0.19704286446690045,0.07995812180510493,0.6362329324890673,0.30613339719479177,0.47118316484192957,permute,0.995,3.27825536849646,3.2804321487044796,1.0000001679984347,1.0000029297501098,3.278255093125457,0.297266465999619,0.17353134393821965,0.2353989049689193,0,0.0,10.746956455602998,1
layerwise_sample_limited,91,12,8,8.0,proportional,1,3.3662880449938593,0.2937304547449042,0.1301981818390985,3.59314;0.323161;0.241998;0.19484;0.138556;0.0989301;0.0827051;0.057115,0.18,1000,1000,False,0.11881340905680679,0.014463524987249753,0.016442120665161195,0.018131873798412548,0.09293727401704135,0.5939536164643776,1,0.018955185913186873,1,1.037886432440854,1.3244803100975442,0.08145870498726204,0.19704286446690045,0.07995812180510493,0.6362329324890673,0.30613339719479177,0.47118316484192957,permute,0.995,3.3047022090919205,3.3091684360872553,1.0000003232812422,1.0000056516914886,3.304701674917781,0.35184828705246035,0.16713056100320625,0.2594894240278333,0,0.0,10.921053160204387,1
layerwise_sample_limited,91,12,16,16.0,proportional,1,3.3662880449938593,0.2937304547449042,0.1301981818390985,3.59314;0.323161;0.241998;0.19484;0.138556;0.0989301;0.0827051;0.057115,0.18,1000,1000,False,0.11881340905680679,0.014463524987249753,0.01636002325161173,0.017930400404941482,0.09352344887564391,0.6031033861542651,1,0.018955185913186873,1,1.037886432440854,1.3244803100975442,0.08145870498726204,0.19704286446690045,0.07995812180510493,0.6362329324890673,0.30613339719479177,0.47118316484192957,permute,0.995,3.3236736800793376,3.3337305147056555,1.0000008357672432,1.0000143388355383,3.323672291171263,0.5009568624788495,0.1993372285618886,0.35014704552036907,0,0.0,11.046797499099632,1
layerwise_sample_limited,91,12,32,32.0,proportional,1,3.3662880449938593,0.2937304547449042,0.1301981818390985,3.59314;0.323161;0.241998;0.19484;0.138556;0.0989301;0.0827051;0.057115,0.18,1000,1000,False,0.11881340905680679,0.014463524987249753,0.016325928954914345,0.017917224238509014,0.09374498427374853,0.602034821197444,1,0.018955185913186873,1,1.037886432440854,1.3244803100975442,0.08145870498726204,0.19704286446690045,0.07995812180510493,0.6362329324890673,0.30613339719479177,0.47118316484192957,permute,0.995,3.330665013349912,3.3495682742172197,1.0000019514865994,1.000032221706944,3.330661763480448,0.5139427438188539,0.209714452525331,0.36182859817209245,0,0.0,11.093307782710687,1
layerwise_sample_limited,91,13,1,1.0,proportional,4,3.2993624616090758,0.06220457316625423,0.1903378752739252,3.17367;2.98085;2.96454;2.96232;0.509777;0.496868;0.424995;0.392449,0.18,1000,1000,False,0.2765263895164133,0.014427209027244753,0.19969145808923183,0.1988318157658802,0.07177368505065457,0.48593100022616154,1,0.0301291836619576,4,2.2817104327894424,4.18569572815451,0.13793108573680948,0.3937197691248301,0.09131284848835267,0.9775912205970154,0.49091684387786944,0.7342540322374425,permute,0.995,2.6960316922878063,2.696031692287808,0.9999999999998624,0.9999999999991376,2.6960316922878063,0.1751921013125119,0.16969280316999477,0.17244245224125332,0,0.0,7.268586885820253,1
layerwise_sample_limited,91,13,2,2.0,proportional,4,3.2993624616090758,0.06220457316625423,0.1903378752739252,3.17367;2.98085;2.96454;2.96232;0.509777;0.496868;0.424995;0.392449,0.18,1000,1000,False,0.2765263895164133,0.014427209027244753,0.13481604590560167,0.13836937562670612,0.12350254311382015,0.6690346466124231,2,0.0301291836619576,4,2.2817104327894424,4.18569572815451,0.13793108573680948,0.3937197691248301,0.09131284848835267,0.9775912205970154,0.49091684387786944,0.7342540322374425,permute,0.995,3.7110090759584176,5.2445609233902575,1.862198965067107,1.994526628832961,2.719436836343775,0.2880216869149617,0.26214129236606676,0.27508148964051427,0,0.0,13.771588361845742,2
layerwise_sample_limited,91,13,4,4.0,proportional,4,3.2993624616090758,0.06220457316625423,0.1903378752739252,3.17367;2.98085;2.96454;2.96232;0.509777;0.496868;0.424995;0.392449,0.18,1000,1000,False,0.2765263895164133,0.014427209027244753,0.028901084292990334,0.03810359364158475,0.20196975108575818,0.8933092839994634,4,0.0301291836619576,4,2.2817104327894424,4.18569572815451,0.13793108573680948,0.3937197691248301,0.09131284848835267,0.9775912205970154,0.49091684387786944,0.7342540322374425,permute,0.995,4.933626964889713,9.809487571618128,3.1520848469224076,3.909329277931815,2.77886442824624,0.5200140164444625,0.4710324880645227,0.4955232522544926,0,0.0,24.340675028686885,4
layerwise_sample_limited,91,13,8,8.0,proportional,4,3.2993624616090758,0.06220457316625423,0.1903378752739252,3.17367;2.98085;2.96454;2.96232;0.509777;0.496868;0.424995;0.392449,0.18,1000,1000,False,0.2765263895164133,0.014427209027244753,0.025214271594986584,0.031646748383415385,0.21428933689366253,0.9330472307083638,4,0.0301291836619576,4,2.2817104327894424,4.18569572815451,0.13793108573680948,0.3937197691248301,0.09131284848835267,0.9775912205970154,0.49091684387786944,0.7342540322374425,permute,0.995,5.192094586821271,10.367907462823371,3.3723878118616986,3.9660738680066614,2.8273126745491988,0.859575734033141,0.5409846582947021,0.7002801961639216,0,0.0,26.957834552323465,4
layerwise_sample_limited,91,13,16,16.0,proportional,4,3.2993624616090758,0.06220457316625423,0.1903378752739252,3.17367;2.98085;2.96454;2.96232;0.509777;0.496868;0.424995;0.392449,0.18,1000,1000,False,0.2765263895164133,0.014427209027244753,0.024407557537166627,0.03022386381773681,0.21786050509831761,0.9428137732769725,4,0.0301291836619576,4,2.2817104327894424,4.18569572815451,0.13793108573680948,0.3937197691248301,0.09131284848835267,0.9775912205970154,0.49091684387786944,0.7342540322374425,permute,0.995,5.267723404474077,10.536408566806182,3.423296510746414,3.9722364240223005,2.847086777686539,0.909567327535515,0.5970504451213952,0.753308886328455,0,0.0,27.74880518770588,4
layerwise_sample_limited,91,13,32,32.0,proportional,4,3.2993624616090758,0.06220457316625423,0.1903378752739252,3.17367;2.98085;2.96454;2.96232;0.509777;0.496868;0.424995;0.392449,0.18,1000,1000,False,0.2765263895164133,0.014427209027244753,0.023596219566639334,0.028707480500875064,0.2211358735585034,0.9687425003169687,4,0.0301291836619576,4,2.2817104327894424,4.18569572815451,0.13793108573680948,0.3937197691248301,0.09131284848835267,0.9775912205970154,0.49091684387786944,0.7342540322374425,permute,0.995,5.340920749084066,10.704687778495785,3.486800903666213,3.979190016984448,2.8602405462322387,0.9436023107283429,0.6288225218052503,0.7862124162667966,0,0.0,28.525098525159063,4
layerwise_sample_limited,91,14,1,1.0,proportional,7,2.49411123534327,0.12574881039948116,0.23987057121217614,2.608;2.11982;2.10699;1.58487;1.48967;1.26859;1.09403;0.241429,0.18,1000,1000,False,0.20182544299672134,0.014409152063305992,0.15914015551236058,0.1651488670266226,0.032912697320613506,0.3016392522157063,1,0.02871454128945588,4,2.3858412966966154,4.3827798974653644,0.13702919590544346,0.4042089093050588,0.08871403514123372,0.9786225949341835,0.48051483043704496,0.7295687126856142,permute,0.995,1.6816325738041489,1.6816325738041502,0.9999999999996464,0.9999999999993536,1.6816325738041489,0.16667746921064586,0.16550407400701,0.16609077160882793,0,0.0,2.8278881132791662,1
layerwise_sample_limited,91,14,2,2.0,proportional,7,2.49411123534327,0.12574881039948116,0.23987057121217614,2.608;2.11982;2.10699;1.58487;1.48967;1.26859;1.09403;0.241429,0.18,1000,1000,False,0.20182544299672134,0.014409152063305992,0.096939745862553,0.10624653481399475,0.08669625641952798,0.4665696001184006,2,0.02871454128945588,4,2.3858412966966154,4.3827798974653644,0.13702919590544346,0.4042089093050588,0.08871403514123372,0.9786225949341835,0.48051483043704496,0.7295687126856142,permute,0.995,2.6190755828394217,3.672213255167011,1.5886329005113398,1.9333148522338068,2.0779555607148255,0.28481723487533755,0.2682514544372964,0.276534344656317,0,0.0,6.859556908625656,2
layerwise_sample_limited,91,14,4,4.0,proportional,7,2.49411123534327,0.12574881039948116,0.23987057121217614,2.608;2.11982;2.10699;1.58487;1.48967;1.26859;1.09403;0.241429,0.18,1000,1000,False,0.20182544299672134,0.014409152063305992,0.0666015098276669,0.07711493501893224,0.10674148646547339,0.5350203503788932,3,0.02871454128945588,4,2.3858412966966154,4.3827798974653644,0.13702919590544346,0.4042089093050588,0.08871403514123372,0.9786225949341835,0.48051483043704496,0.7295687126856142,permute,0.995,2.983048114651131,5.1844118676197155,1.8011947282743277,2.650379144759664,2.2226952669525586,0.5172386799126847,0.41582059422460377,0.46652963706864425,0,0.0,8.829301933947313,3
layerwise_sample_limited,91,14,8,8.0,proportional,7,2.49411123534327,0.12574881039948116,0.23987057121217614,2.608;2.11982;2.10699;1.58487;1.48967;1.26859;1.09403;0.241429,0.18,1000,1000,False,0.20182544299672134,0.014409152063305992,0.057070581835544365,0.06685364194703075,0.1141412475436435,0.5615549070836899,4,0.02871454128945588,4,2.3858412966966154,4.3827798974653644,0.13702919590544346,0.4042089093050588,0.08871403514123372,0.9786225949341835,0.48051483043704496,0.7295687126856142,permute,0.995,3.114731587034974,5.836787115793807,1.953265179957294,3.0372486388743125,2.228640523575323,0.8565855213528075,0.5593763196620033,0.7079809205074055,0,0.0,9.69374325697658,4
layerwise_sample_limited,91,14,16,16.0,proportional,7,2.49411123534327,0.12574881039948116,0.23987057121217614,2.608;2.11982;2.10699;1.58487;1.48967;1.26859;1.09403;0.241429,0.18,1000,1000,False,0.20182544299672134,0.014409152063305992,0.05014884173403237,0.06014872859538127,0.1157626380293611,0.5757819281234986,3,0.02871454128945588,4,2.3858412966966154,4.3827798974653644,0.13702919590544346,0.4042089093050588,0.08871403514123372,0.9786225949341835,0.48051483043704496,0.7295687126856142,permute,0.995,3.190686488869506,6.262402082528504,1.9918358449250853,3.1419241951216503,2.2607751011973245,0.9498763152621384,0.640238805707462,0.7950575604848003,0,0.0,9.796771667433044,3
layerwise_sample_limited,91,14,32,32.0,proportional,7,2.49411123534327,0.12574881039948116,0.23987057121217614,2.608;2.11982;2.10699;1.58487;1.48967;1.26859;1.09403;0.241429,0.18,1000,1000,False,0.20182544299672134,0.014409152063305992,0.039882200733318676,0.04901126666962424,0.12470606708388869,0.598084073954677,4,0.02871454128945588,4,2.3858412966966154,4.3827798974653644,0.13702919590544346,0.4042089093050588,0.08871403514123372,0.9786225949341835,0.48051483043704496,0.7295687126856142,permute,0.995,3.342834370643873,7.076131013784344,2.1623456023952525,3.6886886715408633,2.273276723782274,0.9431527803793445,0.6869154164891528,0.8150340984342486,0,0.0,10.801225771193554,4
layerwise_sample_limited,91,15,1,1.0,proportional,6,2.1775416434068595,0.1987103305699512,0.11674977189919769,2.35392;1.66572;1.5311;1.16137;0.910069;0.793379;0.0802473;0.0625036,0.18,1000,1000,False,0.11698995946200859,0.014354510471429712,0.0752561157274451,0.07694471477692852,0.03211716166052845,0.2933625647122422,1,0.018983926992644076,4,2.1179534647344567,4.751772765793789,0.08990237274519408,0.29284619397724354,0.06177502746574071,0.8090360016347965,0.3972559618975888,0.6031459817661926,permute,0.995,1.5863455850159085,1.5863455850159096,0.9999999999996025,0.9999999999993974,1.5863455850159085,0.19303461026454688,0.15425993211763445,0.17364727119109066,0,0.0,2.516492315099465,1
layerwise_sample_limited,91,15,2,2.0,proportional,6,2.1775416434068595,0.1987103305699512,0.11674977189919769,2.35392;1.66572;1.5311;1.16137;0.910069;0.793379;0.0802473;0.0625036,0.18,1000,1000,False,0.11698995946200859,0.014354510471429712,0.06277607660808167,0.06545955071997628,0.0428395249308846,0.3424626803809934,2,0.018983926992644076,4,2.1179534647344567,4.751772765793789,0.08990237274519408,0.29284619397724354,0.06177502746574071,0.8090360016347965,0.3972559618975888,0.6031459817661926,permute,0.995,1.9055580010427857,2.3300817885578957,1.0702160395489098,1.2739602228009277,1.8419865068112982,0.29808637592979387,0.23345471906889623,0.26577054749934503,0,0.0,3.6311512953381766,2
layerwise_sample_limited,91,15,4,4.0,proportional,6,2.1775416434068595,0.1987103305699512,0.11674977189919769,2.35392;1.66572;1.5311;1.16137;0.910069;0.793379;0.0802473;0.0625036,0.18,1000,1000,False,0.11698995946200859,0.014354510471429712,0.04719001771425119,0.05139860449838616,0.05025191559045602,0.3671429117113861,2,0.018983926992644076,4,2.1179534647344567,4.751772765793789,0.08990237274519408,0.29284619397724354,0.06177502746574071,0.8090360016347965,0.3972559618975888,0.6031459817661926,permute,0.995,2.0328028800010456,3.094098387411126,1.1610617708971542,1.6678273671992756,1.8865468919215036,0.5182734250721158,0.3681094275575968,0.4431914263148563,0,0.0,3.970891280481529,2
layerwise_sample_limited,91,15,8,8.0,proportional,6,2.1775416434068595,0.1987103305699512,0.11674977189919769,2.35392;1.66572;1.5311;1.16137;0.910069;0.793379;0.0802473;0.0625036,0.18,1000,1000,False,0.11698995946200859,0.014354510471429712,0.043074689629402974,0.047786188451103856,0.05334423542554829,0.38817932526778753,3,0.018983926992644076,4,2.1179534647344567,4.751772765793789,0.08990237274519408,0.29284619397724354,0.06177502746574071,0.8090360016347965,0.3972559618975888,0.6031459817661926,permute,0.995,2.1624664694004725,3.449527743518348,1.2525383228849496,1.9250272940711475,1.9322079777059786,0.7476808095173485,0.4606816014429811,0.6041812054801647,0,0.0,4.663932527642713,3
layerwise_sample_limited,91,15,16,16.0,proportional,6,2.1775416434068595,0.1987103305699512,0.11674977189919769,2.35392;1.66572;1.5311;1.16137;0.910069;0.793379;0.0802473;0.0625036,0.18,1000,1000,False,0.11698995946200859,0.014354510471429712,0.03894818760981556,0.04419148943565115,0.05673854291504077,0.4019568930207656,3,0.018983926992644076,4,2.1179534647344567,4.751772765793789,0.08990237274519408,0.29284619397724354,0.06177502746574071,0.8090360016347965,0.3972559618975888,0.6031459817661926,permute,0.995,2.183494820057681,3.7003324276290277,1.3147447423943157,2.160792785066326,1.9042827992525642,0.7631953776637527,0.48373363788471146,0.623464507774232,0,0.0,4.6585693718838845,3
layerwise_sample_limited,91,15,32,32.0,proportional,6,2.1775416434068595,0.1987103305699512,0.11674977189919769,2.35392;1.66572;1.5311;1.16137;0.910069;0.793379;0.0802473;0.0625036,0.18,1000,1000,False,0.11698995946200859,0.014354510471429712,0.03200696564248131,0.037404285649049185,0.06375191531319202,0.43602127570346283,3,0.018983926992644076,4,2.1179534647344567,4.751772765793789,0.08990237274519408,0.29284619397724354,0.06177502746574071,0.8090360016347965,0.3972559618975888,0.6031459817661926,permute,0.995,2.394888922393947,4.3677269852027765,1.463260302805726,2.539334570703975,1.9798148608729156,0.7851791170490138,0.5317311762082555,0.6584551466286346,0,0.0,5.544302888671813,3
layerwise_sample_limited,91,16,1,1.0,proportional,4,2.951427781775182,0.29359011694930554,0.19522142744456195,3.14333;2.13403;1.57989;1.17267;0.170112;0.131428;0.111277;0.0762929,0.18,1000,1000,False,0.151408514139632,0.014423351215578965,0.08421077506982566,0.08323748220297662,0.05963735826151018,0.4755625661975648,1,0.02316934385053987,4,1.969722714142818,3.267414505838389,0.11221858591883657,0.3068721222762691,0.07995805942137826,0.7672338773845258,0.3516537657090316,0.5594438215467787,permute,0.995,2.60049197595389,2.600491975953892,0.9999999999998521,0.9999999999991479,2.60049197595389,0.1693935131450417,0.15781875928038613,0.16360613621271392,0,0.0,6.762558517000567,1
layerwise_sample_limited,91,16,2,2.0,proportional,4,2.951427781775182,0.29359011694930554,0.19522142744456195,3.14333;2.13403;1.57989;1.17267;0.170112;0.131428;0.111277;0.0762929,0.18,1000,1000,False,0.151408514139632,0.014423351215578965,0.07628135027671971,0.07640300956383646,0.0618514113251128,0.4899790145368535,1,0.02316934385053987,4,1.969722714142818,3.267414505838389,0.11221858591883657,0.3068721222762691,0.07995805942137826,0.7672338773845258,0.3516537657090316,0.5594438215467787,permute,0.995,2.6639775110385924,2.8119056856470017,1.0032784678030042,1.02220892687276,2.6596213370500266,0.2948657440413386,0.21569638712249312,0.2552810655819159,0,0.0,7.073585656491773,1
layerwise_sample_limited,91,16,4,4.0,proportional,4,2.951427781775182,0.29359011694930554,0.19522142744456195,3.14333;2.13403;1.57989;1.17267;0.170112;0.131428;0.111277;0.0762929,0.18,1000,1000,False,0.151408514139632,0.014423351215578965,0.03196302958768537,0.03662361223200924,0.09799069826753282,0.6016667358562072,3,0.02316934385053987,4,1.969722714142818,3.267414505838389,0.11221858591883657,0.3068721222762691,0.07995805942137826,0.7672338773845258,0.3516537657090316,0.5594438215467787,permute,0.995,3.218346811492824,5.053743974010186,1.403990620139683,2.112234214657383,2.716131167101893,0.5110117752225406,0.3742026832107168,0.4426072292166287,0,0.0,10.357583279412559,3
layerwise_sample_limited,91,16,8,8.0,proportional,4,2.951427781775182,0.29359011694930554,0.19522142744456195,3.14333;2.13403;1.57989;1.17267;0.170112;0.131428;0.111277;0.0762929,0.18,1000,1000,False,0.151408514139632,0.014423351215578965,0.026330045532759448,0.03154486298673242,0.10170115731747084,0.5996456905967045,3,0.02316934385053987,4,1.969722714142818,3.267414505838389,0.11221858591883657,0.3068721222762691,0.07995805942137826,0.7672338773845258,0.3516537657090316,0.5594438215467787,permute,0.995,3.3223288614658086,5.444986791246833,1.4335378515171628,2.2132484819391625,2.774840577047232,0.565552736345261,0.4140988151922694,0.4898257757687652,0,0.0,10.996529153168936,3
layerwise_sample_limited,91,16,16,16.0,proportional,4,2.951427781775182,0.29359011694930554,0.19522142744456195,3.14333;2.13403;1.57989;1.17267;0.170112;0.131428;0.111277;0.0762929,0.18,1000,1000,False,0.151408514139632,0.014423351215578965,0.023337811188878673,0.028626097325047586,0.10548063037522727,0.6058855179763374,3,0.02316934385053987,4,1.969722714142818,3.267414505838389,0.11221858591883657,0.3068721222762691,0.07995805942137826,0.7672338773845258,0.3516537657090316,0.5594438215467787,permute,0.995,3.3942537512949142,5.72576375296133,1.4501998441750543,2.3099903150405483,2.8185800885246164,0.6502366035330743,0.4204209814913005,0.5353287925121875,0,0.0,11.387168200632658,3
layerwise_sample_limited,91,16,32,32.0,proportional,4,2.951427781775182,0.29359011694930554,0.19522142744456195,3.14333;2.13403;1.57989;1.17267;0.170112;0.131428;0.111277;0.0762929,0.18,1000,1000,False,0.151408514139632,0.014423351215578965,0.021738087781519772,0.026979029913295583,0.1077925847867621,0.626854696922865,3,0.02316934385053987,4,1.969722714142818,3.267414505838389,0.11221858591883657,0.3068721222762691,0.07995805942137826,0.7672338773845258,0.3516537657090316,0.5594438215467787,permute,0.995,3.437617800684571,5.91496871556261,1.4878104606184097,2.4114535871330434,2.818277708923771,0.6971676024402265,0.45423173335800104,0.5756996678991138,0,0.0,11.607820257570031,3
layerwise_sample_limited,91,17,1,1.0,proportional,3,2.9556152121718626,0.23440124873072304,0.16015597614351101,2.93498;2.65081;1.78269;0.228758;0.202;0.152486;0.111259;0.10414,0.18,1000,1000,False,0.1672779604410798,0.014374781674945677,0.08277574314548838,0.08919013228070063,0.0723445626255493,0.45852928311308544,1,0.02459988458081955,3,1.6023255189209806,2.7055147926743595,0.1139454164347109,0.29244986451707716,0.09001636785579685,0.7978912853186609,0.37794054988552156,0.5879159176020913,permute,0.995,2.5544637283283023,2.554463728328304,0.9999999999998468,0.9999999999991532,2.5544637283283023,0.16816282204200889,0.16367586351415608,0.16591934277808248,0,0.0,6.525284939344931,1
layerwise_sample_limited,91,17,2,2.0,proportional,3,2.9556152121718626,0.23440124873072304,0.16015597614351101,2.93498;2.65081;1.78269;0.228758;0.202;0.152486;0.111259;0.10414,0.18,1000,1000,False,0.1672779604410798,0.014374781674945677,0.04429545278921853,0.05059718791525699,0.10115763244076971,0.5455097404623521,2,0.02459988458081955,3,1.6023255189209806,2.7055147926743595,0.1139454164347109,0.29244986451707716,0.09001636785579685,0.7978912853186609,0.37794054988552156,0.5879159176020913,permute,0.995,3.042015960938749,4.2120378590672605,1.4301172795575354,1.8432015749569528,2.5437572323460294,0.27421058458316205,0.25973796738026267,0.26697427598171236,0,0.0,9.2538611066061,2
layerwise_sample_limited,91,17,4,4.0,proportional,3,2.9556152121718626,0.23440124873072304,0.16015597614351101,2.93498;2.65081;1.78269;0.228758;0.202;0.152486;0.111259;0.10414,0.18,1000,1000,False,0.1672779604410798,0.014374781674945677,0.026444830994777485,0.032900377735319224,0.11343608781635066,0.5870997741433069,3,0.02459988458081955,3,1.6023255189209806,2.7055147926743595,0.1139454164347109,0.29244986451707716,0.09001636785579685,0.7978912853186609,0.37794054988552156,0.5879159176020913,permute,0.995,3.2368546773338087,5.049782863544248,1.5722121615438158,2.1663174994485583,2.581473231269251,0.44318938723534756,0.32768646412219055,0.38543792567876906,0,0.0,10.47722771660708,3
layerwise_sample_limited,91,17,8,8.0,proportional,3,2.9556152121718626,0.23440124873072304,0.16015597614351101,2.93498;2.65081;1.78269;0.228758;0.202;0.152486;0.111259;0.10414,0.18,1000,1000,False,0.1672779604410798,0.014374781674945677,0.02107805705996756,0.02732748709079737,0.12203170263735738,0.6034415219563561,3,0.02459988458081955,3,1.6023255189209806,2.7055147926743595,0.1139454164347109,0.29244986451707716,0.09001636785579685,0.7978912853186609,0.37794054988552156,0.5879159176020913,permute,0.995,3.3895863246012685,5.539529416797252,1.6560463572457704,2.4318371195055177,2.6339677546254556,0.5862300694657819,0.36198790654782337,0.4741089880068027,0,0.0,11.489293538610111,3
layerwise_sample_limited,91,17,16,16.0,proportional,3,2.9556152121718626,0.23440124873072304,0.16015597614351101,2.93498;2.65081;1.78269;0.228758;0.202;0.152486;0.111259;0.10414,0.18,1000,1000,False,0.1672779604410798,0.014374781674945677,0.019796586372419597,0.025343566709306143,0.12539586639148864,0.6185797413252311,3,0.02459988458081955,3,1.6023255189209806,2.7055147926743595,0.1139454164347109,0.29244986451707716,0.09001636785579685,0.7978912853186609,0.37794054988552156,0.5879159176020913,permute,0.995,3.4822496096827726,5.732496893217868,1.7446124156954093,2.492121467037131,2.636394633572417,0.60160183843909,0.3769820802937748,0.4892919593664324,0,0.0,12.126055905566442,3
layerwise_sample_limited,91,17,32,32.0,proportional,3,2.9556152121718626,0.23440124873072304,0.16015597614351101,2.93498;2.65081;1.78269;0.228758;0.202;0.152486;0.111259;0.10414,0.18,1000,1000,False,0.1672779604410798,0.014374781674945677,0.01925349953422854,0.024568477600599593,0.12663260176606797,0.6477336114159598,3,0.02459988458081955,3,1.6023255189209806,2.7055147926743595,0.1139454164347109,0.29244986451707716,0.09001636785579685,0.7978912853186609,0.37794054988552156,0.5879159176020913,permute,0.995,3.5197180968312964,5.8266265400928345,1.762232540444217,2.5248638127082637,2.6514062330497787,0.6883008658285195,0.39492606073406766,0.5416134632812936,0,0.0,12.38840190504759,3
layerwise_sample_limited,91,18,1,1.0,proportional,6,2.9081511756503033,0.2143727110372774,0.11878248651064699,2.76991;2.33885;1.86829;1.55129;1.36758;1.02817;0.0885119;0.0790059,0.18,1000,1000,False,0.21277917277772715,0.014385660547518433,0.11755176113783831,0.12357342273745807,0.08448344367807634,0.42830189895774645,1,0.05509077554026579,2,1.2883561314093779,2.3313984212806385,0.17455141350781225,0.41568642352149543,0.1537819649246394,0.8232601026959615,0.40828885385763025,0.6157744782767959,permute,0.995,2.3396285911836516,2.3396285911836534,0.9999999999998173,0.9999999999991827,2.3396285911836516,0.16097455898226454,0.16822162562852347,0.16459809230539402,0,0.0,5.473861944683999,1
layerwise_sample_limited,91,18,2,2.0,proportional,6,2.9081511756503033,0.2143727110372774,0.11878248651064699,2.76991;2.33885;1.86829;1.55129;1.36758;1.02817;0.0885119;0.0790059,0.18,1000,1000,False,0.21277917277772715,0.014385660547518433,0.07199613773988585,0.07880808396232411,0.12265083460964789,0.5345811327996207,2,0.05509077554026579,2,1.2883561314093779,2.3313984212806385,0.17455141350781225,0.41568642352149543,0.1537819649246394,0.8232601026959615,0.40828885385763025,0.6157744782767959,permute,0.995,2.986281281416406,4.181242288186817,1.5642670118582478,1.9228972262099056,2.387675310431096,0.3016194310244308,0.27193224922578446,0.2867758401251076,0,0.0,8.917875891738014,2
layerwise_sample_limited,91,18,4,4.0,proportional,6,2.9081511756503033,0.2143727110372774,0.11878248651064699,2.76991;2.33885;1.86829;1.55129;1.36758;1.02817;0.0885119;0.0790059,0.18,1000,1000,False,0.21277917277772715,0.014385660547518433,0.05612873892334006,0.06475500462164814,0.13174207152827938,0.5744640280498541,2,0.05509077554026579,2,1.2883561314093779,2.3313984212806385,0.17455141350781225,0.41568642352149543,0.1537819649246394,0.8232601026959615,0.40828885385763025,0.6157744782767959,permute,0.995,3.1597856157282176,4.986643536463943,1.6900768443046366,2.164689090050518,2.430549061882612,0.5209374634814744,0.378380879067328,0.4496591712744012,0,0.0,9.749094313890843,2
layerwise_sample_limited,91,18,8,8.0,proportional,6,2.9081511756503033,0.2143727110372774,0.11878248651064699,2.76991;2.33885;1.86829;1.55129;1.36758;1.02817;0.0885119;0.0790059,0.18,1000,1000,False,0.21277917277772715,0.014385660547518433,0.048373441428954174,0.05724927544140048,0.13821373755224925,0.5865321940239987,2,0.05509077554026579,2,1.2883561314093779,2.3313984212806385,0.17455141350781225,0.41568642352149543,0.1537819649246394,0.8232601026959615,0.40828885385763025,0.6157744782767959,permute,0.995,3.2471621325266717,5.523654712806491,1.7632924050466228,2.4141501761121154,2.445354376786842,0.7589307202153246,0.4719446554423453,0.615437687828835,0,0.0,9.983679137426275,2
layerwise_sample_limited,91,18,16,16.0,proportional,6,2.9081511756503033,0.2143727110372774,0.11878248651064699,2.76991;2.33885;1.86829;1.55129;1.36758;1.02817;0.0885119;0.0790059,0.18,1000,1000,False,0.21277917277772715,0.014385660547518433,0.044709765338895875,0.05381766467412582,0.1391802836812976,0.5843904342311714,2,0.05509077554026579,2,1.2883561314093779,2.3313984212806385,0.17455141350781225,0.41568642352149543,0.1537819649246394,0.8232601026959615,0.40828885385763025,0.6157744782767959,permute,0.995,3.2731595100857365,5.7627645116013815,1.7802813651549825,2.484352139438323,2.4531428990770077,0.7842538482392205,0.5595182907384029,0.6718860694888117,0,0.0,10.064773305972736,2
layerwise_sample_limited,91,18,32,32.0,proportional,6,2.9081511756503033,0.2143727110372774,0.11878248651064699,2.76991;2.33885;1.86829;1.55129;1.36758;1.02817;0.0885119;0.0790059,0.18,1000,1000,False,0.21277917277772715,0.014385660547518433,0.037894411768027554,0.046509503793828545,0.1440559777641007,0.5968951178079738,3,0.05509077554026579,2,1.2883561314093779,2.3313984212806385,0.17455141350781225,0.41568642352149543,0.1537819649246394,0.8232601026959615,0.40828885385763025,0.6157744782767959,permute,0.995,3.3613051267537717,6.272479849029165,1.8519960432396916,2.7300978512544862,2.469948571741545,0.7825439498192984,0.5883858652008107,0.6854649075100545,0,0.0,10.85168898027171,3
layerwise_sample_limited,91,19,1,1.0,proportional,7,2.5940275731781255,0.20759023215426986,0.24513196448123292,2.62562;2.22694;1.61951;1.31573;1.09477;0.870278;0.786378;0.151707,0.18,1000,1000,False,0.17327632285872488,0.014410383265544767,0.10576996981674669,0.11348548087943533,0.05141243868445178,0.3560024471039134,1,0.030352827183014977,4,1.8849821177198838,4.261556586719232,0.1190764451727588,0.3611431234204542,0.0867305786176161,0.9654041345382025,0.45075276942437137,0.7080784519812869,permute,0.995,1.901487364546241,1.9014873645462422,0.9999999999997234,0.9999999999992766,1.901487364546241,0.1699691221547199,0.17186257019244555,0.17091584617358274,0,0.0,3.615654197529009,1
layerwise_sample_limited,91,19,2,2.0,proportional,7,2.5940275731781255,0.20759023215426986,0.24513196448123292,2.62562;2.22694;1.61951;1.31573;1.09477;0.870278;0.786378;0.151707,0.18,1000,1000,False,0.17327632285872488,0.014410383265544767,0.0799869598992796,0.08838469482822724,0.07138929362157156,0.4131652218938694,2,0.030352827183014977,4,1.8849821177198838,4.261556586719232,0.1190764451727588,0.3611431234204542,0.0867305786176161,0.9654041345382025,0.45075276942437137,0.7080784519812869,permute,0.995,2.267550275415228,3.012715520267545,1.2167288070772881,1.5976553082330196,2.055701390526083,0.3011752860318392,0.24784131202805548,0.27450829902994733,0,0.0,5.141784251535674,2
layerwise_sample_limited,91,19,4,4.0,proportional,7,2.5940275731781255,0.20759023215426986,0.24513196448123292,2.62562;2.22694;1.61951;1.31573;1.09477;0.870278;0.786378;0.151707,0.18,1000,1000,False,0.17327632285872488,0.014410383265544767,0.06402530800136708,0.07365155425852671,0.08190749762796284,0.4482533450563082,3,0.030352827183014977,4,1.8849821177198838,4.261556586719232,0.1190764451727588,0.3611431234204542,0.0867305786176161,0.9654041345382025,0.45075276942437137,0.7080784519812869,permute,0.995,2.4556564006451773,3.8298482317610874,1.2970924848904315,1.982594746543211,2.1561656748035727,0.512160769485129,0.3829742462603685,0.4475675078727488,0,0.0,6.028732540055318,3
layerwise_sample_limited,91,19,8,8.0,proportional,7,2.5940275731781255,0.20759023215426986,0.24513196448123292,2.62562;2.22694;1.61951;1.31573;1.09477;0.870278;0.786378;0.151707,0.18,1000,1000,False,0.17327632285872488,0.014410383265544767,0.042607438821654055,0.05081179931793909,0.09803275240391715,0.5006516391793999,4,0.030352827183014977,4,1.8849821177198838,4.261556586719232,0.1190764451727588,0.3611431234204542,0.0867305786176161,0.9654041345382025,0.45075276942437137,0.7080784519812869,permute,0.995,2.7763084494506556,5.141607756608359,1.6238809044023244,2.734811296690056,2.178665856933572,0.8575819201369496,0.5193314691161934,0.6884566946265716,0,0.0,7.675123499243323,4
layerwise_sample_limited,91,19,16,16.0,proportional,7,2.5940275731781255,0.20759023215426986,0.24513196448123292,2.62562;2.22694;1.61951;1.31573;1.09477;0.870278;0.786378;0.151707,0.18,1000,1000,False,0.17327632285872488,0.014410383265544767,0.037689765909434646,0.04561841381408353,0.10315013628455752,0.5325643983169753,4,0.030352827183014977,4,1.8849821177198838,4.261556586719232,0.1190764451727588,0.3611431234204542,0.0867305786176161,0.9654041345382025,0.45075276942437137,0.7080784519812869,permute,0.995,2.922629041411178,5.588343451773131,1.7302094370104117,2.910445952773908,2.2218992237273003,0.8711763348713188,0.5916546817193743,0.7314155082953466,0,0.0,8.479908641249816,4
layerwise_sample_limited,91,19,32,32.0,proportional,7,2.5940275731781255,0.20759023215426986,0.24513196448123292,2.62562;2.22694;1.61951;1.31573;1.09477;0.870278;0.786378;0.151707,0.18,1000,1000,False,0.17327632285872488,0.014410383265544767,0.03432463289166308,0.042250190435658995,0.10801337797556422,0.5484636577514446,4,0.030352827183014977,4,1.8849821177198838,4.261556586719232,0.1190764451727588,0.3611431234204542,0.0867305786176161,0.9654041345382025,0.45075276942437137,0.7080784519812869,permute,0.995,3.013073744796389,5.938061365148903,1.819528844815676,3.090277606031013,2.233728002909897,0.902025176315755,0.6125912440134379,0.7573082101645965,0,0.0,9.003991142824582,4
layerwise_sample_limited,91,20,1,1.0,proportional,3,2.9644033978404716,0.20807709220348253,0.12024046036935661,2.89605;2.13391;1.96662;0.185224;0.142505;0.129545;0.103776;0.0883287,0.18,1000,1000,False,0.14103991966913898,0.014453993547734884,0.08601605883923757,0.08696770662670537,0.046376353517812344,0.40894850017670054,1,0.024524411406756923,3,1.4876622753918425,2.476224535747089,0.11617191806806587,0.29125521298829044,0.0952464910223371,0.742578440829499,0.35894486205850984,0.5507616514440044,permute,0.995,2.2260074075552856,2.2260074075552874,0.9999999999997982,0.9999999999992017,2.2260074075552856,0.1630323629264417,0.1757680958961999,0.1694002294113208,0,0.0,4.955108978491003,1
layerwise_sample_limited,91,20,2,2.0,proportional,3,2.9644033978404716,0.20807709220348253,0.12024046036935661,2.89605;2.13391;1.96662;0.185224;0.142505;0.129545;0.103776;0.0883287,0.18,1000,1000,False,0.14103991966913898,0.014453993547734884,0.042908407665405705,0.04821770248804613,0.07775796584251736,0.5106613063077257,2,0.024524411406756923,3,1.4876622753918425,2.476224535747089,0.11617191806806587,0.29125521298829044,0.0952464910223371,0.742578440829499,0.35894486205850984,0.5507616514440044,permute,0.995,2.822908186059668,3.8863012566832156,1.3836512683548323,1.8046393486805046,2.399846313713127,0.28785305442617454,0.26231532747231384,0.2750841909492442,0,0.0,7.968810626922687,2
layerwise_sample_limited,91,20,4,4.0,proportional,3,2.9644033978404716,0.20807709220348253,0.12024046036935661,2.89605;2.13391;1.96662;0.185224;0.142505;0.129545;0.103776;0.0883287,0.18,1000,1000,False,0.14103991966913898,0.014453993547734884,0.02613045482502439,0.03168625539129334,0.08903100008800892,0.5598048826253265,3,0.024524411406756923,3,1.4876622753918425,2.476224535747089,0.11617191806806587,0.29125521298829044,0.0952464910223371,0.742578440829499,0.35894486205850984,0.5507616514440044,permute,0.995,3.1150438635257016,4.885017204094057,1.5463665496674466,2.1805603606940354,2.505001227958474,0.4340305999266876,0.35150126561833495,0.39276593277251126,0,0.0,9.703497986198578,3
layerwise_sample_limited,91,20,8,8.0,proportional,3,2.9644033978404716,0.20807709220348253,0.12024046036935661,2.89605;2.13391;1.96662;0.185224;0.142505;0.129545;0.103776;0.0883287,0.18,1000,1000,False,0.14103991966913898,0.014453993547734884,0.026968949620575777,0.03282385251376985,0.0875512622399612,0.5483494247892234,3,0.024524411406756923,3,1.4876622753918425,2.476224535747089,0.11617191806806587,0.29125521298829044,0.0952464910223371,0.742578440829499,0.35894486205850984,0.5507616514440044,permute,0.995,3.0740815387686795,4.808494626767994,1.5524625144728827,2.1693698409570996,2.4672026424788243,0.516137093391039,0.3494816575835869,0.4328093754873129,0,0.0,9.44997566928949,3
layerwise_sample_limited,91,20,16,16.0,proportional,3,2.9644033978404716,0.20807709220348253,0.12024046036935661,2.89605;2.13391;1.96662;0.185224;0.142505;0.129545;0.103776;0.0883287,0.18,1000,1000,False,0.14103991966913898,0.014453993547734884,0.020289169325398787,0.02531614930751058,0.0971593633685491,0.5871552416602942,3,0.024524411406756923,3,1.4876622753918425,2.476224535747089,0.11617191806806587,0.29125521298829044,0.0952464910223371,0.742578440829499,0.35894486205850984,0.5507616514440044,permute,0.995,3.2979477093010288,5.439096824135001,1.668215381478242,2.4883324297712783,2.5533932430445403,0.6480241455251392,0.38747493878080974,0.5177495421529745,0,0.0,10.876450417361669,3
layerwise_sample_limited,91,20,32,32.0,proportional,3,2.9644033978404716,0.20807709220348253,0.12024046036935661,2.89605;2.13391;1.96662;0.185224;0.142505;0.129545;0.103776;0.0883287,0.18,1000,1000,False,0.14103991966913898,0.014453993547734884,0.019992768801221878,0.024989558651784684,0.09786451923509844,0.5889835373182143,3,0.024524411406756923,3,1.4876622753918425,2.476224535747089,0.11617191806806587,0.29125521298829044,0.0952464910223371,0.742578440829499,0.35894486205850984,0.5507616514440044,permute,0.995,3.316861835207237,5.490397359703768,1.6858723451684425,2.5089605938593325,2.554553708203058,0.6419880931009905,0.4006510281482991,0.5213195606246448,0,0.0,11.001558397079982,3
layerwise_sample_limited,91,21,1,1.0,proportional,4,2.9455414514531006,0.2047051215254937,0.23790582323049664,2.92819;2.32167;1.92991;1.50268;0.325652;0.249809;0.232316;0.167266,0.18,1000,1000,False,0.17229832566867345,0.014428024528796773,0.09796555464315533,0.10461344555154989,0.05998334468695191,0.4484743659262061,1,0.02456637139405102,4,1.6937543146710416,3.2379114704461434,0.11778825523600604,0.32328322083190675,0.09050587709189417,0.8935248583652945,0.4198961707424925,0.6567105145538935,permute,0.995,2.378946244044677,2.3789462440446787,0.9999999999998233,0.9999999999991768,2.378946244044677,0.17075834205031368,0.16097896162563793,0.1658686518379758,0,0.0,5.659385232054276,1
layerwise_sample_limited,91,21,2,2.0,proportional,4,2.9455414514531006,0.2047051215254937,0.23790582323049664,2.92819;2.32167;1.92991;1.50268;0.325652;0.249809;0.232316;0.167266,0.18,1000,1000,False,0.17229832566867345,0.014428024528796773,0.06712786382235068,0.07544515475955742,0.08141064859468304,0.5061254411856991,2,0.02456637139405102,4,1.6937543146710416,3.2379114704461434,0.11778825523600604,0.32328322083190675,0.09050587709189417,0.8935248583652945,0.4198961707424925,0.6567105145538935,permute,0.995,2.7474793013739265,3.5939303319942577,1.1743218733676215,1.5219642526820343,2.5353671215281217,0.288499067472617,0.23587917827846352,0.26218912287554025,0,0.0,7.5486425114781595,2
layerwise_sample_limited,91,21,4,4.0,proportional,4,2.9455414514531006,0.2047051215254937,0.23790582323049664,2.92819;2.32167;1.92991;1.50268;0.325652;0.249809;0.232316;0.167266,0.18,1000,1000,False,0.17229832566867345,0.014428024528796773,0.03911493138053266,0.04780302515879543,0.10384660417885537,0.5744624578207617,3,0.02456637139405102,4,1.6937543146710416,3.2379114704461434,0.11778825523600604,0.32328322083190675,0.09050587709189417,0.8935248583652945,0.4198961707424925,0.6567105145538935,permute,0.995,3.1590095093492176,5.095465359962764,1.527073739553631,2.3115043140885194,2.5563536157940834,0.509823291478057,0.3653506674710727,0.4375869794745649,0,0.0,9.979314176702804,3
layerwise_sample_limited,91,21,8,8.0,proportional,4,2.9455414514531006,0.2047051215254937,0.23790582323049664,2.92819;2.32167;1.92991;1.50268;0.325652;0.249809;0.232316;0.167266,0.18,1000,1000,False,0.17229832566867345,0.014428024528796773,0.03368459649863758,0.04172140617704377,0.1096262222967527,0.5895264996078243,3,0.02456637139405102,4,1.6937543146710416,3.2379114704461434,0.11778825523600604,0.32328322083190675,0.09050587709189417,0.8935248583652945,0.4198961707424925,0.6567105145538935,permute,0.995,3.2962746666986154,5.513701429192252,1.6067049427309916,2.4603806397185166,2.6004908371376647,0.7116923332122612,0.40993387706200163,0.5608131051371315,0,0.0,10.852980531213818,3
layerwise_sample_limited,91,21,16,16.0,proportional,4,2.9455414514531006,0.2047051215254937,0.23790582323049664,2.92819;2.32167;1.92991;1.50268;0.325652;0.249809;0.232316;0.167266,0.18,1000,1000,False,0.17229832566867345,0.014428024528796773,0.025806817874613714,0.03365214632531855,0.11610730009243271,0.608837091458741,3,0.02456637139405102,4,1.6937543146710416,3.2379114704461434,0.11778825523600604,0.32328322083190675,0.09050587709189417,0.8935248583652945,0.4198961707424925,0.6567105145538935,permute,0.995,3.395237082947887,6.069371655656489,1.6736106406378195,2.722545635140254,2.6244777271060595,0.7394529648484192,0.4433883830839488,0.591420673966184,0,0.0,11.209169009070479,3
layerwise_sample_limited,91,21,32,32.0,proportional,4,2.9455414514531006,0.2047051215254937,0.23790582323049664,2.92819;2.32167;1.92991;1.50268;0.325652;0.249809;0.232316;0.167266,0.18,1000,1000,False,0.17229832566867345,0.014428024528796773,0.0231521667056811,0.030018168332013026,0.1214102541555599,0.632983243503246,4,0.02456637139405102,4,1.6937543146710416,3.2379114704461434,0.11778825523600604,0.32328322083190675,0.09050587709189417,0.8935248583652945,0.4198961707424925,0.6567105145538935,permute,0.995,3.5237595742320775,6.437579396421561,1.7674968181775754,2.899228553518288,2.6504947513582047,0.7684785443951511,0.49247652585868273,0.630477535126917,0,0.0,12.416864305913318,4
layerwise_sample_limited,91,22,1,1.0,proportional,3,3.0305841159174287,0.09364500093308441,0.05416042278718958,3.24512;2.84383;2.37449;0.130108;0.107679;0.103426;0.0951075;0.0887798,0.18,1000,1000,False,0.2079195259920934,0.01441452762482119,0.11410641764310335,0.11322870677155034,0.08648219539677333,0.4692102631588224,1,0.02392726320641651,3,1.8375843991335539,2.992947034165828,0.1136590403458164,0.2954202968356684,0.08384561166475225,0.6432794994731769,0.32624523698691843,0.48476236823004765,permute,0.995,2.5912800203295348,2.5912800203295365,0.999999999999851,0.999999999999149,2.5912800203295348,0.17585246232479995,0.17286457879772257,0.17435852056126128,0,0.0,6.714732143759034,1
layerwise_sample_limited,91,22,2,2.0,proportional,3,3.0305841159174287,0.09364500093308441,0.05416042278718958,3.24512;2.84383;2.37449;0.130108;0.107679;0.103426;0.0951075;0.0887798,0.18,1000,1000,False,0.2079195259920934,0.01441452762482119,0.0533045675435114,0.056487859221502436,0.13821483982621663,0.6823688669698671,2,0.02392726320641651,3,1.8375843991335539,2.992947034165828,0.1136590403458164,0.2954202968356684,0.08384561166475225,0.6432794994731769,0.32624523698691843,0.48476236823004765,permute,0.995,3.7641279095280114,5.2985243554372925,1.678183435062092,1.9633376775033577,2.9056590836151948,0.2835791028635209,0.28738260199063953,0.2854808524270802,0,0.0,14.168658919287717,2
layerwise_sample_limited,91,22,4,4.0,proportional,3,3.0305841159174287,0.09364500093308441,0.05416042278718958,3.24512;2.84383;2.37449;0.130108;0.107679;0.103426;0.0951075;0.0887798,0.18,1000,1000,False,0.2079195259920934,0.01441452762482119,0.021586881391006157,0.029050319087465422,0.15609405228706896,0.709018627877556,3,0.02392726320641651,3,1.8375843991335539,2.992947034165828,0.1136590403458164,0.2954202968356684,0.08384561166475225,0.6432794994731769,0.32624523698691843,0.48476236823004765,permute,0.995,3.8935885276269,6.528754102019978,1.9051645566116393,2.6599787621776025,2.8208747726873806,0.42585574461798953,0.3615662245853364,0.393710984601663,0,0.0,15.160031328818935,3
layerwise_sample_limited,91,22,8,8.0,proportional,3,3.0305841159174287,0.09364500093308441,0.05416042278718958,3.24512;2.84383;2.37449;0.130108;0.107679;0.103426;0.0951075;0.0887798,0.18,1000,1000,False,0.2079195259920934,0.01441452762482119,0.018522277646584654,0.024194942646089394,0.1658653228659764,0.738653032282498,3,0.02392726320641651,3,1.8375843991335539,2.992947034165828,0.1136590403458164,0.2954202968356684,0.08384561166475225,0.6432794994731769,0.32624523698691843,0.48476236823004765,permute,0.995,4.165042390741032,7.034722116854998,1.9854614111046547,2.725641947763175,2.9558929424376936,0.4867511125028817,0.3706516670620036,0.42870138978244265,0,0.0,17.347576596671196,3
layerwise_sample_limited,91,22,16,16.0,proportional,3,3.0305841159174287,0.09364500093308441,0.05416042278718958,3.24512;2.84383;2.37449;0.130108;0.107679;0.103426;0.0951075;0.0887798,0.18,1000,1000,False,0.2079195259920934,0.01441452762482119,0.01816167810149098,0.023606920606144242,0.1663189608897752,0.7398102795935569,3,0.02392726320641651,3,1.8375843991335539,2.992947034165828,0.1136590403458164,0.2954202968356684,0.08384561166475225,0.6432794994731769,0.32624523698691843,0.48476236823004765,permute,0.995,4.18341126626685,7.0928651834394545,2.021921201273625,2.7563427653392383,2.9420391564174753,0.5178728614479823,0.39207583744852564,0.454974349448254,0,0.0,17.500924062902236,3
layerwise_sample_limited,91,22,32,32.0,proportional,3,3.0305841159174287,0.09364500093308441,0.05416042278718958,3.24512;2.84383;2.37449;0.130108;0.107679;0.103426;0.0951075;0.0887798,0.18,1000,1000,False,0.2079195259920934,0.01441452762482119,0.017399890049849386,0.022235664503593724,0.16902320810703556,0.7573795724004921,3,0.02392726320641651,3,1.8375843991335539,2.992947034165828,0.1136590403458164,0.2954202968356684,0.08384561166475225,0.6432794994731769,0.32624523698691843,0.48476236823004765,permute,0.995,4.263264084018447,7.2572693777009,2.0511680454870005,2.787124245583548,2.9767448736127933,0.5376908483213104,0.39889276390388356,0.468291806112597,0,0.0,18.17541143465161,3
layerwise_sample_limited,91,23,1,1.0,proportional,8,2.0533275084332616,0.18630944792736082,0.07886068434071665,2.00924;1.59826;1.44536;1.23483;1.02764;0.825348;0.682271;0.565707,0.18,1000,1000,False,0.13394590094316672,0.014359640944329278,0.08693191881478642,0.09187701614208132,0.03738983491807282,0.24982423096684986,1,0.03011561986606363,3,1.7209211803593905,3.7777446295121884,0.1176862567741293,0.3499882951573956,0.08971090951007832,0.9918230153634611,0.4683804909556902,0.7301017531595756,permute,0.995,1.3510731331909984,1.3510731331909995,0.9999999999994521,0.999999999999548,1.3510731331909984,0.17112467137001086,0.15873973170189548,0.16493220153595317,0,0.0,1.8253986112305414,1
layerwise_sample_limited,91,23,2,2.0,proportional,8,2.0533275084332616,0.18630944792736082,0.07886068434071665,2.00924;1.59826;1.44536;1.23483;1.02764;0.825348;0.682271;0.565707,0.18,1000,1000,False,0.13394590094316672,0.014359640944329278,0.06609124393849347,0.07200809621394717,0.0528452720525066,0.28097800477498885,2,0.03011561986606363,3,1.7209211803593905,3.7777446295121884,0.1176862567741293,0.3499882951573956,0.08971090951007832,0.9918230153634611,0.4683804909556902,0.7301017531595756,permute,0.995,1.5587977848755616,2.157458064560383,1.426445059190553,1.8403901265259406,1.3051554927090077,0.2960396684636404,0.2504280445634742,0.27323385651355725,0,0.0,2.4298505341329575,2
layerwise_sample_limited,91,23,4,4.0,proportional,8,2.0533275084332616,0.18630944792736082,0.07886068434071665,2.00924;1.59826;1.44536;1.23483;1.02764;0.825348;0.682271;0.565707,0.18,1000,1000,False,0.13394590094316672,0.014359640944329278,0.05863791113519957,0.06458549188060936,0.05654967048963627,0.30183712101120935,2,0.03011561986606363,3,1.7209211803593905,3.7777446295121884,0.1176862567741293,0.3499882951573956,0.08971090951007832,0.9918230153634611,0.4683804909556902,0.7301017531595756,permute,0.995,1.685005656306274,2.5714955808683375,1.5721923428615434,2.026313394931224,1.3438429729073054,0.5188241212500041,0.36337579595636216,0.44109995860318313,0,0.0,2.810978550726599,2
layerwise_sample_limited,91,23,8,8.0,proportional,8,2.0533275084332616,0.18630944792736082,0.07886068434071665,2.00924;1.59826;1.44536;1.23483;1.02764;0.825348;0.682271;0.565707,0.18,1000,1000,False,0.13394590094316672,0.014359640944329278,0.04521552633594731,0.051881936746786886,0.06609846633993449,0.3436022097124634,3,0.03011561986606363,3,1.7209211803593905,3.7777446295121884,0.1176862567741293,0.3499882951573956,0.08971090951007832,0.9918230153634611,0.4683804909556902,0.7301017531595756,permute,0.995,1.8945067825581676,3.3932626991727064,1.908301348998632,2.837015139525897,1.3714269696578807,0.9558280661275336,0.49632917508092145,0.7260786206042276,0,0.0,3.5591454226695434,3
layerwise_sample_limited,91,23,16,16.0,proportional,8,2.0533275084332616,0.18630944792736082,0.07886068434071665,2.00924;1.59826;1.44536;1.23483;1.02764;0.825348;0.682271;0.565707,0.18,1000,1000,False,0.13394590094316672,0.014359640944329278,0.04194390455473155,0.048900076143504875,0.06772546424809808,0.35577950693719873,3,0.03011561986606363,3,1.7209211803593905,3.7777446295121884,0.1176862567741293,0.3499882951573956,0.08971090951007832,0.9918230153634611,0.4683804909556902,0.7301017531595756,permute,0.995,1.9312943860917788,3.6172122699269833,1.9367638932927944,3.0045138731656404,1.387746491626216,0.9757479538848666,0.5324670753016592,0.7541075145932629,0,0.0,3.6297891439885865,3
layerwise_sample_limited,91,23,32,32.0,proportional,8,2.0533275084332616,0.18630944792736082,0.07886068434071665,2.00924;1.59826;1.44536;1.23483;1.02764;0.825348;0.682271;0.565707,0.18,1000,1000,False,0.13394590094316672,0.014359640944329278,0.03725630827571699,0.04416662759202021,0.07137347904950457,0.3726951705409206,4,0.03011561986606363,3,1.7209211803593905,3.7777446295121884,0.1176862567741293,0.3499882951573956,0.08971090951007832,0.9918230153634611,0.4683804909556902,0.7301017531595756,permute,0.995,2.042588798945828,4.023507092776531,2.0631436153620397,3.275243310716979,1.4220544178549779,0.9883350027196178,0.6082108582865421,0.79827293050308,0,0.0,4.145560686051034,4
layerwise_sample_limited,91,24,1,1.0,proportional,3,2.5005125073585344,0.09929408553969597,0.23940489433645423,2.58464;2.28059;2.1913;0.419179;0.414992;0.403737;0.32169;0.302108,0.18,1000,1000,False,0.17610231079545882,0.014457791741283029,0.11732364930173415,0.12077152943264771,0.05135196520540289,0.37341356537261705,1,0.03528692065282459,3,1.7078690414168796,2.918366538607834,0.1479361192075795,0.37284293586116296,0.11320013340060012,0.9685763448230749,0.45379579798883357,0.7111860714059542,permute,0.995,2.053179062278551,2.0531790622785526,0.9999999999997627,0.9999999999992373,2.053179062278551,0.17249054439048678,0.17745009172695472,0.17497031805872076,0,0.0,4.215544261779029,1
layerwise_sample_limited,91,24,2,2.0,proportional,3,2.5005125073585344,0.09929408553969597,0.23940489433645423,2.58464;2.28059;2.1913;0.419179;0.414992;0.403737;0.32169;0.302108,0.18,1000,1000,False,0.17610231079545882,0.014457791741283029,0.06362639220076756,0.06876623228845147,0.09441863014711764,0.48410137263637054,2,0.03528692065282459,3,1.7078690414168796,2.918366538607834,0.1479361192075795,0.37284293586116296,0.11320013340060012,0.9685763448230749,0.45379579798883357,0.7111860714059542,permute,0.995,2.6872573400155475,3.7870288580158724,1.7141490773072972,1.972255114414088,2.052508494533895,0.2927338135033327,0.2778345929834746,0.28528420324340364,0,0.0,7.221352011467436,2
layerwise_sample_limited,91,24,4,4.0,proportional,3,2.5005125073585344,0.09929408553969597,0.23940489433645423,2.58464;2.28059;2.1913;0.419179;0.414992;0.403737;0.32169;0.302108,0.18,1000,1000,False,0.17610231079545882,0.014457791741283029,0.024625275781578308,0.030755563851554247,0.12470987798538888,0.5899529045758576,3,0.03528692065282459,3,1.7078690414168796,2.918366538607834,0.1479361192075795,0.37284293586116296,0.11320013340060012,0.9685763448230749,0.45379579798883357,0.7111860714059542,permute,0.995,3.2541149214817158,5.560268441553113,2.18262784474173,2.8440726688174145,2.20263755972637,0.5054434168517667,0.36743549678954934,0.43643945682065804,0,0.0,10.589261079887189,3
layerwise_sample_limited,91,24,8,8.0,proportional,3,2.5005125073585344,0.09929408553969597,0.23940489433645423,2.58464;2.28059;2.1913;0.419179;0.414992;0.403737;0.32169;0.302108,0.18,1000,1000,False,0.17610231079545882,0.014457791741283029,0.023288821824566788,0.02833891286805148,0.12864168192542091,0.6059184996313954,3,0.03528692065282459,3,1.7078690414168796,2.918366538607834,0.1479361192075795,0.37284293586116296,0.11320013340060012,0.9685763448230749,0.45379579798883357,0.7111860714059542,permute,0.995,3.360413576100944,5.762442797493808,2.2221370452403755,2.867927851638526,2.2542771598342974,0.7016259378062525,0.39511393543473833,0.5483699366204954,0,0.0,11.292326741688072,3
layerwise_sample_limited,91,24,16,16.0,proportional,3,2.5005125073585344,0.09929408553969597,0.23940489433645423,2.58464;2.28059;2.1913;0.419179;0.414992;0.403737;0.32169;0.302108,0.18,1000,1000,False,0.17610231079545882,0.014457791741283029,0.02261602415828513,0.02741997335362486,0.12956598813618408,0.6081133578660932,3,0.03528692065282459,3,1.7078690414168796,2.918366538607834,0.1479361192075795,0.37284293586116296,0.11320013340060012,0.9685763448230749,0.45379579798883357,0.7111860714059542,permute,0.995,3.3812863538842457,5.839504867908154,2.2651600979389213,2.890096867232385,2.246634896738931,0.9116359999603606,0.472668930473159,0.6921524652167598,0,0.0,11.432172077708566,3
layerwise_sample_limited,91,24,32,32.0,proportional,3,2.5005125073585344,0.09929408553969597,0.23940489433645423,2.58464;2.28059;2.1913;0.419179;0.414992;0.403737;0.32169;0.302108,0.18,1000,1000,False,0.17610231079545882,0.014457791741283029,0.02222753541409068,0.026702359827966347,0.13115136992908558,0.6144344425237938,3,0.03528692065282459,3,1.7078690414168796,2.918366538607834,0.1479361192075795,0.37284293586116296,0.11320013340060012,0.9685763448230749,0.45379579798883357,0.7111860714059542,permute,0.995,3.4319502575912573,5.937254402931803,2.257239012404611,2.891908492054821,2.284295113615074,0.9395790480720565,0.4935451868134464,0.7165621174427514,0,0.0,11.777282642155123,3
layerwise_sample_limited,91,25,1,1.0,proportional,3,1.726659594171182,0.18566209284659546,0.06639819703995534,1.81339;1.41821;1.15032;0.0730628;0.0580061;0.0434881;0.0375732;0.032198,0.18,1000,1000,False,0.06874442287007039,0.014437812263804948,0.04549250776325245,0.05025158090119816,0.0155608988763915,0.1641920269506989,1,0.0192570953797937,3,1.683742097380373,3.083710115972614,0.07055807353816672,0.2146715622305283,0.05437620941238613,0.46723634395013164,0.20832357185644446,0.3377799579032881,permute,0.995,0.8340233174617543,0.8340233174617548,0.9999999999985624,1.0000000000004376,0.8340233174617543,0.18185634235351564,0.16522117486925267,0.17353875861138415,0,0.0,0.6955948940699102,1
layerwise_sample_limited,91,25,2,2.0,proportional,3,1.726659594171182,0.18566209284659546,0.06639819703995534,1.81339;1.41821;1.15032;0.0730628;0.0580061;0.0434881;0.0375732;0.032198,0.18,1000,1000,False,0.06874442287007039,0.014437812263804948,0.04422019842219935,0.048780442152802694,0.016849146668044532,0.18012410856351807,1,0.0192570953797937,3,1.683742097380373,3.083710115972614,0.07055807353816672,0.2146715622305283,0.05437620941238613,0.46723634395013164,0.20832357185644446,0.3377799579032881,permute,0.995,0.9224240493276096,0.9470083020907138,1.0007304412541622,1.006019514902591,0.9220873454828972,0.2881725720595294,0.1975594015584979,0.24286598680901367,0,0.0,0.8502450726996957,1
layerwise_sample_limited,91,25,4,4.0,proportional,3,1.726659594171182,0.18566209284659546,0.06639819703995534,1.81339;1.41821;1.15032;0.0730628;0.0580061;0.0434881;0.0375732;0.032198,0.18,1000,1000,False,0.06874442287007039,0.014437812263804948,0.032429040203469504,0.03736920800087847,0.0227280129671804,0.2067752390509293,2,0.0192570953797937,3,1.683742097380373,3.083710115972614,0.07055807353816672,0.2146715622305283,0.05437620941238613,0.46723634395013164,0.20832357185644446,0.3377799579032881,permute,0.995,1.0851642702628965,1.4992068228008182,1.3048037379026407,1.728602575141573,0.9499984349304131,0.404031020620632,0.2625290122526668,0.3332800164366494,0,0.0,1.1769643198186484,2
layerwise_sample_limited,91,25,8,8.0,proportional,3,1.726659594171182,0.18566209284659546,0.06639819703995534,1.81339;1.41821;1.15032;0.0730628;0.0580061;0.0434881;0.0375732;0.032198,0.18,1000,1000,False,0.06874442287007039,0.014437812263804948,0.027889079023377162,0.032764391332503535,0.02652757307879584,0.22528846207631614,2,0.0192570953797937,3,1.683742097380373,3.083710115972614,0.07055807353816672,0.2146715622305283,0.05437620941238613,0.46723634395013164,0.20832357185644446,0.3377799579032881,permute,0.995,1.193680054529606,1.7760078206923358,1.592710966858993,2.0120454564072086,0.9458438665841238,0.4226711643277069,0.2676783996600307,0.3451747819938688,0,0.0,1.4133143768909548,2
layerwise_sample_limited,91,25,16,16.0,proportional,3,1.726659594171182,0.18566209284659546,0.06639819703995534,1.81339;1.41821;1.15032;0.0730628;0.0580061;0.0434881;0.0375732;0.032198,0.18,1000,1000,False,0.06874442287007039,0.014437812263804948,0.024286854738032798,0.028970162258392766,0.030399253485356492,0.2524447867680282,2,0.0192570953797937,3,1.683742097380373,3.083710115972614,0.07055807353816672,0.2146715622305283,0.05437620941238613,0.46723634395013164,0.20832357185644446,0.3377799579032881,permute,0.995,1.3685286537813808,2.1284700827008267,1.695491684150707,2.172965052536392,1.0510080995854807,0.42409215297105957,0.2863385793332648,0.3552153661521622,0,0.0,1.8225955430392935,2
layerwise_sample_limited,91,25,32,32.0,proportional,3,1.726659594171182,0.18566209284659546,0.06639819703995534,1.81339;1.41821;1.15032;0.0730628;0.0580061;0.0434881;0.0375732;0.032198,0.18,1000,1000,False,0.06874442287007039,0.014437812263804948,0.02278023279666004,0.02740874387360397,0.03206357346326245,0.26719920792187574,3,0.0192570953797937,3,1.683742097380373,3.083710115972614,0.07055807353816672,0.2146715622305283,0.05437620941238613,0.46723634395013164,0.20832357185644446,0.3377799579032881,permute,0.995,1.422982084706404,2.2698690622662525,1.8951144036103686,2.295657726203761,1.0336695338209267,0.43418005907550133,0.30114179571509836,0.3676609273952999,0,0.0,2.0248692892854687,3
layerwise_sample_limited,91,26,1,1.0,proportional,3,2.0484803753667524,0.23387686815119424,0.1577480523972499,1.82702;1.62673;1.26375;0.152624;0.127687;0.102309;0.0786739;0.0648699,0.18,1000,1000,False,0.07839106501513274,0.01443664467694509,0.05527622310542534,0.05548996844617355,0.01960197022345964,0.22995343030672336,1,0.024985353022191382,3,1.6756605705595164,2.8772599398579866,0.09398588241912988,0.2566901886594686,0.07260551295390126,0.6528457622371678,0.2965223793455777,0.47468407079137276,permute,0.995,1.2504371833999604,1.2504371833999612,0.9999999999993604,0.9999999999996396,1.2504371833999604,0.17390565065262945,0.15612495427054282,0.16501530246158613,0,0.0,1.5635931496292261,1
layerwise_sample_limited,91,26,2,2.0,proportional,3,2.0484803753667524,0.23387686815119424,0.1577480523972499,1.82702;1.62673;1.26375;0.152624;0.127687;0.102309;0.0786739;0.0648699,0.18,1000,1000,False,0.07839106501513274,0.01443664467694509,0.03811569893400309,0.03992195566085217,0.032840301882451704,0.26576960816770223,2,0.024985353022191382,3,1.6756605705595164,2.8772599398579866,0.09398588241912988,0.2566901886594686,0.07260551295390126,0.6528457622371678,0.2965223793455777,0.47468407079137276,permute,0.995,1.4504736184946572,1.9315010245046944,1.2239152717385058,1.6093611889547288,1.3110949881873506,0.28597841386259226,0.21964248317868354,0.2528104485206379,0,0.0,2.1038737179489844,2
layerwise_sample_limited,91,26,4,4.0,proportional,3,2.0484803753667524,0.23387686815119424,0.1577480523972499,1.82702;1.62673;1.26375;0.152624;0.127687;0.102309;0.0786739;0.0648699,0.18,1000,1000,False,0.07839106501513274,0.01443664467694509,0.029132405102319875,0.03277805055644866,0.03634220476113906,0.29140798529551815,2,0.024985353022191382,3,1.6756605705595164,2.8772599398579866,0.09398588241912988,0.2566901886594686,0.07260551295390126,0.6528457622371678,0.2965223793455777,0.47468407079137276,permute,0.995,1.614630664691631,2.4096947581083477,1.4286223425240405,1.953536280833943,1.3508728625808233,0.4192093740373479,0.29194305036772644,0.3555762122025372,0,0.0,2.5686336590270096,2
layerwise_sample_limited,91,26,8,8.0,proportional,3,2.0484803753667524,0.23387686815119424,0.1577480523972499,1.82702;1.62673;1.26375;0.152624;0.127687;0.102309;0.0786739;0.0648699,0.18,1000,1000,False,0.07839106501513274,0.01443664467694509,0.021992652539254042,0.026456323823560883,0.041102773821269485,0.3151946776536378,3,0.024985353022191382,3,1.6756605705595164,2.8772599398579866,0.09398588241912988,0.2566901886594686,0.07260551295390126,0.6528457622371678,0.2965223793455777,0.47468407079137276,permute,0.995,1.7123596194188317,2.8276478197897044,1.6320419480051456,2.4928076379092174,1.3403842598125313,0.4625786490532159,0.301756280471865,0.38216746476254043,0,0.0,2.932174074408844,3
layerwise_sample_limited,91,26,16,16.0,proportional,3,2.0484803753667524,0.23387686815119424,0.1577480523972499,1.82702;1.62673;1.26375;0.152624;0.127687;0.102309;0.0786739;0.0648699,0.18,1000,1000,False,0.07839106501513274,0.01443664467694509,0.021314312660266153,0.02554709952172266,0.04251647532512818,0.3202027229497757,3,0.024985353022191382,3,1.6756605705595164,2.8772599398579866,0.09398588241912988,0.2566901886594686,0.07260551295390126,0.6528457622371678,0.2965223793455777,0.47468407079137276,permute,0.995,1.7908624563884463,2.9524050975339113,1.646900053450033,2.475478251622721,1.3954960456547087,0.5084611730155979,0.3237949065923517,0.41612803980397484,0,0.0,3.207184028042289,3
layerwise_sample_limited,91,26,32,32.0,proportional,3,2.0484803753667524,0.23387686815119424,0.1577480523972499,1.82702;1.62673;1.26375;0.152624;0.127687;0.102309;0.0786739;0.0648699,0.18,1000,1000,False,0.07839106501513274,0.01443664467694509,0.018627343163990565,0.022434216346602708,0.04673223011496656,0.3524099752413639,3,0.024985353022191382,3,1.6756605705595164,2.8772599398579866,0.09398588241912988,0.2566901886594686,0.07260551295390126,0.6528457622371678,0.2965223793455777,0.47468407079137276,permute,0.995,1.9370767226357222,3.2784860180550814,1.8477940892212046,2.6968074833080737,1.425016967869678,0.5199905246101337,0.34392282027447263,0.4319566724423032,0,0.0,3.7522559780597344,3
layerwise_sample_limited,91,27,1,1.0,proportional,3,1.7549005419557235,0.20585774433921056,0.21329609607219108,1.67313;1.33745;1.06793;0.205053;0.17001;0.134314;0.111438;0.0889361,0.18,1000,1000,False,0.06157744237924277,0.014439515329107184,0.046676482211089394,0.04709934035786363,0.010279050697999266,0.14117784451321594,1,0.012816319675992473,3,1.926703140403899,3.6294736544306527,0.06406464083066614,0.21334181010716202,0.0461541750677749,0.7075619328710336,0.36508003385816507,0.5363209833645993,permute,0.995,0.7528914165413012,0.7528914165413018,0.9999999999982359,1.000000000000764,0.7528914165413012,0.16386952779705252,0.1335474574011545,0.14870849259910351,0,0.0,0.5668454851015671,1
layerwise_sample_limited,91,27,2,2.0,proportional,3,1.7549005419557235,0.20585774433921056,0.21329609607219108,1.67313;1.33745;1.06793;0.205053;0.17001;0.134314;0.111438;0.0889361,0.18,1000,1000,False,0.06157744237924277,0.014439515329107184,0.034227607289197964,0.035494672603257324,0.017026208778283137,0.1862984434451161,2,0.012816319675992473,3,1.926703140403899,3.6294736544306527,0.06406464083066614,0.21334181010716202,0.0461541750677749,0.7075619328710336,0.36508003385816507,0.5363209833645993,permute,0.995,1.014847490773862,1.368838544016764,1.2711538659371187,1.67919317033263,0.9001227139570882,0.28587104419135884,0.2155243618773107,0.25069770303433475,0,0.0,1.029915429530004,2
layerwise_sample_limited,91,27,4,4.0,proportional,3,1.7549005419557235,0.20585774433921056,0.21329609607219108,1.67313;1.33745;1.06793;0.205053;0.17001;0.134314;0.111438;0.0889361,0.18,1000,1000,False,0.06157744237924277,0.014439515329107184,0.028995082470023487,0.03094480224873299,0.0214697746594768,0.21977471227924864,2,0.012816319675992473,3,1.926703140403899,3.6294736544306527,0.06406464083066614,0.21334181010716202,0.0461541750677749,0.7075619328710336,0.36508003385816507,0.5363209833645993,permute,0.995,1.1903044966054954,1.7187726430156487,1.5133674491683073,1.9261298370681559,0.9675777656017127,0.4322928554881709,0.2815487126904788,0.35692078408932487,0,0.0,1.4132172128386913,2
layerwise_sample_limited,91,27,8,8.0,proportional,3,1.7549005419557235,0.20585774433921056,0.21329609607219108,1.67313;1.33745;1.06793;0.205053;0.17001;0.134314;0.111438;0.0889361,0.18,1000,1000,False,0.06157744237924277,0.014439515329107184,0.028189868717185665,0.030136179759768636,0.02211367594446761,0.22517234159020663,2,0.012816319675992473,3,1.926703140403899,3.6294736544306527,0.06406464083066614,0.21334181010716202,0.0461541750677749,0.7075619328710336,0.36508003385816507,0.5363209833645993,permute,0.995,1.2277889966304054,1.7885477428722933,1.4752044875352164,1.9201748152457019,1.010875391995727,0.5192445414134127,0.2917395990471451,0.4054920702302789,0,0.0,1.5005927727060828,2
layerwise_sample_limited,91,27,16,16.0,proportional,3,1.7549005419557235,0.20585774433921056,0.21329609607219108,1.67313;1.33745;1.06793;0.205053;0.17001;0.134314;0.111438;0.0889361,0.18,1000,1000,False,0.06157744237924277,0.014439515329107184,0.02327651161145097,0.025587368877272823,0.026911084451002473,0.24736365488065978,3,0.012816319675992473,3,1.926703140403899,3.6294736544306527,0.06406464083066614,0.21334181010716202,0.0461541750677749,0.7075619328710336,0.36508003385816507,0.5363209833645993,permute,0.995,1.3975878660169971,2.1948938751655382,1.694317199923213,2.2082159112413433,1.0736970542462423,0.6043429273772116,0.31578717916850874,0.4600650532728602,0,0.0,1.9532403916536532,3
layerwise_sample_limited,91,27,32,32.0,proportional,3,1.7549005419557235,0.20585774433921056,0.21329609607219108,1.67313;1.33745;1.06793;0.205053;0.17001;0.134314;0.111438;0.0889361,0.18,1000,1000,False,0.06157744237924277,0.014439515329107184,0.022890120172224762,0.025148878783401916,0.028126963875329224,0.2699148899276455,2,0.012816319675992473,3,1.926703140403899,3.6294736544306527,0.06406464083066614,0.21334181010716202,0.0461541750677749,0.7075619328710336,0.36508003385816507,0.5363209833645993,permute,0.995,1.456743867672868,2.2695607082440494,1.7541288908987707,2.1723535234796127,1.0998980897411248,0.6097221448225166,0.3306072600225241,0.4701647024225204,0,0.0,2.0712806408893196,2
layerwise_sample_limited,91,28,1,1.0,proportional,6,2.623920842312261,0.261285488962346,0.21815941203331318,2.48783;2.01292;1.60222;1.20854;0.929765;0.725812;0.109112;0.0852951,0.18,1000,1000,False,0.14123617393521437,0.014379835719715527,0.08169143435373076,0.08213192781221768,0.05389188382828224,0.37109944211856233,1,0.02782393263794248,3,1.4264815740660317,2.967379098071844,0.11950586743811886,0.33012502139192945,0.10005899706906106,0.824565436391185,0.41782062738259046,0.6211930318868877,permute,0.995,2.0604861216027146,2.0604861216027164,0.9999999999997644,0.9999999999992355,2.0604861216027146,0.16554551079269214,0.16566712412868456,0.16560631746068835,0,0.0,4.245603057317397,1
layerwise_sample_limited,91,28,2,2.0,proportional,6,2.623920842312261,0.261285488962346,0.21815941203331318,2.48783;2.01292;1.60222;1.20854;0.929765;0.725812;0.109112;0.0852951,0.18,1000,1000,False,0.14123617393521437,0.014379835719715527,0.07366083643542293,0.0750521082790162,0.056513635200858614,0.3802209914320476,1,0.02782393263794248,3,1.4264815740660317,2.967379098071844,0.11950586743811886,0.33012502139192945,0.10005899706906106,0.824565436391185,0.41782062738259046,0.6211930318868877,permute,0.995,2.1184066645981727,2.361902906569865,1.0152275499694072,1.080991797876685,2.1024594908468326,0.2781814680512912,0.20895215812635262,0.2435668130888219,0,0.0,4.420335910651922,1
layerwise_sample_limited,91,28,4,4.0,proportional,6,2.623920842312261,0.261285488962346,0.21815941203331318,2.48783;2.01292;1.60222;1.20854;0.929765;0.725812;0.109112;0.0852951,0.18,1000,1000,False,0.14123617393521437,0.014379835719715527,0.047291723522935925,0.05148855618055333,0.07384102161272414,0.4311770369632037,3,0.02782393263794248,3,1.4264815740660317,2.967379098071844,0.11950586743811886,0.33012502139192945,0.10005899706906106,0.824565436391185,0.41782062738259046,0.6211930318868877,permute,0.995,2.413331527274282,3.7576779607396804,1.2885679450708738,1.9388174787623553,2.1260003159777905,0.5159068302189856,0.39583503513835133,0.4558709326786685,0,0.0,5.817907144387294,3
layerwise_sample_limited,91,28,8,8.0,proportional,6,2.623920842312261,0.261285488962346,0.21815941203331318,2.48783;2.01292;1.60222;1.20854;0.929765;0.725812;0.109112;0.0852951,0.18,1000,1000,False,0.14123617393521437,0.014379835719715527,0.04498926215826466,0.04890312328245982,0.07606305546446937,0.45131980854781734,3,0.02782393263794248,3,1.4264815740660317,2.967379098071844,0.11950586743811886,0.33012502139192945,0.10005899706906106,0.824565436391185,0.41782062738259046,0.6211930318868877,permute,0.995,2.4914228019165217,3.9567336393645345,1.3237316260622884,2.011300978194875,2.1654465197308417,0.745760623604291,0.4662442056380158,0.6060024146211533,0,0.0,6.196265858029772,3
layerwise_sample_limited,91,28,16,16.0,proportional,6,2.623920842312261,0.261285488962346,0.21815941203331318,2.48783;2.01292;1.60222;1.20854;0.929765;0.725812;0.109112;0.0852951,0.18,1000,1000,False,0.14123617393521437,0.014379835719715527,0.038454246048408046,0.04259759736640114,0.08080094210611137,0.47468224778118373,3,0.02782393263794248,3,1.4264815740660317,2.967379098071844,0.11950586743811886,0.33012502139192945,0.10005899706906106,0.824565436391185,0.41782062738259046,0.6211930318868877,permute,0.995,2.6137125132303383,4.449195185378746,1.4384724004029774,2.2931163766577867,2.1792499779489116,0.7521615023757615,0.5045279150983929,0.6283447087370773,0,0.0,6.762981561922908,3
layerwise_sample_limited,91,28,32,32.0,proportional,6,2.623920842312261,0.261285488962346,0.21815941203331318,2.48783;2.01292;1.60222;1.20854;0.929765;0.725812;0.109112;0.0852951,0.18,1000,1000,False,0.14123617393521437,0.014379835719715527,0.03228205215969638,0.03701864173643027,0.08457360037708918,0.4799822463888102,3,0.02782393263794248,3,1.4264815740660317,2.967379098071844,0.11950586743811886,0.33012502139192945,0.10005899706906106,0.824565436391185,0.41782062738259046,0.6211930318868877,permute,0.995,2.7010172968176653,4.914495092988643,1.5325645351906851,2.5778054500213576,2.181815283491367,0.7606247484285009,0.5425385406682712,0.6515816445483861,0,0.0,7.103626356543558,3
layerwise_sample_limited,91,29,1,1.0,proportional,7,2.0722578396953177,0.15665254137827428,0.1429289276206005,1.99643;1.84871;1.56054;1.32575;1.09239;0.922648;0.829491;0.113718,0.18,1000,1000,False,0.14096163704261333,0.014360717827231577,0.11407477163755747,0.11552437761984886,0.02323749970477357,0.2481363223402486,1,0.03154854539859268,4,2.3866880757110183,4.545601402568077,0.12237692928475849,0.3707455809061896,0.07921395912037037,0.9256212572844815,0.4373799633054199,0.6815006102949507,permute,0.995,1.0262867178724302,1.0262867178724309,0.9999999999990505,0.9999999999999494,1.0262867178724302,0.15890100364677473,0.14153307234385917,0.15021703799531694,0,0.0,1.0532644272813652,1
layerwise_sample_limited,91,29,2,2.0,proportional,7,2.0722578396953177,0.15665254137827428,0.1429289276206005,1.99643;1.84871;1.56054;1.32575;1.09239;0.922648;0.829491;0.113718,0.18,1000,1000,False,0.14096163704261333,0.014360717827231577,0.0825311295254046,0.08575986686290944,0.04919213613918808,0.29635250689947257,2,0.03154854539859268,4,2.3866880757110183,4.545601402568077,0.12237692928475849,0.3707455809061896,0.07921395912037037,0.9256212572844815,0.4373799633054199,0.6815006102949507,permute,0.995,1.5724604730499399,2.2217407744258564,1.841850870922489,1.992631851561033,1.1586506390500755,0.2720845995933234,0.2394206078084891,0.25575260370090624,0,0.0,2.4726319393044407,2
layerwise_sample_limited,91,29,4,4.0,proportional,7,2.0722578396953177,0.15665254137827428,0.1429289276206005,1.99643;1.84871;1.56054;1.32575;1.09239;0.922648;0.829491;0.113718,0.18,1000,1000,False,0.14096163704261333,0.014360717827231577,0.060079348281503915,0.06455493610935147,0.05825242976923258,0.3197148868284692,3,0.03154854539859268,4,2.3866880757110183,4.545601402568077,0.12237692928475849,0.3707455809061896,0.07921395912037037,0.9256212572844815,0.4373799633054199,0.6815006102949507,permute,0.995,1.7580186402961386,3.15743973444866,2.0715845866841223,2.8660475040331357,1.2214400050516199,0.5115627092266425,0.3916183778639763,0.45159054354530936,0,0.0,3.0323886261419526,3
layerwise_sample_limited,91,29,8,8.0,proportional,7,2.0722578396953177,0.15665254137827428,0.1429289276206005,1.99643;1.84871;1.56054;1.32575;1.09239;0.922648;0.829491;0.113718,0.18,1000,1000,False,0.14096163704261333,0.014360717827231577,0.040159880798135324,0.04637346347766063,0.07615039565252159,0.40673523393580124,4,0.03154854539859268,4,2.3866880757110183,4.545601402568077,0.12237692928475849,0.3707455809061896,0.07921395912037037,0.9256212572844815,0.4373799633054199,0.6815006102949507,permute,0.995,2.216819243508042,4.522012629425669,3.0986123298593475,3.8717490408901685,1.2593506203276008,0.8714231049119209,0.561339247152726,0.7163811760323234,0,0.0,4.903167270850788,4
layerwise_sample_limited,91,29,16,16.0,proportional,7,2.0722578396953177,0.15665254137827428,0.1429289276206005,1.99643;1.84871;1.56054;1.32575;1.09239;0.922648;0.829491;0.113718,0.18,1000,1000,False,0.14096163704261333,0.014360717827231577,0.037079312510573635,0.04354672572565856,0.0777104556350378,0.4097602381395852,4,0.03154854539859268,4,2.3866880757110183,4.545601402568077,0.12237692928475849,0.3707455809061896,0.07921395912037037,0.9256212572844815,0.4373799633054199,0.6815006102949507,permute,0.995,2.255987865003163,4.739902430668582,3.204723741831636,4.000681477622691,1.2602057601059178,0.8889829787405867,0.5989464249670513,0.743964701853819,0,0.0,5.047252234686198,4
layerwise_sample_limited,91,29,32,32.0,proportional,7,2.0722578396953177,0.15665254137827428,0.1429289276206005,1.99643;1.84871;1.56054;1.32575;1.09239;0.922648;0.829491;0.113718,0.18,1000,1000,False,0.14096163704261333,0.014360717827231577,0.03222248135044876,0.038625630750815904,0.0819672608551974,0.41951593599679654,4,0.03154854539859268,4,2.3866880757110183,4.545601402568077,0.12237692928475849,0.3707455809061896,0.07921395912037037,0.9256212572844815,0.4373799633054199,0.6815006102949507,permute,0.995,2.3727742442268194,5.185296798573435,3.3023601450077065,4.251438037021489,1.3057024001009765,0.8768438241780274,0.6169918000766078,0.7469178121273177,0,0.0,5.4931000478629235,4
layerwise_sample_limited,91,30,1,1.0,proportional,4,2.310466391921537,0.06959217663677035,0.19825900532305935,2.41987;2.29558;2.18272;1.7676;0.337779;0.331036;0.301583;0.283497,0.18,1000,1000,False,0.17129572128915424,0.014392135810370904,0.12140507303638949,0.11641962790282752,0.05150829205437809,0.3659138558365694,1,0.04345220904115266,3,1.5593620892986564,3.0133993109109616,0.14550196733278006,0.37857176267524983,0.11651863268759446,0.9607525538802488,0.4538566208707622,0.7073045873755055,permute,0.995,1.9729217467962743,1.9729217467962756,0.9999999999997431,0.9999999999992568,1.9729217467962743,0.1692240715999582,0.17932756655239193,0.17427581907617506,0,0.0,3.892420218981662,1
layerwise_sample_limited,91,30,2,2.0,proportional,4,2.310466391921537,0.06959217663677035,0.19825900532305935,2.41987;2.29558;2.18272;1.7676;0.337779;0.331036;0.301583;0.283497,0.18,1000,1000,False,0.17129572128915424,0.014392135810370904,0.08415928193589696,0.08685015846004308,0.07491220438216765,0.4253310978820346,2,0.04345220904115266,3,1.5593620892986564,3.0133993109109616,0.14550196733278006,0.37857176267524983,0.11651863268759446,0.9607525538802488,0.4538566208707622,0.7073045873755055,permute,0.995,2.3586074497082214,3.2626818781880944,1.4217236810980742,1.836718333628069,1.978099199767553,0.2853663219531999,0.25057478543669487,0.2679705536949474,0,0.0,5.563029101819119,2
layerwise_sample_limited,91,30,4,4.0,proportional,4,2.310466391921537,0.06959217663677035,0.19825900532305935,2.41987;2.29558;2.18272;1.7676;0.337779;0.331036;0.301583;0.283497,0.18,1000,1000,False,0.17129572128915424,0.014392135810370904,0.0357533487086539,0.04307578116468323,0.10808708236133964,0.5597196665977439,3,0.04345220904115266,3,1.5593620892986564,3.0133993109109616,0.14550196733278006,0.37857176267524983,0.11651863268759446,0.9607525538802488,0.4538566208707622,0.7073045873755055,permute,0.995,3.1642186144400024,5.71517111245132,2.519618395577826,3.0754065105062534,1.9934213064215172,0.5169519365153253,0.42580597331823977,0.47137895491678256,0,0.0,9.940759344473406,3
layerwise_sample_limited,91,30,8,8.0,proportional,4,2.310466391921537,0.06959217663677035,0.19825900532305935,2.41987;2.29558;2.18272;1.7676;0.337779;0.331036;0.301583;0.283497,0.18,1000,1000,False,0.17129572128915424,0.014392135810370904,0.027036073566652136,0.03385542841363841,0.11533979325382941,0.5908797028878854,4,0.04345220904115266,3,1.5593620892986564,3.0133993109109616,0.14550196733278006,0.37857176267524983,0.11651863268759446,0.9607525538802488,0.4538566208707622,0.7073045873755055,permute,0.995,3.2760846219228776,6.270433685324536,2.6824134397359454,3.455266132082433,2.0002867259835413,0.7271461968368581,0.4761823077906508,0.6016642523137544,0,0.0,10.732722197503689,4
layerwise_sample_limited,91,30,16,16.0,proportional,4,2.310466391921537,0.06959217663677035,0.19825900532305935,2.41987;2.29558;2.18272;1.7676;0.337779;0.331036;0.301583;0.283497,0.18,1000,1000,False,0.17129572128915424,0.014392135810370904,0.02480130309166601,0.03115446506960259,0.11943541626306656,0.6033133843356786,4,0.04345220904115266,3,1.5593620892986564,3.0133993109109616,0.14550196733278006,0.37857176267524983,0.11651863268759446,0.9607525538802488,0.4538566208707622,0.7073045873755055,permute,0.995,3.377593022876016,6.543233704518672,2.782033545893155,3.562893836179546,2.0250051759789205,0.8619397756859314,0.5212882183868444,0.6916139970363879,0,0.0,11.408083948736628,4
layerwise_sample_limited,91,30,32,32.0,proportional,4,2.310466391921537,0.06959217663677035,0.19825900532305935,2.41987;2.29558;2.18272;1.7676;0.337779;0.331036;0.301583;0.283497,0.18,1000,1000,False,0.17129572128915424,0.014392135810370904,0.022227639105765366,0.02800023229182423,0.1250210904065724,0.6409849214135636,4,0.04345220904115266,3,1.5593620892986564,3.0133993109109616,0.14550196733278006,0.37857176267524983,0.11651863268759446,0.9607525538802488,0.4538566208707622,0.7073045873755055,permute,0.995,3.5113639568346917,6.904603238454505,2.9596347992579237,3.7019342343882307,2.041064759530586,0.9135253720451368,0.572084965805246,0.7428051689251914,0,0.0,12.329360776024375,4
layerwise_sample_limited,91,31,1,1.0,proportional,6,2.9040969875335234,0.2458846489374502,0.06215490962370767,2.87612;2.15387;1.53813;1.31503;1.02984;0.843836;0.0453077;0.0341135,0.18,1000,1000,False,0.15207172134031086,0.014336969220061132,0.09839293252364174,0.09538703242225256,0.047316072741606846,0.4286180825729446,1,0.027110189985887233,4,1.7610983254404249,3.8854186624677505,0.11734765795798976,0.34303178543459933,0.08842653841178766,0.7590238618601486,0.3466350710990509,0.5528294664795997,permute,0.995,2.287877373468537,2.2878773734685387,0.9999999999998089,0.9999999999991911,2.287877373468537,0.16228754093751865,0.16559067873573557,0.16393910983662713,0,0.0,5.234382876029291,1
layerwise_sample_limited,91,31,2,2.0,proportional,6,2.9040969875335234,0.2458846489374502,0.06215490962370767,2.87612;2.15387;1.53813;1.31503;1.02984;0.843836;0.0453077;0.0341135,0.18,1000,1000,False,0.15207172134031086,0.014336969220061132,0.07138982343256965,0.0728190563475021,0.06948376528789132,0.49230858178994996,2,0.027110189985887233,4,1.7610983254404249,3.8854186624677505,0.11734765795798976,0.34303178543459933,0.08842653841178766,0.7590238618601486,0.3466350710990509,0.5528294664795997,permute,0.995,2.7461341578983,3.609698435223119,1.1864022613325016,1.544740173404313,2.5211911110359537,0.2879927195560845,0.24612482992196175,0.2670587747390231,0,0.0,7.541252813175804,2
layerwise_sample_limited,91,31,4,4.0,proportional,6,2.9040969875335234,0.2458846489374502,0.06215490962370767,2.87612;2.15387;1.53813;1.31503;1.02984;0.843836;0.0453077;0.0341135,0.18,1000,1000,False,0.15207172134031086,0.014336969220061132,0.042208876541174896,0.04775335664249422,0.08513165713880269,0.5346369648561846,3,0.027110189985887233,4,1.7610983254404249,3.8854186624677505,0.11734765795798976,0.34303178543459933,0.08842653841178766,0.7590238618601486,0.3466350710990509,0.5528294664795997,permute,0.995,2.970866721142736,4.984324177557798,1.3708557507553776,2.2024880780046376,2.5373903848095978,0.5104638817387598,0.4033698703049419,0.4569168760218508,0,0.0,8.571144327211297,3
layerwise_sample_limited,91,31,8,8.0,proportional,6,2.9040969875335234,0.2458846489374502,0.06215490962370767,2.87612;2.15387;1.53813;1.31503;1.02984;0.843836;0.0453077;0.0341135,0.18,1000,1000,False,0.15207172134031086,0.014336969220061132,0.0362679992512253,0.041538296228545435,0.09246480950250013,0.5588004212661011,4,0.027110189985887233,4,1.7610983254404249,3.8854186624677505,0.11734765795798976,0.34303178543459933,0.08842653841178766,0.7590238618601486,0.3466350710990509,0.5528294664795997,permute,0.995,3.1416485863854735,5.524148801535087,1.4805083742883252,2.4890526130645,2.581975819064757,0.7589601419069106,0.5168398959822137,0.6379000189445622,0,0.0,9.869253330631482,4
layerwise_sample_limited,91,31,16,16.0,proportional,6,2.9040969875335234,0.2458846489374502,0.06215490962370767,2.87612;2.15387;1.53813;1.31503;1.02984;0.843836;0.0453077;0.0341135,0.18,1000,1000,False,0.15207172134031086,0.014336969220061132,0.033651526169668766,0.03916161966888788,0.09362559121188903,0.5700808794883597,4,0.027110189985887233,4,1.7610983254404249,3.8854186624677505,0.11734765795798976,0.34303178543459933,0.08842653841178766,0.7590238618601486,0.3466350710990509,0.5528294664795997,permute,0.995,3.171002188908412,5.719714800125459,1.51339016071259,2.5841271081263035,2.577633033442042,0.7473969071031726,0.5274706422786913,0.637433774690932,0,0.0,10.04655271669358,4
layerwise_sample_limited,91,31,32,32.0,proportional,6,2.9040969875335234,0.2458846489374502,0.06215490962370767,2.87612;2.15387;1.53813;1.31503;1.02984;0.843836;0.0453077;0.0341135,0.18,1000,1000,False,0.15207172134031086,0.014336969220061132,0.02998830799713605,0.035292896746658205,0.09722313089047822,0.5770360537968886,4,0.027110189985887233,4,1.7610983254404249,3.8854186624677505,0.11734765795798976,0.34303178543459933,0.08842653841178766,0.7590238618601486,0.3466350710990509,0.5528294664795997,permute,0.995,3.2582074207839606,6.066350273928402,1.5677641714566153,2.7291172660855274,2.602186149181022,0.7495654199734915,0.5482995003733313,0.6489324601734114,0,0.0,10.575432409970126,4
layerwise_sample_limited,91,32,1,1.0,proportional,6,2.7948631031552846,0.17511621079972745,0.1971059789785708,2.87004;2.40221;1.97988;1.78949;1.31637;1.10652;0.199869;0.146056,0.18,1000,1000,False,0.19664866878567377,0.01446850698276051,0.14205783127504137,0.14344232757997663,0.048138491190487714,0.38008954856851396,1,0.024113245263404613,4,2.2966620464298138,4.551195716839099,0.12244333119178083,0.3691137877044668,0.08079539150849667,0.9354923804857831,0.44276720481536586,0.6891297926505745,permute,0.995,2.0402040475584404,2.040204047558442,0.9999999999997597,0.9999999999992402,2.0402040475584404,0.16543559144021538,0.1505875197511655,0.15801155559569044,0,0.0,4.162432555673843,1
layerwise_sample_limited,91,32,2,2.0,proportional,6,2.7948631031552846,0.17511621079972745,0.1971059789785708,2.87004;2.40221;1.97988;1.78949;1.31637;1.10652;0.199869;0.146056,0.18,1000,1000,False,0.19664866878567377,0.01446850698276051,0.088396730250347,0.09315381828674853,0.09346729398128145,0.5470419968481399,2,0.024113245263404613,4,2.2966620464298138,4.551195716839099,0.12244333119178083,0.3691137877044668,0.08079539150849667,0.9354923804857831,0.44276720481536586,0.6891297926505745,permute,0.995,3.051063354415049,4.300296716758693,1.7188026883247751,1.9732940259100042,2.3272241423979736,0.28563448470525804,0.26429096499558496,0.2749627248504215,0,0.0,9.30898759265441,2
layerwise_sample_limited,91,32,4,4.0,proportional,6,2.7948631031552846,0.17511621079972745,0.1971059789785708,2.87004;2.40221;1.97988;1.78949;1.31637;1.10652;0.199869;0.146056,0.18,1000,1000,False,0.19664866878567377,0.01446850698276051,0.05717873706454241,0.06827509676596911,0.1093214984347821,0.5725769108204268,3,0.024113245263404613,4,2.2966620464298138,4.551195716839099,0.12244333119178083,0.3691137877044668,0.08079539150849667,0.9354923804857831,0.44276720481536586,0.6891297926505745,permute,0.995,3.193477995630031,5.526653836912623,2.1110717402217123,2.81966783724735,2.197922788932382,0.5221310619331235,0.4032592316860514,0.46269514680958745,0,0.0,10.189033651720198,3
layerwise_sample_limited,91,32,8,8.0,proportional,6,2.7948631031552846,0.17511621079972745,0.1971059789785708,2.87004;2.40221;1.97988;1.78949;1.31637;1.10652;0.199869;0.146056,0.18,1000,1000,False,0.19664866878567377,0.01446850698276051,0.04056912307780047,0.05112838897257136,0.1241509305676746,0.6211698762298205,4,0.024113245263404613,4,2.2966620464298138,4.551195716839099,0.12244333119178083,0.3691137877044668,0.08079539150849667,0.9354923804857831,0.44276720481536586,0.6891297926505745,permute,0.995,3.5253098440250223,6.689162862194912,2.2400345214362667,3.1532946825876405,2.355428567496797,0.8136171543869758,0.551455820858698,0.6825364876228369,0,0.0,12.414343332733717,4
layerwise_sample_limited,91,32,16,16.0,proportional,6,2.7948631031552846,0.17511621079972745,0.1971059789785708,2.87004;2.40221;1.97988;1.78949;1.31637;1.10652;0.199869;0.146056,0.18,1000,1000,False,0.19664866878567377,0.01446850698276051,0.035948918828944985,0.046410167735407015,0.12827692680146618,0.6542577352191953,4,0.024113245263404613,4,2.2966620464298138,4.551195716839099,0.12244333119178083,0.3691137877044668,0.08079539150849667,0.9354923804857831,0.44276720481536586,0.6891297926505745,permute,0.995,3.6155515134492773,7.081319730808597,2.245685204255683,3.291330137636903,2.412682170397865,0.8235663776223038,0.5699065623153786,0.6967364699688412,0,0.0,12.998630251301062,4
layerwise_sample_limited,91,32,32,32.0,proportional,6,2.7948631031552846,0.17511621079972745,0.1971059789785708,2.87004;2.40221;1.97988;1.78949;1.31637;1.10652;0.199869;0.146056,0.18,1000,1000,False,0.19664866878567377,0.01446850698276051,0.03153082907062136,0.042037705672009956,0.13182618570438986,0.6598249424732207,4,0.024113245263404613,4,2.2966620464298138,4.551195716839099,0.12244333119178083,0.3691137877044668,0.08079539150849667,0.9354923804857831,0.44276720481536586,0.6891297926505745,permute,0.995,3.6865507606320893,7.456973362040486,2.3205273960695134,3.477015380489228,2.4200640936907885,0.8782816905238939,0.5986684951733171,0.7384750928486055,0,0.0,13.457145230960043,4
layerwise_sample_limited,91,33,1,1.0,proportional,1,1.7169197547429527,0.08276919693643921,0.17143996006916723,1.75457;0.305733;0.233782;0.233519;0.211329;0.199292;0.182951;0.155446,0.18,1000,1000,False,0.039920890673134764,0.014410938999123242,0.022480099067041664,0.023945621371546853,0.01138367052485268,0.16640172804176928,1,0.010798337691599397,2,1.2115540170636896,2.544489916199072,0.048816501706657786,0.17340945170746042,0.044350167335791155,0.8647618348787747,0.41717482358973124,0.640968329234253,permute,0.995,0.8033779892637289,0.8033779892637294,0.9999999999984507,1.0000000000005493,0.8033779892637289,0.17512609026304937,0.13358956417750348,0.1543578272202764,0,0.0,0.6454161936334322,1
layerwise_sample_limited,91,33,2,2.0,proportional,1,1.7169197547429527,0.08276919693643921,0.17143996006916723,1.75457;0.305733;0.233782;0.233519;0.211329;0.199292;0.182951;0.155446,0.18,1000,1000,False,0.039920890673134764,0.014410938999123242,0.020277972164033722,0.02184880364614917,0.014333826504177792,0.18650530671029827,1,0.010798337691599397,2,1.2115540170636896,2.544489916199072,0.048816501706657786,0.17340945170746042,0.044350167335791155,0.8647618348787747,0.41717482358973124,0.640968329234253,permute,0.995,1.0055323807504617,1.0068173109542784,1.000001635019372,1.000023420031342,1.0055315587185116,0.27620392810103694,0.14783916833263258,0.21202154821683478,0,0.0,1.011093715578879,1
layerwise_sample_limited,91,33,4,4.0,proportional,1,1.7169197547429527,0.08276919693643921,0.17143996006916723,1.75457;0.305733;0.233782;0.233519;0.211329;0.199292;0.182951;0.155446,0.18,1000,1000,False,0.039920890673134764,0.014410938999123242,0.019004009005557543,0.020488086035785256,0.0160128246320299,0.2168983583243992,1,0.010798337691599397,2,1.2115540170636896,2.544489916199072,0.048816501706657786,0.17340945170746042,0.044350167335791155,0.8647618348787747,0.41717482358973124,0.640968329234253,permute,0.995,1.1588150856296737,1.1641931321664374,1.0000115215120404,1.0001466062681081,1.158808410035946,0.36101172579558066,0.17673135903369858,0.2688715424146396,0,0.0,1.342836931170037,1
layerwise_sample_limited,91,33,8,8.0,proportional,1,1.7169197547429527,0.08276919693643921,0.17143996006916723,1.75457;0.305733;0.233782;0.233519;0.211329;0.199292;0.182951;0.155446,0.18,1000,1000,False,0.039920890673134764,0.014410938999123242,0.018732109013992856,0.02013663596545769,0.0165099063698095,0.22135794137003248,1,0.010798337691599397,2,1.2115540170636896,2.544489916199072,0.048816501706657786,0.17340945170746042,0.044350167335791155,0.8647618348787747,0.41717482358973124,0.640968329234253,permute,0.995,1.2024046871841334,1.208567203593742,1.0000054617616323,1.00007861338395,1.2024014035732746,0.49804642530817306,0.14942188539816034,0.3237341553531667,0,0.0,1.4457691353149813,1
layerwise_sample_limited,91,33,16,16.0,proportional,1,1.7169197547429527,0.08276919693643921,0.17143996006916723,1.75457;0.305733;0.233782;0.233519;0.211329;0.199292;0.182951;0.155446,0.18,1000,1000,False,0.039920890673134764,0.014410938999123242,0.01891200502887896,0.020405477986488407,0.016137129898844742,0.22644422792633268,1,0.010798337691599397,2,1.2115540170636896,2.544489916199072,0.048816501706657786,0.17340945170746042,0.044350167335791155,0.8647618348787747,0.41717482358973124,0.640968329234253,permute,0.995,1.1642250639116583,1.1814792992194854,1.0000425193865303,1.0005156792082917,1.1642003136327506,0.5879572809501337,0.2023012133658647,0.3951292471579992,0,0.0,1.3553623702625948,1
layerwise_sample_limited,91,33,32,32.0,proportional,1,1.7169197547429527,0.08276919693643921,0.17143996006916723,1.75457;0.305733;0.233782;0.233519;0.211329;0.199292;0.182951;0.155446,0.18,1000,1000,False,0.039920890673134764,0.014410938999123242,0.018376902411949517,0.019771362169589086,0.016988004196936822,0.22815645841088317,1,0.010798337691599397,2,1.2115540170636896,2.544489916199072,0.048816501706657786,0.17340945170746042,0.044350167335791155,0.8647618348787747,0.41717482358973124,0.640968329234253,permute,0.995,1.241030334889029,1.271654382741766,1.0000768343007178,1.0009070221796519,1.240982660786888,0.699008462097541,0.24502818326897566,0.47201832268325833,0,0.0,1.5400379643737034,1
layerwise_sample_limited,91,34,1,1.0,proportional,1,1.8429525099986308,0.2863971472533809,0.07531923562258987,1.95913;0.106173;0.0835255;0.0622288;0.0431392;0.0340439;0.0242146;0.0168236,0.18,1000,1000,False,0.040285443676493025,0.01439968236102812,0.01938030517073787,0.022608715437655146,0.010242882631083073,0.16991894028099455,1,0.008078297941195325,1,1.1166666149338438,2.0981593033684707,0.03888208649894334,0.14327215741314064,0.03679491432108609,0.2755784222913634,0.1429497422006482,0.20926408224600582,permute,0.995,0.9203182711839161,0.9203182711839167,0.9999999999988194,1.0000000000001805,0.9203182711839161,0.19073009026399512,0.15067677117606132,0.17070343072002822,0,0.0,0.8469857202749521,1
layerwise_sample_limited,91,34,2,2.0,proportional,1,1.8429525099986308,0.2863971472533809,0.07531923562258987,1.95913;0.106173;0.0835255;0.0622288;0.0431392;0.0340439;0.0242146;0.0168236,0.18,1000,1000,False,0.040285443676493025,0.01439968236102812,0.03702899714719075,0.03992289201011625,3.4247895121001768e-06,0.002356984395252678,1,0.008078297941195325,1,1.1166666149338438,2.0981593033684707,0.03888208649894334,0.14327215741314064,0.03679491432108609,0.2755784222913634,0.1429497422006482,0.20926408224600582,permute,0.995,0.0117134287713868,0.01210232381180217,1.001141788542538,1.0089076092659204,0.01170674732031643,0.1665008659451935,0.09595449937425789,0.1312276826597257,0,0.0,0.00013704793282173596,1
layerwise_sample_limited,91,34,4,4.0,proportional,1,1.8429525099986308,0.2863971472533809,0.07531923562258987,1.95913;0.106173;0.0835255;0.0622288;0.0431392;0.0340439;0.0242146;0.0168236,0.18,1000,1000,False,0.040285443676493025,0.01439968236102812,0.019168011424909145,0.022337337369069007,0.010466502908323573,0.17550004118877957,1,0.008078297941195325,1,1.1166666149338438,2.0981593033684707,0.03888208649894334,0.14327215741314064,0.03679491432108609,0.2755784222913634,0.1429497422006482,0.20926408224600582,permute,0.995,0.9394133778880882,0.9407972349813158,1.0000007292077508,1.0000118240222107,0.9394130353739851,0.2118076032249133,0.13699174811102588,0.1743996756679696,0,0.0,0.8824968510305642,1
layerwise_sample_limited,91,34,8,8.0,proportional,1,1.8429525099986308,0.2863971472533809,0.07531923562258987,1.95913;0.106173;0.0835255;0.0622288;0.0431392;0.0340439;0.0242146;0.0168236,0.18,1000,1000,False,0.040285443676493025,0.01439968236102812,0.019182209759027912,0.022341941473420338,0.010476632132378556,0.17197279080186348,1,0.008078297941195325,1,1.1166666149338438,2.0981593033684707,0.03888208649894334,0.14327215741314064,0.03679491432108609,0.2755784222913634,0.1429497422006482,0.20926408224600582,permute,0.995,0.9381996882664501,0.9418828836361913,1.0000025075449908,1.000039094293643,0.938198511979165,0.22909425865188168,0.14808016356746848,0.18858721110967508,0,0.0,0.8802164478799195,1
layerwise_sample_limited,91,34,16,16.0,proportional,1,1.8429525099986308,0.2863971472533809,0.07531923562258987,1.95913;0.106173;0.0835255;0.0622288;0.0431392;0.0340439;0.0242146;0.0168236,0.18,1000,1000,False,0.040285443676493025,0.01439968236102812,0.01868230236612478,0.021774341188755836,0.011107755986101517,0.17934487880341218,1,0.008078297941195325,1,1.1166666149338438,2.0981593033684707,0.03888208649894334,0.14327215741314064,0.03679491432108609,0.2755784222913634,0.1429497422006482,0.20926408224600582,permute,0.995,0.9897781938944471,0.9969293502414478,1.0000044263136318,1.0000688361157999,0.9897760033668578,0.21716246914288964,0.14937711102220452,0.18326979008254707,0,0.0,0.9796565368408701,1
layerwise_sample_limited,91,34,32,32.0,proportional,1,1.8429525099986308,0.2863971472533809,0.07531923562258987,1.95913;0.106173;0.0835255;0.0622288;0.0431392;0.0340439;0.0242146;0.0168236,0.18,1000,1000,False,0.040285443676493025,0.01439968236102812,0.017274837870571536,0.019934033517148075,0.013339304596542484,0.2124653584226028,1,0.008078297941195325,1,1.1166666149338438,2.0981593033684707,0.03888208649894334,0.14327215741314064,0.03679491432108609,0.2755784222913634,0.1429497422006482,0.20926408224600582,permute,0.995,1.1613589593994702,1.1761209977173959,1.0000077059823131,1.0001197040258711,1.1613544847191009,0.252212380670578,0.14919752479299453,0.20070495273178626,0,0.0,1.3487442391771682,1
layerwise_sample_limited,91,35,1,1.0,proportional,1,2.150323806749768,0.12202669777157231,0.08870130693225212,2.08081;0.175256;0.152362;0.130606;0.11959;0.11227;0.0914882;0.0817793,0.18,1000,1000,False,0.057132122793775234,0.01439390137033785,0.01603359961949886,0.016910477244540336,0.03561448311876511,0.32054239471614115,1,0.027192255645001974,1,1.028862498945496,1.2596720375913515,0.08319080411752136,0.19416454158387844,0.08201563528331299,0.5968027429195563,0.2652989823736067,0.4310508626465815,permute,0.995,1.7029928563154733,1.7029928563154746,0.9999999999996552,0.9999999999993447,1.7029928563154733,0.16587732812332598,0.17058069257399905,0.1682290103486625,0,0.0,2.900184668661534,1
layerwise_sample_limited,91,35,2,2.0,proportional,1,2.150323806749768,0.12202669777157231,0.08870130693225212,2.08081;0.175256;0.152362;0.130606;0.11959;0.11227;0.0914882;0.0817793,0.18,1000,1000,False,0.057132122793775234,0.01439390137033785,0.016235901791851796,0.01717832650571524,0.034969800542973675,0.3008328292860105,1,0.027192255645001974,1,1.028862498945496,1.2596720375913515,0.08319080411752136,0.19416454158387844,0.08201563528331299,0.5968027429195563,0.2652989823736067,0.4310508626465815,permute,0.995,1.6579461833516955,1.6590788934077139,1.0000004670822684,1.0000072756554415,1.6579457961528974,0.24080932628098892,0.17696370260833374,0.20888651444466133,0,0.0,2.7487842629810664,1
layerwise_sample_limited,91,35,4,4.0,proportional,1,2.150323806749768,0.12202669777157231,0.08870130693225212,2.08081;0.175256;0.152362;0.130606;0.11959;0.11227;0.0914882;0.0817793,0.18,1000,1000,False,0.057132122793775234,0.01439390137033785,0.015846118146909168,0.016629904243433274,0.036375259809332705,0.3208421949201224,1,0.027192255645001974,1,1.028862498945496,1.2596720375913515,0.08319080411752136,0.19416454158387844,0.08201563528331299,0.5968027429195563,0.2652989823736067,0.4310508626465815,permute,0.995,1.748577298743202,1.7504766634603415,1.0000004320152505,1.0000071581146575,1.7485769210370088,0.27828880324458677,0.1622172645469716,0.2202530338957792,0,0.0,3.0575212487832655,1
layerwise_sample_limited,91,35,8,8.0,proportional,1,2.150323806749768,0.12202669777157231,0.08870130693225212,2.08081;0.175256;0.152362;0.130606;0.11959;0.11227;0.0914882;0.0817793,0.18,1000,1000,False,0.057132122793775234,0.01439390137033785,0.01575193501526,0.016509593926383515,0.03687543818657596,0.3167595384802266,1,0.027192255645001974,1,1.028862498945496,1.2596720375913515,0.08319080411752136,0.19416454158387844,0.08201563528331299,0.5968027429195563,0.2652989823736067,0.4310508626465815,permute,0.995,1.7731558636482445,1.7772213859102712,1.0000008716738733,1.0000144826416355,1.773155090841648,0.3589040237449955,0.1603763725494561,0.25964019814722583,0,0.0,3.1440789761776546,1
layerwise_sample_limited,91,35,16,16.0,proportional,1,2.150323806749768,0.12202669777157231,0.08870130693225212,2.08081;0.175256;0.152362;0.130606;0.11959;0.11227;0.0914882;0.0817793,0.18,1000,1000,False,0.057132122793775234,0.01439390137033785,0.015754516147527722,0.01651658773005407,0.036763937471268146,0.3244113141778377,1,0.027192255645001974,1,1.028862498945496,1.2596720375913515,0.08319080411752136,0.19416454158387844,0.08201563528331299,0.5968027429195563,0.2652989823736067,0.4310508626465815,permute,0.995,1.7712882653936475,1.7788016311127386,1.0000015763932548,1.0000260946027322,1.7712868692715786,0.4136157988901379,0.1747015022752765,0.2941586505827072,0,0.0,3.137457173253909,1
layerwise_sample_limited,91,35,32,32.0,proportional,1,2.150323806749768,0.12202669777157231,0.08870130693225212,2.08081;0.175256;0.152362;0.130606;0.11959;0.11227;0.0914882;0.0817793,0.18,1000,1000,False,0.057132122793775234,0.01439390137033785,0.015593943704590408,0.016293673413849963,0.03754203775692598,0.33265827960594957,1,0.027192255645001974,1,1.028862498945496,1.2596720375913515,0.08319080411752136,0.19416454158387844,0.08201563528331299,0.5968027429195563,0.2652989823736067,0.4310508626465815,permute,0.995,1.8151606630034811,1.831655114647306,1.000004178675024,1.0000670299322203,1.8151568705318277,0.3846807102053346,0.1861001632547231,0.28539043673002884,0,0.0,3.2947944646388985,1
layerwise_sample_limited,91,36,1,1.0,proportional,3,2.6785814825229433,0.27964922456498587,0.11995895507203823,2.61573;2.09271;1.62887;0.124116;0.0944011;0.0893508;0.0612288;0.0475316,0.18,1000,1000,False,0.11858628805772829,0.014465072697419994,0.07160226271403343,0.07300621720309157,0.040095344748067176,0.35802083697272086,1,0.020750434400408344,3,1.6688591787320648,2.8751515625641026,0.09602264250997455,0.2603774734840996,0.07432994433853683,0.5836874765141691,0.27890442512771596,0.4312959508209425,permute,0.995,1.9660438289387985,1.9660438289387998,0.9999999999997413,0.9999999999992587,1.9660438289387985,0.18152351675557302,0.15182082027717483,0.16667216851637393,0,0.0,3.8653283373083314,1
layerwise_sample_limited,91,36,2,2.0,proportional,3,2.6785814825229433,0.27964922456498587,0.11995895507203823,2.61573;2.09271;1.62887;0.124116;0.0944011;0.0893508;0.0612288;0.0475316,0.18,1000,1000,False,0.11858628805772829,0.014465072697419994,0.03870651669903605,0.039778412267916605,0.06377970498074241,0.4607751489540326,2,0.020750434400408344,3,1.6688591787320648,2.8751515625641026,0.09602264250997455,0.2603774734840996,0.07432994433853683,0.5836874765141691,0.27890442512771596,0.4312959508209425,permute,0.995,2.544007231006248,3.528190202094805,1.445228984655551,1.8543721970779865,2.116167352391637,0.29735811834819076,0.25686594973482996,0.27711203404151036,0,0.0,6.471972791412077,2
layerwise_sample_limited,91,36,4,4.0,proportional,3,2.6785814825229433,0.27964922456498587,0.11995895507203823,2.61573;2.09271;1.62887;0.124116;0.0944011;0.0893508;0.0612288;0.0475316,0.18,1000,1000,False,0.11858628805772829,0.014465072697419994,0.023788388043290157,0.028024498186207877,0.07114254631132957,0.47333857448551375,3,0.020750434400408344,3,1.6688591787320648,2.8751515625641026,0.09602264250997455,0.2603774734840996,0.07432994433853683,0.5836874765141691,0.27890442512771596,0.4312959508209425,permute,0.995,2.658035412805902,4.250796551517578,1.595939190994245,2.291377824564626,2.10403322183009,0.4363330461597159,0.3331044282881127,0.3847187372239143,0,0.0,7.0651518537208835,3
layerwise_sample_limited,91,36,8,8.0,proportional,3,2.6785814825229433,0.27964922456498587,0.11995895507203823,2.61573;2.09271;1.62887;0.124116;0.0944011;0.0893508;0.0612288;0.0475316,0.18,1000,1000,False,0.11858628805772829,0.014465072697419994,0.021372049194756312,0.02548238771820208,0.07519831303766,0.4995889856529797,3,0.020750434400408344,3,1.6688591787320648,2.8751515625641026,0.09602264250997455,0.2603774734840996,0.07432994433853683,0.5836874765141691,0.27890442512771596,0.4312959508209425,permute,0.995,2.7707896316011915,4.519594505993986,1.6626855120894946,2.4212170320957203,2.1488123805142876,0.43236400244707335,0.34265979976227756,0.3875119011046755,0,0.0,7.677274108495864,3
layerwise_sample_limited,91,36,16,16.0,proportional,3,2.6785814825229433,0.27964922456498587,0.11995895507203823,2.61573;2.09271;1.62887;0.124116;0.0944011;0.0893508;0.0612288;0.0475316,0.18,1000,1000,False,0.11858628805772829,0.014465072697419994,0.019521618280533535,0.02349778804756684,0.07834948408259104,0.513508221213145,3,0.020750434400408344,3,1.6688591787320648,2.8751515625641026,0.09602264250997455,0.2603774734840996,0.07432994433853683,0.5836874765141691,0.27890442512771596,0.4312959508209425,permute,0.995,2.8666273268404234,4.755684976438305,1.718315384318149,2.542005259836108,2.1868540401867422,0.47930020106392573,0.35664044243295184,0.4179703217484388,0,0.0,8.217548113659358,3
layerwise_sample_limited,91,36,32,32.0,proportional,3,2.6785814825229433,0.27964922456498587,0.11995895507203823,2.61573;2.09271;1.62887;0.124116;0.0944011;0.0893508;0.0612288;0.0475316,0.18,1000,1000,False,0.11858628805772829,0.014465072697419994,0.018883146528377057,0.022572734373869172,0.08034486267598566,0.5319745862470575,3,0.020750434400408344,3,1.6688591787320648,2.8751515625641026,0.09602264250997455,0.2603774734840996,0.07432994433853683,0.5836874765141691,0.27890442512771596,0.4312959508209425,permute,0.995,2.9338568575951154,4.882764602108298,1.7360706817664717,2.5577267462398203,2.2266667264187037,0.5047975514050532,0.3666178752238297,0.43570771331444147,0,0.0,8.60750628035843,3
layerwise_sample_limited,91,37,1,1.0,proportional,4,1.8862837302736828,0.05220015960322487,0.06274046793485177,2.08031;1.78765;1.66735;1.55233;0.0969448;0.0953446;0.0827313;0.0796372,0.18,1000,1000,False,0.10259057596564108,0.014445831569054268,0.07679439399978305,0.08071354338759854,0.017651144328265075,0.22333415959262223,1,0.021044825750394822,4,2.098910104952685,3.8888963517388286,0.08410407540323289,0.25994706629659864,0.058052392318575036,0.6907583873543899,0.3240332541157502,0.5073958207350701,permute,0.995,1.2210996350659136,1.2210996350659145,0.9999999999993293,0.9999999999996707,1.2210996350659136,0.15261605775490064,0.17197034823425666,0.16229320299457867,0,0.0,1.4910843187581073,1
layerwise_sample_limited,91,37,2,2.0,proportional,4,1.8862837302736828,0.05220015960322487,0.06274046793485177,2.08031;1.78765;1.66735;1.55233;0.0969448;0.0953446;0.0827313;0.0796372,0.18,1000,1000,False,0.10259057596564108,0.014445831569054268,0.06288697998388997,0.06850401108718018,0.02238105125303492,0.22751288788211954,2,0.021044825750394822,4,2.098910104952685,3.8888963517388286,0.08410407540323289,0.25994706629659864,0.058052392318575036,0.6907583873543899,0.3240332541157502,0.5073958207350701,permute,0.995,1.2623438629841217,1.6617823218602703,1.1902970176216832,1.551869212508088,1.1570443349067352,0.28318346537199474,0.22604830594561404,0.2546158856588044,0,0.0,1.593512028413675,2
layerwise_sample_limited,91,37,4,4.0,proportional,4,1.8862837302736828,0.05220015960322487,0.06274046793485177,2.08031;1.78765;1.66735;1.55233;0.0969448;0.0953446;0.0827313;0.0796372,0.18,1000,1000,False,0.10259057596564108,0.014445831569054268,0.053924657109574455,0.06140233776999709,0.029165550040925452,0.28047033031815716,2,0.021044825750394822,4,2.098910104952685,3.8888963517388286,0.08410407540323289,0.25994706629659864,0.058052392318575036,0.6907583873543899,0.3240332541157502,0.5073958207350701,permute,0.995,1.50830126984009,2.1501900455756995,1.344420681371275,1.794014258268675,1.3008298808027114,0.509918565217217,0.34382408065715553,0.42687132293718627,0,0.0,2.268758490972592,2
layerwise_sample_limited,91,37,8,8.0,proportional,4,1.8862837302736828,0.05220015960322487,0.06274046793485177,2.08031;1.78765;1.66735;1.55233;0.0969448;0.0953446;0.0827313;0.0796372,0.18,1000,1000,False,0.10259057596564108,0.014445831569054268,0.03713602365463451,0.04557461509653251,0.03914575338302583,0.32843571506158953,3,0.021044825750394822,4,2.098910104952685,3.8888963517388286,0.08410407540323289,0.25994706629659864,0.058052392318575036,0.6907583873543899,0.3240332541157502,0.5073958207350701,permute,0.995,1.8325636413205217,3.1690143932070614,1.7423591476075742,2.5539737850819444,1.3883220643064604,0.5684163120353328,0.3822336826066183,0.47532499732097555,0,0.0,3.3142788005303205,3
layerwise_sample_limited,91,37,16,16.0,proportional,4,1.8862837302736828,0.05220015960322487,0.06274046793485177,2.08031;1.78765;1.66735;1.55233;0.0969448;0.0953446;0.0827313;0.0796372,0.18,1000,1000,False,0.10259057596564108,0.014445831569054268,0.030082089588546457,0.038293870000504465,0.045092082766573685,0.3633149701108155,4,0.021044825750394822,4,2.098910104952685,3.8888963517388286,0.08410407540323289,0.25994706629659864,0.058052392318575036,0.6907583873543899,0.3240332541157502,0.5073958207350701,permute,0.995,2.0062511810619763,3.7283631248665396,2.0005301204622272,3.0746990573110358,1.418445840556236,0.5700899512937028,0.40054050821866644,0.4853152297561846,0,0.0,4.025040614471025,4
layerwise_sample_limited,91,37,32,32.0,proportional,4,1.8862837302736828,0.05220015960322487,0.06274046793485177,2.08031;1.78765;1.66735;1.55233;0.0969448;0.0953446;0.0827313;0.0796372,0.18,1000,1000,False,0.10259057596564108,0.014445831569054268,0.027573111616926566,0.03535909104458261,0.04817605442760725,0.37805131415040455,4,0.021044825750394822,4,2.098910104952685,3.8888963517388286,0.08410407540323289,0.25994706629659864,0.058052392318575036,0.6907583873543899,0.3240332541157502,0.5073958207350701,permute,0.995,2.1095579032327794,3.9959069691845963,2.093206081443953,3.2443725714683427,1.4580937771887936,0.6205276607443224,0.4167429798152112,0.5186353202797668,0,0.0,4.450225970101636,4
layerwise_sample_limited,91,38,1,1.0,proportional,1,2.764711788349471,0.13465949456119386,0.16933503949629003,2.70131;0.399767;0.388301;0.317637;0.271982;0.243826;0.215981;0.186829,0.18,1000,1000,False,0.09794793420393505,0.014399158972499672,0.018787341470969637,0.020210280804205498,0.0725510416174651,0.44422809697537335,1,0.04390920994990728,1,1.023108896414221,1.1915895624946138,0.12607955609614044,0.2530636220026153,0.12464754823548631,0.8738290388155265,0.41603026713890956,0.644929652977218,permute,0.995,2.374451626600934,2.3744516266009357,0.9999999999998226,0.9999999999991773,2.374451626600934,0.18314004431323674,0.1620925166843344,0.17261628049878558,0,0.0,5.6380205270678205,1
layerwise_sample_limited,91,38,2,2.0,proportional,1,2.764711788349471,0.13465949456119386,0.16933503949629003,2.70131;0.399767;0.388301;0.317637;0.271982;0.243826;0.215981;0.186829,0.18,1000,1000,False,0.09794793420393505,0.014399158972499672,0.01864858137422731,0.019933304428485014,0.0733182689093931,0.4401684700222313,1,0.04390920994990728,1,1.023108896414221,1.1915895624946138,0.12607955609614044,0.2530636220026153,0.12464754823548631,0.8738290388155265,0.41603026713890956,0.644929652977218,permute,0.995,2.4151446412613025,2.4166902443879117,1.000000409814902,1.0000064372111175,2.4151441463801153,0.2811576846394984,0.17432620637251156,0.227741945506005,0,0.0,5.8329212477941335,1
layerwise_sample_limited,91,38,4,4.0,proportional,1,2.764711788349471,0.13465949456119386,0.16933503949629003,2.70131;0.399767;0.388301;0.317637;0.271982;0.243826;0.215981;0.186829,0.18,1000,1000,False,0.09794793420393505,0.014399158972499672,0.018640781438433368,0.019914274611612635,0.07337932064014971,0.44390345864542774,1,0.04390920994990728,1,1.023108896414221,1.1915895624946138,0.12607955609614044,0.2530636220026153,0.12464754823548631,0.8738290388155265,0.41603026713890956,0.644929652977218,permute,0.995,2.4178819446983244,2.419976663818462,1.00000025768359,1.0000044358363613,2.417881633173928,0.3626399862440858,0.16714401846550697,0.2648920023547964,0,0.0,5.846151592039819,1
layerwise_sample_limited,91,38,8,8.0,proportional,1,2.764711788349471,0.13465949456119386,0.16933503949629003,2.70131;0.399767;0.388301;0.317637;0.271982;0.243826;0.215981;0.186829,0.18,1000,1000,False,0.09794793420393505,0.014399158972499672,0.018585694178724094,0.019809458133972647,0.07370001598151467,0.4484587333362152,1,0.04390920994990728,1,1.023108896414221,1.1915895624946138,0.12607955609614044,0.2530636220026153,0.12464754823548631,0.8738290388155265,0.41603026713890956,0.644929652977218,permute,0.995,2.4327683905277477,2.438456297885269,1.000001085230112,1.0000174250619758,2.4327670704718605,0.5216665531766408,0.1893948327131438,0.3555306929448923,0,0.0,5.918355619172241,1
layerwise_sample_limited,91,38,16,16.0,proportional,1,2.764711788349471,0.13465949456119386,0.16933503949629003,2.70131;0.399767;0.388301;0.317637;0.271982;0.243826;0.215981;0.186829,0.18,1000,1000,False,0.09794793420393505,0.014399158972499672,0.01852023961809904,0.019722209195557134,0.07393507852494141,0.44306200153439834,1,0.04390920994990728,1,1.023108896414221,1.1915895624946138,0.12607955609614044,0.2530636220026153,0.12464754823548631,0.8738290388155265,0.41603026713890956,0.644929652977218,permute,0.995,2.4442163059949102,2.45752415899991,1.0000044174841887,1.000064526542367,2.444210907369149,0.6431556170296303,0.22281140823133921,0.43298351263048473,0,0.0,5.97416695970232,1
layerwise_sample_limited,91,38,32,32.0,proportional,1,2.764711788349471,0.13465949456119386,0.16933503949629003,2.70131;0.399767;0.388301;0.317637;0.271982;0.243826;0.215981;0.186829,0.18,1000,1000,False,0.09794793420393505,0.014399158972499672,0.01849397968775406,0.019730338258924302,0.07386662623109867,0.4369304381757682,1,0.04390920994990728,1,1.023108896414221,1.1915895624946138,0.12607955609614044,0.2530636220026153,0.12464754823548631,0.8738290388155265,0.41603026713890956,0.644929652977218,permute,0.995,2.4400283495221875,2.464681762590127,1.0000101251947695,1.0001419030977123,2.440015996734647,0.6818585079335691,0.2960408673555737,0.48894968764457136,0,0.0,5.953678064320971,1
layerwise_sample_limited,91,39,1,1.0,proportional,1,3.371615522899149,0.2443726742929137,0.23732584738103318,3.44033;0.658595;0.508534;0.39175;0.323729;0.247047;0.186191;0.163655,0.18,1000,1000,False,0.1339122817852395,0.01442878438237639,0.022105937401476743,0.023734068792912958,0.10400722335955363,0.5782824505944919,1,0.030613626504435356,1,1.0391379436312904,1.2857705622896913,0.12757174741389274,0.2661964484441946,0.1251462679236896,0.8924838787564335,0.4365631030028142,0.6645234908796238,permute,0.995,3.1897129058868186,3.189712905886821,0.9999999999999017,0.9999999999990984,3.1897129058868186,0.18346522860227898,0.179884857091476,0.1816750428468775,0,0.0,10.174268421980932,1
layerwise_sample_limited,91,39,2,2.0,proportional,1,3.371615522899149,0.2443726742929137,0.23732584738103318,3.44033;0.658595;0.508534;0.39175;0.323729;0.247047;0.186191;0.163655,0.18,1000,1000,False,0.1339122817852395,0.01442878438237639,0.022103762838472502,0.02379169406302501,0.10364426132540838,0.5755889702015726,1,0.030613626504435356,1,1.0391379436312904,1.2857705622896913,0.12757174741389274,0.2661964484441946,0.1251462679236896,0.8924838787564335,0.4365631030028142,0.6645234908796238,permute,0.995,3.1771818460054804,3.1807417484539284,1.0000012568388021,1.0000183335408417,3.1771798494044927,0.2720494375691251,0.20159429627025308,0.2368218669196891,0,0.0,10.09447179546195,1
layerwise_sample_limited,91,39,4,4.0,proportional,1,3.371615522899149,0.2443726742929137,0.23732584738103318,3.44033;0.658595;0.508534;0.39175;0.323729;0.247047;0.186191;0.163655,0.18,1000,1000,False,0.1339122817852395,0.01442878438237639,0.022012709397821194,0.023596246443850083,0.10429110563920434,0.5784000368300093,1,0.030613626504435356,1,1.0391379436312904,1.2857705622896913,0.12757174741389274,0.2661964484441946,0.1251462679236896,0.8924838787564335,0.4365631030028142,0.6645234908796238,permute,0.995,3.201882713055023,3.2086552615421327,1.0000025979408913,1.0000367055780435,3.2018785539119556,0.4356872858719867,0.21176085256713756,0.3237240692195621,0,0.0,10.252026274001317,1
layerwise_sample_limited,91,39,8,8.0,proportional,1,3.371615522899149,0.2443726742929137,0.23732584738103318,3.44033;0.658595;0.508534;0.39175;0.323729;0.247047;0.186191;0.163655,0.18,1000,1000,False,0.1339122817852395,0.01442878438237639,0.021906896684151685,0.023407909351626892,0.10482170125794009,0.5787977035527034,1,0.030613626504435356,1,1.0391379436312904,1.2857705622896913,0.12757174741389274,0.2661964484441946,0.1251462679236896,0.8924838787564335,0.4365631030028142,0.6645234908796238,permute,0.995,3.2209291243578484,3.2349535641242806,1.0000050983429336,1.0000723408763024,3.2209209136884684,0.6586635093477197,0.25704001838331664,0.4578517638655182,0,0.0,10.374331532235752,1
layerwise_sample_limited,91,39,16,16.0,proportional,1,3.371615522899149,0.2443726742929137,0.23732584738103318,3.44033;0.658595;0.508534;0.39175;0.323729;0.247047;0.186191;0.163655,0.18,1000,1000,False,0.1339122817852395,0.01442878438237639,0.021643514958144674,0.023137729171926108,0.1051343998511362,0.5883668564796835,1,0.030613626504435356,1,1.0391379436312904,1.2857705622896913,0.12757174741389274,0.2661964484441946,0.1251462679236896,0.8924838787564335,0.4365631030028142,0.6645234908796238,permute,0.995,3.229447410688656,3.2659544457360212,1.0000433868909144,1.000500669358137,3.229377355126852,0.7391866916093018,0.2782890815331874,0.5087378865712446,0,0.0,10.4288781018061,1
layerwise_sample_limited,91,39,32,32.0,proportional,1,3.371615522899149,0.2443726742929137,0.23732584738103318,3.44033;0.658595;0.508534;0.39175;0.323729;0.247047;0.186191;0.163655,0.18,1000,1000,False,0.1339122817852395,0.01442878438237639,0.02160806945340037,0.023113730786691898,0.10516112868761705,0.5885378778102194,1,0.030613626504435356,1,1.0391379436312904,1.2857705622896913,0.12757174741389274,0.2661964484441946,0.1251462679236896,0.8924838787564335,0.4365631030028142,0.6645234908796238,permute,0.995,3.2313346023289493,3.2771624081109594,1.0000476177130755,1.000551814370367,3.231257670694293,0.7588122339530242,0.3054239098372873,0.5321180718951557,0,0.0,10.441026134420706,1
layerwise_sample_limited,91,40,1,1.0,proportional,1,2.1772373066384745,0.24823778990092094,0.1568481074672366,2.12242;0.27359;0.198426;0.168021;0.12628;0.0942088;0.0790161;0.0587333,0.18,1000,1000,False,0.04798355846203712,0.014391890259192101,0.01870387643885039,0.021614240894223497,0.018337523621302164,0.24345558479985396,1,0.012356652970262661,1,1.0981935345801763,1.798201886061655,0.05375889914327035,0.1683572385563779,0.05129923934484514,0.567650227448554,0.26569708567987743,0.41667365656421573,permute,0.995,1.3518283138943983,1.3518283138943992,0.9999999999994528,0.9999999999995474,1.3518283138943983,0.16382248758532117,0.14638584803287608,0.15510416780909864,0,0.0,1.8274397902465718,1
layerwise_sample_limited,91,40,2,2.0,proportional,1,2.1772373066384745,0.24823778990092094,0.1568481074672366,2.12242;0.27359;0.198426;0.168021;0.12628;0.0942088;0.0790161;0.0587333,0.18,1000,1000,False,0.04798355846203712,0.014391890259192101,0.018322522709338828,0.02108429737085964,0.019212670933628863,0.25350814373563746,1,0.012356652970262661,1,1.0981935345801763,1.798201886061655,0.05375889914327035,0.1683572385563779,0.05129923934484514,0.567650227448554,0.26569708567987743,0.41667365656421573,permute,0.995,1.4058576590333367,1.4064079277140227,1.0000001532623775,1.000002558129227,1.4058575513004499,0.1864097354137954,0.142246856508745,0.1643282959612702,0,0.0,1.9764354545484963,1
layerwise_sample_limited,91,40,4,4.0,proportional,1,2.1772373066384745,0.24823778990092094,0.1568481074672366,2.12242;0.27359;0.198426;0.168021;0.12628;0.0942088;0.0790161;0.0587333,0.18,1000,1000,False,0.04798355846203712,0.014391890259192101,0.01893784075741354,0.02198253667983839,0.017869213374017815,0.23754975753819638,1,0.012356652970262661,1,1.0981935345801763,1.798201886061655,0.05375889914327035,0.1683572385563779,0.05129923934484514,0.567650227448554,0.26569708567987743,0.41667365656421573,permute,0.995,1.3220377370163425,1.3248923880409624,1.0000019941127123,1.0000294899690254,1.3220364188718068,0.30842586801650074,0.1659976941048098,0.23721178106065527,0,0.0,1.7477802928233914,1
layerwise_sample_limited,91,40,8,8.0,proportional,1,2.1772373066384745,0.24823778990092094,0.1568481074672366,2.12242;0.27359;0.198426;0.168021;0.12628;0.0942088;0.0790161;0.0587333,0.18,1000,1000,False,0.04798355846203712,0.014391890259192101,0.017761172485726312,0.020174387661960422,0.020665039724311222,0.2666224839369341,1,0.012356652970262661,1,1.0981935345801763,1.798201886061655,0.05375889914327035,0.1683572385563779,0.05129923934484514,0.567650227448554,0.26569708567987743,0.41667365656421573,permute,0.995,1.4925598526682133,1.497680282743987,1.0000025436973738,1.0000381894733452,1.492557954361211,0.3528117668982007,0.16879186753419595,0.26080181721619833,0,0.0,2.227729247126923,1
layerwise_sample_limited,91,40,16,16.0,proportional,1,2.1772373066384745,0.24823778990092094,0.1568481074672366,2.12242;0.27359;0.198426;0.168021;0.12628;0.0942088;0.0790161;0.0587333,0.18,1000,1000,False,0.04798355846203712,0.014391890259192101,0.017441214913559145,0.019600930533824085,0.021630140214357912,0.2787239858544906,1,0.012356652970262661,1,1.0981935345801763,1.798201886061655,0.05375889914327035,0.1683572385563779,0.05129923934484514,0.567650227448554,0.26569708567987743,0.41667365656421573,permute,0.995,1.5459392596221018,1.5561389013484301,1.000005405620458,1.0000789109800003,1.5459350812582742,0.39494487842014797,0.17529568335693482,0.2851202808885414,0,0.0,2.3899152754650266,1
layerwise_sample_limited,91,40,32,32.0,proportional,1,2.1772373066384745,0.24823778990092094,0.1568481074672366,2.12242;0.27359;0.198426;0.168021;0.12628;0.0942088;0.0790161;0.0587333,0.18,1000,1000,False,0.04798355846203712,0.014391890259192101,0.017026297306027338,0.018870266989922016,0.022998607333035027,0.29347707361443726,1,0.012356652970262661,1,1.0981935345801763,1.798201886061655,0.05375889914327035,0.1683572385563779,0.05129923934484514,0.567650227448554,0.26569708567987743,0.41667365656421573,permute,0.995,1.62231419771936,1.6428006895335656,1.0000130193538737,1.0001822051967229,1.6223036370808541,0.48363362828980916,0.22024815750187202,0.3519408928958406,0,0.0,2.6318690908857683,1
layerwise_sample_limited,91,41,1,1.0,proportional,2,1.961040068653313,0.09213247032735962,0.20824811692935552,2.03583;1.75928;0.36303;0.296285;0.295067;0.257214;0.254934;0.215933,0.18,1000,1000,False,0.0737812611563214,0.014431452322737976,0.04800787068348319,0.05094518146983175,0.0141005960167958,0.16654540017375935,1,0.015587437609815229,3,1.625531491008318,3.289466650968004,0.06841911051513296,0.22331402317817095,0.05366359090012389,0.9137201065221054,0.43649463717269577,0.6751073718474006,permute,0.995,0.870195585299298,0.8701955852992986,0.9999999999986794,1.0000000000003206,0.870195585299298,0.16568445089304587,0.1597948519540528,0.16273965142354935,0,0.0,0.7572403566743877,1
layerwise_sample_limited,91,41,2,2.0,proportional,2,1.961040068653313,0.09213247032735962,0.20824811692935552,2.03583;1.75928;0.36303;0.296285;0.295067;0.257214;0.254934;0.215933,0.18,1000,1000,False,0.0737812611563214,0.014431452322737976,0.03318343967569509,0.03784883437607888,0.025224933714477437,0.27140657130780654,2,0.015587437609815229,3,1.625531491008318,3.289466650968004,0.06841911051513296,0.22331402317817095,0.05366359090012389,0.9137201065221054,0.43649463717269577,0.6751073718474006,permute,0.995,1.312289613964594,1.6021529488888968,1.068713378924914,1.2695042748501593,1.2694016793515996,0.27565649033079925,0.2105770232000646,0.24311675676543193,0,0.0,1.7221040309193436,2
layerwise_sample_limited,91,41,4,4.0,proportional,2,1.961040068653313,0.09213247032735962,0.20824811692935552,2.03583;1.75928;0.36303;0.296285;0.295067;0.257214;0.254934;0.215933,0.18,1000,1000,False,0.0737812611563214,0.014431452322737976,0.029428931676625896,0.03397041182125231,0.028197585549899686,0.27217306635714167,2,0.015587437609815229,3,1.625531491008318,3.289466650968004,0.06841911051513296,0.22331402317817095,0.05366359090012389,0.9137201065221054,0.43649463717269577,0.6751073718474006,permute,0.995,1.4410789654233265,1.8652594564131015,1.1476966494369611,1.4680284527011378,1.3451608599739748,0.4431148010189894,0.23996070489168844,0.34153775295533895,0,0.0,2.076703159371632,2
layerwise_sample_limited,91,41,8,8.0,proportional,2,1.961040068653313,0.09213247032735962,0.20824811692935552,2.03583;1.75928;0.36303;0.296285;0.295067;0.257214;0.254934;0.215933,0.18,1000,1000,False,0.0737812611563214,0.014431452322737976,0.024805883337533263,0.02886759259548105,0.03329314604028968,0.3100582971213685,2,0.015587437609815229,3,1.625531491008318,3.289466650968004,0.06841911051513296,0.22331402317817095,0.05366359090012389,0.9137201065221054,0.43649463717269577,0.6751073718474006,permute,0.995,1.6513810280533083,2.2636437800517184,1.3333550798035891,1.7549539817345343,1.430126259094723,0.6666121867715766,0.26605243470659534,0.466332310739086,0,0.0,2.727037892702578,2
layerwise_sample_limited,91,41,16,16.0,proportional,2,1.961040068653313,0.09213247032735962,0.20824811692935552,2.03583;1.75928;0.36303;0.296285;0.295067;0.257214;0.254934;0.215933,0.18,1000,1000,False,0.0737812611563214,0.014431452322737976,0.024400509309392544,0.028435764135686638,0.03370562665965706,0.30757186419673427,2,0.015587437609815229,3,1.625531491008318,3.289466650968004,0.06841911051513296,0.22331402317817095,0.05366359090012389,0.9137201065221054,0.43649463717269577,0.6751073718474006,permute,0.995,1.684666928030031,2.3191968015758473,1.2962463200529362,1.714760671782361,1.4796884437269873,0.7472223939011674,0.3158464845219151,0.5315344392115413,0,0.0,2.837483546778099,2
layerwise_sample_limited,91,41,32,32.0,proportional,2,1.961040068653313,0.09213247032735962,0.20824811692935552,2.03583;1.75928;0.36303;0.296285;0.295067;0.257214;0.254934;0.215933,0.18,1000,1000,False,0.0737812611563214,0.014431452322737976,0.022220832425048923,0.025702733058168274,0.03660112767006892,0.3365138552678447,2,0.015587437609815229,3,1.625531491008318,3.289466650968004,0.06841911051513296,0.22331402317817095,0.05366359090012389,0.9137201065221054,0.43649463717269577,0.6751073718474006,permute,0.995,1.8083658803421334,2.5659582213534637,1.4286239826624514,1.8494398979931521,1.5129596164098877,0.85323757604724,0.3957501945591985,0.6244938853032193,0,0.0,3.268454643268209,2
layerwise_sample_limited,91,42,1,1.0,proportional,4,1.8952675058873045,0.1286106197859735,0.07364883470633549,2.1046;1.57281;1.44368;1.30079;0.0841718;0.0708305;0.0647804;0.0518796,0.18,1000,1000,False,0.10530699091277318,0.014365305328019898,0.0557022999674805,0.05989146308071946,0.042701588804510866,0.29716615065156987,1,0.027258701509239303,3,1.3558228929011122,2.48328407005037,0.10451957652947332,0.27478523050386344,0.08976275224349302,0.6587492645750893,0.3025460736970532,0.48064766913607126,permute,0.995,1.626935283051912,1.626935283051913,0.9999999999996222,0.9999999999993778,1.626935283051912,0.17440643750515936,0.16807704398670895,0.17124174074593415,0,0.0,2.6469184152392047,1
layerwise_sample_limited,91,42,2,2.0,proportional,4,1.8952675058873045,0.1286106197859735,0.07364883470633549,2.1046;1.57281;1.44368;1.30079;0.0841718;0.0708305;0.0647804;0.0518796,0.18,1000,1000,False,0.10530699091277318,0.014365305328019898,0.04410357877670989,0.04912407030867394,0.0483873770277607,0.3098981543928822,2,0.027258701509239303,3,1.3558228929011122,2.48328407005037,0.10451957652947332,0.27478523050386344,0.08976275224349302,0.6587492645750893,0.3025460736970532,0.48064766913607126,permute,0.995,1.6850618471018664,2.0901750829588677,1.085455954248643,1.3173894171765548,1.6173713390166786,0.2786186511253734,0.21662408357246996,0.24762136734892165,0,0.0,2.839433428558354,2
layerwise_sample_limited,91,42,4,4.0,proportional,4,1.8952675058873045,0.1286106197859735,0.07364883470633549,2.1046;1.57281;1.44368;1.30079;0.0841718;0.0708305;0.0647804;0.0518796,0.18,1000,1000,False,0.10530699091277318,0.014365305328019898,0.035508966189829114,0.04127677408156643,0.054933797687763956,0.33446550078117093,2,0.027258701509239303,3,1.3558228929011122,2.48328407005037,0.10451957652947332,0.27478523050386344,0.08976275224349302,0.6587492645750893,0.3025460736970532,0.48064766913607126,permute,0.995,1.844527256529673,2.6478539079662435,1.2026326032530672,1.6650864204150315,1.681971336675214,0.5131001068531138,0.3326448632790384,0.4228724850660761,0,0.0,3.3425196626863922,2
layerwise_sample_limited,91,42,8,8.0,proportional,4,1.8952675058873045,0.1286106197859735,0.07364883470633549,2.1046;1.57281;1.44368;1.30079;0.0841718;0.0708305;0.0647804;0.0518796,0.18,1000,1000,False,0.10530699091277318,0.014365305328019898,0.03315230216369343,0.039065509190546174,0.05684311658265401,0.34869348191132515,2,0.027258701509239303,3,1.3558228929011122,2.48328407005037,0.10451957652947332,0.27478523050386344,0.08976275224349302,0.6587492645750893,0.3025460736970532,0.48064766913607126,permute,0.995,1.8908284679015512,2.8342586673807935,1.2680389211040364,1.8228053855032045,1.6791358744194083,0.5855774700958082,0.35937829207314786,0.472477881084478,0,0.0,3.4737378946186714,2
layerwise_sample_limited,91,42,16,16.0,proportional,4,1.8952675058873045,0.1286106197859735,0.07364883470633549,2.1046;1.57281;1.44368;1.30079;0.0841718;0.0708305;0.0647804;0.0518796,0.18,1000,1000,False,0.10530699091277318,0.014365305328019898,0.03154962435014483,0.03747944527489726,0.05794709460296934,0.3553096114262853,3,0.027258701509239303,3,1.3558228929011122,2.48328407005037,0.10451957652947332,0.27478523050386344,0.08976275224349302,0.6587492645750893,0.3025460736970532,0.48064766913607126,permute,0.995,1.93252994164583,2.970537335978096,1.2788953539060497,1.8898961557714344,1.708868823354128,0.5553732902580293,0.3667739425674265,0.4610736164127279,0,0.0,3.732173269624416,3
layerwise_sample_limited,91,42,32,32.0,proportional,4,1.8952675058873045,0.1286106197859735,0.07364883470633549,2.1046;1.57281;1.44368;1.30079;0.0841718;0.0708305;0.0647804;0.0518796,0.18,1000,1000,False,0.10530699091277318,0.014365305328019898,0.028247407534901642,0.03417631557108602,0.06056058649704543,0.3656775541426366,3,0.027258701509239303,3,1.3558228929011122,2.48328407005037,0.10451957652947332,0.27478523050386344,0.08976275224349302,0.6587492645750893,0.3025460736970532,0.48064766913607126,permute,0.995,2.013780981871891,3.2671955102724244,1.3747125235644144,2.1303824955480533,1.7175377471059479,0.5903292986809835,0.38573740857647765,0.48803335362873057,0,0.0,4.0450240057358515,3
layerwise_sample_limited,91,43,1,1.0,proportional,2,3.3771663191564434,0.2375533163073446,0.14249948634275525,3.33538;2.81247;0.273937;0.256303;0.169085;0.136026;0.107081;0.0944678,0.18,1000,1000,False,0.18022649266845586,0.014349790937795245,0.08654584689076683,0.09421753501931919,0.08050764997847362,0.541518183001071,1,0.04477785198806618,2,1.3155188265432882,1.86230949549886,0.16329528406753516,0.3367777404967032,0.1423721713904942,0.7759426015850935,0.34150327665944424,0.5587229391222689,permute,0.995,2.976797989251011,2.976797989251013,0.9999999999998871,0.9999999999991129,2.976797989251011,0.1620916457595269,0.173837173240835,0.16796440950018093,0,0.0,8.861326268808861,1
layerwise_sample_limited,91,43,2,2.0,proportional,2,3.3771663191564434,0.2375533163073446,0.14249948634275525,3.33538;2.81247;0.273937;0.256303;0.169085;0.136026;0.107081;0.0944678,0.18,1000,1000,False,0.18022649266845586,0.014349790937795245,0.017074721039090735,0.01971857214910697,0.1499279520624748,0.694392110505794,2,0.04477785198806618,2,1.3155188265432882,1.86230949549886,0.16329528406753516,0.3367777404967032,0.1423721713904942,0.7759426015850935,0.34150327665944424,0.5587229391222689,permute,0.995,3.9164287731294567,5.49634613372856,1.6065788202098699,1.9403272561468783,3.0898629292540507,0.2759905158033631,0.26787506884565626,0.2719327923245097,0,0.0,15.338414334996305,2
layerwise_sample_limited,91,43,4,4.0,proportional,2,3.3771663191564434,0.2375533163073446,0.14249948634275525,3.33538;2.81247;0.273937;0.256303;0.169085;0.136026;0.107081;0.0944678,0.18,1000,1000,False,0.18022649266845586,0.014349790937795245,0.017406295322037083,0.02038407469069899,0.1485513422698857,0.71023976031662,2,0.04477785198806618,2,1.3155188265432882,1.86230949549886,0.16329528406753516,0.3367777404967032,0.1423721713904942,0.7759426015850935,0.34150327665944424,0.5587229391222689,permute,0.995,3.8783749164034433,5.433097705883101,1.5684006144565459,1.9247425893368248,3.0968579665521765,0.41616801087519234,0.2825737549008633,0.3493708828880278,0,0.0,15.041790883554995,2
layerwise_sample_limited,91,43,8,8.0,proportional,2,3.3771663191564434,0.2375533163073446,0.14249948634275525,3.33538;2.81247;0.273937;0.256303;0.169085;0.136026;0.107081;0.0944678,0.18,1000,1000,False,0.18022649266845586,0.014349790937795245,0.0168900515704893,0.019344673399263036,0.15076158787073696,0.7016047022484695,2,0.04477785198806618,2,1.3155188265432882,1.86230949549886,0.16329528406753516,0.3367777404967032,0.1423721713904942,0.7759426015850935,0.34150327665944424,0.5587229391222689,permute,0.995,3.949473767719481,5.550185637855133,1.6206569264745108,1.9454641277354154,3.1023706904042974,0.47773851239492715,0.26557444796307417,0.37165648017900066,0,0.0,15.598340324667804,2
layerwise_sample_limited,91,43,16,16.0,proportional,2,3.3771663191564434,0.2375533163073446,0.14249948634275525,3.33538;2.81247;0.273937;0.256303;0.169085;0.136026;0.107081;0.0944678,0.18,1000,1000,False,0.18022649266845586,0.014349790937795245,0.016762882110520193,0.019047777844716562,0.15156446387920336,0.711764070387317,2,0.04477785198806618,2,1.3155188265432882,1.86230949549886,0.16329528406753516,0.3367777404967032,0.1423721713904942,0.7759426015850935,0.34150327665944424,0.5587229391222689,permute,0.995,3.971607114551663,5.5885090684361645,1.6247177598646412,1.9469027103707386,3.115855552736294,0.593563707355465,0.31437688339431646,0.45397029537489075,0,0.0,15.773651615994662,2
layerwise_sample_limited,91,43,32,32.0,proportional,2,3.3771663191564434,0.2375533163073446,0.14249948634275525,3.33538;2.81247;0.273937;0.256303;0.169085;0.136026;0.107081;0.0944678,0.18,1000,1000,False,0.18022649266845586,0.014349790937795245,0.01667383405401515,0.018895288352359985,0.1519128291376398,0.7090084919388677,2,0.04477785198806618,2,1.3155188265432882,1.86230949549886,0.16329528406753516,0.3367777404967032,0.1423721713904942,0.7759426015850935,0.34150327665944424,0.5587229391222689,permute,0.995,3.9865687431674144,5.619969168430609,1.623339603614571,1.9464678645195577,3.12892076410868,0.65031980188917,0.3561282242915101,0.50322401309034,0,0.0,15.892692843471508,2
layerwise_sample_limited,91,44,1,1.0,proportional,6,1.8891467939773896,0.1739016646553116,0.21956139043699135,2.02424;1.51988;1.28744;1.1405;1.01884;0.820196;0.153916;0.11788,0.18,1000,1000,False,0.10343516806185832,0.014422346227085686,0.06707269791483389,0.06780066717286731,0.03206101171027452,0.3019506382234843,1,0.021364819779938413,4,1.7452642559279876,3.9001876041143135,0.09641922883691197,0.2980872110895289,0.0729849065996727,0.8607008111234415,0.42300031406071437,0.641850562592078,permute,0.995,1.58145531817603,1.5814553181760311,0.9999999999996001,0.9999999999993998,1.58145531817603,0.16604761306151902,0.1717010157020372,0.1688743143817781,0,0.0,2.5010009233872483,1
layerwise_sample_limited,91,44,2,2.0,proportional,6,1.8891467939773896,0.1739016646553116,0.21956139043699135,2.02424;1.51988;1.28744;1.1405;1.01884;0.820196;0.153916;0.11788,0.18,1000,1000,False,0.10343516806185832,0.014422346227085686,0.05354783214296547,0.056210146576607944,0.04240346229049692,0.32211063350507846,2,0.021364819779938413,4,1.7452642559279876,3.9001876041143135,0.09641922883691197,0.2980872110895289,0.0729849065996727,0.8607008111234415,0.42300031406071437,0.641850562592078,permute,0.995,1.7677614219131221,2.292492450384423,1.1550280737590386,1.4833915715194363,1.644854100816694,0.29630183193443305,0.2343839334853729,0.26534288270990297,0,0.0,3.1249804448043035,2
layerwise_sample_limited,91,44,4,4.0,proportional,6,1.8891467939773896,0.1739016646553116,0.21956139043699135,2.02424;1.51988;1.28744;1.1405;1.01884;0.820196;0.153916;0.11788,0.18,1000,1000,False,0.10343516806185832,0.014422346227085686,0.05387946032233887,0.056671049901478046,0.04092065098002216,0.3176230154139166,2,0.021364819779938413,4,1.7452642559279876,3.9001876041143135,0.09641922883691197,0.2980872110895289,0.0729849065996727,0.8607008111234415,0.42300031406071437,0.641850562592078,permute,0.995,1.7410449482235393,2.210598586951472,1.0881949976494052,1.3290576754891807,1.6690010918099913,0.5167428993061712,0.32198757167583997,0.4193652354910056,0,0.0,3.029728700365056,2
layerwise_sample_limited,91,44,8,8.0,proportional,6,1.8891467939773896,0.1739016646553116,0.21956139043699135,2.02424;1.51988;1.28744;1.1405;1.01884;0.820196;0.153916;0.11788,0.18,1000,1000,False,0.10343516806185832,0.014422346227085686,0.04202044071026866,0.04651456813925816,0.047782523653857774,0.33965564889919286,3,0.021364819779938413,4,1.7452642559279876,3.9001876041143135,0.09641922883691197,0.2980872110895289,0.0729849065996727,0.8607008111234415,0.42300031406071437,0.641850562592078,permute,0.995,1.8721340602770324,2.9522806922765,1.2670701536325986,1.9131651517480084,1.6631698905052816,0.7843123355416413,0.478728454426037,0.6315203949838392,0,0.0,3.4967024038742505,3
layerwise_sample_limited,91,44,16,16.0,proportional,6,1.8891467939773896,0.1739016646553116,0.21956139043699135,2.02424;1.51988;1.28744;1.1405;1.01884;0.820196;0.153916;0.11788,0.18,1000,1000,False,0.10343516806185832,0.014422346227085686,0.039950520919431624,0.04432905621291409,0.050139422616560896,0.35704524053843417,3,0.021364819779938413,4,1.7452642559279876,3.9001876041143135,0.09641922883691197,0.2980872110895289,0.0729849065996727,0.8607008111234415,0.42300031406071437,0.641850562592078,permute,0.995,1.9546881934970017,3.1781860228116536,1.3285488319276615,2.0673205016546956,1.6958550493518367,0.7774016914132287,0.49424203072032497,0.6358218610667769,0,0.0,3.808853450687732,3
layerwise_sample_limited,91,44,32,32.0,proportional,6,1.8891467939773896,0.1739016646553116,0.21956139043699135,2.02424;1.51988;1.28744;1.1405;1.01884;0.820196;0.153916;0.11788,0.18,1000,1000,False,0.10343516806185832,0.014422346227085686,0.03616935436920064,0.04082177458723868,0.05151408147512957,0.36586604513459603,3,0.021364819779938413,4,1.7452642559279876,3.9001876041143135,0.09641922883691197,0.2980872110895289,0.0729849065996727,0.8607008111234415,0.42300031406071437,0.641850562592078,permute,0.995,2.014996781318967,3.472643817807387,1.3408976871852814,2.1691065478236244,1.740109331237915,0.7767572424947203,0.5143763045525575,0.6455667735236389,0,0.0,3.998328849471335,3
layerwise_sample_limited,91,45,1,1.0,proportional,5,2.3123339938950034,0.07240475144824814,0.22885217480836373,2.37884;2.13732;2.09382;1.80142;1.74789;0.365679;0.343595;0.312216,0.18,1000,1000,False,0.17831852141584137,0.014358992817157409,0.12595200401356185,0.12311770659052831,0.05097236379586244,0.3513958966148096,1,0.030481576672974953,4,1.7029060184831921,3.5405053932666304,0.13232411976346428,0.36850495154386,0.1014013351765366,0.9755725740842508,0.5057260221248736,0.7406492981045623,permute,0.995,1.9291298225336917,1.9291298225336933,0.9999999999997312,0.9999999999992688,1.9291298225336917,0.16523258335537022,0.1579967825915421,0.16161468297345616,0,0.0,3.721541872188873,1
layerwise_sample_limited,91,45,2,2.0,proportional,5,2.3123339938950034,0.07240475144824814,0.22885217480836373,2.37884;2.13732;2.09382;1.80142;1.74789;0.365679;0.343595;0.312216,0.18,1000,1000,False,0.17831852141584137,0.014358992817157409,0.0900494015585354,0.09272304884867112,0.07683105922244723,0.45288294271822765,2,0.030481576672974953,4,1.7029060184831921,3.5405053932666304,0.13232411976346428,0.36850495154386,0.1014013351765366,0.9755725740842508,0.5057260221248736,0.7406492981045623,permute,0.995,2.505653788310466,3.5249813028672503,1.6621004620723756,1.9588109981897854,1.9435352786567912,0.2761084608245724,0.2597106844656999,0.26790957264513615,0,0.0,6.278300906874591,2
layerwise_sample_limited,91,45,4,4.0,proportional,5,2.3123339938950034,0.07240475144824814,0.22885217480836373,2.37884;2.13732;2.09382;1.80142;1.74789;0.365679;0.343595;0.312216,0.18,1000,1000,False,0.17831852141584137,0.014358992817157409,0.05921769774571894,0.0650293870978642,0.09429312759987922,0.5041197479534931,3,0.030481576672974953,4,1.7029060184831921,3.5405053932666304,0.13232411976346428,0.36850495154386,0.1014013351765366,0.9755725740842508,0.5057260221248736,0.7406492981045623,permute,0.995,2.826866444507277,4.9742465006295165,2.010398278624428,2.776332478435224,1.993720336618456,0.5132133232170748,0.42094296386783764,0.46707814354245625,0,0.0,7.928883152505449,3
layerwise_sample_limited,91,45,8,8.0,proportional,5,2.3123339938950034,0.07240475144824814,0.22885217480836373,2.37884;2.13732;2.09382;1.80142;1.74789;0.365679;0.343595;0.312216,0.18,1000,1000,False,0.17831852141584137,0.014358992817157409,0.043459536157062884,0.05046750239758781,0.10263617129546834,0.5358455333470455,4,0.030481576672974953,4,1.7029060184831921,3.5405053932666304,0.13232411976346428,0.36850495154386,0.1014013351765366,0.9755725740842508,0.5057260221248736,0.7406492981045623,permute,0.995,3.017300482078517,5.843065833109275,2.2013646621284018,3.2786273532248593,2.0336329355693032,0.7561394185925828,0.5115684149132126,0.6338539167528977,0,0.0,9.047210273060628,4
layerwise_sample_limited,91,45,16,16.0,proportional,5,2.3123339938950034,0.07240475144824814,0.22885217480836373,2.37884;2.13732;2.09382;1.80142;1.74789;0.365679;0.343595;0.312216,0.18,1000,1000,False,0.17831852141584137,0.014358992817157409,0.03512738368191504,0.04313023352665419,0.10826098407012297,0.5473335145485098,5,0.030481576672974953,4,1.7029060184831921,3.5405053932666304,0.13232411976346428,0.36850495154386,0.1014013351765366,0.9755725740842508,0.5057260221248736,0.7406492981045623,permute,0.995,3.1198844771865057,6.373171745128456,2.3625227314072506,3.6800333342670686,2.029787227545659,0.9036706207597112,0.5529741391110683,0.7283223799353897,0,0.0,9.733673693568548,5
layerwise_sample_limited,91,45,32,32.0,proportional,5,2.3123339938950034,0.07240475144824814,0.22885217480836373,2.37884;2.13732;2.09382;1.80142;1.74789;0.365679;0.343595;0.312216,0.18,1000,1000,False,0.17831852141584137,0.014358992817157409,0.02632846933660193,0.033880463391211424,0.12045433493623317,0.5946153115731728,5,0.030481576672974953,4,1.7029060184831921,3.5405053932666304,0.13232411976346428,0.36850495154386,0.1014013351765366,0.9755725740842508,0.5057260221248736,0.7406492981045623,permute,0.995,3.3998396327880602,7.294483367934779,2.741246027076561,4.261899060652146,2.053451380983586,0.8994074327773721,0.5840159543302139,0.7417116935537931,0,0.0,11.55889653302017,5
layerwise_sample_limited,91,46,1,1.0,proportional,6,1.7916055257298191,0.14398285842435743,0.13487793408228627,1.80556;1.49768;1.36078;1.18047;0.936323;0.91699;0.106772;0.0860448,0.18,1000,1000,False,0.09583407853360136,0.01440735706988388,0.07089093883933867,0.0750902500071589,0.017378512830811703,0.1574407224539096,1,0.018962380813717566,4,1.725461378540085,4.144828388294397,0.08214684936555272,0.27048477236271146,0.0625371794616222,0.8301772163503625,0.4245734959058471,0.6273753561281048,permute,0.995,0.7808817737440437,0.7808817737440442,0.9999999999983601,1.00000000000064,0.7808817737440437,0.16501282587954466,0.1427382774625091,0.1538755516710269,0,0.0,0.6097763445656438,1
layerwise_sample_limited,91,46,2,2.0,proportional,6,1.7916055257298191,0.14398285842435743,0.13487793408228627,1.80556;1.49768;1.36078;1.18047;0.936323;0.91699;0.106772;0.0860448,0.18,1000,1000,False,0.09583407853360136,0.01440735706988388,0.06267822418920369,0.06630628880357264,0.02347438801617532,0.2313297696617503,1,0.018962380813717566,4,1.725461378540085,4.144828388294397,0.08214684936555272,0.27048477236271146,0.0625371794616222,0.8301772163503625,0.4245734959058471,0.6273753561281048,permute,0.995,1.2229975387784404,1.3422490948236208,1.0106820132409569,1.0603516742100523,1.216517370788094,0.28214629238088995,0.21062855438958952,0.24638742338523972,0,0.0,1.4799145134291771,1
layerwise_sample_limited,91,46,4,4.0,proportional,6,1.7916055257298191,0.14398285842435743,0.13487793408228627,1.80556;1.49768;1.36078;1.18047;0.936323;0.91699;0.106772;0.0860448,0.18,1000,1000,False,0.09583407853360136,0.01440735706988388,0.05456325384727889,0.059206609991082106,0.026992805717166647,0.23956609868237036,2,0.018962380813717566,4,1.725461378540085,4.144828388294397,0.08214684936555272,0.27048477236271146,0.0625371794616222,0.8301772163503625,0.4245734959058471,0.6273753561281048,permute,0.995,1.2959501377460765,1.7327002634482105,1.0777566046074407,1.3440203203698105,1.2483257978442255,0.5218554263006987,0.3308323349882339,0.42634388064446627,0,0.0,1.6562410384631536,2
layerwise_sample_limited,91,46,8,8.0,proportional,6,1.7916055257298191,0.14398285842435743,0.13487793408228627,1.80556;1.49768;1.36078;1.18047;0.936323;0.91699;0.106772;0.0860448,0.18,1000,1000,False,0.09583407853360136,0.01440735706988388,0.050740032847641454,0.05600662488654126,0.027979781687670922,0.23929444090802252,2,0.018962380813717566,4,1.725461378540085,4.144828388294397,0.08214684936555272,0.27048477236271146,0.0625371794616222,0.8301772163503625,0.4245734959058471,0.6273753561281048,permute,0.995,1.310037936521511,1.9234754022139078,1.1402298531577346,1.573286657053874,1.2268392691253511,0.7650439164124583,0.40845946280433343,0.5867516896083959,0,0.0,1.659492524408069,2
layerwise_sample_limited,91,46,16,16.0,proportional,6,1.7916055257298191,0.14398285842435743,0.13487793408228627,1.80556;1.49768;1.36078;1.18047;0.936323;0.91699;0.106772;0.0860448,0.18,1000,1000,False,0.09583407853360136,0.01440735706988388,0.04375165168823109,0.04946573726745292,0.03208723227339409,0.26290140305408305,3,0.018962380813717566,4,1.725461378540085,4.144828388294397,0.08214684936555272,0.27048477236271146,0.0625371794616222,0.8301772163503625,0.4245734959058471,0.6273753561281048,permute,0.995,1.4397889580629264,2.4070658304682455,1.2646864500533674,2.035750439557825,1.2802872067093307,0.7857215935860319,0.48778490064641916,0.6367532471162255,0,0.0,2.014114521729155,3
layerwise_sample_limited,91,46,32,32.0,proportional,6,1.7916055257298191,0.14398285842435743,0.13487793408228627,1.80556;1.49768;1.36078;1.18047;0.936323;0.91699;0.106772;0.0860448,0.18,1000,1000,False,0.09583407853360136,0.01440735706988388,0.039293152932068136,0.04518211517746446,0.03599276872664271,0.28783124378431535,4,0.018962380813717566,4,1.725461378540085,4.144828388294397,0.08214684936555272,0.27048477236271146,0.0625371794616222,0.8301772163503625,0.4245734959058471,0.6273753561281048,permute,0.995,1.565483692643472,2.7826804102649803,1.4132364639314516,2.3762239168884327,1.316864623286505,0.8081362130160922,0.5100186733136801,0.6590774431648861,0,0.0,2.4470246632018764,4
layerwise_sample_limited,91,47,1,1.0,proportional,6,2.879049724422222,0.14852363255075246,0.11728158063793151,3.12684;2.34237;2.14925;1.87305;1.57617;1.47221;0.128955;0.117446,0.18,1000,1000,False,0.21987720917208814,0.014434510140729006,0.14588879643452748,0.15244976906833005,0.06033491854296897,0.5249657312409479,1,0.028259525900842047,5,2.104924829181195,4.551393671308439,0.12943358747725378,0.3844439234110191,0.0892131128327033,0.903364854137496,0.4438376942475277,0.6736012741925119,permute,0.995,2.807933580395844,2.807933580395846,0.9999999999998732,0.9999999999991267,2.807933580395844,0.17877182019973573,0.16101401057822848,0.1698929153889821,0,0.0,7.884490991914624,1
layerwise_sample_limited,91,47,2,2.0,proportional,6,2.879049724422222,0.14852363255075246,0.11728158063793151,3.12684;2.34237;2.14925;1.87305;1.57617;1.47221;0.128955;0.117446,0.18,1000,1000,False,0.21987720917208814,0.014434510140729006,0.1068548166972171,0.1109685657470274,0.0964652714237999,0.6108885232442698,2,0.028259525900842047,5,2.104924829181195,4.551393671308439,0.12943358747725378,0.3844439234110191,0.0892131128327033,0.903364854137496,0.4438376942475277,0.6736012741925119,permute,0.995,3.3280194037834474,4.577564839383133,1.3771827162172892,1.7987281634206758,2.835894484345955,0.2790974228764841,0.2812055961527874,0.28015150951463574,0,0.0,11.075713151959132,2
layerwise_sample_limited,91,47,4,4.0,proportional,6,2.879049724422222,0.14852363255075246,0.11728158063793151,3.12684;2.34237;2.14925;1.87305;1.57617;1.47221;0.128955;0.117446,0.18,1000,1000,False,0.21987720917208814,0.014434510140729006,0.058314410770866965,0.06573001289752739,0.12918293976636633,0.6658350728262865,4,0.028259525900842047,5,2.104924829181195,4.551393671308439,0.12943358747725378,0.3844439234110191,0.0892131128327033,0.903364854137496,0.4438376942475277,0.6736012741925119,permute,0.995,3.686741026886251,6.72706844686347,1.686090321755595,2.867085875249975,2.839240714505916,0.5157842544339425,0.4445052073913618,0.48014473091265214,0,0.0,13.592059399326288,4
layerwise_sample_limited,91,47,8,8.0,proportional,6,2.879049724422222,0.14852363255075246,0.11728158063793151,3.12684;2.34237;2.14925;1.87305;1.57617;1.47221;0.128955;0.117446,0.18,1000,1000,False,0.21987720917208814,0.014434510140729006,0.03587178245041939,0.04502380357910901,0.14758111914449454,0.7069179778625582,5,0.028259525900842047,5,2.104924829181195,4.551393671308439,0.12943358747725378,0.3844439234110191,0.0892131128327033,0.903364854137496,0.4438376942475277,0.6736012741925119,permute,0.995,3.9456669514491107,8.129744021536103,1.8969857060227078,3.587671290704897,2.864760995546406,0.8094695034478413,0.602294477591334,0.7058819905195877,0,0.0,15.565174177713265,5
layerwise_sample_limited,91,47,16,16.0,proportional,6,2.879049724422222,0.14852363255075246,0.11728158063793151,3.12684;2.34237;2.14925;1.87305;1.57617;1.47221;0.128955;0.117446,0.18,1000,1000,False,0.21987720917208814,0.014434510140729006,0.03347834718228341,0.04245423540403256,0.15120067122302314,0.7124990631699938,5,0.028259525900842047,5,2.104924829181195,4.551393671308439,0.12943358747725378,0.3844439234110191,0.0892131128327033,0.903364854137496,0.4438376942475277,0.6736012741925119,permute,0.995,4.032812277623356,8.400524225606809,1.9800408117296984,3.685537433792635,2.8659653519250403,0.7961469980607606,0.6118523446098486,0.7039996713353046,0,0.0,16.25348545897274,5
layerwise_sample_limited,91,47,32,32.0,proportional,6,2.879049724422222,0.14852363255075246,0.11728158063793151,3.12684;2.34237;2.14925;1.87305;1.57617;1.47221;0.128955;0.117446,0.18,1000,1000,False,0.21987720917208814,0.014434510140729006,0.029222642185776786,0.03787653922953933,0.15625666139202193,0.7433132938754807,5,0.028259525900842047,5,2.104924829181195,4.551393671308439,0.12943358747725378,0.3844439234110191,0.0892131128327033,0.903364854137496,0.4438376942475277,0.6736012741925119,permute,0.995,4.132866110700717,8.820474610483243,2.054778265138214,3.8640309645067537,2.88316073227343,0.8229128042734011,0.6412836116295547,0.732098207951478,0,0.0,17.03279356035007,5
