experiment,seed,layer,rank,alpha,alpha_rule,true_k_strong,spike_peak,spike_decay,weak_factor,task_spikes,lr,steps,steps_completed,diverged,base_val_loss,oracle_val_loss,final_train_loss,final_val_loss,forgetting_loss,adapter_edge,adapter_detectable_rank,gradient_edge,gradient_detectable_rank,gradient_stable_rank,gradient_effective_rank,gradient_frobenius,gradient_nuclear,gradient_top_sv,gradient_left_overlap_true,gradient_right_overlap_true,gradient_mean_overlap_true,gradient_null_method,gradient_null_quantile,adapter_frobenius,adapter_nuclear,adapter_stable_rank,adapter_effective_rank,adapter_top_sv,adapter_left_overlap_true,adapter_right_overlap_true,adapter_mean_overlap_true,intruder_count,intruder_energy,detectable_signal_energy,detectable_adapter_rank
layerwise_hard_knee,81,0,1,1.0,proportional,1,2.5386053167432476,0.16592597107028942,0.052732496640800756,2.66669;0.113603;0.101353;0.0852015;0.0682543;0.0599763;0.0506425;0.04427,0.2,900,900,False,0.0537224229687055,0.0025131304891135805,0.004136671268395791,0.004460650908632907,0.043069574298540976,0.4082560039399808,1,0.01459243683427665,1,1.008258976981338,1.072212643405423,0.0619923951582495,0.09706320901433363,0.06173797314491034,0.9165030226863131,0.4999808023325409,0.708241912509427,permute,0.995,2.248629198994351,2.2486291989943528,0.9999999999998022,0.9999999999991979,2.248629198994351,0.18549408049047375,0.15689460538090813,0.17119434293569094,0,0.0,5.056333274569977,1
layerwise_hard_knee,81,0,2,2.0,proportional,1,2.5386053167432476,0.16592597107028942,0.052732496640800756,2.66669;0.113603;0.101353;0.0852015;0.0682543;0.0599763;0.0506425;0.04427,0.2,900,900,False,0.0537224229687055,0.0025131304891135805,0.004559839417149472,0.004951830489183521,0.041613989790172785,0.41351868027072014,1,0.01459243683427665,1,1.008258976981338,1.072212643405423,0.0619923951582495,0.09706320901433363,0.06173797314491034,0.9165030226863131,0.4999808023325409,0.708241912509427,permute,0.995,2.1775734215484435,2.177811834212453,1.0000000119881713,1.0000002306466522,2.177573408495652,0.2767411467507896,0.17801765184583807,0.22737939929831383,0,0.0,4.741825949387373,1
layerwise_hard_knee,81,0,4,4.0,proportional,1,2.5386053167432476,0.16592597107028942,0.052732496640800756,2.66669;0.113603;0.101353;0.0852015;0.0682543;0.0599763;0.0506425;0.04427,0.2,900,900,False,0.0537224229687055,0.0025131304891135805,0.0033202509267705573,0.0034966952331463045,0.046626467946392545,0.4415590587331017,1,0.01459243683427665,1,1.008258976981338,1.072212643405423,0.0619923951582495,0.09706320901433363,0.06173797314491034,0.9165030226863131,0.4999808023325409,0.708241912509427,permute,0.995,2.4311480340432734,2.431756154508962,1.0000000219615979,1.0000004312148276,2.4311480073471206,0.4101440196099535,0.1816036233584999,0.2958738214842267,0,0.0,5.910480633627875,1
layerwise_hard_knee,81,0,8,8.0,proportional,1,2.5386053167432476,0.16592597107028942,0.052732496640800756,2.66669;0.113603;0.101353;0.0852015;0.0682543;0.0599763;0.0506425;0.04427,0.2,900,900,False,0.0537224229687055,0.0025131304891135805,0.0032018337168934707,0.0033566075869403997,0.04726387083436661,0.4490559547757199,1,0.01459243683427665,1,1.008258976981338,1.072212643405423,0.0619923951582495,0.09706320901433363,0.06173797314491034,0.9165030226863131,0.4999808023325409,0.708241912509427,permute,0.995,2.465521875237665,2.467148072186934,1.0000000930724484,1.0000017122114992,2.465521760501391,0.5594998863007411,0.17760707713329094,0.368553481717016,0,0.0,6.078797551505879,1
layerwise_hard_knee,81,0,16,16.0,proportional,1,2.5386053167432476,0.16592597107028942,0.052732496640800756,2.66669;0.113603;0.101353;0.0852015;0.0682543;0.0599763;0.0506425;0.04427,0.2,900,900,False,0.0537224229687055,0.0025131304891135805,0.0032334382690550334,0.0033907282091916497,0.04709601042833317,0.44592959705392093,1,0.01459243683427665,1,1.008258976981338,1.072212643405423,0.0619923951582495,0.09706320901433363,0.06173797314491034,0.9165030226863131,0.4999808023325409,0.708241912509427,permute,0.995,2.455513745056944,2.458515478182035,1.0000001782736327,1.0000032469349787,2.4555135261800918,0.6388200843523972,0.2051416510345836,0.4219808676934904,0,0.0,6.029546677253386,1
layerwise_hard_knee,81,0,32,32.0,proportional,1,2.5386053167432476,0.16592597107028942,0.052732496640800756,2.66669;0.113603;0.101353;0.0852015;0.0682543;0.0599763;0.0506425;0.04427,0.2,900,900,False,0.0537224229687055,0.0025131304891135805,0.003180411166005513,0.0033293111161044435,0.04740216494816065,0.4444449195220933,1,0.01459243683427665,1,1.008258976981338,1.072212643405423,0.0619923951582495,0.09706320901433363,0.06173797314491034,0.9165030226863131,0.4999808023325409,0.708241912509427,permute,0.995,2.4715140260479767,2.4768490626464046,1.0000003391398185,1.0000060786578873,2.4715136069534718,0.7223978515599815,0.2334123120483799,0.4779050818041807,0,0.0,6.10837950935616,1
layerwise_hard_knee,81,1,1,1.0,proportional,4,2.85419399626721,0.17844932996178972,0.03310795437508113,2.93477;2.40483;2.04336;1.59759;0.0488431;0.039021;0.0309243;0.0265194,0.2,900,900,False,0.1430506609180924,0.0025121141416497178,0.0861672116780592,0.08507870079472322,0.052604754151753315,0.44394891776184026,1,0.023681745098436312,4,1.5145712290285542,2.7355933038877116,0.10358594694377257,0.21436389736170094,0.0841697406944561,0.7783607044399623,0.4158873592227905,0.5971240318313764,permute,0.995,2.402959608523638,2.40295960852364,0.9999999999998268,0.9999999999991731,2.402959608523638,0.17482541492207046,0.1661218256775578,0.1704736202998141,0,0.0,5.774214880196077,1
layerwise_hard_knee,81,1,2,2.0,proportional,4,2.85419399626721,0.17844932996178972,0.03310795437508113,2.93477;2.40483;2.04336;1.59759;0.0488431;0.039021;0.0309243;0.0265194,0.2,900,900,False,0.1430506609180924,0.0025121141416497178,0.06498769524496255,0.06643216794242605,0.06101698725340807,0.4677164460611923,2,0.023681745098436312,4,1.5145712290285542,2.7355933038877116,0.10358594694377257,0.21436389736170094,0.0841697406944561,0.7783607044399623,0.4158873592227905,0.5971240318313764,permute,0.995,2.5692393620871323,3.165496240940318,1.0779492570236793,1.2963856543208436,2.474602277267742,0.2760020902271922,0.2388094811906005,0.25740578570889633,0,0.0,6.600990899697897,2
layerwise_hard_knee,81,1,4,4.0,proportional,4,2.85419399626721,0.17844932996178972,0.03310795437508113,2.93477;2.40483;2.04336;1.59759;0.0488431;0.039021;0.0309243;0.0265194,0.2,900,900,False,0.1430506609180924,0.0025121141416497178,0.02553447486785444,0.028244028490312843,0.08693496898884183,0.55063757895883,3,0.023681745098436312,4,1.5145712290285542,2.7355933038877116,0.10358594694377257,0.21436389736170094,0.0841697406944561,0.7783607044399623,0.4158873592227905,0.5971240318313764,permute,0.995,3.0867067878656194,5.301203396888538,1.4956718269056963,2.43559812845465,2.5239295037260154,0.515668384628082,0.444420489908507,0.4800444372682945,0,0.0,9.39833257409437,3
layerwise_hard_knee,81,1,8,8.0,proportional,4,2.85419399626721,0.17844932996178972,0.03310795437508113,2.93477;2.40483;2.04336;1.59759;0.0488431;0.039021;0.0309243;0.0265194,0.2,900,900,False,0.1430506609180924,0.0025121141416497178,0.02450836369387965,0.02748185396903538,0.08992539364968104,0.5669182958622113,3,0.023681745098436312,4,1.5145712290285542,2.7355933038877116,0.10358594694377257,0.21436389736170094,0.0841697406944561,0.7783607044399623,0.4158873592227905,0.5971240318313764,permute,0.995,3.17175824801883,5.466614696020804,1.524838501375844,2.450261056415965,2.5685507636058067,0.6117856042045458,0.4500695888271599,0.5309275965158529,0,0.0,9.875572571209497,3
layerwise_hard_knee,81,1,16,16.0,proportional,4,2.85419399626721,0.17844932996178972,0.03310795437508113,2.93477;2.40483;2.04336;1.59759;0.0488431;0.039021;0.0309243;0.0265194,0.2,900,900,False,0.1430506609180924,0.0025121141416497178,0.02175658480587383,0.02451668907222217,0.09319931258733272,0.5815145091577375,3,0.023681745098436312,4,1.5145712290285542,2.7355933038877116,0.10358594694377257,0.21436389736170094,0.0841697406944561,0.7783607044399623,0.4158873592227905,0.5971240318313764,permute,0.995,3.2617702230954073,5.71095933228734,1.590864818421948,2.565042471348368,2.5860488531261154,0.6943124236500331,0.4626300309236668,0.57847122728685,0,0.0,10.401310300407575,3
layerwise_hard_knee,81,1,32,32.0,proportional,4,2.85419399626721,0.17844932996178972,0.03310795437508113,2.93477;2.40483;2.04336;1.59759;0.0488431;0.039021;0.0309243;0.0265194,0.2,900,900,False,0.1430506609180924,0.0025121141416497178,0.012149576160958069,0.014494288402976592,0.10492395235613515,0.6516210717508466,4,0.023681745098436312,4,1.5145712290285542,2.7355933038877116,0.10358594694377257,0.21436389736170094,0.0841697406944561,0.7783607044399623,0.4158873592227905,0.5971240318313764,permute,0.995,3.5325387815671934,6.580573480575218,1.822362658145013,3.0661410843383363,2.6167939951559167,0.710935766886996,0.4931898976376914,0.6020628322623437,0,0.0,12.478829608704046,4
layerwise_hard_knee,81,2,1,1.0,proportional,8,3.655736966012273,0.026796341344861183,0.07862282936191174,3.58844;3.49321;3.46334;3.3651;3.34517;3.12517;3.08837;3.07736,0.2,900,900,False,0.7233864683625983,0.0024942574905359974,0.5600968611192253,0.575651098638688,0.14546696173713908,0.576160747859956,1,0.06518370973617475,4,2.0470310640045617,4.808690297150342,0.2620390280131122,0.6752769648300163,0.18314866746996067,0.9999527620531445,0.5147155114838836,0.757334136768514,permute,0.995,3.211535589588459,3.2115355895884616,0.9999999999999031,0.999999999999097,3.211535589588459,0.17740190789821825,0.1784503633658411,0.1779261356320297,0,0.0,10.313960843193291,1
layerwise_hard_knee,81,2,2,2.0,proportional,8,3.655736966012273,0.026796341344861183,0.07862282936191174,3.58844;3.49321;3.46334;3.3651;3.34517;3.12517;3.08837;3.07736,0.2,900,900,False,0.7233864683625983,0.0024942574905359974,0.4357017642609109,0.4501177954946546,0.26775785181378803,0.8287212974497723,2,0.06518370973617475,4,2.0470310640045617,4.808690297150342,0.2620390280131122,0.6752769648300163,0.18314866746996067,0.9999527620531445,0.5147155114838836,0.757334136768514,permute,0.995,4.559503216799581,6.4480090333263425,1.9777246184910726,1.9998731431026848,3.242161293313999,0.2940065916057248,0.2781904488130761,0.2860985202094004,0,0.0,20.789069584005727,2
layerwise_hard_knee,81,2,4,4.0,proportional,8,3.655736966012273,0.026796341344861183,0.07862282936191174,3.58844;3.49321;3.46334;3.3651;3.34517;3.12517;3.08837;3.07736,0.2,900,900,False,0.7233864683625983,0.0024942574905359974,0.2775848379746443,0.28796357301613507,0.4180974115211732,1.119870583699413,4,0.06518370973617475,4,2.0470310640045617,4.808690297150342,0.2620390280131122,0.6752769648300163,0.18314866746996067,0.9999527620531445,0.5147155114838836,0.757334136768514,permute,0.995,6.235233065049093,12.453695736458936,3.523220203327116,3.9785919513571586,3.321871263079281,0.5135227919094346,0.5088265430688331,0.5111746674891339,0,0.0,38.8781313754815,4
layerwise_hard_knee,81,2,8,8.0,proportional,8,3.655736966012273,0.026796341344861183,0.07862282936191174,3.58844;3.49321;3.46334;3.3651;3.34517;3.12517;3.08837;3.07736,0.2,900,900,False,0.7233864683625983,0.0024942574905359974,0.02287762493394664,0.029218918951037263,0.6334119459177809,1.4722350923575598,8,0.06518370973617475,4,2.0470310640045617,4.808690297150342,0.2620390280131122,0.6752769648300163,0.18314866746996067,0.9999527620531445,0.5147155114838836,0.757334136768514,permute,0.995,8.175953176489232,22.674765249879467,5.746009207763704,7.47575308275409,3.4107920088553363,0.9999659455071573,0.9605914117832434,0.9802786786452004,0,0.0,66.84621034414438,8
layerwise_hard_knee,81,2,16,16.0,proportional,8,3.655736966012273,0.026796341344861183,0.07862282936191174,3.58844;3.49321;3.46334;3.3651;3.34517;3.12517;3.08837;3.07736,0.2,900,900,False,0.7233864683625983,0.0024942574905359974,0.007970300525924602,0.010627789468881267,0.6718779951201657,1.5511667464902554,8,0.06518370973617475,4,2.0470310640045617,4.808690297150342,0.2620390280131122,0.6752769648300163,0.18314866746996067,0.9999527620531445,0.5147155114838836,0.757334136768514,permute,0.995,8.652720639664484,24.378080731623605,6.332546470052209,7.876963795216011,3.43845614539495,0.9999687012455282,0.9847610202753219,0.992364860760425,0,0.0,74.86957436421478,8
layerwise_hard_knee,81,2,32,32.0,proportional,8,3.655736966012273,0.026796341344861183,0.07862282936191174,3.58844;3.49321;3.46334;3.3651;3.34517;3.12517;3.08837;3.07736,0.2,900,900,False,0.7233864683625983,0.0024942574905359974,0.005851191520256472,0.007642618962005919,0.6828951875815307,1.5771292843954003,8,0.06518370973617475,4,2.0470310640045617,4.808690297150342,0.2620390280131122,0.6752769648300163,0.18314866746996067,0.9999527620531445,0.5147155114838836,0.757334136768514,permute,0.995,8.8211407745346,24.877623439452265,6.502062157816726,7.905828817889844,3.4593873618868165,0.9999691011321834,0.9895789490352557,0.9947740250837196,0,0.0,77.81252425299843,8
layerwise_hard_knee,81,3,1,1.0,proportional,8,2.7247299428100784,0.17454708203056887,0.02166932883549403,2.83026;2.37764;1.98521;1.6278;1.31429;1.14567;0.912254;0.796032,0.2,900,900,False,0.1936917666435935,0.0025028233129512543,0.14874779164450797,0.15414174243222634,0.03372932135485115,0.2685706942301411,1,0.028782744957191086,4,2.400444686481772,4.505963909715105,0.12528873327554826,0.3207134852964094,0.08086603824717144,0.9996861629460491,0.5340416181130722,0.7668638905295606,permute,0.995,1.4856006612572397,1.4856006612572406,0.9999999999995468,0.9999999999994532,1.4856006612572397,0.1564710005416643,0.162287370833161,0.15937918568741266,0,0.0,2.207009324727948,1
layerwise_hard_knee,81,3,2,2.0,proportional,8,2.7247299428100784,0.17454708203056887,0.02166932883549403,2.83026;2.37764;1.98521;1.6278;1.31429;1.14567;0.912254;0.796032,0.2,900,900,False,0.1936917666435935,0.0025028233129512543,0.09197255432497109,0.09670790353359215,0.08507646671227297,0.5184576059526784,2,0.028782744957191086,4,2.400444686481772,4.505963909715105,0.12528873327554826,0.3207134852964094,0.08086603824717144,0.9996861629460491,0.5340416181130722,0.7668638905295606,permute,0.995,2.865795511252307,4.047084495740427,1.8075636085299163,1.9886765635982722,2.1315641310296107,0.2857567475484824,0.2650755125565514,0.27541613005251686,0,0.0,8.212783912313872,2
layerwise_hard_knee,81,3,4,4.0,proportional,8,2.7247299428100784,0.17454708203056887,0.02166932883549403,2.83026;2.37764;1.98521;1.6278;1.31429;1.14567;0.912254;0.796032,0.2,900,900,False,0.1936917666435935,0.0025028233129512543,0.05370420673646748,0.05894195575512473,0.11673882391684358,0.5964218575291379,3,0.028782744957191086,4,2.400444686481772,4.505963909715105,0.12528873327554826,0.3207134852964094,0.08086603824717144,0.9996861629460491,0.5340416181130722,0.7668638905295606,permute,0.995,3.3022169570909696,5.746483012245686,2.1370933642111707,2.835272690548602,2.2588836153033016,0.5110689656951798,0.4395913169543662,0.475330141324773,0,0.0,10.887563071601745,3
layerwise_hard_knee,81,3,8,8.0,proportional,8,2.7247299428100784,0.17454708203056887,0.02166932883549403,2.83026;2.37764;1.98521;1.6278;1.31429;1.14567;0.912254;0.796032,0.2,900,900,False,0.1936917666435935,0.0025028233129512543,0.044058016888546894,0.048565633738068284,0.12312064641064338,0.6144938559861238,3,0.028782744957191086,4,2.400444686481772,4.505963909715105,0.12528873327554826,0.3207134852964094,0.08086603824717144,0.9996861629460491,0.5340416181130722,0.7668638905295606,permute,0.995,3.4596966944693652,6.374161489644235,2.2422825791829695,3.0520845784179067,2.310430213658266,0.9987095503849924,0.6467552022565792,0.8227323763207859,0,0.0,11.76854556112082,3
layerwise_hard_knee,81,3,16,16.0,proportional,8,2.7247299428100784,0.17454708203056887,0.02166932883549403,2.83026;2.37764;1.98521;1.6278;1.31429;1.14567;0.912254;0.796032,0.2,900,900,False,0.1936917666435935,0.0025028233129512543,0.037606040971604825,0.041623614672877944,0.12845387120195803,0.6351859048504434,4,0.028782744957191086,4,2.400444686481772,4.505963909715105,0.12528873327554826,0.3207134852964094,0.08086603824717144,0.9996861629460491,0.5340416181130722,0.7668638905295606,permute,0.995,3.5556388714575067,6.830758598486862,2.253836845988467,3.2533010746331303,2.368407393487136,0.9989470026032726,0.6776625123581205,0.8383047574806965,0,0.0,12.622553832868247,4
layerwise_hard_knee,81,3,32,32.0,proportional,8,2.7247299428100784,0.17454708203056887,0.02166932883549403,2.83026;2.37764;1.98521;1.6278;1.31429;1.14567;0.912254;0.796032,0.2,900,900,False,0.1936917666435935,0.0025028233129512543,0.029799740649789096,0.0331761443908517,0.13500072317413303,0.6525444535977339,4,0.028782744957191086,4,2.400444686481772,4.505963909715105,0.12528873327554826,0.3207134852964094,0.08086603824717144,0.9996861629460491,0.5340416181130722,0.7668638905295606,permute,0.995,3.6822513707488014,7.455018015581596,2.2692404365664887,3.4938699010330003,2.4444050686610783,0.9994597218485409,0.7435543756370512,0.871507048742796,0,0.0,13.373745147176626,4
layerwise_hard_knee,81,4,1,1.0,proportional,3,2.6047080763324644,0.14234857457017241,0.03064872502003252,2.57989;2.22815;1.8018;0.0504461;0.0410609;0.0394202;0.0320764;0.0281455,0.2,900,900,False,0.13854418476865418,0.0024936422055490755,0.0598339973953277,0.061562794590185224,0.07372633455565056,0.4250572306485332,1,0.02452424847441528,3,1.5608020807419976,2.3290752282245166,0.10808500136366807,0.2017035235427676,0.08651502043419079,0.7847467499615626,0.40387559979775695,0.5943111748796598,permute,0.995,2.331183340975023,2.331183340975025,0.9999999999998159,0.9999999999991841,2.331183340975023,0.17296046744413138,0.1571719785451386,0.16506622299463497,0,0.0,5.434415769239471,1
layerwise_hard_knee,81,4,2,2.0,proportional,3,2.6047080763324644,0.14234857457017241,0.03064872502003252,2.57989;2.22815;1.8018;0.0504461;0.0410609;0.0394202;0.0320764;0.0281455,0.2,900,900,False,0.13854418476865418,0.0024936422055490755,0.02662830586466208,0.029995136038289974,0.0982687111578486,0.49104988435621616,2,0.02452424847441528,3,1.5608020807419976,2.3290752282245166,0.10808500136366807,0.2017035235427676,0.08651502043419079,0.7847467499615626,0.40387559979775695,0.5943111748796598,permute,0.995,2.7350703275615373,3.7864697834424463,1.4287752019724986,1.8421785541560676,2.288160825439333,0.2851901870521737,0.2781063620708944,0.2816482745615341,0,0.0,7.4806096967075755,2
layerwise_hard_knee,81,4,4,4.0,proportional,3,2.6047080763324644,0.14234857457017241,0.03064872502003252,2.57989;2.22815;1.8018;0.0504461;0.0410609;0.0394202;0.0320764;0.0281455,0.2,900,900,False,0.13854418476865418,0.0024936422055490755,0.024672984617419843,0.027716126368970036,0.1011322600173122,0.5200518178970805,2,0.02452424847441528,3,1.5608020807419976,2.3290752282245166,0.10808500136366807,0.2017035235427676,0.08651502043419079,0.7847467499615626,0.40387559979775695,0.5943111748796598,permute,0.995,2.8579165820555597,4.001621768042317,1.4522342164952449,1.8618133277444444,2.3715441588359085,0.42879401431397235,0.3387065601392448,0.3837502872266086,0,0.0,8.166425272830548,2
layerwise_hard_knee,81,4,8,8.0,proportional,3,2.6047080763324644,0.14234857457017241,0.03064872502003252,2.57989;2.22815;1.8018;0.0504461;0.0410609;0.0394202;0.0320764;0.0281455,0.2,900,900,False,0.13854418476865418,0.0024936422055490755,0.012724167652170522,0.014900268985434478,0.10720861906416106,0.5384374504006091,3,0.02452424847441528,3,1.5608020807419976,2.3290752282245166,0.10808500136366807,0.2017035235427676,0.08651502043419079,0.7847467499615626,0.40387559979775695,0.5943111748796598,permute,0.995,2.984530187670334,4.6712075762945995,1.6110653502800711,2.191325167541785,2.351361469650372,0.557249564169877,0.3530056119826066,0.4551275880762418,0,0.0,8.907420332572565,3
layerwise_hard_knee,81,4,16,16.0,proportional,3,2.6047080763324644,0.14234857457017241,0.03064872502003252,2.57989;2.22815;1.8018;0.0504461;0.0410609;0.0394202;0.0320764;0.0281455,0.2,900,900,False,0.13854418476865418,0.0024936422055490755,0.012799749585359352,0.014990682763261133,0.10747635619684666,0.5350703084777391,3,0.02452424847441528,3,1.5608020807419976,2.3290752282245166,0.10808500136366807,0.2017035235427676,0.08651502043419079,0.7847467499615626,0.40387559979775695,0.5943111748796598,permute,0.995,2.9950199245042994,4.679865860701332,1.5860450311223,2.176307695575829,2.3781648677376372,0.5556191792420808,0.3595742503031391,0.45759671477261,0,0.0,8.970144080530714,3
layerwise_hard_knee,81,4,32,32.0,proportional,3,2.6047080763324644,0.14234857457017241,0.03064872502003252,2.57989;2.22815;1.8018;0.0504461;0.0410609;0.0394202;0.0320764;0.0281455,0.2,900,900,False,0.13854418476865418,0.0024936422055490755,0.008097464297029604,0.009545031959837453,0.11450742640548554,0.5644783805825457,3,0.02452424847441528,3,1.5608020807419976,2.3290752282245166,0.10808500136366807,0.2017035235427676,0.08651502043419079,0.7847467499615626,0.40387559979775695,0.5943111748796598,permute,0.995,3.145420249549109,5.145266987598679,1.7228599203180008,2.44981895502874,2.3963690086901974,0.636084732961393,0.4108152380620613,0.5234499855117272,0,0.0,9.893667645004077,3
layerwise_hard_knee,81,5,1,1.0,proportional,3,3.0664864294879624,0.061430337435625135,0.07577425713701325,3.10774;2.97331;2.87759;0.194151;0.188974;0.179837;0.1659;0.147898,0.2,900,900,False,0.2024263349443307,0.0025094129771668664,0.13187070734814513,0.13542296961201342,0.06237100409191748,0.4953059030249413,1,0.02185730321347808,3,2.6173531778378867,3.1697843920282276,0.11354779423796293,0.24055682196735112,0.07018552253424952,0.9894087776668907,0.5208968693883399,0.7551528235276153,permute,0.995,2.718756366874077,2.718756366874079,0.9999999999998647,0.9999999999991354,2.718756366874077,0.16453167663416346,0.1661802759763309,0.16535597630524718,0,0.0,7.39163618241833,1
layerwise_hard_knee,81,5,2,2.0,proportional,3,3.0664864294879624,0.061430337435625135,0.07577425713701325,3.10774;2.97331;2.87759;0.194151;0.188974;0.179837;0.1659;0.147898,0.2,900,900,False,0.2024263349443307,0.0025094129771668664,0.06737555421563939,0.06567512107672033,0.1273998733945479,0.6818228147715027,2,0.02185730321347808,3,2.6173531778378867,3.1697843920282276,0.11354779423796293,0.24055682196735112,0.07018552253424952,0.9894087776668907,0.5208968693883399,0.7551528235276153,permute,0.995,3.709990413468956,5.229579649487382,1.722656522276046,1.9741353368956331,2.826659139257718,0.27760796219798767,0.2828760958357338,0.28024202901686074,0,0.0,13.764028868031554,2
layerwise_hard_knee,81,5,4,4.0,proportional,3,3.0664864294879624,0.061430337435625135,0.07577425713701325,3.10774;2.97331;2.87759;0.194151;0.188974;0.179837;0.1659;0.147898,0.2,900,900,False,0.2024263349443307,0.0025094129771668664,0.006288041564255913,0.007732463636225577,0.1794817397466957,0.8278614423053988,3,0.02185730321347808,3,2.6173531778378867,3.1697843920282276,0.11354779423796293,0.24055682196735112,0.07018552253424952,0.9894087776668907,0.5208968693883399,0.7551528235276153,permute,0.995,4.624708113245592,7.99400296022888,2.52329357937837,2.973992067525498,2.911390337417097,0.5153959166913866,0.38696341960159936,0.451179668146493,0,0.0,21.38792414152667,3
layerwise_hard_knee,81,5,8,8.0,proportional,3,3.0664864294879624,0.061430337435625135,0.07577425713701325,3.10774;2.97331;2.87759;0.194151;0.188974;0.179837;0.1659;0.147898,0.2,900,900,False,0.2024263349443307,0.0025094129771668664,0.005374274808170001,0.006418750586708923,0.1836034148058332,0.8645444807161157,3,0.02185730321347808,3,2.6173531778378867,3.1697843920282276,0.11354779423796293,0.24055682196735112,0.07018552253424952,0.9894087776668907,0.5208968693883399,0.7551528235276153,permute,0.995,4.735226242503414,8.19561705583787,2.64327232671119,2.986228169746074,2.912525786953506,0.8188681433433834,0.4264075494719711,0.6226378464076773,0,0.0,22.42236315645254,3
layerwise_hard_knee,81,5,16,16.0,proportional,3,3.0664864294879624,0.061430337435625135,0.07577425713701325,3.10774;2.97331;2.87759;0.194151;0.188974;0.179837;0.1659;0.147898,0.2,900,900,False,0.2024263349443307,0.0025094129771668664,0.004918984286373956,0.005721725157791396,0.18624727214186299,0.8804886549003927,3,0.02185730321347808,3,2.6173531778378867,3.1697843920282276,0.11354779423796293,0.24055682196735112,0.07018552253424952,0.9894087776668907,0.5208968693883399,0.7551528235276153,permute,0.995,4.809188788297897,8.328612507563493,2.6747321303794664,2.988776018385562,2.940571058970492,0.9322951316354661,0.417958586628019,0.6751268591317425,0,0.0,23.128280681468674,3
layerwise_hard_knee,81,5,32,32.0,proportional,3,3.0664864294879624,0.061430337435625135,0.07577425713701325,3.10774;2.97331;2.87759;0.194151;0.188974;0.179837;0.1659;0.147898,0.2,900,900,False,0.2024263349443307,0.0025094129771668664,0.004738965199100577,0.005459031832356133,0.18725087089297265,0.8769510501040741,3,0.02185730321347808,3,2.6173531778378867,3.1697843920282276,0.11354779423796293,0.24055682196735112,0.07018552253424952,0.9894087776668907,0.5208968693883399,0.7551528235276153,permute,0.995,4.842391766066844,8.388033166984721,2.655730152621254,2.987231812301559,2.971446738544949,0.9670892923832567,0.4721491681750169,0.7196192302791368,0,0.0,23.44873392000699,3
layerwise_hard_knee,81,6,1,1.0,proportional,8,3.5194095982116256,0.09163971122807096,0.07962114374630513,3.54982;3.25523;2.95553;2.70287;2.36545;2.06572;2.06503;1.75733,0.2,900,900,False,0.43939891419312715,0.0024943163095722167,0.3478000257825589,0.331062126924436,0.10605614389263789,0.5369503601336438,1,0.0503926068382054,5,2.0958570699561507,4.80970939204119,0.20884425821494665,0.5372889547626681,0.14425859851271264,0.9999201957805871,0.5436213313327746,0.7717707635566808,permute,0.995,2.9670477251339245,2.9670477251339262,0.9999999999998864,0.9999999999991136,2.9670477251339245,0.19390041823735857,0.19271266744816995,0.19330654284276427,0,0.0,8.803372203222397,1
layerwise_hard_knee,81,6,2,2.0,proportional,8,3.5194095982116256,0.09163971122807096,0.07962114374630513,3.54982;3.25523;2.95553;2.70287;2.36545;2.06572;2.06503;1.75733,0.2,900,900,False,0.43939891419312715,0.0024943163095722167,0.2739175373136307,0.25617599150550874,0.17399926629643234,0.7014684043254141,2,0.0503926068382054,5,2.0958570699561507,4.80970939204119,0.20884425821494665,0.5372889547626681,0.14425859851271264,0.9999201957805871,0.5436213313327746,0.7717707635566808,permute,0.995,3.9048994795448455,5.486501132364505,1.6312190488443126,1.9491035101380487,3.0574102450329366,0.2850640846204297,0.28092775122396507,0.28299591792219736,0,0.0,15.248239945349608,2
layerwise_hard_knee,81,6,4,4.0,proportional,8,3.5194095982116256,0.09163971122807096,0.07962114374630513,3.54982;3.25523;2.95553;2.70287;2.36545;2.06572;2.06503;1.75733,0.2,900,900,False,0.43939891419312715,0.0024943163095722167,0.1325042829842235,0.1297635486089629,0.29457309818088945,0.9915092653513717,4,0.0503926068382054,5,2.0958570699561507,4.80970939204119,0.20884425821494665,0.5372889547626681,0.14425859851271264,0.9999201957805871,0.5436213313327746,0.7717707635566808,permute,0.995,5.58106528396512,11.029731823826989,2.916449861353291,3.822580291394903,3.2680586756201273,0.5205618040482413,0.5115401813901448,0.516050992719193,0,0.0,31.14828970388065,4
layerwise_hard_knee,81,6,8,8.0,proportional,8,3.5194095982116256,0.09163971122807096,0.07962114374630513,3.54982;3.25523;2.95553;2.70287;2.36545;2.06572;2.06503;1.75733,0.2,900,900,False,0.43939891419312715,0.0024943163095722167,0.04831823163133487,0.053666233896207644,0.3544730524193363,1.108576502451685,6,0.0503926068382054,5,2.0958570699561507,4.80970939204119,0.20884425821494665,0.5372889547626681,0.14425859851271264,0.9999201957805871,0.5436213313327746,0.7717707635566808,permute,0.995,6.190917550162056,14.845037208175347,3.421039475081384,5.217911413721741,3.3471561814847153,0.9978858907051611,0.8174436176308388,0.907664754168,0,0.0,38.18631435319031,6
layerwise_hard_knee,81,6,16,16.0,proportional,8,3.5194095982116256,0.09163971122807096,0.07962114374630513,3.54982;3.25523;2.95553;2.70287;2.36545;2.06572;2.06503;1.75733,0.2,900,900,False,0.43939891419312715,0.0024943163095722167,0.034946398360113026,0.039700535091822024,0.3665794750222601,1.1445075022409474,6,0.0503926068382054,5,2.0958570699561507,4.80970939204119,0.20884425821494665,0.5372889547626681,0.14425859851271264,0.9999201957805871,0.5436213313327746,0.7717707635566808,permute,0.995,6.388138579398145,15.88837614780849,3.553986055436168,5.597282915115862,3.388570058572504,0.9999249646251777,0.9218172289993065,0.960871096812242,0,0.0,40.28084424009559,6
layerwise_hard_knee,81,6,32,32.0,proportional,8,3.5194095982116256,0.09163971122807096,0.07962114374630513,3.54982;3.25523;2.95553;2.70287;2.36545;2.06572;2.06503;1.75733,0.2,900,900,False,0.43939891419312715,0.0024943163095722167,0.025033764854913675,0.029339793581108026,0.37282577232553105,1.1317139004956482,6,0.0503926068382054,5,2.0958570699561507,4.80970939204119,0.20884425821494665,0.5372889547626681,0.14425859851271264,0.9999201957805871,0.5436213313327746,0.7717707635566808,permute,0.995,6.468002924037553,16.545573187656125,3.64369460176435,5.861456242394252,3.388435498869244,0.9999332193917462,0.9372085803378575,0.9685708998648018,0,0.0,40.65691474527897,6
layerwise_hard_knee,81,7,1,1.0,proportional,1,2.5998088625733593,0.13436855900698697,0.011271659375508978,2.53989;0.0267836;0.0218944;0.0192454;0.0168333;0.0160641;0.0135537;0.0114174,0.2,900,900,False,0.042201617630291184,0.0024939773033927576,0.006573132350993928,0.007616639041488602,0.025364855741798926,0.30980885526963114,1,0.009376832342204974,1,1.0053495092851636,1.0553650797524177,0.04493746813013862,0.07280026611927201,0.04481775153386252,0.36375369914964584,0.19564209367944022,0.279697896414543,permute,0.995,1.697414337656862,1.6974143376568633,0.9999999999996529,0.999999999999347,1.697414337656862,0.1706154645434169,0.164615985924974,0.16761572523419543,0,0.0,2.8812154336830837,1
layerwise_hard_knee,81,7,2,2.0,proportional,1,2.5998088625733593,0.13436855900698697,0.011271659375508978,2.53989;0.0267836;0.0218944;0.0192454;0.0168333;0.0160641;0.0135537;0.0114174,0.2,900,900,False,0.042201617630291184,0.0024939773033927576,0.0051808862715903995,0.0060422580062645835,0.028417210180662685,0.3400701706859109,1,0.009376832342204974,1,1.0053495092851636,1.0553650797524177,0.04493746813013862,0.07280026611927201,0.04481775153386252,0.36375369914964584,0.19564209367944022,0.279697896414543,permute,0.995,1.8729552893024766,1.8731213655624706,1.0000000078629054,1.0000001545970647,1.8729552819387745,0.1971609343001499,0.15639912582770749,0.17678003006392867,0,0.0,3.5079614881423518,1
layerwise_hard_knee,81,7,4,4.0,proportional,1,2.5998088625733593,0.13436855900698697,0.011271659375508978,2.53989;0.0267836;0.0218944;0.0192454;0.0168333;0.0160641;0.0135537;0.0114174,0.2,900,900,False,0.042201617630291184,0.0024939773033927576,0.006729512145540791,0.007784421192656808,0.02509301044966363,0.30291805453447196,1,0.009376832342204974,1,1.0053495092851636,1.0553650797524177,0.04493746813013862,0.07280026611927201,0.04481775153386252,0.36375369914964584,0.19564209367944022,0.279697896414543,permute,0.995,1.6808996723027025,1.6813061010049228,1.000000020156962,1.0000003981637018,1.6808996553614899,0.20130217243188056,0.16247740763117077,0.18188979003152567,0,0.0,2.8254236513943756,1
layerwise_hard_knee,81,7,8,8.0,proportional,1,2.5998088625733593,0.13436855900698697,0.011271659375508978,2.53989;0.0267836;0.0218944;0.0192454;0.0168333;0.0160641;0.0135537;0.0114174,0.2,900,900,False,0.042201617630291184,0.0024939773033927576,0.004803423986148225,0.0055804042667436885,0.02930668764519782,0.35319716255162176,1,0.009376832342204974,1,1.0053495092851636,1.0553650797524177,0.04493746813013862,0.07280026611927201,0.04481775153386252,0.36375369914964584,0.19564209367944022,0.279697896414543,permute,0.995,1.9248863691950882,1.9256889550055354,1.000000029872003,1.0000005942989412,1.9248863404447234,0.23727130626842177,0.17290238940444783,0.2050868478364348,0,0.0,3.7051874236306794,1
layerwise_hard_knee,81,7,16,16.0,proportional,1,2.5998088625733593,0.13436855900698697,0.011271659375508978,2.53989;0.0267836;0.0218944;0.0192454;0.0168333;0.0160641;0.0135537;0.0114174,0.2,900,900,False,0.042201617630291184,0.0024939773033927576,0.004372962925172849,0.005061593501575009,0.030551518393039934,0.36283311193299567,1,0.009376832342204974,1,1.0053495092851636,1.0553650797524177,0.04493746813013862,0.07280026611927201,0.04481775153386252,0.36375369914964584,0.19564209367944022,0.279697896414543,permute,0.995,1.9930944785435747,1.9949362502887216,1.0000000698961025,1.000001383867813,1.9930944088885596,0.24965025527554352,0.16261096580940881,0.20613061054247617,0,0.0,3.972425322742835,1
layerwise_hard_knee,81,7,32,32.0,proportional,1,2.5998088625733593,0.13436855900698697,0.011271659375508978,2.53989;0.0267836;0.0218944;0.0192454;0.0168333;0.0160641;0.0135537;0.0114174,0.2,900,900,False,0.042201617630291184,0.0024939773033927576,0.0037753334136966135,0.004328890645153551,0.03235669619334161,0.40607343929107953,1,0.009376832342204974,1,1.0053495092851636,1.0553650797524177,0.04493746813013862,0.07280026611927201,0.04481775153386252,0.36375369914964584,0.19564209367944022,0.279697896414543,permute,0.995,2.1017174390583686,2.1053557155883245,1.000000133779872,1.000002635781648,2.1017172984743997,0.275423642046224,0.16625082204473482,0.2208372320454794,0,0.0,4.417215602706529,1
layerwise_hard_knee,81,8,1,1.0,proportional,1,3.2668772999524833,0.13557460075328565,0.032128483423037986,3.22933;0.0903991;0.0787318;0.0718405;0.0634773;0.05648;0.0467243;0.0436965,0.2,900,900,False,0.087568348298495,0.0025103419945527615,0.0030997107660834414,0.003381694121652676,0.07997220605490246,0.5514264877633602,1,0.01578820217416251,1,1.0048252965671953,1.0449169536930751,0.07625614600301668,0.11044582462515357,0.07607282989307253,0.87003199200131,0.4625612139294771,0.6662966029653935,permute,0.995,3.029115292609743,3.029115292609745,0.999999999999891,0.9999999999991089,3.029115292609743,0.17353504493516186,0.1757800317330359,0.1746575383340989,0,0.0,9.175539455922209,1
layerwise_hard_knee,81,8,2,2.0,proportional,1,3.2668772999524833,0.13557460075328565,0.032128483423037986,3.22933;0.0903991;0.0787318;0.0718405;0.0634773;0.05648;0.0467243;0.0436965,0.2,900,900,False,0.087568348298495,0.0025103419945527615,0.0034119694954911793,0.0038352570873933208,0.07802467761316083,0.5320055743904095,1,0.01578820217416251,1,1.0048252965671953,1.0449169536930751,0.07625614600301668,0.11044582462515357,0.07607282989307253,0.87003199200131,0.4625612139294771,0.6662966029653935,permute,0.995,2.9453490535935756,2.9455505778034725,1.0000000046816608,1.0000000944744318,2.9453490466988432,0.2560809060099671,0.16624322877921216,0.21116206739458962,0,0.0,8.675081006889787,1
layerwise_hard_knee,81,8,4,4.0,proportional,1,3.2668772999524833,0.13557460075328565,0.032128483423037986,3.22933;0.0903991;0.0787318;0.0718405;0.0634773;0.05648;0.0467243;0.0436965,0.2,900,900,False,0.087568348298495,0.0025103419945527615,0.0030594011475646556,0.003317531670809049,0.08021752321882916,0.5553586436695286,1,0.01578820217416251,1,1.0048252965671953,1.0449169536930751,0.07625614600301668,0.11044582462515357,0.07607282989307253,0.87003199200131,0.4625612139294771,0.6662966029653935,permute,0.995,3.0401177589116597,3.040676826887319,1.000000012394289,1.0000002495829912,3.0401177400714463,0.35894836622128307,0.17517771282930983,0.2670630395252964,0,0.0,9.242315873497118,1
layerwise_hard_knee,81,8,8,8.0,proportional,1,3.2668772999524833,0.13557460075328565,0.032128483423037986,3.22933;0.0903991;0.0787318;0.0718405;0.0634773;0.05648;0.0467243;0.0436965,0.2,900,900,False,0.087568348298495,0.0025103419945527615,0.002918625891239538,0.003096573738294271,0.08139916802796612,0.5709774757154271,1,0.01578820217416251,1,1.0048252965671953,1.0449169536930751,0.07625614600301668,0.11044582462515357,0.07607282989307253,0.87003199200131,0.4625612139294771,0.6662966029653935,permute,0.995,3.090827139207093,3.092146593041985,1.0000000334497376,1.000000658899021,3.090827087513254,0.5123086658118194,0.18812474269361845,0.35021670425271895,0,0.0,9.553212084905658,1
layerwise_hard_knee,81,8,16,16.0,proportional,1,3.2668772999524833,0.13557460075328565,0.032128483423037986,3.22933;0.0903991;0.0787318;0.0718405;0.0634773;0.05648;0.0467243;0.0436965,0.2,900,900,False,0.087568348298495,0.0025103419945527615,0.002923314780777969,0.0031042916821534534,0.08136657546759406,0.5679533846343904,1,0.01578820217416251,1,1.0048252965671953,1.0449169536930751,0.07625614600301668,0.11044582462515357,0.07607282989307253,0.87003199200131,0.4625612139294771,0.6662966029653935,permute,0.995,3.08913574895215,3.0915412138606992,1.0000000594010199,1.0000011671643487,3.089135657203085,0.6092437913148846,0.1941418367260002,0.4016928140204424,0,0.0,9.542759108603535,1
layerwise_hard_knee,81,8,32,32.0,proportional,1,3.2668772999524833,0.13557460075328565,0.032128483423037986,3.22933;0.0903991;0.0787318;0.0718405;0.0634773;0.05648;0.0467243;0.0436965,0.2,900,900,False,0.087568348298495,0.0025103419945527615,0.002863636443669951,0.003008896339738306,0.08193373241187095,0.561892105119051,1,0.01578820217416251,1,1.0048252965671953,1.0449169536930751,0.07625614600301668,0.11044582462515357,0.07607282989307253,0.87003199200131,0.4625612139294771,0.6662966029653935,permute,0.995,3.114011352539561,3.1190061339750828,1.000000158306162,1.0000030032452,3.114011106055837,0.714736561660176,0.23086509727973717,0.47280082946995655,0,0.0,9.697065168639098,1
layerwise_hard_knee,81,9,1,1.0,proportional,1,3.1357267824556097,0.17500560938005238,0.023736148369985097,3.25491;0.061932;0.0501482;0.0449926;0.0387264;0.0294744;0.0265544;0.0219842,0.2,900,900,False,0.09265109898940978,0.0024992347215400897,0.0036852244020767777,0.004215545729658546,0.08220108254213218,0.5166650329832061,1,0.019376469809073527,1,1.0027161372296387,1.0281944766468474,0.07605829528518807,0.1061279560769442,0.0759552128435421,0.6174329894887822,0.31941203145414465,0.46842251047146344,permute,0.995,2.8811878642953386,2.881187864295341,0.9999999999998795,0.9999999999991205,2.8811878642953386,0.1607840712960666,0.17028585803412086,0.1655349646650937,0,0.0,8.301243509362735,1
layerwise_hard_knee,81,9,2,2.0,proportional,1,3.1357267824556097,0.17500560938005238,0.023736148369985097,3.25491;0.061932;0.0501482;0.0449926;0.0387264;0.0294744;0.0265544;0.0219842,0.2,900,900,False,0.09265109898940978,0.0024992347215400897,0.0033968595393046373,0.003802998854119792,0.08357622578723177,0.5392786916376947,1,0.019376469809073527,1,1.0027161372296387,1.0281944766468474,0.07605829528518807,0.1061279560769442,0.0759552128435421,0.6174329894887822,0.31941203145414465,0.46842251047146344,permute,0.995,2.9421744830110503,2.942336449304821,1.0000000030305383,1.000000062473495,2.942174478552694,0.20002514361801413,0.17759785238182413,0.18881149799991914,0,0.0,8.65639066224682,1
layerwise_hard_knee,81,9,4,4.0,proportional,1,3.1357267824556097,0.17500560938005238,0.023736148369985097,3.25491;0.061932;0.0501482;0.0449926;0.0387264;0.0294744;0.0265544;0.0219842,0.2,900,900,False,0.09265109898940978,0.0024992347215400897,0.0029640781800181373,0.0031717120338742117,0.08605028315151386,0.5606922382784831,1,0.019376469809073527,1,1.0027161372296387,1.0281944766468474,0.07605829528518807,0.1061279560769442,0.0759552128435421,0.6174329894887822,0.31941203145414465,0.46842251047146344,permute,0.995,3.053381483224344,3.05379061776121,1.0000000064823635,1.0000001348041796,3.0533814733276157,0.26413256316525646,0.17785817892350742,0.22099537104438194,0,0.0,9.323138421660321,1
layerwise_hard_knee,81,9,8,8.0,proportional,1,3.1357267824556097,0.17500560938005238,0.023736148369985097,3.25491;0.061932;0.0501482;0.0449926;0.0387264;0.0294744;0.0265544;0.0219842,0.2,900,900,False,0.09265109898940978,0.0024992347215400897,0.002919103071553003,0.0031012413638800275,0.08629668602595668,0.5484969166871841,1,0.019376469809073527,1,1.0027161372296387,1.0281944766468474,0.07605829528518807,0.1061279560769442,0.0759552128435421,0.6174329894887822,0.31941203145414465,0.46842251047146344,permute,0.995,3.067700611069332,3.068892966117633,1.0000000336544408,1.0000006503665042,3.0677005594482956,0.4041065980793582,0.17721925746378045,0.2906629277715693,0,0.0,9.410786722439386,1
layerwise_hard_knee,81,9,16,16.0,proportional,1,3.1357267824556097,0.17500560938005238,0.023736148369985097,3.25491;0.061932;0.0501482;0.0449926;0.0387264;0.0294744;0.0265544;0.0219842,0.2,900,900,False,0.09265109898940978,0.0024992347215400897,0.002912867152866506,0.0030912531034235175,0.08640004166327246,0.5516580453106421,1,0.019376469809073527,1,1.0027161372296387,1.0281944766468474,0.07605829528518807,0.1061279560769442,0.0759552128435421,0.6174329894887822,0.31941203145414465,0.46842251047146344,permute,0.995,3.0695489036797485,3.0717532693746086,1.0000000460580032,1.0000009231275557,3.0695488329909413,0.38505845712138376,0.18000831547520801,0.2825333862982959,0,0.0,9.422130038116055,1
layerwise_hard_knee,81,9,32,32.0,proportional,1,3.1357267824556097,0.17500560938005238,0.023736148369985097,3.25491;0.061932;0.0501482;0.0449926;0.0387264;0.0294744;0.0265544;0.0219842,0.2,900,900,False,0.09265109898940978,0.0024992347215400897,0.002852983834099383,0.0030057242119044753,0.08678125960712245,0.5654101172551507,1,0.019376469809073527,1,1.0027161372296387,1.0281944766468474,0.07605829528518807,0.1061279560769442,0.0759552128435421,0.6174329894887822,0.31941203145414465,0.46842251047146344,permute,0.995,3.0900292906835563,3.094307569500314,1.0000001063495803,1.0000020735492428,3.0900291263717485,0.45905322678708826,0.18761448704523262,0.32333385691616046,0,0.0,9.548280001825754,1
layerwise_hard_knee,81,10,1,1.0,proportional,7,2.5240660822179244,0.09231394549055591,0.030614957477411123,2.4373;2.26911;2.17155;1.948;1.70454;1.59894;1.48854;0.0394453,0.2,900,900,False,0.21272493178591304,0.0024898997416621226,0.16662521920993761,0.1690946144538011,0.039236777582054266,0.3091339381248202,1,0.026032817170451077,6,2.712693386256007,5.292366092195407,0.12598910448493542,0.33297842894582075,0.0764949270431313,0.9480702529074595,0.49462401757529445,0.721347135241377,permute,0.995,1.6267228092582589,1.6267228092582597,0.9999999999996221,0.9999999999993778,1.6267228092582589,0.16188672073893687,0.1632074707764868,0.16254709575771184,0,0.0,2.6462270981610816,1
layerwise_hard_knee,81,10,2,2.0,proportional,7,2.5240660822179244,0.09231394549055591,0.030614957477411123,2.4373;2.26911;2.17155;1.948;1.70454;1.59894;1.48854;0.0394453,0.2,900,900,False,0.21272493178591304,0.0024898997416621226,0.13208108985084158,0.13862337162791527,0.06361928719035745,0.3892677060941847,2,0.026032817170451077,6,2.712693386256007,5.292366092195407,0.12598910448493542,0.33297842894582075,0.0764949270431313,0.9480702529074595,0.49462401757529445,0.721347135241377,permute,0.995,2.1651096558006118,3.03885929879373,1.6087614322484445,1.941143626176758,1.7070021723159878,0.2921373373308017,0.2651163888576547,0.27862686309422824,0,0.0,4.687699821641044,2
layerwise_hard_knee,81,10,4,4.0,proportional,7,2.5240660822179244,0.09231394549055591,0.030614957477411123,2.4373;2.26911;2.17155;1.948;1.70454;1.59894;1.48854;0.0394453,0.2,900,900,False,0.21272493178591304,0.0024898997416621226,0.08555442503237759,0.09189872313267748,0.10084086574728139,0.5316315286255091,3,0.026032817170451077,6,2.712693386256007,5.292366092195407,0.12598910448493542,0.33297842894582075,0.0764949270431313,0.9480702529074595,0.49462401757529445,0.721347135241377,permute,0.995,2.9775013544092452,5.301851342070124,2.4294633178713063,3.0139321676583983,1.9102789701627398,0.5268078052431034,0.44356047123357967,0.48518413823834156,0,0.0,8.836349183101047,3
layerwise_hard_knee,81,10,8,8.0,proportional,7,2.5240660822179244,0.09231394549055591,0.030614957477411123,2.4373;2.26911;2.17155;1.948;1.70454;1.59894;1.48854;0.0394453,0.2,900,900,False,0.21272493178591304,0.0024898997416621226,0.037493142117082684,0.044920173455514356,0.13752339403762642,0.6345205345696956,5,0.026032817170451077,6,2.712693386256007,5.292366092195407,0.12598910448493542,0.33297842894582075,0.0764949270431313,0.9480702529074595,0.49462401757529445,0.721347135241377,permute,0.995,3.551152329196207,7.955509258477909,2.8446320596122407,4.513678559039487,2.1055048779313146,0.8819118809695923,0.7050128389937447,0.7934623599816685,0,0.0,12.500194376771697,5
layerwise_hard_knee,81,10,16,16.0,proportional,7,2.5240660822179244,0.09231394549055591,0.030614957477411123,2.4373;2.26911;2.17155;1.948;1.70454;1.59894;1.48854;0.0394453,0.2,900,900,False,0.21272493178591304,0.0024898997416621226,0.0391352353414415,0.04639622574846576,0.13407346849317253,0.6286799358538586,4,0.026032817170451077,6,2.712693386256007,5.292366092195407,0.12598910448493542,0.33297842894582075,0.0764949270431313,0.9480702529074595,0.49462401757529445,0.721347135241377,permute,0.995,3.5444683454015804,7.84671823274115,2.908897356369486,4.312680728444497,2.0781979097311076,0.8771946749268845,0.7181747264060311,0.7976847006664578,0,0.0,12.210169410173322,4
layerwise_hard_knee,81,10,32,32.0,proportional,7,2.5240660822179244,0.09231394549055591,0.030614957477411123,2.4373;2.26911;2.17155;1.948;1.70454;1.59894;1.48854;0.0394453,0.2,900,900,False,0.21272493178591304,0.0024898997416621226,0.02260216909872065,0.028443781939181335,0.15139760984898526,0.6741981426512796,6,0.026032817170451077,6,2.712693386256007,5.292366092195407,0.12598910448493542,0.33297842894582075,0.0764949270431313,0.9480702529074595,0.49462401757529445,0.721347135241377,permute,0.995,3.8091341144958557,9.167818530360464,3.1792954590208953,5.1797209233750205,2.13629300760197,0.9078003696040136,0.7625370684856955,0.8351687190448545,0,0.0,14.399876033385244,6
layerwise_hard_knee,81,11,1,1.0,proportional,5,3.22562888952048,0.09473418047414398,0.03591137951515984,3.2717;2.8797;2.74492;2.47403;2.17487;0.0754999;0.0626874;0.0623906,0.2,900,900,False,0.27708572499169903,0.0024945774900521234,0.1770169693429447,0.18407029112487358,0.08957423059766316,0.5449689102393349,1,0.03723831584284531,4,1.609236470249395,3.2249591658824492,0.1450694341883116,0.3174024866054302,0.11435785057927936,0.9404267607291097,0.5153045443083524,0.727865652518731,permute,0.995,2.999098825130585,2.999098825130587,0.9999999999998889,0.9999999999991112,2.999098825130585,0.17112709933023368,0.17252998111019613,0.1718285402202149,0,0.0,8.994593762899655,1
layerwise_hard_knee,81,11,2,2.0,proportional,5,3.22562888952048,0.09473418047414398,0.03591137951515984,3.2717;2.8797;2.74492;2.47403;2.17487;0.0754999;0.0626874;0.0623906,0.2,900,900,False,0.27708572499169903,0.0024945774900521234,0.1283155244586568,0.13437496652098896,0.1309094384735897,0.6483114405410523,2,0.03723831584284531,4,1.609236470249395,3.2249591658824492,0.1450694341883116,0.3174024866054302,0.11435785057927936,0.9404267607291097,0.5153045443083524,0.727865652518731,permute,0.995,3.612360242562036,5.002047337487254,1.4306575284918652,1.8436119408187817,3.020113130595435,0.296130716733725,0.2625112581020394,0.2793209874178822,0,0.0,13.04914652204285,2
layerwise_hard_knee,81,11,4,4.0,proportional,5,3.22562888952048,0.09473418047414398,0.03591137951515984,3.2717;2.8797;2.74492;2.47403;2.17487;0.0754999;0.0626874;0.0623906,0.2,900,900,False,0.27708572499169903,0.0024945774900521234,0.048427905209265584,0.0547661996176035,0.18931393418925138,0.8230791311469697,4,0.03723831584284531,4,1.609236470249395,3.2249591658824492,0.1450694341883116,0.3174024866054302,0.11435785057927936,0.9404267607291097,0.5153045443083524,0.727865652518731,permute,0.995,4.530499694986727,8.748697576001154,2.1558645199879893,3.487911058978812,3.0855697835004388,0.5168171686975784,0.48258044083699947,0.49969880476728895,0,0.0,20.525427486274843,4
layerwise_hard_knee,81,11,8,8.0,proportional,5,3.22562888952048,0.09473418047414398,0.03591137951515984,3.2717;2.8797;2.74492;2.47403;2.17487;0.0754999;0.0626874;0.0623906,0.2,900,900,False,0.27708572499169903,0.0024945774900521234,0.016545847739490898,0.02020067522244929,0.21900727129233188,0.8873766345750501,5,0.03723831584284531,4,1.609236470249395,3.2249591658824492,0.1450694341883116,0.3174024866054302,0.11435785057927936,0.9404267607291097,0.5153045443083524,0.727865652518731,permute,0.995,4.916758998105152,10.483378350960328,2.493902977952241,4.1888065005469475,3.1134302762154578,0.687772112686962,0.5763665250759628,0.6320693188814623,0,0.0,24.17451899735371,5
layerwise_hard_knee,81,11,16,16.0,proportional,5,3.22562888952048,0.09473418047414398,0.03591137951515984,3.2717;2.8797;2.74492;2.47403;2.17487;0.0754999;0.0626874;0.0623906,0.2,900,900,False,0.27708572499169903,0.0024945774900521234,0.011323240029333962,0.01429717421536228,0.23260608967835555,0.9314724499841628,5,0.03723831584284531,4,1.609236470249395,3.2249591658824492,0.1450694341883116,0.3174024866054302,0.11435785057927936,0.9404267607291097,0.5153045443083524,0.727865652518731,permute,0.995,5.176438893186625,11.189310269047377,2.7406003819509053,4.394152427728539,3.1268585441974155,0.736484351520043,0.5949806527942223,0.6657325021571326,0,0.0,26.79551941611795,5
layerwise_hard_knee,81,11,32,32.0,proportional,5,3.22562888952048,0.09473418047414398,0.03591137951515984,3.2717;2.8797;2.74492;2.47403;2.17487;0.0754999;0.0626874;0.0623906,0.2,900,900,False,0.27708572499169903,0.0024945774900521234,0.008642923130293285,0.010820660616627563,0.24000665844346,0.9524499180603894,5,0.03723831584284531,4,1.609236470249395,3.2249591658824492,0.1450694341883116,0.3174024866054302,0.11435785057927936,0.9404267607291097,0.5153045443083524,0.727865652518731,permute,0.995,5.312936568018613,11.577044739124029,2.872754681601801,4.523032059407845,3.1346233206932586,0.839221416275983,0.6154631600177147,0.7273422881468489,0,0.0,28.227294179263097,5
layerwise_hard_knee,81,12,1,1.0,proportional,6,2.384875808237209,0.03794767685027971,0.07270591843217968,2.31899;2.24909;2.20001;2.11829;2.1095;1.98931;0.139218;0.13776,0.2,900,900,False,0.2242954741756887,0.002499426816750317,0.15814783066049415,0.15669677638391002,0.06531149438885771,0.3684826486119686,1,0.047751422896789214,2,1.423905393576213,2.8559091173200044,0.16054630640939552,0.3514518578823045,0.1345425798253447,0.9913059634428497,0.5642612192719743,0.777783591357412,permute,0.995,2.060604148426728,2.0606041484267297,0.9999999999997645,0.9999999999992355,2.060604148426728,0.16184590106628383,0.1745158651568612,0.16818088311157253,0,0.0,4.246089456513441,1
layerwise_hard_knee,81,12,2,2.0,proportional,6,2.384875808237209,0.03794767685027971,0.07270591843217968,2.31899;2.24909;2.20001;2.11829;2.1095;1.98931;0.139218;0.13776,0.2,900,900,False,0.2242954741756887,0.002499426816750317,0.11778959834452735,0.11812949110386992,0.0992307827003821,0.4994452661727279,2,0.047751422896789214,2,1.423905393576213,2.8559091173200044,0.16054630640939552,0.3514518578823045,0.1345425798253447,0.9913059634428497,0.5642612192719743,0.777783591357412,permute,0.995,2.721309708901725,3.83534162774289,1.717090241347408,1.972914667853274,2.0767365723081084,0.29651516724603805,0.2664762642678726,0.2814957157569553,0,0.0,7.405526531762792,2
layerwise_hard_knee,81,12,4,4.0,proportional,6,2.384875808237209,0.03794767685027971,0.07270591843217968,2.31899;2.24909;2.20001;2.11829;2.1095;1.98931;0.139218;0.13776,0.2,900,900,False,0.2242954741756887,0.002499426816750317,0.08870034993514526,0.09049793567487929,0.11076910889447851,0.5232867763799881,3,0.047751422896789214,2,1.423905393576213,2.8559091173200044,0.16054630640939552,0.3514518578823045,0.1345425798253447,0.9913059634428497,0.5642612192719743,0.777783591357412,permute,0.995,2.9413607722423825,5.064815580147726,1.9649337004913854,2.667048186667304,2.0983326846772807,0.5145263212052844,0.4534866158766948,0.4840064685409896,0,0.0,8.622341173759928,3
layerwise_hard_knee,81,12,8,8.0,proportional,6,2.384875808237209,0.03794767685027971,0.07270591843217968,2.31899;2.24909;2.20001;2.11829;2.1095;1.98931;0.139218;0.13776,0.2,900,900,False,0.2242954741756887,0.002499426816750317,0.042472175278380965,0.04708349430978741,0.1439598433681729,0.6357141613687678,5,0.047751422896789214,2,1.423905393576213,2.8559091173200044,0.16054630640939552,0.3514518578823045,0.1345425798253447,0.9913059634428497,0.5642612192719743,0.777783591357412,permute,0.995,3.5259352523839884,7.59642483776859,2.791857187498474,4.218213395213353,2.1102199935669836,0.8036840067463068,0.6511449486059194,0.7274144776761131,0,0.0,12.419991128029574,5
layerwise_hard_knee,81,12,16,16.0,proportional,6,2.384875808237209,0.03794767685027971,0.07270591843217968,2.31899;2.24909;2.20001;2.11829;2.1095;1.98931;0.139218;0.13776,0.2,900,900,False,0.2242954741756887,0.002499426816750317,0.02795689495570853,0.03174425601459822,0.156007973597993,0.6809645788800115,5,0.047751422896789214,2,1.423905393576213,2.8559091173200044,0.16054630640939552,0.3514518578823045,0.1345425798253447,0.9913059634428497,0.5642612192719743,0.777783591357412,permute,0.995,3.775407621079066,8.606044920702535,3.1965502462239344,4.761941179801648,2.111655560893758,0.964947074689882,0.6989475607242538,0.8319473177070679,0,0.0,14.04169017457554,5
layerwise_hard_knee,81,12,32,32.0,proportional,6,2.384875808237209,0.03794767685027971,0.07270591843217968,2.31899;2.24909;2.20001;2.11829;2.1095;1.98931;0.139218;0.13776,0.2,900,900,False,0.2242954741756887,0.002499426816750317,0.019546874329671022,0.02292452211662164,0.16594250249255393,0.7123401826909244,6,0.047751422896789214,2,1.423905393576213,2.8559091173200044,0.16054630640939552,0.3514518578823045,0.1345425798253447,0.9913059634428497,0.5642612192719743,0.777783591357412,permute,0.995,3.9665791437332985,9.332743833783672,3.480473271022728,5.184355667936367,2.126165038646036,0.9647860353351139,0.7134032432519383,0.8390946392935261,0,0.0,15.7337491619103,6
layerwise_hard_knee,81,13,1,1.0,proportional,2,3.142572253565842,0.1460727722702786,0.04507646139993091,3.08909;2.8592;0.11484;0.0967172;0.0834711;0.0687205;0.0612782;0.0529652,0.2,900,900,False,0.1547953693176068,0.002482305318164614,0.06560259551842164,0.07120484048177646,0.08019879765918134,0.5152333180219009,1,0.03710839248592734,2,1.3483446619891677,1.8002385092486746,0.12793982544163546,0.20954280589879887,0.11018064077693795,0.9252978702959538,0.4738602846773229,0.6995790774866384,permute,0.995,2.8918755987902123,2.891875598790214,0.9999999999998804,0.9999999999991197,2.8918755987902123,0.16788181608833033,0.1799670921344531,0.17392445411139174,0,0.0,8.36294447887825,1
layerwise_hard_knee,81,13,2,2.0,proportional,2,3.142572253565842,0.1460727722702786,0.04507646139993091,3.08909;2.8592;0.11484;0.0967172;0.0834711;0.0687205;0.0612782;0.0529652,0.2,900,900,False,0.1547953693176068,0.002482305318164614,0.0042090439420007075,0.004842172784203452,0.14025245843507994,0.7066971675187377,2,0.03710839248592734,2,1.3483446619891677,1.8002385092486746,0.12793982544163546,0.20954280589879887,0.11018064077693795,0.9252978702959538,0.4738602846773229,0.6995790774866384,permute,0.995,3.813245876503985,5.373763077072695,1.713700662791531,1.9721536651151268,2.9129117471587413,0.2846333546214816,0.2850340415755599,0.28483369809852077,0,0.0,14.540844114674648,2
layerwise_hard_knee,81,13,4,4.0,proportional,2,3.142572253565842,0.1460727722702786,0.04507646139993091,3.08909;2.8592;0.11484;0.0967172;0.0834711;0.0687205;0.0612782;0.0529652,0.2,900,900,False,0.1547953693176068,0.002482305318164614,0.004060149098994701,0.004634412670098503,0.14097237329141935,0.6818989387025467,2,0.03710839248592734,2,1.3483446619891677,1.8002385092486746,0.12793982544163546,0.20954280589879887,0.11018064077693795,0.9252978702959538,0.4738602846773229,0.6995790774866384,permute,0.995,3.83461421012749,5.406598055241235,1.7295016695253285,1.9755879299801011,2.91582318249051,0.4216843109693607,0.278874125526089,0.35027921824772484,0,0.0,14.704266078279002,2
layerwise_hard_knee,81,13,8,8.0,proportional,2,3.142572253565842,0.1460727722702786,0.04507646139993091,3.08909;2.8592;0.11484;0.0967172;0.0834711;0.0687205;0.0612782;0.0529652,0.2,900,900,False,0.1547953693176068,0.002482305318164614,0.003589351277626828,0.003992361633723943,0.14323901358261815,0.6952417622162594,2,0.03710839248592734,2,1.3483446619891677,1.8002385092486746,0.12793982544163546,0.20954280589879887,0.11018064077693795,0.9252978702959538,0.4738602846773229,0.6995790774866384,permute,0.995,3.9079254361983295,5.519306520003025,1.8002976081695763,1.987708466180062,2.912554874252279,0.5941967349858671,0.2751354548866718,0.43466609493626945,0,0.0,15.271880897953697,2
layerwise_hard_knee,81,13,16,16.0,proportional,2,3.142572253565842,0.1460727722702786,0.04507646139993091,3.08909;2.8592;0.11484;0.0967172;0.0834711;0.0687205;0.0612782;0.0529652,0.2,900,900,False,0.1547953693176068,0.002482305318164614,0.003551377516720186,0.003937134347285038,0.1436061707972686,0.7057813664441874,2,0.03710839248592734,2,1.3483446619891677,1.8002385092486746,0.12793982544163546,0.20954280589879887,0.11018064077693795,0.9252978702959538,0.4738602846773229,0.6995790774866384,permute,0.995,3.9212165464315363,5.53823707413783,1.7868064357345457,1.985782719577551,2.933472846458681,0.7695002638891805,0.3327890167217216,0.5511446403054511,0,0.0,15.375938344025975,2
layerwise_hard_knee,81,13,32,32.0,proportional,2,3.142572253565842,0.1460727722702786,0.04507646139993091,3.08909;2.8592;0.11484;0.0967172;0.0834711;0.0687205;0.0612782;0.0529652,0.2,900,900,False,0.1547953693176068,0.002482305318164614,0.0034150241337022416,0.0037403422058908745,0.14452627066347928,0.7206913659342166,2,0.03710839248592734,2,1.3483446619891677,1.8002385092486746,0.12793982544163546,0.20954280589879887,0.11018064077693795,0.9252978702959538,0.4738602846773229,0.6995790774866384,permute,0.995,3.952983525922354,5.58706125209865,1.7975385540373694,1.9873329432990277,2.94839657084811,0.8518513126128251,0.37346294455231754,0.6126571285825713,0,0.0,15.626076232267849,2
layerwise_hard_knee,81,14,1,1.0,proportional,1,2.6959182630800633,0.1577850904964928,0.05844483002809483,2.71778;0.131429;0.122919;0.0967968;0.0853005;0.0782445;0.0622401;0.0477471,0.2,900,900,False,0.05428853209525092,0.002504079396188706,0.009640191170100287,0.011081684635561454,0.03003133416647323,0.30165017194293825,1,0.011347327052749516,1,1.0233666884073591,1.1671637492349916,0.0499911764685419,0.08828133277425818,0.04941715275852755,0.924379904807019,0.5001669334373797,0.7122734191221993,permute,0.995,1.6401431392239771,1.6401431392239783,0.9999999999996282,0.999999999999372,1.6401431392239771,0.16201539191494907,0.14162859871360658,0.1518219953142778,0,0.0,2.6900695171434825,1
layerwise_hard_knee,81,14,2,2.0,proportional,1,2.6959182630800633,0.1577850904964928,0.05844483002809483,2.71778;0.131429;0.122919;0.0967968;0.0853005;0.0782445;0.0622401;0.0477471,0.2,900,900,False,0.05428853209525092,0.002504079396188706,0.004285367581137044,0.004885854356802483,0.04359765666620981,0.4184066650997357,1,0.011347327052749516,1,1.0233666884073591,1.1671637492349916,0.0499911764685419,0.08828133277425818,0.04941715275852755,0.924379904807019,0.5001669334373797,0.7122734191221993,permute,0.995,2.2834874257853155,2.2838079918513197,1.000000019710362,1.0000003694156545,2.283487403280915,0.2573795694190687,0.16572426299956922,0.21155191620931896,0,0.0,5.214314720942616,1
layerwise_hard_knee,81,14,4,4.0,proportional,1,2.6959182630800633,0.1577850904964928,0.05844483002809483,2.71778;0.131429;0.122919;0.0967968;0.0853005;0.0782445;0.0622401;0.0477471,0.2,900,900,False,0.05428853209525092,0.002504079396188706,0.0045079907894631874,0.00516215927109296,0.04287448198990677,0.40382150982585957,1,0.011347327052749516,1,1.0233666884073591,1.1671637492349916,0.0499911764685419,0.08828133277425818,0.04941715275852755,0.924379904807019,0.5001669334373797,0.7122734191221993,permute,0.995,2.242408074031069,2.24323503419003,1.000000063851076,1.000001155327211,2.242408002440765,0.4013741603256939,0.17274653727392258,0.28706034879980824,0,0.0,5.028393649410383,1
layerwise_hard_knee,81,14,8,8.0,proportional,1,2.6959182630800633,0.1577850904964928,0.05844483002809483,2.71778;0.131429;0.122919;0.0967968;0.0853005;0.0782445;0.0622401;0.0477471,0.2,900,900,False,0.05428853209525092,0.002504079396188706,0.004052176434402755,0.00456918801255018,0.04456471162426028,0.43213494506307853,1,0.011347327052749516,1,1.0233666884073591,1.1671637492349916,0.0499911764685419,0.08828133277425818,0.04941715275852755,0.924379904807019,0.5001669334373797,0.7122734191221993,permute,0.995,2.3326081381599146,2.334136620686708,1.0000001004617936,1.000001824584847,2.3326080209907105,0.5516469075838834,0.17357245675096905,0.3626096821674262,0,0.0,5.441060179590199,1
layerwise_hard_knee,81,14,16,16.0,proportional,1,2.6959182630800633,0.1577850904964928,0.05844483002809483,2.71778;0.131429;0.122919;0.0967968;0.0853005;0.0782445;0.0622401;0.0477471,0.2,900,900,False,0.05428853209525092,0.002504079396188706,0.0040633625828399925,0.004588734836612018,0.04447823297254388,0.4365442643399768,1,0.011347327052749516,1,1.0233666884073591,1.1671637492349916,0.0499911764685419,0.08828133277425818,0.04941715275852755,0.924379904807019,0.5001669334373797,0.7122734191221993,permute,0.995,2.327635601562921,2.331259250769627,1.0000004311348467,1.0000072000759168,2.3276350998004594,0.691246315675466,0.1893191485479652,0.4402827321117156,0,0.0,5.417885157823094,1
layerwise_hard_knee,81,14,32,32.0,proportional,1,2.6959182630800633,0.1577850904964928,0.05844483002809483,2.71778;0.131429;0.122919;0.0967968;0.0853005;0.0782445;0.0622401;0.0477471,0.2,900,900,False,0.05428853209525092,0.002504079396188706,0.0037094316385653295,0.004095686660922745,0.045919353167479374,0.4424790206400982,1,0.011347327052749516,1,1.0233666884073591,1.1671637492349916,0.0499911764685419,0.08828133277425818,0.04941715275852755,0.924379904807019,0.5001669334373797,0.7122734191221993,permute,0.995,2.4082792276945435,2.4147396184349317,1.0000006712387077,1.0000113261074364,2.408278419429624,0.7736999009434365,0.256210292014604,0.5149550964790203,0,0.0,5.799804945490446,1
layerwise_hard_knee,81,15,1,1.0,proportional,6,2.20086893068752,0.020566180125297002,0.022280409090846543,2.2195;2.18591;2.10582;2.0483;1.95889;1.87884;0.0457634;0.0455505,0.2,900,900,False,0.19954489492052016,0.0025197304335302603,0.14427198345661993,0.14415209394170128,0.050676599510684844,0.2991400943502643,1,0.038200674582137654,3,1.6625753377038621,3.5281117469563053,0.13919905857454426,0.322215935656897,0.10795571325230206,0.9305932255734484,0.4797662752551,0.7051797504142742,permute,0.995,1.6019187308852354,1.6019187308852365,0.9999999999996103,0.9999999999993896,1.6019187308852354,0.16364347382731984,0.1595703122015782,0.16160689301444903,0,0.0,2.5661436203609633,1
layerwise_hard_knee,81,15,2,2.0,proportional,6,2.20086893068752,0.020566180125297002,0.022280409090846543,2.2195;2.18591;2.10582;2.0483;1.95889;1.87884;0.0457634;0.0455505,0.2,900,900,False,0.19954489492052016,0.0025197304335302603,0.10955626379547975,0.111863273677644,0.07712587088799766,0.405308338400433,2,0.038200674582137654,3,1.6625753377038621,3.5281117469563053,0.13919905857454426,0.322215935656897,0.10795571325230206,0.9305932255734484,0.4797662752551,0.7051797504142742,permute,0.995,2.2518148114945284,3.1799493298300594,1.8062322214259734,1.9885025721436949,1.675505580737391,0.28367269491328784,0.2684320088820815,0.2760523518976847,0,0.0,5.070669945266138,2
layerwise_hard_knee,81,15,4,4.0,proportional,6,2.20086893068752,0.020566180125297002,0.022280409090846543,2.2195;2.18591;2.10582;2.0483;1.95889;1.87884;0.0457634;0.0455505,0.2,900,900,False,0.19954489492052016,0.0025197304335302603,0.07415317970918822,0.0765881385013908,0.10468223881411655,0.5075205300685349,3,0.038200674582137654,3,1.6625753377038621,3.5281117469563053,0.13919905857454426,0.322215935656897,0.10795571325230206,0.9305932255734484,0.4797662752551,0.7051797504142742,permute,0.995,2.8344137087093046,5.00754165991648,2.6277797326560224,3.0062847999055395,1.7485125766879817,0.5181144602550481,0.4386683193695492,0.4783913898122987,0,0.0,8.021437641571,3
layerwise_hard_knee,81,15,8,8.0,proportional,6,2.20086893068752,0.020566180125297002,0.022280409090846543,2.2195;2.18591;2.10582;2.0483;1.95889;1.87884;0.0457634;0.0455505,0.2,900,900,False,0.19954489492052016,0.0025197304335302603,0.046394409293623144,0.04905357635225867,0.11960843870667112,0.5465017955625767,4,0.038200674582137654,3,1.6625753377038621,3.5281117469563053,0.13919905857454426,0.322215935656897,0.10795571325230206,0.9305932255734484,0.4797662752551,0.7051797504142742,permute,0.995,3.0738357206032476,6.3821153384913565,2.97938428073266,3.9503359638590414,1.7808092060350025,0.7972950248706532,0.6137016956904034,0.7054983602805283,0,0.0,9.33503457978011,4
layerwise_hard_knee,81,15,16,16.0,proportional,6,2.20086893068752,0.020566180125297002,0.022280409090846543,2.2195;2.18591;2.10582;2.0483;1.95889;1.87884;0.0457634;0.0455505,0.2,900,900,False,0.19954489492052016,0.0025197304335302603,0.028934910520707458,0.03290425716896346,0.13246257634052017,0.6027307004820828,5,0.038200674582137654,3,1.6625753377038621,3.5281117469563053,0.13919905857454426,0.322215935656897,0.10795571325230206,0.9305932255734484,0.4797662752551,0.7051797504142742,permute,0.995,3.3436788664621404,7.556971831692536,3.4304060883690717,4.740742047058997,1.8053100217059805,0.8488789955795629,0.6599665862393926,0.7544227909094778,0,0.0,11.10903891299797,5
layerwise_hard_knee,81,15,32,32.0,proportional,6,2.20086893068752,0.020566180125297002,0.022280409090846543,2.2195;2.18591;2.10582;2.0483;1.95889;1.87884;0.0457634;0.0455505,0.2,900,900,False,0.19954489492052016,0.0025197304335302603,0.0212271496000634,0.025045406674230164,0.14214802023007295,0.6386815132120605,5,0.038200674582137654,3,1.6625753377038621,3.5281117469563053,0.13919905857454426,0.322215935656897,0.10795571325230206,0.9305932255734484,0.4797662752551,0.7051797504142742,permute,0.995,3.5744171713089297,8.308857251518292,3.7793037250818426,5.087175183914674,1.8386511596238488,0.8635992593542243,0.6835845182535939,0.7735918888039091,0,0.0,12.55292576041137,5
layerwise_hard_knee,81,16,1,1.0,proportional,7,3.601436970333662,0.031685236413920154,0.039450529579478845,3.66708;3.62413;3.54823;3.54011;3.20285;2.99132;2.75454;0.114853,0.2,900,900,False,0.5737709686727787,0.0024993169092466213,0.4402942296822732,0.4364063765882829,0.1357593589728511,0.6603472607711537,1,0.05381334253121456,5,2.0543595258028433,4.753898011010724,0.21212986790207675,0.5356016785495021,0.1480006410265814,0.9947480964237445,0.5342745126071089,0.7645113045154267,permute,0.995,3.5420795514761965,3.542079551476199,0.9999999999999203,0.9999999999990796,3.5420795514761965,0.1584408926945773,0.17478428149066344,0.1666125870926204,0,0.0,12.546327548985813,1
layerwise_hard_knee,81,16,2,2.0,proportional,7,3.601436970333662,0.031685236413920154,0.039450529579478845,3.66708;3.62413;3.54823;3.54011;3.20285;2.99132;2.75454;0.114853,0.2,900,900,False,0.5737709686727787,0.0024993169092466213,0.35047043704811653,0.3509796238523822,0.21837938798142764,0.8688561533829348,2,0.05381334253121456,5,2.0543595258028433,4.753898011010724,0.21212986790207675,0.5356016785495021,0.1480006410265814,0.9947480964237445,0.5342745126071089,0.7645113045154267,permute,0.995,4.764652251244485,6.726835345694399,1.7919617626628168,1.9865369711107048,3.5593184018496986,0.28273259156355807,0.2717943651109454,0.27726347833725173,0,0.0,22.70191107528914,2
layerwise_hard_knee,81,16,4,4.0,proportional,7,3.601436970333662,0.031685236413920154,0.039450529579478845,3.66708;3.62413;3.54823;3.54011;3.20285;2.99132;2.75454;0.114853,0.2,900,900,False,0.5737709686727787,0.0024993169092466213,0.18569260404921364,0.18389109944569007,0.37226086441962375,1.1525105418182013,4,0.05381334253121456,5,2.0543595258028433,4.753898011010724,0.21212986790207675,0.5356016785495021,0.1480006410265814,0.9947480964237445,0.5342745126071089,0.7645113045154267,permute,0.995,6.504335148220109,12.979586232206405,3.2826885161360253,3.9639888425769767,3.589947298719329,0.5169169453817894,0.5213160860907057,0.5191165157362476,0,0.0,42.306375720371506,4
layerwise_hard_knee,81,16,8,8.0,proportional,7,3.601436970333662,0.031685236413920154,0.039450529579478845,3.66708;3.62413;3.54823;3.54011;3.20285;2.99132;2.75454;0.114853,0.2,900,900,False,0.5737709686727787,0.0024993169092466213,0.014336199552352534,0.017926724788325434,0.5159043229087477,1.4395322663927965,7,0.05381334253121456,5,2.0543595258028433,4.753898011010724,0.21212986790207675,0.5356016785495021,0.1480006410265814,0.9947480964237445,0.5342745126071089,0.7645113045154267,permute,0.995,7.925196736915164,20.501170039214163,4.868944891550598,6.462155242915142,3.591638535142042,0.8964170369818321,0.8462544741302181,0.871335755556025,0,0.0,62.808743299946514,7
layerwise_hard_knee,81,16,16,16.0,proportional,7,3.601436970333662,0.031685236413920154,0.039450529579478845,3.66708;3.62413;3.54823;3.54011;3.20285;2.99132;2.75454;0.114853,0.2,900,900,False,0.5737709686727787,0.0024993169092466213,0.0073434142768926325,0.009622371721342312,0.535095425640688,1.4845360377199535,7,0.05381334253121456,5,2.0543595258028433,4.753898011010724,0.21212986790207675,0.5356016785495021,0.1480006410265814,0.9947480964237445,0.5342745126071089,0.7645113045154267,permute,0.995,8.212744210816426,21.474947324984434,5.216678760327129,6.694712644293587,3.5957645773766944,0.9242411110057476,0.8626114793088008,0.8934262951572742,0,0.0,67.44916729120195,7
layerwise_hard_knee,81,16,32,32.0,proportional,7,3.601436970333662,0.031685236413920154,0.039450529579478845,3.66708;3.62413;3.54823;3.54011;3.20285;2.99132;2.75454;0.114853,0.2,900,900,False,0.5737709686727787,0.0024993169092466213,0.006137460219895485,0.007993735697285983,0.5401645204937611,1.4874890636835598,7,0.05381334253121456,5,2.0543595258028433,4.753898011010724,0.21212986790207675,0.5356016785495021,0.1480006410265814,0.9947480964237445,0.5342745126071089,0.7645113045154267,permute,0.995,8.302194949100912,21.745081776868574,5.323561428803111,6.733442464248474,3.598253795934982,0.9849872522493127,0.8759832310207577,0.9304852416350352,0,0.0,68.92644047794224,7
layerwise_hard_knee,81,17,1,1.0,proportional,1,3.5450819576629686,0.11322345469453261,0.04228656953681699,3.79351;0.141923;0.120556;0.109561;0.0948029;0.081495;0.0756523;0.0656787,0.2,900,900,False,0.13214780142070165,0.002489165185430487,0.0032901777038186033,0.0034634885998368918,0.1256638897024096,0.6510346010461475,1,0.02865884128437836,1,1.0033115778548747,1.03085628347085,0.11320542991598119,0.15083418797129805,0.11301844988983985,0.9462180464226343,0.5148293165292817,0.7305236814759579,permute,0.995,3.6223601586440592,3.622360158644062,0.9999999999999237,0.9999999999990763,3.6223601586440592,0.16342715454529283,0.17150134553120575,0.16746425003824927,0,0.0,13.121493118931815,1
layerwise_hard_knee,81,17,2,2.0,proportional,1,3.5450819576629686,0.11322345469453261,0.04228656953681699,3.79351;0.141923;0.120556;0.109561;0.0948029;0.081495;0.0756523;0.0656787,0.2,900,900,False,0.13214780142070165,0.002489165185430487,0.0032133546213348897,0.003334114114635645,0.12631164784594642,0.6605866250094082,1,0.02865884128437836,1,1.0033115778548747,1.03085628347085,0.11320542991598119,0.15083418797129805,0.11301844988983985,0.9462180464226343,0.5148293165292817,0.7305236814759579,permute,0.995,3.6538869379522882,3.65412268367304,1.000000004162916,1.000000084494436,3.6538869303467396,0.25564565708689124,0.17757329727712073,0.216609477182006,0,0.0,13.350889699758719,1
layerwise_hard_knee,81,17,4,4.0,proportional,1,3.5450819576629686,0.11322345469453261,0.04228656953681699,3.79351;0.141923;0.120556;0.109561;0.0948029;0.081495;0.0756523;0.0656787,0.2,900,900,False,0.13214780142070165,0.002489165185430487,0.0032225613218291524,0.0033509748113300796,0.12627499493750735,0.6514249844838327,1,0.02865884128437836,1,1.0033115778548747,1.03085628347085,0.11320542991598119,0.15083418797129805,0.11301844988983985,0.9462180464226343,0.5148293165292817,0.7305236814759579,permute,0.995,3.6500835010557346,3.6511272026120145,1.0000000287058308,1.0000005557576155,3.6500834486662592,0.4565848692561094,0.18204262898103157,0.31931374911857047,0,0.0,13.323109182227366,1
layerwise_hard_knee,81,17,8,8.0,proportional,1,3.5450819576629686,0.11322345469453261,0.04228656953681699,3.79351;0.141923;0.120556;0.109561;0.0948029;0.081495;0.0756523;0.0656787,0.2,900,900,False,0.13214780142070165,0.002489165185430487,0.0031799256582276114,0.0032786434765175736,0.12667451799765214,0.676904863747533,1,0.02865884128437836,1,1.0033115778548747,1.03085628347085,0.11320542991598119,0.15083418797129805,0.11301844988983985,0.9462180464226343,0.5148293165292817,0.7305236814759579,permute,0.995,3.669220017200229,3.6708470426544406,1.0000000321275488,1.0000006412424567,3.669219958258571,0.6412116202868817,0.16742249592410602,0.4043170581054939,0,0.0,13.463175102083031,1
layerwise_hard_knee,81,17,16,16.0,proportional,1,3.5450819576629686,0.11322345469453261,0.04228656953681699,3.79351;0.141923;0.120556;0.109561;0.0948029;0.081495;0.0756523;0.0656787,0.2,900,900,False,0.13214780142070165,0.002489165185430487,0.003172173726744036,0.0032663384035283194,0.12670693604172192,0.6685058080783861,1,0.02865884128437836,1,1.0033115778548747,1.03085628347085,0.11320542991598119,0.15083418797129805,0.11301844988983985,0.9462180464226343,0.5148293165292817,0.7305236814759579,permute,0.995,3.6721784938910327,3.6754172372945915,1.0000000851961437,1.0000016299901902,3.6721783374631833,0.7183973915131453,0.18589571631131285,0.4521465539122291,0,0.0,13.484893742133863,1
layerwise_hard_knee,81,17,32,32.0,proportional,1,3.5450819576629686,0.11322345469453261,0.04228656953681699,3.79351;0.141923;0.120556;0.109561;0.0948029;0.081495;0.0756523;0.0656787,0.2,900,900,False,0.13214780142070165,0.002489165185430487,0.0031492155858782256,0.0032288805397033852,0.12693993978823342,0.66770062911658,1,0.02865884128437836,1,1.0033115778548747,1.03085628347085,0.11320542991598119,0.15083418797129805,0.11301844988983985,0.9462180464226343,0.5148293165292817,0.7305236814759579,permute,0.995,3.682287480216354,3.6880959469291166,1.0000001794078535,1.0000033381252407,3.6822871499006165,0.7818037839882733,0.2058062535354424,0.4938050187618579,0,0.0,13.559238654323204,1
layerwise_hard_knee,81,18,1,1.0,proportional,2,3.5926820892997373,0.17116174502574627,0.030481796018248825,3.66574;3.0338;0.0821608;0.061173;0.0571629;0.0471196;0.038989;0.0334949,0.2,900,900,False,0.18982383033047948,0.002491770648556711,0.08934671324667628,0.08651957455016684,0.09660667451933981,0.5730302380436579,1,0.024491068435166966,2,1.601498235051193,1.965209489830497,0.11441527756956162,0.19133188968302414,0.09041089872192654,0.8244794023125832,0.4462225169279936,0.6353509596202884,permute,0.995,3.147363104195528,3.147363104195531,0.9999999999998991,0.9999999999991009,3.147363104195528,0.18268436171731317,0.18745028731797364,0.1850673245176434,0,0.0,9.905894509651311,1
layerwise_hard_knee,81,18,2,2.0,proportional,2,3.5926820892997373,0.17116174502574627,0.030481796018248825,3.66574;3.0338;0.0821608;0.061173;0.0571629;0.0471196;0.038989;0.0334949,0.2,900,900,False,0.18982383033047948,0.002491770648556711,0.0033084378057732663,0.0036718012112519774,0.17899206029209005,0.8013540801926786,2,0.024491068435166966,2,1.601498235051193,1.965209489830497,0.11441527756956162,0.19133188968302414,0.09041089872192654,0.8244794023125832,0.4462225169279936,0.6353509596202884,permute,0.995,4.513026093180463,6.338674356935257,1.6232931473374703,1.9463842807392655,3.542169725392814,0.28139395911088094,0.2893477380772414,0.28537084859406114,0,0.0,20.367404517727707,2
layerwise_hard_knee,81,18,4,4.0,proportional,2,3.5926820892997373,0.17116174502574627,0.030481796018248825,3.66574;3.0338;0.0821608;0.061173;0.0571629;0.0471196;0.038989;0.0334949,0.2,900,900,False,0.18982383033047948,0.002491770648556711,0.0031906604126650077,0.003490943318748213,0.1795703885645949,0.8067643932298453,2,0.024491068435166966,2,1.601498235051193,1.965209489830497,0.11441527756956162,0.19133188968302414,0.09041089872192654,0.8244794023125832,0.4462225169279936,0.6353509596202884,permute,0.995,4.52922247579867,6.369799412085883,1.6530811361891664,1.9561174929934777,3.5227073762317116,0.36343485654358515,0.2751977116283354,0.31931628408596024,0,0.0,20.513856196766277,2
layerwise_hard_knee,81,18,8,8.0,proportional,2,3.5926820892997373,0.17116174502574627,0.030481796018248825,3.66574;3.0338;0.0821608;0.061173;0.0571629;0.0471196;0.038989;0.0334949,0.2,900,900,False,0.18982383033047948,0.002491770648556711,0.0031245652898343286,0.003395068953011554,0.18010727940445162,0.8254154469097235,2,0.024491068435166966,2,1.601498235051193,1.965209489830497,0.11441527756956162,0.19133188968302414,0.09041089872192654,0.8244794023125832,0.4462225169279936,0.6353509596202884,permute,0.995,4.545057828332677,6.393150279983671,1.6549984983636277,1.956699856282343,3.532975381891849,0.5405919816281279,0.2786968150534264,0.40964439834077715,0,0.0,20.657550515706845,2
layerwise_hard_knee,81,18,16,16.0,proportional,2,3.5926820892997373,0.17116174502574627,0.030481796018248825,3.66574;3.0338;0.0821608;0.061173;0.0571629;0.0471196;0.038989;0.0334949,0.2,900,900,False,0.18982383033047948,0.002491770648556711,0.0030225325700014073,0.0032509499920634543,0.18104067536358281,0.8087497751163325,2,0.024491068435166966,2,1.601498235051193,1.965209489830497,0.11441527756956162,0.19133188968302414,0.09041089872192654,0.8244794023125832,0.4462225169279936,0.6353509596202884,permute,0.995,4.574689162643738,6.43488066132102,1.6502146221265077,1.9552382795724808,3.561159083384287,0.5637921326776988,0.2793618388695903,0.42157698577364455,0,0.0,20.927780419603053,2
layerwise_hard_knee,81,18,32,32.0,proportional,2,3.5926820892997373,0.17116174502574627,0.030481796018248825,3.66574;3.0338;0.0821608;0.061173;0.0571629;0.0471196;0.038989;0.0334949,0.2,900,900,False,0.18982383033047948,0.002491770648556711,0.0029378657847690622,0.0031244965353860146,0.18182585098998008,0.821963197410907,2,0.024491068435166966,2,1.601498235051193,1.965209489830497,0.11441527756956162,0.19133188968302414,0.09041089872192654,0.8244794023125832,0.4462225169279936,0.6353509596202884,permute,0.995,4.598576323483366,6.471930372493927,1.654396473117423,1.956519763150197,3.5752268330656123,0.6353480958977896,0.30996229132991454,0.4726551936138521,0,0.0,21.14690280223133,2
layerwise_hard_knee,81,19,1,1.0,proportional,8,2.505261010144218,0.032697263685482925,0.027195782429437182,2.69601;2.57764;2.35779;2.26359;2.22212;2.07579;2.04892;2.04511,0.2,900,900,False,0.3292642847964171,0.002508432656876616,0.2557670488092127,0.2683007060833502,0.05512425413832819,0.40434104788023445,1,0.035480805638537324,6,2.8212285075139003,5.9905695148596925,0.15783887131380794,0.43699001295446904,0.09397121343725466,0.9998890652225111,0.5076283491343586,0.7537587071784349,permute,0.995,2.2226940098331567,2.2226940098331585,0.9999999999997976,0.9999999999992024,2.2226940098331567,0.16292053349955266,0.18548101807357345,0.17420077578656307,0,0.0,4.940368661348197,1
layerwise_hard_knee,81,19,2,2.0,proportional,8,2.505261010144218,0.032697263685482925,0.027195782429437182,2.69601;2.57764;2.35779;2.26359;2.22212;2.07579;2.04892;2.04511,0.2,900,900,False,0.3292642847964171,0.002508432656876616,0.20763881745837007,0.22262465909634835,0.09706836349972547,0.5513215115013685,2,0.035480805638537324,6,2.8212285075139003,5.9905695148596925,0.15783887131380794,0.43699001295446904,0.09397121343725466,0.9998890652225111,0.5076283491343586,0.7537587071784349,permute,0.995,3.006718178180267,4.211731281615972,1.571756085758472,1.9262130828171495,2.3982814481170474,0.28756461731001665,0.26733027733439474,0.2774474473222057,0,0.0,9.040354202999666,2
layerwise_hard_knee,81,19,4,4.0,proportional,8,2.505261010144218,0.032697263685482925,0.027195782429437182,2.69601;2.57764;2.35779;2.26359;2.22212;2.07579;2.04892;2.04511,0.2,900,900,False,0.3292642847964171,0.002508432656876616,0.1257500661823027,0.13224791025764768,0.17298239993355735,0.6875685469120881,4,0.035480805638537324,6,2.8212285075139003,5.9905695148596925,0.15783887131380794,0.43699001295446904,0.09397121343725466,0.9998890652225111,0.5076283491343586,0.7537587071784349,permute,0.995,3.886434744550572,7.662517783592921,2.6126908920285437,3.7774820592462843,2.4044035715156733,0.5148320465421331,0.4814894724459622,0.49816075949404764,0,0.0,15.104375023649862,4
layerwise_hard_knee,81,19,8,8.0,proportional,8,2.505261010144218,0.032697263685482925,0.027195782429437182,2.69601;2.57764;2.35779;2.26359;2.22212;2.07579;2.04892;2.04511,0.2,900,900,False,0.3292642847964171,0.002508432656876616,0.06474803667287472,0.07187080937386618,0.21447187616229824,0.7924115272975748,6,0.035480805638537324,6,2.8212285075139003,5.9905695148596925,0.15783887131380794,0.43699001295446904,0.09397121343725466,0.9998890652225111,0.5076283491343586,0.7537587071784349,permute,0.995,4.4255270594162415,10.643065614198008,3.3329204827479195,5.317284927997072,2.4241111232945816,0.9998746300859153,0.8367233263758899,0.9182989782309026,0,0.0,19.55098358080424,6
layerwise_hard_knee,81,19,16,16.0,proportional,8,2.505261010144218,0.032697263685482925,0.027195782429437182,2.69601;2.57764;2.35779;2.26359;2.22212;2.07579;2.04892;2.04511,0.2,900,900,False,0.3292642847964171,0.002508432656876616,0.033318498415558,0.03997197519695419,0.23955691790429887,0.8490714888059723,7,0.035480805638537324,6,2.8212285075139003,5.9905695148596925,0.15783887131380794,0.43699001295446904,0.09397121343725466,0.9998890652225111,0.5076283491343586,0.7537587071784349,permute,0.995,4.764329958715636,12.546949100907174,3.7494305790765337,6.312458981407485,2.4604762247700003,0.9999125174686744,0.8840443612887188,0.9419784393786965,0,0.0,22.47396020295337,7
layerwise_hard_knee,81,19,32,32.0,proportional,8,2.505261010144218,0.032697263685482925,0.027195782429437182,2.69601;2.57764;2.35779;2.26359;2.22212;2.07579;2.04892;2.04511,0.2,900,900,False,0.3292642847964171,0.002508432656876616,0.021195098376789963,0.02683765949872913,0.2578945117794751,0.9050229220744289,7,0.035480805638537324,6,2.8212285075139003,5.9905695148596925,0.15783887131380794,0.43699001295446904,0.09397121343725466,0.9998890652225111,0.5076283491343586,0.7537587071784349,permute,0.995,5.0701569049746835,13.760682219923087,4.189021408932106,6.8870706463603195,2.4772230341485835,0.9999178145076931,0.9164966810965453,0.9582072478021192,0,0.0,25.006202390315636,7
layerwise_hard_knee,81,20,1,1.0,proportional,6,3.207551633241237,0.0781789129272109,0.04875874488430238,3.12225;2.86729;2.79236;2.5242;2.29439;2.17541;0.0998917;0.0952737,0.2,900,900,False,0.30891652202947856,0.0024801612189940285,0.2424222868203267,0.24245296095144775,0.06362540047723002,0.4372197264647216,1,0.030539171252771218,6,2.322511465983041,4.592110242388513,0.14799431837438698,0.36447013145469487,0.09711048193431618,0.9835652707681102,0.5397450373958841,0.7616551540819971,permute,0.995,2.385124712414666,2.385124712414668,0.9999999999998243,0.9999999999991758,2.385124712414666,0.1842925613025519,0.1615998927032425,0.1729462270028972,0,0.0,5.688819893771144,1
layerwise_hard_knee,81,20,2,2.0,proportional,6,3.207551633241237,0.0781789129272109,0.04875874488430238,3.12225;2.86729;2.79236;2.5242;2.29439;2.17541;0.0998917;0.0952737,0.2,900,900,False,0.30891652202947856,0.0024801612189940285,0.18140697083099955,0.18083091811799512,0.120612554945668,0.6119136184609864,2,0.030539171252771218,6,2.322511465983041,4.592110242388513,0.14799431837438698,0.36447013145469487,0.09711048193431618,0.9835652707681102,0.5397450373958841,0.7616551540819971,permute,0.995,3.412118856973695,4.817752551042714,1.797189454837917,1.9872786271772038,2.545231093141048,0.2829070241503799,0.27544485839639943,0.2791759412733896,0,0.0,11.642555094115474,2
layerwise_hard_knee,81,20,4,4.0,proportional,6,3.207551633241237,0.0781789129272109,0.04875874488430238,3.12225;2.86729;2.79236;2.5242;2.29439;2.17541;0.0998917;0.0952737,0.2,900,900,False,0.30891652202947856,0.0024801612189940285,0.07685509219518807,0.08383040250732525,0.19959849606558272,0.8238670696132334,4,0.030539171252771218,6,2.322511465983041,4.592110242388513,0.14799431837438698,0.36447013145469487,0.09711048193431618,0.9835652707681102,0.5397450373958841,0.7616551540819971,permute,0.995,4.5966220058774265,8.98002690155469,2.8143889254665457,3.6764058867136136,2.739975851834886,0.5139532626112621,0.49047530332341255,0.5022142829673373,0,0.0,21.12893386491662,4
layerwise_hard_knee,81,20,8,8.0,proportional,6,3.207551633241237,0.0781789129272109,0.04875874488430238,3.12225;2.86729;2.79236;2.5242;2.29439;2.17541;0.0998917;0.0952737,0.2,900,900,False,0.30891652202947856,0.0024801612189940285,0.040068728407637796,0.04727444037118028,0.22371052887847784,0.9002295853416892,4,0.030539171252771218,6,2.322511465983041,4.592110242388513,0.14799431837438698,0.36447013145469487,0.09711048193431618,0.9835652707681102,0.5397450373958841,0.7616551540819971,permute,0.995,5.0313595546056415,10.898880191163252,3.0838410296327803,4.245980205602676,2.865097219204378,0.8532231807917715,0.6661487778588607,0.7596859793253161,0,0.0,24.768965674410556,4
layerwise_hard_knee,81,20,16,16.0,proportional,6,3.207551633241237,0.0781789129272109,0.04875874488430238,3.12225;2.86729;2.79236;2.5242;2.29439;2.17541;0.0998917;0.0952737,0.2,900,900,False,0.30891652202947856,0.0024801612189940285,0.01844310025404035,0.023690673597801214,0.2485808312682532,0.9529706899581948,6,0.030539171252771218,6,2.322511465983041,4.592110242388513,0.14799431837438698,0.36447013145469487,0.09711048193431618,0.9835652707681102,0.5397450373958841,0.7616551540819971,permute,0.995,5.378557104894384,12.482527173065296,3.4483282040154126,4.990294498324009,2.896419660912091,0.9082966168362502,0.701031000887299,0.8046638088617746,0,0.0,28.928876327335185,6
layerwise_hard_knee,81,20,32,32.0,proportional,6,3.207551633241237,0.0781789129272109,0.04875874488430238,3.12225;2.86729;2.79236;2.5242;2.29439;2.17541;0.0998917;0.0952737,0.2,900,900,False,0.30891652202947856,0.0024801612189940285,0.01361442235428625,0.01791314252986544,0.2581710477375165,0.9943045826560893,6,0.030539171252771218,6,2.322511465983041,4.592110242388513,0.14799431837438698,0.36447013145469487,0.09711048193431618,0.9835652707681102,0.5397450373958841,0.7616551540819971,permute,0.995,5.525465596646136,13.019521411337095,3.6110360500054783,5.219989320135879,2.9077225675051346,0.9261389297280948,0.7328404019485864,0.8294896658383406,0,0.0,30.53076943980596,6
layerwise_hard_knee,81,21,1,1.0,proportional,1,2.6271051447718317,0.06307059792473965,0.027638847050284875,2.80416;0.070128;0.0606806;0.0593749;0.0572888;0.0520589;0.0483568;0.0443109,0.2,900,900,False,0.06537802550999439,0.0025010406116871393,0.004158161139676991,0.004827695702553538,0.052304926045600594,0.4187439420076088,1,0.015968420668634607,1,1.0053296435106713,1.04929866267344,0.06707736822545621,0.09986074038637674,0.06689933033893375,0.8367169414936904,0.4454650498935961,0.6410909956936433,permute,0.995,2.307383453214525,2.307383453214527,0.9999999999998122,0.9999999999991878,2.307383453214525,0.17874135021748672,0.1671206588948925,0.1729310045561896,0,0.0,5.324018400168187,1
layerwise_hard_knee,81,21,2,2.0,proportional,1,2.6271051447718317,0.06307059792473965,0.027638847050284875,2.80416;0.070128;0.0606806;0.0593749;0.0572888;0.0520589;0.0483568;0.0443109,0.2,900,900,False,0.06537802550999439,0.0025010406116871393,0.003350593021316516,0.0037109496083451714,0.056286596793379245,0.4543992508755997,1,0.015968420668634607,1,1.0053296435106713,1.04929866267344,0.06707736822545621,0.09986074038637674,0.06689933033893375,0.8367169414936904,0.4454650498935961,0.6410909956936433,permute,0.995,2.488823626612056,2.4889909875077985,1.00000000452203,1.0000000914109612,2.4888236209845873,0.2057414521268369,0.15932103582152,0.18253124397417844,0,0.0,6.194243016370837,1
layerwise_hard_knee,81,21,4,4.0,proportional,1,2.6271051447718317,0.06307059792473965,0.027638847050284875,2.80416;0.070128;0.0606806;0.0593749;0.0572888;0.0520589;0.0483568;0.0443109,0.2,900,900,False,0.06537802550999439,0.0025010406116871393,0.004098599871219581,0.004757389786630009,0.052551696287239755,0.41228888760472593,1,0.015968420668634607,1,1.0053296435106713,1.04929866267344,0.06707736822545621,0.09986074038637674,0.06689933033893375,0.8367169414936904,0.4454650498935961,0.6410909956936433,permute,0.995,2.3191727125120396,2.319661253038569,1.0000000175096078,1.0000003440356318,2.319172692207922,0.2826169752056044,0.16376321036198854,0.22319009278379648,0,0.0,5.378561976282939,1
layerwise_hard_knee,81,21,8,8.0,proportional,1,2.6271051447718317,0.06307059792473965,0.027638847050284875,2.80416;0.070128;0.0606806;0.0593749;0.0572888;0.0520589;0.0483568;0.0443109,0.2,900,900,False,0.06537802550999439,0.0025010406116871393,0.0032735961111003396,0.0036074403071399163,0.05667661476654415,0.4478403354323106,1,0.015968420668634607,1,1.0053296435106713,1.04929866267344,0.06707736822545621,0.09986074038637674,0.06689933033893375,0.8367169414936904,0.4454650498935961,0.6410909956936433,permute,0.995,2.5103463989501282,2.5115149446366174,1.0000000342496842,1.000000683164605,2.5103463559606443,0.4653777170377883,0.17351172607652202,0.31944472155715514,0,0.0,6.301838826884886,1
layerwise_hard_knee,81,21,16,16.0,proportional,1,2.6271051447718317,0.06307059792473965,0.027638847050284875,2.80416;0.070128;0.0606806;0.0593749;0.0572888;0.0520589;0.0483568;0.0443109,0.2,900,900,False,0.06537802550999439,0.0025010406116871393,0.0032119962761392455,0.0035158428644241585,0.057128413102836485,0.4647056474726023,1,0.015968420668634607,1,1.0053296435106713,1.04929866267344,0.06707736822545621,0.09986074038637674,0.06689933033893375,0.8367169414936904,0.4454650498935961,0.6410909956936433,permute,0.995,2.5287499896541568,2.5313126346330788,1.0000001055476688,1.0000020006998345,2.5287498562021367,0.5549873017752764,0.17613332750383992,0.3655603146395582,0,0.0,6.3945758352423265,1
layerwise_hard_knee,81,21,32,32.0,proportional,1,2.6271051447718317,0.06307059792473965,0.027638847050284875,2.80416;0.070128;0.0606806;0.0593749;0.0572888;0.0520589;0.0483568;0.0443109,0.2,900,900,False,0.06537802550999439,0.0025010406116871393,0.0031511329493542775,0.0034211551043677466,0.05748224275108306,0.4525909479236661,1,0.015968420668634607,1,1.0053296435106713,1.04929866267344,0.06707736822545621,0.09986074038637674,0.06689933033893375,0.8367169414936904,0.4454650498935961,0.6410909956936433,permute,0.995,2.545048337333785,2.5497985657289326,1.0000002437353006,1.0000044351326312,2.5450480271745843,0.6109761526601479,0.20126061918371518,0.40611838592193156,0,0.0,6.4772694606252434,1
layerwise_hard_knee,81,22,1,1.0,proportional,3,3.2762853660962774,0.08227726979396618,0.04170886442270048,3.13098;3.1182;2.87678;0.11484;0.110314;0.0897554;0.0826518;0.0759587,0.2,900,900,False,0.20711138807690324,0.0024925919184408205,0.12187756547551329,0.12197346358969614,0.08096769669126773,0.5051495630584983,1,0.02535232673438046,3,1.9818019121063597,2.866088909087115,0.12188625394339307,0.24168591503674391,0.08658140081960851,0.9619257180546374,0.49841846533097445,0.730172091692806,permute,0.995,2.8133308042939684,2.81333080429397,0.9999999999998737,0.9999999999991263,2.8133308042939684,0.18028247165978933,0.1822388783474842,0.18126067500363677,0,0.0,7.914830214389347,1
layerwise_hard_knee,81,22,2,2.0,proportional,3,3.2762853660962774,0.08227726979396618,0.04170886442270048,3.13098;3.1182;2.87678;0.11484;0.110314;0.0897554;0.0826518;0.0759587,0.2,900,900,False,0.20711138807690324,0.0024925919184408205,0.06130447604260966,0.06768671676508659,0.12860950365072643,0.6891913574031172,2,0.02535232673438046,3,1.9818019121063597,2.866088909087115,0.12188625394339307,0.24168591503674391,0.08658140081960851,0.9619257180546374,0.49841846533097445,0.730172091692806,permute,0.995,3.8277267131388593,5.4087398145043,1.8496025335725477,1.9933917671678545,2.8145030084861387,0.28130811902968483,0.29761835654095853,0.2894632377853217,0,0.0,14.651491790476818,2
layerwise_hard_knee,81,22,4,4.0,proportional,3,3.2762853660962774,0.08227726979396618,0.04170886442270048,3.13098;3.1182;2.87678;0.11484;0.110314;0.0897554;0.0826518;0.0759587,0.2,900,900,False,0.20711138807690324,0.0024925919184408205,0.006976627499029129,0.008693560132383588,0.17753411057890783,0.8149237695342996,3,0.02535232673438046,3,1.9818019121063597,2.866088909087115,0.12188625394339307,0.24168591503674391,0.08658140081960851,0.9619257180546374,0.49841846533097445,0.730172091692806,permute,0.995,4.536663523006131,7.8241078916311855,2.6172627276275584,2.949873358438124,2.8042253392964436,0.5088696122744852,0.3935464144627499,0.4512080133686176,0,0.0,20.58131577139849,3
layerwise_hard_knee,81,22,8,8.0,proportional,3,3.2762853660962774,0.08227726979396618,0.04170886442270048,3.13098;3.1182;2.87678;0.11484;0.110314;0.0897554;0.0826518;0.0759587,0.2,900,900,False,0.20711138807690324,0.0024925919184408205,0.004765961028919419,0.005753922016282344,0.18593145882700263,0.8406318548315006,3,0.02535232673438046,3,1.9818019121063597,2.866088909087115,0.12188625394339307,0.24168591503674391,0.08658140081960851,0.9619257180546374,0.49841846533097445,0.730172091692806,permute,0.995,4.764101503327668,8.24207491386393,2.742011550434066,2.984913857732061,2.877043086990847,0.711991606271203,0.39439609007324494,0.553193848172224,0,0.0,22.696662893343362,3
layerwise_hard_knee,81,22,16,16.0,proportional,3,3.2762853660962774,0.08227726979396618,0.04170886442270048,3.13098;3.1182;2.87678;0.11484;0.110314;0.0897554;0.0826518;0.0759587,0.2,900,900,False,0.20711138807690324,0.0024925919184408205,0.004512663691951781,0.005384991398494121,0.18736799968128753,0.8580110326147465,3,0.02535232673438046,3,1.9818019121063597,2.866088909087115,0.12188625394339307,0.24168591503674391,0.08658140081960851,0.9619257180546374,0.49841846533097445,0.730172091692806,permute,0.995,4.804386663941388,8.312763806291866,2.7432568239204236,2.9839133639563267,2.9007127152730905,0.8665835740892154,0.42998639010090584,0.6482849820950606,0,0.0,23.08213015661947,3
layerwise_hard_knee,81,22,32,32.0,proportional,3,3.2762853660962774,0.08227726979396618,0.04170886442270048,3.13098;3.1182;2.87678;0.11484;0.110314;0.0897554;0.0826518;0.0759587,0.2,900,900,False,0.20711138807690324,0.0024925919184408205,0.003999223796213845,0.004662827735232676,0.19044341455346697,0.8743163560470324,3,0.02535232673438046,3,1.9818019121063597,2.866088909087115,0.12188625394339307,0.24168591503674391,0.08658140081960851,0.9619257180546374,0.49841846533097445,0.730172091692806,permute,0.995,4.889430926473077,8.464983194732435,2.7918150545532323,2.987630183730963,2.9262740280850714,0.8714530961462736,0.42504371674044134,0.6482484064433575,0,0.0,23.90653244913335,3
layerwise_hard_knee,81,23,1,1.0,proportional,2,2.405184695211086,0.08209803969870567,0.07007565704654341,2.36851;2.23845;0.146287;0.132295;0.117933;0.111274;0.10359;0.0927608,0.2,900,900,False,0.07810007227299387,0.002489281456077865,0.036872674614623686,0.03760800766559211,0.03293605437192691,0.34490727113881947,1,0.01810386874472953,2,1.5295081653430005,2.022721985056222,0.07652990994329098,0.14457381334006647,0.0618807120438605,0.9710108220472196,0.5491294645348859,0.7600701432910527,permute,0.995,1.848600460104065,1.8486004601040664,0.9999999999997073,0.9999999999992927,1.848600460104065,0.1855254391150972,0.16649878577712102,0.1760121124461091,0,0.0,3.4173236610969613,1
layerwise_hard_knee,81,23,2,2.0,proportional,2,2.405184695211086,0.08209803969870567,0.07007565704654341,2.36851;2.23845;0.146287;0.132295;0.117933;0.111274;0.10359;0.0927608,0.2,900,900,False,0.07810007227299387,0.002489281456077865,0.011577492492181249,0.013558603202399025,0.04851249713621204,0.3937396935078018,2,0.01810386874472953,2,1.5295081653430005,2.022721985056222,0.07652990994329098,0.14457381334006647,0.0618807120438605,0.9710108220472196,0.5491294645348859,0.7600701432910527,permute,0.995,2.1301970278928155,2.9252701296385744,1.3660325648649188,1.7882048351418394,1.8225911121122509,0.2877749834154234,0.2634351075158223,0.2756050454656228,0,0.0,4.537739377643386,2
layerwise_hard_knee,81,23,4,4.0,proportional,2,2.405184695211086,0.08209803969870567,0.07007565704654341,2.36851;2.23845;0.146287;0.132295;0.117933;0.111274;0.10359;0.0927608,0.2,900,900,False,0.07810007227299387,0.002489281456077865,0.008797646359209163,0.010392872580690597,0.05346565089359151,0.4210693180018338,2,0.01810386874472953,2,1.5295081653430005,2.022721985056222,0.07652990994329098,0.14457381334006647,0.0618807120438605,0.9710108220472196,0.5491294645348859,0.7600701432910527,permute,0.995,2.324701135732307,3.234519178231709,1.476740559139839,1.8757098593821617,1.9130002476460826,0.47315205015569145,0.2619064386892773,0.36752924442248436,0,0.0,5.404235151439659,2
layerwise_hard_knee,81,23,8,8.0,proportional,2,2.405184695211086,0.08209803969870567,0.07007565704654341,2.36851;2.23845;0.146287;0.132295;0.117933;0.111274;0.10359;0.0927608,0.2,900,900,False,0.07810007227299387,0.002489281456077865,0.006472525588499002,0.007608988927943894,0.059316452710368194,0.4654963236762585,2,0.01810386874472953,2,1.5295081653430005,2.022721985056222,0.07652990994329098,0.14457381334006647,0.0618807120438605,0.9710108220472196,0.5491294645348859,0.7600701432910527,permute,0.995,2.5653526479388415,3.58905650604432,1.5463716233921674,1.914547922111952,2.062956822568145,0.630052777008579,0.2654683373608642,0.44776055718472163,0,0.0,6.5810338837227675,2
layerwise_hard_knee,81,23,16,16.0,proportional,2,2.405184695211086,0.08209803969870567,0.07007565704654341,2.36851;2.23845;0.146287;0.132295;0.117933;0.111274;0.10359;0.0927608,0.2,900,900,False,0.07810007227299387,0.002489281456077865,0.006179154155037805,0.007350357947791628,0.05964914567938986,0.462305991310477,2,0.01810386874472953,2,1.5295081653430005,2.022721985056222,0.07652990994329098,0.14457381334006647,0.0618807120438605,0.9710108220472196,0.5491294645348859,0.7600701432910527,permute,0.995,2.581905700582549,3.625824538048227,1.6002215568703144,1.9379142019564823,2.041034370173843,0.7907213676566598,0.30105946740850476,0.5458904175325823,0,0.0,6.666235083403162,2
layerwise_hard_knee,81,23,32,32.0,proportional,2,2.405184695211086,0.08209803969870567,0.07007565704654341,2.36851;2.23845;0.146287;0.132295;0.117933;0.111274;0.10359;0.0927608,0.2,900,900,False,0.07810007227299387,0.002489281456077865,0.005456207805460487,0.0064330712390209465,0.06173631367292132,0.4811890760723013,2,0.01810386874472953,2,1.5295081653430005,2.022721985056222,0.07652990994329098,0.14457381334006647,0.0618807120438605,0.9710108220472196,0.5491294645348859,0.7600701432910527,permute,0.995,2.67099240264786,3.761570971722571,1.650001442902175,1.9551839903216703,2.079363856137303,0.8722838436862624,0.32175060880238426,0.5970172262443234,0,0.0,7.134197680955243,2
layerwise_hard_knee,81,24,1,1.0,proportional,5,2.5919333329613417,0.15168925034816227,0.010859354129738196,2.62393;1.9853;1.89903;1.60824;1.34896;0.0128659;0.0110872;0.01,0.2,900,900,False,0.1415297393441663,0.002496055857668354,0.08619259366997258,0.08637752502111419,0.05004000313834014,0.38574057581719035,1,0.026547009700732538,4,1.9325820904571174,3.5678399066737048,0.10543314272499618,0.23902588366208619,0.07584172053367413,0.6819575913169383,0.35580271284023696,0.5188801520785876,permute,0.995,2.1525895761723457,2.1525895761723475,0.9999999999997842,0.9999999999992157,2.1525895761723457,0.17480652461243618,0.15123559096815323,0.1630210577902947,0,0.0,4.633641883445839,1
layerwise_hard_knee,81,24,2,2.0,proportional,5,2.5919333329613417,0.15168925034816227,0.010859354129738196,2.62393;1.9853;1.89903;1.60824;1.34896;0.0128659;0.0110872;0.01,0.2,900,900,False,0.1415297393441663,0.002496055857668354,0.06009936403357538,0.06291472652012721,0.07083163317765916,0.44944163715434793,2,0.026547009700732538,4,1.9325820904571174,3.5678399066737048,0.10543314272499618,0.23902588366208619,0.07584172053367413,0.6819575913169383,0.35580271284023696,0.5188801520785876,permute,0.995,2.5551921839954916,3.405175073794284,1.226399996685493,1.6133381502271302,2.307318243723206,0.29609406135286503,0.2836668211556079,0.28988044125423645,0,0.0,6.52900709715165,2
layerwise_hard_knee,81,24,4,4.0,proportional,5,2.5919333329613417,0.15168925034816227,0.010859354129738196,2.62393;1.9853;1.89903;1.60824;1.34896;0.0128659;0.0110872;0.01,0.2,900,900,False,0.1415297393441663,0.002496055857668354,0.037065154034397425,0.038956102431881356,0.08784547613729686,0.5029761324638793,3,0.026547009700732538,4,1.9325820904571174,3.5678399066737048,0.10543314272499618,0.23902588366208619,0.07584172053367413,0.6819575913169383,0.35580271284023696,0.5188801520785876,permute,0.995,2.839006813886272,4.631121632980834,1.5172827257477755,2.3502207866197717,2.3047996438848144,0.5151834980584178,0.40820967045660156,0.4616965842575097,0,0.0,8.05935288476706,3
layerwise_hard_knee,81,24,8,8.0,proportional,5,2.5919333329613417,0.15168925034816227,0.010859354129738196,2.62393;1.9853;1.89903;1.60824;1.34896;0.0128659;0.0110872;0.01,0.2,900,900,False,0.1415297393441663,0.002496055857668354,0.026403618368477964,0.030106831922615162,0.09384266194326382,0.5339195173015465,3,0.026547009700732538,4,1.9325820904571174,3.5678399066737048,0.10543314272499618,0.23902588366208619,0.07584172053367413,0.6819575913169383,0.35580271284023696,0.5188801520785876,permute,0.995,2.9507082605289825,5.234709868335357,1.5301002996956568,2.599934424857476,2.3854280533786767,0.6410348427821567,0.49095986063653696,0.5659973517093468,0,0.0,8.449033893130254,3
layerwise_hard_knee,81,24,16,16.0,proportional,5,2.5919333329613417,0.15168925034816227,0.010859354129738196,2.62393;1.9853;1.89903;1.60824;1.34896;0.0128659;0.0110872;0.01,0.2,900,900,False,0.1415297393441663,0.002496055857668354,0.024696044837808975,0.02786595151461304,0.09635044993047008,0.5424547248330448,3,0.026547009700732538,4,1.9325820904571174,3.5678399066737048,0.10543314272499618,0.23902588366208619,0.07584172053367413,0.6819575913169383,0.35580271284023696,0.5188801520785876,permute,0.995,3.053006703966866,5.474241658105552,1.6166005883811243,2.684445850220404,2.4011892572399622,0.6347893342018838,0.5039731820576818,0.5693812581297828,0,0.0,9.125733853888722,3
layerwise_hard_knee,81,24,32,32.0,proportional,5,2.5919333329613417,0.15168925034816227,0.010859354129738196,2.62393;1.9853;1.89903;1.60824;1.34896;0.0128659;0.0110872;0.01,0.2,900,900,False,0.1415297393441663,0.002496055857668354,0.01960105742092854,0.02303016830217335,0.1009208184568328,0.561159539848547,4,0.026547009700732538,4,1.9325820904571174,3.5678399066737048,0.10543314272499618,0.23902588366208619,0.07584172053367413,0.6819575913169383,0.35580271284023696,0.5188801520785876,permute,0.995,3.153246005962031,5.9104010487141805,1.7022233388678,2.9626243950843905,2.4168493703335328,0.6370169484218494,0.5223802346633816,0.5796985915426155,0,0.0,9.93172061069981,4
layerwise_hard_knee,81,25,1,1.0,proportional,2,3.0498565073380752,0.04810351029778785,0.07979406451217291,3.31312;2.85246;0.210835;0.205879;0.194854;0.185911;0.183087;0.167001,0.2,900,900,False,0.14510527483751143,0.0025100377657215883,0.060389345509564506,0.06118198095684972,0.07829439350805806,0.5413527390379511,1,0.028302371975960056,2,1.3577963137517812,1.8959300904010683,0.11814744303536269,0.20978380188580628,0.10139277617187573,0.9899280844000671,0.5321299026222718,0.7610289935111694,permute,0.995,2.9994843508996945,2.999484350899697,0.9999999999998889,0.9999999999991112,2.9994843508996945,0.1579425211531821,0.1705110995368579,0.16422681034502,0,0.0,8.99690637129216,1
layerwise_hard_knee,81,25,2,2.0,proportional,2,3.0498565073380752,0.04810351029778785,0.07979406451217291,3.31312;2.85246;0.210835;0.205879;0.194854;0.185911;0.183087;0.167001,0.2,900,900,False,0.14510527483751143,0.0025100377657215883,0.010082184621830094,0.012075672519515992,0.11561597770933496,0.6356535265547659,2,0.028302371975960056,2,1.3577963137517812,1.8959300904010683,0.11814744303536269,0.20978380188580628,0.10139277617187573,0.9899280844000671,0.5321299026222718,0.7610289935111694,permute,0.995,3.591498158905751,4.926854642025017,1.3591535235215824,1.7814958952934512,3.080643123468053,0.27595108867706936,0.2628221926009005,0.26938664063898493,0,0.0,12.898859025423393,2
layerwise_hard_knee,81,25,4,4.0,proportional,2,3.0498565073380752,0.04810351029778785,0.07979406451217291,3.31312;2.85246;0.210835;0.205879;0.194854;0.185911;0.183087;0.167001,0.2,900,900,False,0.14510527483751143,0.0025100377657215883,0.006405764054653717,0.00765265817102499,0.12474912813072003,0.677565294640896,2,0.028302371975960056,2,1.3577963137517812,1.8959300904010683,0.11814744303536269,0.20978380188580628,0.10139277617187573,0.9899280844000671,0.5321299026222718,0.7610289935111694,permute,0.995,3.8051924776165102,5.356114637193309,1.673129031533027,1.9619533712370778,2.941791657477424,0.48294402495524086,0.27552919792626446,0.37923661144075266,0,0.0,14.479489419157707,2
layerwise_hard_knee,81,25,8,8.0,proportional,2,3.0498565073380752,0.04810351029778785,0.07979406451217291,3.31312;2.85246;0.210835;0.205879;0.194854;0.185911;0.183087;0.167001,0.2,900,900,False,0.14510527483751143,0.0025100377657215883,0.005263422766531901,0.005968769175527417,0.13060128356599382,0.7169721536580762,2,0.028302371975960056,2,1.3577963137517812,1.8959300904010683,0.11814744303536269,0.20978380188580628,0.10139277617187573,0.9899280844000671,0.5321299026222718,0.7610289935111694,permute,0.995,4.019307205037796,5.659745334748747,1.6738850413063002,1.962166527835127,3.1066218140781183,0.7748846624606358,0.295631622770159,0.5352581426153974,0,0.0,16.154828106719357,2
layerwise_hard_knee,81,25,16,16.0,proportional,2,3.0498565073380752,0.04810351029778785,0.07979406451217291,3.31312;2.85246;0.210835;0.205879;0.194854;0.185911;0.183087;0.167001,0.2,900,900,False,0.14510527483751143,0.0025100377657215883,0.005286723251925445,0.006020171951468179,0.1305608490654211,0.7213055642063111,2,0.028302371975960056,2,1.3577963137517812,1.8959300904010683,0.11814744303536269,0.20978380188580628,0.10139277617187573,0.9899280844000671,0.5321299026222718,0.7610289935111694,permute,0.995,4.020648219192884,5.661155187672238,1.6509161894437632,1.9554806381047927,3.129201743869269,0.952869303575264,0.35077911081658014,0.651824207195922,0,0.0,16.165596865688837,2
layerwise_hard_knee,81,25,32,32.0,proportional,2,3.0498565073380752,0.04810351029778785,0.07979406451217291,3.31312;2.85246;0.210835;0.205879;0.194854;0.185911;0.183087;0.167001,0.2,900,900,False,0.14510527483751143,0.0025100377657215883,0.004982658122849571,0.005582684010431862,0.13192975757664097,0.7296791335506608,2,0.028302371975960056,2,1.3577963137517812,1.8959300904010683,0.11814744303536269,0.20978380188580628,0.10139277617187573,0.9899280844000671,0.5321299026222718,0.7610289935111694,permute,0.995,4.0694360169491395,5.743070091420139,1.6745047323401416,1.9624458324645764,3.144785547375952,0.9656344932097473,0.3924923895868895,0.6790634413983183,0,0.0,16.560234938735697,2
layerwise_hard_knee,81,26,1,1.0,proportional,6,2.332286950015482,0.11931208662599081,0.07223253874857438,2.42076;2.13168;1.72203;1.70703;1.38655;1.28185;0.0783605;0.0707096,0.2,900,900,False,0.14393303280514436,0.0024885952570005893,0.10450735321569689,0.10404030740708231,0.03365492185157762,0.3002692810264626,1,0.02080356514689213,5,2.3478750546846197,4.465897944162107,0.10295772144750096,0.2588318319090458,0.06719259775848814,0.9716121107217329,0.5134146057850386,0.7425133582533858,permute,0.995,1.64552585609858,1.6455258560985813,0.9999999999996306,0.9999999999993694,1.64552585609858,0.17358588372919873,0.19205375818193565,0.1828198209555672,0,0.0,2.7077553430889645,1
layerwise_hard_knee,81,26,2,2.0,proportional,6,2.332286950015482,0.11931208662599081,0.07223253874857438,2.42076;2.13168;1.72203;1.70703;1.38655;1.28185;0.0783605;0.0707096,0.2,900,900,False,0.14393303280514436,0.0024885952570005893,0.0863869114656976,0.0857149774611718,0.044944530196409184,0.34702872145978253,2,0.02080356514689213,5,2.3478750546846197,4.465897944162107,0.10295772144750096,0.2588318319090458,0.06719259775848814,0.9716121107217329,0.5134146057850386,0.7425133582533858,permute,0.995,1.9302501567550072,2.5644015285307216,1.2165231482174792,1.5973158055068855,1.7500618910366403,0.2791143488894226,0.24537179012618338,0.26224306950780296,0,0.0,3.7258656676527293,2
layerwise_hard_knee,81,26,4,4.0,proportional,6,2.332286950015482,0.11931208662599081,0.07223253874857438,2.42076;2.13168;1.72203;1.70703;1.38655;1.28185;0.0783605;0.0707096,0.2,900,900,False,0.14393303280514436,0.0024885952570005893,0.058971247980573446,0.062297852430788364,0.06043653334022337,0.3966619677648104,3,0.02080356514689213,5,2.3478750546846197,4.465897944162107,0.10295772144750096,0.2588318319090458,0.06719259775848814,0.9716121107217329,0.5134146057850386,0.7425133582533858,permute,0.995,2.2289800810443245,3.7032446980460105,1.4308666820813,2.2567147733842323,1.8634021913968228,0.5214517763958094,0.4057697717800554,0.4636107740879324,0,0.0,4.936491665501622,3
layerwise_hard_knee,81,26,8,8.0,proportional,6,2.332286950015482,0.11931208662599081,0.07223253874857438,2.42076;2.13168;1.72203;1.70703;1.38655;1.28185;0.0783605;0.0707096,0.2,900,900,False,0.14393303280514436,0.0024885952570005893,0.04028469563699016,0.04370089049283346,0.075506113020068,0.45942558510102804,4,0.02080356514689213,5,2.3478750546846197,4.465897944162107,0.10295772144750096,0.2588318319090458,0.06719259775848814,0.9716121107217329,0.5134146057850386,0.7425133582533858,permute,0.995,2.579438615192832,4.907339772196867,1.7597001339223368,3.0731105436189066,1.9444906695189,0.8894995694967294,0.5908936217719206,0.740196595634325,0,0.0,6.648041530310737,4
layerwise_hard_knee,81,26,16,16.0,proportional,6,2.332286950015482,0.11931208662599081,0.07223253874857438,2.42076;2.13168;1.72203;1.70703;1.38655;1.28185;0.0783605;0.0707096,0.2,900,900,False,0.14393303280514436,0.0024885952570005893,0.03213277753943196,0.03530615500679789,0.08246788642442254,0.49533727409477873,4,0.02080356514689213,5,2.3478750546846197,4.465897944162107,0.10295772144750096,0.2588318319090458,0.06719259775848814,0.9716121107217329,0.5134146057850386,0.7425133582533858,permute,0.995,2.7546434476955453,5.503828124677985,1.978106843832973,3.398203985194663,1.9585764145493247,0.9063478931680624,0.5994770089171175,0.75291245104259,0,0.0,7.513086436738332,4
layerwise_hard_knee,81,26,32,32.0,proportional,6,2.332286950015482,0.11931208662599081,0.07223253874857438,2.42076;2.13168;1.72203;1.70703;1.38655;1.28185;0.0783605;0.0707096,0.2,900,900,False,0.14393303280514436,0.0024885952570005893,0.023670286620231365,0.027159353232681063,0.090295071881245,0.521556465758335,4,0.02080356514689213,5,2.3478750546846197,4.465897944162107,0.10295772144750096,0.2588318319090458,0.06719259775848814,0.9716121107217329,0.5134146057850386,0.7425133582533858,permute,0.995,2.9414746390167017,6.228255257080479,2.1537677757164686,3.85780839843585,2.0043135887570025,0.9247827456522958,0.6289834102168544,0.7768830779345751,0,0.0,8.397999600031675,4
layerwise_hard_knee,81,27,1,1.0,proportional,8,2.703595120852031,0.022131885015791594,0.07719582969873164,2.63975;2.5991;2.57362;2.45243;2.45077;2.43061;2.32832;2.22498,0.2,900,900,False,0.379007224867818,0.0024954368168871666,0.3052332029945936,0.29955608541803663,0.07772947404322678,0.4404253613002794,1,0.040289774075412184,6,2.5203453965371936,5.67480722672118,0.17556035938889009,0.4781350021104537,0.11058505294510028,0.9999194637919963,0.5298504449864181,0.7648849543892071,permute,0.995,2.42665424794408,2.426654247944082,0.9999999999998301,0.9999999999991698,2.42665424794408,0.16808519005063824,0.17952223798151884,0.17380371401607853,0,0.0,5.888650839065049,1
layerwise_hard_knee,81,27,2,2.0,proportional,8,2.703595120852031,0.022131885015791594,0.07719582969873164,2.63975;2.5991;2.57362;2.45243;2.45077;2.43061;2.32832;2.22498,0.2,900,900,False,0.379007224867818,0.0024954368168871666,0.24563675259585468,0.24528239457279885,0.12897123319649403,0.5854564919727476,2,0.040289774075412184,6,2.5203453965371936,5.67480722672118,0.17556035938889009,0.4781350021104537,0.11058505294510028,0.9999194637919963,0.5298504449864181,0.7648849543892071,permute,0.995,3.267449028135274,4.615447719010541,1.8235641151135482,1.9906460768842322,2.419626334907644,0.294931850199995,0.28645007463611233,0.2906909624180537,0,0.0,10.676223151462146,2
layerwise_hard_knee,81,27,4,4.0,proportional,8,2.703595120852031,0.022131885015791594,0.07719582969873164,2.63975;2.5991;2.57362;2.45243;2.45077;2.43061;2.32832;2.22498,0.2,900,900,False,0.379007224867818,0.0024954368168871666,0.1538835059872106,0.14950659995483231,0.21144126056005227,0.7649272120621822,4,0.040289774075412184,6,2.5203453965371936,5.67480722672118,0.17556035938889009,0.4781350021104537,0.11058505294510028,0.9999194637919963,0.5298504449864181,0.7648849543892071,permute,0.995,4.242267238468547,8.36163148882101,2.9796200012004883,3.789588157894747,2.457636127983509,0.5206050157947154,0.49092691009069633,0.5057659629427058,0,0.0,17.99683132258356,4
layerwise_hard_knee,81,27,8,8.0,proportional,8,2.703595120852031,0.022131885015791594,0.07719582969873164,2.63975;2.5991;2.57362;2.45243;2.45077;2.43061;2.32832;2.22498,0.2,900,900,False,0.379007224867818,0.0024954368168871666,0.040290660271559676,0.04389172749750132,0.2827189008159697,0.9326534778222059,7,0.040289774075412184,6,2.5203453965371936,5.67480722672118,0.17556035938889009,0.4781350021104537,0.11058505294510028,0.9999194637919963,0.5298504449864181,0.7648849543892071,permute,0.995,5.147440423592136,13.729541113193237,4.282248116599934,6.616045560893102,2.4874560454152657,0.9999369820145566,0.8980169652409674,0.948976973627762,0,0.0,26.20182361254518,7
layerwise_hard_knee,81,27,16,16.0,proportional,8,2.703595120852031,0.022131885015791594,0.07719582969873164,2.63975;2.5991;2.57362;2.45243;2.45077;2.43061;2.32832;2.22498,0.2,900,900,False,0.379007224867818,0.0024954368168871666,0.020486964547039695,0.024370601894816345,0.308973331983695,0.9763856749556353,8,0.040289774075412184,6,2.5203453965371936,5.67480722672118,0.17556035938889009,0.4781350021104537,0.11058505294510028,0.9999194637919963,0.5298504449864181,0.7648849543892071,permute,0.995,5.557349550420429,15.373229197327628,4.970206873450841,7.374408830364894,2.4927600818831714,0.9999423906946262,0.9349539347474708,0.9674481627210485,0,0.0,30.884133947199896,8
layerwise_hard_knee,81,27,32,32.0,proportional,8,2.703595120852031,0.022131885015791594,0.07719582969873164,2.63975;2.5991;2.57362;2.45243;2.45077;2.43061;2.32832;2.22498,0.2,900,900,False,0.379007224867818,0.0024954368168871666,0.01792705070871919,0.021536125510898108,0.3179743391066967,1.0074060954777149,8,0.040289774075412184,6,2.5203453965371936,5.67480722672118,0.17556035938889009,0.4781350021104537,0.11058505294510028,0.9999194637919963,0.5298504449864181,0.7648849543892071,permute,0.995,5.7448144674089905,15.893379507423735,5.230770883461193,7.402893988897678,2.5118468623921077,0.9999425464638452,0.9448616772479995,0.9724021118559223,0,0.0,33.00289296813703,8
layerwise_hard_knee,81,28,1,1.0,proportional,2,2.855905784542319,0.12355221170292992,0.049639514050644484,2.90609;2.44584;0.109314;0.0975317;0.0816557;0.0747725;0.0650881;0.0633665,0.2,900,900,False,0.11228017750765393,0.002499543636333924,0.06271647303414427,0.06178662778494952,0.04394961874687131,0.36632120730689843,1,0.017812329688387918,2,1.799984970051231,2.059867572784701,0.08331629006785507,0.15161163227230226,0.062100555344414214,0.9303552528360881,0.4937289472954973,0.7120421000657927,permute,0.995,1.9826440386172834,1.9826440386172848,0.9999999999997455,0.9999999999992544,1.9826440386172834,0.16627479555052002,0.18296246909213718,0.1746186323213286,0,0.0,3.9308773838646522,1
layerwise_hard_knee,81,28,2,2.0,proportional,2,2.855905784542319,0.12355221170292992,0.049639514050644484,2.90609;2.44584;0.109314;0.0975317;0.0816557;0.0747725;0.0650881;0.0633665,0.2,900,900,False,0.11228017750765393,0.002499543636333924,0.0050679721552741785,0.005903785885512807,0.09627538267179972,0.5887442865670789,2,0.017812329688387918,2,1.799984970051231,2.059867572784701,0.08331629006785507,0.15161163227230226,0.062100555344414214,0.9303552528360881,0.4937289472954973,0.7120421000657927,permute,0.995,3.2645473767263766,4.5809089159694425,1.6040376304478423,1.9393669528092032,2.577601046582698,0.2856897444513935,0.27572902390389553,0.2807093841776445,0,0.0,10.657269574891068,2
layerwise_hard_knee,81,28,4,4.0,proportional,2,2.855905784542319,0.12355221170292992,0.049639514050644484,2.90609;2.44584;0.109314;0.0975317;0.0816557;0.0747725;0.0650881;0.0633665,0.2,900,900,False,0.11228017750765393,0.002499543636333924,0.006047238173092096,0.007090594864627866,0.09405310501515612,0.5840370828552294,2,0.017812329688387918,2,1.799984970051231,2.059867572784701,0.08331629006785507,0.15161163227230226,0.062100555344414214,0.9303552528360881,0.4937289472954973,0.7120421000657927,permute,0.995,3.179777864145663,4.444106225739128,1.5349930660421551,1.9089107998549095,2.5665136163332827,0.4400428558933483,0.2655815639061349,0.3528122098997416,0,0.0,10.110987196997122,2
layerwise_hard_knee,81,28,8,8.0,proportional,2,2.855905784542319,0.12355221170292992,0.049639514050644484,2.90609;2.44584;0.109314;0.0975317;0.0816557;0.0747725;0.0650881;0.0633665,0.2,900,900,False,0.11228017750765393,0.002499543636333924,0.004210501238940945,0.004795206587644147,0.09937071492688174,0.6124212171615977,2,0.017812329688387918,2,1.799984970051231,2.059867572784701,0.08331629006785507,0.15161163227230226,0.062100555344414214,0.9303552528360881,0.4937289472954973,0.7120421000657927,permute,0.995,3.380637762626716,4.755057095781333,1.6511257878168974,1.9555192979854954,2.6309255473173128,0.6494614328102442,0.2839314440540931,0.4666964384321686,0,0.0,11.428711392185825,2
layerwise_hard_knee,81,28,16,16.0,proportional,2,2.855905784542319,0.12355221170292992,0.049639514050644484,2.90609;2.44584;0.109314;0.0975317;0.0816557;0.0747725;0.0650881;0.0633665,0.2,900,900,False,0.11228017750765393,0.002499543636333924,0.0040429832814914074,0.004602868479948996,0.10023246622413498,0.6222485464087912,2,0.017812329688387918,2,1.799984970051231,2.059867572784701,0.08331629006785507,0.15161163227230226,0.062100555344414214,0.9303552528360881,0.4937289472954973,0.7120421000657927,permute,0.995,3.4178807759236727,4.8014433250574555,1.6174306288609006,1.9443120242295275,2.6874728028877186,0.7046857271086108,0.2985705907528454,0.5016281589307281,0,0.0,11.681908460343251,2
layerwise_hard_knee,81,28,32,32.0,proportional,2,2.855905784542319,0.12355221170292992,0.049639514050644484,2.90609;2.44584;0.109314;0.0975317;0.0816557;0.0747725;0.0650881;0.0633665,0.2,900,900,False,0.11228017750765393,0.002499543636333924,0.003758202175989914,0.004216107178825699,0.10139166189560929,0.6256560612713808,2,0.017812329688387918,2,1.799984970051231,2.059867572784701,0.08331629006785507,0.15161163227230226,0.062100555344414214,0.9303552528360881,0.4937289472954973,0.7120421000657927,permute,0.995,3.467304314396746,4.876686582765031,1.6308549687439176,1.9489861283929804,2.715090370334307,0.7563365923556638,0.3309217333120067,0.5436291628338352,0,0.0,12.022197326711101,2
layerwise_hard_knee,81,29,1,1.0,proportional,7,2.945657594188356,0.10634773145866862,0.06034517857229826,2.80518;2.69589;2.33475;2.0673;2.02203;1.75782;1.47719;0.0835351,0.2,900,900,False,0.27547092080245483,0.002480883989982176,0.19174597587358883,0.20205036205836566,0.06875320141772136,0.405486302999207,1,0.046816871148092826,3,1.6071417162898705,3.6230647026967397,0.16118001361993173,0.3856241641332536,0.1271405544618109,0.9843305540061307,0.5451418911656873,0.764736222585909,permute,0.995,2.196085855835333,2.1960858558353347,0.9999999999997926,0.9999999999992073,2.196085855835333,0.16491653529967493,0.1621597056326873,0.1635381204661811,0,0.0,4.822793086200006,1
layerwise_hard_knee,81,29,2,2.0,proportional,7,2.945657594188356,0.10634773145866862,0.06034517857229826,2.80518;2.69589;2.33475;2.0673;2.02203;1.75782;1.47719;0.0835351,0.2,900,900,False,0.27547092080245483,0.002480883989982176,0.15749855978579475,0.16939492853627267,0.09648505762069445,0.49070029153109734,2,0.046816871148092826,3,1.6071417162898705,3.6230647026967397,0.16118001361993173,0.3856241641332536,0.1271405544618109,0.9843305540061307,0.5451418911656873,0.764736222585909,permute,0.995,2.69975887316816,3.7424144824812133,1.4406758077337698,1.8510730034709038,2.249271319081691,0.28200523483290807,0.2627563471428208,0.27238079098786444,0,0.0,7.288697973250212,2
layerwise_hard_knee,81,29,4,4.0,proportional,7,2.945657594188356,0.10634773145866862,0.06034517857229826,2.80518;2.69589;2.33475;2.0673;2.02203;1.75782;1.47719;0.0835351,0.2,900,900,False,0.27547092080245483,0.002480883989982176,0.08639117951807396,0.09750003656026665,0.14767002944280777,0.6346286135753266,4,0.046816871148092826,3,1.6071417162898705,3.6230647026967397,0.16118001361993173,0.3856241641332536,0.1271405544618109,0.9843305540061307,0.5451418911656873,0.764736222585909,permute,0.995,3.559116826808278,6.867844466831199,2.4242908535625842,3.503144122401311,2.2858613384293975,0.5131123532257459,0.47410969233601513,0.49361102278088054,0,0.0,12.667312586869834,4
layerwise_hard_knee,81,29,8,8.0,proportional,7,2.945657594188356,0.10634773145866862,0.06034517857229826,2.80518;2.69589;2.33475;2.0673;2.02203;1.75782;1.47719;0.0835351,0.2,900,900,False,0.27547092080245483,0.002480883989982176,0.03769105893072856,0.044125911653822375,0.18241616532162497,0.755530562437055,5,0.046816871148092826,3,1.6071417162898705,3.6230647026967397,0.16118001361993173,0.3856241641332536,0.1271405544618109,0.9843305540061307,0.5451418911656873,0.764736222585909,permute,0.995,4.068694582709379,9.423448148955995,2.8357227023196114,4.710664385939761,2.416146205067069,0.8749855578561481,0.7470877990119067,0.8110366784340274,0,0.0,16.093429208548528,5
layerwise_hard_knee,81,29,16,16.0,proportional,7,2.945657594188356,0.10634773145866862,0.06034517857229826,2.80518;2.69589;2.33475;2.0673;2.02203;1.75782;1.47719;0.0835351,0.2,900,900,False,0.27547092080245483,0.002480883989982176,0.03134500918351738,0.03660363754391807,0.19298511441655658,0.761083309748567,5,0.046816871148092826,3,1.6071417162898705,3.6230647026967397,0.16118001361993173,0.3856241641332536,0.1271405544618109,0.9843305540061307,0.5451418911656873,0.764736222585909,permute,0.995,4.253259701977952,10.038132841115342,3.002197934684071,4.851471387490439,2.4547215788956813,0.9309984191454848,0.7661920649965596,0.8485952420710221,0,0.0,17.58223217241793,5
layerwise_hard_knee,81,29,32,32.0,proportional,7,2.945657594188356,0.10634773145866862,0.06034517857229826,2.80518;2.69589;2.33475;2.0673;2.02203;1.75782;1.47719;0.0835351,0.2,900,900,False,0.27547092080245483,0.002480883989982176,0.021128484118358205,0.02562961718727007,0.20703323584973782,0.8038063466173977,6,0.046816871148092826,3,1.6071417162898705,3.6230647026967397,0.16118001361993173,0.3856241641332536,0.1271405544618109,0.9843305540061307,0.5451418911656873,0.764736222585909,permute,0.995,4.4824248448793105,10.938829790236877,3.176108034322703,5.316506865650321,2.5151586440077494,0.9384823985119108,0.7878753315987295,0.8631788650553202,0,0.0,19.83189742508941,6
layerwise_hard_knee,81,30,1,1.0,proportional,1,2.7204744237749807,0.14756651493419926,0.07882892506037217,2.6827;0.173945;0.163438;0.13855;0.124049;0.101795;0.0847941;0.0720703,0.2,900,900,False,0.04752728655233944,0.0025137557562322265,0.027437593931772548,0.02719806802493092,0.0071853275025862235,0.1090627755572744,1,0.010725449232669012,1,1.0484374776014036,1.3001356186354365,0.049338939985051185,0.09395568324386136,0.048185741479078004,0.9602840034102926,0.5077230963147413,0.734003549862517,permute,0.995,0.5848471172857911,0.5848471172857915,0.9999999999970764,1.0000000000019236,0.5848471172857911,0.17508458617111375,0.15058371411667357,0.16283415014389366,0,0.0,0.3420461505974999,1
layerwise_hard_knee,81,30,2,2.0,proportional,1,2.7204744237749807,0.14756651493419926,0.07882892506037217,2.6827;0.173945;0.163438;0.13855;0.124049;0.101795;0.0847941;0.0720703,0.2,900,900,False,0.04752728655233944,0.0025137557562322265,0.010641459533762205,0.011293871920082296,0.023437533510790264,0.27381370122209336,1,0.010725449232669012,1,1.0484374776014036,1.3001356186354365,0.049338939985051185,0.09395568324386136,0.048185741479078004,0.9602840034102926,0.5077230963147413,0.734003549862517,permute,0.995,1.5189601354113837,1.5196567006902597,1.0000002103920462,1.0000034450313713,1.5189599756225143,0.291794682146732,0.15910809047125307,0.22545138630899253,0,0.0,2.307239407543149,1
layerwise_hard_knee,81,30,4,4.0,proportional,1,2.7204744237749807,0.14756651493419926,0.07882892506037217,2.6827;0.173945;0.163438;0.13855;0.124049;0.101795;0.0847941;0.0720703,0.2,900,900,False,0.04752728655233944,0.0025137557562322265,0.004728973139258019,0.005161519217154576,0.0362549527989101,0.4119279393265833,1,0.010725449232669012,1,1.0484374776014036,1.3001356186354365,0.049338939985051185,0.09395568324386136,0.048185741479078004,0.9602840034102926,0.5077230963147413,0.734003549862517,permute,0.995,2.234755698781826,2.2358523864146393,1.0000001027666554,1.000001823914135,2.2347555839524267,0.47318930208816923,0.16638217244222767,0.31978573726519843,0,0.0,4.994132520006551,1
layerwise_hard_knee,81,30,8,8.0,proportional,1,2.7204744237749807,0.14756651493419926,0.07882892506037217,2.6827;0.173945;0.163438;0.13855;0.124049;0.101795;0.0847941;0.0720703,0.2,900,900,False,0.04752728655233944,0.0025137557562322265,0.00456785412989892,0.004967108295055876,0.03680212974572225,0.4004934420276491,1,0.010725449232669012,1,1.0484374776014036,1.3001356186354365,0.049338939985051185,0.09395568324386136,0.048185741479078004,0.9602840034102926,0.5077230963147413,0.734003549862517,permute,0.995,2.2661223052234316,2.2689158790808883,1.000000551407157,1.000008776320655,2.2661216804454405,0.6291056494821474,0.18091820765434866,0.405011928568248,0,0.0,5.135307470584867,1
layerwise_hard_knee,81,30,16,16.0,proportional,1,2.7204744237749807,0.14756651493419926,0.07882892506037217,2.6827;0.173945;0.163438;0.13855;0.124049;0.101795;0.0847941;0.0720703,0.2,900,900,False,0.04752728655233944,0.0025137557562322265,0.00459562686476687,0.005006527732793545,0.03663445359364427,0.40604290251027264,1,0.010725449232669012,1,1.0484374776014036,1.3001356186354365,0.049338939985051185,0.09395568324386136,0.048185741479078004,0.9602840034102926,0.5077230963147413,0.734003549862517,permute,0.995,2.2582675133847254,2.263641576046307,1.000001320703132,1.0000201581884083,2.2582660221354924,0.7809027796150835,0.1948175341079705,0.487860156861527,0,0.0,5.099765426731662,1
layerwise_hard_knee,81,30,32,32.0,proportional,1,2.7204744237749807,0.14756651493419926,0.07882892506037217,2.6827;0.173945;0.163438;0.13855;0.124049;0.101795;0.0847941;0.0720703,0.2,900,900,False,0.04752728655233944,0.0025137557562322265,0.004160329100286917,0.004479181473456442,0.038518709727670776,0.42406482581189864,1,0.010725449232669012,1,1.0484374776014036,1.3001356186354365,0.049338939985051185,0.09395568324386136,0.048185741479078004,0.9602840034102926,0.5077230963147413,0.734003549862517,permute,0.995,2.3617647875908627,2.372351295828903,1.000003871378902,1.0000549775845309,2.36176021596074,0.8631507814745674,0.23724602409369347,0.5501984027841305,0,0.0,5.57791131769492,1
layerwise_hard_knee,81,31,1,1.0,proportional,8,2.618169741687518,0.141621881453557,0.02339308923113603,2.63717;2.29299;1.91609;1.71265;1.62598;1.27581;1.08144;1.04037,0.2,900,900,False,0.19765530259799824,0.0025063571532335507,0.1445728037481409,0.13518510550639073,0.057351684957701446,0.44825759246391905,1,0.03133701662892645,4,2.0942318239708095,4.416855972714763,0.13508608313676915,0.34650595710226073,0.09334654150279953,0.9997506834013794,0.5365314316180793,0.7681410575097294,permute,0.995,2.205117346488667,2.2051173464886684,0.9999999999997943,0.9999999999992059,2.205117346488667,0.18353582789237588,0.17755258897838747,0.18054420843538166,0,0.0,4.86254251178522,1
layerwise_hard_knee,81,31,2,2.0,proportional,8,2.618169741687518,0.141621881453557,0.02339308923113603,2.63717;2.29299;1.91609;1.71265;1.62598;1.27581;1.08144;1.04037,0.2,900,900,False,0.19765530259799824,0.0025063571532335507,0.10200883418266168,0.10126507603456923,0.0880972807087318,0.5038098980684502,2,0.03133701662892645,4,2.0942318239708095,4.416855972714763,0.13508608313676915,0.34650595710226073,0.09334654150279953,0.9997506834013794,0.5365314316180793,0.7681410575097294,permute,0.995,2.727916018762693,3.793782305099149,1.4738762048295213,1.873873389901107,2.2469866510784797,0.2882413626159555,0.26769106592313674,0.27796621426954615,0,0.0,7.441525805422103,2
layerwise_hard_knee,81,31,4,4.0,proportional,8,2.618169741687518,0.141621881453557,0.02339308923113603,2.63717;2.29299;1.91609;1.71265;1.62598;1.27581;1.08144;1.04037,0.2,900,900,False,0.19765530259799824,0.0025063571532335507,0.07336779991548331,0.0760150600877911,0.1102811359835794,0.5625075870418023,3,0.03133701662892645,4,2.0942318239708095,4.416855972714763,0.13508608313676915,0.34650595710226073,0.09334654150279953,0.9997506834013794,0.5365314316180793,0.7681410575097294,permute,0.995,3.0703191248946493,5.197434427377127,1.7946443229528397,2.690686279472861,2.29189292038639,0.5094891830710265,0.43093285813986204,0.4702110206054443,0,0.0,9.426314402136514,3
layerwise_hard_knee,81,31,8,8.0,proportional,8,2.618169741687518,0.141621881453557,0.02339308923113603,2.63717;2.29299;1.91609;1.71265;1.62598;1.27581;1.08144;1.04037,0.2,900,900,False,0.19765530259799824,0.0025063571532335507,0.04703457801263516,0.05014942508827238,0.12229127107838898,0.6189532180801126,4,0.03133701662892645,4,2.0942318239708095,4.416855972714763,0.13508608313676915,0.34650595710226073,0.09334654150279953,0.9997506834013794,0.5365314316180793,0.7681410575097294,permute,0.995,3.3009962803603425,6.5712180184627895,1.9612730870746513,3.290154582238016,2.3570891052177445,0.9931445425753274,0.6557658708967068,0.8244552067360171,0,0.0,10.74806642143474,4
layerwise_hard_knee,81,31,16,16.0,proportional,8,2.618169741687518,0.141621881453557,0.02339308923113603,2.63717;2.29299;1.91609;1.71265;1.62598;1.27581;1.08144;1.04037,0.2,900,900,False,0.19765530259799824,0.0025063571532335507,0.04214448867502297,0.04491897864735264,0.1287807208765527,0.6084257334088963,4,0.03133701662892645,4,2.0942318239708095,4.416855972714763,0.13508608313676915,0.34650595710226073,0.09334654150279953,0.9997506834013794,0.5365314316180793,0.7681410575097294,permute,0.995,3.4553064635532147,7.0569202982414065,2.081146889427578,3.4716805374461717,2.3951637240465837,0.9996939758148038,0.7523330611150376,0.8760135184649207,0,0.0,11.812961434496241,4
layerwise_hard_knee,81,31,32,32.0,proportional,8,2.618169741687518,0.141621881453557,0.02339308923113603,2.63717;2.29299;1.91609;1.71265;1.62598;1.27581;1.08144;1.04037,0.2,900,900,False,0.19765530259799824,0.0025063571532335507,0.03284253531536095,0.03580743205157976,0.1363165459514124,0.6441314385632343,5,0.03133701662892645,4,2.0942318239708095,4.416855972714763,0.13508608313676915,0.34650595710226073,0.09334654150279953,0.9997506834013794,0.5365314316180793,0.7681410575097294,permute,0.995,3.5959535932265054,7.76950271586188,2.203376669794533,3.8550799661447694,2.422533018506354,0.9997462884674522,0.7775828458194024,0.8886645671434272,0,0.0,12.86222681530632,5
layerwise_hard_knee,81,32,1,1.0,proportional,7,2.3788780391453725,0.06897598629861174,0.015188781998969334,2.45171;2.26293;2.09399;1.90778;1.82486;1.70379;1.62342;0.0222803,0.2,900,900,False,0.2429354589585408,0.0024583606542501364,0.16036256854698755,0.16851515319459068,0.07289671167483558,0.3395215837357252,1,0.04485931233538942,2,1.5175117142254506,3.33144823318371,0.15940031396008883,0.3726168807041064,0.12939668381181957,0.9058101946097603,0.47755564073494094,0.6916829176723507,permute,0.995,1.8437742485078665,1.8437742485078679,0.9999999999997058,0.9999999999992941,1.8437742485078665,0.17432189160728012,0.15902356325156616,0.16667272742942313,0,0.0,3.399503479460748,1
layerwise_hard_knee,81,32,2,2.0,proportional,7,2.3788780391453725,0.06897598629861174,0.015188781998969334,2.45171;2.26293;2.09399;1.90778;1.82486;1.70379;1.62342;0.0222803,0.2,900,900,False,0.2429354589585408,0.0024583606542501364,0.12421955530346947,0.13037327781967975,0.10469947037039014,0.45483283294775917,2,0.04485931233538942,2,1.5175117142254506,3.33144823318371,0.15940031396008883,0.3726168807041064,0.12939668381181957,0.9058101946097603,0.47755564073494094,0.6916829176723507,permute,0.995,2.496961141438774,3.5176696785556545,1.7028913389507698,1.9696356572173743,1.9134552747647202,0.28842890062172577,0.2788106685649782,0.283619784593352,0,0.0,6.2348149418552214,2
layerwise_hard_knee,81,32,4,4.0,proportional,7,2.3788780391453725,0.06897598629861174,0.015188781998969334,2.45171;2.26293;2.09399;1.90778;1.82486;1.70379;1.62342;0.0222803,0.2,900,900,False,0.2429354589585408,0.0024583606542501364,0.08255974314218992,0.08597802220915678,0.1336640465119976,0.532099707544494,4,0.04485931233538942,2,1.5175117142254506,3.33144823318371,0.15940031396008883,0.3726168807041064,0.12939668381181957,0.9058101946097603,0.47755564073494094,0.6916829176723507,permute,0.995,2.9347824163164664,5.411139293337952,2.0994062768584536,3.058821860183966,2.025478616934494,0.5166527261696103,0.44336236551115965,0.48000754584038496,0,0.0,8.612947831120321,4
layerwise_hard_knee,81,32,8,8.0,proportional,7,2.3788780391453725,0.06897598629861174,0.015188781998969334,2.45171;2.26293;2.09399;1.90778;1.82486;1.70379;1.62342;0.0222803,0.2,900,900,False,0.2429354589585408,0.0024583606542501364,0.049127714831476876,0.05359420166784952,0.15147656100729587,0.5698958240335817,5,0.04485931233538942,2,1.5175117142254506,3.33144823318371,0.15940031396008883,0.3726168807041064,0.12939668381181957,0.9058101946097603,0.47755564073494094,0.6916829176723507,permute,0.995,3.2129586156999883,7.118335382881345,2.471553875484635,4.066798282101347,2.043713862745074,0.8890372382109977,0.7076371441541002,0.798337191182549,0,0.0,10.189848391867585,5
layerwise_hard_knee,81,32,16,16.0,proportional,7,2.3788780391453725,0.06897598629861174,0.015188781998969334,2.45171;2.26293;2.09399;1.90778;1.82486;1.70379;1.62342;0.0222803,0.2,900,900,False,0.2429354589585408,0.0024583606542501364,0.03931216062105983,0.04434309326216181,0.16210684244269297,0.6244519357438091,6,0.04485931233538942,2,1.5175117142254506,3.33144823318371,0.15940031396008883,0.3726168807041064,0.12939668381181957,0.9058101946097603,0.47755564073494094,0.6916829176723507,permute,0.995,3.4339658893304037,7.899960127241817,2.657707397059697,4.586210617292804,2.106407508971473,0.8910683588708382,0.7216362061172628,0.8063522824940506,0,0.0,11.782175146874177,6
layerwise_hard_knee,81,32,32,32.0,proportional,7,2.3788780391453725,0.06897598629861174,0.015188781998969334,2.45171;2.26293;2.09399;1.90778;1.82486;1.70379;1.62342;0.0222803,0.2,900,900,False,0.2429354589585408,0.0024583606542501364,0.02611327490946282,0.030563514284538944,0.17684274306521539,0.6597429308860464,6,0.04485931233538942,2,1.5175117142254506,3.33144823318371,0.15940031396008883,0.3726168807041064,0.12939668381181957,0.9058101946097603,0.47755564073494094,0.6916829176723507,permute,0.995,3.7204498141206748,9.028878911383343,3.055452744867751,5.24702407228714,2.1284216357030403,0.8750529686744564,0.7616096626874731,0.8183313156809647,0,0.0,13.717947892872594,6
layerwise_hard_knee,81,33,1,1.0,proportional,6,2.7081623986555354,0.10491242368093938,0.059386593212216746,2.8774;2.60965;2.13576;2.05184;1.83379;1.54954;0.0900014;0.07692,0.2,900,900,False,0.24257427789886818,0.0024882708845667774,0.16876733207344383,0.17130650367562483,0.06791731302823781,0.4702719917581388,1,0.03477278324931788,4,1.9384167527259182,3.844014245400821,0.1590994496110548,0.3720599785013222,0.11427338704395626,0.9824928760596132,0.5103454531504538,0.7464191646050335,permute,0.995,2.516187754673714,2.516187754673716,0.999999999999842,0.9999999999991581,2.516187754673714,0.18186248442488992,0.1770217221471814,0.17944210328603566,0,0.0,6.331200816769947,1
layerwise_hard_knee,81,33,2,2.0,proportional,6,2.7081623986555354,0.10491242368093938,0.059386593212216746,2.8774;2.60965;2.13576;2.05184;1.83379;1.54954;0.0900014;0.07692,0.2,900,900,False,0.24257427789886818,0.0024882708845667774,0.11671028946272706,0.11586619612514215,0.11915644887892626,0.5944472387311629,2,0.03477278324931788,4,1.9384167527259182,3.844014245400821,0.1590994496110548,0.3720599785013222,0.11427338704395626,0.9824928760596132,0.5103454531504538,0.7464191646050335,permute,0.995,3.2541751083210873,4.561440480143664,1.5836303178027018,1.9312622361073468,2.5859136284913267,0.29397130392435344,0.27422011730464385,0.2840957106144987,0,0.0,10.58965563561656,2
layerwise_hard_knee,81,33,4,4.0,proportional,6,2.7081623986555354,0.10491242368093938,0.059386593212216746,2.8774;2.60965;2.13576;2.05184;1.83379;1.54954;0.0900014;0.07692,0.2,900,900,False,0.24257427789886818,0.0024882708845667774,0.06409149462852302,0.06502184573544992,0.15265544006749537,0.6472443368217086,4,0.03477278324931788,4,1.9384167527259182,3.844014245400821,0.1590994496110548,0.3720599785013222,0.11427338704395626,0.9824928760596132,0.5103454531504538,0.7464191646050335,permute,0.995,3.6401749117826276,6.786582918583927,1.9596427490656547,3.11472924096299,2.600361932922504,0.5191835902721664,0.46755145253186303,0.49336752140201473,0,0.0,13.25087338837166,4
layerwise_hard_knee,81,33,8,8.0,proportional,6,2.7081623986555354,0.10491242368093938,0.059386593212216746,2.8774;2.60965;2.13576;2.05184;1.83379;1.54954;0.0900014;0.07692,0.2,900,900,False,0.24257427789886818,0.0024882708845667774,0.042808726129808475,0.046695943938792214,0.16272156156125495,0.6889698036768103,4,0.03477278324931788,4,1.9384167527259182,3.844014245400821,0.1590994496110548,0.3720599785013222,0.11427338704395626,0.9824928760596132,0.5103454531504538,0.7464191646050335,permute,0.995,3.80374720035062,7.725481098239777,2.1076390753243683,3.4620251718197155,2.6200738031432618,0.8077578431871935,0.6221887310670968,0.7149732871271451,0,0.0,14.235933914244118,4
layerwise_hard_knee,81,33,16,16.0,proportional,6,2.7081623986555354,0.10491242368093938,0.059386593212216746,2.8774;2.60965;2.13576;2.05184;1.83379;1.54954;0.0900014;0.07692,0.2,900,900,False,0.24257427789886818,0.0024882708845667774,0.024978386400544672,0.028537986023965053,0.1832887817600742,0.743990662503884,5,0.03477278324931788,4,1.9384167527259182,3.844014245400821,0.1590994496110548,0.3720599785013222,0.11427338704395626,0.9824928760596132,0.5103454531504538,0.7464191646050335,permute,0.995,4.17221549070655,9.123816163743728,2.4977617651022954,4.222459436630736,2.6399227860178023,0.9057973642203745,0.6607732707201364,0.7832853174702554,0,0.0,17.33038208313822,5
layerwise_hard_knee,81,33,32,32.0,proportional,6,2.7081623986555354,0.10491242368093938,0.059386593212216746,2.8774;2.60965;2.13576;2.05184;1.83379;1.54954;0.0900014;0.07692,0.2,900,900,False,0.24257427789886818,0.0024882708845667774,0.015347137318147748,0.01831251460421905,0.1953436181917669,0.7717968017121817,5,0.03477278324931788,4,1.9384167527259182,3.844014245400821,0.1590994496110548,0.3720599785013222,0.11427338704395626,0.9824928760596132,0.5103454531504538,0.7464191646050335,permute,0.995,4.357495681992953,9.9313456898389,2.6550149820703806,4.631807017893456,2.674259069598983,0.9456981191289342,0.6965601683506442,0.8211291437397892,0,0.0,18.414583668727367,5
layerwise_hard_knee,81,34,1,1.0,proportional,7,2.601737842806779,0.029230433044826754,0.03526736523253252,2.65706;2.47333;2.44277;2.40122;2.37548;2.28192;2.25865;0.0741941,0.2,900,900,False,0.3060793691027588,0.002492129943091201,0.24306291238292968,0.24432965847182028,0.05796536916256435,0.3916440740910882,1,0.02800300282423528,7,2.602498868858097,5.6295401750945775,0.1410360197673467,0.3780581199052654,0.08742482433820054,0.9843489507030375,0.5408408126114239,0.7625948816572308,permute,0.995,2.108890608841861,2.108890608841863,0.9999999999997752,0.9999999999992248,2.108890608841861,0.1730281191163715,0.14997235233907052,0.16150023572772101,0,0.0,4.447419600061395,1
layerwise_hard_knee,81,34,2,2.0,proportional,7,2.601737842806779,0.029230433044826754,0.03526736523253252,2.65706;2.47333;2.44277;2.40122;2.37548;2.28192;2.25865;0.0741941,0.2,900,900,False,0.3060793691027588,0.002492129943091201,0.2017021143640716,0.20291923462454609,0.09024830654236485,0.4906404110143689,2,0.02800300282423528,7,2.602498868858097,5.6295401750945775,0.1410360197673467,0.3780581199052654,0.08742482433820054,0.9843489507030375,0.5408408126114239,0.7625948816572308,permute,0.995,2.758257258854714,3.8956315006397237,1.81416349942221,1.9895159167327303,2.0478425258264106,0.28203256162327134,0.27006763356404023,0.2760500975936558,0,0.0,7.60798310602472,2
layerwise_hard_knee,81,34,4,4.0,proportional,7,2.601737842806779,0.029230433044826754,0.03526736523253252,2.65706;2.47333;2.44277;2.40122;2.37548;2.28192;2.25865;0.0741941,0.2,900,900,False,0.3060793691027588,0.002492129943091201,0.11369456262558836,0.12192800275247695,0.1655835696275772,0.7196317707448028,4,0.02800300282423528,7,2.602498868858097,5.6295401750945775,0.1410360197673467,0.3780581199052654,0.08742482433820054,0.9843489507030375,0.5408408126114239,0.7625948816572308,permute,0.995,4.001322061301875,7.927008455595051,2.877348981131673,3.852729786292871,2.3588875553440616,0.5184976846938794,0.4805933531692582,0.4995455189315688,0,0.0,16.01057823826108,4
layerwise_hard_knee,81,34,8,8.0,proportional,7,2.601737842806779,0.029230433044826754,0.03526736523253252,2.65706;2.47333;2.44277;2.40122;2.37548;2.28192;2.25865;0.0741941,0.2,900,900,False,0.3060793691027588,0.002492129943091201,0.03986204840828507,0.045708708667270816,0.21295469119055727,0.8343690210628826,6,0.02800300282423528,7,2.602498868858097,5.6295401750945775,0.1410360197673467,0.3780581199052654,0.08742482433820054,0.9843489507030375,0.5408408126114239,0.7625948816572308,permute,0.995,4.619609302734111,11.32782520673523,3.826717475233714,5.631192218193862,2.3615222804754534,0.8857227936252382,0.7722853339551091,0.8290040637901737,0,0.0,21.257491022172196,6
layerwise_hard_knee,81,34,16,16.0,proportional,7,2.601737842806779,0.029230433044826754,0.03526736523253252,2.65706;2.47333;2.44277;2.40122;2.37548;2.28192;2.25865;0.0741941,0.2,900,900,False,0.3060793691027588,0.002492129943091201,0.019010304909378044,0.023593986700544894,0.2390069555292654,0.8804575609540618,7,0.02800300282423528,7,2.602498868858097,5.6295401750945775,0.1410360197673467,0.3780581199052654,0.08742482433820054,0.9843489507030375,0.5408408126114239,0.7625948816572308,permute,0.995,5.0080143285396055,12.944004568316846,4.343801460487881,6.434385079329092,2.4028716820957956,0.8869649094983103,0.8124786758707508,0.8497217926845306,0,0.0,25.080207390263656,7
layerwise_hard_knee,81,34,32,32.0,proportional,7,2.601737842806779,0.029230433044826754,0.03526736523253252,2.65706;2.47333;2.44277;2.40122;2.37548;2.28192;2.25865;0.0741941,0.2,900,900,False,0.3060793691027588,0.002492129943091201,0.014660749948821336,0.018391427784635508,0.24932172581670617,0.9225696119480381,7,0.02800300282423528,7,2.602498868858097,5.6295401750945775,0.1410360197673467,0.3780581199052654,0.08742482433820054,0.9843489507030375,0.5408408126114239,0.7625948816572308,permute,0.995,5.190694442363795,13.518283722432525,4.508601627165483,6.597862889677697,2.44458156612118,0.9743947100602781,0.8364488938191474,0.9054218019397128,0,0.0,26.943308377798246,7
layerwise_hard_knee,81,35,1,1.0,proportional,3,2.9809580958683135,0.07518329777735257,0.03098225988137685,3.09944;2.94493;2.46401;0.0785912;0.0712374;0.0610609;0.0578788;0.0529327,0.2,900,900,False,0.18032898768835556,0.0024966117341062833,0.10909738108033694,0.11034223049618214,0.06539314349684361,0.4887519784723545,1,0.020849344397012262,3,2.212905219671886,2.924831716558463,0.10478702913933044,0.21060411489134456,0.07044109867621647,0.9198788039053936,0.48309701707573216,0.7014879104905629,permute,0.995,2.7111531275766607,2.7111531275766625,0.9999999999998639,0.999999999999136,2.7111531275766607,0.1684008133814678,0.1702860509869772,0.1693434321842225,0,0.0,7.3503512811687095,1
layerwise_hard_knee,81,35,2,2.0,proportional,3,2.9809580958683135,0.07518329777735257,0.03098225988137685,3.09944;2.94493;2.46401;0.0785912;0.0712374;0.0610609;0.0578788;0.0529327,0.2,900,900,False,0.18032898768835556,0.0024966117341062833,0.05418538796404767,0.052356111034752,0.11499623773681465,0.6123691754786507,2,0.020849344397012262,3,2.212905219671886,2.924831716558463,0.10478702913933044,0.21060411489134456,0.07044109867621647,0.9198788039053936,0.48309701707573216,0.7014879104905629,permute,0.995,3.4355116851501886,4.851360105741282,1.8041034159765208,1.988221080157079,2.5577654438388953,0.27836749579646186,0.2637749206010704,0.2710712081987661,0,0.0,11.802740538803487,2
layerwise_hard_knee,81,35,4,4.0,proportional,3,2.9809580958683135,0.07518329777735257,0.03098225988137685,3.09944;2.94493;2.46401;0.0785912;0.0712374;0.0610609;0.0578788;0.0529327,0.2,900,900,False,0.18032898768835556,0.0024966117341062833,0.009122682163134907,0.010862607624530604,0.15063674715743763,0.7456319335452274,3,0.020849344397012262,3,2.212905219671886,2.924831716558463,0.10478702913933044,0.21060411489134456,0.07044109867621647,0.9198788039053936,0.48309701707573216,0.7014879104905629,permute,0.995,4.13647079862507,7.014753156675121,2.1046059182989603,2.771628019020773,2.851310865904503,0.4526118845791319,0.38463150603875207,0.418621695308942,0,0.0,17.110390628502532,3
layerwise_hard_knee,81,35,8,8.0,proportional,3,2.9809580958683135,0.07518329777735257,0.03098225988137685,3.09944;2.94493;2.46401;0.0785912;0.0712374;0.0610609;0.0578788;0.0529327,0.2,900,900,False,0.18032898768835556,0.0024966117341062833,0.005430463858861574,0.006583941548613781,0.1605113066681115,0.7837576963248446,3,0.020849344397012262,3,2.212905219671886,2.924831716558463,0.10478702913933044,0.21060411489134456,0.07044109867621647,0.9198788039053936,0.48309701707573216,0.7014879104905629,permute,0.995,4.381040380425524,7.516494553240771,2.324849345759447,2.891122780364494,2.8732925617238756,0.5886993926069233,0.3819658207653785,0.48533260668615086,0,0.0,19.19351471979561,3
layerwise_hard_knee,81,35,16,16.0,proportional,3,2.9809580958683135,0.07518329777735257,0.03098225988137685,3.09944;2.94493;2.46401;0.0785912;0.0712374;0.0610609;0.0578788;0.0529327,0.2,900,900,False,0.18032898768835556,0.0024966117341062833,0.005002137552048324,0.006000171755742332,0.16214643691749642,0.7918570512093649,3,0.020849344397012262,3,2.212905219671886,2.924831716558463,0.10478702913933044,0.21060411489134456,0.07044109867621647,0.9198788039053936,0.48309701707573216,0.7014879104905629,permute,0.995,4.427697602188169,7.6021722517799715,2.378826088469045,2.8980722893790243,2.8707581463982366,0.6669176211051554,0.39175662066256545,0.5293371208838604,0,0.0,19.604505729595523,3
layerwise_hard_knee,81,35,32,32.0,proportional,3,2.9809580958683135,0.07518329777735257,0.03098225988137685,3.09944;2.94493;2.46401;0.0785912;0.0712374;0.0610609;0.0578788;0.0529327,0.2,900,900,False,0.18032898768835556,0.0024966117341062833,0.004052617269173882,0.004774384689353725,0.16577362029610299,0.8123307875389464,3,0.020849344397012262,3,2.212905219671886,2.924831716558463,0.10478702913933044,0.21060411489134456,0.07044109867621647,0.9198788039053936,0.48309701707573216,0.7014879104905629,permute,0.995,4.540055481887724,7.815394358615267,2.4188817152271604,2.9226113582902102,2.919132743597708,0.8274105281444224,0.4423514797471914,0.6348810039458069,0,0.0,20.612102492242574,3
layerwise_hard_knee,81,36,1,1.0,proportional,1,3.0122201572145415,0.1310567538473385,0.0761139311898635,3.18612;0.203485;0.180889;0.167099;0.132083;0.109658;0.109515;0.0894052,0.2,900,900,False,0.0735188770935361,0.0025050867218681383,0.004149027888347682,0.004280931766478069,0.06498008607142383,0.5391167357243213,1,0.015193547613062172,1,1.0158146287431473,1.1197885521794466,0.07200889396179132,0.11580594527172701,0.07144616281046283,0.9755419029898205,0.5341205902282209,0.7548312466090207,permute,0.995,2.9235713428355012,2.923571342835503,0.999999999999883,0.999999999999117,2.9235713428355012,0.1774572755506967,0.1797597748638376,0.17860852520726717,0,0.0,8.547269396648977,1
layerwise_hard_knee,81,36,2,2.0,proportional,1,3.0122201572145415,0.1310567538473385,0.0761139311898635,3.18612;0.203485;0.180889;0.167099;0.132083;0.109658;0.109515;0.0894052,0.2,900,900,False,0.0735188770935361,0.0025050867218681383,0.004127682959974949,0.004259056067712223,0.06510098284468072,0.5311708131251197,1,0.015193547613062172,1,1.0158146287431473,1.1197885521794466,0.07200889396179132,0.11580594527172701,0.07144616281046283,0.9755419029898205,0.5341205902282209,0.7548312466090207,permute,0.995,2.929062036275707,2.929483498860485,1.0000000207071806,1.00000038707513,2.9290620059492283,0.2803597796313001,0.16290221051246015,0.2216309950718801,0,0.0,8.579404234695318,1
layerwise_hard_knee,81,36,4,4.0,proportional,1,3.0122201572145415,0.1310567538473385,0.0761139311898635,3.18612;0.203485;0.180889;0.167099;0.132083;0.109658;0.109515;0.0894052,0.2,900,900,False,0.0735188770935361,0.0025050867218681383,0.004143348133926559,0.004277912609673565,0.06493359723545321,0.5389908528899496,1,0.015193547613062172,1,1.0158146287431473,1.1197885521794466,0.07200889396179132,0.11580594527172701,0.07144616281046283,0.9755419029898205,0.5341205902282209,0.7548312466090207,permute,0.995,2.924489386652808,2.925719069822523,1.0000001021449694,1.000001774306273,2.924489237291709,0.43572466032118895,0.1638241856872975,0.29977442300424323,0,0.0,8.552637299035041,1
layerwise_hard_knee,81,36,8,8.0,proportional,1,3.0122201572145415,0.1310567538473385,0.0761139311898635,3.18612;0.203485;0.180889;0.167099;0.132083;0.109658;0.109515;0.0894052,0.2,900,900,False,0.0735188770935361,0.0025050867218681383,0.003928624125223067,0.004007107448224174,0.06625826586853031,0.5403297160877433,1,0.015193547613062172,1,1.0158146287431473,1.1197885521794466,0.07200889396179132,0.11580594527172701,0.07144616281046283,0.9755419029898205,0.5341205902282209,0.7548312466090207,permute,0.995,2.98916522805598,2.9917680805360236,1.0000001778127101,1.000003134105776,2.9891649623000633,0.7370049934654134,0.18592083053485783,0.4614629120001356,0,0.0,8.93510717184234,1
layerwise_hard_knee,81,36,16,16.0,proportional,1,3.0122201572145415,0.1310567538473385,0.0761139311898635,3.18612;0.203485;0.180889;0.167099;0.132083;0.109658;0.109515;0.0894052,0.2,900,900,False,0.0735188770935361,0.0025050867218681383,0.0038876027338190346,0.003957688848863364,0.06654966226929648,0.5465262131164946,1,0.015193547613062172,1,1.0158146287431473,1.1197885521794466,0.07200889396179132,0.11580594527172701,0.07144616281046283,0.9755419029898205,0.5341205902282209,0.7548312466090207,permute,0.995,3.0030777518811016,3.0074196294076208,1.0000003253838186,1.0000056030534947,3.003077263304601,0.8687603562098678,0.1941670502404016,0.5314637032251347,0,0.0,9.018473049377052,1
layerwise_hard_knee,81,36,32,32.0,proportional,1,3.0122201572145415,0.1310567538473385,0.0761139311898635,3.18612;0.203485;0.180889;0.167099;0.132083;0.109658;0.109515;0.0894052,0.2,900,900,False,0.0735188770935361,0.0025050867218681383,0.003815454320122433,0.003866614670522022,0.06698589339479147,0.5592915964196084,1,0.015193547613062172,1,1.0158146287431473,1.1197885521794466,0.07200889396179132,0.11580594527172701,0.07144616281046283,0.9755419029898205,0.5341205902282209,0.7548312466090207,permute,0.995,3.0269341674297836,3.035448382586401,1.000000898570666,1.0000147191181386,3.0269328074734094,0.9170898849561682,0.25927782931507354,0.5881838571356208,0,0.0,9.162322220958856,1
layerwise_hard_knee,81,37,1,1.0,proportional,8,3.3172686034302865,0.036504390507397046,0.06675822345431567,3.32878;3.29962;2.93982;2.90581;2.87734;2.87308;2.64768;2.59419,0.2,900,900,False,0.5373036182050923,0.00249461304513149,0.420951786677766,0.42922976437586263,0.1056688771815823,0.542980248285184,1,0.04039240756733643,6,2.554112218723911,5.732743663274565,0.19570021206899513,0.5308323020211486,0.12245352993101023,0.9999360291563881,0.5460799717811222,0.7730080004687552,permute,0.995,2.935314406955498,2.9353144069555,0.999999999999884,0.999999999999116,2.935314406955498,0.1744164254222889,0.17720007704782062,0.17580825123505478,0,0.0,8.616070667680509,1
layerwise_hard_knee,81,37,2,2.0,proportional,8,3.3172686034302865,0.036504390507397046,0.06675822345431567,3.32878;3.29962;2.93982;2.90581;2.87734;2.87308;2.64768;2.59419,0.2,900,900,False,0.5373036182050923,0.00249461304513149,0.31977838912907935,0.32533477441332304,0.2059328712857185,0.7641622217953888,2,0.04039240756733643,6,2.554112218723911,5.732743663274565,0.19570021206899513,0.5308323020211486,0.12245352993101023,0.9999360291563881,0.5460799717811222,0.7730080004687552,permute,0.995,4.301414758937379,6.080586162135609,1.8909211537710453,1.9966732979636852,3.1280566578716322,0.27493531629977935,0.29236328878098344,0.2836493025403814,0,0.0,18.50216892840431,2
layerwise_hard_knee,81,37,4,4.0,proportional,8,3.3172686034302865,0.036504390507397046,0.06675822345431567,3.32878;3.29962;2.93982;2.90581;2.87734;2.87308;2.64768;2.59419,0.2,900,900,False,0.5373036182050923,0.00249461304513149,0.1900691075859271,0.202971850099942,0.3202149007366242,1.0099467210841804,4,0.04039240756733643,6,2.554112218723911,5.732743663274565,0.19570021206899513,0.5308323020211486,0.12245352993101023,0.9999360291563881,0.5460799717811222,0.7730080004687552,permute,0.995,5.704672531381114,11.361581007359472,3.2458164484392267,3.93382830354662,3.1664216116075137,0.5093558157335646,0.5095482313279345,0.5094520235307496,0,0.0,32.5432886902942,4
layerwise_hard_knee,81,37,8,8.0,proportional,8,3.3172686034302865,0.036504390507397046,0.06675822345431567,3.32878;3.29962;2.93982;2.90581;2.87734;2.87308;2.64768;2.59419,0.2,900,900,False,0.5373036182050923,0.00249461304513149,0.06823385985937892,0.0767913023953906,0.41732411058074437,1.1828202737985112,6,0.04039240756733643,6,2.554112218723911,5.732743663274565,0.19570021206899513,0.5308323020211486,0.12245352993101023,0.9999360291563881,0.5460799717811222,0.7730080004687552,permute,0.995,6.6553588054869905,16.631114132042086,4.353534218673666,5.93255227147801,3.1897048082672517,0.9999164634348897,0.8909841336422799,0.9454502985385849,0,0.0,44.025695840700585,6
layerwise_hard_knee,81,37,16,16.0,proportional,8,3.3172686034302865,0.036504390507397046,0.06675822345431567,3.32878;3.29962;2.93982;2.90581;2.87734;2.87308;2.64768;2.59419,0.2,900,900,False,0.5373036182050923,0.00249461304513149,0.02465937876092521,0.03080656105401644,0.4502547006002248,1.246139272699022,7,0.04039240756733643,6,2.554112218723911,5.732743663274565,0.19570021206899513,0.5308323020211486,0.12245352993101023,0.9999360291563881,0.5460799717811222,0.7730080004687552,permute,0.995,7.029989612013714,19.105311057950857,4.830840423048883,6.96863492259131,3.1984777758389225,0.9999552853467922,0.9467840802310202,0.9733696827889062,0,0.0,48.12681946158157,7
layerwise_hard_knee,81,37,32,32.0,proportional,8,3.3172686034302865,0.036504390507397046,0.06675822345431567,3.32878;3.29962;2.93982;2.90581;2.87734;2.87308;2.64768;2.59419,0.2,900,900,False,0.5373036182050923,0.00249461304513149,0.014763143068172889,0.019225138308390656,0.47172188314367486,1.2968762579236004,8,0.04039240756733643,6,2.554112218723911,5.732743663274565,0.19570021206899513,0.5308323020211486,0.12245352993101023,0.9999360291563881,0.5460799717811222,0.7730080004687552,permute,0.995,7.313145306052969,20.212503674645518,5.177886898833208,7.351182705030095,3.2138671652422897,0.9999573559587048,0.9622222861154042,0.9810898210370544,0,0.0,53.482093962630806,8
layerwise_hard_knee,81,38,1,1.0,proportional,4,3.641702929811906,0.1404901700116235,0.056687264021555286,3.75992;3.23369;2.79041;2.17746;0.110503;0.0995991;0.089583;0.0743942,0.2,900,900,False,0.27203527687253815,0.0024918223417706347,0.16580052944514123,0.17321747987418182,0.09420677343336212,0.5475184113203372,1,0.03129934028275011,4,1.8148470977512214,3.0593655692026314,0.13439863444742706,0.2803333983374728,0.09976422552921593,0.9656003303311133,0.539568629406961,0.7525844798690371,permute,0.995,3.0084429916802846,3.0084429916802873,0.9999999999998895,0.9999999999991106,3.0084429916802846,0.17432083919275942,0.1632105511277416,0.16876569516025053,0,0.0,9.050729234190221,1
layerwise_hard_knee,81,38,2,2.0,proportional,4,3.641702929811906,0.1404901700116235,0.056687264021555286,3.75992;3.23369;2.79041;2.17746;0.110503;0.0995991;0.089583;0.0743942,0.2,900,900,False,0.27203527687253815,0.0024918223417706347,0.12137017704288916,0.12801662066934896,0.12724421997480428,0.6501985933173524,2,0.03129934028275011,4,1.8148470977512214,3.0593655692026314,0.13439863444742706,0.2803333983374728,0.09976422552921593,0.9656003303311133,0.539568629406961,0.7525844798690371,permute,0.995,3.6110417447477503,4.854849445939246,1.258003420865262,1.6609299691980868,3.219523489204803,0.27504575101248485,0.26651591384320916,0.270780832427847,0,0.0,13.039622482310874,2
layerwise_hard_knee,81,38,4,4.0,proportional,4,3.641702929811906,0.1404901700116235,0.056687264021555286,3.75992;3.23369;2.79041;2.17746;0.110503;0.0995991;0.089583;0.0743942,0.2,900,900,False,0.27203527687253815,0.0024918223417706347,0.018122131314566504,0.021745432188405574,0.21727790315744092,0.8983636626020693,3,0.03129934028275011,4,1.8148470977512214,3.0593655692026314,0.13439863444742706,0.2803333983374728,0.09976422552921593,0.9656003303311133,0.539568629406961,0.7525844798690371,permute,0.995,5.054406475821499,9.217046358240742,2.094290577603697,2.971030252203442,3.4926228869893787,0.5114459388465473,0.4719677028020348,0.49170682082429107,0,0.0,24.84956493192838,3
layerwise_hard_knee,81,38,8,8.0,proportional,4,3.641702929811906,0.1404901700116235,0.056687264021555286,3.75992;3.23369;2.79041;2.17746;0.110503;0.0995991;0.089583;0.0743942,0.2,900,900,False,0.27203527687253815,0.0024918223417706347,0.012562487027538427,0.015331338004943101,0.22936749638298543,0.9519421867637897,4,0.03129934028275011,4,1.8148470977512214,3.0593655692026314,0.13439863444742706,0.2803333983374728,0.09976422552921593,0.9656003303311133,0.539568629406961,0.7525844798690371,permute,0.995,5.281553719436754,9.831008815147168,2.199104762808541,3.155821745514444,3.5615475081041073,0.6899313635379747,0.4768257773299233,0.583378570433949,0,0.0,27.894809551318144,4
layerwise_hard_knee,81,38,16,16.0,proportional,4,3.641702929811906,0.1404901700116235,0.056687264021555286,3.75992;3.23369;2.79041;2.17746;0.110503;0.0995991;0.089583;0.0743942,0.2,900,900,False,0.27203527687253815,0.0024918223417706347,0.010126124266173191,0.01248364530339046,0.2348193996680443,0.9533551514531069,4,0.03129934028275011,4,1.8148470977512214,3.0593655692026314,0.13439863444742706,0.2803333983374728,0.09976422552921593,0.9656003303311133,0.539568629406961,0.7525844798690371,permute,0.995,5.391447684458964,10.137067329134144,2.2256312379666605,3.2435162612976716,3.6139221367256438,0.8570418312318873,0.509378563930708,0.6832101975812976,0,0.0,29.067707660819604,4
layerwise_hard_knee,81,38,32,32.0,proportional,4,3.641702929811906,0.1404901700116235,0.056687264021555286,3.75992;3.23369;2.79041;2.17746;0.110503;0.0995991;0.089583;0.0743942,0.2,900,900,False,0.27203527687253815,0.0024918223417706347,0.00860444515766353,0.010647435122292694,0.2393446869328327,0.9849533362436775,4,0.03129934028275011,4,1.8148470977512214,3.0593655692026314,0.13439863444742706,0.2803333983374728,0.09976422552921593,0.9656003303311133,0.539568629406961,0.7525844798690371,permute,0.995,5.476540652622403,10.370424094147891,2.288197598636029,3.313236867007807,3.620424982553688,0.9162664046217779,0.5369913433963707,0.7266288740090743,0,0.0,29.99249609480724,4
layerwise_hard_knee,81,39,1,1.0,proportional,3,2.4489167634877615,0.046548513606151656,0.017840191485080946,2.53362;2.44979;2.13952;0.0383824;0.0343664;0.0341193;0.0307187;0.0303301,0.2,900,900,False,0.11946167555260526,0.002490222951831866,0.06705376421330692,0.06697517761198814,0.04606172942642959,0.37366942365497835,1,0.022249481798323402,3,1.5587112127476186,2.422076340848548,0.08972915429386041,0.17381696567423702,0.071870512988694,0.7294027749233999,0.3773107875019407,0.5533567812126703,permute,0.995,2.031482435269368,2.03148243526937,0.9999999999997576,0.9999999999992424,2.031482435269368,0.1649721438033994,0.1717449173200707,0.16835853056173505,0,0.0,4.126920884807962,1
layerwise_hard_knee,81,39,2,2.0,proportional,3,2.4489167634877615,0.046548513606151656,0.017840191485080946,2.53362;2.44979;2.13952;0.0383824;0.0343664;0.0341193;0.0307187;0.0303301,0.2,900,900,False,0.11946167555260526,0.002490222951831866,0.04740976377342097,0.0473001551343999,0.05807382610805153,0.42806626683621574,2,0.022249481798323402,3,1.5587112127476186,2.422076340848548,0.08972915429386041,0.17381696567423702,0.071870512988694,0.7294027749233999,0.3773107875019407,0.5533567812126703,permute,0.995,2.3326961780575917,2.8654046204512222,1.074785909287703,1.2873125401439058,2.2500760434935976,0.26780918406540605,0.2517934167534824,0.2598013004094442,0,0.0,5.441471459124493,2
layerwise_hard_knee,81,39,4,4.0,proportional,3,2.4489167634877615,0.046548513606151656,0.017840191485080946,2.53362;2.44979;2.13952;0.0383824;0.0343664;0.0341193;0.0307187;0.0303301,0.2,900,900,False,0.11946167555260526,0.002490222951831866,0.03137401417707162,0.03231010552609267,0.07054863375748985,0.4605189857648318,2,0.022249481798323402,3,1.5587112127476186,2.422076340848548,0.08972915429386041,0.17381696567423702,0.071870512988694,0.7294027749233999,0.3773107875019407,0.5533567812126703,permute,0.995,2.58050227746805,3.6960157151471615,1.3105162706423603,1.7788467943950428,2.2541511716201934,0.40380586885708863,0.3431667054421381,0.3734862871496134,0,0.0,6.618203309137544,2
layerwise_hard_knee,81,39,8,8.0,proportional,3,2.4489167634877615,0.046548513606151656,0.017840191485080946,2.53362;2.44979;2.13952;0.0383824;0.0343664;0.0341193;0.0307187;0.0303301,0.2,900,900,False,0.11946167555260526,0.002490222951831866,0.019170668759206165,0.02052158287215331,0.07976787014144683,0.5105670889606708,3,0.022249481798323402,3,1.5587112127476186,2.422076340848548,0.08972915429386041,0.17381696567423702,0.071870512988694,0.7294027749233999,0.3773107875019407,0.5533567812126703,permute,0.995,2.8228215723696803,4.469749483126922,1.5182735596108405,2.2152879228886895,2.2909120323061383,0.5254964437581875,0.36005722886864805,0.4427768363134178,0,0.0,7.968321529641078,3
layerwise_hard_knee,81,39,16,16.0,proportional,3,2.4489167634877615,0.046548513606151656,0.017840191485080946,2.53362;2.44979;2.13952;0.0383824;0.0343664;0.0341193;0.0307187;0.0303301,0.2,900,900,False,0.11946167555260526,0.002490222951831866,0.01713512530312064,0.018312738860737327,0.08319363938550747,0.5292755737034183,3,0.022249481798323402,3,1.5587112127476186,2.422076340848548,0.08972915429386041,0.17381696567423702,0.071870512988694,0.7294027749233999,0.3773107875019407,0.5533567812126703,permute,0.995,2.9662843170796194,4.73006540131579,1.6627093271718365,2.291767615901885,2.300406622106369,0.5700082552217961,0.3777206100780143,0.4738644326499052,0,0.0,8.798842398590356,3
layerwise_hard_knee,81,39,32,32.0,proportional,3,2.4489167634877615,0.046548513606151656,0.017840191485080946,2.53362;2.44979;2.13952;0.0383824;0.0343664;0.0341193;0.0307187;0.0303301,0.2,900,900,False,0.11946167555260526,0.002490222951831866,0.010207789689248861,0.01172125428296787,0.09016360296733447,0.5637265715522766,3,0.022249481798323402,3,1.5587112127476186,2.422076340848548,0.08972915429386041,0.17381696567423702,0.071870512988694,0.7294027749233999,0.3773107875019407,0.5533567812126703,permute,0.995,3.153650541532184,5.288190804245657,1.8514643378854454,2.649855959643841,2.317692906189089,0.5835070620168579,0.39005031162526416,0.486778686821061,0,0.0,9.945511122335695,3
layerwise_hard_knee,81,40,1,1.0,proportional,5,2.760123617492554,0.10936582536709029,0.045092749620180415,2.62283;2.53404;2.31704;2.01233;1.88815;0.0754181;0.0682391;0.0599803,0.2,900,900,False,0.20655525689962057,0.002491350233055227,0.15316729506789206,0.15289146094057732,0.049399641729717364,0.3877752407684827,1,0.027142319892338434,5,2.242711971357131,3.9152768500729915,0.127772316166631,0.2942898206507845,0.0853198369478212,0.9485314611997495,0.495793222791082,0.7221623419954157,permute,0.995,2.1197280598024335,2.1197280598024353,0.9999999999997774,0.9999999999992226,2.1197280598024335,0.17062997602880553,0.17409113902071904,0.1723605575247623,0,0.0,4.49324704751379,1
layerwise_hard_knee,81,40,2,2.0,proportional,5,2.760123617492554,0.10936582536709029,0.045092749620180415,2.62283;2.53404;2.31704;2.01233;1.88815;0.0754181;0.0682391;0.0599803,0.2,900,900,False,0.20655525689962057,0.002491350233055227,0.10049266495124584,0.10643632281092232,0.09075358493073463,0.505250874758038,2,0.027142319892338434,5,2.242711971357131,3.9152768500729915,0.127772316166631,0.2942898206507845,0.0853198369478212,0.9485314611997495,0.495793222791082,0.7221623419954157,permute,0.995,2.7814394694949653,3.8871220668175805,1.5352026431729753,1.9090167102427151,2.2448470613742053,0.2818575608975833,0.28067721220853276,0.28126738655305805,0,0.0,7.736405522464434,2
layerwise_hard_knee,81,40,4,4.0,proportional,5,2.760123617492554,0.10936582536709029,0.045092749620180415,2.62283;2.53404;2.31704;2.01233;1.88815;0.0754181;0.0682391;0.0599803,0.2,900,900,False,0.20655525689962057,0.002491350233055227,0.04770250192767141,0.05135471801717119,0.13143124812734883,0.6206284729408271,3,0.027142319892338434,5,2.242711971357131,3.9152768500729915,0.127772316166631,0.2942898206507845,0.0853198369478212,0.9485314611997495,0.495793222791082,0.7221623419954157,permute,0.995,3.476391145107039,6.388587845781465,2.3342666169745354,3.0951700689126915,2.275377218239695,0.5082206730017199,0.455285817454137,0.48175324522792845,0,0.0,11.82353548924708,3
layerwise_hard_knee,81,40,8,8.0,proportional,5,2.760123617492554,0.10936582536709029,0.045092749620180415,2.62283;2.53404;2.31704;2.01233;1.88815;0.0754181;0.0682391;0.0599803,0.2,900,900,False,0.20655525689962057,0.002491350233055227,0.023074962390810853,0.02685659127011393,0.14925148975087682,0.67605868115963,4,0.027142319892338434,5,2.242711971357131,3.9152768500729915,0.127772316166631,0.2942898206507845,0.0853198369478212,0.9485314611997495,0.495793222791082,0.7221623419954157,permute,0.995,3.769223643916497,7.798090147477959,2.5563612905966036,3.8766472372622864,2.3574407720214277,0.768027725534386,0.5631557409348525,0.6655917332346193,0,0.0,13.915022998831866,4
layerwise_hard_knee,81,40,16,16.0,proportional,5,2.760123617492554,0.10936582536709029,0.045092749620180415,2.62283;2.53404;2.31704;2.01233;1.88815;0.0754181;0.0682391;0.0599803,0.2,900,900,False,0.20655525689962057,0.002491350233055227,0.0193768422293747,0.022444169060522597,0.15803239099501337,0.7075500899771032,4,0.027142319892338434,5,2.242711971357131,3.9152768500729915,0.127772316166631,0.2942898206507845,0.0853198369478212,0.9485314611997495,0.495793222791082,0.7221623419954157,permute,0.995,3.962601110477084,8.254513566038012,2.7822951632161868,4.012061619672401,2.3756297566582427,0.8206397857594497,0.576970805571472,0.6988052956654609,0,0.0,15.437434865979558,4
layerwise_hard_knee,81,40,32,32.0,proportional,5,2.760123617492554,0.10936582536709029,0.045092749620180415,2.62283;2.53404;2.31704;2.01233;1.88815;0.0754181;0.0682391;0.0599803,0.2,900,900,False,0.20655525689962057,0.002491350233055227,0.014528932815520083,0.017319655414821715,0.16382372551076313,0.7280415510963572,5,0.027142319892338434,5,2.242711971357131,3.9152768500729915,0.127772316166631,0.2942898206507845,0.0853198369478212,0.9485314611997495,0.495793222791082,0.7221623419954157,permute,0.995,4.075562144632259,8.674221155383133,2.870130411342623,4.227575484252872,2.4056736124229934,0.8929170390850514,0.6016998671332134,0.7473084531091324,0,0.0,16.61020603883431,5
layerwise_hard_knee,81,41,1,1.0,proportional,7,2.585287454974419,0.06264876360528936,0.027455908792172287,2.73186;2.4772;2.40681;2.02065;1.96119;1.91116;1.78876;0.048774,0.2,900,900,False,0.24115438859330293,0.0024889902754486027,0.18186449648307884,0.19595142948137778,0.04056705440872021,0.36529579551598074,1,0.025156183799720545,7,2.4707149003509303,5.38393204189994,0.11931648072356141,0.31990383783216503,0.07590827425835699,0.9707616147331481,0.5169939256461337,0.7438777701896409,permute,0.995,2.012095184502224,2.0120951845022255,0.999999999999753,0.999999999999247,2.012095184502224,0.1685224568552065,0.17117497694575648,0.16984871690048148,0,0.0,4.04852703149704,1
layerwise_hard_knee,81,41,2,2.0,proportional,7,2.585287454974419,0.06264876360528936,0.027455908792172287,2.73186;2.4772;2.40681;2.02065;1.96119;1.91116;1.78876;0.048774,0.2,900,900,False,0.24115438859330293,0.0024889902754486027,0.1415415678854089,0.15083363519866017,0.07874330034671975,0.4953810665820122,2,0.025156183799720545,7,2.4707149003509303,5.38393204189994,0.11931648072356141,0.31990383783216503,0.07590827425835699,0.9707616147331481,0.5169939256461337,0.7438777701896409,permute,0.995,2.7804392999448555,3.927287934872141,1.8195854137511989,1.990177014280558,2.0612335134481956,0.2834358611452764,0.27745755779561704,0.2804467094704467,0,0.0,7.730842700677838,2
layerwise_hard_knee,81,41,4,4.0,proportional,7,2.585287454974419,0.06264876360528936,0.027455908792172287,2.73186;2.4772;2.40681;2.02065;1.96119;1.91116;1.78876;0.048774,0.2,900,900,False,0.24115438859330293,0.0024889902754486027,0.09640649499776387,0.10144323573397149,0.11252437009220305,0.5728494848173827,3,0.025156183799720545,7,2.4707149003509303,5.38393204189994,0.11931648072356141,0.31990383783216503,0.07590827425835699,0.9707616147331481,0.5169939256461337,0.7438777701896409,permute,0.995,3.21888996141772,5.876466716496388,2.1970431339874423,3.061916572066024,2.1716350312831705,0.5120958120276085,0.4464741918399481,0.47928500193377827,0,0.0,10.193110356136726,3
layerwise_hard_knee,81,41,8,8.0,proportional,7,2.585287454974419,0.06264876360528936,0.027455908792172287,2.73186;2.4772;2.40681;2.02065;1.96119;1.91116;1.78876;0.048774,0.2,900,900,False,0.24115438859330293,0.0024889902754486027,0.05231613075455161,0.06006534461580228,0.13728491984584354,0.6557652379894507,5,0.025156183799720545,7,2.4707149003509303,5.38393204189994,0.11931648072356141,0.31990383783216503,0.07590827425835699,0.9707616147331481,0.5169939256461337,0.7438777701896409,permute,0.995,3.6623740120250785,8.203503112118986,2.439230149417867,4.19655362836504,2.3449646702913074,0.9268567489030728,0.7159838983735798,0.8214203236383263,0,0.0,13.088201729441376,5
layerwise_hard_knee,81,41,16,16.0,proportional,7,2.585287454974419,0.06264876360528936,0.027455908792172287,2.73186;2.4772;2.40681;2.02065;1.96119;1.91116;1.78876;0.048774,0.2,900,900,False,0.24115438859330293,0.0024889902754486027,0.035043498097003266,0.042030152168382746,0.15300118600458734,0.7246870066201807,6,0.025156183799720545,7,2.4707149003509303,5.38393204189994,0.11931648072356141,0.31990383783216503,0.07590827425835699,0.9707616147331481,0.5169939256461337,0.7438777701896409,permute,0.995,3.935846961029704,9.437277245230266,2.769430738231351,4.959244259387523,2.3650642814084017,0.933373626921315,0.7466125296522861,0.8399930782868006,0,0.0,15.16683859126847,6
layerwise_hard_knee,81,41,32,32.0,proportional,7,2.585287454974419,0.06264876360528936,0.027455908792172287,2.73186;2.4772;2.40681;2.02065;1.96119;1.91116;1.78876;0.048774,0.2,900,900,False,0.24115438859330293,0.0024889902754486027,0.024654532133070884,0.030777939870676722,0.167096117947899,0.76117491928007,6,0.025156183799720545,7,2.4707149003509303,5.38393204189994,0.11931648072356141,0.31990383783216503,0.07590827425835699,0.9707616147331481,0.5169939256461337,0.7438777701896409,permute,0.995,4.192268508497768,10.383729556083576,3.007107286064165,5.4917885203580825,2.417545348256091,0.8944617899714244,0.7731800367657061,0.8338209133685652,0,0.0,17.130812483490253,6
layerwise_hard_knee,81,42,1,1.0,proportional,3,2.370624800602607,0.10564218389158178,0.017204212990638415,2.2208;2.13065;1.82746;0.0290718;0.0289636;0.0245097;0.0221456;0.0211557,0.2,900,900,False,0.10629639618094402,0.0025054450948868356,0.06496090457022136,0.06991829006714254,0.02912936265902737,0.29641838753614386,1,0.018237064833550497,3,2.160089795531139,2.8272806027141932,0.08385847999704361,0.16928506723725636,0.057057282518989394,0.6385700646365479,0.3298261990970145,0.4841981318667812,permute,0.995,1.6399371090100037,1.639937109010005,0.9999999999996282,0.999999999999372,1.6399371090100037,0.17949344030233966,0.16130866068255598,0.1704010504924478,0,0.0,2.6893937215080888,1
layerwise_hard_knee,81,42,2,2.0,proportional,3,2.370624800602607,0.10564218389158178,0.017204212990638415,2.2208;2.13065;1.82746;0.0290718;0.0289636;0.0245097;0.0221456;0.0211557,0.2,900,900,False,0.10629639618094402,0.0025054450948868356,0.02942152654287914,0.03065665293908851,0.061695079835217825,0.42843236775807386,2,0.018237064833550497,3,2.160089795531139,2.8272806027141932,0.08385847999704361,0.16928506723725636,0.057057282518989394,0.6385700646365479,0.3298261990970145,0.4841981318667812,permute,0.995,2.3300486957809814,3.292784111524626,1.8582170148014163,1.9941810451350515,1.7092940515818031,0.28490477218872906,0.27900669451198773,0.2819557333503584,0,0.0,5.429126924710651,2
layerwise_hard_knee,81,42,4,4.0,proportional,3,2.370624800602607,0.10564218389158178,0.017204212990638415,2.2208;2.13065;1.82746;0.0290718;0.0289636;0.0245097;0.0221456;0.0211557,0.2,900,900,False,0.10629639618094402,0.0025054450948868356,0.017298171003567116,0.018759838615081192,0.06582695302594263,0.43533490325647595,3,0.018237064833550497,3,2.160089795531139,2.8272806027141932,0.08385847999704361,0.16928506723725636,0.057057282518989394,0.6385700646365479,0.3298261990970145,0.4841981318667812,permute,0.995,2.3769908218250952,3.760167486316696,1.751496516963627,2.2691622168957464,1.7960683745214736,0.43556302350976095,0.3492580047553348,0.3924105141325479,0,0.0,5.650085358092683,3
layerwise_hard_knee,81,42,8,8.0,proportional,3,2.370624800602607,0.10564218389158178,0.017204212990638415,2.2208;2.13065;1.82746;0.0290718;0.0289636;0.0245097;0.0221456;0.0211557,0.2,900,900,False,0.10629639618094402,0.0025054450948868356,0.013194829542056872,0.014607333989768576,0.07080888684983055,0.4557295084817309,3,0.018237064833550497,3,2.160089795531139,2.8272806027141932,0.08385847999704361,0.16928506723725636,0.057057282518989394,0.6385700646365479,0.3298261990970145,0.4841981318667812,permute,0.995,2.4941626935635908,4.077841175732371,1.859045403812553,2.468800464176531,1.8292782918072796,0.4656844363483079,0.3518996079833947,0.4087920221658513,0,0.0,6.220847471946993,3
layerwise_hard_knee,81,42,16,16.0,proportional,3,2.370624800602607,0.10564218389158178,0.017204212990638415,2.2208;2.13065;1.82746;0.0290718;0.0289636;0.0245097;0.0221456;0.0211557,0.2,900,900,False,0.10629639618094402,0.0025054450948868356,0.009719889957786757,0.010827530759364363,0.078187178189632,0.4821958888391167,3,0.018237064833550497,3,2.160089795531139,2.8272806027141932,0.08385847999704361,0.16928506723725636,0.057057282518989394,0.6385700646365479,0.3298261990970145,0.4841981318667812,permute,0.995,2.690592905976595,4.476988639799315,1.9714825652009846,2.601806000009885,1.9162471521237965,0.4968884459929296,0.3744988068144225,0.43569362640367604,0,0.0,7.239289988079072,3
layerwise_hard_knee,81,42,32,32.0,proportional,3,2.370624800602607,0.10564218389158178,0.017204212990638415,2.2208;2.13065;1.82746;0.0290718;0.0289636;0.0245097;0.0221456;0.0211557,0.2,900,900,False,0.10629639618094402,0.0025054450948868356,0.007605792440224388,0.008654353745043687,0.08205801737117077,0.5047949753372428,3,0.018237064833550497,3,2.160089795531139,2.8272806027141932,0.08385847999704361,0.16928506723725636,0.057057282518989394,0.6385700646365479,0.3298261990970145,0.4841981318667812,permute,0.995,2.809516025744721,4.743442864955684,2.061860691086133,2.7237474956795378,1.9565991215460103,0.49766362381292145,0.384837807351895,0.44125071558240825,0,0.0,7.893379743742031,3
layerwise_hard_knee,81,43,1,1.0,proportional,1,2.368391222711276,0.10807789499685941,0.03120548939866819,2.27236;0.0654895;0.0572073;0.0557127;0.0483751;0.0454652;0.0384729;0.038037,0.2,900,900,False,0.04540377973081343,0.0024864428497378315,0.005577461062880356,0.006199419026063082,0.030710924245466963,0.309997551064343,1,0.014352255121789231,1,1.005183153606888,1.0515581791521886,0.056084309457025326,0.08697058362159463,0.055939525248220406,0.7496561841918311,0.4302354120521508,0.589945798121991,permute,0.995,1.5773637039046036,1.5773637039046047,0.9999999999995981,0.9999999999994019,1.5773637039046036,0.16757885518511295,0.15829981229981538,0.16293933374246417,0,0.0,2.48807625439565,1
layerwise_hard_knee,81,43,2,2.0,proportional,1,2.368391222711276,0.10807789499685941,0.03120548939866819,2.27236;0.0654895;0.0572073;0.0557127;0.0483751;0.0454652;0.0384729;0.038037,0.2,900,900,False,0.04540377973081343,0.0024864428497378315,0.005294799094448589,0.005923837508866355,0.03137430262834092,0.3071234209762707,1,0.014352255121789231,1,1.005183153606888,1.0515581791521886,0.056084309457025326,0.08697058362159463,0.055939525248220406,0.7496561841918311,0.4302354120521508,0.589945798121991,permute,0.995,1.6162718706319519,1.6164423047167538,1.0000000111202598,1.00000021478764,1.616271861644961,0.2196781863757876,0.16283556127447643,0.191256873825132,0,0.0,2.6123347307452693,1
layerwise_hard_knee,81,43,4,4.0,proportional,1,2.368391222711276,0.10807789499685941,0.03120548939866819,2.27236;0.0654895;0.0572073;0.0557127;0.0483751;0.0454652;0.0384729;0.038037,0.2,900,900,False,0.04540377973081343,0.0024864428497378315,0.004314742136518956,0.004795512874062084,0.03423625526808871,0.33085407103168657,1,0.014352255121789231,1,1.005183153606888,1.0515581791521886,0.056084309457025326,0.08697058362159463,0.055939525248220406,0.7496561841918311,0.4302354120521508,0.589945798121991,permute,0.995,1.7662167128043744,1.766605027746126,1.0000000165694993,1.000000330713779,1.7662166981714282,0.3058673350254819,0.1452379309787161,0.225552633002099,0,0.0,3.119521424899581,1
layerwise_hard_knee,81,43,8,8.0,proportional,1,2.368391222711276,0.10807789499685941,0.03120548939866819,2.27236;0.0654895;0.0572073;0.0557127;0.0483751;0.0454652;0.0384729;0.038037,0.2,900,900,False,0.04540377973081343,0.0024864428497378315,0.003541066804824489,0.0038643920072702724,0.03693580299565858,0.3503196836474287,1,0.014352255121789231,1,1.005183153606888,1.0515581791521886,0.056084309457025326,0.08697058362159463,0.055939525248220406,0.7496561841918311,0.4302354120521508,0.589945798121991,permute,0.995,1.9151919512599096,1.9161486902104146,1.0000000404745577,1.000000798389519,1.915191912501376,0.3697583512829822,0.15933352045763216,0.26454593587030717,0,0.0,3.6679600617106787,1
layerwise_hard_knee,81,43,16,16.0,proportional,1,2.368391222711276,0.10807789499685941,0.03120548939866819,2.27236;0.0654895;0.0572073;0.0557127;0.0483751;0.0454652;0.0384729;0.038037,0.2,900,900,False,0.04540377973081343,0.0024864428497378315,0.0034369977970890564,0.003741764953372101,0.03737590471544252,0.36228142863717366,1,0.014352255121789231,1,1.005183153606888,1.0515581791521886,0.056084309457025326,0.08697058362159463,0.055939525248220406,0.7496561841918311,0.4302354120521508,0.589945798121991,permute,0.995,1.9393718044011328,1.9414799207731253,1.000000106272355,1.0000020377457015,1.9393717013500789,0.5242503662210302,0.17744294833133695,0.3508466572761836,0,0.0,3.7611625959974995,1
layerwise_hard_knee,81,43,32,32.0,proportional,1,2.368391222711276,0.10807789499685941,0.03120548939866819,2.27236;0.0654895;0.0572073;0.0557127;0.0483751;0.0454652;0.0384729;0.038037,0.2,900,900,False,0.04540377973081343,0.0024864428497378315,0.0033045319224618203,0.0035717048889550356,0.03798249779049336,0.3681426701329347,1,0.014352255121789231,1,1.005183153606888,1.0515581791521886,0.056084309457025326,0.08697058362159463,0.055939525248220406,0.7496561841918311,0.4302354120521508,0.589945798121991,permute,0.995,1.972980627806736,1.9772904551450823,1.000000258786484,1.0000048351213746,1.9729803725161725,0.5566184555023205,0.21369529459876424,0.38515687505054236,0,0.0,3.892651550334055,1
layerwise_hard_knee,81,44,1,1.0,proportional,7,2.6675999033187456,0.11782788123606132,0.07225923519761847,2.61729;2.29455;2.01865;1.79686;1.60827;1.38601;1.27263;0.0839115,0.2,900,900,False,0.19937387885974384,0.002505218025952062,0.1437910957777352,0.14992204577816506,0.046266416646116575,0.37410109644099115,1,0.026566740864571937,5,2.757470592779644,4.721197610154755,0.12423320107253796,0.3194082118115405,0.0748138889864758,0.9927086697057854,0.5246069708942019,0.7586578202999936,permute,0.995,2.044872638912753,2.044872638912755,0.9999999999997609,0.999999999999239,2.044872638912753,0.17132201091078042,0.1647598343908561,0.16804092265081827,0,0.0,4.181504109374007,1
layerwise_hard_knee,81,44,2,2.0,proportional,7,2.6675999033187456,0.11782788123606132,0.07225923519761847,2.61729;2.29455;2.01865;1.79686;1.60827;1.38601;1.27263;0.0839115,0.2,900,900,False,0.19937387885974384,0.002505218025952062,0.09855553256641152,0.1034206167919096,0.08731390512528954,0.5028789591509892,2,0.026566740864571937,5,2.757470592779644,4.721197610154755,0.12423320107253796,0.3194082118115405,0.0748138889864758,0.9927086697057854,0.5246069708942019,0.7586578202999936,permute,0.995,2.7961590341201448,3.9492937191965782,1.8163034147855432,1.9897798761511587,2.074759056280168,0.27537418116824025,0.27490568230042917,0.2751399317343347,0,0.0,7.818505344091699,2
layerwise_hard_knee,81,44,4,4.0,proportional,7,2.6675999033187456,0.11782788123606132,0.07225923519761847,2.61729;2.29455;2.01865;1.79686;1.60827;1.38601;1.27263;0.0839115,0.2,900,900,False,0.19937387885974384,0.002505218025952062,0.06661048439345638,0.07102097952671362,0.10481573399405866,0.5264520798786413,4,0.026566740864571937,5,2.757470592779644,4.721197610154755,0.12423320107253796,0.3194082118115405,0.0748138889864758,0.9927086697057854,0.5246069708942019,0.7586578202999936,permute,0.995,2.9664950365078226,5.358429219937895,2.0657413584420694,2.8507240962250533,2.0639808033340716,0.5178026381401749,0.4440028133697608,0.48090272575496784,0,0.0,8.800092801625551,4
layerwise_hard_knee,81,44,8,8.0,proportional,7,2.6675999033187456,0.11782788123606132,0.07225923519761847,2.61729;2.29455;2.01865;1.79686;1.60827;1.38601;1.27263;0.0839115,0.2,900,900,False,0.19937387885974384,0.002505218025952062,0.04406490870349675,0.046781974677129995,0.12068824165240881,0.5997644467012634,4,0.026566740864571937,5,2.757470592779644,4.721197610154755,0.12423320107253796,0.3194082118115405,0.0748138889864758,0.9927086697057854,0.5246069708942019,0.7586578202999936,permute,0.995,3.301119039798003,6.707441158212754,2.379710272182619,3.536972197402854,2.1399279088454954,0.9217495379441951,0.671287662867339,0.796518600405767,0,0.0,10.6897904492892,4
layerwise_hard_knee,81,44,16,16.0,proportional,7,2.6675999033187456,0.11782788123606132,0.07225923519761847,2.61729;2.29455;2.01865;1.79686;1.60827;1.38601;1.27263;0.0839115,0.2,900,900,False,0.19937387885974384,0.002505218025952062,0.03739998763933513,0.04044965679381418,0.12814084270984027,0.6088763443520684,4,0.026566740864571937,5,2.757470592779644,4.721197610154755,0.12423320107253796,0.3194082118115405,0.0748138889864758,0.9927086697057854,0.5246069708942019,0.7586578202999936,permute,0.995,3.4096094812861266,7.210986075478626,2.515071469303371,3.828649231393371,2.1499555186751604,0.9487617687161746,0.703589471769973,0.8261756202430738,0,0.0,11.23093180240414,4
layerwise_hard_knee,81,44,32,32.0,proportional,7,2.6675999033187456,0.11782788123606132,0.07225923519761847,2.61729;2.29455;2.01865;1.79686;1.60827;1.38601;1.27263;0.0839115,0.2,900,900,False,0.19937387885974384,0.002505218025952062,0.029412923901745294,0.03257894376573659,0.13486621940739552,0.6391421489089708,5,0.026566740864571937,5,2.757470592779644,4.721197610154755,0.12423320107253796,0.3194082118115405,0.0748138889864758,0.9927086697057854,0.5246069708942019,0.7586578202999936,permute,0.995,3.558597770813951,7.866304709508121,2.6266143196390046,4.159630447836312,2.195739165948512,0.983626450002771,0.7375373976285794,0.8605819238156752,0,0.0,12.545250116892493,5
layerwise_hard_knee,81,45,1,1.0,proportional,2,3.6465522579966754,0.04133360061368249,0.056219468133764716,3.75418;3.2196;0.188642;0.183924;0.175794;0.169267;0.151526;0.149041,0.2,900,900,False,0.2638742991477212,0.002507167323938618,0.07193582704304184,0.07763671469299332,0.1847266641278518,0.6662870780849547,1,0.07061455467921281,1,1.0852693010494026,1.3323263674981851,0.2210600489573523,0.3169379411855734,0.21219810574270143,0.9860861073569498,0.5269360640707937,0.7565110857138717,permute,0.995,3.6771467623586696,3.677146762358672,0.9999999999999261,0.9999999999990739,3.6771467623586696,0.19455109915187216,0.1712814605896462,0.18291627987075917,0,0.0,13.521408311924846,1
layerwise_hard_knee,81,45,2,2.0,proportional,2,3.6465522579966754,0.04133360061368249,0.056219468133764716,3.75418;3.2196;0.188642;0.183924;0.175794;0.169267;0.151526;0.149041,0.2,900,900,False,0.2638742991477212,0.002507167323938618,0.005005472748194696,0.0056540910927115745,0.24854009676948355,0.8238420412229854,2,0.07061455467921281,1,1.0852693010494026,1.3323263674981851,0.2210600489573523,0.3169379411855734,0.21219810574270143,0.9860861073569498,0.5269360640707937,0.7565110857138717,permute,0.995,4.616075011658398,6.467581210921053,1.5757780609261527,1.9279515730372265,3.677268425270936,0.27842073368750087,0.27810488165660385,0.27826280767205236,0,0.0,21.30814851325708,2
layerwise_hard_knee,81,45,4,4.0,proportional,2,3.6465522579966754,0.04133360061368249,0.056219468133764716,3.75418;3.2196;0.188642;0.183924;0.175794;0.169267;0.151526;0.149041,0.2,900,900,False,0.2638742991477212,0.002507167323938618,0.005016445895937287,0.005670581771153327,0.24848011827285185,0.8267174317140622,2,0.07061455467921281,1,1.0852693010494026,1.3323263674981851,0.2210600489573523,0.3169379411855734,0.21219810574270143,0.9860861073569498,0.5269360640707937,0.7565110857138717,permute,0.995,4.612357408796269,6.463539281384895,1.5765592254767722,1.9282865841000485,3.673396501442313,0.47675098379458236,0.2696727588321773,0.37321187131337985,0,0.0,21.273840416807076,2
layerwise_hard_knee,81,45,8,8.0,proportional,2,3.6465522579966754,0.04133360061368249,0.056219468133764716,3.75418;3.2196;0.188642;0.183924;0.175794;0.169267;0.151526;0.149041,0.2,900,900,False,0.2638742991477212,0.002507167323938618,0.004624401946183227,0.005122869931301082,0.25051207719434615,0.834585941887669,2,0.07061455467921281,1,1.0852693010494026,1.3323263674981851,0.2210600489573523,0.3169379411855734,0.21219810574270143,0.9860861073569498,0.5269360640707937,0.7565110857138717,permute,0.995,4.669909966197694,6.557369820288184,1.61061684874895,1.9418335722476263,3.6796997955770783,0.8087751859278471,0.28510605708062664,0.546940621504237,0,0.0,21.808057805516945,2
layerwise_hard_knee,81,45,16,16.0,proportional,2,3.6465522579966754,0.04133360061368249,0.056219468133764716,3.75418;3.2196;0.188642;0.183924;0.175794;0.169267;0.151526;0.149041,0.2,900,900,False,0.2638742991477212,0.002507167323938618,0.004357018101506707,0.0047228388482192084,0.25216580837478697,0.8497802618429299,2,0.07061455467921281,1,1.0852693010494026,1.3323263674981851,0.2210600489573523,0.3169379411855734,0.21219810574270143,0.9860861073569498,0.5269360640707937,0.7565110857138717,permute,0.995,4.714982822891078,6.631159824454929,1.6411584005185547,1.9523823057506418,3.6804834133049016,0.8168540891465287,0.3062483718308235,0.5615512304886761,0,0.0,22.231061053330894,2
layerwise_hard_knee,81,45,32,32.0,proportional,2,3.6465522579966754,0.04133360061368249,0.056219468133764716,3.75418;3.2196;0.188642;0.183924;0.175794;0.169267;0.151526;0.149041,0.2,900,900,False,0.2638742991477212,0.002507167323938618,0.004229355007371577,0.004524938047963039,0.25311931062340204,0.8463169777945899,2,0.07061455467921281,1,1.0852693010494026,1.3323263674981851,0.2210600489573523,0.3169379411855734,0.21219810574270143,0.9860861073569498,0.5269360640707937,0.7565110857138717,permute,0.995,4.741866295498299,6.676876611283945,1.6540814132139805,1.9564324537402134,3.68698069302683,0.9518000256954873,0.3696586694114355,0.6607293475534614,0,0.0,22.485288539946584,2
layerwise_hard_knee,81,46,1,1.0,proportional,2,2.7261077324441825,0.1673878625283437,0.03546656186561934,2.65728;2.07677;0.0676973;0.059758;0.0492826;0.0415061;0.0356236;0.0299879,0.2,900,900,False,0.07648880769402122,0.0024902573718984253,0.03450136260251131,0.034713211930218625,0.03197094325404982,0.321678632482289,1,0.013229859725531997,2,1.3561884091677054,1.839284330496707,0.06724038294620097,0.12310821091823454,0.05773912046271805,0.8299438088070814,0.4584801839857108,0.6442119963963961,permute,0.995,1.7623903796072178,1.7623903796072191,0.999999999999678,0.999999999999322,1.7623903796072178,0.15978297171406614,0.16254096443106916,0.16116196807256766,0,0.0,3.106019850132073,1
layerwise_hard_knee,81,46,2,2.0,proportional,2,2.7261077324441825,0.1673878625283437,0.03546656186561934,2.65728;2.07677;0.0676973;0.059758;0.0492826;0.0415061;0.0356236;0.0299879,0.2,900,900,False,0.07648880769402122,0.0024902573718984253,0.030265176035110756,0.03363470596032319,0.026956986728880684,0.27410540352065893,2,0.013229859725531997,2,1.3561884091677054,1.839284330496707,0.06724038294620097,0.12310821091823454,0.05773912046271805,0.8299438088070814,0.4584801839857108,0.6442119963963961,permute,0.995,1.508568829897801,1.7575645147749654,1.0341421976570602,1.1561219101925861,1.4834571298359502,0.27706083057603526,0.21773359631916614,0.24739721344760068,0,0.0,2.2757799145392195,2
layerwise_hard_knee,81,46,4,4.0,proportional,2,2.7261077324441825,0.1673878625283437,0.03546656186561934,2.65728;2.07677;0.0676973;0.059758;0.0492826;0.0415061;0.0356236;0.0299879,0.2,900,900,False,0.07648880769402122,0.0024902573718984253,0.010495952336658697,0.012847179205057074,0.04846379355426175,0.4283932284160363,2,0.013229859725531997,2,1.3561884091677054,1.839284330496707,0.06724038294620097,0.12310821091823454,0.05773912046271805,0.8299438088070814,0.4584801839857108,0.6442119963963961,permute,0.995,2.3827978954288596,3.1662014924690087,1.2168111538564805,1.5977913933211259,2.1601087535677785,0.35654770556135423,0.24630740220917055,0.3014275538852624,0,0.0,5.677725768913541,2
layerwise_hard_knee,81,46,8,8.0,proportional,2,2.7261077324441825,0.1673878625283437,0.03546656186561934,2.65728;2.07677;0.0676973;0.059758;0.0492826;0.0415061;0.0356236;0.0299879,0.2,900,900,False,0.07648880769402122,0.0024902573718984253,0.009349848557640547,0.011516205119368988,0.05066332548700862,0.4471054162103271,2,0.013229859725531997,2,1.3561884091677054,1.839284330496707,0.06724038294620097,0.12310821091823454,0.05773912046271805,0.8299438088070814,0.4584801839857108,0.6442119963963961,permute,0.995,2.470932020139341,3.3030305206997603,1.235883235102363,1.62819328161726,2.2226551022493894,0.473206281335543,0.25446873984195034,0.3638375105887467,0,0.0,6.1055049113209146,2
layerwise_hard_knee,81,46,16,16.0,proportional,2,2.7261077324441825,0.1673878625283437,0.03546656186561934,2.65728;2.07677;0.0676973;0.059758;0.0492826;0.0415061;0.0356236;0.0299879,0.2,900,900,False,0.07648880769402122,0.0024902573718984253,0.0070551891373801905,0.00885277196664914,0.054834880555228414,0.4762974770202771,2,0.013229859725531997,2,1.3561884091677054,1.839284330496707,0.06724038294620097,0.12310821091823454,0.05773912046271805,0.8299438088070814,0.4584801839857108,0.6442119963963961,permute,0.995,2.634337713550408,3.5869281053343594,1.3123778083878914,1.7311622322586244,2.2995455165425343,0.54623426686183,0.2723977277007574,0.40931599728129364,0,0.0,6.939734758498785,2
layerwise_hard_knee,81,46,32,32.0,proportional,2,2.7261077324441825,0.1673878625283437,0.03546656186561934,2.65728;2.07677;0.0676973;0.059758;0.0492826;0.0415061;0.0356236;0.0299879,0.2,900,900,False,0.07648880769402122,0.0024902573718984253,0.0063904975682323555,0.007984142361756142,0.05639690304258792,0.48045110991223317,2,0.013229859725531997,2,1.3561884091677054,1.839284330496707,0.06724038294620097,0.12310821091823454,0.05773912046271805,0.8299438088070814,0.4584801839857108,0.6442119963963961,permute,0.995,2.6977605007035037,3.6891469250276825,1.3329494898514516,1.754352994197684,2.3366654938277134,0.638222116958925,0.3013589000934497,0.4697905085261873,0,0.0,7.277910756583051,2
layerwise_hard_knee,81,47,1,1.0,proportional,5,2.660729062139838,0.16342678975598335,0.019105394045961767,2.43982;2.21721;1.94819;1.68146;1.41667;0.0224736;0.019895;0.0149666,0.2,900,900,False,0.1830816131095884,0.002506359465453819,0.12429832844633353,0.1292111338660143,0.052150040826798263,0.3272516860164934,1,0.029648195741702785,4,2.1005504128282673,3.906548069721331,0.12864633466837966,0.2942018208344556,0.08876277323119303,0.7079138801879866,0.3746195822220127,0.5412667312049997,permute,0.995,1.8168668549023073,1.8168668549023086,0.999999999999697,0.999999999999303,1.8168668549023073,0.17644546936613262,0.16646847687294042,0.1714569731195365,0,0.0,3.3010051684426016,1
layerwise_hard_knee,81,47,2,2.0,proportional,5,2.660729062139838,0.16342678975598335,0.019105394045961767,2.43982;2.21721;1.94819;1.68146;1.41667;0.0224736;0.019895;0.0149666,0.2,900,900,False,0.1830816131095884,0.002506359465453819,0.07772685110469109,0.07719075115777026,0.09951484952177277,0.4789762119496783,2,0.029648195741702785,4,2.1005504128282673,3.906548069721331,0.12864633466837966,0.2942018208344556,0.08876277323119303,0.7079138801879866,0.3746195822220127,0.5412667312049997,permute,0.995,2.6982257201444773,3.7982949406865383,1.67949284879541,1.963691041817516,2.0820406203335273,0.28532799890648824,0.28807532924849044,0.2867016640774893,0,0.0,7.280422036849185,2
layerwise_hard_knee,81,47,4,4.0,proportional,5,2.660729062139838,0.16342678975598335,0.019105394045961767,2.43982;2.21721;1.94819;1.68146;1.41667;0.0224736;0.019895;0.0149666,0.2,900,900,False,0.1830816131095884,0.002506359465453819,0.034751636321739256,0.03661611385850732,0.12924180174197872,0.5532475028462229,4,0.029648195741702785,4,2.1005504128282673,3.906548069721331,0.12864633466837966,0.2942018208344556,0.08876277323119303,0.7079138801879866,0.3746195822220127,0.5412667312049997,permute,0.995,3.0776254404583483,5.6916444198189255,2.131093190444666,3.0843913416099524,2.108213269910924,0.5229838208456837,0.4449428423969811,0.4839633316213324,0,0.0,9.471778351756441,4
layerwise_hard_knee,81,47,8,8.0,proportional,5,2.660729062139838,0.16342678975598335,0.019105394045961767,2.43982;2.21721;1.94819;1.68146;1.41667;0.0224736;0.019895;0.0149666,0.2,900,900,False,0.1830816131095884,0.002506359465453819,0.01749038367159304,0.019567183345345206,0.1446750128532948,0.6093501950368709,4,0.029648195741702785,4,2.1005504128282673,3.906548069721331,0.12864633466837966,0.2942018208344556,0.08876277323119303,0.7079138801879866,0.3746195822220127,0.5412667312049997,permute,0.995,3.381507173948269,6.840456444347545,2.5024886221556675,3.731496511098917,2.1375892530203275,0.6507236076832416,0.5621885376882714,0.6064560726857564,0,0.0,11.357066610803267,4
layerwise_hard_knee,81,47,16,16.0,proportional,5,2.660729062139838,0.16342678975598335,0.019105394045961767,2.43982;2.21721;1.94819;1.68146;1.41667;0.0224736;0.019895;0.0149666,0.2,900,900,False,0.1830816131095884,0.002506359465453819,0.011158771306956411,0.013329668658528453,0.15075445706069296,0.6201270860782018,5,0.029648195741702785,4,2.1005504128282673,3.906548069721331,0.12864633466837966,0.2942018208344556,0.08876277323119303,0.7079138801879866,0.3746195822220127,0.5412667312049997,permute,0.995,3.47996014935269,7.3484721711432,2.5370507591583413,4.072184754548067,2.1847899657252388,0.6669703343561476,0.5876578137804487,0.6273140740682981,0,0.0,12.11012248213275,5
layerwise_hard_knee,81,47,32,32.0,proportional,5,2.660729062139838,0.16342678975598335,0.019105394045961767,2.43982;2.21721;1.94819;1.68146;1.41667;0.0224736;0.019895;0.0149666,0.2,900,900,False,0.1830816131095884,0.002506359465453819,0.009464249229460151,0.011219183768991626,0.15453927058335654,0.6428489118672379,5,0.029648195741702785,4,2.1005504128282673,3.906548069721331,0.12864633466837966,0.2942018208344556,0.08876277323119303,0.7079138801879866,0.3746195822220127,0.5412667312049997,permute,0.995,3.5858518250482057,7.60405615937022,2.6560622406761674,4.140808765273251,2.2002560088766554,0.6808337732430345,0.5892497620666343,0.6350417676548343,0,0.0,12.858332938144406,5
