run,seed,task_family,scaling_mode,protocol_version,is_primary_scaling_mode,reference_alpha,scale_reference_rank,scale_at_reference_rank,target,predictor,n,spearman
transformer_publication_20260622T101458Z_associative_recall_seed101,101,associative_recall,fixed_update_scale,synthetic_transformer_publication_protocol_v4,True,16.0,4,4.0,near_best_rank_gap_0.1,effective_rank,10,-0.4817500061719821
transformer_publication_20260622T101458Z_associative_recall_seed101,101,associative_recall,fixed_update_scale,synthetic_transformer_publication_protocol_v4,True,16.0,4,4.0,near_best_rank_gap_0.1,stable_rank,10,-0.5012804118276031
transformer_publication_20260622T101458Z_associative_recall_seed101,101,associative_recall,fixed_update_scale,synthetic_transformer_publication_protocol_v4,True,16.0,4,4.0,near_best_rank_gap_0.1,hard_detectable_rank,10,-0.4851813709054481
transformer_publication_20260622T101458Z_associative_recall_seed101,101,associative_recall,fixed_update_scale,synthetic_transformer_publication_protocol_v4,True,16.0,4,4.0,near_best_rank_gap_0.1,soft_dimension,10,-0.4817500061719821
transformer_publication_20260622T101458Z_associative_recall_seed101,101,associative_recall,fixed_update_scale,synthetic_transformer_publication_protocol_v4,True,16.0,4,4.0,near_best_rank_gap_0.1,gradient_norm,10,-0.7291351444765134
transformer_publication_20260622T101458Z_associative_recall_seed101,101,associative_recall,fixed_update_scale,synthetic_transformer_publication_protocol_v4,True,16.0,4,4.0,near_best_rank_gap_0.1,frobenius,10,-0.7747060910062955
transformer_publication_20260622T101458Z_associative_recall_seed101,101,associative_recall,fixed_update_scale,synthetic_transformer_publication_protocol_v4,True,16.0,4,4.0,near_best_rank_gap_0.2,effective_rank,10,-0.6674238124719146
transformer_publication_20260622T101458Z_associative_recall_seed101,101,associative_recall,fixed_update_scale,synthetic_transformer_publication_protocol_v4,True,16.0,4,4.0,near_best_rank_gap_0.2,stable_rank,10,-0.7309879850882874
transformer_publication_20260622T101458Z_associative_recall_seed101,101,associative_recall,fixed_update_scale,synthetic_transformer_publication_protocol_v4,True,16.0,4,4.0,near_best_rank_gap_0.2,hard_detectable_rank,10,-0.6744004873337631
transformer_publication_20260622T101458Z_associative_recall_seed101,101,associative_recall,fixed_update_scale,synthetic_transformer_publication_protocol_v4,True,16.0,4,4.0,near_best_rank_gap_0.2,soft_dimension,10,-0.6674238124719146
transformer_publication_20260622T101458Z_associative_recall_seed101,101,associative_recall,fixed_update_scale,synthetic_transformer_publication_protocol_v4,True,16.0,4,4.0,near_best_rank_gap_0.2,gradient_norm,10,-0.6483545606870027
transformer_publication_20260622T101458Z_associative_recall_seed101,101,associative_recall,fixed_update_scale,synthetic_transformer_publication_protocol_v4,True,16.0,4,4.0,near_best_rank_gap_0.2,frobenius,10,-0.6483545606870027
transformer_publication_20260622T101458Z_associative_recall_seed101,101,associative_recall,fixed_update_scale,synthetic_transformer_publication_protocol_v4,True,16.0,4,4.0,recovery_rank_0.7,effective_rank,10,-0.7706746355884523
transformer_publication_20260622T101458Z_associative_recall_seed101,101,associative_recall,fixed_update_scale,synthetic_transformer_publication_protocol_v4,True,16.0,4,4.0,recovery_rank_0.7,stable_rank,10,-0.7706746355884523
transformer_publication_20260622T101458Z_associative_recall_seed101,101,associative_recall,fixed_update_scale,synthetic_transformer_publication_protocol_v4,True,16.0,4,4.0,recovery_rank_0.7,hard_detectable_rank,10,-0.7122536028727372
transformer_publication_20260622T101458Z_associative_recall_seed101,101,associative_recall,fixed_update_scale,synthetic_transformer_publication_protocol_v4,True,16.0,4,4.0,recovery_rank_0.7,soft_dimension,10,-0.7706746355884523
transformer_publication_20260622T101458Z_associative_recall_seed101,101,associative_recall,fixed_update_scale,synthetic_transformer_publication_protocol_v4,True,16.0,4,4.0,recovery_rank_0.7,gradient_norm,10,-0.8257228238447704
transformer_publication_20260622T101458Z_associative_recall_seed101,101,associative_recall,fixed_update_scale,synthetic_transformer_publication_protocol_v4,True,16.0,4,4.0,recovery_rank_0.7,frobenius,10,-0.8257228238447704
transformer_publication_20260622T101458Z_associative_recall_seed101,101,associative_recall,fixed_update_scale,synthetic_transformer_publication_protocol_v4,True,16.0,4,4.0,recovery_rank_0.8,effective_rank,10,-0.6674238124719146
transformer_publication_20260622T101458Z_associative_recall_seed101,101,associative_recall,fixed_update_scale,synthetic_transformer_publication_protocol_v4,True,16.0,4,4.0,recovery_rank_0.8,stable_rank,10,-0.7309879850882874
transformer_publication_20260622T101458Z_associative_recall_seed101,101,associative_recall,fixed_update_scale,synthetic_transformer_publication_protocol_v4,True,16.0,4,4.0,recovery_rank_0.8,hard_detectable_rank,10,-0.6744004873337631
transformer_publication_20260622T101458Z_associative_recall_seed101,101,associative_recall,fixed_update_scale,synthetic_transformer_publication_protocol_v4,True,16.0,4,4.0,recovery_rank_0.8,soft_dimension,10,-0.6674238124719146
transformer_publication_20260622T101458Z_associative_recall_seed101,101,associative_recall,fixed_update_scale,synthetic_transformer_publication_protocol_v4,True,16.0,4,4.0,recovery_rank_0.8,gradient_norm,10,-0.6483545606870027
transformer_publication_20260622T101458Z_associative_recall_seed101,101,associative_recall,fixed_update_scale,synthetic_transformer_publication_protocol_v4,True,16.0,4,4.0,recovery_rank_0.8,frobenius,10,-0.6483545606870027
transformer_publication_20260622T101458Z_associative_recall_seed101,101,associative_recall,fixed_update_scale,synthetic_transformer_publication_protocol_v4,True,16.0,4,4.0,penalized_rank_lambda_0.2,effective_rank,10,-0.5881992022553729
transformer_publication_20260622T101458Z_associative_recall_seed101,101,associative_recall,fixed_update_scale,synthetic_transformer_publication_protocol_v4,True,16.0,4,4.0,penalized_rank_lambda_0.2,stable_rank,10,-0.683349073208448
transformer_publication_20260622T101458Z_associative_recall_seed101,101,associative_recall,fixed_update_scale,synthetic_transformer_publication_protocol_v4,True,16.0,4,4.0,penalized_rank_lambda_0.2,hard_detectable_rank,10,-0.5595992805731808
transformer_publication_20260622T101458Z_associative_recall_seed101,101,associative_recall,fixed_update_scale,synthetic_transformer_publication_protocol_v4,True,16.0,4,4.0,penalized_rank_lambda_0.2,soft_dimension,10,-0.5881992022553729
transformer_publication_20260622T101458Z_associative_recall_seed101,101,associative_recall,fixed_update_scale,synthetic_transformer_publication_protocol_v4,True,16.0,4,4.0,penalized_rank_lambda_0.2,gradient_norm,10,-0.6227991553292184
transformer_publication_20260622T101458Z_associative_recall_seed101,101,associative_recall,fixed_update_scale,synthetic_transformer_publication_protocol_v4,True,16.0,4,4.0,penalized_rank_lambda_0.2,frobenius,10,-0.6227991553292184
transformer_publication_20260622T101458Z_associative_recall_seed101,101,associative_recall,fixed_update_scale,synthetic_transformer_publication_protocol_v4,True,16.0,4,4.0,penalized_rank_lambda_0.3,effective_rank,10,-0.6039900689052043
transformer_publication_20260622T101458Z_associative_recall_seed101,101,associative_recall,fixed_update_scale,synthetic_transformer_publication_protocol_v4,True,16.0,4,4.0,penalized_rank_lambda_0.3,stable_rank,10,-0.7382100842174719
transformer_publication_20260622T101458Z_associative_recall_seed101,101,associative_recall,fixed_update_scale,synthetic_transformer_publication_protocol_v4,True,16.0,4,4.0,penalized_rank_lambda_0.3,hard_detectable_rank,10,-0.586597196295529
transformer_publication_20260622T101458Z_associative_recall_seed101,101,associative_recall,fixed_update_scale,synthetic_transformer_publication_protocol_v4,True,16.0,4,4.0,penalized_rank_lambda_0.3,soft_dimension,10,-0.6039900689052043
transformer_publication_20260622T101458Z_associative_recall_seed101,101,associative_recall,fixed_update_scale,synthetic_transformer_publication_protocol_v4,True,16.0,4,4.0,penalized_rank_lambda_0.3,gradient_norm,10,-0.5145100586970259
transformer_publication_20260622T101458Z_associative_recall_seed101,101,associative_recall,fixed_update_scale,synthetic_transformer_publication_protocol_v4,True,16.0,4,4.0,penalized_rank_lambda_0.3,frobenius,10,-0.5145100586970259
transformer_publication_20260622T101458Z_associative_recall_seed101,101,associative_recall,rslora,synthetic_transformer_publication_protocol_v4,False,16.0,4,4.0,near_best_rank_gap_0.1,effective_rank,10,-0.4978113015531316
transformer_publication_20260622T101458Z_associative_recall_seed101,101,associative_recall,rslora,synthetic_transformer_publication_protocol_v4,False,16.0,4,4.0,near_best_rank_gap_0.1,stable_rank,10,-0.5624621199366552
transformer_publication_20260622T101458Z_associative_recall_seed101,101,associative_recall,rslora,synthetic_transformer_publication_protocol_v4,False,16.0,4,4.0,near_best_rank_gap_0.1,hard_detectable_rank,10,-0.4717856808087877
transformer_publication_20260622T101458Z_associative_recall_seed101,101,associative_recall,rslora,synthetic_transformer_publication_protocol_v4,False,16.0,4,4.0,near_best_rank_gap_0.1,soft_dimension,10,-0.4978113015531316
transformer_publication_20260622T101458Z_associative_recall_seed101,101,associative_recall,rslora,synthetic_transformer_publication_protocol_v4,False,16.0,4,4.0,near_best_rank_gap_0.1,gradient_norm,10,-0.6012526109667694
transformer_publication_20260622T101458Z_associative_recall_seed101,101,associative_recall,rslora,synthetic_transformer_publication_protocol_v4,False,16.0,4,4.0,near_best_rank_gap_0.1,frobenius,10,-0.6529732656735883
transformer_publication_20260622T101458Z_associative_recall_seed101,101,associative_recall,rslora,synthetic_transformer_publication_protocol_v4,False,16.0,4,4.0,near_best_rank_gap_0.2,effective_rank,10,-0.6640337922911105
transformer_publication_20260622T101458Z_associative_recall_seed101,101,associative_recall,rslora,synthetic_transformer_publication_protocol_v4,False,16.0,4,4.0,near_best_rank_gap_0.2,stable_rank,10,-0.7747060910062955
transformer_publication_20260622T101458Z_associative_recall_seed101,101,associative_recall,rslora,synthetic_transformer_publication_protocol_v4,False,16.0,4,4.0,near_best_rank_gap_0.2,hard_detectable_rank,10,-0.5997380834803455
transformer_publication_20260622T101458Z_associative_recall_seed101,101,associative_recall,rslora,synthetic_transformer_publication_protocol_v4,False,16.0,4,4.0,near_best_rank_gap_0.2,soft_dimension,10,-0.6640337922911105
transformer_publication_20260622T101458Z_associative_recall_seed101,101,associative_recall,rslora,synthetic_transformer_publication_protocol_v4,False,16.0,4,4.0,near_best_rank_gap_0.2,gradient_norm,10,-0.6510135218540299
transformer_publication_20260622T101458Z_associative_recall_seed101,101,associative_recall,rslora,synthetic_transformer_publication_protocol_v4,False,16.0,4,4.0,near_best_rank_gap_0.2,frobenius,10,-0.6510135218540299
transformer_publication_20260622T101458Z_associative_recall_seed101,101,associative_recall,rslora,synthetic_transformer_publication_protocol_v4,False,16.0,4,4.0,recovery_rank_0.7,effective_rank,10,-0.7817359599705715
transformer_publication_20260622T101458Z_associative_recall_seed101,101,associative_recall,rslora,synthetic_transformer_publication_protocol_v4,False,16.0,4,4.0,recovery_rank_0.7,stable_rank,10,-0.7817359599705715
transformer_publication_20260622T101458Z_associative_recall_seed101,101,associative_recall,rslora,synthetic_transformer_publication_protocol_v4,False,16.0,4,4.0,recovery_rank_0.7,hard_detectable_rank,10,-0.7723929758166558
transformer_publication_20260622T101458Z_associative_recall_seed101,101,associative_recall,rslora,synthetic_transformer_publication_protocol_v4,False,16.0,4,4.0,recovery_rank_0.7,soft_dimension,10,-0.7817359599705715
transformer_publication_20260622T101458Z_associative_recall_seed101,101,associative_recall,rslora,synthetic_transformer_publication_protocol_v4,False,16.0,4,4.0,recovery_rank_0.7,gradient_norm,10,-0.8528028654224415
transformer_publication_20260622T101458Z_associative_recall_seed101,101,associative_recall,rslora,synthetic_transformer_publication_protocol_v4,False,16.0,4,4.0,recovery_rank_0.7,frobenius,10,-0.8528028654224415
transformer_publication_20260622T101458Z_associative_recall_seed101,101,associative_recall,rslora,synthetic_transformer_publication_protocol_v4,False,16.0,4,4.0,recovery_rank_0.8,effective_rank,10,-0.6640337922911105
transformer_publication_20260622T101458Z_associative_recall_seed101,101,associative_recall,rslora,synthetic_transformer_publication_protocol_v4,False,16.0,4,4.0,recovery_rank_0.8,stable_rank,10,-0.7747060910062955
transformer_publication_20260622T101458Z_associative_recall_seed101,101,associative_recall,rslora,synthetic_transformer_publication_protocol_v4,False,16.0,4,4.0,recovery_rank_0.8,hard_detectable_rank,10,-0.5997380834803455
transformer_publication_20260622T101458Z_associative_recall_seed101,101,associative_recall,rslora,synthetic_transformer_publication_protocol_v4,False,16.0,4,4.0,recovery_rank_0.8,soft_dimension,10,-0.6640337922911105
transformer_publication_20260622T101458Z_associative_recall_seed101,101,associative_recall,rslora,synthetic_transformer_publication_protocol_v4,False,16.0,4,4.0,recovery_rank_0.8,gradient_norm,10,-0.6510135218540299
transformer_publication_20260622T101458Z_associative_recall_seed101,101,associative_recall,rslora,synthetic_transformer_publication_protocol_v4,False,16.0,4,4.0,recovery_rank_0.8,frobenius,10,-0.6510135218540299
transformer_publication_20260622T101458Z_associative_recall_seed101,101,associative_recall,rslora,synthetic_transformer_publication_protocol_v4,False,16.0,4,4.0,penalized_rank_lambda_0.2,effective_rank,10,-0.6092717958449423
transformer_publication_20260622T101458Z_associative_recall_seed101,101,associative_recall,rslora,synthetic_transformer_publication_protocol_v4,False,16.0,4,4.0,penalized_rank_lambda_0.2,stable_rank,10,-0.6963106238227913
transformer_publication_20260622T101458Z_associative_recall_seed101,101,associative_recall,rslora,synthetic_transformer_publication_protocol_v4,False,16.0,4,4.0,penalized_rank_lambda_0.2,hard_detectable_rank,10,-0.5856093507521133
transformer_publication_20260622T101458Z_associative_recall_seed101,101,associative_recall,rslora,synthetic_transformer_publication_protocol_v4,False,16.0,4,4.0,penalized_rank_lambda_0.2,soft_dimension,10,-0.6092717958449423
transformer_publication_20260622T101458Z_associative_recall_seed101,101,associative_recall,rslora,synthetic_transformer_publication_protocol_v4,False,16.0,4,4.0,penalized_rank_lambda_0.2,gradient_norm,10,-0.6092717958449423
transformer_publication_20260622T101458Z_associative_recall_seed101,101,associative_recall,rslora,synthetic_transformer_publication_protocol_v4,False,16.0,4,4.0,penalized_rank_lambda_0.2,frobenius,10,-0.6092717958449423
transformer_publication_20260622T101458Z_associative_recall_seed101,101,associative_recall,rslora,synthetic_transformer_publication_protocol_v4,False,16.0,4,4.0,penalized_rank_lambda_0.3,effective_rank,10,-0.3520821503974709
transformer_publication_20260622T101458Z_associative_recall_seed101,101,associative_recall,rslora,synthetic_transformer_publication_protocol_v4,False,16.0,4,4.0,penalized_rank_lambda_0.3,stable_rank,10,-0.4794310133071944
transformer_publication_20260622T101458Z_associative_recall_seed101,101,associative_recall,rslora,synthetic_transformer_publication_protocol_v4,False,16.0,4,4.0,penalized_rank_lambda_0.3,hard_detectable_rank,10,-0.3683166666160614
transformer_publication_20260622T101458Z_associative_recall_seed101,101,associative_recall,rslora,synthetic_transformer_publication_protocol_v4,False,16.0,4,4.0,penalized_rank_lambda_0.3,soft_dimension,10,-0.3520821503974709
transformer_publication_20260622T101458Z_associative_recall_seed101,101,associative_recall,rslora,synthetic_transformer_publication_protocol_v4,False,16.0,4,4.0,penalized_rank_lambda_0.3,gradient_norm,10,-0.2696799449852968
transformer_publication_20260622T101458Z_associative_recall_seed101,101,associative_recall,rslora,synthetic_transformer_publication_protocol_v4,False,16.0,4,4.0,penalized_rank_lambda_0.3,frobenius,10,-0.2696799449852968
transformer_publication_20260622T101458Z_associative_recall_seed101,101,associative_recall,standard,synthetic_transformer_publication_protocol_v4,False,16.0,4,4.0,near_best_rank_gap_0.1,effective_rank,10,-0.4978113015531316
transformer_publication_20260622T101458Z_associative_recall_seed101,101,associative_recall,standard,synthetic_transformer_publication_protocol_v4,False,16.0,4,4.0,near_best_rank_gap_0.1,stable_rank,10,-0.5624621199366552
transformer_publication_20260622T101458Z_associative_recall_seed101,101,associative_recall,standard,synthetic_transformer_publication_protocol_v4,False,16.0,4,4.0,near_best_rank_gap_0.1,hard_detectable_rank,10,-0.4717856808087877
transformer_publication_20260622T101458Z_associative_recall_seed101,101,associative_recall,standard,synthetic_transformer_publication_protocol_v4,False,16.0,4,4.0,near_best_rank_gap_0.1,soft_dimension,10,-0.4978113015531316
transformer_publication_20260622T101458Z_associative_recall_seed101,101,associative_recall,standard,synthetic_transformer_publication_protocol_v4,False,16.0,4,4.0,near_best_rank_gap_0.1,gradient_norm,10,-0.6012526109667694
transformer_publication_20260622T101458Z_associative_recall_seed101,101,associative_recall,standard,synthetic_transformer_publication_protocol_v4,False,16.0,4,4.0,near_best_rank_gap_0.1,frobenius,10,-0.6529732656735883
transformer_publication_20260622T101458Z_associative_recall_seed101,101,associative_recall,standard,synthetic_transformer_publication_protocol_v4,False,16.0,4,4.0,near_best_rank_gap_0.2,effective_rank,10,-0.891888524940021
transformer_publication_20260622T101458Z_associative_recall_seed101,101,associative_recall,standard,synthetic_transformer_publication_protocol_v4,False,16.0,4,4.0,near_best_rank_gap_0.2,stable_rank,10,-0.9114189305956418
transformer_publication_20260622T101458Z_associative_recall_seed101,101,associative_recall,standard,synthetic_transformer_publication_protocol_v4,False,16.0,4,4.0,near_best_rank_gap_0.2,hard_detectable_rank,10,-0.8591753443117309
transformer_publication_20260622T101458Z_associative_recall_seed101,101,associative_recall,standard,synthetic_transformer_publication_protocol_v4,False,16.0,4,4.0,near_best_rank_gap_0.2,soft_dimension,10,-0.891888524940021
transformer_publication_20260622T101458Z_associative_recall_seed101,101,associative_recall,standard,synthetic_transformer_publication_protocol_v4,False,16.0,4,4.0,near_best_rank_gap_0.2,gradient_norm,10,-0.7421554149135942
transformer_publication_20260622T101458Z_associative_recall_seed101,101,associative_recall,standard,synthetic_transformer_publication_protocol_v4,False,16.0,4,4.0,near_best_rank_gap_0.2,frobenius,10,-0.6965844683838119
transformer_publication_20260622T101458Z_associative_recall_seed101,101,associative_recall,standard,synthetic_transformer_publication_protocol_v4,False,16.0,4,4.0,recovery_rank_0.7,effective_rank,10,-0.7559607605403017
transformer_publication_20260622T101458Z_associative_recall_seed101,101,associative_recall,standard,synthetic_transformer_publication_protocol_v4,False,16.0,4,4.0,recovery_rank_0.7,stable_rank,10,-0.7837024398261844
transformer_publication_20260622T101458Z_associative_recall_seed101,101,associative_recall,standard,synthetic_transformer_publication_protocol_v4,False,16.0,4,4.0,recovery_rank_0.7,hard_detectable_rank,10,-0.7358312576004944
transformer_publication_20260622T101458Z_associative_recall_seed101,101,associative_recall,standard,synthetic_transformer_publication_protocol_v4,False,16.0,4,4.0,recovery_rank_0.7,soft_dimension,10,-0.7559607605403017
transformer_publication_20260622T101458Z_associative_recall_seed101,101,associative_recall,standard,synthetic_transformer_publication_protocol_v4,False,16.0,4,4.0,recovery_rank_0.7,gradient_norm,10,-0.873862897505303
transformer_publication_20260622T101458Z_associative_recall_seed101,101,associative_recall,standard,synthetic_transformer_publication_protocol_v4,False,16.0,4,4.0,recovery_rank_0.7,frobenius,10,-0.873862897505303
transformer_publication_20260622T101458Z_associative_recall_seed101,101,associative_recall,standard,synthetic_transformer_publication_protocol_v4,False,16.0,4,4.0,recovery_rank_0.8,effective_rank,10,-0.891888524940021
transformer_publication_20260622T101458Z_associative_recall_seed101,101,associative_recall,standard,synthetic_transformer_publication_protocol_v4,False,16.0,4,4.0,recovery_rank_0.8,stable_rank,10,-0.9114189305956418
transformer_publication_20260622T101458Z_associative_recall_seed101,101,associative_recall,standard,synthetic_transformer_publication_protocol_v4,False,16.0,4,4.0,recovery_rank_0.8,hard_detectable_rank,10,-0.8591753443117309
transformer_publication_20260622T101458Z_associative_recall_seed101,101,associative_recall,standard,synthetic_transformer_publication_protocol_v4,False,16.0,4,4.0,recovery_rank_0.8,soft_dimension,10,-0.891888524940021
transformer_publication_20260622T101458Z_associative_recall_seed101,101,associative_recall,standard,synthetic_transformer_publication_protocol_v4,False,16.0,4,4.0,recovery_rank_0.8,gradient_norm,10,-0.7421554149135942
transformer_publication_20260622T101458Z_associative_recall_seed101,101,associative_recall,standard,synthetic_transformer_publication_protocol_v4,False,16.0,4,4.0,recovery_rank_0.8,frobenius,10,-0.6965844683838119
transformer_publication_20260622T101458Z_associative_recall_seed101,101,associative_recall,standard,synthetic_transformer_publication_protocol_v4,False,16.0,4,4.0,penalized_rank_lambda_0.2,effective_rank,10,-0.6039900689052043
transformer_publication_20260622T101458Z_associative_recall_seed101,101,associative_recall,standard,synthetic_transformer_publication_protocol_v4,False,16.0,4,4.0,penalized_rank_lambda_0.2,stable_rank,10,-0.7382100842174719
transformer_publication_20260622T101458Z_associative_recall_seed101,101,associative_recall,standard,synthetic_transformer_publication_protocol_v4,False,16.0,4,4.0,penalized_rank_lambda_0.2,hard_detectable_rank,10,-0.586597196295529
transformer_publication_20260622T101458Z_associative_recall_seed101,101,associative_recall,standard,synthetic_transformer_publication_protocol_v4,False,16.0,4,4.0,penalized_rank_lambda_0.2,soft_dimension,10,-0.6039900689052043
transformer_publication_20260622T101458Z_associative_recall_seed101,101,associative_recall,standard,synthetic_transformer_publication_protocol_v4,False,16.0,4,4.0,penalized_rank_lambda_0.2,gradient_norm,10,-0.5145100586970259
transformer_publication_20260622T101458Z_associative_recall_seed101,101,associative_recall,standard,synthetic_transformer_publication_protocol_v4,False,16.0,4,4.0,penalized_rank_lambda_0.2,frobenius,10,-0.5145100586970259
transformer_publication_20260622T101458Z_associative_recall_seed101,101,associative_recall,standard,synthetic_transformer_publication_protocol_v4,False,16.0,4,4.0,penalized_rank_lambda_0.3,effective_rank,10,-0.3520821503974709
transformer_publication_20260622T101458Z_associative_recall_seed101,101,associative_recall,standard,synthetic_transformer_publication_protocol_v4,False,16.0,4,4.0,penalized_rank_lambda_0.3,stable_rank,10,-0.4794310133071944
transformer_publication_20260622T101458Z_associative_recall_seed101,101,associative_recall,standard,synthetic_transformer_publication_protocol_v4,False,16.0,4,4.0,penalized_rank_lambda_0.3,hard_detectable_rank,10,-0.3683166666160614
transformer_publication_20260622T101458Z_associative_recall_seed101,101,associative_recall,standard,synthetic_transformer_publication_protocol_v4,False,16.0,4,4.0,penalized_rank_lambda_0.3,soft_dimension,10,-0.3520821503974709
transformer_publication_20260622T101458Z_associative_recall_seed101,101,associative_recall,standard,synthetic_transformer_publication_protocol_v4,False,16.0,4,4.0,penalized_rank_lambda_0.3,gradient_norm,10,-0.2696799449852968
transformer_publication_20260622T101458Z_associative_recall_seed101,101,associative_recall,standard,synthetic_transformer_publication_protocol_v4,False,16.0,4,4.0,penalized_rank_lambda_0.3,frobenius,10,-0.2696799449852968
transformer_publication_20260622T101458Z_associative_recall_seed103,103,associative_recall,fixed_update_scale,synthetic_transformer_publication_protocol_v4,True,16.0,4,4.0,near_best_rank_gap_0.1,effective_rank,10,-0.6292532049656926
transformer_publication_20260622T101458Z_associative_recall_seed103,103,associative_recall,fixed_update_scale,synthetic_transformer_publication_protocol_v4,True,16.0,4,4.0,near_best_rank_gap_0.1,stable_rank,10,-0.674199862463242
transformer_publication_20260622T101458Z_associative_recall_seed103,103,associative_recall,fixed_update_scale,synthetic_transformer_publication_protocol_v4,True,16.0,4,4.0,near_best_rank_gap_0.1,hard_detectable_rank,10,-0.5854176415908414
transformer_publication_20260622T101458Z_associative_recall_seed103,103,associative_recall,fixed_update_scale,synthetic_transformer_publication_protocol_v4,True,16.0,4,4.0,near_best_rank_gap_0.1,soft_dimension,10,-0.6292532049656926
transformer_publication_20260622T101458Z_associative_recall_seed103,103,associative_recall,fixed_update_scale,synthetic_transformer_publication_protocol_v4,True,16.0,4,4.0,near_best_rank_gap_0.1,gradient_norm,10,-0.6485160581789281
transformer_publication_20260622T101458Z_associative_recall_seed103,103,associative_recall,fixed_update_scale,synthetic_transformer_publication_protocol_v4,True,16.0,4,4.0,near_best_rank_gap_0.1,frobenius,10,-0.6485160581789281
transformer_publication_20260622T101458Z_associative_recall_seed103,103,associative_recall,fixed_update_scale,synthetic_transformer_publication_protocol_v4,True,16.0,4,4.0,near_best_rank_gap_0.2,effective_rank,10,-0.687041764605399
transformer_publication_20260622T101458Z_associative_recall_seed103,103,associative_recall,fixed_update_scale,synthetic_transformer_publication_protocol_v4,True,16.0,4,4.0,near_best_rank_gap_0.2,stable_rank,10,-0.6420951071078496
transformer_publication_20260622T101458Z_associative_recall_seed103,103,associative_recall,fixed_update_scale,synthetic_transformer_publication_protocol_v4,True,16.0,4,4.0,near_best_rank_gap_0.2,hard_detectable_rank,10,-0.6639093924186636
transformer_publication_20260622T101458Z_associative_recall_seed103,103,associative_recall,fixed_update_scale,synthetic_transformer_publication_protocol_v4,True,16.0,4,4.0,near_best_rank_gap_0.2,soft_dimension,10,-0.687041764605399
transformer_publication_20260622T101458Z_associative_recall_seed103,103,associative_recall,fixed_update_scale,synthetic_transformer_publication_protocol_v4,True,16.0,4,4.0,near_best_rank_gap_0.2,gradient_norm,10,-0.674199862463242
transformer_publication_20260622T101458Z_associative_recall_seed103,103,associative_recall,fixed_update_scale,synthetic_transformer_publication_protocol_v4,True,16.0,4,4.0,near_best_rank_gap_0.2,frobenius,10,-0.674199862463242
transformer_publication_20260622T101458Z_associative_recall_seed103,103,associative_recall,fixed_update_scale,synthetic_transformer_publication_protocol_v4,True,16.0,4,4.0,recovery_rank_0.7,effective_rank,10,-0.8183795389335375
transformer_publication_20260622T101458Z_associative_recall_seed103,103,associative_recall,fixed_update_scale,synthetic_transformer_publication_protocol_v4,True,16.0,4,4.0,recovery_rank_0.7,stable_rank,10,-0.8183795389335375
transformer_publication_20260622T101458Z_associative_recall_seed103,103,associative_recall,fixed_update_scale,synthetic_transformer_publication_protocol_v4,True,16.0,4,4.0,recovery_rank_0.7,hard_detectable_rank,10,-0.8901981971385244
transformer_publication_20260622T101458Z_associative_recall_seed103,103,associative_recall,fixed_update_scale,synthetic_transformer_publication_protocol_v4,True,16.0,4,4.0,recovery_rank_0.7,soft_dimension,10,-0.8183795389335375
transformer_publication_20260622T101458Z_associative_recall_seed103,103,associative_recall,fixed_update_scale,synthetic_transformer_publication_protocol_v4,True,16.0,4,4.0,recovery_rank_0.7,gradient_norm,10,-0.873862897505303
transformer_publication_20260622T101458Z_associative_recall_seed103,103,associative_recall,fixed_update_scale,synthetic_transformer_publication_protocol_v4,True,16.0,4,4.0,recovery_rank_0.7,frobenius,10,-0.873862897505303
transformer_publication_20260622T101458Z_associative_recall_seed103,103,associative_recall,fixed_update_scale,synthetic_transformer_publication_protocol_v4,True,16.0,4,4.0,recovery_rank_0.8,effective_rank,10,-0.687041764605399
transformer_publication_20260622T101458Z_associative_recall_seed103,103,associative_recall,fixed_update_scale,synthetic_transformer_publication_protocol_v4,True,16.0,4,4.0,recovery_rank_0.8,stable_rank,10,-0.6420951071078496
transformer_publication_20260622T101458Z_associative_recall_seed103,103,associative_recall,fixed_update_scale,synthetic_transformer_publication_protocol_v4,True,16.0,4,4.0,recovery_rank_0.8,hard_detectable_rank,10,-0.6639093924186636
transformer_publication_20260622T101458Z_associative_recall_seed103,103,associative_recall,fixed_update_scale,synthetic_transformer_publication_protocol_v4,True,16.0,4,4.0,recovery_rank_0.8,soft_dimension,10,-0.687041764605399
transformer_publication_20260622T101458Z_associative_recall_seed103,103,associative_recall,fixed_update_scale,synthetic_transformer_publication_protocol_v4,True,16.0,4,4.0,recovery_rank_0.8,gradient_norm,10,-0.674199862463242
transformer_publication_20260622T101458Z_associative_recall_seed103,103,associative_recall,fixed_update_scale,synthetic_transformer_publication_protocol_v4,True,16.0,4,4.0,recovery_rank_0.8,frobenius,10,-0.674199862463242
transformer_publication_20260622T101458Z_associative_recall_seed103,103,associative_recall,fixed_update_scale,synthetic_transformer_publication_protocol_v4,True,16.0,4,4.0,penalized_rank_lambda_0.2,effective_rank,10,-0.8528028654224415
transformer_publication_20260622T101458Z_associative_recall_seed103,103,associative_recall,fixed_update_scale,synthetic_transformer_publication_protocol_v4,True,16.0,4,4.0,penalized_rank_lambda_0.2,stable_rank,10,-0.8528028654224415
transformer_publication_20260622T101458Z_associative_recall_seed103,103,associative_recall,fixed_update_scale,synthetic_transformer_publication_protocol_v4,True,16.0,4,4.0,penalized_rank_lambda_0.2,hard_detectable_rank,10,-0.8687444855261388
transformer_publication_20260622T101458Z_associative_recall_seed103,103,associative_recall,fixed_update_scale,synthetic_transformer_publication_protocol_v4,True,16.0,4,4.0,penalized_rank_lambda_0.2,soft_dimension,10,-0.8528028654224415
transformer_publication_20260622T101458Z_associative_recall_seed103,103,associative_recall,fixed_update_scale,synthetic_transformer_publication_protocol_v4,True,16.0,4,4.0,penalized_rank_lambda_0.2,gradient_norm,10,-0.8528028654224415
transformer_publication_20260622T101458Z_associative_recall_seed103,103,associative_recall,fixed_update_scale,synthetic_transformer_publication_protocol_v4,True,16.0,4,4.0,penalized_rank_lambda_0.2,frobenius,10,-0.8528028654224415
transformer_publication_20260622T101458Z_associative_recall_seed103,103,associative_recall,fixed_update_scale,synthetic_transformer_publication_protocol_v4,True,16.0,4,4.0,penalized_rank_lambda_0.3,effective_rank,10,-0.6447926610605735
transformer_publication_20260622T101458Z_associative_recall_seed103,103,associative_recall,fixed_update_scale,synthetic_transformer_publication_protocol_v4,True,16.0,4,4.0,penalized_rank_lambda_0.3,stable_rank,10,-0.6447926610605735
transformer_publication_20260622T101458Z_associative_recall_seed103,103,associative_recall,fixed_update_scale,synthetic_transformer_publication_protocol_v4,True,16.0,4,4.0,penalized_rank_lambda_0.3,hard_detectable_rank,10,-0.4557706268844427
transformer_publication_20260622T101458Z_associative_recall_seed103,103,associative_recall,fixed_update_scale,synthetic_transformer_publication_protocol_v4,True,16.0,4,4.0,penalized_rank_lambda_0.3,soft_dimension,10,-0.6447926610605735
transformer_publication_20260622T101458Z_associative_recall_seed103,103,associative_recall,fixed_update_scale,synthetic_transformer_publication_protocol_v4,True,16.0,4,4.0,penalized_rank_lambda_0.3,gradient_norm,10,-0.3947710169758613
transformer_publication_20260622T101458Z_associative_recall_seed103,103,associative_recall,fixed_update_scale,synthetic_transformer_publication_protocol_v4,True,16.0,4,4.0,penalized_rank_lambda_0.3,frobenius,10,-0.3947710169758613
transformer_publication_20260622T101458Z_associative_recall_seed103,103,associative_recall,rslora,synthetic_transformer_publication_protocol_v4,False,16.0,4,4.0,near_best_rank_gap_0.1,effective_rank,10,-0.763223966153332
transformer_publication_20260622T101458Z_associative_recall_seed103,103,associative_recall,rslora,synthetic_transformer_publication_protocol_v4,False,16.0,4,4.0,near_best_rank_gap_0.1,stable_rank,10,-0.8158601017501135
transformer_publication_20260622T101458Z_associative_recall_seed103,103,associative_recall,rslora,synthetic_transformer_publication_protocol_v4,False,16.0,4,4.0,near_best_rank_gap_0.1,hard_detectable_rank,10,-0.7037634679833308
transformer_publication_20260622T101458Z_associative_recall_seed103,103,associative_recall,rslora,synthetic_transformer_publication_protocol_v4,False,16.0,4,4.0,near_best_rank_gap_0.1,soft_dimension,10,-0.763223966153332
transformer_publication_20260622T101458Z_associative_recall_seed103,103,associative_recall,rslora,synthetic_transformer_publication_protocol_v4,False,16.0,4,4.0,near_best_rank_gap_0.1,gradient_norm,10,-0.6842697627581598
transformer_publication_20260622T101458Z_associative_recall_seed103,103,associative_recall,rslora,synthetic_transformer_publication_protocol_v4,False,16.0,4,4.0,near_best_rank_gap_0.1,frobenius,10,-0.6842697627581598
transformer_publication_20260622T101458Z_associative_recall_seed103,103,associative_recall,rslora,synthetic_transformer_publication_protocol_v4,False,16.0,4,4.0,near_best_rank_gap_0.2,effective_rank,10,-0.6487491201346024
transformer_publication_20260622T101458Z_associative_recall_seed103,103,associative_recall,rslora,synthetic_transformer_publication_protocol_v4,False,16.0,4,4.0,near_best_rank_gap_0.2,stable_rank,10,-0.5968491905238342
transformer_publication_20260622T101458Z_associative_recall_seed103,103,associative_recall,rslora,synthetic_transformer_publication_protocol_v4,False,16.0,4,4.0,near_best_rank_gap_0.2,hard_detectable_rank,10,-0.5683536364313366
transformer_publication_20260622T101458Z_associative_recall_seed103,103,associative_recall,rslora,synthetic_transformer_publication_protocol_v4,False,16.0,4,4.0,near_best_rank_gap_0.2,soft_dimension,10,-0.6487491201346024
transformer_publication_20260622T101458Z_associative_recall_seed103,103,associative_recall,rslora,synthetic_transformer_publication_protocol_v4,False,16.0,4,4.0,near_best_rank_gap_0.2,gradient_norm,10,-0.5838742081211422
transformer_publication_20260622T101458Z_associative_recall_seed103,103,associative_recall,rslora,synthetic_transformer_publication_protocol_v4,False,16.0,4,4.0,near_best_rank_gap_0.2,frobenius,10,-0.5838742081211422
transformer_publication_20260622T101458Z_associative_recall_seed103,103,associative_recall,rslora,synthetic_transformer_publication_protocol_v4,False,16.0,4,4.0,recovery_rank_0.7,effective_rank,10,-0.5393598899705937
transformer_publication_20260622T101458Z_associative_recall_seed103,103,associative_recall,rslora,synthetic_transformer_publication_protocol_v4,False,16.0,4,4.0,recovery_rank_0.7,stable_rank,10,-0.5393598899705937
transformer_publication_20260622T101458Z_associative_recall_seed103,103,associative_recall,rslora,synthetic_transformer_publication_protocol_v4,False,16.0,4,4.0,recovery_rank_0.7,hard_detectable_rank,10,-0.6639093924186636
transformer_publication_20260622T101458Z_associative_recall_seed103,103,associative_recall,rslora,synthetic_transformer_publication_protocol_v4,False,16.0,4,4.0,recovery_rank_0.7,soft_dimension,10,-0.5393598899705937
transformer_publication_20260622T101458Z_associative_recall_seed103,103,associative_recall,rslora,synthetic_transformer_publication_protocol_v4,False,16.0,4,4.0,recovery_rank_0.7,gradient_norm,10,-0.7416198487095663
transformer_publication_20260622T101458Z_associative_recall_seed103,103,associative_recall,rslora,synthetic_transformer_publication_protocol_v4,False,16.0,4,4.0,recovery_rank_0.7,frobenius,10,-0.7416198487095663
transformer_publication_20260622T101458Z_associative_recall_seed103,103,associative_recall,rslora,synthetic_transformer_publication_protocol_v4,False,16.0,4,4.0,recovery_rank_0.8,effective_rank,10,-0.6487491201346024
transformer_publication_20260622T101458Z_associative_recall_seed103,103,associative_recall,rslora,synthetic_transformer_publication_protocol_v4,False,16.0,4,4.0,recovery_rank_0.8,stable_rank,10,-0.5968491905238342
transformer_publication_20260622T101458Z_associative_recall_seed103,103,associative_recall,rslora,synthetic_transformer_publication_protocol_v4,False,16.0,4,4.0,recovery_rank_0.8,hard_detectable_rank,10,-0.5683536364313366
transformer_publication_20260622T101458Z_associative_recall_seed103,103,associative_recall,rslora,synthetic_transformer_publication_protocol_v4,False,16.0,4,4.0,recovery_rank_0.8,soft_dimension,10,-0.6487491201346024
transformer_publication_20260622T101458Z_associative_recall_seed103,103,associative_recall,rslora,synthetic_transformer_publication_protocol_v4,False,16.0,4,4.0,recovery_rank_0.8,gradient_norm,10,-0.5838742081211422
transformer_publication_20260622T101458Z_associative_recall_seed103,103,associative_recall,rslora,synthetic_transformer_publication_protocol_v4,False,16.0,4,4.0,recovery_rank_0.8,frobenius,10,-0.5838742081211422
transformer_publication_20260622T101458Z_associative_recall_seed103,103,associative_recall,rslora,synthetic_transformer_publication_protocol_v4,False,16.0,4,4.0,penalized_rank_lambda_0.2,effective_rank,10,-0.7977240352174656
transformer_publication_20260622T101458Z_associative_recall_seed103,103,associative_recall,rslora,synthetic_transformer_publication_protocol_v4,False,16.0,4,4.0,penalized_rank_lambda_0.2,stable_rank,10,-0.7977240352174656
transformer_publication_20260622T101458Z_associative_recall_seed103,103,associative_recall,rslora,synthetic_transformer_publication_protocol_v4,False,16.0,4,4.0,penalized_rank_lambda_0.2,hard_detectable_rank,10,-0.6578482353011438
transformer_publication_20260622T101458Z_associative_recall_seed103,103,associative_recall,rslora,synthetic_transformer_publication_protocol_v4,False,16.0,4,4.0,penalized_rank_lambda_0.2,soft_dimension,10,-0.7977240352174656
transformer_publication_20260622T101458Z_associative_recall_seed103,103,associative_recall,rslora,synthetic_transformer_publication_protocol_v4,False,16.0,4,4.0,penalized_rank_lambda_0.2,gradient_norm,10,-0.5698028822981897
transformer_publication_20260622T101458Z_associative_recall_seed103,103,associative_recall,rslora,synthetic_transformer_publication_protocol_v4,False,16.0,4,4.0,penalized_rank_lambda_0.2,frobenius,10,-0.5698028822981897
transformer_publication_20260622T101458Z_associative_recall_seed103,103,associative_recall,rslora,synthetic_transformer_publication_protocol_v4,False,16.0,4,4.0,penalized_rank_lambda_0.3,effective_rank,10,-0.6447926610605735
transformer_publication_20260622T101458Z_associative_recall_seed103,103,associative_recall,rslora,synthetic_transformer_publication_protocol_v4,False,16.0,4,4.0,penalized_rank_lambda_0.3,stable_rank,10,-0.6447926610605735
transformer_publication_20260622T101458Z_associative_recall_seed103,103,associative_recall,rslora,synthetic_transformer_publication_protocol_v4,False,16.0,4,4.0,penalized_rank_lambda_0.3,hard_detectable_rank,10,-0.4557706268844427
transformer_publication_20260622T101458Z_associative_recall_seed103,103,associative_recall,rslora,synthetic_transformer_publication_protocol_v4,False,16.0,4,4.0,penalized_rank_lambda_0.3,soft_dimension,10,-0.6447926610605735
transformer_publication_20260622T101458Z_associative_recall_seed103,103,associative_recall,rslora,synthetic_transformer_publication_protocol_v4,False,16.0,4,4.0,penalized_rank_lambda_0.3,gradient_norm,10,-0.3947710169758613
transformer_publication_20260622T101458Z_associative_recall_seed103,103,associative_recall,rslora,synthetic_transformer_publication_protocol_v4,False,16.0,4,4.0,penalized_rank_lambda_0.3,frobenius,10,-0.3947710169758613
transformer_publication_20260622T101458Z_associative_recall_seed103,103,associative_recall,standard,synthetic_transformer_publication_protocol_v4,False,16.0,4,4.0,near_best_rank_gap_0.1,effective_rank,10,-0.565721136285718
transformer_publication_20260622T101458Z_associative_recall_seed103,103,associative_recall,standard,synthetic_transformer_publication_protocol_v4,False,16.0,4,4.0,near_best_rank_gap_0.1,stable_rank,10,-0.6356417261637282
transformer_publication_20260622T101458Z_associative_recall_seed103,103,associative_recall,standard,synthetic_transformer_publication_protocol_v4,False,16.0,4,4.0,near_best_rank_gap_0.1,hard_detectable_rank,10,-0.4435538771431506
transformer_publication_20260622T101458Z_associative_recall_seed103,103,associative_recall,standard,synthetic_transformer_publication_protocol_v4,False,16.0,4,4.0,near_best_rank_gap_0.1,soft_dimension,10,-0.565721136285718
transformer_publication_20260622T101458Z_associative_recall_seed103,103,associative_recall,standard,synthetic_transformer_publication_protocol_v4,False,16.0,4,4.0,near_best_rank_gap_0.1,gradient_norm,10,-0.495800546407708
transformer_publication_20260622T101458Z_associative_recall_seed103,103,associative_recall,standard,synthetic_transformer_publication_protocol_v4,False,16.0,4,4.0,near_best_rank_gap_0.1,frobenius,10,-0.495800546407708
transformer_publication_20260622T101458Z_associative_recall_seed103,103,associative_recall,standard,synthetic_transformer_publication_protocol_v4,False,16.0,4,4.0,near_best_rank_gap_0.2,effective_rank,10,-0.6487491201346024
transformer_publication_20260622T101458Z_associative_recall_seed103,103,associative_recall,standard,synthetic_transformer_publication_protocol_v4,False,16.0,4,4.0,near_best_rank_gap_0.2,stable_rank,10,-0.5968491905238342
transformer_publication_20260622T101458Z_associative_recall_seed103,103,associative_recall,standard,synthetic_transformer_publication_protocol_v4,False,16.0,4,4.0,near_best_rank_gap_0.2,hard_detectable_rank,10,-0.5683536364313366
transformer_publication_20260622T101458Z_associative_recall_seed103,103,associative_recall,standard,synthetic_transformer_publication_protocol_v4,False,16.0,4,4.0,near_best_rank_gap_0.2,soft_dimension,10,-0.6487491201346024
transformer_publication_20260622T101458Z_associative_recall_seed103,103,associative_recall,standard,synthetic_transformer_publication_protocol_v4,False,16.0,4,4.0,near_best_rank_gap_0.2,gradient_norm,10,-0.5838742081211422
transformer_publication_20260622T101458Z_associative_recall_seed103,103,associative_recall,standard,synthetic_transformer_publication_protocol_v4,False,16.0,4,4.0,near_best_rank_gap_0.2,frobenius,10,-0.5838742081211422
transformer_publication_20260622T101458Z_associative_recall_seed103,103,associative_recall,standard,synthetic_transformer_publication_protocol_v4,False,16.0,4,4.0,recovery_rank_0.7,effective_rank,10,-0.5393598899705937
transformer_publication_20260622T101458Z_associative_recall_seed103,103,associative_recall,standard,synthetic_transformer_publication_protocol_v4,False,16.0,4,4.0,recovery_rank_0.7,stable_rank,10,-0.5393598899705937
transformer_publication_20260622T101458Z_associative_recall_seed103,103,associative_recall,standard,synthetic_transformer_publication_protocol_v4,False,16.0,4,4.0,recovery_rank_0.7,hard_detectable_rank,10,-0.6639093924186636
transformer_publication_20260622T101458Z_associative_recall_seed103,103,associative_recall,standard,synthetic_transformer_publication_protocol_v4,False,16.0,4,4.0,recovery_rank_0.7,soft_dimension,10,-0.5393598899705937
transformer_publication_20260622T101458Z_associative_recall_seed103,103,associative_recall,standard,synthetic_transformer_publication_protocol_v4,False,16.0,4,4.0,recovery_rank_0.7,gradient_norm,10,-0.7416198487095663
transformer_publication_20260622T101458Z_associative_recall_seed103,103,associative_recall,standard,synthetic_transformer_publication_protocol_v4,False,16.0,4,4.0,recovery_rank_0.7,frobenius,10,-0.7416198487095663
transformer_publication_20260622T101458Z_associative_recall_seed103,103,associative_recall,standard,synthetic_transformer_publication_protocol_v4,False,16.0,4,4.0,recovery_rank_0.8,effective_rank,10,-0.6487491201346024
transformer_publication_20260622T101458Z_associative_recall_seed103,103,associative_recall,standard,synthetic_transformer_publication_protocol_v4,False,16.0,4,4.0,recovery_rank_0.8,stable_rank,10,-0.5968491905238342
transformer_publication_20260622T101458Z_associative_recall_seed103,103,associative_recall,standard,synthetic_transformer_publication_protocol_v4,False,16.0,4,4.0,recovery_rank_0.8,hard_detectable_rank,10,-0.5683536364313366
transformer_publication_20260622T101458Z_associative_recall_seed103,103,associative_recall,standard,synthetic_transformer_publication_protocol_v4,False,16.0,4,4.0,recovery_rank_0.8,soft_dimension,10,-0.6487491201346024
transformer_publication_20260622T101458Z_associative_recall_seed103,103,associative_recall,standard,synthetic_transformer_publication_protocol_v4,False,16.0,4,4.0,recovery_rank_0.8,gradient_norm,10,-0.5838742081211422
transformer_publication_20260622T101458Z_associative_recall_seed103,103,associative_recall,standard,synthetic_transformer_publication_protocol_v4,False,16.0,4,4.0,recovery_rank_0.8,frobenius,10,-0.5838742081211422
transformer_publication_20260622T101458Z_associative_recall_seed103,103,associative_recall,standard,synthetic_transformer_publication_protocol_v4,False,16.0,4,4.0,penalized_rank_lambda_0.2,effective_rank,10,-0.4403855060505443
transformer_publication_20260622T101458Z_associative_recall_seed103,103,associative_recall,standard,synthetic_transformer_publication_protocol_v4,False,16.0,4,4.0,penalized_rank_lambda_0.2,stable_rank,10,-0.4403855060505443
transformer_publication_20260622T101458Z_associative_recall_seed103,103,associative_recall,standard,synthetic_transformer_publication_protocol_v4,False,16.0,4,4.0,penalized_rank_lambda_0.2,hard_detectable_rank,10,-0.2803860770460222
transformer_publication_20260622T101458Z_associative_recall_seed103,103,associative_recall,standard,synthetic_transformer_publication_protocol_v4,False,16.0,4,4.0,penalized_rank_lambda_0.2,soft_dimension,10,-0.4403855060505443
transformer_publication_20260622T101458Z_associative_recall_seed103,103,associative_recall,standard,synthetic_transformer_publication_protocol_v4,False,16.0,4,4.0,penalized_rank_lambda_0.2,gradient_norm,10,-0.2752409412815901
transformer_publication_20260622T101458Z_associative_recall_seed103,103,associative_recall,standard,synthetic_transformer_publication_protocol_v4,False,16.0,4,4.0,penalized_rank_lambda_0.2,frobenius,10,-0.2752409412815901
transformer_publication_20260622T101458Z_associative_recall_seed103,103,associative_recall,standard,synthetic_transformer_publication_protocol_v4,False,16.0,4,4.0,penalized_rank_lambda_0.3,effective_rank,10,0.1139605764596379
transformer_publication_20260622T101458Z_associative_recall_seed103,103,associative_recall,standard,synthetic_transformer_publication_protocol_v4,False,16.0,4,4.0,penalized_rank_lambda_0.3,stable_rank,10,0.1139605764596379
transformer_publication_20260622T101458Z_associative_recall_seed103,103,associative_recall,standard,synthetic_transformer_publication_protocol_v4,False,16.0,4,4.0,penalized_rank_lambda_0.3,hard_detectable_rank,10,0.116090865053143
transformer_publication_20260622T101458Z_associative_recall_seed103,103,associative_recall,standard,synthetic_transformer_publication_protocol_v4,False,16.0,4,4.0,penalized_rank_lambda_0.3,soft_dimension,10,0.1139605764596379
transformer_publication_20260622T101458Z_associative_recall_seed103,103,associative_recall,standard,synthetic_transformer_publication_protocol_v4,False,16.0,4,4.0,penalized_rank_lambda_0.3,gradient_norm,10,0.1139605764596379
transformer_publication_20260622T101458Z_associative_recall_seed103,103,associative_recall,standard,synthetic_transformer_publication_protocol_v4,False,16.0,4,4.0,penalized_rank_lambda_0.3,frobenius,10,0.1139605764596379
transformer_publication_20260622T101458Z_associative_recall_seed107,107,associative_recall,fixed_update_scale,synthetic_transformer_publication_protocol_v4,True,16.0,4,4.0,near_best_rank_gap_0.1,effective_rank,10,-0.5393598899705936
transformer_publication_20260622T101458Z_associative_recall_seed107,107,associative_recall,fixed_update_scale,synthetic_transformer_publication_protocol_v4,True,16.0,4,4.0,near_best_rank_gap_0.1,stable_rank,10,-0.5843065474681431
transformer_publication_20260622T101458Z_associative_recall_seed107,107,associative_recall,fixed_update_scale,synthetic_transformer_publication_protocol_v4,True,16.0,4,4.0,near_best_rank_gap_0.1,hard_detectable_rank,10,-0.4410281485447732
transformer_publication_20260622T101458Z_associative_recall_seed107,107,associative_recall,fixed_update_scale,synthetic_transformer_publication_protocol_v4,True,16.0,4,4.0,near_best_rank_gap_0.1,soft_dimension,10,-0.5393598899705936
transformer_publication_20260622T101458Z_associative_recall_seed107,107,associative_recall,fixed_update_scale,synthetic_transformer_publication_protocol_v4,True,16.0,4,4.0,near_best_rank_gap_0.1,gradient_norm,10,-0.687041764605399
transformer_publication_20260622T101458Z_associative_recall_seed107,107,associative_recall,fixed_update_scale,synthetic_transformer_publication_protocol_v4,True,16.0,4,4.0,near_best_rank_gap_0.1,frobenius,10,-0.687041764605399
transformer_publication_20260622T101458Z_associative_recall_seed107,107,associative_recall,fixed_update_scale,synthetic_transformer_publication_protocol_v4,True,16.0,4,4.0,near_best_rank_gap_0.2,effective_rank,10,-0.5784339708089927
transformer_publication_20260622T101458Z_associative_recall_seed107,107,associative_recall,fixed_update_scale,synthetic_transformer_publication_protocol_v4,True,16.0,4,4.0,near_best_rank_gap_0.2,stable_rank,10,-0.5975032225939045
transformer_publication_20260622T101458Z_associative_recall_seed107,107,associative_recall,fixed_update_scale,synthetic_transformer_publication_protocol_v4,True,16.0,4,4.0,near_best_rank_gap_0.2,hard_detectable_rank,10,-0.2736867892294513
transformer_publication_20260622T101458Z_associative_recall_seed107,107,associative_recall,fixed_update_scale,synthetic_transformer_publication_protocol_v4,True,16.0,4,4.0,near_best_rank_gap_0.2,soft_dimension,10,-0.5975032225939045
transformer_publication_20260622T101458Z_associative_recall_seed107,107,associative_recall,fixed_update_scale,synthetic_transformer_publication_protocol_v4,True,16.0,4,4.0,near_best_rank_gap_0.2,gradient_norm,10,-0.4767312946227961
transformer_publication_20260622T101458Z_associative_recall_seed107,107,associative_recall,fixed_update_scale,synthetic_transformer_publication_protocol_v4,True,16.0,4,4.0,near_best_rank_gap_0.2,frobenius,10,-0.4767312946227961
transformer_publication_20260622T101458Z_associative_recall_seed107,107,associative_recall,fixed_update_scale,synthetic_transformer_publication_protocol_v4,True,16.0,4,4.0,recovery_rank_0.7,effective_rank,10,-0.7212836614329484
transformer_publication_20260622T101458Z_associative_recall_seed107,107,associative_recall,fixed_update_scale,synthetic_transformer_publication_protocol_v4,True,16.0,4,4.0,recovery_rank_0.7,stable_rank,10,-0.8114441191120669
transformer_publication_20260622T101458Z_associative_recall_seed107,107,associative_recall,fixed_update_scale,synthetic_transformer_publication_protocol_v4,True,16.0,4,4.0,recovery_rank_0.7,hard_detectable_rank,10,-0.7038823832595531
transformer_publication_20260622T101458Z_associative_recall_seed107,107,associative_recall,fixed_update_scale,synthetic_transformer_publication_protocol_v4,True,16.0,4,4.0,recovery_rank_0.7,soft_dimension,10,-0.749025340718831
transformer_publication_20260622T101458Z_associative_recall_seed107,107,associative_recall,fixed_update_scale,synthetic_transformer_publication_protocol_v4,True,16.0,4,4.0,recovery_rank_0.7,gradient_norm,10,-0.873862897505303
transformer_publication_20260622T101458Z_associative_recall_seed107,107,associative_recall,fixed_update_scale,synthetic_transformer_publication_protocol_v4,True,16.0,4,4.0,recovery_rank_0.7,frobenius,10,-0.873862897505303
transformer_publication_20260622T101458Z_associative_recall_seed107,107,associative_recall,fixed_update_scale,synthetic_transformer_publication_protocol_v4,True,16.0,4,4.0,recovery_rank_0.8,effective_rank,10,-0.5784339708089927
transformer_publication_20260622T101458Z_associative_recall_seed107,107,associative_recall,fixed_update_scale,synthetic_transformer_publication_protocol_v4,True,16.0,4,4.0,recovery_rank_0.8,stable_rank,10,-0.5975032225939045
transformer_publication_20260622T101458Z_associative_recall_seed107,107,associative_recall,fixed_update_scale,synthetic_transformer_publication_protocol_v4,True,16.0,4,4.0,recovery_rank_0.8,hard_detectable_rank,10,-0.2736867892294513
transformer_publication_20260622T101458Z_associative_recall_seed107,107,associative_recall,fixed_update_scale,synthetic_transformer_publication_protocol_v4,True,16.0,4,4.0,recovery_rank_0.8,soft_dimension,10,-0.5975032225939045
transformer_publication_20260622T101458Z_associative_recall_seed107,107,associative_recall,fixed_update_scale,synthetic_transformer_publication_protocol_v4,True,16.0,4,4.0,recovery_rank_0.8,gradient_norm,10,-0.4767312946227961
transformer_publication_20260622T101458Z_associative_recall_seed107,107,associative_recall,fixed_update_scale,synthetic_transformer_publication_protocol_v4,True,16.0,4,4.0,recovery_rank_0.8,frobenius,10,-0.4767312946227961
transformer_publication_20260622T101458Z_associative_recall_seed107,107,associative_recall,fixed_update_scale,synthetic_transformer_publication_protocol_v4,True,16.0,4,4.0,penalized_rank_lambda_0.2,effective_rank,10,-0.7106690545187014
transformer_publication_20260622T101458Z_associative_recall_seed107,107,associative_recall,fixed_update_scale,synthetic_transformer_publication_protocol_v4,True,16.0,4,4.0,penalized_rank_lambda_0.2,stable_rank,10,-0.7817359599705715
transformer_publication_20260622T101458Z_associative_recall_seed107,107,associative_recall,fixed_update_scale,synthetic_transformer_publication_protocol_v4,True,16.0,4,4.0,penalized_rank_lambda_0.2,hard_detectable_rank,10,-0.6556952842079041
transformer_publication_20260622T101458Z_associative_recall_seed107,107,associative_recall,fixed_update_scale,synthetic_transformer_publication_protocol_v4,True,16.0,4,4.0,penalized_rank_lambda_0.2,soft_dimension,10,-0.7106690545187014
transformer_publication_20260622T101458Z_associative_recall_seed107,107,associative_recall,fixed_update_scale,synthetic_transformer_publication_protocol_v4,True,16.0,4,4.0,penalized_rank_lambda_0.2,gradient_norm,10,-0.8528028654224415
transformer_publication_20260622T101458Z_associative_recall_seed107,107,associative_recall,fixed_update_scale,synthetic_transformer_publication_protocol_v4,True,16.0,4,4.0,penalized_rank_lambda_0.2,frobenius,10,-0.8528028654224415
transformer_publication_20260622T101458Z_associative_recall_seed107,107,associative_recall,fixed_update_scale,synthetic_transformer_publication_protocol_v4,True,16.0,4,4.0,penalized_rank_lambda_0.3,effective_rank,10,-0.4944132324730442
transformer_publication_20260622T101458Z_associative_recall_seed107,107,associative_recall,fixed_update_scale,synthetic_transformer_publication_protocol_v4,True,16.0,4,4.0,penalized_rank_lambda_0.3,stable_rank,10,-0.5618332187193684
transformer_publication_20260622T101458Z_associative_recall_seed107,107,associative_recall,fixed_update_scale,synthetic_transformer_publication_protocol_v4,True,16.0,4,4.0,penalized_rank_lambda_0.3,hard_detectable_rank,10,-0.307183785056061
transformer_publication_20260622T101458Z_associative_recall_seed107,107,associative_recall,fixed_update_scale,synthetic_transformer_publication_protocol_v4,True,16.0,4,4.0,penalized_rank_lambda_0.3,soft_dimension,10,-0.5618332187193684
transformer_publication_20260622T101458Z_associative_recall_seed107,107,associative_recall,fixed_update_scale,synthetic_transformer_publication_protocol_v4,True,16.0,4,4.0,penalized_rank_lambda_0.3,gradient_norm,10,-0.4944132324730442
transformer_publication_20260622T101458Z_associative_recall_seed107,107,associative_recall,fixed_update_scale,synthetic_transformer_publication_protocol_v4,True,16.0,4,4.0,penalized_rank_lambda_0.3,frobenius,10,-0.4344843558096449
transformer_publication_20260622T101458Z_associative_recall_seed107,107,associative_recall,rslora,synthetic_transformer_publication_protocol_v4,False,16.0,4,4.0,near_best_rank_gap_0.1,effective_rank,10,-0.6356417261637282
transformer_publication_20260622T101458Z_associative_recall_seed107,107,associative_recall,rslora,synthetic_transformer_publication_protocol_v4,False,16.0,4,4.0,near_best_rank_gap_0.1,stable_rank,10,-0.6801366469951892
transformer_publication_20260622T101458Z_associative_recall_seed107,107,associative_recall,rslora,synthetic_transformer_publication_protocol_v4,False,16.0,4,4.0,near_best_rank_gap_0.1,hard_detectable_rank,10,-0.6320861560775424
transformer_publication_20260622T101458Z_associative_recall_seed107,107,associative_recall,rslora,synthetic_transformer_publication_protocol_v4,False,16.0,4,4.0,near_best_rank_gap_0.1,soft_dimension,10,-0.6356417261637282
transformer_publication_20260622T101458Z_associative_recall_seed107,107,associative_recall,rslora,synthetic_transformer_publication_protocol_v4,False,16.0,4,4.0,near_best_rank_gap_0.1,gradient_norm,10,-0.7818393231813857
transformer_publication_20260622T101458Z_associative_recall_seed107,107,associative_recall,rslora,synthetic_transformer_publication_protocol_v4,False,16.0,4,4.0,near_best_rank_gap_0.1,frobenius,10,-0.7055623160417382
transformer_publication_20260622T101458Z_associative_recall_seed107,107,associative_recall,rslora,synthetic_transformer_publication_protocol_v4,False,16.0,4,4.0,near_best_rank_gap_0.2,effective_rank,10,-0.5843065474681431
transformer_publication_20260622T101458Z_associative_recall_seed107,107,associative_recall,rslora,synthetic_transformer_publication_protocol_v4,False,16.0,4,4.0,near_best_rank_gap_0.2,stable_rank,10,-0.5843065474681431
transformer_publication_20260622T101458Z_associative_recall_seed107,107,associative_recall,rslora,synthetic_transformer_publication_protocol_v4,False,16.0,4,4.0,near_best_rank_gap_0.2,hard_detectable_rank,10,-0.2303878387920457
transformer_publication_20260622T101458Z_associative_recall_seed107,107,associative_recall,rslora,synthetic_transformer_publication_protocol_v4,False,16.0,4,4.0,near_best_rank_gap_0.2,soft_dimension,10,-0.5843065474681431
transformer_publication_20260622T101458Z_associative_recall_seed107,107,associative_recall,rslora,synthetic_transformer_publication_protocol_v4,False,16.0,4,4.0,near_best_rank_gap_0.2,gradient_norm,10,-0.4494665749754947
transformer_publication_20260622T101458Z_associative_recall_seed107,107,associative_recall,rslora,synthetic_transformer_publication_protocol_v4,False,16.0,4,4.0,near_best_rank_gap_0.2,frobenius,10,-0.4494665749754947
transformer_publication_20260622T101458Z_associative_recall_seed107,107,associative_recall,rslora,synthetic_transformer_publication_protocol_v4,False,16.0,4,4.0,recovery_rank_0.7,effective_rank,10,-0.7212836614329484
transformer_publication_20260622T101458Z_associative_recall_seed107,107,associative_recall,rslora,synthetic_transformer_publication_protocol_v4,False,16.0,4,4.0,recovery_rank_0.7,stable_rank,10,-0.8114441191120669
transformer_publication_20260622T101458Z_associative_recall_seed107,107,associative_recall,rslora,synthetic_transformer_publication_protocol_v4,False,16.0,4,4.0,recovery_rank_0.7,hard_detectable_rank,10,-0.7038823832595531
transformer_publication_20260622T101458Z_associative_recall_seed107,107,associative_recall,rslora,synthetic_transformer_publication_protocol_v4,False,16.0,4,4.0,recovery_rank_0.7,soft_dimension,10,-0.749025340718831
transformer_publication_20260622T101458Z_associative_recall_seed107,107,associative_recall,rslora,synthetic_transformer_publication_protocol_v4,False,16.0,4,4.0,recovery_rank_0.7,gradient_norm,10,-0.873862897505303
transformer_publication_20260622T101458Z_associative_recall_seed107,107,associative_recall,rslora,synthetic_transformer_publication_protocol_v4,False,16.0,4,4.0,recovery_rank_0.7,frobenius,10,-0.873862897505303
transformer_publication_20260622T101458Z_associative_recall_seed107,107,associative_recall,rslora,synthetic_transformer_publication_protocol_v4,False,16.0,4,4.0,recovery_rank_0.8,effective_rank,10,-0.5843065474681431
transformer_publication_20260622T101458Z_associative_recall_seed107,107,associative_recall,rslora,synthetic_transformer_publication_protocol_v4,False,16.0,4,4.0,recovery_rank_0.8,stable_rank,10,-0.5843065474681431
transformer_publication_20260622T101458Z_associative_recall_seed107,107,associative_recall,rslora,synthetic_transformer_publication_protocol_v4,False,16.0,4,4.0,recovery_rank_0.8,hard_detectable_rank,10,-0.2303878387920457
transformer_publication_20260622T101458Z_associative_recall_seed107,107,associative_recall,rslora,synthetic_transformer_publication_protocol_v4,False,16.0,4,4.0,recovery_rank_0.8,soft_dimension,10,-0.5843065474681431
transformer_publication_20260622T101458Z_associative_recall_seed107,107,associative_recall,rslora,synthetic_transformer_publication_protocol_v4,False,16.0,4,4.0,recovery_rank_0.8,gradient_norm,10,-0.4494665749754947
transformer_publication_20260622T101458Z_associative_recall_seed107,107,associative_recall,rslora,synthetic_transformer_publication_protocol_v4,False,16.0,4,4.0,recovery_rank_0.8,frobenius,10,-0.4494665749754947
transformer_publication_20260622T101458Z_associative_recall_seed107,107,associative_recall,rslora,synthetic_transformer_publication_protocol_v4,False,16.0,4,4.0,penalized_rank_lambda_0.2,effective_rank,10,-0.6633249580710799
transformer_publication_20260622T101458Z_associative_recall_seed107,107,associative_recall,rslora,synthetic_transformer_publication_protocol_v4,False,16.0,4,4.0,penalized_rank_lambda_0.2,stable_rank,10,-0.7236272269866326
transformer_publication_20260622T101458Z_associative_recall_seed107,107,associative_recall,rslora,synthetic_transformer_publication_protocol_v4,False,16.0,4,4.0,penalized_rank_lambda_0.2,hard_detectable_rank,10,-0.5769824129756705
transformer_publication_20260622T101458Z_associative_recall_seed107,107,associative_recall,rslora,synthetic_transformer_publication_protocol_v4,False,16.0,4,4.0,penalized_rank_lambda_0.2,soft_dimension,10,-0.6633249580710799
transformer_publication_20260622T101458Z_associative_recall_seed107,107,associative_recall,rslora,synthetic_transformer_publication_protocol_v4,False,16.0,4,4.0,penalized_rank_lambda_0.2,gradient_norm,10,-0.7839294959021853
transformer_publication_20260622T101458Z_associative_recall_seed107,107,associative_recall,rslora,synthetic_transformer_publication_protocol_v4,False,16.0,4,4.0,penalized_rank_lambda_0.2,frobenius,10,-0.7437279832918168
transformer_publication_20260622T101458Z_associative_recall_seed107,107,associative_recall,rslora,synthetic_transformer_publication_protocol_v4,False,16.0,4,4.0,penalized_rank_lambda_0.3,effective_rank,10,-0.4944132324730442
transformer_publication_20260622T101458Z_associative_recall_seed107,107,associative_recall,rslora,synthetic_transformer_publication_protocol_v4,False,16.0,4,4.0,penalized_rank_lambda_0.3,stable_rank,10,-0.5618332187193684
transformer_publication_20260622T101458Z_associative_recall_seed107,107,associative_recall,rslora,synthetic_transformer_publication_protocol_v4,False,16.0,4,4.0,penalized_rank_lambda_0.3,hard_detectable_rank,10,-0.307183785056061
transformer_publication_20260622T101458Z_associative_recall_seed107,107,associative_recall,rslora,synthetic_transformer_publication_protocol_v4,False,16.0,4,4.0,penalized_rank_lambda_0.3,soft_dimension,10,-0.5618332187193684
transformer_publication_20260622T101458Z_associative_recall_seed107,107,associative_recall,rslora,synthetic_transformer_publication_protocol_v4,False,16.0,4,4.0,penalized_rank_lambda_0.3,gradient_norm,10,-0.4944132324730442
transformer_publication_20260622T101458Z_associative_recall_seed107,107,associative_recall,rslora,synthetic_transformer_publication_protocol_v4,False,16.0,4,4.0,penalized_rank_lambda_0.3,frobenius,10,-0.4344843558096449
transformer_publication_20260622T101458Z_associative_recall_seed107,107,associative_recall,standard,synthetic_transformer_publication_protocol_v4,False,16.0,4,4.0,near_best_rank_gap_0.1,effective_rank,10,-0.5025189076296059
transformer_publication_20260622T101458Z_associative_recall_seed107,107,associative_recall,standard,synthetic_transformer_publication_protocol_v4,False,16.0,4,4.0,near_best_rank_gap_0.1,stable_rank,10,-0.5628211765451586
transformer_publication_20260622T101458Z_associative_recall_seed107,107,associative_recall,standard,synthetic_transformer_publication_protocol_v4,False,16.0,4,4.0,near_best_rank_gap_0.1,hard_detectable_rank,10,-0.5426382217271187
transformer_publication_20260622T101458Z_associative_recall_seed107,107,associative_recall,standard,synthetic_transformer_publication_protocol_v4,False,16.0,4,4.0,near_best_rank_gap_0.1,soft_dimension,10,-0.5025189076296059
transformer_publication_20260622T101458Z_associative_recall_seed107,107,associative_recall,standard,synthetic_transformer_publication_protocol_v4,False,16.0,4,4.0,near_best_rank_gap_0.1,gradient_norm,10,-0.7437279832918168
transformer_publication_20260622T101458Z_associative_recall_seed107,107,associative_recall,standard,synthetic_transformer_publication_protocol_v4,False,16.0,4,4.0,near_best_rank_gap_0.1,frobenius,10,-0.6499244538676238
transformer_publication_20260622T101458Z_associative_recall_seed107,107,associative_recall,standard,synthetic_transformer_publication_protocol_v4,False,16.0,4,4.0,near_best_rank_gap_0.2,effective_rank,10,-0.3373495424699932
transformer_publication_20260622T101458Z_associative_recall_seed107,107,associative_recall,standard,synthetic_transformer_publication_protocol_v4,False,16.0,4,4.0,near_best_rank_gap_0.2,stable_rank,10,-0.4281744192888376
transformer_publication_20260622T101458Z_associative_recall_seed107,107,associative_recall,standard,synthetic_transformer_publication_protocol_v4,False,16.0,4,4.0,near_best_rank_gap_0.2,hard_detectable_rank,10,-0.2128231691913659
transformer_publication_20260622T101458Z_associative_recall_seed107,107,associative_recall,standard,synthetic_transformer_publication_protocol_v4,False,16.0,4,4.0,near_best_rank_gap_0.2,soft_dimension,10,-0.3762744896780693
transformer_publication_20260622T101458Z_associative_recall_seed107,107,associative_recall,standard,synthetic_transformer_publication_protocol_v4,False,16.0,4,4.0,near_best_rank_gap_0.2,gradient_norm,10,-0.4411494016915296
transformer_publication_20260622T101458Z_associative_recall_seed107,107,associative_recall,standard,synthetic_transformer_publication_protocol_v4,False,16.0,4,4.0,near_best_rank_gap_0.2,frobenius,10,-0.4930493313022978
transformer_publication_20260622T101458Z_associative_recall_seed107,107,associative_recall,standard,synthetic_transformer_publication_protocol_v4,False,16.0,4,4.0,recovery_rank_0.7,effective_rank,10,-0.7106690545187014
transformer_publication_20260622T101458Z_associative_recall_seed107,107,associative_recall,standard,synthetic_transformer_publication_protocol_v4,False,16.0,4,4.0,recovery_rank_0.7,stable_rank,10,-0.7817359599705715
transformer_publication_20260622T101458Z_associative_recall_seed107,107,associative_recall,standard,synthetic_transformer_publication_protocol_v4,False,16.0,4,4.0,recovery_rank_0.7,hard_detectable_rank,10,-0.6556952842079041
transformer_publication_20260622T101458Z_associative_recall_seed107,107,associative_recall,standard,synthetic_transformer_publication_protocol_v4,False,16.0,4,4.0,recovery_rank_0.7,soft_dimension,10,-0.7106690545187014
transformer_publication_20260622T101458Z_associative_recall_seed107,107,associative_recall,standard,synthetic_transformer_publication_protocol_v4,False,16.0,4,4.0,recovery_rank_0.7,gradient_norm,10,-0.8528028654224415
transformer_publication_20260622T101458Z_associative_recall_seed107,107,associative_recall,standard,synthetic_transformer_publication_protocol_v4,False,16.0,4,4.0,recovery_rank_0.7,frobenius,10,-0.8528028654224415
transformer_publication_20260622T101458Z_associative_recall_seed107,107,associative_recall,standard,synthetic_transformer_publication_protocol_v4,False,16.0,4,4.0,recovery_rank_0.8,effective_rank,10,-0.3373495424699932
transformer_publication_20260622T101458Z_associative_recall_seed107,107,associative_recall,standard,synthetic_transformer_publication_protocol_v4,False,16.0,4,4.0,recovery_rank_0.8,stable_rank,10,-0.4281744192888376
transformer_publication_20260622T101458Z_associative_recall_seed107,107,associative_recall,standard,synthetic_transformer_publication_protocol_v4,False,16.0,4,4.0,recovery_rank_0.8,hard_detectable_rank,10,-0.2128231691913659
transformer_publication_20260622T101458Z_associative_recall_seed107,107,associative_recall,standard,synthetic_transformer_publication_protocol_v4,False,16.0,4,4.0,recovery_rank_0.8,soft_dimension,10,-0.3762744896780693
transformer_publication_20260622T101458Z_associative_recall_seed107,107,associative_recall,standard,synthetic_transformer_publication_protocol_v4,False,16.0,4,4.0,recovery_rank_0.8,gradient_norm,10,-0.4411494016915296
transformer_publication_20260622T101458Z_associative_recall_seed107,107,associative_recall,standard,synthetic_transformer_publication_protocol_v4,False,16.0,4,4.0,recovery_rank_0.8,frobenius,10,-0.4930493313022978
transformer_publication_20260622T101458Z_associative_recall_seed107,107,associative_recall,standard,synthetic_transformer_publication_protocol_v4,False,16.0,4,4.0,penalized_rank_lambda_0.2,effective_rank,10,-0.3113995776646092
transformer_publication_20260622T101458Z_associative_recall_seed107,107,associative_recall,standard,synthetic_transformer_publication_protocol_v4,False,16.0,4,4.0,penalized_rank_lambda_0.2,stable_rank,10,-0.3113995776646092
transformer_publication_20260622T101458Z_associative_recall_seed107,107,associative_recall,standard,synthetic_transformer_publication_protocol_v4,False,16.0,4,4.0,penalized_rank_lambda_0.2,hard_detectable_rank,10,0.0
transformer_publication_20260622T101458Z_associative_recall_seed107,107,associative_recall,standard,synthetic_transformer_publication_protocol_v4,False,16.0,4,4.0,penalized_rank_lambda_0.2,soft_dimension,10,-0.3113995776646092
transformer_publication_20260622T101458Z_associative_recall_seed107,107,associative_recall,standard,synthetic_transformer_publication_protocol_v4,False,16.0,4,4.0,penalized_rank_lambda_0.2,gradient_norm,10,-0.2335496832484569
transformer_publication_20260622T101458Z_associative_recall_seed107,107,associative_recall,standard,synthetic_transformer_publication_protocol_v4,False,16.0,4,4.0,penalized_rank_lambda_0.2,frobenius,10,-0.1556997888323046
transformer_publication_20260622T101458Z_associative_recall_seed107,107,associative_recall,standard,synthetic_transformer_publication_protocol_v4,False,16.0,4,4.0,penalized_rank_lambda_0.3,effective_rank,10,-0.3113995776646092
transformer_publication_20260622T101458Z_associative_recall_seed107,107,associative_recall,standard,synthetic_transformer_publication_protocol_v4,False,16.0,4,4.0,penalized_rank_lambda_0.3,stable_rank,10,-0.3113995776646092
transformer_publication_20260622T101458Z_associative_recall_seed107,107,associative_recall,standard,synthetic_transformer_publication_protocol_v4,False,16.0,4,4.0,penalized_rank_lambda_0.3,hard_detectable_rank,10,0.0
transformer_publication_20260622T101458Z_associative_recall_seed107,107,associative_recall,standard,synthetic_transformer_publication_protocol_v4,False,16.0,4,4.0,penalized_rank_lambda_0.3,soft_dimension,10,-0.3113995776646092
transformer_publication_20260622T101458Z_associative_recall_seed107,107,associative_recall,standard,synthetic_transformer_publication_protocol_v4,False,16.0,4,4.0,penalized_rank_lambda_0.3,gradient_norm,10,-0.2335496832484569
transformer_publication_20260622T101458Z_associative_recall_seed107,107,associative_recall,standard,synthetic_transformer_publication_protocol_v4,False,16.0,4,4.0,penalized_rank_lambda_0.3,frobenius,10,-0.1556997888323046
transformer_publication_20260622T101458Z_associative_recall_seed109,109,associative_recall,fixed_update_scale,synthetic_transformer_publication_protocol_v4,True,16.0,4,4.0,near_best_rank_gap_0.1,effective_rank,10,-0.2929560848343134
transformer_publication_20260622T101458Z_associative_recall_seed109,109,associative_recall,fixed_update_scale,synthetic_transformer_publication_protocol_v4,True,16.0,4,4.0,near_best_rank_gap_0.1,stable_rank,10,-0.2929560848343134
transformer_publication_20260622T101458Z_associative_recall_seed109,109,associative_recall,fixed_update_scale,synthetic_transformer_publication_protocol_v4,True,16.0,4,4.0,near_best_rank_gap_0.1,hard_detectable_rank,10,-0.3752141853706119
transformer_publication_20260622T101458Z_associative_recall_seed109,109,associative_recall,fixed_update_scale,synthetic_transformer_publication_protocol_v4,True,16.0,4,4.0,near_best_rank_gap_0.1,soft_dimension,10,-0.2473851383045313
transformer_publication_20260622T101458Z_associative_recall_seed109,109,associative_recall,fixed_update_scale,synthetic_transformer_publication_protocol_v4,True,16.0,4,4.0,near_best_rank_gap_0.1,gradient_norm,10,-0.5598716287944657
transformer_publication_20260622T101458Z_associative_recall_seed109,109,associative_recall,fixed_update_scale,synthetic_transformer_publication_protocol_v4,True,16.0,4,4.0,near_best_rank_gap_0.1,frobenius,10,-0.5143006822646836
transformer_publication_20260622T101458Z_associative_recall_seed109,109,associative_recall,fixed_update_scale,synthetic_transformer_publication_protocol_v4,True,16.0,4,4.0,near_best_rank_gap_0.2,effective_rank,10,-0.5148697981926198
transformer_publication_20260622T101458Z_associative_recall_seed109,109,associative_recall,fixed_update_scale,synthetic_transformer_publication_protocol_v4,True,16.0,4,4.0,near_best_rank_gap_0.2,stable_rank,10,-0.3813850356982369
transformer_publication_20260622T101458Z_associative_recall_seed109,109,associative_recall,fixed_update_scale,synthetic_transformer_publication_protocol_v4,True,16.0,4,4.0,near_best_rank_gap_0.2,hard_detectable_rank,10,-0.4950737714883371
transformer_publication_20260622T101458Z_associative_recall_seed109,109,associative_recall,fixed_update_scale,synthetic_transformer_publication_protocol_v4,True,16.0,4,4.0,near_best_rank_gap_0.2,soft_dimension,10,-0.5148697981926198
transformer_publication_20260622T101458Z_associative_recall_seed109,109,associative_recall,fixed_update_scale,synthetic_transformer_publication_protocol_v4,True,16.0,4,4.0,near_best_rank_gap_0.2,gradient_norm,10,-0.4767312946227961
transformer_publication_20260622T101458Z_associative_recall_seed109,109,associative_recall,fixed_update_scale,synthetic_transformer_publication_protocol_v4,True,16.0,4,4.0,near_best_rank_gap_0.2,frobenius,10,-0.4767312946227961
transformer_publication_20260622T101458Z_associative_recall_seed109,109,associative_recall,fixed_update_scale,synthetic_transformer_publication_protocol_v4,True,16.0,4,4.0,recovery_rank_0.7,effective_rank,10,-0.5393598899705937
transformer_publication_20260622T101458Z_associative_recall_seed109,109,associative_recall,fixed_update_scale,synthetic_transformer_publication_protocol_v4,True,16.0,4,4.0,recovery_rank_0.7,stable_rank,10,-0.5393598899705937
transformer_publication_20260622T101458Z_associative_recall_seed109,109,associative_recall,fixed_update_scale,synthetic_transformer_publication_protocol_v4,True,16.0,4,4.0,recovery_rank_0.7,hard_detectable_rank,10,-0.6067880364121376
transformer_publication_20260622T101458Z_associative_recall_seed109,109,associative_recall,fixed_update_scale,synthetic_transformer_publication_protocol_v4,True,16.0,4,4.0,recovery_rank_0.7,soft_dimension,10,-0.5393598899705937
transformer_publication_20260622T101458Z_associative_recall_seed109,109,associative_recall,fixed_update_scale,synthetic_transformer_publication_protocol_v4,True,16.0,4,4.0,recovery_rank_0.7,gradient_norm,10,-0.6741998624632421
transformer_publication_20260622T101458Z_associative_recall_seed109,109,associative_recall,fixed_update_scale,synthetic_transformer_publication_protocol_v4,True,16.0,4,4.0,recovery_rank_0.7,frobenius,10,-0.6741998624632421
transformer_publication_20260622T101458Z_associative_recall_seed109,109,associative_recall,fixed_update_scale,synthetic_transformer_publication_protocol_v4,True,16.0,4,4.0,recovery_rank_0.8,effective_rank,10,-0.5148697981926198
transformer_publication_20260622T101458Z_associative_recall_seed109,109,associative_recall,fixed_update_scale,synthetic_transformer_publication_protocol_v4,True,16.0,4,4.0,recovery_rank_0.8,stable_rank,10,-0.3813850356982369
transformer_publication_20260622T101458Z_associative_recall_seed109,109,associative_recall,fixed_update_scale,synthetic_transformer_publication_protocol_v4,True,16.0,4,4.0,recovery_rank_0.8,hard_detectable_rank,10,-0.4950737714883371
transformer_publication_20260622T101458Z_associative_recall_seed109,109,associative_recall,fixed_update_scale,synthetic_transformer_publication_protocol_v4,True,16.0,4,4.0,recovery_rank_0.8,soft_dimension,10,-0.5148697981926198
transformer_publication_20260622T101458Z_associative_recall_seed109,109,associative_recall,fixed_update_scale,synthetic_transformer_publication_protocol_v4,True,16.0,4,4.0,recovery_rank_0.8,gradient_norm,10,-0.4767312946227961
transformer_publication_20260622T101458Z_associative_recall_seed109,109,associative_recall,fixed_update_scale,synthetic_transformer_publication_protocol_v4,True,16.0,4,4.0,recovery_rank_0.8,frobenius,10,-0.4767312946227961
transformer_publication_20260622T101458Z_associative_recall_seed109,109,associative_recall,fixed_update_scale,synthetic_transformer_publication_protocol_v4,True,16.0,4,4.0,penalized_rank_lambda_0.2,effective_rank,10,-0.5393598899705937
transformer_publication_20260622T101458Z_associative_recall_seed109,109,associative_recall,fixed_update_scale,synthetic_transformer_publication_protocol_v4,True,16.0,4,4.0,penalized_rank_lambda_0.2,stable_rank,10,-0.5393598899705937
transformer_publication_20260622T101458Z_associative_recall_seed109,109,associative_recall,fixed_update_scale,synthetic_transformer_publication_protocol_v4,True,16.0,4,4.0,penalized_rank_lambda_0.2,hard_detectable_rank,10,-0.6067880364121376
transformer_publication_20260622T101458Z_associative_recall_seed109,109,associative_recall,fixed_update_scale,synthetic_transformer_publication_protocol_v4,True,16.0,4,4.0,penalized_rank_lambda_0.2,soft_dimension,10,-0.5393598899705937
transformer_publication_20260622T101458Z_associative_recall_seed109,109,associative_recall,fixed_update_scale,synthetic_transformer_publication_protocol_v4,True,16.0,4,4.0,penalized_rank_lambda_0.2,gradient_norm,10,-0.6741998624632421
transformer_publication_20260622T101458Z_associative_recall_seed109,109,associative_recall,fixed_update_scale,synthetic_transformer_publication_protocol_v4,True,16.0,4,4.0,penalized_rank_lambda_0.2,frobenius,10,-0.6741998624632421
transformer_publication_20260622T101458Z_associative_recall_seed109,109,associative_recall,fixed_update_scale,synthetic_transformer_publication_protocol_v4,True,16.0,4,4.0,penalized_rank_lambda_0.3,effective_rank,10,-0.589510684825006
transformer_publication_20260622T101458Z_associative_recall_seed109,109,associative_recall,fixed_update_scale,synthetic_transformer_publication_protocol_v4,True,16.0,4,4.0,penalized_rank_lambda_0.3,stable_rank,10,-0.4924148073244166
transformer_publication_20260622T101458Z_associative_recall_seed109,109,associative_recall,fixed_update_scale,synthetic_transformer_publication_protocol_v4,True,16.0,4,4.0,penalized_rank_lambda_0.3,hard_detectable_rank,10,-0.5689788240068997
transformer_publication_20260622T101458Z_associative_recall_seed109,109,associative_recall,fixed_update_scale,synthetic_transformer_publication_protocol_v4,True,16.0,4,4.0,penalized_rank_lambda_0.3,soft_dimension,10,-0.5409627460747113
transformer_publication_20260622T101458Z_associative_recall_seed109,109,associative_recall,fixed_update_scale,synthetic_transformer_publication_protocol_v4,True,16.0,4,4.0,penalized_rank_lambda_0.3,gradient_norm,10,-0.506285646967358
transformer_publication_20260622T101458Z_associative_recall_seed109,109,associative_recall,fixed_update_scale,synthetic_transformer_publication_protocol_v4,True,16.0,4,4.0,penalized_rank_lambda_0.3,frobenius,10,-0.506285646967358
transformer_publication_20260622T101458Z_associative_recall_seed109,109,associative_recall,rslora,synthetic_transformer_publication_protocol_v4,False,16.0,4,4.0,near_best_rank_gap_0.1,effective_rank,10,-0.3320168961455552
transformer_publication_20260622T101458Z_associative_recall_seed109,109,associative_recall,rslora,synthetic_transformer_publication_protocol_v4,False,16.0,4,4.0,near_best_rank_gap_0.1,stable_rank,10,-0.3320168961455552
transformer_publication_20260622T101458Z_associative_recall_seed109,109,associative_recall,rslora,synthetic_transformer_publication_protocol_v4,False,16.0,4,4.0,near_best_rank_gap_0.1,hard_detectable_rank,10,-0.4157778810863538
transformer_publication_20260622T101458Z_associative_recall_seed109,109,associative_recall,rslora,synthetic_transformer_publication_protocol_v4,False,16.0,4,4.0,near_best_rank_gap_0.1,soft_dimension,10,-0.2864459496157731
transformer_publication_20260622T101458Z_associative_recall_seed109,109,associative_recall,rslora,synthetic_transformer_publication_protocol_v4,False,16.0,4,4.0,near_best_rank_gap_0.1,gradient_norm,10,-0.520810817483224
transformer_publication_20260622T101458Z_associative_recall_seed109,109,associative_recall,rslora,synthetic_transformer_publication_protocol_v4,False,16.0,4,4.0,near_best_rank_gap_0.1,frobenius,10,-0.4752398709534418
transformer_publication_20260622T101458Z_associative_recall_seed109,109,associative_recall,rslora,synthetic_transformer_publication_protocol_v4,False,16.0,4,4.0,near_best_rank_gap_0.2,effective_rank,10,-0.5393598899705936
transformer_publication_20260622T101458Z_associative_recall_seed109,109,associative_recall,rslora,synthetic_transformer_publication_protocol_v4,False,16.0,4,4.0,near_best_rank_gap_0.2,stable_rank,10,-0.4045199174779453
transformer_publication_20260622T101458Z_associative_recall_seed109,109,associative_recall,rslora,synthetic_transformer_publication_protocol_v4,False,16.0,4,4.0,near_best_rank_gap_0.2,hard_detectable_rank,10,-0.5134360308102702
transformer_publication_20260622T101458Z_associative_recall_seed109,109,associative_recall,rslora,synthetic_transformer_publication_protocol_v4,False,16.0,4,4.0,near_best_rank_gap_0.2,soft_dimension,10,-0.5393598899705936
transformer_publication_20260622T101458Z_associative_recall_seed109,109,associative_recall,rslora,synthetic_transformer_publication_protocol_v4,False,16.0,4,4.0,near_best_rank_gap_0.2,gradient_norm,10,-0.4494665749754947
transformer_publication_20260622T101458Z_associative_recall_seed109,109,associative_recall,rslora,synthetic_transformer_publication_protocol_v4,False,16.0,4,4.0,near_best_rank_gap_0.2,frobenius,10,-0.4494665749754947
transformer_publication_20260622T101458Z_associative_recall_seed109,109,associative_recall,rslora,synthetic_transformer_publication_protocol_v4,False,16.0,4,4.0,recovery_rank_0.7,effective_rank,10,-0.790637859647655
transformer_publication_20260622T101458Z_associative_recall_seed109,109,associative_recall,rslora,synthetic_transformer_publication_protocol_v4,False,16.0,4,4.0,recovery_rank_0.7,stable_rank,10,-0.790637859647655
transformer_publication_20260622T101458Z_associative_recall_seed109,109,associative_recall,rslora,synthetic_transformer_publication_protocol_v4,False,16.0,4,4.0,recovery_rank_0.7,hard_detectable_rank,10,-0.8354625770227895
transformer_publication_20260622T101458Z_associative_recall_seed109,109,associative_recall,rslora,synthetic_transformer_publication_protocol_v4,False,16.0,4,4.0,recovery_rank_0.7,soft_dimension,10,-0.790637859647655
transformer_publication_20260622T101458Z_associative_recall_seed109,109,associative_recall,rslora,synthetic_transformer_publication_protocol_v4,False,16.0,4,4.0,recovery_rank_0.7,gradient_norm,10,-0.873862897505303
transformer_publication_20260622T101458Z_associative_recall_seed109,109,associative_recall,rslora,synthetic_transformer_publication_protocol_v4,False,16.0,4,4.0,recovery_rank_0.7,frobenius,10,-0.873862897505303
transformer_publication_20260622T101458Z_associative_recall_seed109,109,associative_recall,rslora,synthetic_transformer_publication_protocol_v4,False,16.0,4,4.0,recovery_rank_0.8,effective_rank,10,-0.5393598899705936
transformer_publication_20260622T101458Z_associative_recall_seed109,109,associative_recall,rslora,synthetic_transformer_publication_protocol_v4,False,16.0,4,4.0,recovery_rank_0.8,stable_rank,10,-0.4045199174779453
transformer_publication_20260622T101458Z_associative_recall_seed109,109,associative_recall,rslora,synthetic_transformer_publication_protocol_v4,False,16.0,4,4.0,recovery_rank_0.8,hard_detectable_rank,10,-0.5134360308102702
transformer_publication_20260622T101458Z_associative_recall_seed109,109,associative_recall,rslora,synthetic_transformer_publication_protocol_v4,False,16.0,4,4.0,recovery_rank_0.8,soft_dimension,10,-0.5393598899705936
transformer_publication_20260622T101458Z_associative_recall_seed109,109,associative_recall,rslora,synthetic_transformer_publication_protocol_v4,False,16.0,4,4.0,recovery_rank_0.8,gradient_norm,10,-0.4494665749754947
transformer_publication_20260622T101458Z_associative_recall_seed109,109,associative_recall,rslora,synthetic_transformer_publication_protocol_v4,False,16.0,4,4.0,recovery_rank_0.8,frobenius,10,-0.4494665749754947
transformer_publication_20260622T101458Z_associative_recall_seed109,109,associative_recall,rslora,synthetic_transformer_publication_protocol_v4,False,16.0,4,4.0,penalized_rank_lambda_0.2,effective_rank,10,-0.3481553119113956
transformer_publication_20260622T101458Z_associative_recall_seed109,109,associative_recall,rslora,synthetic_transformer_publication_protocol_v4,False,16.0,4,4.0,penalized_rank_lambda_0.2,stable_rank,10,-0.3481553119113956
transformer_publication_20260622T101458Z_associative_recall_seed109,109,associative_recall,rslora,synthetic_transformer_publication_protocol_v4,False,16.0,4,4.0,penalized_rank_lambda_0.2,hard_detectable_rank,10,-0.3615507630310936
transformer_publication_20260622T101458Z_associative_recall_seed109,109,associative_recall,rslora,synthetic_transformer_publication_protocol_v4,False,16.0,4,4.0,penalized_rank_lambda_0.2,soft_dimension,10,-0.3481553119113956
transformer_publication_20260622T101458Z_associative_recall_seed109,109,associative_recall,rslora,synthetic_transformer_publication_protocol_v4,False,16.0,4,4.0,penalized_rank_lambda_0.2,gradient_norm,10,-0.5222329678670934
transformer_publication_20260622T101458Z_associative_recall_seed109,109,associative_recall,rslora,synthetic_transformer_publication_protocol_v4,False,16.0,4,4.0,penalized_rank_lambda_0.2,frobenius,10,-0.5222329678670934
transformer_publication_20260622T101458Z_associative_recall_seed109,109,associative_recall,rslora,synthetic_transformer_publication_protocol_v4,False,16.0,4,4.0,penalized_rank_lambda_0.3,effective_rank,10,-0.419502136643795
transformer_publication_20260622T101458Z_associative_recall_seed109,109,associative_recall,rslora,synthetic_transformer_publication_protocol_v4,False,16.0,4,4.0,penalized_rank_lambda_0.3,stable_rank,10,-0.2996443833169965
transformer_publication_20260622T101458Z_associative_recall_seed109,109,associative_recall,rslora,synthetic_transformer_publication_protocol_v4,False,16.0,4,4.0,penalized_rank_lambda_0.3,hard_detectable_rank,10,-0.3422906872068468
transformer_publication_20260622T101458Z_associative_recall_seed109,109,associative_recall,rslora,synthetic_transformer_publication_protocol_v4,False,16.0,4,4.0,penalized_rank_lambda_0.3,soft_dimension,10,-0.3595732599803958
transformer_publication_20260622T101458Z_associative_recall_seed109,109,associative_recall,rslora,synthetic_transformer_publication_protocol_v4,False,16.0,4,4.0,penalized_rank_lambda_0.3,gradient_norm,10,-0.3745554791462456
transformer_publication_20260622T101458Z_associative_recall_seed109,109,associative_recall,rslora,synthetic_transformer_publication_protocol_v4,False,16.0,4,4.0,penalized_rank_lambda_0.3,frobenius,10,-0.3745554791462456
transformer_publication_20260622T101458Z_associative_recall_seed109,109,associative_recall,standard,synthetic_transformer_publication_protocol_v4,False,16.0,4,4.0,near_best_rank_gap_0.1,effective_rank,10,-0.210544542387126
transformer_publication_20260622T101458Z_associative_recall_seed109,109,associative_recall,standard,synthetic_transformer_publication_protocol_v4,False,16.0,4,4.0,near_best_rank_gap_0.1,stable_rank,10,-0.210544542387126
transformer_publication_20260622T101458Z_associative_recall_seed109,109,associative_recall,standard,synthetic_transformer_publication_protocol_v4,False,16.0,4,4.0,near_best_rank_gap_0.1,hard_detectable_rank,10,-0.2733066872302626
transformer_publication_20260622T101458Z_associative_recall_seed109,109,associative_recall,standard,synthetic_transformer_publication_protocol_v4,False,16.0,4,4.0,near_best_rank_gap_0.1,soft_dimension,10,-0.1579084067903445
transformer_publication_20260622T101458Z_associative_recall_seed109,109,associative_recall,standard,synthetic_transformer_publication_protocol_v4,False,16.0,4,4.0,near_best_rank_gap_0.1,gradient_norm,10,-0.486884254270229
transformer_publication_20260622T101458Z_associative_recall_seed109,109,associative_recall,standard,synthetic_transformer_publication_protocol_v4,False,16.0,4,4.0,near_best_rank_gap_0.1,frobenius,10,-0.4342481186734475
transformer_publication_20260622T101458Z_associative_recall_seed109,109,associative_recall,standard,synthetic_transformer_publication_protocol_v4,False,16.0,4,4.0,near_best_rank_gap_0.2,effective_rank,10,-0.4210890847742521
transformer_publication_20260622T101458Z_associative_recall_seed109,109,associative_recall,standard,synthetic_transformer_publication_protocol_v4,False,16.0,4,4.0,near_best_rank_gap_0.2,stable_rank,10,-0.2631806779839076
transformer_publication_20260622T101458Z_associative_recall_seed109,109,associative_recall,standard,synthetic_transformer_publication_protocol_v4,False,16.0,4,4.0,near_best_rank_gap_0.2,hard_detectable_rank,10,-0.3552986933993413
transformer_publication_20260622T101458Z_associative_recall_seed109,109,associative_recall,standard,synthetic_transformer_publication_protocol_v4,False,16.0,4,4.0,near_best_rank_gap_0.2,soft_dimension,10,-0.4210890847742521
transformer_publication_20260622T101458Z_associative_recall_seed109,109,associative_recall,standard,synthetic_transformer_publication_protocol_v4,False,16.0,4,4.0,near_best_rank_gap_0.2,gradient_norm,10,-0.3552939152782752
transformer_publication_20260622T101458Z_associative_recall_seed109,109,associative_recall,standard,synthetic_transformer_publication_protocol_v4,False,16.0,4,4.0,near_best_rank_gap_0.2,frobenius,10,-0.3552939152782752
transformer_publication_20260622T101458Z_associative_recall_seed109,109,associative_recall,standard,synthetic_transformer_publication_protocol_v4,False,16.0,4,4.0,recovery_rank_0.7,effective_rank,10,-0.790637859647655
transformer_publication_20260622T101458Z_associative_recall_seed109,109,associative_recall,standard,synthetic_transformer_publication_protocol_v4,False,16.0,4,4.0,recovery_rank_0.7,stable_rank,10,-0.790637859647655
transformer_publication_20260622T101458Z_associative_recall_seed109,109,associative_recall,standard,synthetic_transformer_publication_protocol_v4,False,16.0,4,4.0,recovery_rank_0.7,hard_detectable_rank,10,-0.8354625770227895
transformer_publication_20260622T101458Z_associative_recall_seed109,109,associative_recall,standard,synthetic_transformer_publication_protocol_v4,False,16.0,4,4.0,recovery_rank_0.7,soft_dimension,10,-0.790637859647655
transformer_publication_20260622T101458Z_associative_recall_seed109,109,associative_recall,standard,synthetic_transformer_publication_protocol_v4,False,16.0,4,4.0,recovery_rank_0.7,gradient_norm,10,-0.873862897505303
transformer_publication_20260622T101458Z_associative_recall_seed109,109,associative_recall,standard,synthetic_transformer_publication_protocol_v4,False,16.0,4,4.0,recovery_rank_0.7,frobenius,10,-0.873862897505303
transformer_publication_20260622T101458Z_associative_recall_seed109,109,associative_recall,standard,synthetic_transformer_publication_protocol_v4,False,16.0,4,4.0,recovery_rank_0.8,effective_rank,10,-0.4210890847742521
transformer_publication_20260622T101458Z_associative_recall_seed109,109,associative_recall,standard,synthetic_transformer_publication_protocol_v4,False,16.0,4,4.0,recovery_rank_0.8,stable_rank,10,-0.2631806779839076
transformer_publication_20260622T101458Z_associative_recall_seed109,109,associative_recall,standard,synthetic_transformer_publication_protocol_v4,False,16.0,4,4.0,recovery_rank_0.8,hard_detectable_rank,10,-0.3552986933993413
transformer_publication_20260622T101458Z_associative_recall_seed109,109,associative_recall,standard,synthetic_transformer_publication_protocol_v4,False,16.0,4,4.0,recovery_rank_0.8,soft_dimension,10,-0.4210890847742521
transformer_publication_20260622T101458Z_associative_recall_seed109,109,associative_recall,standard,synthetic_transformer_publication_protocol_v4,False,16.0,4,4.0,recovery_rank_0.8,gradient_norm,10,-0.3552939152782752
transformer_publication_20260622T101458Z_associative_recall_seed109,109,associative_recall,standard,synthetic_transformer_publication_protocol_v4,False,16.0,4,4.0,recovery_rank_0.8,frobenius,10,-0.3552939152782752
transformer_publication_20260622T101458Z_associative_recall_seed109,109,associative_recall,standard,synthetic_transformer_publication_protocol_v4,False,16.0,4,4.0,penalized_rank_lambda_0.2,effective_rank,10,-0.110096376512636
transformer_publication_20260622T101458Z_associative_recall_seed109,109,associative_recall,standard,synthetic_transformer_publication_protocol_v4,False,16.0,4,4.0,penalized_rank_lambda_0.2,stable_rank,10,0.0
transformer_publication_20260622T101458Z_associative_recall_seed109,109,associative_recall,standard,synthetic_transformer_publication_protocol_v4,False,16.0,4,4.0,penalized_rank_lambda_0.2,hard_detectable_rank,10,-0.0571661950475029
transformer_publication_20260622T101458Z_associative_recall_seed109,109,associative_recall,standard,synthetic_transformer_publication_protocol_v4,False,16.0,4,4.0,penalized_rank_lambda_0.2,soft_dimension,10,-0.055048188256318
transformer_publication_20260622T101458Z_associative_recall_seed109,109,associative_recall,standard,synthetic_transformer_publication_protocol_v4,False,16.0,4,4.0,penalized_rank_lambda_0.2,gradient_norm,10,-0.110096376512636
transformer_publication_20260622T101458Z_associative_recall_seed109,109,associative_recall,standard,synthetic_transformer_publication_protocol_v4,False,16.0,4,4.0,penalized_rank_lambda_0.2,frobenius,10,-0.110096376512636
transformer_publication_20260622T101458Z_associative_recall_seed109,109,associative_recall,standard,synthetic_transformer_publication_protocol_v4,False,16.0,4,4.0,penalized_rank_lambda_0.3,effective_rank,10,-0.110096376512636
transformer_publication_20260622T101458Z_associative_recall_seed109,109,associative_recall,standard,synthetic_transformer_publication_protocol_v4,False,16.0,4,4.0,penalized_rank_lambda_0.3,stable_rank,10,0.0
transformer_publication_20260622T101458Z_associative_recall_seed109,109,associative_recall,standard,synthetic_transformer_publication_protocol_v4,False,16.0,4,4.0,penalized_rank_lambda_0.3,hard_detectable_rank,10,-0.0571661950475029
transformer_publication_20260622T101458Z_associative_recall_seed109,109,associative_recall,standard,synthetic_transformer_publication_protocol_v4,False,16.0,4,4.0,penalized_rank_lambda_0.3,soft_dimension,10,-0.055048188256318
transformer_publication_20260622T101458Z_associative_recall_seed109,109,associative_recall,standard,synthetic_transformer_publication_protocol_v4,False,16.0,4,4.0,penalized_rank_lambda_0.3,gradient_norm,10,-0.110096376512636
transformer_publication_20260622T101458Z_associative_recall_seed109,109,associative_recall,standard,synthetic_transformer_publication_protocol_v4,False,16.0,4,4.0,penalized_rank_lambda_0.3,frobenius,10,-0.110096376512636
transformer_publication_20260622T101458Z_associative_recall_seed113,113,associative_recall,fixed_update_scale,synthetic_transformer_publication_protocol_v4,True,16.0,4,4.0,near_best_rank_gap_0.1,effective_rank,10,-0.4221158824088691
transformer_publication_20260622T101458Z_associative_recall_seed113,113,associative_recall,fixed_update_scale,synthetic_transformer_publication_protocol_v4,True,16.0,4,4.0,near_best_rank_gap_0.1,stable_rank,10,-0.4824181513244218
transformer_publication_20260622T101458Z_associative_recall_seed113,113,associative_recall,fixed_update_scale,synthetic_transformer_publication_protocol_v4,True,16.0,4,4.0,near_best_rank_gap_0.1,hard_detectable_rank,10,-0.4327368097317529
transformer_publication_20260622T101458Z_associative_recall_seed113,113,associative_recall,fixed_update_scale,synthetic_transformer_publication_protocol_v4,True,16.0,4,4.0,near_best_rank_gap_0.1,soft_dimension,10,-0.4824181513244218
transformer_publication_20260622T101458Z_associative_recall_seed113,113,associative_recall,fixed_update_scale,synthetic_transformer_publication_protocol_v4,True,16.0,4,4.0,near_best_rank_gap_0.1,gradient_norm,10,-0.6432242017658957
transformer_publication_20260622T101458Z_associative_recall_seed113,113,associative_recall,fixed_update_scale,synthetic_transformer_publication_protocol_v4,True,16.0,4,4.0,near_best_rank_gap_0.1,frobenius,10,-0.5829219328503429
transformer_publication_20260622T101458Z_associative_recall_seed113,113,associative_recall,fixed_update_scale,synthetic_transformer_publication_protocol_v4,True,16.0,4,4.0,near_best_rank_gap_0.2,effective_rank,10,-0.7106690545187014
transformer_publication_20260622T101458Z_associative_recall_seed113,113,associative_recall,fixed_update_scale,synthetic_transformer_publication_protocol_v4,True,16.0,4,4.0,near_best_rank_gap_0.2,stable_rank,10,-0.7817359599705715
transformer_publication_20260622T101458Z_associative_recall_seed113,113,associative_recall,fixed_update_scale,synthetic_transformer_publication_protocol_v4,True,16.0,4,4.0,near_best_rank_gap_0.2,hard_detectable_rank,10,-0.6556952842079041
transformer_publication_20260622T101458Z_associative_recall_seed113,113,associative_recall,fixed_update_scale,synthetic_transformer_publication_protocol_v4,True,16.0,4,4.0,near_best_rank_gap_0.2,soft_dimension,10,-0.7817359599705715
transformer_publication_20260622T101458Z_associative_recall_seed113,113,associative_recall,fixed_update_scale,synthetic_transformer_publication_protocol_v4,True,16.0,4,4.0,near_best_rank_gap_0.2,gradient_norm,10,-0.8528028654224415
transformer_publication_20260622T101458Z_associative_recall_seed113,113,associative_recall,fixed_update_scale,synthetic_transformer_publication_protocol_v4,True,16.0,4,4.0,near_best_rank_gap_0.2,frobenius,10,-0.8528028654224415
transformer_publication_20260622T101458Z_associative_recall_seed113,113,associative_recall,fixed_update_scale,synthetic_transformer_publication_protocol_v4,True,16.0,4,4.0,recovery_rank_0.7,effective_rank,10,-0.749025340718831
transformer_publication_20260622T101458Z_associative_recall_seed113,113,associative_recall,fixed_update_scale,synthetic_transformer_publication_protocol_v4,True,16.0,4,4.0,recovery_rank_0.7,stable_rank,10,-0.8114441191120669
transformer_publication_20260622T101458Z_associative_recall_seed113,113,associative_recall,fixed_update_scale,synthetic_transformer_publication_protocol_v4,True,16.0,4,4.0,recovery_rank_0.7,hard_detectable_rank,10,-0.7038823832595531
transformer_publication_20260622T101458Z_associative_recall_seed113,113,associative_recall,fixed_update_scale,synthetic_transformer_publication_protocol_v4,True,16.0,4,4.0,recovery_rank_0.7,soft_dimension,10,-0.8114441191120669
transformer_publication_20260622T101458Z_associative_recall_seed113,113,associative_recall,fixed_update_scale,synthetic_transformer_publication_protocol_v4,True,16.0,4,4.0,recovery_rank_0.7,gradient_norm,10,-0.8183795389335375
transformer_publication_20260622T101458Z_associative_recall_seed113,113,associative_recall,fixed_update_scale,synthetic_transformer_publication_protocol_v4,True,16.0,4,4.0,recovery_rank_0.7,frobenius,10,-0.8183795389335375
transformer_publication_20260622T101458Z_associative_recall_seed113,113,associative_recall,fixed_update_scale,synthetic_transformer_publication_protocol_v4,True,16.0,4,4.0,recovery_rank_0.8,effective_rank,10,-0.7106690545187014
transformer_publication_20260622T101458Z_associative_recall_seed113,113,associative_recall,fixed_update_scale,synthetic_transformer_publication_protocol_v4,True,16.0,4,4.0,recovery_rank_0.8,stable_rank,10,-0.7817359599705715
transformer_publication_20260622T101458Z_associative_recall_seed113,113,associative_recall,fixed_update_scale,synthetic_transformer_publication_protocol_v4,True,16.0,4,4.0,recovery_rank_0.8,hard_detectable_rank,10,-0.6556952842079041
transformer_publication_20260622T101458Z_associative_recall_seed113,113,associative_recall,fixed_update_scale,synthetic_transformer_publication_protocol_v4,True,16.0,4,4.0,recovery_rank_0.8,soft_dimension,10,-0.7817359599705715
transformer_publication_20260622T101458Z_associative_recall_seed113,113,associative_recall,fixed_update_scale,synthetic_transformer_publication_protocol_v4,True,16.0,4,4.0,recovery_rank_0.8,gradient_norm,10,-0.8528028654224415
transformer_publication_20260622T101458Z_associative_recall_seed113,113,associative_recall,fixed_update_scale,synthetic_transformer_publication_protocol_v4,True,16.0,4,4.0,recovery_rank_0.8,frobenius,10,-0.8528028654224415
transformer_publication_20260622T101458Z_associative_recall_seed113,113,associative_recall,fixed_update_scale,synthetic_transformer_publication_protocol_v4,True,16.0,4,4.0,penalized_rank_lambda_0.2,effective_rank,10,-0.7106690545187014
transformer_publication_20260622T101458Z_associative_recall_seed113,113,associative_recall,fixed_update_scale,synthetic_transformer_publication_protocol_v4,True,16.0,4,4.0,penalized_rank_lambda_0.2,stable_rank,10,-0.7817359599705715
transformer_publication_20260622T101458Z_associative_recall_seed113,113,associative_recall,fixed_update_scale,synthetic_transformer_publication_protocol_v4,True,16.0,4,4.0,penalized_rank_lambda_0.2,hard_detectable_rank,10,-0.6556952842079041
transformer_publication_20260622T101458Z_associative_recall_seed113,113,associative_recall,fixed_update_scale,synthetic_transformer_publication_protocol_v4,True,16.0,4,4.0,penalized_rank_lambda_0.2,soft_dimension,10,-0.7817359599705715
transformer_publication_20260622T101458Z_associative_recall_seed113,113,associative_recall,fixed_update_scale,synthetic_transformer_publication_protocol_v4,True,16.0,4,4.0,penalized_rank_lambda_0.2,gradient_norm,10,-0.8528028654224415
transformer_publication_20260622T101458Z_associative_recall_seed113,113,associative_recall,fixed_update_scale,synthetic_transformer_publication_protocol_v4,True,16.0,4,4.0,penalized_rank_lambda_0.2,frobenius,10,-0.8528028654224415
transformer_publication_20260622T101458Z_associative_recall_seed113,113,associative_recall,fixed_update_scale,synthetic_transformer_publication_protocol_v4,True,16.0,4,4.0,penalized_rank_lambda_0.3,effective_rank,10,-0.7977240352174656
transformer_publication_20260622T101458Z_associative_recall_seed113,113,associative_recall,fixed_update_scale,synthetic_transformer_publication_protocol_v4,True,16.0,4,4.0,penalized_rank_lambda_0.3,stable_rank,10,-0.7977240352174656
transformer_publication_20260622T101458Z_associative_recall_seed113,113,associative_recall,fixed_update_scale,synthetic_transformer_publication_protocol_v4,True,16.0,4,4.0,penalized_rank_lambda_0.3,hard_detectable_rank,10,-0.5062544817012931
transformer_publication_20260622T101458Z_associative_recall_seed113,113,associative_recall,fixed_update_scale,synthetic_transformer_publication_protocol_v4,True,16.0,4,4.0,penalized_rank_lambda_0.3,soft_dimension,10,-0.7977240352174656
transformer_publication_20260622T101458Z_associative_recall_seed113,113,associative_recall,fixed_update_scale,synthetic_transformer_publication_protocol_v4,True,16.0,4,4.0,penalized_rank_lambda_0.3,gradient_norm,10,-0.6457765999379484
transformer_publication_20260622T101458Z_associative_recall_seed113,113,associative_recall,fixed_update_scale,synthetic_transformer_publication_protocol_v4,True,16.0,4,4.0,penalized_rank_lambda_0.3,frobenius,10,-0.6457765999379484
transformer_publication_20260622T101458Z_associative_recall_seed113,113,associative_recall,rslora,synthetic_transformer_publication_protocol_v4,False,16.0,4,4.0,near_best_rank_gap_0.1,effective_rank,10,-0.4221158824088691
transformer_publication_20260622T101458Z_associative_recall_seed113,113,associative_recall,rslora,synthetic_transformer_publication_protocol_v4,False,16.0,4,4.0,near_best_rank_gap_0.1,stable_rank,10,-0.4824181513244218
transformer_publication_20260622T101458Z_associative_recall_seed113,113,associative_recall,rslora,synthetic_transformer_publication_protocol_v4,False,16.0,4,4.0,near_best_rank_gap_0.1,hard_detectable_rank,10,-0.4327368097317529
transformer_publication_20260622T101458Z_associative_recall_seed113,113,associative_recall,rslora,synthetic_transformer_publication_protocol_v4,False,16.0,4,4.0,near_best_rank_gap_0.1,soft_dimension,10,-0.4824181513244218
transformer_publication_20260622T101458Z_associative_recall_seed113,113,associative_recall,rslora,synthetic_transformer_publication_protocol_v4,False,16.0,4,4.0,near_best_rank_gap_0.1,gradient_norm,10,-0.6432242017658957
transformer_publication_20260622T101458Z_associative_recall_seed113,113,associative_recall,rslora,synthetic_transformer_publication_protocol_v4,False,16.0,4,4.0,near_best_rank_gap_0.1,frobenius,10,-0.5829219328503429
transformer_publication_20260622T101458Z_associative_recall_seed113,113,associative_recall,rslora,synthetic_transformer_publication_protocol_v4,False,16.0,4,4.0,near_best_rank_gap_0.2,effective_rank,10,-0.5963224370537991
transformer_publication_20260622T101458Z_associative_recall_seed113,113,associative_recall,rslora,synthetic_transformer_publication_protocol_v4,False,16.0,4,4.0,near_best_rank_gap_0.2,stable_rank,10,-0.670025210172808
transformer_publication_20260622T101458Z_associative_recall_seed113,113,associative_recall,rslora,synthetic_transformer_publication_protocol_v4,False,16.0,4,4.0,near_best_rank_gap_0.2,hard_detectable_rank,10,-0.5357693834774083
transformer_publication_20260622T101458Z_associative_recall_seed113,113,associative_recall,rslora,synthetic_transformer_publication_protocol_v4,False,16.0,4,4.0,near_best_rank_gap_0.2,soft_dimension,10,-0.670025210172808
transformer_publication_20260622T101458Z_associative_recall_seed113,113,associative_recall,rslora,synthetic_transformer_publication_protocol_v4,False,16.0,4,4.0,near_best_rank_gap_0.2,gradient_norm,10,-0.7035264706814484
transformer_publication_20260622T101458Z_associative_recall_seed113,113,associative_recall,rslora,synthetic_transformer_publication_protocol_v4,False,16.0,4,4.0,near_best_rank_gap_0.2,frobenius,10,-0.7035264706814484
transformer_publication_20260622T101458Z_associative_recall_seed113,113,associative_recall,rslora,synthetic_transformer_publication_protocol_v4,False,16.0,4,4.0,recovery_rank_0.7,effective_rank,10,-0.749025340718831
transformer_publication_20260622T101458Z_associative_recall_seed113,113,associative_recall,rslora,synthetic_transformer_publication_protocol_v4,False,16.0,4,4.0,recovery_rank_0.7,stable_rank,10,-0.8114441191120669
transformer_publication_20260622T101458Z_associative_recall_seed113,113,associative_recall,rslora,synthetic_transformer_publication_protocol_v4,False,16.0,4,4.0,recovery_rank_0.7,hard_detectable_rank,10,-0.7038823832595531
transformer_publication_20260622T101458Z_associative_recall_seed113,113,associative_recall,rslora,synthetic_transformer_publication_protocol_v4,False,16.0,4,4.0,recovery_rank_0.7,soft_dimension,10,-0.8114441191120669
transformer_publication_20260622T101458Z_associative_recall_seed113,113,associative_recall,rslora,synthetic_transformer_publication_protocol_v4,False,16.0,4,4.0,recovery_rank_0.7,gradient_norm,10,-0.8183795389335375
transformer_publication_20260622T101458Z_associative_recall_seed113,113,associative_recall,rslora,synthetic_transformer_publication_protocol_v4,False,16.0,4,4.0,recovery_rank_0.7,frobenius,10,-0.8183795389335375
transformer_publication_20260622T101458Z_associative_recall_seed113,113,associative_recall,rslora,synthetic_transformer_publication_protocol_v4,False,16.0,4,4.0,recovery_rank_0.8,effective_rank,10,-0.5963224370537991
transformer_publication_20260622T101458Z_associative_recall_seed113,113,associative_recall,rslora,synthetic_transformer_publication_protocol_v4,False,16.0,4,4.0,recovery_rank_0.8,stable_rank,10,-0.670025210172808
transformer_publication_20260622T101458Z_associative_recall_seed113,113,associative_recall,rslora,synthetic_transformer_publication_protocol_v4,False,16.0,4,4.0,recovery_rank_0.8,hard_detectable_rank,10,-0.5357693834774083
transformer_publication_20260622T101458Z_associative_recall_seed113,113,associative_recall,rslora,synthetic_transformer_publication_protocol_v4,False,16.0,4,4.0,recovery_rank_0.8,soft_dimension,10,-0.670025210172808
transformer_publication_20260622T101458Z_associative_recall_seed113,113,associative_recall,rslora,synthetic_transformer_publication_protocol_v4,False,16.0,4,4.0,recovery_rank_0.8,gradient_norm,10,-0.7035264706814484
transformer_publication_20260622T101458Z_associative_recall_seed113,113,associative_recall,rslora,synthetic_transformer_publication_protocol_v4,False,16.0,4,4.0,recovery_rank_0.8,frobenius,10,-0.7035264706814484
transformer_publication_20260622T101458Z_associative_recall_seed113,113,associative_recall,rslora,synthetic_transformer_publication_protocol_v4,False,16.0,4,4.0,penalized_rank_lambda_0.2,effective_rank,10,-0.7977240352174656
transformer_publication_20260622T101458Z_associative_recall_seed113,113,associative_recall,rslora,synthetic_transformer_publication_protocol_v4,False,16.0,4,4.0,penalized_rank_lambda_0.2,stable_rank,10,-0.7977240352174656
transformer_publication_20260622T101458Z_associative_recall_seed113,113,associative_recall,rslora,synthetic_transformer_publication_protocol_v4,False,16.0,4,4.0,penalized_rank_lambda_0.2,hard_detectable_rank,10,-0.5062544817012931
transformer_publication_20260622T101458Z_associative_recall_seed113,113,associative_recall,rslora,synthetic_transformer_publication_protocol_v4,False,16.0,4,4.0,penalized_rank_lambda_0.2,soft_dimension,10,-0.7977240352174656
transformer_publication_20260622T101458Z_associative_recall_seed113,113,associative_recall,rslora,synthetic_transformer_publication_protocol_v4,False,16.0,4,4.0,penalized_rank_lambda_0.2,gradient_norm,10,-0.6457765999379484
transformer_publication_20260622T101458Z_associative_recall_seed113,113,associative_recall,rslora,synthetic_transformer_publication_protocol_v4,False,16.0,4,4.0,penalized_rank_lambda_0.2,frobenius,10,-0.6457765999379484
transformer_publication_20260622T101458Z_associative_recall_seed113,113,associative_recall,rslora,synthetic_transformer_publication_protocol_v4,False,16.0,4,4.0,penalized_rank_lambda_0.3,effective_rank,10,-0.3370999312316211
transformer_publication_20260622T101458Z_associative_recall_seed113,113,associative_recall,rslora,synthetic_transformer_publication_protocol_v4,False,16.0,4,4.0,penalized_rank_lambda_0.3,stable_rank,10,-0.3370999312316211
transformer_publication_20260622T101458Z_associative_recall_seed113,113,associative_recall,rslora,synthetic_transformer_publication_protocol_v4,False,16.0,4,4.0,penalized_rank_lambda_0.3,hard_detectable_rank,10,-0.2764654065504549
transformer_publication_20260622T101458Z_associative_recall_seed113,113,associative_recall,rslora,synthetic_transformer_publication_protocol_v4,False,16.0,4,4.0,penalized_rank_lambda_0.3,soft_dimension,10,-0.3370999312316211
transformer_publication_20260622T101458Z_associative_recall_seed113,113,associative_recall,rslora,synthetic_transformer_publication_protocol_v4,False,16.0,4,4.0,penalized_rank_lambda_0.3,gradient_norm,10,-0.2172421779048224
transformer_publication_20260622T101458Z_associative_recall_seed113,113,associative_recall,rslora,synthetic_transformer_publication_protocol_v4,False,16.0,4,4.0,penalized_rank_lambda_0.3,frobenius,10,-0.1498221916584982
transformer_publication_20260622T101458Z_associative_recall_seed113,113,associative_recall,standard,synthetic_transformer_publication_protocol_v4,False,16.0,4,4.0,near_best_rank_gap_0.1,effective_rank,10,-0.3474756221281581
transformer_publication_20260622T101458Z_associative_recall_seed113,113,associative_recall,standard,synthetic_transformer_publication_protocol_v4,False,16.0,4,4.0,near_best_rank_gap_0.1,stable_rank,10,-0.3999247726380688
transformer_publication_20260622T101458Z_associative_recall_seed113,113,associative_recall,standard,synthetic_transformer_publication_protocol_v4,False,16.0,4,4.0,near_best_rank_gap_0.1,hard_detectable_rank,10,-0.3293340974368764
transformer_publication_20260622T101458Z_associative_recall_seed113,113,associative_recall,standard,synthetic_transformer_publication_protocol_v4,False,16.0,4,4.0,near_best_rank_gap_0.1,soft_dimension,10,-0.3999247726380688
transformer_publication_20260622T101458Z_associative_recall_seed113,113,associative_recall,standard,synthetic_transformer_publication_protocol_v4,False,16.0,4,4.0,near_best_rank_gap_0.1,gradient_norm,10,-0.6097213746777114
transformer_publication_20260622T101458Z_associative_recall_seed113,113,associative_recall,standard,synthetic_transformer_publication_protocol_v4,False,16.0,4,4.0,near_best_rank_gap_0.1,frobenius,10,-0.5310476489128454
transformer_publication_20260622T101458Z_associative_recall_seed113,113,associative_recall,standard,synthetic_transformer_publication_protocol_v4,False,16.0,4,4.0,near_best_rank_gap_0.2,effective_rank,10,-0.4737252203710337
transformer_publication_20260622T101458Z_associative_recall_seed113,113,associative_recall,standard,synthetic_transformer_publication_protocol_v4,False,16.0,4,4.0,near_best_rank_gap_0.2,stable_rank,10,-0.5592589407158037
transformer_publication_20260622T101458Z_associative_recall_seed113,113,associative_recall,standard,synthetic_transformer_publication_protocol_v4,False,16.0,4,4.0,near_best_rank_gap_0.2,hard_detectable_rank,10,-0.5328601555801612
transformer_publication_20260622T101458Z_associative_recall_seed113,113,associative_recall,standard,synthetic_transformer_publication_protocol_v4,False,16.0,4,4.0,near_best_rank_gap_0.2,soft_dimension,10,-0.5592589407158037
transformer_publication_20260622T101458Z_associative_recall_seed113,113,associative_recall,standard,synthetic_transformer_publication_protocol_v4,False,16.0,4,4.0,near_best_rank_gap_0.2,gradient_norm,10,-0.5921565254637922
transformer_publication_20260622T101458Z_associative_recall_seed113,113,associative_recall,standard,synthetic_transformer_publication_protocol_v4,False,16.0,4,4.0,near_best_rank_gap_0.2,frobenius,10,-0.5921565254637922
transformer_publication_20260622T101458Z_associative_recall_seed113,113,associative_recall,standard,synthetic_transformer_publication_protocol_v4,False,16.0,4,4.0,recovery_rank_0.7,effective_rank,10,-0.6103169442894179
transformer_publication_20260622T101458Z_associative_recall_seed113,113,associative_recall,standard,synthetic_transformer_publication_protocol_v4,False,16.0,4,4.0,recovery_rank_0.7,stable_rank,10,-0.7004774019685364
transformer_publication_20260622T101458Z_associative_recall_seed113,113,associative_recall,standard,synthetic_transformer_publication_protocol_v4,False,16.0,4,4.0,recovery_rank_0.7,hard_detectable_rank,10,-0.6470029987537306
transformer_publication_20260622T101458Z_associative_recall_seed113,113,associative_recall,standard,synthetic_transformer_publication_protocol_v4,False,16.0,4,4.0,recovery_rank_0.7,soft_dimension,10,-0.7004774019685364
transformer_publication_20260622T101458Z_associative_recall_seed113,113,associative_recall,standard,synthetic_transformer_publication_protocol_v4,False,16.0,4,4.0,recovery_rank_0.7,gradient_norm,10,-0.8461212182194202
transformer_publication_20260622T101458Z_associative_recall_seed113,113,associative_recall,standard,synthetic_transformer_publication_protocol_v4,False,16.0,4,4.0,recovery_rank_0.7,frobenius,10,-0.8461212182194202
transformer_publication_20260622T101458Z_associative_recall_seed113,113,associative_recall,standard,synthetic_transformer_publication_protocol_v4,False,16.0,4,4.0,recovery_rank_0.8,effective_rank,10,-0.4737252203710337
transformer_publication_20260622T101458Z_associative_recall_seed113,113,associative_recall,standard,synthetic_transformer_publication_protocol_v4,False,16.0,4,4.0,recovery_rank_0.8,stable_rank,10,-0.5592589407158037
transformer_publication_20260622T101458Z_associative_recall_seed113,113,associative_recall,standard,synthetic_transformer_publication_protocol_v4,False,16.0,4,4.0,recovery_rank_0.8,hard_detectable_rank,10,-0.5328601555801612
transformer_publication_20260622T101458Z_associative_recall_seed113,113,associative_recall,standard,synthetic_transformer_publication_protocol_v4,False,16.0,4,4.0,recovery_rank_0.8,soft_dimension,10,-0.5592589407158037
transformer_publication_20260622T101458Z_associative_recall_seed113,113,associative_recall,standard,synthetic_transformer_publication_protocol_v4,False,16.0,4,4.0,recovery_rank_0.8,gradient_norm,10,-0.5921565254637922
transformer_publication_20260622T101458Z_associative_recall_seed113,113,associative_recall,standard,synthetic_transformer_publication_protocol_v4,False,16.0,4,4.0,recovery_rank_0.8,frobenius,10,-0.5921565254637922
transformer_publication_20260622T101458Z_associative_recall_seed113,113,associative_recall,standard,synthetic_transformer_publication_protocol_v4,False,16.0,4,4.0,penalized_rank_lambda_0.2,effective_rank,10,-0.7977240352174656
transformer_publication_20260622T101458Z_associative_recall_seed113,113,associative_recall,standard,synthetic_transformer_publication_protocol_v4,False,16.0,4,4.0,penalized_rank_lambda_0.2,stable_rank,10,-0.7977240352174656
transformer_publication_20260622T101458Z_associative_recall_seed113,113,associative_recall,standard,synthetic_transformer_publication_protocol_v4,False,16.0,4,4.0,penalized_rank_lambda_0.2,hard_detectable_rank,10,-0.5062544817012931
transformer_publication_20260622T101458Z_associative_recall_seed113,113,associative_recall,standard,synthetic_transformer_publication_protocol_v4,False,16.0,4,4.0,penalized_rank_lambda_0.2,soft_dimension,10,-0.7977240352174656
transformer_publication_20260622T101458Z_associative_recall_seed113,113,associative_recall,standard,synthetic_transformer_publication_protocol_v4,False,16.0,4,4.0,penalized_rank_lambda_0.2,gradient_norm,10,-0.6457765999379484
transformer_publication_20260622T101458Z_associative_recall_seed113,113,associative_recall,standard,synthetic_transformer_publication_protocol_v4,False,16.0,4,4.0,penalized_rank_lambda_0.2,frobenius,10,-0.6457765999379484
transformer_publication_20260622T101458Z_associative_recall_seed113,113,associative_recall,standard,synthetic_transformer_publication_protocol_v4,False,16.0,4,4.0,penalized_rank_lambda_0.3,effective_rank,10,-0.3370999312316211
transformer_publication_20260622T101458Z_associative_recall_seed113,113,associative_recall,standard,synthetic_transformer_publication_protocol_v4,False,16.0,4,4.0,penalized_rank_lambda_0.3,stable_rank,10,-0.3370999312316211
transformer_publication_20260622T101458Z_associative_recall_seed113,113,associative_recall,standard,synthetic_transformer_publication_protocol_v4,False,16.0,4,4.0,penalized_rank_lambda_0.3,hard_detectable_rank,10,-0.2764654065504549
transformer_publication_20260622T101458Z_associative_recall_seed113,113,associative_recall,standard,synthetic_transformer_publication_protocol_v4,False,16.0,4,4.0,penalized_rank_lambda_0.3,soft_dimension,10,-0.3370999312316211
transformer_publication_20260622T101458Z_associative_recall_seed113,113,associative_recall,standard,synthetic_transformer_publication_protocol_v4,False,16.0,4,4.0,penalized_rank_lambda_0.3,gradient_norm,10,-0.2172421779048224
transformer_publication_20260622T101458Z_associative_recall_seed113,113,associative_recall,standard,synthetic_transformer_publication_protocol_v4,False,16.0,4,4.0,penalized_rank_lambda_0.3,frobenius,10,-0.1498221916584982
transformer_publication_20260622T101458Z_modular_seed101,101,modular,fixed_update_scale,synthetic_transformer_publication_protocol_v4,True,16.0,4,4.0,near_best_rank_gap_0.1,effective_rank,8,0.1259881576697424
transformer_publication_20260622T101458Z_modular_seed101,101,modular,fixed_update_scale,synthetic_transformer_publication_protocol_v4,True,16.0,4,4.0,near_best_rank_gap_0.1,stable_rank,8,0.0
transformer_publication_20260622T101458Z_modular_seed101,101,modular,fixed_update_scale,synthetic_transformer_publication_protocol_v4,True,16.0,4,4.0,near_best_rank_gap_0.1,hard_detectable_rank,8,-0.2760262237369416
transformer_publication_20260622T101458Z_modular_seed101,101,modular,fixed_update_scale,synthetic_transformer_publication_protocol_v4,True,16.0,4,4.0,near_best_rank_gap_0.1,soft_dimension,8,0.0
transformer_publication_20260622T101458Z_modular_seed101,101,modular,fixed_update_scale,synthetic_transformer_publication_protocol_v4,True,16.0,4,4.0,near_best_rank_gap_0.1,gradient_norm,8,-0.3779644730092272
transformer_publication_20260622T101458Z_modular_seed101,101,modular,fixed_update_scale,synthetic_transformer_publication_protocol_v4,True,16.0,4,4.0,near_best_rank_gap_0.1,frobenius,8,-0.3779644730092272
transformer_publication_20260622T101458Z_modular_seed101,101,modular,fixed_update_scale,synthetic_transformer_publication_protocol_v4,True,16.0,4,4.0,near_best_rank_gap_0.2,effective_rank,8,0.2519763153394848
transformer_publication_20260622T101458Z_modular_seed101,101,modular,fixed_update_scale,synthetic_transformer_publication_protocol_v4,True,16.0,4,4.0,near_best_rank_gap_0.2,stable_rank,8,-0.1259881576697424
transformer_publication_20260622T101458Z_modular_seed101,101,modular,fixed_update_scale,synthetic_transformer_publication_protocol_v4,True,16.0,4,4.0,near_best_rank_gap_0.2,hard_detectable_rank,8,-0.2070196678027062
transformer_publication_20260622T101458Z_modular_seed101,101,modular,fixed_update_scale,synthetic_transformer_publication_protocol_v4,True,16.0,4,4.0,near_best_rank_gap_0.2,soft_dimension,8,0.0
transformer_publication_20260622T101458Z_modular_seed101,101,modular,fixed_update_scale,synthetic_transformer_publication_protocol_v4,True,16.0,4,4.0,near_best_rank_gap_0.2,gradient_norm,8,-0.629940788348712
transformer_publication_20260622T101458Z_modular_seed101,101,modular,fixed_update_scale,synthetic_transformer_publication_protocol_v4,True,16.0,4,4.0,near_best_rank_gap_0.2,frobenius,8,-0.629940788348712
transformer_publication_20260622T101458Z_modular_seed101,101,modular,fixed_update_scale,synthetic_transformer_publication_protocol_v4,True,16.0,4,4.0,recovery_rank_0.7,effective_rank,8,
transformer_publication_20260622T101458Z_modular_seed101,101,modular,fixed_update_scale,synthetic_transformer_publication_protocol_v4,True,16.0,4,4.0,recovery_rank_0.7,stable_rank,8,
transformer_publication_20260622T101458Z_modular_seed101,101,modular,fixed_update_scale,synthetic_transformer_publication_protocol_v4,True,16.0,4,4.0,recovery_rank_0.7,hard_detectable_rank,8,
transformer_publication_20260622T101458Z_modular_seed101,101,modular,fixed_update_scale,synthetic_transformer_publication_protocol_v4,True,16.0,4,4.0,recovery_rank_0.7,soft_dimension,8,
transformer_publication_20260622T101458Z_modular_seed101,101,modular,fixed_update_scale,synthetic_transformer_publication_protocol_v4,True,16.0,4,4.0,recovery_rank_0.7,gradient_norm,8,
transformer_publication_20260622T101458Z_modular_seed101,101,modular,fixed_update_scale,synthetic_transformer_publication_protocol_v4,True,16.0,4,4.0,recovery_rank_0.7,frobenius,8,
transformer_publication_20260622T101458Z_modular_seed101,101,modular,fixed_update_scale,synthetic_transformer_publication_protocol_v4,True,16.0,4,4.0,recovery_rank_0.8,effective_rank,8,0.2519763153394848
transformer_publication_20260622T101458Z_modular_seed101,101,modular,fixed_update_scale,synthetic_transformer_publication_protocol_v4,True,16.0,4,4.0,recovery_rank_0.8,stable_rank,8,-0.1259881576697424
transformer_publication_20260622T101458Z_modular_seed101,101,modular,fixed_update_scale,synthetic_transformer_publication_protocol_v4,True,16.0,4,4.0,recovery_rank_0.8,hard_detectable_rank,8,-0.2070196678027062
transformer_publication_20260622T101458Z_modular_seed101,101,modular,fixed_update_scale,synthetic_transformer_publication_protocol_v4,True,16.0,4,4.0,recovery_rank_0.8,soft_dimension,8,0.0
transformer_publication_20260622T101458Z_modular_seed101,101,modular,fixed_update_scale,synthetic_transformer_publication_protocol_v4,True,16.0,4,4.0,recovery_rank_0.8,gradient_norm,8,-0.629940788348712
transformer_publication_20260622T101458Z_modular_seed101,101,modular,fixed_update_scale,synthetic_transformer_publication_protocol_v4,True,16.0,4,4.0,recovery_rank_0.8,frobenius,8,-0.629940788348712
transformer_publication_20260622T101458Z_modular_seed101,101,modular,fixed_update_scale,synthetic_transformer_publication_protocol_v4,True,16.0,4,4.0,penalized_rank_lambda_0.2,effective_rank,8,0.2474358296526967
transformer_publication_20260622T101458Z_modular_seed101,101,modular,fixed_update_scale,synthetic_transformer_publication_protocol_v4,True,16.0,4,4.0,penalized_rank_lambda_0.2,stable_rank,8,0.0824786098842322
transformer_publication_20260622T101458Z_modular_seed101,101,modular,fixed_update_scale,synthetic_transformer_publication_protocol_v4,True,16.0,4,4.0,penalized_rank_lambda_0.2,hard_detectable_rank,8,0.1807015805810502
transformer_publication_20260622T101458Z_modular_seed101,101,modular,fixed_update_scale,synthetic_transformer_publication_protocol_v4,True,16.0,4,4.0,penalized_rank_lambda_0.2,soft_dimension,8,0.2474358296526967
transformer_publication_20260622T101458Z_modular_seed101,101,modular,fixed_update_scale,synthetic_transformer_publication_protocol_v4,True,16.0,4,4.0,penalized_rank_lambda_0.2,gradient_norm,8,0.0824786098842322
transformer_publication_20260622T101458Z_modular_seed101,101,modular,fixed_update_scale,synthetic_transformer_publication_protocol_v4,True,16.0,4,4.0,penalized_rank_lambda_0.2,frobenius,8,0.0824786098842322
transformer_publication_20260622T101458Z_modular_seed101,101,modular,fixed_update_scale,synthetic_transformer_publication_protocol_v4,True,16.0,4,4.0,penalized_rank_lambda_0.3,effective_rank,8,0.629940788348712
transformer_publication_20260622T101458Z_modular_seed101,101,modular,fixed_update_scale,synthetic_transformer_publication_protocol_v4,True,16.0,4,4.0,penalized_rank_lambda_0.3,stable_rank,8,0.5039526306789697
transformer_publication_20260622T101458Z_modular_seed101,101,modular,fixed_update_scale,synthetic_transformer_publication_protocol_v4,True,16.0,4,4.0,penalized_rank_lambda_0.3,hard_detectable_rank,8,0.6210590034081188
transformer_publication_20260622T101458Z_modular_seed101,101,modular,fixed_update_scale,synthetic_transformer_publication_protocol_v4,True,16.0,4,4.0,penalized_rank_lambda_0.3,soft_dimension,8,0.629940788348712
transformer_publication_20260622T101458Z_modular_seed101,101,modular,fixed_update_scale,synthetic_transformer_publication_protocol_v4,True,16.0,4,4.0,penalized_rank_lambda_0.3,gradient_norm,8,0.3779644730092272
transformer_publication_20260622T101458Z_modular_seed101,101,modular,fixed_update_scale,synthetic_transformer_publication_protocol_v4,True,16.0,4,4.0,penalized_rank_lambda_0.3,frobenius,8,0.3779644730092272
transformer_publication_20260622T101458Z_modular_seed101,101,modular,rslora,synthetic_transformer_publication_protocol_v4,False,16.0,4,4.0,near_best_rank_gap_0.1,effective_rank,8,0.1259881576697424
transformer_publication_20260622T101458Z_modular_seed101,101,modular,rslora,synthetic_transformer_publication_protocol_v4,False,16.0,4,4.0,near_best_rank_gap_0.1,stable_rank,8,0.0
transformer_publication_20260622T101458Z_modular_seed101,101,modular,rslora,synthetic_transformer_publication_protocol_v4,False,16.0,4,4.0,near_best_rank_gap_0.1,hard_detectable_rank,8,-0.2760262237369416
transformer_publication_20260622T101458Z_modular_seed101,101,modular,rslora,synthetic_transformer_publication_protocol_v4,False,16.0,4,4.0,near_best_rank_gap_0.1,soft_dimension,8,0.0
transformer_publication_20260622T101458Z_modular_seed101,101,modular,rslora,synthetic_transformer_publication_protocol_v4,False,16.0,4,4.0,near_best_rank_gap_0.1,gradient_norm,8,-0.3779644730092272
transformer_publication_20260622T101458Z_modular_seed101,101,modular,rslora,synthetic_transformer_publication_protocol_v4,False,16.0,4,4.0,near_best_rank_gap_0.1,frobenius,8,-0.3779644730092272
transformer_publication_20260622T101458Z_modular_seed101,101,modular,rslora,synthetic_transformer_publication_protocol_v4,False,16.0,4,4.0,near_best_rank_gap_0.2,effective_rank,8,0.2519763153394848
transformer_publication_20260622T101458Z_modular_seed101,101,modular,rslora,synthetic_transformer_publication_protocol_v4,False,16.0,4,4.0,near_best_rank_gap_0.2,stable_rank,8,-0.1259881576697424
transformer_publication_20260622T101458Z_modular_seed101,101,modular,rslora,synthetic_transformer_publication_protocol_v4,False,16.0,4,4.0,near_best_rank_gap_0.2,hard_detectable_rank,8,-0.2070196678027062
transformer_publication_20260622T101458Z_modular_seed101,101,modular,rslora,synthetic_transformer_publication_protocol_v4,False,16.0,4,4.0,near_best_rank_gap_0.2,soft_dimension,8,0.0
transformer_publication_20260622T101458Z_modular_seed101,101,modular,rslora,synthetic_transformer_publication_protocol_v4,False,16.0,4,4.0,near_best_rank_gap_0.2,gradient_norm,8,-0.629940788348712
transformer_publication_20260622T101458Z_modular_seed101,101,modular,rslora,synthetic_transformer_publication_protocol_v4,False,16.0,4,4.0,near_best_rank_gap_0.2,frobenius,8,-0.629940788348712
transformer_publication_20260622T101458Z_modular_seed101,101,modular,rslora,synthetic_transformer_publication_protocol_v4,False,16.0,4,4.0,recovery_rank_0.7,effective_rank,8,
transformer_publication_20260622T101458Z_modular_seed101,101,modular,rslora,synthetic_transformer_publication_protocol_v4,False,16.0,4,4.0,recovery_rank_0.7,stable_rank,8,
transformer_publication_20260622T101458Z_modular_seed101,101,modular,rslora,synthetic_transformer_publication_protocol_v4,False,16.0,4,4.0,recovery_rank_0.7,hard_detectable_rank,8,
transformer_publication_20260622T101458Z_modular_seed101,101,modular,rslora,synthetic_transformer_publication_protocol_v4,False,16.0,4,4.0,recovery_rank_0.7,soft_dimension,8,
transformer_publication_20260622T101458Z_modular_seed101,101,modular,rslora,synthetic_transformer_publication_protocol_v4,False,16.0,4,4.0,recovery_rank_0.7,gradient_norm,8,
transformer_publication_20260622T101458Z_modular_seed101,101,modular,rslora,synthetic_transformer_publication_protocol_v4,False,16.0,4,4.0,recovery_rank_0.7,frobenius,8,
transformer_publication_20260622T101458Z_modular_seed101,101,modular,rslora,synthetic_transformer_publication_protocol_v4,False,16.0,4,4.0,recovery_rank_0.8,effective_rank,8,0.2519763153394848
transformer_publication_20260622T101458Z_modular_seed101,101,modular,rslora,synthetic_transformer_publication_protocol_v4,False,16.0,4,4.0,recovery_rank_0.8,stable_rank,8,-0.1259881576697424
transformer_publication_20260622T101458Z_modular_seed101,101,modular,rslora,synthetic_transformer_publication_protocol_v4,False,16.0,4,4.0,recovery_rank_0.8,hard_detectable_rank,8,-0.2070196678027062
transformer_publication_20260622T101458Z_modular_seed101,101,modular,rslora,synthetic_transformer_publication_protocol_v4,False,16.0,4,4.0,recovery_rank_0.8,soft_dimension,8,0.0
transformer_publication_20260622T101458Z_modular_seed101,101,modular,rslora,synthetic_transformer_publication_protocol_v4,False,16.0,4,4.0,recovery_rank_0.8,gradient_norm,8,-0.629940788348712
transformer_publication_20260622T101458Z_modular_seed101,101,modular,rslora,synthetic_transformer_publication_protocol_v4,False,16.0,4,4.0,recovery_rank_0.8,frobenius,8,-0.629940788348712
transformer_publication_20260622T101458Z_modular_seed101,101,modular,rslora,synthetic_transformer_publication_protocol_v4,False,16.0,4,4.0,penalized_rank_lambda_0.2,effective_rank,8,0.2474358296526967
transformer_publication_20260622T101458Z_modular_seed101,101,modular,rslora,synthetic_transformer_publication_protocol_v4,False,16.0,4,4.0,penalized_rank_lambda_0.2,stable_rank,8,0.0824786098842322
transformer_publication_20260622T101458Z_modular_seed101,101,modular,rslora,synthetic_transformer_publication_protocol_v4,False,16.0,4,4.0,penalized_rank_lambda_0.2,hard_detectable_rank,8,0.1807015805810502
transformer_publication_20260622T101458Z_modular_seed101,101,modular,rslora,synthetic_transformer_publication_protocol_v4,False,16.0,4,4.0,penalized_rank_lambda_0.2,soft_dimension,8,0.2474358296526967
transformer_publication_20260622T101458Z_modular_seed101,101,modular,rslora,synthetic_transformer_publication_protocol_v4,False,16.0,4,4.0,penalized_rank_lambda_0.2,gradient_norm,8,0.0824786098842322
transformer_publication_20260622T101458Z_modular_seed101,101,modular,rslora,synthetic_transformer_publication_protocol_v4,False,16.0,4,4.0,penalized_rank_lambda_0.2,frobenius,8,0.0824786098842322
transformer_publication_20260622T101458Z_modular_seed101,101,modular,rslora,synthetic_transformer_publication_protocol_v4,False,16.0,4,4.0,penalized_rank_lambda_0.3,effective_rank,8,0.629940788348712
transformer_publication_20260622T101458Z_modular_seed101,101,modular,rslora,synthetic_transformer_publication_protocol_v4,False,16.0,4,4.0,penalized_rank_lambda_0.3,stable_rank,8,0.5039526306789697
transformer_publication_20260622T101458Z_modular_seed101,101,modular,rslora,synthetic_transformer_publication_protocol_v4,False,16.0,4,4.0,penalized_rank_lambda_0.3,hard_detectable_rank,8,0.6210590034081188
transformer_publication_20260622T101458Z_modular_seed101,101,modular,rslora,synthetic_transformer_publication_protocol_v4,False,16.0,4,4.0,penalized_rank_lambda_0.3,soft_dimension,8,0.629940788348712
transformer_publication_20260622T101458Z_modular_seed101,101,modular,rslora,synthetic_transformer_publication_protocol_v4,False,16.0,4,4.0,penalized_rank_lambda_0.3,gradient_norm,8,0.3779644730092272
transformer_publication_20260622T101458Z_modular_seed101,101,modular,rslora,synthetic_transformer_publication_protocol_v4,False,16.0,4,4.0,penalized_rank_lambda_0.3,frobenius,8,0.3779644730092272
transformer_publication_20260622T101458Z_modular_seed101,101,modular,standard,synthetic_transformer_publication_protocol_v4,False,16.0,4,4.0,near_best_rank_gap_0.1,effective_rank,8,0.1259881576697424
transformer_publication_20260622T101458Z_modular_seed101,101,modular,standard,synthetic_transformer_publication_protocol_v4,False,16.0,4,4.0,near_best_rank_gap_0.1,stable_rank,8,0.0
transformer_publication_20260622T101458Z_modular_seed101,101,modular,standard,synthetic_transformer_publication_protocol_v4,False,16.0,4,4.0,near_best_rank_gap_0.1,hard_detectable_rank,8,-0.2760262237369416
transformer_publication_20260622T101458Z_modular_seed101,101,modular,standard,synthetic_transformer_publication_protocol_v4,False,16.0,4,4.0,near_best_rank_gap_0.1,soft_dimension,8,0.0
transformer_publication_20260622T101458Z_modular_seed101,101,modular,standard,synthetic_transformer_publication_protocol_v4,False,16.0,4,4.0,near_best_rank_gap_0.1,gradient_norm,8,-0.3779644730092272
transformer_publication_20260622T101458Z_modular_seed101,101,modular,standard,synthetic_transformer_publication_protocol_v4,False,16.0,4,4.0,near_best_rank_gap_0.1,frobenius,8,-0.3779644730092272
transformer_publication_20260622T101458Z_modular_seed101,101,modular,standard,synthetic_transformer_publication_protocol_v4,False,16.0,4,4.0,near_best_rank_gap_0.2,effective_rank,8,0.2519763153394848
transformer_publication_20260622T101458Z_modular_seed101,101,modular,standard,synthetic_transformer_publication_protocol_v4,False,16.0,4,4.0,near_best_rank_gap_0.2,stable_rank,8,-0.1259881576697424
transformer_publication_20260622T101458Z_modular_seed101,101,modular,standard,synthetic_transformer_publication_protocol_v4,False,16.0,4,4.0,near_best_rank_gap_0.2,hard_detectable_rank,8,-0.2070196678027062
transformer_publication_20260622T101458Z_modular_seed101,101,modular,standard,synthetic_transformer_publication_protocol_v4,False,16.0,4,4.0,near_best_rank_gap_0.2,soft_dimension,8,0.0
transformer_publication_20260622T101458Z_modular_seed101,101,modular,standard,synthetic_transformer_publication_protocol_v4,False,16.0,4,4.0,near_best_rank_gap_0.2,gradient_norm,8,-0.629940788348712
transformer_publication_20260622T101458Z_modular_seed101,101,modular,standard,synthetic_transformer_publication_protocol_v4,False,16.0,4,4.0,near_best_rank_gap_0.2,frobenius,8,-0.629940788348712
transformer_publication_20260622T101458Z_modular_seed101,101,modular,standard,synthetic_transformer_publication_protocol_v4,False,16.0,4,4.0,recovery_rank_0.7,effective_rank,8,
transformer_publication_20260622T101458Z_modular_seed101,101,modular,standard,synthetic_transformer_publication_protocol_v4,False,16.0,4,4.0,recovery_rank_0.7,stable_rank,8,
transformer_publication_20260622T101458Z_modular_seed101,101,modular,standard,synthetic_transformer_publication_protocol_v4,False,16.0,4,4.0,recovery_rank_0.7,hard_detectable_rank,8,
transformer_publication_20260622T101458Z_modular_seed101,101,modular,standard,synthetic_transformer_publication_protocol_v4,False,16.0,4,4.0,recovery_rank_0.7,soft_dimension,8,
transformer_publication_20260622T101458Z_modular_seed101,101,modular,standard,synthetic_transformer_publication_protocol_v4,False,16.0,4,4.0,recovery_rank_0.7,gradient_norm,8,
transformer_publication_20260622T101458Z_modular_seed101,101,modular,standard,synthetic_transformer_publication_protocol_v4,False,16.0,4,4.0,recovery_rank_0.7,frobenius,8,
transformer_publication_20260622T101458Z_modular_seed101,101,modular,standard,synthetic_transformer_publication_protocol_v4,False,16.0,4,4.0,recovery_rank_0.8,effective_rank,8,0.2519763153394848
transformer_publication_20260622T101458Z_modular_seed101,101,modular,standard,synthetic_transformer_publication_protocol_v4,False,16.0,4,4.0,recovery_rank_0.8,stable_rank,8,-0.1259881576697424
transformer_publication_20260622T101458Z_modular_seed101,101,modular,standard,synthetic_transformer_publication_protocol_v4,False,16.0,4,4.0,recovery_rank_0.8,hard_detectable_rank,8,-0.2070196678027062
transformer_publication_20260622T101458Z_modular_seed101,101,modular,standard,synthetic_transformer_publication_protocol_v4,False,16.0,4,4.0,recovery_rank_0.8,soft_dimension,8,0.0
transformer_publication_20260622T101458Z_modular_seed101,101,modular,standard,synthetic_transformer_publication_protocol_v4,False,16.0,4,4.0,recovery_rank_0.8,gradient_norm,8,-0.629940788348712
transformer_publication_20260622T101458Z_modular_seed101,101,modular,standard,synthetic_transformer_publication_protocol_v4,False,16.0,4,4.0,recovery_rank_0.8,frobenius,8,-0.629940788348712
transformer_publication_20260622T101458Z_modular_seed101,101,modular,standard,synthetic_transformer_publication_protocol_v4,False,16.0,4,4.0,penalized_rank_lambda_0.2,effective_rank,8,0.2474358296526967
transformer_publication_20260622T101458Z_modular_seed101,101,modular,standard,synthetic_transformer_publication_protocol_v4,False,16.0,4,4.0,penalized_rank_lambda_0.2,stable_rank,8,0.0824786098842322
transformer_publication_20260622T101458Z_modular_seed101,101,modular,standard,synthetic_transformer_publication_protocol_v4,False,16.0,4,4.0,penalized_rank_lambda_0.2,hard_detectable_rank,8,0.1807015805810502
transformer_publication_20260622T101458Z_modular_seed101,101,modular,standard,synthetic_transformer_publication_protocol_v4,False,16.0,4,4.0,penalized_rank_lambda_0.2,soft_dimension,8,0.2474358296526967
transformer_publication_20260622T101458Z_modular_seed101,101,modular,standard,synthetic_transformer_publication_protocol_v4,False,16.0,4,4.0,penalized_rank_lambda_0.2,gradient_norm,8,0.0824786098842322
transformer_publication_20260622T101458Z_modular_seed101,101,modular,standard,synthetic_transformer_publication_protocol_v4,False,16.0,4,4.0,penalized_rank_lambda_0.2,frobenius,8,0.0824786098842322
transformer_publication_20260622T101458Z_modular_seed101,101,modular,standard,synthetic_transformer_publication_protocol_v4,False,16.0,4,4.0,penalized_rank_lambda_0.3,effective_rank,8,0.2474358296526967
transformer_publication_20260622T101458Z_modular_seed101,101,modular,standard,synthetic_transformer_publication_protocol_v4,False,16.0,4,4.0,penalized_rank_lambda_0.3,stable_rank,8,0.0824786098842322
transformer_publication_20260622T101458Z_modular_seed101,101,modular,standard,synthetic_transformer_publication_protocol_v4,False,16.0,4,4.0,penalized_rank_lambda_0.3,hard_detectable_rank,8,0.1807015805810502
transformer_publication_20260622T101458Z_modular_seed101,101,modular,standard,synthetic_transformer_publication_protocol_v4,False,16.0,4,4.0,penalized_rank_lambda_0.3,soft_dimension,8,0.2474358296526967
transformer_publication_20260622T101458Z_modular_seed101,101,modular,standard,synthetic_transformer_publication_protocol_v4,False,16.0,4,4.0,penalized_rank_lambda_0.3,gradient_norm,8,0.0824786098842322
transformer_publication_20260622T101458Z_modular_seed101,101,modular,standard,synthetic_transformer_publication_protocol_v4,False,16.0,4,4.0,penalized_rank_lambda_0.3,frobenius,8,0.0824786098842322
transformer_publication_20260622T101458Z_modular_seed103,103,modular,fixed_update_scale,synthetic_transformer_publication_protocol_v4,True,16.0,4,4.0,near_best_rank_gap_0.1,effective_rank,8,0.4694579005520307
transformer_publication_20260622T101458Z_modular_seed103,103,modular,fixed_update_scale,synthetic_transformer_publication_protocol_v4,True,16.0,4,4.0,near_best_rank_gap_0.1,stable_rank,8,0.5312286769404558
transformer_publication_20260622T101458Z_modular_seed103,103,modular,fixed_update_scale,synthetic_transformer_publication_protocol_v4,True,16.0,4,4.0,near_best_rank_gap_0.1,hard_detectable_rank,8,0.3710644084563242
transformer_publication_20260622T101458Z_modular_seed103,103,modular,fixed_update_scale,synthetic_transformer_publication_protocol_v4,True,16.0,4,4.0,near_best_rank_gap_0.1,soft_dimension,8,0.4076871241636057
transformer_publication_20260622T101458Z_modular_seed103,103,modular,fixed_update_scale,synthetic_transformer_publication_protocol_v4,True,16.0,4,4.0,near_best_rank_gap_0.1,gradient_norm,8,0.8400825588825814
transformer_publication_20260622T101458Z_modular_seed103,103,modular,fixed_update_scale,synthetic_transformer_publication_protocol_v4,True,16.0,4,4.0,near_best_rank_gap_0.1,frobenius,8,0.7165410061057312
transformer_publication_20260622T101458Z_modular_seed103,103,modular,fixed_update_scale,synthetic_transformer_publication_protocol_v4,True,16.0,4,4.0,near_best_rank_gap_0.2,effective_rank,8,0.4536323543632775
transformer_publication_20260622T101458Z_modular_seed103,103,modular,fixed_update_scale,synthetic_transformer_publication_protocol_v4,True,16.0,4,4.0,near_best_rank_gap_0.2,stable_rank,8,0.4536323543632775
transformer_publication_20260622T101458Z_modular_seed103,103,modular,fixed_update_scale,synthetic_transformer_publication_protocol_v4,True,16.0,4,4.0,near_best_rank_gap_0.2,hard_detectable_rank,8,0.3907636604300311
transformer_publication_20260622T101458Z_modular_seed103,103,modular,fixed_update_scale,synthetic_transformer_publication_protocol_v4,True,16.0,4,4.0,near_best_rank_gap_0.2,soft_dimension,8,0.5361109642475097
transformer_publication_20260622T101458Z_modular_seed103,103,modular,fixed_update_scale,synthetic_transformer_publication_protocol_v4,True,16.0,4,4.0,near_best_rank_gap_0.2,gradient_norm,8,0.8660254037844387
transformer_publication_20260622T101458Z_modular_seed103,103,modular,fixed_update_scale,synthetic_transformer_publication_protocol_v4,True,16.0,4,4.0,near_best_rank_gap_0.2,frobenius,8,0.7010681840159743
transformer_publication_20260622T101458Z_modular_seed103,103,modular,fixed_update_scale,synthetic_transformer_publication_protocol_v4,True,16.0,4,4.0,recovery_rank_0.7,effective_rank,8,
transformer_publication_20260622T101458Z_modular_seed103,103,modular,fixed_update_scale,synthetic_transformer_publication_protocol_v4,True,16.0,4,4.0,recovery_rank_0.7,stable_rank,8,
transformer_publication_20260622T101458Z_modular_seed103,103,modular,fixed_update_scale,synthetic_transformer_publication_protocol_v4,True,16.0,4,4.0,recovery_rank_0.7,hard_detectable_rank,8,
transformer_publication_20260622T101458Z_modular_seed103,103,modular,fixed_update_scale,synthetic_transformer_publication_protocol_v4,True,16.0,4,4.0,recovery_rank_0.7,soft_dimension,8,
transformer_publication_20260622T101458Z_modular_seed103,103,modular,fixed_update_scale,synthetic_transformer_publication_protocol_v4,True,16.0,4,4.0,recovery_rank_0.7,gradient_norm,8,
transformer_publication_20260622T101458Z_modular_seed103,103,modular,fixed_update_scale,synthetic_transformer_publication_protocol_v4,True,16.0,4,4.0,recovery_rank_0.7,frobenius,8,
transformer_publication_20260622T101458Z_modular_seed103,103,modular,fixed_update_scale,synthetic_transformer_publication_protocol_v4,True,16.0,4,4.0,recovery_rank_0.8,effective_rank,8,0.4536323543632775
transformer_publication_20260622T101458Z_modular_seed103,103,modular,fixed_update_scale,synthetic_transformer_publication_protocol_v4,True,16.0,4,4.0,recovery_rank_0.8,stable_rank,8,0.4536323543632775
transformer_publication_20260622T101458Z_modular_seed103,103,modular,fixed_update_scale,synthetic_transformer_publication_protocol_v4,True,16.0,4,4.0,recovery_rank_0.8,hard_detectable_rank,8,0.3907636604300311
transformer_publication_20260622T101458Z_modular_seed103,103,modular,fixed_update_scale,synthetic_transformer_publication_protocol_v4,True,16.0,4,4.0,recovery_rank_0.8,soft_dimension,8,0.5361109642475097
transformer_publication_20260622T101458Z_modular_seed103,103,modular,fixed_update_scale,synthetic_transformer_publication_protocol_v4,True,16.0,4,4.0,recovery_rank_0.8,gradient_norm,8,0.8660254037844387
transformer_publication_20260622T101458Z_modular_seed103,103,modular,fixed_update_scale,synthetic_transformer_publication_protocol_v4,True,16.0,4,4.0,recovery_rank_0.8,frobenius,8,0.7010681840159743
transformer_publication_20260622T101458Z_modular_seed103,103,modular,fixed_update_scale,synthetic_transformer_publication_protocol_v4,True,16.0,4,4.0,penalized_rank_lambda_0.2,effective_rank,8,0.50709255283711
transformer_publication_20260622T101458Z_modular_seed103,103,modular,fixed_update_scale,synthetic_transformer_publication_protocol_v4,True,16.0,4,4.0,penalized_rank_lambda_0.2,stable_rank,8,0.50709255283711
transformer_publication_20260622T101458Z_modular_seed103,103,modular,fixed_update_scale,synthetic_transformer_publication_protocol_v4,True,16.0,4,4.0,penalized_rank_lambda_0.2,hard_detectable_rank,8,0.3021989426077497
transformer_publication_20260622T101458Z_modular_seed103,103,modular,fixed_update_scale,synthetic_transformer_publication_protocol_v4,True,16.0,4,4.0,penalized_rank_lambda_0.2,soft_dimension,8,0.50709255283711
transformer_publication_20260622T101458Z_modular_seed103,103,modular,fixed_update_scale,synthetic_transformer_publication_protocol_v4,True,16.0,4,4.0,penalized_rank_lambda_0.2,gradient_norm,8,0.50709255283711
transformer_publication_20260622T101458Z_modular_seed103,103,modular,fixed_update_scale,synthetic_transformer_publication_protocol_v4,True,16.0,4,4.0,penalized_rank_lambda_0.2,frobenius,8,0.8451542547285167
transformer_publication_20260622T101458Z_modular_seed103,103,modular,fixed_update_scale,synthetic_transformer_publication_protocol_v4,True,16.0,4,4.0,penalized_rank_lambda_0.3,effective_rank,8,
transformer_publication_20260622T101458Z_modular_seed103,103,modular,fixed_update_scale,synthetic_transformer_publication_protocol_v4,True,16.0,4,4.0,penalized_rank_lambda_0.3,stable_rank,8,
transformer_publication_20260622T101458Z_modular_seed103,103,modular,fixed_update_scale,synthetic_transformer_publication_protocol_v4,True,16.0,4,4.0,penalized_rank_lambda_0.3,hard_detectable_rank,8,
transformer_publication_20260622T101458Z_modular_seed103,103,modular,fixed_update_scale,synthetic_transformer_publication_protocol_v4,True,16.0,4,4.0,penalized_rank_lambda_0.3,soft_dimension,8,
transformer_publication_20260622T101458Z_modular_seed103,103,modular,fixed_update_scale,synthetic_transformer_publication_protocol_v4,True,16.0,4,4.0,penalized_rank_lambda_0.3,gradient_norm,8,
transformer_publication_20260622T101458Z_modular_seed103,103,modular,fixed_update_scale,synthetic_transformer_publication_protocol_v4,True,16.0,4,4.0,penalized_rank_lambda_0.3,frobenius,8,
transformer_publication_20260622T101458Z_modular_seed103,103,modular,rslora,synthetic_transformer_publication_protocol_v4,False,16.0,4,4.0,near_best_rank_gap_0.1,effective_rank,8,0.4694579005520307
transformer_publication_20260622T101458Z_modular_seed103,103,modular,rslora,synthetic_transformer_publication_protocol_v4,False,16.0,4,4.0,near_best_rank_gap_0.1,stable_rank,8,0.5312286769404558
transformer_publication_20260622T101458Z_modular_seed103,103,modular,rslora,synthetic_transformer_publication_protocol_v4,False,16.0,4,4.0,near_best_rank_gap_0.1,hard_detectable_rank,8,0.3710644084563242
transformer_publication_20260622T101458Z_modular_seed103,103,modular,rslora,synthetic_transformer_publication_protocol_v4,False,16.0,4,4.0,near_best_rank_gap_0.1,soft_dimension,8,0.4076871241636057
transformer_publication_20260622T101458Z_modular_seed103,103,modular,rslora,synthetic_transformer_publication_protocol_v4,False,16.0,4,4.0,near_best_rank_gap_0.1,gradient_norm,8,0.8400825588825814
transformer_publication_20260622T101458Z_modular_seed103,103,modular,rslora,synthetic_transformer_publication_protocol_v4,False,16.0,4,4.0,near_best_rank_gap_0.1,frobenius,8,0.7165410061057312
transformer_publication_20260622T101458Z_modular_seed103,103,modular,rslora,synthetic_transformer_publication_protocol_v4,False,16.0,4,4.0,near_best_rank_gap_0.2,effective_rank,8,0.4536323543632775
transformer_publication_20260622T101458Z_modular_seed103,103,modular,rslora,synthetic_transformer_publication_protocol_v4,False,16.0,4,4.0,near_best_rank_gap_0.2,stable_rank,8,0.4536323543632775
transformer_publication_20260622T101458Z_modular_seed103,103,modular,rslora,synthetic_transformer_publication_protocol_v4,False,16.0,4,4.0,near_best_rank_gap_0.2,hard_detectable_rank,8,0.3907636604300311
transformer_publication_20260622T101458Z_modular_seed103,103,modular,rslora,synthetic_transformer_publication_protocol_v4,False,16.0,4,4.0,near_best_rank_gap_0.2,soft_dimension,8,0.5361109642475097
transformer_publication_20260622T101458Z_modular_seed103,103,modular,rslora,synthetic_transformer_publication_protocol_v4,False,16.0,4,4.0,near_best_rank_gap_0.2,gradient_norm,8,0.8660254037844387
transformer_publication_20260622T101458Z_modular_seed103,103,modular,rslora,synthetic_transformer_publication_protocol_v4,False,16.0,4,4.0,near_best_rank_gap_0.2,frobenius,8,0.7010681840159743
transformer_publication_20260622T101458Z_modular_seed103,103,modular,rslora,synthetic_transformer_publication_protocol_v4,False,16.0,4,4.0,recovery_rank_0.7,effective_rank,8,
transformer_publication_20260622T101458Z_modular_seed103,103,modular,rslora,synthetic_transformer_publication_protocol_v4,False,16.0,4,4.0,recovery_rank_0.7,stable_rank,8,
transformer_publication_20260622T101458Z_modular_seed103,103,modular,rslora,synthetic_transformer_publication_protocol_v4,False,16.0,4,4.0,recovery_rank_0.7,hard_detectable_rank,8,
transformer_publication_20260622T101458Z_modular_seed103,103,modular,rslora,synthetic_transformer_publication_protocol_v4,False,16.0,4,4.0,recovery_rank_0.7,soft_dimension,8,
transformer_publication_20260622T101458Z_modular_seed103,103,modular,rslora,synthetic_transformer_publication_protocol_v4,False,16.0,4,4.0,recovery_rank_0.7,gradient_norm,8,
transformer_publication_20260622T101458Z_modular_seed103,103,modular,rslora,synthetic_transformer_publication_protocol_v4,False,16.0,4,4.0,recovery_rank_0.7,frobenius,8,
transformer_publication_20260622T101458Z_modular_seed103,103,modular,rslora,synthetic_transformer_publication_protocol_v4,False,16.0,4,4.0,recovery_rank_0.8,effective_rank,8,0.4536323543632775
transformer_publication_20260622T101458Z_modular_seed103,103,modular,rslora,synthetic_transformer_publication_protocol_v4,False,16.0,4,4.0,recovery_rank_0.8,stable_rank,8,0.4536323543632775
transformer_publication_20260622T101458Z_modular_seed103,103,modular,rslora,synthetic_transformer_publication_protocol_v4,False,16.0,4,4.0,recovery_rank_0.8,hard_detectable_rank,8,0.3907636604300311
transformer_publication_20260622T101458Z_modular_seed103,103,modular,rslora,synthetic_transformer_publication_protocol_v4,False,16.0,4,4.0,recovery_rank_0.8,soft_dimension,8,0.5361109642475097
transformer_publication_20260622T101458Z_modular_seed103,103,modular,rslora,synthetic_transformer_publication_protocol_v4,False,16.0,4,4.0,recovery_rank_0.8,gradient_norm,8,0.8660254037844387
transformer_publication_20260622T101458Z_modular_seed103,103,modular,rslora,synthetic_transformer_publication_protocol_v4,False,16.0,4,4.0,recovery_rank_0.8,frobenius,8,0.7010681840159743
transformer_publication_20260622T101458Z_modular_seed103,103,modular,rslora,synthetic_transformer_publication_protocol_v4,False,16.0,4,4.0,penalized_rank_lambda_0.2,effective_rank,8,0.6390096504226939
transformer_publication_20260622T101458Z_modular_seed103,103,modular,rslora,synthetic_transformer_publication_protocol_v4,False,16.0,4,4.0,penalized_rank_lambda_0.2,stable_rank,8,0.6390096504226939
transformer_publication_20260622T101458Z_modular_seed103,103,modular,rslora,synthetic_transformer_publication_protocol_v4,False,16.0,4,4.0,penalized_rank_lambda_0.2,hard_detectable_rank,8,0.4896182465934662
transformer_publication_20260622T101458Z_modular_seed103,103,modular,rslora,synthetic_transformer_publication_protocol_v4,False,16.0,4,4.0,penalized_rank_lambda_0.2,soft_dimension,8,0.6390096504226939
transformer_publication_20260622T101458Z_modular_seed103,103,modular,rslora,synthetic_transformer_publication_protocol_v4,False,16.0,4,4.0,penalized_rank_lambda_0.2,gradient_norm,8,0.6390096504226939
transformer_publication_20260622T101458Z_modular_seed103,103,modular,rslora,synthetic_transformer_publication_protocol_v4,False,16.0,4,4.0,penalized_rank_lambda_0.2,frobenius,8,0.9128709291752768
transformer_publication_20260622T101458Z_modular_seed103,103,modular,rslora,synthetic_transformer_publication_protocol_v4,False,16.0,4,4.0,penalized_rank_lambda_0.3,effective_rank,8,0.7559289460184545
transformer_publication_20260622T101458Z_modular_seed103,103,modular,rslora,synthetic_transformer_publication_protocol_v4,False,16.0,4,4.0,penalized_rank_lambda_0.3,stable_rank,8,0.7559289460184545
transformer_publication_20260622T101458Z_modular_seed103,103,modular,rslora,synthetic_transformer_publication_protocol_v4,False,16.0,4,4.0,penalized_rank_lambda_0.3,hard_detectable_rank,8,0.7433111162394345
transformer_publication_20260622T101458Z_modular_seed103,103,modular,rslora,synthetic_transformer_publication_protocol_v4,False,16.0,4,4.0,penalized_rank_lambda_0.3,soft_dimension,8,0.7559289460184545
transformer_publication_20260622T101458Z_modular_seed103,103,modular,rslora,synthetic_transformer_publication_protocol_v4,False,16.0,4,4.0,penalized_rank_lambda_0.3,gradient_norm,8,0.7559289460184545
transformer_publication_20260622T101458Z_modular_seed103,103,modular,rslora,synthetic_transformer_publication_protocol_v4,False,16.0,4,4.0,penalized_rank_lambda_0.3,frobenius,8,0.7559289460184545
transformer_publication_20260622T101458Z_modular_seed103,103,modular,standard,synthetic_transformer_publication_protocol_v4,False,16.0,4,4.0,near_best_rank_gap_0.1,effective_rank,8,0.4694579005520307
transformer_publication_20260622T101458Z_modular_seed103,103,modular,standard,synthetic_transformer_publication_protocol_v4,False,16.0,4,4.0,near_best_rank_gap_0.1,stable_rank,8,0.5312286769404558
transformer_publication_20260622T101458Z_modular_seed103,103,modular,standard,synthetic_transformer_publication_protocol_v4,False,16.0,4,4.0,near_best_rank_gap_0.1,hard_detectable_rank,8,0.3710644084563242
transformer_publication_20260622T101458Z_modular_seed103,103,modular,standard,synthetic_transformer_publication_protocol_v4,False,16.0,4,4.0,near_best_rank_gap_0.1,soft_dimension,8,0.4076871241636057
transformer_publication_20260622T101458Z_modular_seed103,103,modular,standard,synthetic_transformer_publication_protocol_v4,False,16.0,4,4.0,near_best_rank_gap_0.1,gradient_norm,8,0.8400825588825814
transformer_publication_20260622T101458Z_modular_seed103,103,modular,standard,synthetic_transformer_publication_protocol_v4,False,16.0,4,4.0,near_best_rank_gap_0.1,frobenius,8,0.7165410061057312
transformer_publication_20260622T101458Z_modular_seed103,103,modular,standard,synthetic_transformer_publication_protocol_v4,False,16.0,4,4.0,near_best_rank_gap_0.2,effective_rank,8,0.2182178902359924
transformer_publication_20260622T101458Z_modular_seed103,103,modular,standard,synthetic_transformer_publication_protocol_v4,False,16.0,4,4.0,near_best_rank_gap_0.2,stable_rank,8,0.2182178902359924
transformer_publication_20260622T101458Z_modular_seed103,103,modular,standard,synthetic_transformer_publication_protocol_v4,False,16.0,4,4.0,near_best_rank_gap_0.2,hard_detectable_rank,8,0.1755617207941958
transformer_publication_20260622T101458Z_modular_seed103,103,modular,standard,synthetic_transformer_publication_protocol_v4,False,16.0,4,4.0,near_best_rank_gap_0.2,soft_dimension,8,0.3273268353539886
transformer_publication_20260622T101458Z_modular_seed103,103,modular,standard,synthetic_transformer_publication_protocol_v4,False,16.0,4,4.0,near_best_rank_gap_0.2,gradient_norm,8,0.7637626158259735
transformer_publication_20260622T101458Z_modular_seed103,103,modular,standard,synthetic_transformer_publication_protocol_v4,False,16.0,4,4.0,near_best_rank_gap_0.2,frobenius,8,0.545544725589981
transformer_publication_20260622T101458Z_modular_seed103,103,modular,standard,synthetic_transformer_publication_protocol_v4,False,16.0,4,4.0,recovery_rank_0.7,effective_rank,8,
transformer_publication_20260622T101458Z_modular_seed103,103,modular,standard,synthetic_transformer_publication_protocol_v4,False,16.0,4,4.0,recovery_rank_0.7,stable_rank,8,
transformer_publication_20260622T101458Z_modular_seed103,103,modular,standard,synthetic_transformer_publication_protocol_v4,False,16.0,4,4.0,recovery_rank_0.7,hard_detectable_rank,8,
transformer_publication_20260622T101458Z_modular_seed103,103,modular,standard,synthetic_transformer_publication_protocol_v4,False,16.0,4,4.0,recovery_rank_0.7,soft_dimension,8,
transformer_publication_20260622T101458Z_modular_seed103,103,modular,standard,synthetic_transformer_publication_protocol_v4,False,16.0,4,4.0,recovery_rank_0.7,gradient_norm,8,
transformer_publication_20260622T101458Z_modular_seed103,103,modular,standard,synthetic_transformer_publication_protocol_v4,False,16.0,4,4.0,recovery_rank_0.7,frobenius,8,
transformer_publication_20260622T101458Z_modular_seed103,103,modular,standard,synthetic_transformer_publication_protocol_v4,False,16.0,4,4.0,recovery_rank_0.8,effective_rank,8,0.2182178902359924
transformer_publication_20260622T101458Z_modular_seed103,103,modular,standard,synthetic_transformer_publication_protocol_v4,False,16.0,4,4.0,recovery_rank_0.8,stable_rank,8,0.2182178902359924
transformer_publication_20260622T101458Z_modular_seed103,103,modular,standard,synthetic_transformer_publication_protocol_v4,False,16.0,4,4.0,recovery_rank_0.8,hard_detectable_rank,8,0.1755617207941958
transformer_publication_20260622T101458Z_modular_seed103,103,modular,standard,synthetic_transformer_publication_protocol_v4,False,16.0,4,4.0,recovery_rank_0.8,soft_dimension,8,0.3273268353539886
transformer_publication_20260622T101458Z_modular_seed103,103,modular,standard,synthetic_transformer_publication_protocol_v4,False,16.0,4,4.0,recovery_rank_0.8,gradient_norm,8,0.7637626158259735
transformer_publication_20260622T101458Z_modular_seed103,103,modular,standard,synthetic_transformer_publication_protocol_v4,False,16.0,4,4.0,recovery_rank_0.8,frobenius,8,0.545544725589981
transformer_publication_20260622T101458Z_modular_seed103,103,modular,standard,synthetic_transformer_publication_protocol_v4,False,16.0,4,4.0,penalized_rank_lambda_0.2,effective_rank,8,0.2182178902359924
transformer_publication_20260622T101458Z_modular_seed103,103,modular,standard,synthetic_transformer_publication_protocol_v4,False,16.0,4,4.0,penalized_rank_lambda_0.2,stable_rank,8,0.2182178902359924
transformer_publication_20260622T101458Z_modular_seed103,103,modular,standard,synthetic_transformer_publication_protocol_v4,False,16.0,4,4.0,penalized_rank_lambda_0.2,hard_detectable_rank,8,0.0585205735980652
transformer_publication_20260622T101458Z_modular_seed103,103,modular,standard,synthetic_transformer_publication_protocol_v4,False,16.0,4,4.0,penalized_rank_lambda_0.2,soft_dimension,8,0.2182178902359924
transformer_publication_20260622T101458Z_modular_seed103,103,modular,standard,synthetic_transformer_publication_protocol_v4,False,16.0,4,4.0,penalized_rank_lambda_0.2,gradient_norm,8,0.2182178902359924
transformer_publication_20260622T101458Z_modular_seed103,103,modular,standard,synthetic_transformer_publication_protocol_v4,False,16.0,4,4.0,penalized_rank_lambda_0.2,frobenius,8,0.5455447255899809
transformer_publication_20260622T101458Z_modular_seed103,103,modular,standard,synthetic_transformer_publication_protocol_v4,False,16.0,4,4.0,penalized_rank_lambda_0.3,effective_rank,8,0.5773502691896258
transformer_publication_20260622T101458Z_modular_seed103,103,modular,standard,synthetic_transformer_publication_protocol_v4,False,16.0,4,4.0,penalized_rank_lambda_0.3,stable_rank,8,0.5773502691896258
transformer_publication_20260622T101458Z_modular_seed103,103,modular,standard,synthetic_transformer_publication_protocol_v4,False,16.0,4,4.0,penalized_rank_lambda_0.3,hard_detectable_rank,8,0.6193235372853323
transformer_publication_20260622T101458Z_modular_seed103,103,modular,standard,synthetic_transformer_publication_protocol_v4,False,16.0,4,4.0,penalized_rank_lambda_0.3,soft_dimension,8,0.5773502691896258
transformer_publication_20260622T101458Z_modular_seed103,103,modular,standard,synthetic_transformer_publication_protocol_v4,False,16.0,4,4.0,penalized_rank_lambda_0.3,gradient_norm,8,0.5773502691896258
transformer_publication_20260622T101458Z_modular_seed103,103,modular,standard,synthetic_transformer_publication_protocol_v4,False,16.0,4,4.0,penalized_rank_lambda_0.3,frobenius,8,0.5773502691896258
transformer_publication_20260622T101458Z_modular_seed107,107,modular,fixed_update_scale,synthetic_transformer_publication_protocol_v4,True,16.0,4,4.0,near_best_rank_gap_0.1,effective_rank,8,0.3086066999241838
transformer_publication_20260622T101458Z_modular_seed107,107,modular,fixed_update_scale,synthetic_transformer_publication_protocol_v4,True,16.0,4,4.0,near_best_rank_gap_0.1,stable_rank,8,0.0
transformer_publication_20260622T101458Z_modular_seed107,107,modular,fixed_update_scale,synthetic_transformer_publication_protocol_v4,True,16.0,4,4.0,near_best_rank_gap_0.1,hard_detectable_rank,8,-0.3118047822311618
transformer_publication_20260622T101458Z_modular_seed107,107,modular,fixed_update_scale,synthetic_transformer_publication_protocol_v4,True,16.0,4,4.0,near_best_rank_gap_0.1,soft_dimension,8,0.4629100498862757
transformer_publication_20260622T101458Z_modular_seed107,107,modular,fixed_update_scale,synthetic_transformer_publication_protocol_v4,True,16.0,4,4.0,near_best_rank_gap_0.1,gradient_norm,8,0.6172133998483676
transformer_publication_20260622T101458Z_modular_seed107,107,modular,fixed_update_scale,synthetic_transformer_publication_protocol_v4,True,16.0,4,4.0,near_best_rank_gap_0.1,frobenius,8,0.9258200997725514
transformer_publication_20260622T101458Z_modular_seed107,107,modular,fixed_update_scale,synthetic_transformer_publication_protocol_v4,True,16.0,4,4.0,near_best_rank_gap_0.2,effective_rank,8,0.4398859193825721
transformer_publication_20260622T101458Z_modular_seed107,107,modular,fixed_update_scale,synthetic_transformer_publication_protocol_v4,True,16.0,4,4.0,near_best_rank_gap_0.2,stable_rank,8,0.2061965247105806
transformer_publication_20260622T101458Z_modular_seed107,107,modular,fixed_update_scale,synthetic_transformer_publication_protocol_v4,True,16.0,4,4.0,near_best_rank_gap_0.2,hard_detectable_rank,8,0.1349206349206349
transformer_publication_20260622T101458Z_modular_seed107,107,modular,fixed_update_scale,synthetic_transformer_publication_protocol_v4,True,16.0,4,4.0,near_best_rank_gap_0.2,soft_dimension,8,0.5773502691896258
transformer_publication_20260622T101458Z_modular_seed107,107,modular,fixed_update_scale,synthetic_transformer_publication_protocol_v4,True,16.0,4,4.0,near_best_rank_gap_0.2,gradient_norm,8,0.3711537444790451
transformer_publication_20260622T101458Z_modular_seed107,107,modular,fixed_update_scale,synthetic_transformer_publication_protocol_v4,True,16.0,4,4.0,near_best_rank_gap_0.2,frobenius,8,0.8660254037844387
transformer_publication_20260622T101458Z_modular_seed107,107,modular,fixed_update_scale,synthetic_transformer_publication_protocol_v4,True,16.0,4,4.0,recovery_rank_0.7,effective_rank,8,
transformer_publication_20260622T101458Z_modular_seed107,107,modular,fixed_update_scale,synthetic_transformer_publication_protocol_v4,True,16.0,4,4.0,recovery_rank_0.7,stable_rank,8,
transformer_publication_20260622T101458Z_modular_seed107,107,modular,fixed_update_scale,synthetic_transformer_publication_protocol_v4,True,16.0,4,4.0,recovery_rank_0.7,hard_detectable_rank,8,
transformer_publication_20260622T101458Z_modular_seed107,107,modular,fixed_update_scale,synthetic_transformer_publication_protocol_v4,True,16.0,4,4.0,recovery_rank_0.7,soft_dimension,8,
transformer_publication_20260622T101458Z_modular_seed107,107,modular,fixed_update_scale,synthetic_transformer_publication_protocol_v4,True,16.0,4,4.0,recovery_rank_0.7,gradient_norm,8,
transformer_publication_20260622T101458Z_modular_seed107,107,modular,fixed_update_scale,synthetic_transformer_publication_protocol_v4,True,16.0,4,4.0,recovery_rank_0.7,frobenius,8,
transformer_publication_20260622T101458Z_modular_seed107,107,modular,fixed_update_scale,synthetic_transformer_publication_protocol_v4,True,16.0,4,4.0,recovery_rank_0.8,effective_rank,8,0.4398859193825721
transformer_publication_20260622T101458Z_modular_seed107,107,modular,fixed_update_scale,synthetic_transformer_publication_protocol_v4,True,16.0,4,4.0,recovery_rank_0.8,stable_rank,8,0.2061965247105806
transformer_publication_20260622T101458Z_modular_seed107,107,modular,fixed_update_scale,synthetic_transformer_publication_protocol_v4,True,16.0,4,4.0,recovery_rank_0.8,hard_detectable_rank,8,0.1349206349206349
transformer_publication_20260622T101458Z_modular_seed107,107,modular,fixed_update_scale,synthetic_transformer_publication_protocol_v4,True,16.0,4,4.0,recovery_rank_0.8,soft_dimension,8,0.5773502691896258
transformer_publication_20260622T101458Z_modular_seed107,107,modular,fixed_update_scale,synthetic_transformer_publication_protocol_v4,True,16.0,4,4.0,recovery_rank_0.8,gradient_norm,8,0.3711537444790451
transformer_publication_20260622T101458Z_modular_seed107,107,modular,fixed_update_scale,synthetic_transformer_publication_protocol_v4,True,16.0,4,4.0,recovery_rank_0.8,frobenius,8,0.8660254037844387
transformer_publication_20260622T101458Z_modular_seed107,107,modular,fixed_update_scale,synthetic_transformer_publication_protocol_v4,True,16.0,4,4.0,penalized_rank_lambda_0.2,effective_rank,8,0.2771739468734333
transformer_publication_20260622T101458Z_modular_seed107,107,modular,fixed_update_scale,synthetic_transformer_publication_protocol_v4,True,16.0,4,4.0,penalized_rank_lambda_0.2,stable_rank,8,-0.0755928946018454
transformer_publication_20260622T101458Z_modular_seed107,107,modular,fixed_update_scale,synthetic_transformer_publication_protocol_v4,True,16.0,4,4.0,penalized_rank_lambda_0.2,hard_detectable_rank,8,0.007273929674533
transformer_publication_20260622T101458Z_modular_seed107,107,modular,fixed_update_scale,synthetic_transformer_publication_protocol_v4,True,16.0,4,4.0,penalized_rank_lambda_0.2,soft_dimension,8,0.4913538149119953
transformer_publication_20260622T101458Z_modular_seed107,107,modular,fixed_update_scale,synthetic_transformer_publication_protocol_v4,True,16.0,4,4.0,penalized_rank_lambda_0.2,gradient_norm,8,0.0881917103688196
transformer_publication_20260622T101458Z_modular_seed107,107,modular,fixed_update_scale,synthetic_transformer_publication_protocol_v4,True,16.0,4,4.0,penalized_rank_lambda_0.2,frobenius,8,0.4535573676110726
transformer_publication_20260622T101458Z_modular_seed107,107,modular,fixed_update_scale,synthetic_transformer_publication_protocol_v4,True,16.0,4,4.0,penalized_rank_lambda_0.3,effective_rank,8,0.4157609203101499
transformer_publication_20260622T101458Z_modular_seed107,107,modular,fixed_update_scale,synthetic_transformer_publication_protocol_v4,True,16.0,4,4.0,penalized_rank_lambda_0.3,stable_rank,8,0.2141798680385621
transformer_publication_20260622T101458Z_modular_seed107,107,modular,fixed_update_scale,synthetic_transformer_publication_protocol_v4,True,16.0,4,4.0,penalized_rank_lambda_0.3,hard_detectable_rank,8,-0.007273929674533
transformer_publication_20260622T101458Z_modular_seed107,107,modular,fixed_update_scale,synthetic_transformer_publication_protocol_v4,True,16.0,4,4.0,penalized_rank_lambda_0.3,soft_dimension,8,0.6173419725817378
transformer_publication_20260622T101458Z_modular_seed107,107,modular,fixed_update_scale,synthetic_transformer_publication_protocol_v4,True,16.0,4,4.0,penalized_rank_lambda_0.3,gradient_norm,8,0.4661561833780469
transformer_publication_20260622T101458Z_modular_seed107,107,modular,fixed_update_scale,synthetic_transformer_publication_protocol_v4,True,16.0,4,4.0,penalized_rank_lambda_0.3,frobenius,8,0.7937253933193772
transformer_publication_20260622T101458Z_modular_seed107,107,modular,rslora,synthetic_transformer_publication_protocol_v4,False,16.0,4,4.0,near_best_rank_gap_0.1,effective_rank,8,-0.2503130871608794
transformer_publication_20260622T101458Z_modular_seed107,107,modular,rslora,synthetic_transformer_publication_protocol_v4,False,16.0,4,4.0,near_best_rank_gap_0.1,stable_rank,8,-0.1001252348643517
transformer_publication_20260622T101458Z_modular_seed107,107,modular,rslora,synthetic_transformer_publication_protocol_v4,False,16.0,4,4.0,near_best_rank_gap_0.1,hard_detectable_rank,8,-0.245681158031834
transformer_publication_20260622T101458Z_modular_seed107,107,modular,rslora,synthetic_transformer_publication_protocol_v4,False,16.0,4,4.0,near_best_rank_gap_0.1,soft_dimension,8,-0.1001252348643517
transformer_publication_20260622T101458Z_modular_seed107,107,modular,rslora,synthetic_transformer_publication_protocol_v4,False,16.0,4,4.0,near_best_rank_gap_0.1,gradient_norm,8,0.1001252348643517
transformer_publication_20260622T101458Z_modular_seed107,107,modular,rslora,synthetic_transformer_publication_protocol_v4,False,16.0,4,4.0,near_best_rank_gap_0.1,frobenius,8,0.450563556889583
transformer_publication_20260622T101458Z_modular_seed107,107,modular,rslora,synthetic_transformer_publication_protocol_v4,False,16.0,4,4.0,near_best_rank_gap_0.2,effective_rank,8,0.4398859193825721
transformer_publication_20260622T101458Z_modular_seed107,107,modular,rslora,synthetic_transformer_publication_protocol_v4,False,16.0,4,4.0,near_best_rank_gap_0.2,stable_rank,8,0.2061965247105806
transformer_publication_20260622T101458Z_modular_seed107,107,modular,rslora,synthetic_transformer_publication_protocol_v4,False,16.0,4,4.0,near_best_rank_gap_0.2,hard_detectable_rank,8,0.1349206349206349
transformer_publication_20260622T101458Z_modular_seed107,107,modular,rslora,synthetic_transformer_publication_protocol_v4,False,16.0,4,4.0,near_best_rank_gap_0.2,soft_dimension,8,0.5773502691896258
transformer_publication_20260622T101458Z_modular_seed107,107,modular,rslora,synthetic_transformer_publication_protocol_v4,False,16.0,4,4.0,near_best_rank_gap_0.2,gradient_norm,8,0.3711537444790451
transformer_publication_20260622T101458Z_modular_seed107,107,modular,rslora,synthetic_transformer_publication_protocol_v4,False,16.0,4,4.0,near_best_rank_gap_0.2,frobenius,8,0.8660254037844387
transformer_publication_20260622T101458Z_modular_seed107,107,modular,rslora,synthetic_transformer_publication_protocol_v4,False,16.0,4,4.0,recovery_rank_0.7,effective_rank,8,
transformer_publication_20260622T101458Z_modular_seed107,107,modular,rslora,synthetic_transformer_publication_protocol_v4,False,16.0,4,4.0,recovery_rank_0.7,stable_rank,8,
transformer_publication_20260622T101458Z_modular_seed107,107,modular,rslora,synthetic_transformer_publication_protocol_v4,False,16.0,4,4.0,recovery_rank_0.7,hard_detectable_rank,8,
transformer_publication_20260622T101458Z_modular_seed107,107,modular,rslora,synthetic_transformer_publication_protocol_v4,False,16.0,4,4.0,recovery_rank_0.7,soft_dimension,8,
transformer_publication_20260622T101458Z_modular_seed107,107,modular,rslora,synthetic_transformer_publication_protocol_v4,False,16.0,4,4.0,recovery_rank_0.7,gradient_norm,8,
transformer_publication_20260622T101458Z_modular_seed107,107,modular,rslora,synthetic_transformer_publication_protocol_v4,False,16.0,4,4.0,recovery_rank_0.7,frobenius,8,
transformer_publication_20260622T101458Z_modular_seed107,107,modular,rslora,synthetic_transformer_publication_protocol_v4,False,16.0,4,4.0,recovery_rank_0.8,effective_rank,8,0.4398859193825721
transformer_publication_20260622T101458Z_modular_seed107,107,modular,rslora,synthetic_transformer_publication_protocol_v4,False,16.0,4,4.0,recovery_rank_0.8,stable_rank,8,0.2061965247105806
transformer_publication_20260622T101458Z_modular_seed107,107,modular,rslora,synthetic_transformer_publication_protocol_v4,False,16.0,4,4.0,recovery_rank_0.8,hard_detectable_rank,8,0.1349206349206349
transformer_publication_20260622T101458Z_modular_seed107,107,modular,rslora,synthetic_transformer_publication_protocol_v4,False,16.0,4,4.0,recovery_rank_0.8,soft_dimension,8,0.5773502691896258
transformer_publication_20260622T101458Z_modular_seed107,107,modular,rslora,synthetic_transformer_publication_protocol_v4,False,16.0,4,4.0,recovery_rank_0.8,gradient_norm,8,0.3711537444790451
transformer_publication_20260622T101458Z_modular_seed107,107,modular,rslora,synthetic_transformer_publication_protocol_v4,False,16.0,4,4.0,recovery_rank_0.8,frobenius,8,0.8660254037844387
transformer_publication_20260622T101458Z_modular_seed107,107,modular,rslora,synthetic_transformer_publication_protocol_v4,False,16.0,4,4.0,penalized_rank_lambda_0.2,effective_rank,8,-0.1251565435804397
transformer_publication_20260622T101458Z_modular_seed107,107,modular,rslora,synthetic_transformer_publication_protocol_v4,False,16.0,4,4.0,penalized_rank_lambda_0.2,stable_rank,8,0.0750939261482638
transformer_publication_20260622T101458Z_modular_seed107,107,modular,rslora,synthetic_transformer_publication_protocol_v4,False,16.0,4,4.0,penalized_rank_lambda_0.2,hard_detectable_rank,8,0.057807331301608
transformer_publication_20260622T101458Z_modular_seed107,107,modular,rslora,synthetic_transformer_publication_protocol_v4,False,16.0,4,4.0,penalized_rank_lambda_0.2,soft_dimension,8,0.1001252348643517
transformer_publication_20260622T101458Z_modular_seed107,107,modular,rslora,synthetic_transformer_publication_protocol_v4,False,16.0,4,4.0,penalized_rank_lambda_0.2,gradient_norm,8,-0.1001252348643517
transformer_publication_20260622T101458Z_modular_seed107,107,modular,rslora,synthetic_transformer_publication_protocol_v4,False,16.0,4,4.0,penalized_rank_lambda_0.2,frobenius,8,0.2753443958769674
transformer_publication_20260622T101458Z_modular_seed107,107,modular,rslora,synthetic_transformer_publication_protocol_v4,False,16.0,4,4.0,penalized_rank_lambda_0.3,effective_rank,8,0.3953329688859207
transformer_publication_20260622T101458Z_modular_seed107,107,modular,rslora,synthetic_transformer_publication_protocol_v4,False,16.0,4,4.0,penalized_rank_lambda_0.3,stable_rank,8,0.2470831055537004
transformer_publication_20260622T101458Z_modular_seed107,107,modular,rslora,synthetic_transformer_publication_protocol_v4,False,16.0,4,4.0,penalized_rank_lambda_0.3,hard_detectable_rank,8,0.0927247733773644
transformer_publication_20260622T101458Z_modular_seed107,107,modular,rslora,synthetic_transformer_publication_protocol_v4,False,16.0,4,4.0,penalized_rank_lambda_0.3,soft_dimension,8,0.6177077638842511
transformer_publication_20260622T101458Z_modular_seed107,107,modular,rslora,synthetic_transformer_publication_protocol_v4,False,16.0,4,4.0,penalized_rank_lambda_0.3,gradient_norm,8,0.3459163477751806
transformer_publication_20260622T101458Z_modular_seed107,107,modular,rslora,synthetic_transformer_publication_protocol_v4,False,16.0,4,4.0,penalized_rank_lambda_0.3,frobenius,8,0.6918326955503612
transformer_publication_20260622T101458Z_modular_seed107,107,modular,standard,synthetic_transformer_publication_protocol_v4,False,16.0,4,4.0,near_best_rank_gap_0.1,effective_rank,8,0.4571037452743458
transformer_publication_20260622T101458Z_modular_seed107,107,modular,standard,synthetic_transformer_publication_protocol_v4,False,16.0,4,4.0,near_best_rank_gap_0.1,stable_rank,8,0.2717914161090705
transformer_publication_20260622T101458Z_modular_seed107,107,modular,standard,synthetic_transformer_publication_protocol_v4,False,16.0,4,4.0,near_best_rank_gap_0.1,hard_detectable_rank,8,0.0356633743759094
transformer_publication_20260622T101458Z_modular_seed107,107,modular,standard,synthetic_transformer_publication_protocol_v4,False,16.0,4,4.0,near_best_rank_gap_0.1,soft_dimension,8,0.6424160744396211
transformer_publication_20260622T101458Z_modular_seed107,107,modular,standard,synthetic_transformer_publication_protocol_v4,False,16.0,4,4.0,near_best_rank_gap_0.1,gradient_norm,8,0.5065203663850858
transformer_publication_20260622T101458Z_modular_seed107,107,modular,standard,synthetic_transformer_publication_protocol_v4,False,16.0,4,4.0,near_best_rank_gap_0.1,frobenius,8,0.8277284036048964
transformer_publication_20260622T101458Z_modular_seed107,107,modular,standard,synthetic_transformer_publication_protocol_v4,False,16.0,4,4.0,near_best_rank_gap_0.2,effective_rank,8,0.4398859193825721
transformer_publication_20260622T101458Z_modular_seed107,107,modular,standard,synthetic_transformer_publication_protocol_v4,False,16.0,4,4.0,near_best_rank_gap_0.2,stable_rank,8,0.2061965247105806
transformer_publication_20260622T101458Z_modular_seed107,107,modular,standard,synthetic_transformer_publication_protocol_v4,False,16.0,4,4.0,near_best_rank_gap_0.2,hard_detectable_rank,8,0.1349206349206349
transformer_publication_20260622T101458Z_modular_seed107,107,modular,standard,synthetic_transformer_publication_protocol_v4,False,16.0,4,4.0,near_best_rank_gap_0.2,soft_dimension,8,0.5773502691896258
transformer_publication_20260622T101458Z_modular_seed107,107,modular,standard,synthetic_transformer_publication_protocol_v4,False,16.0,4,4.0,near_best_rank_gap_0.2,gradient_norm,8,0.3711537444790451
transformer_publication_20260622T101458Z_modular_seed107,107,modular,standard,synthetic_transformer_publication_protocol_v4,False,16.0,4,4.0,near_best_rank_gap_0.2,frobenius,8,0.8660254037844387
transformer_publication_20260622T101458Z_modular_seed107,107,modular,standard,synthetic_transformer_publication_protocol_v4,False,16.0,4,4.0,recovery_rank_0.7,effective_rank,8,
transformer_publication_20260622T101458Z_modular_seed107,107,modular,standard,synthetic_transformer_publication_protocol_v4,False,16.0,4,4.0,recovery_rank_0.7,stable_rank,8,
transformer_publication_20260622T101458Z_modular_seed107,107,modular,standard,synthetic_transformer_publication_protocol_v4,False,16.0,4,4.0,recovery_rank_0.7,hard_detectable_rank,8,
transformer_publication_20260622T101458Z_modular_seed107,107,modular,standard,synthetic_transformer_publication_protocol_v4,False,16.0,4,4.0,recovery_rank_0.7,soft_dimension,8,
transformer_publication_20260622T101458Z_modular_seed107,107,modular,standard,synthetic_transformer_publication_protocol_v4,False,16.0,4,4.0,recovery_rank_0.7,gradient_norm,8,
transformer_publication_20260622T101458Z_modular_seed107,107,modular,standard,synthetic_transformer_publication_protocol_v4,False,16.0,4,4.0,recovery_rank_0.7,frobenius,8,
transformer_publication_20260622T101458Z_modular_seed107,107,modular,standard,synthetic_transformer_publication_protocol_v4,False,16.0,4,4.0,recovery_rank_0.8,effective_rank,8,0.4398859193825721
transformer_publication_20260622T101458Z_modular_seed107,107,modular,standard,synthetic_transformer_publication_protocol_v4,False,16.0,4,4.0,recovery_rank_0.8,stable_rank,8,0.2061965247105806
transformer_publication_20260622T101458Z_modular_seed107,107,modular,standard,synthetic_transformer_publication_protocol_v4,False,16.0,4,4.0,recovery_rank_0.8,hard_detectable_rank,8,0.1349206349206349
transformer_publication_20260622T101458Z_modular_seed107,107,modular,standard,synthetic_transformer_publication_protocol_v4,False,16.0,4,4.0,recovery_rank_0.8,soft_dimension,8,0.5773502691896258
transformer_publication_20260622T101458Z_modular_seed107,107,modular,standard,synthetic_transformer_publication_protocol_v4,False,16.0,4,4.0,recovery_rank_0.8,gradient_norm,8,0.3711537444790451
transformer_publication_20260622T101458Z_modular_seed107,107,modular,standard,synthetic_transformer_publication_protocol_v4,False,16.0,4,4.0,recovery_rank_0.8,frobenius,8,0.8660254037844387
transformer_publication_20260622T101458Z_modular_seed107,107,modular,standard,synthetic_transformer_publication_protocol_v4,False,16.0,4,4.0,penalized_rank_lambda_0.2,effective_rank,8,0.3953329688859207
transformer_publication_20260622T101458Z_modular_seed107,107,modular,standard,synthetic_transformer_publication_protocol_v4,False,16.0,4,4.0,penalized_rank_lambda_0.2,stable_rank,8,0.2470831055537004
transformer_publication_20260622T101458Z_modular_seed107,107,modular,standard,synthetic_transformer_publication_protocol_v4,False,16.0,4,4.0,penalized_rank_lambda_0.2,hard_detectable_rank,8,0.0927247733773644
transformer_publication_20260622T101458Z_modular_seed107,107,modular,standard,synthetic_transformer_publication_protocol_v4,False,16.0,4,4.0,penalized_rank_lambda_0.2,soft_dimension,8,0.6177077638842511
transformer_publication_20260622T101458Z_modular_seed107,107,modular,standard,synthetic_transformer_publication_protocol_v4,False,16.0,4,4.0,penalized_rank_lambda_0.2,gradient_norm,8,0.3459163477751806
transformer_publication_20260622T101458Z_modular_seed107,107,modular,standard,synthetic_transformer_publication_protocol_v4,False,16.0,4,4.0,penalized_rank_lambda_0.2,frobenius,8,0.6918326955503612
transformer_publication_20260622T101458Z_modular_seed107,107,modular,standard,synthetic_transformer_publication_protocol_v4,False,16.0,4,4.0,penalized_rank_lambda_0.3,effective_rank,8,0.8010018789148143
transformer_publication_20260622T101458Z_modular_seed107,107,modular,standard,synthetic_transformer_publication_protocol_v4,False,16.0,4,4.0,penalized_rank_lambda_0.3,stable_rank,8,0.8010018789148143
transformer_publication_20260622T101458Z_modular_seed107,107,modular,standard,synthetic_transformer_publication_protocol_v4,False,16.0,4,4.0,penalized_rank_lambda_0.3,hard_detectable_rank,8,0.6358806443176882
transformer_publication_20260622T101458Z_modular_seed107,107,modular,standard,synthetic_transformer_publication_protocol_v4,False,16.0,4,4.0,penalized_rank_lambda_0.3,soft_dimension,8,0.901127113779166
transformer_publication_20260622T101458Z_modular_seed107,107,modular,standard,synthetic_transformer_publication_protocol_v4,False,16.0,4,4.0,penalized_rank_lambda_0.3,gradient_norm,8,-0.0750939261482638
transformer_publication_20260622T101458Z_modular_seed107,107,modular,standard,synthetic_transformer_publication_protocol_v4,False,16.0,4,4.0,penalized_rank_lambda_0.3,frobenius,8,0.3754696307413192
transformer_publication_20260622T101458Z_modular_seed109,109,modular,fixed_update_scale,synthetic_transformer_publication_protocol_v4,True,16.0,4,4.0,near_best_rank_gap_0.1,effective_rank,8,-0.2749286996141075
transformer_publication_20260622T101458Z_modular_seed109,109,modular,fixed_update_scale,synthetic_transformer_publication_protocol_v4,True,16.0,4,4.0,near_best_rank_gap_0.1,stable_rank,8,-0.4536323543632775
transformer_publication_20260622T101458Z_modular_seed109,109,modular,fixed_update_scale,synthetic_transformer_publication_protocol_v4,True,16.0,4,4.0,near_best_rank_gap_0.1,hard_detectable_rank,8,-0.6193235372853324
transformer_publication_20260622T101458Z_modular_seed109,109,modular,fixed_update_scale,synthetic_transformer_publication_protocol_v4,True,16.0,4,4.0,near_best_rank_gap_0.1,soft_dimension,8,-0.1787036547491699
transformer_publication_20260622T101458Z_modular_seed109,109,modular,fixed_update_scale,synthetic_transformer_publication_protocol_v4,True,16.0,4,4.0,near_best_rank_gap_0.1,gradient_norm,8,0.8660254037844387
transformer_publication_20260622T101458Z_modular_seed109,109,modular,fixed_update_scale,synthetic_transformer_publication_protocol_v4,True,16.0,4,4.0,near_best_rank_gap_0.1,frobenius,8,0.6735753140545635
transformer_publication_20260622T101458Z_modular_seed109,109,modular,fixed_update_scale,synthetic_transformer_publication_protocol_v4,True,16.0,4,4.0,near_best_rank_gap_0.2,effective_rank,8,0.4123930494211612
transformer_publication_20260622T101458Z_modular_seed109,109,modular,fixed_update_scale,synthetic_transformer_publication_protocol_v4,True,16.0,4,4.0,near_best_rank_gap_0.2,stable_rank,8,0.2474358296526967
transformer_publication_20260622T101458Z_modular_seed109,109,modular,fixed_update_scale,synthetic_transformer_publication_protocol_v4,True,16.0,4,4.0,near_best_rank_gap_0.2,hard_detectable_rank,8,0.0
transformer_publication_20260622T101458Z_modular_seed109,109,modular,fixed_update_scale,synthetic_transformer_publication_protocol_v4,True,16.0,4,4.0,near_best_rank_gap_0.2,soft_dimension,8,0.4123930494211612
transformer_publication_20260622T101458Z_modular_seed109,109,modular,fixed_update_scale,synthetic_transformer_publication_protocol_v4,True,16.0,4,4.0,near_best_rank_gap_0.2,gradient_norm,8,0.5773502691896258
transformer_publication_20260622T101458Z_modular_seed109,109,modular,fixed_update_scale,synthetic_transformer_publication_protocol_v4,True,16.0,4,4.0,near_best_rank_gap_0.2,frobenius,8,0.5773502691896258
transformer_publication_20260622T101458Z_modular_seed109,109,modular,fixed_update_scale,synthetic_transformer_publication_protocol_v4,True,16.0,4,4.0,recovery_rank_0.7,effective_rank,8,
transformer_publication_20260622T101458Z_modular_seed109,109,modular,fixed_update_scale,synthetic_transformer_publication_protocol_v4,True,16.0,4,4.0,recovery_rank_0.7,stable_rank,8,
transformer_publication_20260622T101458Z_modular_seed109,109,modular,fixed_update_scale,synthetic_transformer_publication_protocol_v4,True,16.0,4,4.0,recovery_rank_0.7,hard_detectable_rank,8,
transformer_publication_20260622T101458Z_modular_seed109,109,modular,fixed_update_scale,synthetic_transformer_publication_protocol_v4,True,16.0,4,4.0,recovery_rank_0.7,soft_dimension,8,
transformer_publication_20260622T101458Z_modular_seed109,109,modular,fixed_update_scale,synthetic_transformer_publication_protocol_v4,True,16.0,4,4.0,recovery_rank_0.7,gradient_norm,8,
transformer_publication_20260622T101458Z_modular_seed109,109,modular,fixed_update_scale,synthetic_transformer_publication_protocol_v4,True,16.0,4,4.0,recovery_rank_0.7,frobenius,8,
transformer_publication_20260622T101458Z_modular_seed109,109,modular,fixed_update_scale,synthetic_transformer_publication_protocol_v4,True,16.0,4,4.0,recovery_rank_0.8,effective_rank,8,0.4123930494211612
transformer_publication_20260622T101458Z_modular_seed109,109,modular,fixed_update_scale,synthetic_transformer_publication_protocol_v4,True,16.0,4,4.0,recovery_rank_0.8,stable_rank,8,0.2474358296526967
transformer_publication_20260622T101458Z_modular_seed109,109,modular,fixed_update_scale,synthetic_transformer_publication_protocol_v4,True,16.0,4,4.0,recovery_rank_0.8,hard_detectable_rank,8,0.0
transformer_publication_20260622T101458Z_modular_seed109,109,modular,fixed_update_scale,synthetic_transformer_publication_protocol_v4,True,16.0,4,4.0,recovery_rank_0.8,soft_dimension,8,0.4123930494211612
transformer_publication_20260622T101458Z_modular_seed109,109,modular,fixed_update_scale,synthetic_transformer_publication_protocol_v4,True,16.0,4,4.0,recovery_rank_0.8,gradient_norm,8,0.5773502691896258
transformer_publication_20260622T101458Z_modular_seed109,109,modular,fixed_update_scale,synthetic_transformer_publication_protocol_v4,True,16.0,4,4.0,recovery_rank_0.8,frobenius,8,0.5773502691896258
transformer_publication_20260622T101458Z_modular_seed109,109,modular,fixed_update_scale,synthetic_transformer_publication_protocol_v4,True,16.0,4,4.0,penalized_rank_lambda_0.2,effective_rank,8,-0.0652050663696626
transformer_publication_20260622T101458Z_modular_seed109,109,modular,fixed_update_scale,synthetic_transformer_publication_protocol_v4,True,16.0,4,4.0,penalized_rank_lambda_0.2,stable_rank,8,-0.2216972256568529
transformer_publication_20260622T101458Z_modular_seed109,109,modular,fixed_update_scale,synthetic_transformer_publication_protocol_v4,True,16.0,4,4.0,penalized_rank_lambda_0.2,hard_detectable_rank,8,-0.3427327726154263
transformer_publication_20260622T101458Z_modular_seed109,109,modular,fixed_update_scale,synthetic_transformer_publication_protocol_v4,True,16.0,4,4.0,penalized_rank_lambda_0.2,soft_dimension,8,0.026082026547865
transformer_publication_20260622T101458Z_modular_seed109,109,modular,fixed_update_scale,synthetic_transformer_publication_protocol_v4,True,16.0,4,4.0,penalized_rank_lambda_0.2,gradient_norm,8,0.6390096504226939
transformer_publication_20260622T101458Z_modular_seed109,109,modular,fixed_update_scale,synthetic_transformer_publication_protocol_v4,True,16.0,4,4.0,penalized_rank_lambda_0.2,frobenius,8,0.9128709291752768
transformer_publication_20260622T101458Z_modular_seed109,109,modular,fixed_update_scale,synthetic_transformer_publication_protocol_v4,True,16.0,4,4.0,penalized_rank_lambda_0.3,effective_rank,8,-0.0274928699614107
transformer_publication_20260622T101458Z_modular_seed109,109,modular,fixed_update_scale,synthetic_transformer_publication_protocol_v4,True,16.0,4,4.0,penalized_rank_lambda_0.3,stable_rank,8,-0.109971479845643
transformer_publication_20260622T101458Z_modular_seed109,109,modular,fixed_update_scale,synthetic_transformer_publication_protocol_v4,True,16.0,4,4.0,penalized_rank_lambda_0.3,hard_detectable_rank,8,-0.2654243731222853
transformer_publication_20260622T101458Z_modular_seed109,109,modular,fixed_update_scale,synthetic_transformer_publication_protocol_v4,True,16.0,4,4.0,penalized_rank_lambda_0.3,soft_dimension,8,0.0549857399228215
transformer_publication_20260622T101458Z_modular_seed109,109,modular,fixed_update_scale,synthetic_transformer_publication_protocol_v4,True,16.0,4,4.0,penalized_rank_lambda_0.3,gradient_norm,8,0.7835467939002065
transformer_publication_20260622T101458Z_modular_seed109,109,modular,fixed_update_scale,synthetic_transformer_publication_protocol_v4,True,16.0,4,4.0,penalized_rank_lambda_0.3,frobenius,8,0.7010681840159743
transformer_publication_20260622T101458Z_modular_seed109,109,modular,rslora,synthetic_transformer_publication_protocol_v4,False,16.0,4,4.0,near_best_rank_gap_0.1,effective_rank,8,-0.3086066999241838
transformer_publication_20260622T101458Z_modular_seed109,109,modular,rslora,synthetic_transformer_publication_protocol_v4,False,16.0,4,4.0,near_best_rank_gap_0.1,stable_rank,8,-0.3857583749052298
transformer_publication_20260622T101458Z_modular_seed109,109,modular,rslora,synthetic_transformer_publication_protocol_v4,False,16.0,4,4.0,near_best_rank_gap_0.1,hard_detectable_rank,8,-0.4965635331614207
transformer_publication_20260622T101458Z_modular_seed109,109,modular,rslora,synthetic_transformer_publication_protocol_v4,False,16.0,4,4.0,near_best_rank_gap_0.1,soft_dimension,8,-0.2314550249431378
transformer_publication_20260622T101458Z_modular_seed109,109,modular,rslora,synthetic_transformer_publication_protocol_v4,False,16.0,4,4.0,near_best_rank_gap_0.1,gradient_norm,8,0.9258200997725514
transformer_publication_20260622T101458Z_modular_seed109,109,modular,rslora,synthetic_transformer_publication_protocol_v4,False,16.0,4,4.0,near_best_rank_gap_0.1,frobenius,8,0.7715167498104596
transformer_publication_20260622T101458Z_modular_seed109,109,modular,rslora,synthetic_transformer_publication_protocol_v4,False,16.0,4,4.0,near_best_rank_gap_0.2,effective_rank,8,0.1690308509457033
transformer_publication_20260622T101458Z_modular_seed109,109,modular,rslora,synthetic_transformer_publication_protocol_v4,False,16.0,4,4.0,near_best_rank_gap_0.2,stable_rank,8,0.1690308509457033
transformer_publication_20260622T101458Z_modular_seed109,109,modular,rslora,synthetic_transformer_publication_protocol_v4,False,16.0,4,4.0,near_best_rank_gap_0.2,hard_detectable_rank,8,0.0
transformer_publication_20260622T101458Z_modular_seed109,109,modular,rslora,synthetic_transformer_publication_protocol_v4,False,16.0,4,4.0,near_best_rank_gap_0.2,soft_dimension,8,0.2817180849095055
transformer_publication_20260622T101458Z_modular_seed109,109,modular,rslora,synthetic_transformer_publication_protocol_v4,False,16.0,4,4.0,near_best_rank_gap_0.2,gradient_norm,8,0.50709255283711
transformer_publication_20260622T101458Z_modular_seed109,109,modular,rslora,synthetic_transformer_publication_protocol_v4,False,16.0,4,4.0,near_best_rank_gap_0.2,frobenius,8,0.8451542547285167
transformer_publication_20260622T101458Z_modular_seed109,109,modular,rslora,synthetic_transformer_publication_protocol_v4,False,16.0,4,4.0,recovery_rank_0.7,effective_rank,8,
transformer_publication_20260622T101458Z_modular_seed109,109,modular,rslora,synthetic_transformer_publication_protocol_v4,False,16.0,4,4.0,recovery_rank_0.7,stable_rank,8,
transformer_publication_20260622T101458Z_modular_seed109,109,modular,rslora,synthetic_transformer_publication_protocol_v4,False,16.0,4,4.0,recovery_rank_0.7,hard_detectable_rank,8,
transformer_publication_20260622T101458Z_modular_seed109,109,modular,rslora,synthetic_transformer_publication_protocol_v4,False,16.0,4,4.0,recovery_rank_0.7,soft_dimension,8,
transformer_publication_20260622T101458Z_modular_seed109,109,modular,rslora,synthetic_transformer_publication_protocol_v4,False,16.0,4,4.0,recovery_rank_0.7,gradient_norm,8,
transformer_publication_20260622T101458Z_modular_seed109,109,modular,rslora,synthetic_transformer_publication_protocol_v4,False,16.0,4,4.0,recovery_rank_0.7,frobenius,8,
transformer_publication_20260622T101458Z_modular_seed109,109,modular,rslora,synthetic_transformer_publication_protocol_v4,False,16.0,4,4.0,recovery_rank_0.8,effective_rank,8,0.1690308509457033
transformer_publication_20260622T101458Z_modular_seed109,109,modular,rslora,synthetic_transformer_publication_protocol_v4,False,16.0,4,4.0,recovery_rank_0.8,stable_rank,8,0.1690308509457033
transformer_publication_20260622T101458Z_modular_seed109,109,modular,rslora,synthetic_transformer_publication_protocol_v4,False,16.0,4,4.0,recovery_rank_0.8,hard_detectable_rank,8,0.0
transformer_publication_20260622T101458Z_modular_seed109,109,modular,rslora,synthetic_transformer_publication_protocol_v4,False,16.0,4,4.0,recovery_rank_0.8,soft_dimension,8,0.2817180849095055
transformer_publication_20260622T101458Z_modular_seed109,109,modular,rslora,synthetic_transformer_publication_protocol_v4,False,16.0,4,4.0,recovery_rank_0.8,gradient_norm,8,0.50709255283711
transformer_publication_20260622T101458Z_modular_seed109,109,modular,rslora,synthetic_transformer_publication_protocol_v4,False,16.0,4,4.0,recovery_rank_0.8,frobenius,8,0.8451542547285167
transformer_publication_20260622T101458Z_modular_seed109,109,modular,rslora,synthetic_transformer_publication_protocol_v4,False,16.0,4,4.0,penalized_rank_lambda_0.2,effective_rank,8,-0.0652050663696626
transformer_publication_20260622T101458Z_modular_seed109,109,modular,rslora,synthetic_transformer_publication_protocol_v4,False,16.0,4,4.0,penalized_rank_lambda_0.2,stable_rank,8,-0.2216972256568529
transformer_publication_20260622T101458Z_modular_seed109,109,modular,rslora,synthetic_transformer_publication_protocol_v4,False,16.0,4,4.0,penalized_rank_lambda_0.2,hard_detectable_rank,8,-0.3427327726154263
transformer_publication_20260622T101458Z_modular_seed109,109,modular,rslora,synthetic_transformer_publication_protocol_v4,False,16.0,4,4.0,penalized_rank_lambda_0.2,soft_dimension,8,0.026082026547865
transformer_publication_20260622T101458Z_modular_seed109,109,modular,rslora,synthetic_transformer_publication_protocol_v4,False,16.0,4,4.0,penalized_rank_lambda_0.2,gradient_norm,8,0.6390096504226939
transformer_publication_20260622T101458Z_modular_seed109,109,modular,rslora,synthetic_transformer_publication_protocol_v4,False,16.0,4,4.0,penalized_rank_lambda_0.2,frobenius,8,0.9128709291752768
transformer_publication_20260622T101458Z_modular_seed109,109,modular,rslora,synthetic_transformer_publication_protocol_v4,False,16.0,4,4.0,penalized_rank_lambda_0.3,effective_rank,8,0.1091089451179962
transformer_publication_20260622T101458Z_modular_seed109,109,modular,rslora,synthetic_transformer_publication_protocol_v4,False,16.0,4,4.0,penalized_rank_lambda_0.3,stable_rank,8,-0.1091089451179962
transformer_publication_20260622T101458Z_modular_seed109,109,modular,rslora,synthetic_transformer_publication_protocol_v4,False,16.0,4,4.0,penalized_rank_lambda_0.3,hard_detectable_rank,8,-0.3511234415883916
transformer_publication_20260622T101458Z_modular_seed109,109,modular,rslora,synthetic_transformer_publication_protocol_v4,False,16.0,4,4.0,penalized_rank_lambda_0.3,soft_dimension,8,0.2182178902359924
transformer_publication_20260622T101458Z_modular_seed109,109,modular,rslora,synthetic_transformer_publication_protocol_v4,False,16.0,4,4.0,penalized_rank_lambda_0.3,gradient_norm,8,0.6546536707079772
transformer_publication_20260622T101458Z_modular_seed109,109,modular,rslora,synthetic_transformer_publication_protocol_v4,False,16.0,4,4.0,penalized_rank_lambda_0.3,frobenius,8,0.545544725589981
transformer_publication_20260622T101458Z_modular_seed109,109,modular,standard,synthetic_transformer_publication_protocol_v4,False,16.0,4,4.0,near_best_rank_gap_0.1,effective_rank,8,-0.2749286996141075
transformer_publication_20260622T101458Z_modular_seed109,109,modular,standard,synthetic_transformer_publication_protocol_v4,False,16.0,4,4.0,near_best_rank_gap_0.1,stable_rank,8,-0.4536323543632775
transformer_publication_20260622T101458Z_modular_seed109,109,modular,standard,synthetic_transformer_publication_protocol_v4,False,16.0,4,4.0,near_best_rank_gap_0.1,hard_detectable_rank,8,-0.6193235372853324
transformer_publication_20260622T101458Z_modular_seed109,109,modular,standard,synthetic_transformer_publication_protocol_v4,False,16.0,4,4.0,near_best_rank_gap_0.1,soft_dimension,8,-0.1787036547491699
transformer_publication_20260622T101458Z_modular_seed109,109,modular,standard,synthetic_transformer_publication_protocol_v4,False,16.0,4,4.0,near_best_rank_gap_0.1,gradient_norm,8,0.8660254037844387
transformer_publication_20260622T101458Z_modular_seed109,109,modular,standard,synthetic_transformer_publication_protocol_v4,False,16.0,4,4.0,near_best_rank_gap_0.1,frobenius,8,0.6735753140545635
transformer_publication_20260622T101458Z_modular_seed109,109,modular,standard,synthetic_transformer_publication_protocol_v4,False,16.0,4,4.0,near_best_rank_gap_0.2,effective_rank,8,0.1690308509457033
transformer_publication_20260622T101458Z_modular_seed109,109,modular,standard,synthetic_transformer_publication_protocol_v4,False,16.0,4,4.0,near_best_rank_gap_0.2,stable_rank,8,0.1690308509457033
transformer_publication_20260622T101458Z_modular_seed109,109,modular,standard,synthetic_transformer_publication_protocol_v4,False,16.0,4,4.0,near_best_rank_gap_0.2,hard_detectable_rank,8,0.0
transformer_publication_20260622T101458Z_modular_seed109,109,modular,standard,synthetic_transformer_publication_protocol_v4,False,16.0,4,4.0,near_best_rank_gap_0.2,soft_dimension,8,0.2817180849095055
transformer_publication_20260622T101458Z_modular_seed109,109,modular,standard,synthetic_transformer_publication_protocol_v4,False,16.0,4,4.0,near_best_rank_gap_0.2,gradient_norm,8,0.50709255283711
transformer_publication_20260622T101458Z_modular_seed109,109,modular,standard,synthetic_transformer_publication_protocol_v4,False,16.0,4,4.0,near_best_rank_gap_0.2,frobenius,8,0.8451542547285167
transformer_publication_20260622T101458Z_modular_seed109,109,modular,standard,synthetic_transformer_publication_protocol_v4,False,16.0,4,4.0,recovery_rank_0.7,effective_rank,8,
transformer_publication_20260622T101458Z_modular_seed109,109,modular,standard,synthetic_transformer_publication_protocol_v4,False,16.0,4,4.0,recovery_rank_0.7,stable_rank,8,
transformer_publication_20260622T101458Z_modular_seed109,109,modular,standard,synthetic_transformer_publication_protocol_v4,False,16.0,4,4.0,recovery_rank_0.7,hard_detectable_rank,8,
transformer_publication_20260622T101458Z_modular_seed109,109,modular,standard,synthetic_transformer_publication_protocol_v4,False,16.0,4,4.0,recovery_rank_0.7,soft_dimension,8,
transformer_publication_20260622T101458Z_modular_seed109,109,modular,standard,synthetic_transformer_publication_protocol_v4,False,16.0,4,4.0,recovery_rank_0.7,gradient_norm,8,
transformer_publication_20260622T101458Z_modular_seed109,109,modular,standard,synthetic_transformer_publication_protocol_v4,False,16.0,4,4.0,recovery_rank_0.7,frobenius,8,
transformer_publication_20260622T101458Z_modular_seed109,109,modular,standard,synthetic_transformer_publication_protocol_v4,False,16.0,4,4.0,recovery_rank_0.8,effective_rank,8,0.1690308509457033
transformer_publication_20260622T101458Z_modular_seed109,109,modular,standard,synthetic_transformer_publication_protocol_v4,False,16.0,4,4.0,recovery_rank_0.8,stable_rank,8,0.1690308509457033
transformer_publication_20260622T101458Z_modular_seed109,109,modular,standard,synthetic_transformer_publication_protocol_v4,False,16.0,4,4.0,recovery_rank_0.8,hard_detectable_rank,8,0.0
transformer_publication_20260622T101458Z_modular_seed109,109,modular,standard,synthetic_transformer_publication_protocol_v4,False,16.0,4,4.0,recovery_rank_0.8,soft_dimension,8,0.2817180849095055
transformer_publication_20260622T101458Z_modular_seed109,109,modular,standard,synthetic_transformer_publication_protocol_v4,False,16.0,4,4.0,recovery_rank_0.8,gradient_norm,8,0.50709255283711
transformer_publication_20260622T101458Z_modular_seed109,109,modular,standard,synthetic_transformer_publication_protocol_v4,False,16.0,4,4.0,recovery_rank_0.8,frobenius,8,0.8451542547285167
transformer_publication_20260622T101458Z_modular_seed109,109,modular,standard,synthetic_transformer_publication_protocol_v4,False,16.0,4,4.0,penalized_rank_lambda_0.2,effective_rank,8,-0.0652050663696626
transformer_publication_20260622T101458Z_modular_seed109,109,modular,standard,synthetic_transformer_publication_protocol_v4,False,16.0,4,4.0,penalized_rank_lambda_0.2,stable_rank,8,-0.2216972256568529
transformer_publication_20260622T101458Z_modular_seed109,109,modular,standard,synthetic_transformer_publication_protocol_v4,False,16.0,4,4.0,penalized_rank_lambda_0.2,hard_detectable_rank,8,-0.3427327726154263
transformer_publication_20260622T101458Z_modular_seed109,109,modular,standard,synthetic_transformer_publication_protocol_v4,False,16.0,4,4.0,penalized_rank_lambda_0.2,soft_dimension,8,0.026082026547865
transformer_publication_20260622T101458Z_modular_seed109,109,modular,standard,synthetic_transformer_publication_protocol_v4,False,16.0,4,4.0,penalized_rank_lambda_0.2,gradient_norm,8,0.6390096504226939
transformer_publication_20260622T101458Z_modular_seed109,109,modular,standard,synthetic_transformer_publication_protocol_v4,False,16.0,4,4.0,penalized_rank_lambda_0.2,frobenius,8,0.9128709291752768
transformer_publication_20260622T101458Z_modular_seed109,109,modular,standard,synthetic_transformer_publication_protocol_v4,False,16.0,4,4.0,penalized_rank_lambda_0.3,effective_rank,8,0.1091089451179962
transformer_publication_20260622T101458Z_modular_seed109,109,modular,standard,synthetic_transformer_publication_protocol_v4,False,16.0,4,4.0,penalized_rank_lambda_0.3,stable_rank,8,-0.1091089451179962
transformer_publication_20260622T101458Z_modular_seed109,109,modular,standard,synthetic_transformer_publication_protocol_v4,False,16.0,4,4.0,penalized_rank_lambda_0.3,hard_detectable_rank,8,-0.3511234415883916
transformer_publication_20260622T101458Z_modular_seed109,109,modular,standard,synthetic_transformer_publication_protocol_v4,False,16.0,4,4.0,penalized_rank_lambda_0.3,soft_dimension,8,0.2182178902359924
transformer_publication_20260622T101458Z_modular_seed109,109,modular,standard,synthetic_transformer_publication_protocol_v4,False,16.0,4,4.0,penalized_rank_lambda_0.3,gradient_norm,8,0.6546536707079772
transformer_publication_20260622T101458Z_modular_seed109,109,modular,standard,synthetic_transformer_publication_protocol_v4,False,16.0,4,4.0,penalized_rank_lambda_0.3,frobenius,8,0.545544725589981
transformer_publication_20260622T101458Z_modular_seed113,113,modular,fixed_update_scale,synthetic_transformer_publication_protocol_v4,True,16.0,4,4.0,near_best_rank_gap_0.1,effective_rank,8,0.830065346888045
transformer_publication_20260622T101458Z_modular_seed113,113,modular,fixed_update_scale,synthetic_transformer_publication_protocol_v4,True,16.0,4,4.0,near_best_rank_gap_0.1,stable_rank,8,0.6129713330865564
transformer_publication_20260622T101458Z_modular_seed113,113,modular,fixed_update_scale,synthetic_transformer_publication_protocol_v4,True,16.0,4,4.0,near_best_rank_gap_0.1,hard_detectable_rank,8,0.6561880335523164
transformer_publication_20260622T101458Z_modular_seed113,113,modular,fixed_update_scale,synthetic_transformer_publication_protocol_v4,True,16.0,4,4.0,near_best_rank_gap_0.1,soft_dimension,8,0.830065346888045
transformer_publication_20260622T101458Z_modular_seed113,113,modular,fixed_update_scale,synthetic_transformer_publication_protocol_v4,True,16.0,4,4.0,near_best_rank_gap_0.1,gradient_norm,8,0.4597284998149172
transformer_publication_20260622T101458Z_modular_seed113,113,modular,fixed_update_scale,synthetic_transformer_publication_protocol_v4,True,16.0,4,4.0,near_best_rank_gap_0.1,frobenius,8,0.6257415691925263
transformer_publication_20260622T101458Z_modular_seed113,113,modular,fixed_update_scale,synthetic_transformer_publication_protocol_v4,True,16.0,4,4.0,near_best_rank_gap_0.2,effective_rank,8,0.5773502691896258
transformer_publication_20260622T101458Z_modular_seed113,113,modular,fixed_update_scale,synthetic_transformer_publication_protocol_v4,True,16.0,4,4.0,near_best_rank_gap_0.2,stable_rank,8,0.4123930494211612
transformer_publication_20260622T101458Z_modular_seed113,113,modular,fixed_update_scale,synthetic_transformer_publication_protocol_v4,True,16.0,4,4.0,near_best_rank_gap_0.2,hard_detectable_rank,8,0.0952380952380952
transformer_publication_20260622T101458Z_modular_seed113,113,modular,fixed_update_scale,synthetic_transformer_publication_protocol_v4,True,16.0,4,4.0,near_best_rank_gap_0.2,soft_dimension,8,0.2474358296526967
transformer_publication_20260622T101458Z_modular_seed113,113,modular,fixed_update_scale,synthetic_transformer_publication_protocol_v4,True,16.0,4,4.0,near_best_rank_gap_0.2,gradient_norm,8,0.0824786098842322
transformer_publication_20260622T101458Z_modular_seed113,113,modular,fixed_update_scale,synthetic_transformer_publication_protocol_v4,True,16.0,4,4.0,near_best_rank_gap_0.2,frobenius,8,0.4123930494211612
transformer_publication_20260622T101458Z_modular_seed113,113,modular,fixed_update_scale,synthetic_transformer_publication_protocol_v4,True,16.0,4,4.0,recovery_rank_0.7,effective_rank,8,
transformer_publication_20260622T101458Z_modular_seed113,113,modular,fixed_update_scale,synthetic_transformer_publication_protocol_v4,True,16.0,4,4.0,recovery_rank_0.7,stable_rank,8,
transformer_publication_20260622T101458Z_modular_seed113,113,modular,fixed_update_scale,synthetic_transformer_publication_protocol_v4,True,16.0,4,4.0,recovery_rank_0.7,hard_detectable_rank,8,
transformer_publication_20260622T101458Z_modular_seed113,113,modular,fixed_update_scale,synthetic_transformer_publication_protocol_v4,True,16.0,4,4.0,recovery_rank_0.7,soft_dimension,8,
transformer_publication_20260622T101458Z_modular_seed113,113,modular,fixed_update_scale,synthetic_transformer_publication_protocol_v4,True,16.0,4,4.0,recovery_rank_0.7,gradient_norm,8,
transformer_publication_20260622T101458Z_modular_seed113,113,modular,fixed_update_scale,synthetic_transformer_publication_protocol_v4,True,16.0,4,4.0,recovery_rank_0.7,frobenius,8,
transformer_publication_20260622T101458Z_modular_seed113,113,modular,fixed_update_scale,synthetic_transformer_publication_protocol_v4,True,16.0,4,4.0,recovery_rank_0.8,effective_rank,8,0.5773502691896258
transformer_publication_20260622T101458Z_modular_seed113,113,modular,fixed_update_scale,synthetic_transformer_publication_protocol_v4,True,16.0,4,4.0,recovery_rank_0.8,stable_rank,8,0.4123930494211612
transformer_publication_20260622T101458Z_modular_seed113,113,modular,fixed_update_scale,synthetic_transformer_publication_protocol_v4,True,16.0,4,4.0,recovery_rank_0.8,hard_detectable_rank,8,0.0952380952380952
transformer_publication_20260622T101458Z_modular_seed113,113,modular,fixed_update_scale,synthetic_transformer_publication_protocol_v4,True,16.0,4,4.0,recovery_rank_0.8,soft_dimension,8,0.2474358296526967
transformer_publication_20260622T101458Z_modular_seed113,113,modular,fixed_update_scale,synthetic_transformer_publication_protocol_v4,True,16.0,4,4.0,recovery_rank_0.8,gradient_norm,8,0.0824786098842322
transformer_publication_20260622T101458Z_modular_seed113,113,modular,fixed_update_scale,synthetic_transformer_publication_protocol_v4,True,16.0,4,4.0,recovery_rank_0.8,frobenius,8,0.4123930494211612
transformer_publication_20260622T101458Z_modular_seed113,113,modular,fixed_update_scale,synthetic_transformer_publication_protocol_v4,True,16.0,4,4.0,penalized_rank_lambda_0.2,effective_rank,8,0.7563787698880865
transformer_publication_20260622T101458Z_modular_seed113,113,modular,fixed_update_scale,synthetic_transformer_publication_protocol_v4,True,16.0,4,4.0,penalized_rank_lambda_0.2,stable_rank,8,0.4825174911355034
transformer_publication_20260622T101458Z_modular_seed113,113,modular,fixed_update_scale,synthetic_transformer_publication_protocol_v4,True,16.0,4,4.0,penalized_rank_lambda_0.2,hard_detectable_rank,8,0.3839908587347318
transformer_publication_20260622T101458Z_modular_seed113,113,modular,fixed_update_scale,synthetic_transformer_publication_protocol_v4,True,16.0,4,4.0,penalized_rank_lambda_0.2,soft_dimension,8,0.5738045840530311
transformer_publication_20260622T101458Z_modular_seed113,113,modular,fixed_update_scale,synthetic_transformer_publication_protocol_v4,True,16.0,4,4.0,penalized_rank_lambda_0.2,gradient_norm,8,0.2999433053004481
transformer_publication_20260622T101458Z_modular_seed113,113,modular,fixed_update_scale,synthetic_transformer_publication_protocol_v4,True,16.0,4,4.0,penalized_rank_lambda_0.2,frobenius,8,0.7563787698880865
transformer_publication_20260622T101458Z_modular_seed113,113,modular,fixed_update_scale,synthetic_transformer_publication_protocol_v4,True,16.0,4,4.0,penalized_rank_lambda_0.3,effective_rank,8,0.600099198148979
transformer_publication_20260622T101458Z_modular_seed113,113,modular,fixed_update_scale,synthetic_transformer_publication_protocol_v4,True,16.0,4,4.0,penalized_rank_lambda_0.3,stable_rank,8,0.3546040716334876
transformer_publication_20260622T101458Z_modular_seed113,113,modular,fixed_update_scale,synthetic_transformer_publication_protocol_v4,True,16.0,4,4.0,penalized_rank_lambda_0.3,hard_detectable_rank,8,0.3779644730092272
transformer_publication_20260622T101458Z_modular_seed113,113,modular,fixed_update_scale,synthetic_transformer_publication_protocol_v4,True,16.0,4,4.0,penalized_rank_lambda_0.3,soft_dimension,8,0.600099198148979
transformer_publication_20260622T101458Z_modular_seed113,113,modular,fixed_update_scale,synthetic_transformer_publication_protocol_v4,True,16.0,4,4.0,penalized_rank_lambda_0.3,gradient_norm,8,0.1909406539564933
transformer_publication_20260622T101458Z_modular_seed113,113,modular,fixed_update_scale,synthetic_transformer_publication_protocol_v4,True,16.0,4,4.0,penalized_rank_lambda_0.3,frobenius,8,0.3546040716334876
transformer_publication_20260622T101458Z_modular_seed113,113,modular,rslora,synthetic_transformer_publication_protocol_v4,False,16.0,4,4.0,near_best_rank_gap_0.1,effective_rank,8,0.8510644963469902
transformer_publication_20260622T101458Z_modular_seed113,113,modular,rslora,synthetic_transformer_publication_protocol_v4,False,16.0,4,4.0,near_best_rank_gap_0.1,stable_rank,8,0.7259079527665504
transformer_publication_20260622T101458Z_modular_seed113,113,modular,rslora,synthetic_transformer_publication_protocol_v4,False,16.0,4,4.0,near_best_rank_gap_0.1,hard_detectable_rank,8,0.6358806443176882
transformer_publication_20260622T101458Z_modular_seed113,113,modular,rslora,synthetic_transformer_publication_protocol_v4,False,16.0,4,4.0,near_best_rank_gap_0.1,soft_dimension,8,0.8510644963469902
transformer_publication_20260622T101458Z_modular_seed113,113,modular,rslora,synthetic_transformer_publication_protocol_v4,False,16.0,4,4.0,near_best_rank_gap_0.1,gradient_norm,8,0.5757201004700229
transformer_publication_20260622T101458Z_modular_seed113,113,modular,rslora,synthetic_transformer_publication_protocol_v4,False,16.0,4,4.0,near_best_rank_gap_0.1,frobenius,8,0.7509392614826385
transformer_publication_20260622T101458Z_modular_seed113,113,modular,rslora,synthetic_transformer_publication_protocol_v4,False,16.0,4,4.0,near_best_rank_gap_0.2,effective_rank,8,0.5773502691896258
transformer_publication_20260622T101458Z_modular_seed113,113,modular,rslora,synthetic_transformer_publication_protocol_v4,False,16.0,4,4.0,near_best_rank_gap_0.2,stable_rank,8,0.4123930494211612
transformer_publication_20260622T101458Z_modular_seed113,113,modular,rslora,synthetic_transformer_publication_protocol_v4,False,16.0,4,4.0,near_best_rank_gap_0.2,hard_detectable_rank,8,0.0952380952380952
transformer_publication_20260622T101458Z_modular_seed113,113,modular,rslora,synthetic_transformer_publication_protocol_v4,False,16.0,4,4.0,near_best_rank_gap_0.2,soft_dimension,8,0.2474358296526967
transformer_publication_20260622T101458Z_modular_seed113,113,modular,rslora,synthetic_transformer_publication_protocol_v4,False,16.0,4,4.0,near_best_rank_gap_0.2,gradient_norm,8,0.0824786098842322
transformer_publication_20260622T101458Z_modular_seed113,113,modular,rslora,synthetic_transformer_publication_protocol_v4,False,16.0,4,4.0,near_best_rank_gap_0.2,frobenius,8,0.4123930494211612
transformer_publication_20260622T101458Z_modular_seed113,113,modular,rslora,synthetic_transformer_publication_protocol_v4,False,16.0,4,4.0,recovery_rank_0.7,effective_rank,8,
transformer_publication_20260622T101458Z_modular_seed113,113,modular,rslora,synthetic_transformer_publication_protocol_v4,False,16.0,4,4.0,recovery_rank_0.7,stable_rank,8,
transformer_publication_20260622T101458Z_modular_seed113,113,modular,rslora,synthetic_transformer_publication_protocol_v4,False,16.0,4,4.0,recovery_rank_0.7,hard_detectable_rank,8,
transformer_publication_20260622T101458Z_modular_seed113,113,modular,rslora,synthetic_transformer_publication_protocol_v4,False,16.0,4,4.0,recovery_rank_0.7,soft_dimension,8,
transformer_publication_20260622T101458Z_modular_seed113,113,modular,rslora,synthetic_transformer_publication_protocol_v4,False,16.0,4,4.0,recovery_rank_0.7,gradient_norm,8,
transformer_publication_20260622T101458Z_modular_seed113,113,modular,rslora,synthetic_transformer_publication_protocol_v4,False,16.0,4,4.0,recovery_rank_0.7,frobenius,8,
transformer_publication_20260622T101458Z_modular_seed113,113,modular,rslora,synthetic_transformer_publication_protocol_v4,False,16.0,4,4.0,recovery_rank_0.8,effective_rank,8,0.5773502691896258
transformer_publication_20260622T101458Z_modular_seed113,113,modular,rslora,synthetic_transformer_publication_protocol_v4,False,16.0,4,4.0,recovery_rank_0.8,stable_rank,8,0.4123930494211612
transformer_publication_20260622T101458Z_modular_seed113,113,modular,rslora,synthetic_transformer_publication_protocol_v4,False,16.0,4,4.0,recovery_rank_0.8,hard_detectable_rank,8,0.0952380952380952
transformer_publication_20260622T101458Z_modular_seed113,113,modular,rslora,synthetic_transformer_publication_protocol_v4,False,16.0,4,4.0,recovery_rank_0.8,soft_dimension,8,0.2474358296526967
transformer_publication_20260622T101458Z_modular_seed113,113,modular,rslora,synthetic_transformer_publication_protocol_v4,False,16.0,4,4.0,recovery_rank_0.8,gradient_norm,8,0.0824786098842322
transformer_publication_20260622T101458Z_modular_seed113,113,modular,rslora,synthetic_transformer_publication_protocol_v4,False,16.0,4,4.0,recovery_rank_0.8,frobenius,8,0.4123930494211612
transformer_publication_20260622T101458Z_modular_seed113,113,modular,rslora,synthetic_transformer_publication_protocol_v4,False,16.0,4,4.0,penalized_rank_lambda_0.2,effective_rank,8,0.8510644963469902
transformer_publication_20260622T101458Z_modular_seed113,113,modular,rslora,synthetic_transformer_publication_protocol_v4,False,16.0,4,4.0,penalized_rank_lambda_0.2,stable_rank,8,0.6257827179021987
transformer_publication_20260622T101458Z_modular_seed113,113,modular,rslora,synthetic_transformer_publication_protocol_v4,False,16.0,4,4.0,penalized_rank_lambda_0.2,hard_detectable_rank,8,0.563621480190678
transformer_publication_20260622T101458Z_modular_seed113,113,modular,rslora,synthetic_transformer_publication_protocol_v4,False,16.0,4,4.0,penalized_rank_lambda_0.2,soft_dimension,8,0.7008766440504626
transformer_publication_20260622T101458Z_modular_seed113,113,modular,rslora,synthetic_transformer_publication_protocol_v4,False,16.0,4,4.0,penalized_rank_lambda_0.2,gradient_norm,8,0.4755948656056709
transformer_publication_20260622T101458Z_modular_seed113,113,modular,rslora,synthetic_transformer_publication_protocol_v4,False,16.0,4,4.0,penalized_rank_lambda_0.2,frobenius,8,0.8510644963469902
transformer_publication_20260622T101458Z_modular_seed113,113,modular,rslora,synthetic_transformer_publication_protocol_v4,False,16.0,4,4.0,penalized_rank_lambda_0.3,effective_rank,8,0.830065346888045
transformer_publication_20260622T101458Z_modular_seed113,113,modular,rslora,synthetic_transformer_publication_protocol_v4,False,16.0,4,4.0,penalized_rank_lambda_0.3,stable_rank,8,0.6129713330865564
transformer_publication_20260622T101458Z_modular_seed113,113,modular,rslora,synthetic_transformer_publication_protocol_v4,False,16.0,4,4.0,penalized_rank_lambda_0.3,hard_detectable_rank,8,0.6561880335523164
transformer_publication_20260622T101458Z_modular_seed113,113,modular,rslora,synthetic_transformer_publication_protocol_v4,False,16.0,4,4.0,penalized_rank_lambda_0.3,soft_dimension,8,0.830065346888045
transformer_publication_20260622T101458Z_modular_seed113,113,modular,rslora,synthetic_transformer_publication_protocol_v4,False,16.0,4,4.0,penalized_rank_lambda_0.3,gradient_norm,8,0.4597284998149172
transformer_publication_20260622T101458Z_modular_seed113,113,modular,rslora,synthetic_transformer_publication_protocol_v4,False,16.0,4,4.0,penalized_rank_lambda_0.3,frobenius,8,0.6257415691925263
transformer_publication_20260622T101458Z_modular_seed113,113,modular,standard,synthetic_transformer_publication_protocol_v4,False,16.0,4,4.0,near_best_rank_gap_0.1,effective_rank,8,0.8510644963469902
transformer_publication_20260622T101458Z_modular_seed113,113,modular,standard,synthetic_transformer_publication_protocol_v4,False,16.0,4,4.0,near_best_rank_gap_0.1,stable_rank,8,0.7259079527665504
transformer_publication_20260622T101458Z_modular_seed113,113,modular,standard,synthetic_transformer_publication_protocol_v4,False,16.0,4,4.0,near_best_rank_gap_0.1,hard_detectable_rank,8,0.6358806443176882
transformer_publication_20260622T101458Z_modular_seed113,113,modular,standard,synthetic_transformer_publication_protocol_v4,False,16.0,4,4.0,near_best_rank_gap_0.1,soft_dimension,8,0.8510644963469902
transformer_publication_20260622T101458Z_modular_seed113,113,modular,standard,synthetic_transformer_publication_protocol_v4,False,16.0,4,4.0,near_best_rank_gap_0.1,gradient_norm,8,0.5757201004700229
transformer_publication_20260622T101458Z_modular_seed113,113,modular,standard,synthetic_transformer_publication_protocol_v4,False,16.0,4,4.0,near_best_rank_gap_0.1,frobenius,8,0.7509392614826385
transformer_publication_20260622T101458Z_modular_seed113,113,modular,standard,synthetic_transformer_publication_protocol_v4,False,16.0,4,4.0,near_best_rank_gap_0.2,effective_rank,8,0.0
transformer_publication_20260622T101458Z_modular_seed113,113,modular,standard,synthetic_transformer_publication_protocol_v4,False,16.0,4,4.0,near_best_rank_gap_0.2,stable_rank,8,-0.1259881576697424
transformer_publication_20260622T101458Z_modular_seed113,113,modular,standard,synthetic_transformer_publication_protocol_v4,False,16.0,4,4.0,near_best_rank_gap_0.2,hard_detectable_rank,8,-0.363696483726654
transformer_publication_20260622T101458Z_modular_seed113,113,modular,standard,synthetic_transformer_publication_protocol_v4,False,16.0,4,4.0,near_best_rank_gap_0.2,soft_dimension,8,-0.2519763153394848
transformer_publication_20260622T101458Z_modular_seed113,113,modular,standard,synthetic_transformer_publication_protocol_v4,False,16.0,4,4.0,near_best_rank_gap_0.2,gradient_norm,8,-0.3779644730092272
transformer_publication_20260622T101458Z_modular_seed113,113,modular,standard,synthetic_transformer_publication_protocol_v4,False,16.0,4,4.0,near_best_rank_gap_0.2,frobenius,8,-0.1259881576697424
transformer_publication_20260622T101458Z_modular_seed113,113,modular,standard,synthetic_transformer_publication_protocol_v4,False,16.0,4,4.0,recovery_rank_0.7,effective_rank,8,
transformer_publication_20260622T101458Z_modular_seed113,113,modular,standard,synthetic_transformer_publication_protocol_v4,False,16.0,4,4.0,recovery_rank_0.7,stable_rank,8,
transformer_publication_20260622T101458Z_modular_seed113,113,modular,standard,synthetic_transformer_publication_protocol_v4,False,16.0,4,4.0,recovery_rank_0.7,hard_detectable_rank,8,
transformer_publication_20260622T101458Z_modular_seed113,113,modular,standard,synthetic_transformer_publication_protocol_v4,False,16.0,4,4.0,recovery_rank_0.7,soft_dimension,8,
transformer_publication_20260622T101458Z_modular_seed113,113,modular,standard,synthetic_transformer_publication_protocol_v4,False,16.0,4,4.0,recovery_rank_0.7,gradient_norm,8,
transformer_publication_20260622T101458Z_modular_seed113,113,modular,standard,synthetic_transformer_publication_protocol_v4,False,16.0,4,4.0,recovery_rank_0.7,frobenius,8,
transformer_publication_20260622T101458Z_modular_seed113,113,modular,standard,synthetic_transformer_publication_protocol_v4,False,16.0,4,4.0,recovery_rank_0.8,effective_rank,8,0.0
transformer_publication_20260622T101458Z_modular_seed113,113,modular,standard,synthetic_transformer_publication_protocol_v4,False,16.0,4,4.0,recovery_rank_0.8,stable_rank,8,-0.1259881576697424
transformer_publication_20260622T101458Z_modular_seed113,113,modular,standard,synthetic_transformer_publication_protocol_v4,False,16.0,4,4.0,recovery_rank_0.8,hard_detectable_rank,8,-0.363696483726654
transformer_publication_20260622T101458Z_modular_seed113,113,modular,standard,synthetic_transformer_publication_protocol_v4,False,16.0,4,4.0,recovery_rank_0.8,soft_dimension,8,-0.2519763153394848
transformer_publication_20260622T101458Z_modular_seed113,113,modular,standard,synthetic_transformer_publication_protocol_v4,False,16.0,4,4.0,recovery_rank_0.8,gradient_norm,8,-0.3779644730092272
transformer_publication_20260622T101458Z_modular_seed113,113,modular,standard,synthetic_transformer_publication_protocol_v4,False,16.0,4,4.0,recovery_rank_0.8,frobenius,8,-0.1259881576697424
transformer_publication_20260622T101458Z_modular_seed113,113,modular,standard,synthetic_transformer_publication_protocol_v4,False,16.0,4,4.0,penalized_rank_lambda_0.2,effective_rank,8,0.7563787698880865
transformer_publication_20260622T101458Z_modular_seed113,113,modular,standard,synthetic_transformer_publication_protocol_v4,False,16.0,4,4.0,penalized_rank_lambda_0.2,stable_rank,8,0.4825174911355034
transformer_publication_20260622T101458Z_modular_seed113,113,modular,standard,synthetic_transformer_publication_protocol_v4,False,16.0,4,4.0,penalized_rank_lambda_0.2,hard_detectable_rank,8,0.3839908587347318
transformer_publication_20260622T101458Z_modular_seed113,113,modular,standard,synthetic_transformer_publication_protocol_v4,False,16.0,4,4.0,penalized_rank_lambda_0.2,soft_dimension,8,0.5738045840530311
transformer_publication_20260622T101458Z_modular_seed113,113,modular,standard,synthetic_transformer_publication_protocol_v4,False,16.0,4,4.0,penalized_rank_lambda_0.2,gradient_norm,8,0.2999433053004481
transformer_publication_20260622T101458Z_modular_seed113,113,modular,standard,synthetic_transformer_publication_protocol_v4,False,16.0,4,4.0,penalized_rank_lambda_0.2,frobenius,8,0.7563787698880865
transformer_publication_20260622T101458Z_modular_seed113,113,modular,standard,synthetic_transformer_publication_protocol_v4,False,16.0,4,4.0,penalized_rank_lambda_0.3,effective_rank,8,0.600099198148979
transformer_publication_20260622T101458Z_modular_seed113,113,modular,standard,synthetic_transformer_publication_protocol_v4,False,16.0,4,4.0,penalized_rank_lambda_0.3,stable_rank,8,0.3546040716334876
transformer_publication_20260622T101458Z_modular_seed113,113,modular,standard,synthetic_transformer_publication_protocol_v4,False,16.0,4,4.0,penalized_rank_lambda_0.3,hard_detectable_rank,8,0.3779644730092272
transformer_publication_20260622T101458Z_modular_seed113,113,modular,standard,synthetic_transformer_publication_protocol_v4,False,16.0,4,4.0,penalized_rank_lambda_0.3,soft_dimension,8,0.600099198148979
transformer_publication_20260622T101458Z_modular_seed113,113,modular,standard,synthetic_transformer_publication_protocol_v4,False,16.0,4,4.0,penalized_rank_lambda_0.3,gradient_norm,8,0.1909406539564933
transformer_publication_20260622T101458Z_modular_seed113,113,modular,standard,synthetic_transformer_publication_protocol_v4,False,16.0,4,4.0,penalized_rank_lambda_0.3,frobenius,8,0.3546040716334876
