task_family,run,seed,scaling_mode,budget,adaptation_replicate,condition_id,rule,allocation_rule,is_primary_allocation_rule,matched_baseline_condition_id,actual_cost,exact_uniform_cost,loss_delta_vs_exact_uniform,acc_delta_vs_exact_uniform
associative_recall,transformer_publication_20260622T101458Z_associative_recall_seed101,101,fixed_update_scale,512,0,effective_rank,effective_rank,effective_rank,False,uniform_exact_cost__512,512,512,0.0,0.0
associative_recall,transformer_publication_20260622T101458Z_associative_recall_seed101,101,fixed_update_scale,512,0,soft_dimension,soft_dimension,soft_dimension,True,uniform_exact_cost__512,512,512,0.0,0.0
associative_recall,transformer_publication_20260622T101458Z_associative_recall_seed101,101,fixed_update_scale,512,0,gradient_norm,gradient_norm,gradient_norm,False,uniform_exact_cost__512,512,512,0.13138484954833982,0.0
associative_recall,transformer_publication_20260622T101458Z_associative_recall_seed101,101,fixed_update_scale,512,0,marginal_gain_edge,marginal_gain_edge,marginal_gain_edge,False,uniform_exact_cost__512,512,512,0.09083265066146853,0.0
associative_recall,transformer_publication_20260622T101458Z_associative_recall_seed101,101,fixed_update_scale,512,0,marginal_gain_soft,marginal_gain_soft,marginal_gain_soft,False,uniform_exact_cost__512,512,512,0.09083265066146853,0.0
associative_recall,transformer_publication_20260622T101458Z_associative_recall_seed101,101,standard,512,0,effective_rank,effective_rank,effective_rank,False,uniform_exact_cost__512,512,512,0.0,0.0
associative_recall,transformer_publication_20260622T101458Z_associative_recall_seed101,101,standard,512,0,soft_dimension,soft_dimension,soft_dimension,True,uniform_exact_cost__512,512,512,0.0,0.0
associative_recall,transformer_publication_20260622T101458Z_associative_recall_seed101,101,standard,512,0,gradient_norm,gradient_norm,gradient_norm,False,uniform_exact_cost__512,512,512,0.2614209856837988,0.0
associative_recall,transformer_publication_20260622T101458Z_associative_recall_seed101,101,standard,512,0,marginal_gain_edge,marginal_gain_edge,marginal_gain_edge,False,uniform_exact_cost__512,512,512,0.13589057140052319,0.0
associative_recall,transformer_publication_20260622T101458Z_associative_recall_seed101,101,standard,512,0,marginal_gain_soft,marginal_gain_soft,marginal_gain_soft,False,uniform_exact_cost__512,512,512,0.13589057140052319,0.0
associative_recall,transformer_publication_20260622T101458Z_associative_recall_seed101,101,rslora,512,0,effective_rank,effective_rank,effective_rank,False,uniform_exact_cost__512,512,512,0.0,0.0
associative_recall,transformer_publication_20260622T101458Z_associative_recall_seed101,101,rslora,512,0,soft_dimension,soft_dimension,soft_dimension,True,uniform_exact_cost__512,512,512,0.0,0.0
associative_recall,transformer_publication_20260622T101458Z_associative_recall_seed101,101,rslora,512,0,gradient_norm,gradient_norm,gradient_norm,False,uniform_exact_cost__512,512,512,0.24285551905632022,0.0
associative_recall,transformer_publication_20260622T101458Z_associative_recall_seed101,101,rslora,512,0,marginal_gain_edge,marginal_gain_edge,marginal_gain_edge,False,uniform_exact_cost__512,512,512,0.1344110891222954,0.0
associative_recall,transformer_publication_20260622T101458Z_associative_recall_seed101,101,rslora,512,0,marginal_gain_soft,marginal_gain_soft,marginal_gain_soft,False,uniform_exact_cost__512,512,512,0.1344110891222954,0.0
associative_recall,transformer_publication_20260622T101458Z_associative_recall_seed101,101,fixed_update_scale,512,1,effective_rank,effective_rank,effective_rank,False,uniform_exact_cost__512,512,512,0.0,0.0
associative_recall,transformer_publication_20260622T101458Z_associative_recall_seed101,101,fixed_update_scale,512,1,soft_dimension,soft_dimension,soft_dimension,True,uniform_exact_cost__512,512,512,0.0,0.0
associative_recall,transformer_publication_20260622T101458Z_associative_recall_seed101,101,fixed_update_scale,512,1,gradient_norm,gradient_norm,gradient_norm,False,uniform_exact_cost__512,512,512,0.10510924272239211,0.0
associative_recall,transformer_publication_20260622T101458Z_associative_recall_seed101,101,fixed_update_scale,512,1,marginal_gain_edge,marginal_gain_edge,marginal_gain_edge,False,uniform_exact_cost__512,512,512,0.11584329605102542,0.0
associative_recall,transformer_publication_20260622T101458Z_associative_recall_seed101,101,fixed_update_scale,512,1,marginal_gain_soft,marginal_gain_soft,marginal_gain_soft,False,uniform_exact_cost__512,512,512,0.11584329605102542,0.0
associative_recall,transformer_publication_20260622T101458Z_associative_recall_seed101,101,standard,512,1,effective_rank,effective_rank,effective_rank,False,uniform_exact_cost__512,512,512,0.0,0.0
associative_recall,transformer_publication_20260622T101458Z_associative_recall_seed101,101,standard,512,1,soft_dimension,soft_dimension,soft_dimension,True,uniform_exact_cost__512,512,512,0.0,0.0
associative_recall,transformer_publication_20260622T101458Z_associative_recall_seed101,101,standard,512,1,gradient_norm,gradient_norm,gradient_norm,False,uniform_exact_cost__512,512,512,0.1178719941526652,0.0
associative_recall,transformer_publication_20260622T101458Z_associative_recall_seed101,101,standard,512,1,marginal_gain_edge,marginal_gain_edge,marginal_gain_edge,False,uniform_exact_cost__512,512,512,0.12167520634830004,0.0
associative_recall,transformer_publication_20260622T101458Z_associative_recall_seed101,101,standard,512,1,marginal_gain_soft,marginal_gain_soft,marginal_gain_soft,False,uniform_exact_cost__512,512,512,0.12167520634830004,0.0
associative_recall,transformer_publication_20260622T101458Z_associative_recall_seed101,101,rslora,512,1,effective_rank,effective_rank,effective_rank,False,uniform_exact_cost__512,512,512,0.0,0.0
associative_recall,transformer_publication_20260622T101458Z_associative_recall_seed101,101,rslora,512,1,soft_dimension,soft_dimension,soft_dimension,True,uniform_exact_cost__512,512,512,0.0,0.0
associative_recall,transformer_publication_20260622T101458Z_associative_recall_seed101,101,rslora,512,1,gradient_norm,gradient_norm,gradient_norm,False,uniform_exact_cost__512,512,512,0.0794230829924345,0.0
associative_recall,transformer_publication_20260622T101458Z_associative_recall_seed101,101,rslora,512,1,marginal_gain_edge,marginal_gain_edge,marginal_gain_edge,False,uniform_exact_cost__512,512,512,0.0955678075551987,0.0
associative_recall,transformer_publication_20260622T101458Z_associative_recall_seed101,101,rslora,512,1,marginal_gain_soft,marginal_gain_soft,marginal_gain_soft,False,uniform_exact_cost__512,512,512,0.0955678075551987,0.0
associative_recall,transformer_publication_20260622T101458Z_associative_recall_seed101,101,fixed_update_scale,512,2,effective_rank,effective_rank,effective_rank,False,uniform_exact_cost__512,512,512,0.0,0.0
associative_recall,transformer_publication_20260622T101458Z_associative_recall_seed101,101,fixed_update_scale,512,2,soft_dimension,soft_dimension,soft_dimension,True,uniform_exact_cost__512,512,512,0.0,0.0
associative_recall,transformer_publication_20260622T101458Z_associative_recall_seed101,101,fixed_update_scale,512,2,gradient_norm,gradient_norm,gradient_norm,False,uniform_exact_cost__512,512,512,0.1144490502774716,0.115234375
associative_recall,transformer_publication_20260622T101458Z_associative_recall_seed101,101,fixed_update_scale,512,2,marginal_gain_edge,marginal_gain_edge,marginal_gain_edge,False,uniform_exact_cost__512,512,512,0.02504497393965721,0.115234375
associative_recall,transformer_publication_20260622T101458Z_associative_recall_seed101,101,fixed_update_scale,512,2,marginal_gain_soft,marginal_gain_soft,marginal_gain_soft,False,uniform_exact_cost__512,512,512,0.02504497393965721,0.115234375
associative_recall,transformer_publication_20260622T101458Z_associative_recall_seed101,101,standard,512,2,effective_rank,effective_rank,effective_rank,False,uniform_exact_cost__512,512,512,0.0,0.0
associative_recall,transformer_publication_20260622T101458Z_associative_recall_seed101,101,standard,512,2,soft_dimension,soft_dimension,soft_dimension,True,uniform_exact_cost__512,512,512,0.0,0.0
associative_recall,transformer_publication_20260622T101458Z_associative_recall_seed101,101,standard,512,2,gradient_norm,gradient_norm,gradient_norm,False,uniform_exact_cost__512,512,512,0.0658208448439836,0.0595703125
associative_recall,transformer_publication_20260622T101458Z_associative_recall_seed101,101,standard,512,2,marginal_gain_edge,marginal_gain_edge,marginal_gain_edge,False,uniform_exact_cost__512,512,512,0.016674289479851723,0.0595703125
associative_recall,transformer_publication_20260622T101458Z_associative_recall_seed101,101,standard,512,2,marginal_gain_soft,marginal_gain_soft,marginal_gain_soft,False,uniform_exact_cost__512,512,512,0.016674289479851723,0.0595703125
associative_recall,transformer_publication_20260622T101458Z_associative_recall_seed101,101,rslora,512,2,effective_rank,effective_rank,effective_rank,False,uniform_exact_cost__512,512,512,0.0,0.0
associative_recall,transformer_publication_20260622T101458Z_associative_recall_seed101,101,rslora,512,2,soft_dimension,soft_dimension,soft_dimension,True,uniform_exact_cost__512,512,512,0.0,0.0
associative_recall,transformer_publication_20260622T101458Z_associative_recall_seed101,101,rslora,512,2,gradient_norm,gradient_norm,gradient_norm,False,uniform_exact_cost__512,512,512,0.080057917162776,0.1279296875
associative_recall,transformer_publication_20260622T101458Z_associative_recall_seed101,101,rslora,512,2,marginal_gain_edge,marginal_gain_edge,marginal_gain_edge,False,uniform_exact_cost__512,512,512,0.024499733000993673,0.1279296875
associative_recall,transformer_publication_20260622T101458Z_associative_recall_seed101,101,rslora,512,2,marginal_gain_soft,marginal_gain_soft,marginal_gain_soft,False,uniform_exact_cost__512,512,512,0.024499733000993673,0.1279296875
associative_recall,transformer_publication_20260622T101458Z_associative_recall_seed101,101,fixed_update_scale,1024,0,effective_rank,effective_rank,effective_rank,False,uniform_exact_cost__1024,1024,1024,-0.011470680125057697,0.0
associative_recall,transformer_publication_20260622T101458Z_associative_recall_seed101,101,fixed_update_scale,1024,0,soft_dimension,soft_dimension,soft_dimension,True,uniform_exact_cost__1024,1024,1024,-0.011470680125057697,0.0
associative_recall,transformer_publication_20260622T101458Z_associative_recall_seed101,101,fixed_update_scale,1024,0,gradient_norm,gradient_norm,gradient_norm,False,uniform_exact_cost__1024,1024,1024,-0.013564808294177097,0.0
associative_recall,transformer_publication_20260622T101458Z_associative_recall_seed101,101,fixed_update_scale,1024,0,marginal_gain_edge,marginal_gain_edge,marginal_gain_edge,False,uniform_exact_cost__1024,1024,1024,-0.011080475989729197,0.0
associative_recall,transformer_publication_20260622T101458Z_associative_recall_seed101,101,fixed_update_scale,1024,0,marginal_gain_soft,marginal_gain_soft,marginal_gain_soft,False,uniform_exact_cost__1024,1024,1024,-0.007202482782304297,0.0
associative_recall,transformer_publication_20260622T101458Z_associative_recall_seed101,101,standard,1024,0,effective_rank,effective_rank,effective_rank,False,uniform_exact_cost__1024,1024,1024,-0.0369250647490844,0.0
associative_recall,transformer_publication_20260622T101458Z_associative_recall_seed101,101,standard,1024,0,soft_dimension,soft_dimension,soft_dimension,True,uniform_exact_cost__1024,1024,1024,-0.0369250647490844,0.0
associative_recall,transformer_publication_20260622T101458Z_associative_recall_seed101,101,standard,1024,0,gradient_norm,gradient_norm,gradient_norm,False,uniform_exact_cost__1024,1024,1024,-0.0317740587051958,0.0
associative_recall,transformer_publication_20260622T101458Z_associative_recall_seed101,101,standard,1024,0,marginal_gain_edge,marginal_gain_edge,marginal_gain_edge,False,uniform_exact_cost__1024,1024,1024,-0.0309645038796589,0.0
associative_recall,transformer_publication_20260622T101458Z_associative_recall_seed101,101,standard,1024,0,marginal_gain_soft,marginal_gain_soft,marginal_gain_soft,False,uniform_exact_cost__1024,1024,1024,-0.021373372990638,0.0
associative_recall,transformer_publication_20260622T101458Z_associative_recall_seed101,101,rslora,1024,0,effective_rank,effective_rank,effective_rank,False,uniform_exact_cost__1024,1024,1024,-0.010743056423962099,0.0
associative_recall,transformer_publication_20260622T101458Z_associative_recall_seed101,101,rslora,1024,0,soft_dimension,soft_dimension,soft_dimension,True,uniform_exact_cost__1024,1024,1024,-0.010743056423962099,0.0
associative_recall,transformer_publication_20260622T101458Z_associative_recall_seed101,101,rslora,1024,0,gradient_norm,gradient_norm,gradient_norm,False,uniform_exact_cost__1024,1024,1024,-0.0154248918406665,0.0
associative_recall,transformer_publication_20260622T101458Z_associative_recall_seed101,101,rslora,1024,0,marginal_gain_edge,marginal_gain_edge,marginal_gain_edge,False,uniform_exact_cost__1024,1024,1024,-0.007282542064785898,0.0
associative_recall,transformer_publication_20260622T101458Z_associative_recall_seed101,101,rslora,1024,0,marginal_gain_soft,marginal_gain_soft,marginal_gain_soft,False,uniform_exact_cost__1024,1024,1024,-0.0022529033012687986,0.0
associative_recall,transformer_publication_20260622T101458Z_associative_recall_seed101,101,fixed_update_scale,1024,1,effective_rank,effective_rank,effective_rank,False,uniform_exact_cost__1024,1024,1024,-0.016327073099091705,0.0
associative_recall,transformer_publication_20260622T101458Z_associative_recall_seed101,101,fixed_update_scale,1024,1,soft_dimension,soft_dimension,soft_dimension,True,uniform_exact_cost__1024,1024,1024,-0.016327073099091705,0.0
associative_recall,transformer_publication_20260622T101458Z_associative_recall_seed101,101,fixed_update_scale,1024,1,gradient_norm,gradient_norm,gradient_norm,False,uniform_exact_cost__1024,1024,1024,-0.019419671036303102,0.0
associative_recall,transformer_publication_20260622T101458Z_associative_recall_seed101,101,fixed_update_scale,1024,1,marginal_gain_edge,marginal_gain_edge,marginal_gain_edge,False,uniform_exact_cost__1024,1024,1024,-0.020655576954595804,0.0
associative_recall,transformer_publication_20260622T101458Z_associative_recall_seed101,101,fixed_update_scale,1024,1,marginal_gain_soft,marginal_gain_soft,marginal_gain_soft,False,uniform_exact_cost__1024,1024,1024,-0.013630418339744203,0.0
associative_recall,transformer_publication_20260622T101458Z_associative_recall_seed101,101,standard,1024,1,effective_rank,effective_rank,effective_rank,False,uniform_exact_cost__1024,1024,1024,-0.020973848528228797,0.0
associative_recall,transformer_publication_20260622T101458Z_associative_recall_seed101,101,standard,1024,1,soft_dimension,soft_dimension,soft_dimension,True,uniform_exact_cost__1024,1024,1024,-0.020973848528228797,0.0
associative_recall,transformer_publication_20260622T101458Z_associative_recall_seed101,101,standard,1024,1,gradient_norm,gradient_norm,gradient_norm,False,uniform_exact_cost__1024,1024,1024,-0.0233223455725238,0.0
associative_recall,transformer_publication_20260622T101458Z_associative_recall_seed101,101,standard,1024,1,marginal_gain_edge,marginal_gain_edge,marginal_gain_edge,False,uniform_exact_cost__1024,1024,1024,-0.0253069945028984,0.0
associative_recall,transformer_publication_20260622T101458Z_associative_recall_seed101,101,standard,1024,1,marginal_gain_soft,marginal_gain_soft,marginal_gain_soft,False,uniform_exact_cost__1024,1024,1024,-0.012919037370011297,0.0
associative_recall,transformer_publication_20260622T101458Z_associative_recall_seed101,101,rslora,1024,1,effective_rank,effective_rank,effective_rank,False,uniform_exact_cost__1024,1024,1024,-0.0089331900235266,0.0
associative_recall,transformer_publication_20260622T101458Z_associative_recall_seed101,101,rslora,1024,1,soft_dimension,soft_dimension,soft_dimension,True,uniform_exact_cost__1024,1024,1024,-0.0089331900235266,0.0
associative_recall,transformer_publication_20260622T101458Z_associative_recall_seed101,101,rslora,1024,1,gradient_norm,gradient_norm,gradient_norm,False,uniform_exact_cost__1024,1024,1024,-0.0111838934244588,0.0
associative_recall,transformer_publication_20260622T101458Z_associative_recall_seed101,101,rslora,1024,1,marginal_gain_edge,marginal_gain_edge,marginal_gain_edge,False,uniform_exact_cost__1024,1024,1024,-0.0132056461879984,0.0
associative_recall,transformer_publication_20260622T101458Z_associative_recall_seed101,101,rslora,1024,1,marginal_gain_soft,marginal_gain_soft,marginal_gain_soft,False,uniform_exact_cost__1024,1024,1024,-0.0032983161509037018,0.0
associative_recall,transformer_publication_20260622T101458Z_associative_recall_seed101,101,fixed_update_scale,1024,2,effective_rank,effective_rank,effective_rank,False,uniform_exact_cost__1024,1024,1024,-0.020354706794023597,0.0
associative_recall,transformer_publication_20260622T101458Z_associative_recall_seed101,101,fixed_update_scale,1024,2,soft_dimension,soft_dimension,soft_dimension,True,uniform_exact_cost__1024,1024,1024,-0.020354706794023597,0.0
associative_recall,transformer_publication_20260622T101458Z_associative_recall_seed101,101,fixed_update_scale,1024,2,gradient_norm,gradient_norm,gradient_norm,False,uniform_exact_cost__1024,1024,1024,-0.0271636511897669,0.0
associative_recall,transformer_publication_20260622T101458Z_associative_recall_seed101,101,fixed_update_scale,1024,2,marginal_gain_edge,marginal_gain_edge,marginal_gain_edge,False,uniform_exact_cost__1024,1024,1024,-0.0265248132636771,0.0
associative_recall,transformer_publication_20260622T101458Z_associative_recall_seed101,101,fixed_update_scale,1024,2,marginal_gain_soft,marginal_gain_soft,marginal_gain_soft,False,uniform_exact_cost__1024,1024,1024,-0.019365825457498497,0.0
associative_recall,transformer_publication_20260622T101458Z_associative_recall_seed101,101,standard,1024,2,effective_rank,effective_rank,effective_rank,False,uniform_exact_cost__1024,1024,1024,-0.023615207290276902,0.0
associative_recall,transformer_publication_20260622T101458Z_associative_recall_seed101,101,standard,1024,2,soft_dimension,soft_dimension,soft_dimension,True,uniform_exact_cost__1024,1024,1024,-0.023615207290276902,0.0
associative_recall,transformer_publication_20260622T101458Z_associative_recall_seed101,101,standard,1024,2,gradient_norm,gradient_norm,gradient_norm,False,uniform_exact_cost__1024,1024,1024,-0.026546755456365603,0.0
associative_recall,transformer_publication_20260622T101458Z_associative_recall_seed101,101,standard,1024,2,marginal_gain_edge,marginal_gain_edge,marginal_gain_edge,False,uniform_exact_cost__1024,1024,1024,-0.023721698671579403,0.0
associative_recall,transformer_publication_20260622T101458Z_associative_recall_seed101,101,standard,1024,2,marginal_gain_soft,marginal_gain_soft,marginal_gain_soft,False,uniform_exact_cost__1024,1024,1024,-0.012692829128354802,0.0
associative_recall,transformer_publication_20260622T101458Z_associative_recall_seed101,101,rslora,1024,2,effective_rank,effective_rank,effective_rank,False,uniform_exact_cost__1024,1024,1024,-0.022074380889535002,0.0
associative_recall,transformer_publication_20260622T101458Z_associative_recall_seed101,101,rslora,1024,2,soft_dimension,soft_dimension,soft_dimension,True,uniform_exact_cost__1024,1024,1024,-0.022074380889535002,0.0
associative_recall,transformer_publication_20260622T101458Z_associative_recall_seed101,101,rslora,1024,2,gradient_norm,gradient_norm,gradient_norm,False,uniform_exact_cost__1024,1024,1024,-0.023586578201502603,0.0
associative_recall,transformer_publication_20260622T101458Z_associative_recall_seed101,101,rslora,1024,2,marginal_gain_edge,marginal_gain_edge,marginal_gain_edge,False,uniform_exact_cost__1024,1024,1024,-0.021312592783942902,0.0
associative_recall,transformer_publication_20260622T101458Z_associative_recall_seed101,101,rslora,1024,2,marginal_gain_soft,marginal_gain_soft,marginal_gain_soft,False,uniform_exact_cost__1024,1024,1024,-0.013517919229343603,0.0
associative_recall,transformer_publication_20260622T101458Z_associative_recall_seed101,101,fixed_update_scale,1536,0,effective_rank,effective_rank,effective_rank,False,uniform_exact_cost__1472,1472,1472,-0.0019486476667224997,0.0
associative_recall,transformer_publication_20260622T101458Z_associative_recall_seed101,101,fixed_update_scale,1536,0,soft_dimension,soft_dimension,soft_dimension,True,uniform_exact_cost__1472,1472,1472,-0.0019486476667224997,0.0
associative_recall,transformer_publication_20260622T101458Z_associative_recall_seed101,101,fixed_update_scale,1536,0,gradient_norm,gradient_norm,gradient_norm,False,uniform_exact_cost__1536,1536,1536,-0.0015720268711448002,0.0
associative_recall,transformer_publication_20260622T101458Z_associative_recall_seed101,101,fixed_update_scale,1536,0,marginal_gain_edge,marginal_gain_edge,marginal_gain_edge,False,uniform_exact_cost__1472,1472,1472,-0.0030396305955946003,0.0
associative_recall,transformer_publication_20260622T101458Z_associative_recall_seed101,101,fixed_update_scale,1536,0,marginal_gain_soft,marginal_gain_soft,marginal_gain_soft,False,uniform_exact_cost__1536,1536,1536,-0.001628301339224,0.0
associative_recall,transformer_publication_20260622T101458Z_associative_recall_seed101,101,standard,1536,0,effective_rank,effective_rank,effective_rank,False,uniform_exact_cost__1472,1472,1472,-0.0020397246116772997,0.0
associative_recall,transformer_publication_20260622T101458Z_associative_recall_seed101,101,standard,1536,0,soft_dimension,soft_dimension,soft_dimension,True,uniform_exact_cost__1472,1472,1472,-0.0020397246116772997,0.0
associative_recall,transformer_publication_20260622T101458Z_associative_recall_seed101,101,standard,1536,0,gradient_norm,gradient_norm,gradient_norm,False,uniform_exact_cost__1536,1536,1536,0.0003347592137289005,0.0
associative_recall,transformer_publication_20260622T101458Z_associative_recall_seed101,101,standard,1536,0,marginal_gain_edge,marginal_gain_edge,marginal_gain_edge,False,uniform_exact_cost__1472,1472,1472,-0.0011838204227387992,0.0
associative_recall,transformer_publication_20260622T101458Z_associative_recall_seed101,101,standard,1536,0,marginal_gain_soft,marginal_gain_soft,marginal_gain_soft,False,uniform_exact_cost__1536,1536,1536,0.0009072115935851001,0.0
associative_recall,transformer_publication_20260622T101458Z_associative_recall_seed101,101,rslora,1536,0,effective_rank,effective_rank,effective_rank,False,uniform_exact_cost__1472,1472,1472,-0.00014934339560570067,0.0
associative_recall,transformer_publication_20260622T101458Z_associative_recall_seed101,101,rslora,1536,0,soft_dimension,soft_dimension,soft_dimension,True,uniform_exact_cost__1472,1472,1472,-0.00014934339560570067,0.0
associative_recall,transformer_publication_20260622T101458Z_associative_recall_seed101,101,rslora,1536,0,gradient_norm,gradient_norm,gradient_norm,False,uniform_exact_cost__1536,1536,1536,-7.090246072039962e-05,0.0
associative_recall,transformer_publication_20260622T101458Z_associative_recall_seed101,101,rslora,1536,0,marginal_gain_edge,marginal_gain_edge,marginal_gain_edge,False,uniform_exact_cost__1472,1472,1472,-0.0004246709286235004,0.0
associative_recall,transformer_publication_20260622T101458Z_associative_recall_seed101,101,rslora,1536,0,marginal_gain_soft,marginal_gain_soft,marginal_gain_soft,False,uniform_exact_cost__1536,1536,1536,8.37396946736001e-05,0.0
associative_recall,transformer_publication_20260622T101458Z_associative_recall_seed101,101,fixed_update_scale,1536,1,effective_rank,effective_rank,effective_rank,False,uniform_exact_cost__1472,1472,1472,-0.0016393004916607987,0.0
associative_recall,transformer_publication_20260622T101458Z_associative_recall_seed101,101,fixed_update_scale,1536,1,soft_dimension,soft_dimension,soft_dimension,True,uniform_exact_cost__1472,1472,1472,-0.0016393004916607987,0.0
associative_recall,transformer_publication_20260622T101458Z_associative_recall_seed101,101,fixed_update_scale,1536,1,gradient_norm,gradient_norm,gradient_norm,False,uniform_exact_cost__1536,1536,1536,-0.0013305631582624993,0.0
associative_recall,transformer_publication_20260622T101458Z_associative_recall_seed101,101,fixed_update_scale,1536,1,marginal_gain_edge,marginal_gain_edge,marginal_gain_edge,False,uniform_exact_cost__1472,1472,1472,-0.0024587127263656994,0.0
associative_recall,transformer_publication_20260622T101458Z_associative_recall_seed101,101,fixed_update_scale,1536,1,marginal_gain_soft,marginal_gain_soft,marginal_gain_soft,False,uniform_exact_cost__1536,1536,1536,-0.0001754687982610994,0.0
associative_recall,transformer_publication_20260622T101458Z_associative_recall_seed101,101,standard,1536,1,effective_rank,effective_rank,effective_rank,False,uniform_exact_cost__1472,1472,1472,-9.429303463549983e-05,0.0
associative_recall,transformer_publication_20260622T101458Z_associative_recall_seed101,101,standard,1536,1,soft_dimension,soft_dimension,soft_dimension,True,uniform_exact_cost__1472,1472,1472,-9.429303463549983e-05,0.0
associative_recall,transformer_publication_20260622T101458Z_associative_recall_seed101,101,standard,1536,1,gradient_norm,gradient_norm,gradient_norm,False,uniform_exact_cost__1536,1536,1536,-0.0015151132247411,0.0
associative_recall,transformer_publication_20260622T101458Z_associative_recall_seed101,101,standard,1536,1,marginal_gain_edge,marginal_gain_edge,marginal_gain_edge,False,uniform_exact_cost__1472,1472,1472,-0.0027792245382443,0.0
associative_recall,transformer_publication_20260622T101458Z_associative_recall_seed101,101,standard,1536,1,marginal_gain_soft,marginal_gain_soft,marginal_gain_soft,False,uniform_exact_cost__1536,1536,1536,0.0006675173644908007,0.0
associative_recall,transformer_publication_20260622T101458Z_associative_recall_seed101,101,rslora,1536,1,effective_rank,effective_rank,effective_rank,False,uniform_exact_cost__1472,1472,1472,-0.0013857619487679992,0.0
associative_recall,transformer_publication_20260622T101458Z_associative_recall_seed101,101,rslora,1536,1,soft_dimension,soft_dimension,soft_dimension,True,uniform_exact_cost__1472,1472,1472,-0.0013857619487679992,0.0
associative_recall,transformer_publication_20260622T101458Z_associative_recall_seed101,101,rslora,1536,1,gradient_norm,gradient_norm,gradient_norm,False,uniform_exact_cost__1536,1536,1536,-0.0023884545080362996,0.0
associative_recall,transformer_publication_20260622T101458Z_associative_recall_seed101,101,rslora,1536,1,marginal_gain_edge,marginal_gain_edge,marginal_gain_edge,False,uniform_exact_cost__1472,1472,1472,-0.002243228431325399,0.0
associative_recall,transformer_publication_20260622T101458Z_associative_recall_seed101,101,rslora,1536,1,marginal_gain_soft,marginal_gain_soft,marginal_gain_soft,False,uniform_exact_cost__1536,1536,1536,-0.001258747652172999,0.0
associative_recall,transformer_publication_20260622T101458Z_associative_recall_seed101,101,fixed_update_scale,1536,2,effective_rank,effective_rank,effective_rank,False,uniform_exact_cost__1472,1472,1472,-0.0014111165655776997,0.0
associative_recall,transformer_publication_20260622T101458Z_associative_recall_seed101,101,fixed_update_scale,1536,2,soft_dimension,soft_dimension,soft_dimension,True,uniform_exact_cost__1472,1472,1472,-0.0014111165655776997,0.0
associative_recall,transformer_publication_20260622T101458Z_associative_recall_seed101,101,fixed_update_scale,1536,2,gradient_norm,gradient_norm,gradient_norm,False,uniform_exact_cost__1536,1536,1536,-0.0009944787598215,0.0
associative_recall,transformer_publication_20260622T101458Z_associative_recall_seed101,101,fixed_update_scale,1536,2,marginal_gain_edge,marginal_gain_edge,marginal_gain_edge,False,uniform_exact_cost__1472,1472,1472,-0.0023989345645531995,0.0
associative_recall,transformer_publication_20260622T101458Z_associative_recall_seed101,101,fixed_update_scale,1536,2,marginal_gain_soft,marginal_gain_soft,marginal_gain_soft,False,uniform_exact_cost__1536,1536,1536,-0.0019221893162466005,0.0
associative_recall,transformer_publication_20260622T101458Z_associative_recall_seed101,101,standard,1536,2,effective_rank,effective_rank,effective_rank,False,uniform_exact_cost__1472,1472,1472,-0.0003012291272170998,0.0
associative_recall,transformer_publication_20260622T101458Z_associative_recall_seed101,101,standard,1536,2,soft_dimension,soft_dimension,soft_dimension,True,uniform_exact_cost__1472,1472,1472,-0.0003012291272170998,0.0
associative_recall,transformer_publication_20260622T101458Z_associative_recall_seed101,101,standard,1536,2,gradient_norm,gradient_norm,gradient_norm,False,uniform_exact_cost__1536,1536,1536,0.00018246745457869973,0.0
associative_recall,transformer_publication_20260622T101458Z_associative_recall_seed101,101,standard,1536,2,marginal_gain_edge,marginal_gain_edge,marginal_gain_edge,False,uniform_exact_cost__1472,1472,1472,-0.00017203798051920044,0.0
associative_recall,transformer_publication_20260622T101458Z_associative_recall_seed101,101,standard,1536,2,marginal_gain_soft,marginal_gain_soft,marginal_gain_soft,False,uniform_exact_cost__1536,1536,1536,0.0009654689347370999,0.0
associative_recall,transformer_publication_20260622T101458Z_associative_recall_seed101,101,rslora,1536,2,effective_rank,effective_rank,effective_rank,False,uniform_exact_cost__1472,1472,1472,-9.562325431039954e-05,0.0
associative_recall,transformer_publication_20260622T101458Z_associative_recall_seed101,101,rslora,1536,2,soft_dimension,soft_dimension,soft_dimension,True,uniform_exact_cost__1472,1472,1472,-9.562325431039954e-05,0.0
associative_recall,transformer_publication_20260622T101458Z_associative_recall_seed101,101,rslora,1536,2,gradient_norm,gradient_norm,gradient_norm,False,uniform_exact_cost__1536,1536,1536,0.0005797760677523998,0.0
associative_recall,transformer_publication_20260622T101458Z_associative_recall_seed101,101,rslora,1536,2,marginal_gain_edge,marginal_gain_edge,marginal_gain_edge,False,uniform_exact_cost__1472,1472,1472,2.356234472240034e-05,0.0
associative_recall,transformer_publication_20260622T101458Z_associative_recall_seed101,101,rslora,1536,2,marginal_gain_soft,marginal_gain_soft,marginal_gain_soft,False,uniform_exact_cost__1536,1536,1536,0.0002820283407344998,0.0
associative_recall,transformer_publication_20260622T101458Z_associative_recall_seed101,101,fixed_update_scale,2048,0,effective_rank,effective_rank,effective_rank,False,uniform_exact_cost__2048,2048,2048,-0.0013227845192887002,0.0
associative_recall,transformer_publication_20260622T101458Z_associative_recall_seed101,101,fixed_update_scale,2048,0,soft_dimension,soft_dimension,soft_dimension,True,uniform_exact_cost__2048,2048,2048,-8.744152728470001e-05,0.0
associative_recall,transformer_publication_20260622T101458Z_associative_recall_seed101,101,fixed_update_scale,2048,0,gradient_norm,gradient_norm,gradient_norm,False,uniform_exact_cost__2048,2048,2048,-0.0019902901840396,0.0
associative_recall,transformer_publication_20260622T101458Z_associative_recall_seed101,101,fixed_update_scale,2048,0,marginal_gain_edge,marginal_gain_edge,marginal_gain_edge,False,uniform_exact_cost__2048,2048,2048,-0.0018106332863681,0.0
associative_recall,transformer_publication_20260622T101458Z_associative_recall_seed101,101,fixed_update_scale,2048,0,marginal_gain_soft,marginal_gain_soft,marginal_gain_soft,False,uniform_exact_cost__2048,2048,2048,-0.0014764358929824002,0.0
associative_recall,transformer_publication_20260622T101458Z_associative_recall_seed101,101,standard,2048,0,effective_rank,effective_rank,effective_rank,False,uniform_exact_cost__2048,2048,2048,-0.0011498504318297,0.0
associative_recall,transformer_publication_20260622T101458Z_associative_recall_seed101,101,standard,2048,0,soft_dimension,soft_dimension,soft_dimension,True,uniform_exact_cost__2048,2048,2048,-0.0007907422841527002,0.0
associative_recall,transformer_publication_20260622T101458Z_associative_recall_seed101,101,standard,2048,0,gradient_norm,gradient_norm,gradient_norm,False,uniform_exact_cost__2048,2048,2048,-0.0009754587663338,0.0
associative_recall,transformer_publication_20260622T101458Z_associative_recall_seed101,101,standard,2048,0,marginal_gain_edge,marginal_gain_edge,marginal_gain_edge,False,uniform_exact_cost__2048,2048,2048,-0.0008001248352230003,0.0
associative_recall,transformer_publication_20260622T101458Z_associative_recall_seed101,101,standard,2048,0,marginal_gain_soft,marginal_gain_soft,marginal_gain_soft,False,uniform_exact_cost__2048,2048,2048,5.850693560199979e-05,0.0
associative_recall,transformer_publication_20260622T101458Z_associative_recall_seed101,101,rslora,2048,0,effective_rank,effective_rank,effective_rank,False,uniform_exact_cost__2048,2048,2048,-0.0015123524644877003,0.0
associative_recall,transformer_publication_20260622T101458Z_associative_recall_seed101,101,rslora,2048,0,soft_dimension,soft_dimension,soft_dimension,True,uniform_exact_cost__2048,2048,2048,-0.0014614707324653,0.0
associative_recall,transformer_publication_20260622T101458Z_associative_recall_seed101,101,rslora,2048,0,gradient_norm,gradient_norm,gradient_norm,False,uniform_exact_cost__2048,2048,2048,-0.0016391106764785,0.0
associative_recall,transformer_publication_20260622T101458Z_associative_recall_seed101,101,rslora,2048,0,marginal_gain_edge,marginal_gain_edge,marginal_gain_edge,False,uniform_exact_cost__2048,2048,2048,-0.0015062588499858004,0.0
associative_recall,transformer_publication_20260622T101458Z_associative_recall_seed101,101,rslora,2048,0,marginal_gain_soft,marginal_gain_soft,marginal_gain_soft,False,uniform_exact_cost__2048,2048,2048,-0.0004253672668710004,0.0
associative_recall,transformer_publication_20260622T101458Z_associative_recall_seed101,101,fixed_update_scale,2048,1,effective_rank,effective_rank,effective_rank,False,uniform_exact_cost__2048,2048,2048,-0.0006515704444609001,0.0
associative_recall,transformer_publication_20260622T101458Z_associative_recall_seed101,101,fixed_update_scale,2048,1,soft_dimension,soft_dimension,soft_dimension,True,uniform_exact_cost__2048,2048,2048,-0.0005147652700542996,0.0
associative_recall,transformer_publication_20260622T101458Z_associative_recall_seed101,101,fixed_update_scale,2048,1,gradient_norm,gradient_norm,gradient_norm,False,uniform_exact_cost__2048,2048,2048,-0.0019383409526198998,0.0
associative_recall,transformer_publication_20260622T101458Z_associative_recall_seed101,101,fixed_update_scale,2048,1,marginal_gain_edge,marginal_gain_edge,marginal_gain_edge,False,uniform_exact_cost__2048,2048,2048,-0.0016276157693937,0.0
associative_recall,transformer_publication_20260622T101458Z_associative_recall_seed101,101,fixed_update_scale,2048,1,marginal_gain_soft,marginal_gain_soft,marginal_gain_soft,False,uniform_exact_cost__2048,2048,2048,-0.0022362245072144998,0.0
associative_recall,transformer_publication_20260622T101458Z_associative_recall_seed101,101,standard,2048,1,effective_rank,effective_rank,effective_rank,False,uniform_exact_cost__2048,2048,2048,-0.0006211588333825996,0.0
associative_recall,transformer_publication_20260622T101458Z_associative_recall_seed101,101,standard,2048,1,soft_dimension,soft_dimension,soft_dimension,True,uniform_exact_cost__2048,2048,2048,-0.00038551146280949977,0.0
associative_recall,transformer_publication_20260622T101458Z_associative_recall_seed101,101,standard,2048,1,gradient_norm,gradient_norm,gradient_norm,False,uniform_exact_cost__2048,2048,2048,-0.0005624006153083999,0.0
associative_recall,transformer_publication_20260622T101458Z_associative_recall_seed101,101,standard,2048,1,marginal_gain_edge,marginal_gain_edge,marginal_gain_edge,False,uniform_exact_cost__2048,2048,2048,-0.0007366262143477,0.0
associative_recall,transformer_publication_20260622T101458Z_associative_recall_seed101,101,standard,2048,1,marginal_gain_soft,marginal_gain_soft,marginal_gain_soft,False,uniform_exact_cost__2048,2048,2048,0.00024731492158030013,0.0
associative_recall,transformer_publication_20260622T101458Z_associative_recall_seed101,101,rslora,2048,1,effective_rank,effective_rank,effective_rank,False,uniform_exact_cost__2048,2048,2048,-0.0009724890696815999,0.0
associative_recall,transformer_publication_20260622T101458Z_associative_recall_seed101,101,rslora,2048,1,soft_dimension,soft_dimension,soft_dimension,True,uniform_exact_cost__2048,2048,2048,-0.0010815172281582,0.0
associative_recall,transformer_publication_20260622T101458Z_associative_recall_seed101,101,rslora,2048,1,gradient_norm,gradient_norm,gradient_norm,False,uniform_exact_cost__2048,2048,2048,-0.0015232964942696998,0.0
associative_recall,transformer_publication_20260622T101458Z_associative_recall_seed101,101,rslora,2048,1,marginal_gain_edge,marginal_gain_edge,marginal_gain_edge,False,uniform_exact_cost__2048,2048,2048,-0.0011691635882015998,0.0
associative_recall,transformer_publication_20260622T101458Z_associative_recall_seed101,101,rslora,2048,1,marginal_gain_soft,marginal_gain_soft,marginal_gain_soft,False,uniform_exact_cost__2048,2048,2048,-0.0009770169854163998,0.0
associative_recall,transformer_publication_20260622T101458Z_associative_recall_seed101,101,fixed_update_scale,2048,2,effective_rank,effective_rank,effective_rank,False,uniform_exact_cost__2048,2048,2048,-0.0017045563727151997,0.0
associative_recall,transformer_publication_20260622T101458Z_associative_recall_seed101,101,fixed_update_scale,2048,2,soft_dimension,soft_dimension,soft_dimension,True,uniform_exact_cost__2048,2048,2048,-0.0004604214918800002,0.0
associative_recall,transformer_publication_20260622T101458Z_associative_recall_seed101,101,fixed_update_scale,2048,2,gradient_norm,gradient_norm,gradient_norm,False,uniform_exact_cost__2048,2048,2048,-0.0022241015976760996,0.0
associative_recall,transformer_publication_20260622T101458Z_associative_recall_seed101,101,fixed_update_scale,2048,2,marginal_gain_edge,marginal_gain_edge,marginal_gain_edge,False,uniform_exact_cost__2048,2048,2048,-0.0020486488065217,0.0
associative_recall,transformer_publication_20260622T101458Z_associative_recall_seed101,101,fixed_update_scale,2048,2,marginal_gain_soft,marginal_gain_soft,marginal_gain_soft,False,uniform_exact_cost__2048,2048,2048,-0.0023289860982913997,0.0
associative_recall,transformer_publication_20260622T101458Z_associative_recall_seed101,101,standard,2048,2,effective_rank,effective_rank,effective_rank,False,uniform_exact_cost__2048,2048,2048,-0.0011558600235730002,0.0
associative_recall,transformer_publication_20260622T101458Z_associative_recall_seed101,101,standard,2048,2,soft_dimension,soft_dimension,soft_dimension,True,uniform_exact_cost__2048,2048,2048,-0.0010884666407947005,0.0
associative_recall,transformer_publication_20260622T101458Z_associative_recall_seed101,101,standard,2048,2,gradient_norm,gradient_norm,gradient_norm,False,uniform_exact_cost__2048,2048,2048,-0.0018574701971375003,0.0
associative_recall,transformer_publication_20260622T101458Z_associative_recall_seed101,101,standard,2048,2,marginal_gain_edge,marginal_gain_edge,marginal_gain_edge,False,uniform_exact_cost__2048,2048,2048,-0.0013044629886281001,0.0
associative_recall,transformer_publication_20260622T101458Z_associative_recall_seed101,101,standard,2048,2,marginal_gain_soft,marginal_gain_soft,marginal_gain_soft,False,uniform_exact_cost__2048,2048,2048,-0.0011557543766685004,0.0
associative_recall,transformer_publication_20260622T101458Z_associative_recall_seed101,101,rslora,2048,2,effective_rank,effective_rank,effective_rank,False,uniform_exact_cost__2048,2048,2048,-0.0006952609110157998,0.0
associative_recall,transformer_publication_20260622T101458Z_associative_recall_seed101,101,rslora,2048,2,soft_dimension,soft_dimension,soft_dimension,True,uniform_exact_cost__2048,2048,2048,-0.0007774602272547998,0.0
associative_recall,transformer_publication_20260622T101458Z_associative_recall_seed101,101,rslora,2048,2,gradient_norm,gradient_norm,gradient_norm,False,uniform_exact_cost__2048,2048,2048,-0.0017826950352173,0.0
associative_recall,transformer_publication_20260622T101458Z_associative_recall_seed101,101,rslora,2048,2,marginal_gain_edge,marginal_gain_edge,marginal_gain_edge,False,uniform_exact_cost__2048,2048,2048,-0.0012451437942218,0.0
associative_recall,transformer_publication_20260622T101458Z_associative_recall_seed101,101,rslora,2048,2,marginal_gain_soft,marginal_gain_soft,marginal_gain_soft,False,uniform_exact_cost__2048,2048,2048,-0.0013754608226007998,0.0
associative_recall,transformer_publication_20260622T101458Z_associative_recall_seed101,101,fixed_update_scale,3072,0,effective_rank,effective_rank,effective_rank,False,uniform_exact_cost__3072,3072,3072,0.0006205481477081997,0.0
associative_recall,transformer_publication_20260622T101458Z_associative_recall_seed101,101,fixed_update_scale,3072,0,soft_dimension,soft_dimension,soft_dimension,True,uniform_exact_cost__3072,3072,3072,0.0006205481477081997,0.0
associative_recall,transformer_publication_20260622T101458Z_associative_recall_seed101,101,fixed_update_scale,3072,0,gradient_norm,gradient_norm,gradient_norm,False,uniform_exact_cost__3072,3072,3072,-0.0001265116734430003,0.0
associative_recall,transformer_publication_20260622T101458Z_associative_recall_seed101,101,fixed_update_scale,3072,0,marginal_gain_edge,marginal_gain_edge,marginal_gain_edge,False,uniform_exact_cost__3072,3072,3072,-0.0006681830709567001,0.0
associative_recall,transformer_publication_20260622T101458Z_associative_recall_seed101,101,fixed_update_scale,3072,0,marginal_gain_soft,marginal_gain_soft,marginal_gain_soft,False,uniform_exact_cost__3072,3072,3072,-0.0006681830709567001,0.0
associative_recall,transformer_publication_20260622T101458Z_associative_recall_seed101,101,standard,3072,0,effective_rank,effective_rank,effective_rank,False,uniform_exact_cost__3072,3072,3072,-8.114107185979986e-05,0.0
associative_recall,transformer_publication_20260622T101458Z_associative_recall_seed101,101,standard,3072,0,soft_dimension,soft_dimension,soft_dimension,True,uniform_exact_cost__3072,3072,3072,-8.114107185979986e-05,0.0
associative_recall,transformer_publication_20260622T101458Z_associative_recall_seed101,101,standard,3072,0,gradient_norm,gradient_norm,gradient_norm,False,uniform_exact_cost__3072,3072,3072,-0.0003652556770249,0.0
associative_recall,transformer_publication_20260622T101458Z_associative_recall_seed101,101,standard,3072,0,marginal_gain_edge,marginal_gain_edge,marginal_gain_edge,False,uniform_exact_cost__3072,3072,3072,-0.0009068137296707999,0.0
associative_recall,transformer_publication_20260622T101458Z_associative_recall_seed101,101,standard,3072,0,marginal_gain_soft,marginal_gain_soft,marginal_gain_soft,False,uniform_exact_cost__3072,3072,3072,-0.0009068137296707999,0.0
associative_recall,transformer_publication_20260622T101458Z_associative_recall_seed101,101,rslora,3072,0,effective_rank,effective_rank,effective_rank,False,uniform_exact_cost__3072,3072,3072,0.00012964062625540028,0.0
associative_recall,transformer_publication_20260622T101458Z_associative_recall_seed101,101,rslora,3072,0,soft_dimension,soft_dimension,soft_dimension,True,uniform_exact_cost__3072,3072,3072,0.00012964062625540028,0.0
associative_recall,transformer_publication_20260622T101458Z_associative_recall_seed101,101,rslora,3072,0,gradient_norm,gradient_norm,gradient_norm,False,uniform_exact_cost__3072,3072,3072,-0.0004123444814467998,0.0
associative_recall,transformer_publication_20260622T101458Z_associative_recall_seed101,101,rslora,3072,0,marginal_gain_edge,marginal_gain_edge,marginal_gain_edge,False,uniform_exact_cost__3072,3072,3072,-0.0008600408182245999,0.0
associative_recall,transformer_publication_20260622T101458Z_associative_recall_seed101,101,rslora,3072,0,marginal_gain_soft,marginal_gain_soft,marginal_gain_soft,False,uniform_exact_cost__3072,3072,3072,-0.0008600408182245999,0.0
associative_recall,transformer_publication_20260622T101458Z_associative_recall_seed101,101,fixed_update_scale,3072,1,effective_rank,effective_rank,effective_rank,False,uniform_exact_cost__3072,3072,3072,-7.546012056989983e-05,0.0
associative_recall,transformer_publication_20260622T101458Z_associative_recall_seed101,101,fixed_update_scale,3072,1,soft_dimension,soft_dimension,soft_dimension,True,uniform_exact_cost__3072,3072,3072,-7.546012056989983e-05,0.0
associative_recall,transformer_publication_20260622T101458Z_associative_recall_seed101,101,fixed_update_scale,3072,1,gradient_norm,gradient_norm,gradient_norm,False,uniform_exact_cost__3072,3072,3072,-0.00046444132749450017,0.0
associative_recall,transformer_publication_20260622T101458Z_associative_recall_seed101,101,fixed_update_scale,3072,1,marginal_gain_edge,marginal_gain_edge,marginal_gain_edge,False,uniform_exact_cost__3072,3072,3072,-0.0006922711181687,0.0
associative_recall,transformer_publication_20260622T101458Z_associative_recall_seed101,101,fixed_update_scale,3072,1,marginal_gain_soft,marginal_gain_soft,marginal_gain_soft,False,uniform_exact_cost__3072,3072,3072,-0.0006922711181687,0.0
associative_recall,transformer_publication_20260622T101458Z_associative_recall_seed101,101,standard,3072,1,effective_rank,effective_rank,effective_rank,False,uniform_exact_cost__3072,3072,3072,-1.5795492800000114e-05,0.0
associative_recall,transformer_publication_20260622T101458Z_associative_recall_seed101,101,standard,3072,1,soft_dimension,soft_dimension,soft_dimension,True,uniform_exact_cost__3072,3072,3072,-1.5795492800000114e-05,0.0
associative_recall,transformer_publication_20260622T101458Z_associative_recall_seed101,101,standard,3072,1,gradient_norm,gradient_norm,gradient_norm,False,uniform_exact_cost__3072,3072,3072,-0.00025309019838460007,0.0
associative_recall,transformer_publication_20260622T101458Z_associative_recall_seed101,101,standard,3072,1,marginal_gain_edge,marginal_gain_edge,marginal_gain_edge,False,uniform_exact_cost__3072,3072,3072,-0.00016381485329480003,0.0
associative_recall,transformer_publication_20260622T101458Z_associative_recall_seed101,101,standard,3072,1,marginal_gain_soft,marginal_gain_soft,marginal_gain_soft,False,uniform_exact_cost__3072,3072,3072,-0.00016381485329480003,0.0
associative_recall,transformer_publication_20260622T101458Z_associative_recall_seed101,101,rslora,3072,1,effective_rank,effective_rank,effective_rank,False,uniform_exact_cost__3072,3072,3072,-0.00012398441322149993,0.0
associative_recall,transformer_publication_20260622T101458Z_associative_recall_seed101,101,rslora,3072,1,soft_dimension,soft_dimension,soft_dimension,True,uniform_exact_cost__3072,3072,3072,-0.00012398441322149993,0.0
associative_recall,transformer_publication_20260622T101458Z_associative_recall_seed101,101,rslora,3072,1,gradient_norm,gradient_norm,gradient_norm,False,uniform_exact_cost__3072,3072,3072,-0.00043343505240049976,0.0
associative_recall,transformer_publication_20260622T101458Z_associative_recall_seed101,101,rslora,3072,1,marginal_gain_edge,marginal_gain_edge,marginal_gain_edge,False,uniform_exact_cost__3072,3072,3072,-0.00040049241215459985,0.0
associative_recall,transformer_publication_20260622T101458Z_associative_recall_seed101,101,rslora,3072,1,marginal_gain_soft,marginal_gain_soft,marginal_gain_soft,False,uniform_exact_cost__3072,3072,3072,-0.00040049241215459985,0.0
associative_recall,transformer_publication_20260622T101458Z_associative_recall_seed101,101,fixed_update_scale,3072,2,effective_rank,effective_rank,effective_rank,False,uniform_exact_cost__3072,3072,3072,-0.00017203715106009986,0.0
associative_recall,transformer_publication_20260622T101458Z_associative_recall_seed101,101,fixed_update_scale,3072,2,soft_dimension,soft_dimension,soft_dimension,True,uniform_exact_cost__3072,3072,3072,-0.00017203715106009986,0.0
associative_recall,transformer_publication_20260622T101458Z_associative_recall_seed101,101,fixed_update_scale,3072,2,gradient_norm,gradient_norm,gradient_norm,False,uniform_exact_cost__3072,3072,3072,-0.00025385967455809986,0.0
associative_recall,transformer_publication_20260622T101458Z_associative_recall_seed101,101,fixed_update_scale,3072,2,marginal_gain_edge,marginal_gain_edge,marginal_gain_edge,False,uniform_exact_cost__3072,3072,3072,-0.0004055749159306999,0.0
associative_recall,transformer_publication_20260622T101458Z_associative_recall_seed101,101,fixed_update_scale,3072,2,marginal_gain_soft,marginal_gain_soft,marginal_gain_soft,False,uniform_exact_cost__3072,3072,3072,-0.0004055749159306999,0.0
associative_recall,transformer_publication_20260622T101458Z_associative_recall_seed101,101,standard,3072,2,effective_rank,effective_rank,effective_rank,False,uniform_exact_cost__3072,3072,3072,-0.0005037853843533001,0.0
associative_recall,transformer_publication_20260622T101458Z_associative_recall_seed101,101,standard,3072,2,soft_dimension,soft_dimension,soft_dimension,True,uniform_exact_cost__3072,3072,3072,-0.0005037853843533001,0.0
associative_recall,transformer_publication_20260622T101458Z_associative_recall_seed101,101,standard,3072,2,gradient_norm,gradient_norm,gradient_norm,False,uniform_exact_cost__3072,3072,3072,-0.00030293260351760016,0.0
associative_recall,transformer_publication_20260622T101458Z_associative_recall_seed101,101,standard,3072,2,marginal_gain_edge,marginal_gain_edge,marginal_gain_edge,False,uniform_exact_cost__3072,3072,3072,-0.0003727491712198002,0.0
associative_recall,transformer_publication_20260622T101458Z_associative_recall_seed101,101,standard,3072,2,marginal_gain_soft,marginal_gain_soft,marginal_gain_soft,False,uniform_exact_cost__3072,3072,3072,-0.0003727491712198002,0.0
associative_recall,transformer_publication_20260622T101458Z_associative_recall_seed101,101,rslora,3072,2,effective_rank,effective_rank,effective_rank,False,uniform_exact_cost__3072,3072,3072,-0.0002385591942583999,0.0
associative_recall,transformer_publication_20260622T101458Z_associative_recall_seed101,101,rslora,3072,2,soft_dimension,soft_dimension,soft_dimension,True,uniform_exact_cost__3072,3072,3072,-0.0002385591942583999,0.0
associative_recall,transformer_publication_20260622T101458Z_associative_recall_seed101,101,rslora,3072,2,gradient_norm,gradient_norm,gradient_norm,False,uniform_exact_cost__3072,3072,3072,-0.00025899012689479996,0.0
associative_recall,transformer_publication_20260622T101458Z_associative_recall_seed101,101,rslora,3072,2,marginal_gain_edge,marginal_gain_edge,marginal_gain_edge,False,uniform_exact_cost__3072,3072,3072,-0.0004048629343742999,0.0
associative_recall,transformer_publication_20260622T101458Z_associative_recall_seed101,101,rslora,3072,2,marginal_gain_soft,marginal_gain_soft,marginal_gain_soft,False,uniform_exact_cost__3072,3072,3072,-0.0004048629343742999,0.0
associative_recall,transformer_publication_20260622T101458Z_associative_recall_seed101,101,fixed_update_scale,4096,0,effective_rank,effective_rank,effective_rank,False,uniform_exact_cost__4096,4096,4096,-0.00019094081653749984,0.0
associative_recall,transformer_publication_20260622T101458Z_associative_recall_seed101,101,fixed_update_scale,4096,0,soft_dimension,soft_dimension,soft_dimension,True,uniform_exact_cost__4096,4096,4096,-0.00019094081653749984,0.0
associative_recall,transformer_publication_20260622T101458Z_associative_recall_seed101,101,fixed_update_scale,4096,0,gradient_norm,gradient_norm,gradient_norm,False,uniform_exact_cost__4096,4096,4096,-0.00048814337060319995,0.0
associative_recall,transformer_publication_20260622T101458Z_associative_recall_seed101,101,fixed_update_scale,4096,0,marginal_gain_edge,marginal_gain_edge,marginal_gain_edge,False,uniform_exact_cost__4096,4096,4096,-0.0005630087543977,0.0
associative_recall,transformer_publication_20260622T101458Z_associative_recall_seed101,101,fixed_update_scale,4096,0,marginal_gain_soft,marginal_gain_soft,marginal_gain_soft,False,uniform_exact_cost__4096,4096,4096,-0.0005577486444962999,0.0
associative_recall,transformer_publication_20260622T101458Z_associative_recall_seed101,101,standard,4096,0,effective_rank,effective_rank,effective_rank,False,uniform_exact_cost__4096,4096,4096,-0.00014021355309529995,0.0
associative_recall,transformer_publication_20260622T101458Z_associative_recall_seed101,101,standard,4096,0,soft_dimension,soft_dimension,soft_dimension,True,uniform_exact_cost__4096,4096,4096,-0.00014021355309529995,0.0
associative_recall,transformer_publication_20260622T101458Z_associative_recall_seed101,101,standard,4096,0,gradient_norm,gradient_norm,gradient_norm,False,uniform_exact_cost__4096,4096,4096,-0.00018978114530910002,0.0
associative_recall,transformer_publication_20260622T101458Z_associative_recall_seed101,101,standard,4096,0,marginal_gain_edge,marginal_gain_edge,marginal_gain_edge,False,uniform_exact_cost__4096,4096,4096,-0.0003201013314538001,0.0
associative_recall,transformer_publication_20260622T101458Z_associative_recall_seed101,101,standard,4096,0,marginal_gain_soft,marginal_gain_soft,marginal_gain_soft,False,uniform_exact_cost__4096,4096,4096,-0.000369625602616,0.0
associative_recall,transformer_publication_20260622T101458Z_associative_recall_seed101,101,rslora,4096,0,effective_rank,effective_rank,effective_rank,False,uniform_exact_cost__4096,4096,4096,-0.0002149260399164001,0.0
associative_recall,transformer_publication_20260622T101458Z_associative_recall_seed101,101,rslora,4096,0,soft_dimension,soft_dimension,soft_dimension,True,uniform_exact_cost__4096,4096,4096,-0.0002149260399164001,0.0
associative_recall,transformer_publication_20260622T101458Z_associative_recall_seed101,101,rslora,4096,0,gradient_norm,gradient_norm,gradient_norm,False,uniform_exact_cost__4096,4096,4096,-0.00043307634769010014,0.0
associative_recall,transformer_publication_20260622T101458Z_associative_recall_seed101,101,rslora,4096,0,marginal_gain_edge,marginal_gain_edge,marginal_gain_edge,False,uniform_exact_cost__4096,4096,4096,-0.0005975049425615,0.0
associative_recall,transformer_publication_20260622T101458Z_associative_recall_seed101,101,rslora,4096,0,marginal_gain_soft,marginal_gain_soft,marginal_gain_soft,False,uniform_exact_cost__4096,4096,4096,-0.0005811193259433001,0.0
associative_recall,transformer_publication_20260622T101458Z_associative_recall_seed101,101,fixed_update_scale,4096,1,effective_rank,effective_rank,effective_rank,False,uniform_exact_cost__4096,4096,4096,-0.00019691641500689983,0.0
associative_recall,transformer_publication_20260622T101458Z_associative_recall_seed101,101,fixed_update_scale,4096,1,soft_dimension,soft_dimension,soft_dimension,True,uniform_exact_cost__4096,4096,4096,-0.00019691641500689983,0.0
associative_recall,transformer_publication_20260622T101458Z_associative_recall_seed101,101,fixed_update_scale,4096,1,gradient_norm,gradient_norm,gradient_norm,False,uniform_exact_cost__4096,4096,4096,-0.00020659706206059992,0.0
associative_recall,transformer_publication_20260622T101458Z_associative_recall_seed101,101,fixed_update_scale,4096,1,marginal_gain_edge,marginal_gain_edge,marginal_gain_edge,False,uniform_exact_cost__4096,4096,4096,-0.0003682498645503,0.0
associative_recall,transformer_publication_20260622T101458Z_associative_recall_seed101,101,fixed_update_scale,4096,1,marginal_gain_soft,marginal_gain_soft,marginal_gain_soft,False,uniform_exact_cost__4096,4096,4096,-0.0003889453364535999,0.0
associative_recall,transformer_publication_20260622T101458Z_associative_recall_seed101,101,standard,4096,1,effective_rank,effective_rank,effective_rank,False,uniform_exact_cost__4096,4096,4096,-0.00013719424896409997,0.0
associative_recall,transformer_publication_20260622T101458Z_associative_recall_seed101,101,standard,4096,1,soft_dimension,soft_dimension,soft_dimension,True,uniform_exact_cost__4096,4096,4096,-0.00013719424896409997,0.0
associative_recall,transformer_publication_20260622T101458Z_associative_recall_seed101,101,standard,4096,1,gradient_norm,gradient_norm,gradient_norm,False,uniform_exact_cost__4096,4096,4096,2.4730208679100193e-05,0.0
associative_recall,transformer_publication_20260622T101458Z_associative_recall_seed101,101,standard,4096,1,marginal_gain_edge,marginal_gain_edge,marginal_gain_edge,False,uniform_exact_cost__4096,4096,4096,4.187207377980007e-05,0.0
associative_recall,transformer_publication_20260622T101458Z_associative_recall_seed101,101,standard,4096,1,marginal_gain_soft,marginal_gain_soft,marginal_gain_soft,False,uniform_exact_cost__4096,4096,4096,4.921435902360003e-05,0.0
associative_recall,transformer_publication_20260622T101458Z_associative_recall_seed101,101,rslora,4096,1,effective_rank,effective_rank,effective_rank,False,uniform_exact_cost__4096,4096,4096,-6.146477244330008e-05,0.0
associative_recall,transformer_publication_20260622T101458Z_associative_recall_seed101,101,rslora,4096,1,soft_dimension,soft_dimension,soft_dimension,True,uniform_exact_cost__4096,4096,4096,-6.146477244330008e-05,0.0
associative_recall,transformer_publication_20260622T101458Z_associative_recall_seed101,101,rslora,4096,1,gradient_norm,gradient_norm,gradient_norm,False,uniform_exact_cost__4096,4096,4096,-9.668375423640008e-05,0.0
associative_recall,transformer_publication_20260622T101458Z_associative_recall_seed101,101,rslora,4096,1,marginal_gain_edge,marginal_gain_edge,marginal_gain_edge,False,uniform_exact_cost__4096,4096,4096,-0.00011381192598489999,0.0
associative_recall,transformer_publication_20260622T101458Z_associative_recall_seed101,101,rslora,4096,1,marginal_gain_soft,marginal_gain_soft,marginal_gain_soft,False,uniform_exact_cost__4096,4096,4096,-0.0001705483155092001,0.0
associative_recall,transformer_publication_20260622T101458Z_associative_recall_seed101,101,fixed_update_scale,4096,2,effective_rank,effective_rank,effective_rank,False,uniform_exact_cost__4096,4096,4096,-0.00018492530216459983,0.0
associative_recall,transformer_publication_20260622T101458Z_associative_recall_seed101,101,fixed_update_scale,4096,2,soft_dimension,soft_dimension,soft_dimension,True,uniform_exact_cost__4096,4096,4096,-0.00018492530216459983,0.0
associative_recall,transformer_publication_20260622T101458Z_associative_recall_seed101,101,fixed_update_scale,4096,2,gradient_norm,gradient_norm,gradient_norm,False,uniform_exact_cost__4096,4096,4096,-0.00048568677448199995,0.0
associative_recall,transformer_publication_20260622T101458Z_associative_recall_seed101,101,fixed_update_scale,4096,2,marginal_gain_edge,marginal_gain_edge,marginal_gain_edge,False,uniform_exact_cost__4096,4096,4096,-0.0003432714729569,0.0
associative_recall,transformer_publication_20260622T101458Z_associative_recall_seed101,101,fixed_update_scale,4096,2,marginal_gain_soft,marginal_gain_soft,marginal_gain_soft,False,uniform_exact_cost__4096,4096,4096,-0.0005114734522067,0.0
associative_recall,transformer_publication_20260622T101458Z_associative_recall_seed101,101,standard,4096,2,effective_rank,effective_rank,effective_rank,False,uniform_exact_cost__4096,4096,4096,-6.618232873740006e-05,0.0
associative_recall,transformer_publication_20260622T101458Z_associative_recall_seed101,101,standard,4096,2,soft_dimension,soft_dimension,soft_dimension,True,uniform_exact_cost__4096,4096,4096,-6.618232873740006e-05,0.0
associative_recall,transformer_publication_20260622T101458Z_associative_recall_seed101,101,standard,4096,2,gradient_norm,gradient_norm,gradient_norm,False,uniform_exact_cost__4096,4096,4096,-0.0002409446315142002,0.0
associative_recall,transformer_publication_20260622T101458Z_associative_recall_seed101,101,standard,4096,2,marginal_gain_edge,marginal_gain_edge,marginal_gain_edge,False,uniform_exact_cost__4096,4096,4096,5.089382466389987e-05,0.0
associative_recall,transformer_publication_20260622T101458Z_associative_recall_seed101,101,standard,4096,2,marginal_gain_soft,marginal_gain_soft,marginal_gain_soft,False,uniform_exact_cost__4096,4096,4096,-7.245957385750013e-05,0.0
associative_recall,transformer_publication_20260622T101458Z_associative_recall_seed101,101,rslora,4096,2,effective_rank,effective_rank,effective_rank,False,uniform_exact_cost__4096,4096,4096,-0.00012453249655669995,0.0
associative_recall,transformer_publication_20260622T101458Z_associative_recall_seed101,101,rslora,4096,2,soft_dimension,soft_dimension,soft_dimension,True,uniform_exact_cost__4096,4096,4096,-0.00012453249655669995,0.0
associative_recall,transformer_publication_20260622T101458Z_associative_recall_seed101,101,rslora,4096,2,gradient_norm,gradient_norm,gradient_norm,False,uniform_exact_cost__4096,4096,4096,-0.000331768533215,0.0
associative_recall,transformer_publication_20260622T101458Z_associative_recall_seed101,101,rslora,4096,2,marginal_gain_edge,marginal_gain_edge,marginal_gain_edge,False,uniform_exact_cost__4096,4096,4096,-6.966671207919999e-05,0.0
associative_recall,transformer_publication_20260622T101458Z_associative_recall_seed101,101,rslora,4096,2,marginal_gain_soft,marginal_gain_soft,marginal_gain_soft,False,uniform_exact_cost__4096,4096,4096,-2.773301093839998e-05,0.0
associative_recall,transformer_publication_20260622T101458Z_associative_recall_seed101,101,fixed_update_scale,6144,0,effective_rank,effective_rank,effective_rank,False,uniform_exact_cost__6144,6144,6144,-0.00014062422997089996,0.0
associative_recall,transformer_publication_20260622T101458Z_associative_recall_seed101,101,fixed_update_scale,6144,0,soft_dimension,soft_dimension,soft_dimension,True,uniform_exact_cost__6144,6144,6144,-0.00014062422997089996,0.0
associative_recall,transformer_publication_20260622T101458Z_associative_recall_seed101,101,fixed_update_scale,6144,0,gradient_norm,gradient_norm,gradient_norm,False,uniform_exact_cost__6144,6144,6144,-0.00018155229190599989,0.0
associative_recall,transformer_publication_20260622T101458Z_associative_recall_seed101,101,fixed_update_scale,6144,0,marginal_gain_edge,marginal_gain_edge,marginal_gain_edge,False,uniform_exact_cost__6144,6144,6144,-0.0001481133731431999,0.0
associative_recall,transformer_publication_20260622T101458Z_associative_recall_seed101,101,fixed_update_scale,6144,0,marginal_gain_soft,marginal_gain_soft,marginal_gain_soft,False,uniform_exact_cost__6144,6144,6144,-0.00018216583703179997,0.0
associative_recall,transformer_publication_20260622T101458Z_associative_recall_seed101,101,standard,6144,0,effective_rank,effective_rank,effective_rank,False,uniform_exact_cost__6144,6144,6144,-0.00016275740927090008,0.0
associative_recall,transformer_publication_20260622T101458Z_associative_recall_seed101,101,standard,6144,0,soft_dimension,soft_dimension,soft_dimension,True,uniform_exact_cost__6144,6144,6144,-0.00016275740927090008,0.0
associative_recall,transformer_publication_20260622T101458Z_associative_recall_seed101,101,standard,6144,0,gradient_norm,gradient_norm,gradient_norm,False,uniform_exact_cost__6144,6144,6144,-0.00010040222696270002,0.0
associative_recall,transformer_publication_20260622T101458Z_associative_recall_seed101,101,standard,6144,0,marginal_gain_edge,marginal_gain_edge,marginal_gain_edge,False,uniform_exact_cost__6144,6144,6144,-0.00024524382752140006,0.0
associative_recall,transformer_publication_20260622T101458Z_associative_recall_seed101,101,standard,6144,0,marginal_gain_soft,marginal_gain_soft,marginal_gain_soft,False,uniform_exact_cost__6144,6144,6144,-9.200874774260002e-05,0.0
associative_recall,transformer_publication_20260622T101458Z_associative_recall_seed101,101,rslora,6144,0,effective_rank,effective_rank,effective_rank,False,uniform_exact_cost__6144,6144,6144,-0.00013130798470230005,0.0
associative_recall,transformer_publication_20260622T101458Z_associative_recall_seed101,101,rslora,6144,0,soft_dimension,soft_dimension,soft_dimension,True,uniform_exact_cost__6144,6144,6144,-0.00013130798470230005,0.0
associative_recall,transformer_publication_20260622T101458Z_associative_recall_seed101,101,rslora,6144,0,gradient_norm,gradient_norm,gradient_norm,False,uniform_exact_cost__6144,6144,6144,-0.00012054682156310002,0.0
associative_recall,transformer_publication_20260622T101458Z_associative_recall_seed101,101,rslora,6144,0,marginal_gain_edge,marginal_gain_edge,marginal_gain_edge,False,uniform_exact_cost__6144,6144,6144,-0.00014029443264009997,0.0
associative_recall,transformer_publication_20260622T101458Z_associative_recall_seed101,101,rslora,6144,0,marginal_gain_soft,marginal_gain_soft,marginal_gain_soft,False,uniform_exact_cost__6144,6144,6144,-0.00011879023804800006,0.0
associative_recall,transformer_publication_20260622T101458Z_associative_recall_seed101,101,fixed_update_scale,6144,1,effective_rank,effective_rank,effective_rank,False,uniform_exact_cost__6144,6144,6144,1.5392208297300013e-05,0.0
associative_recall,transformer_publication_20260622T101458Z_associative_recall_seed101,101,fixed_update_scale,6144,1,soft_dimension,soft_dimension,soft_dimension,True,uniform_exact_cost__6144,6144,6144,1.5392208297300013e-05,0.0
associative_recall,transformer_publication_20260622T101458Z_associative_recall_seed101,101,fixed_update_scale,6144,1,gradient_norm,gradient_norm,gradient_norm,False,uniform_exact_cost__6144,6144,6144,-0.00010547079727979999,0.0
associative_recall,transformer_publication_20260622T101458Z_associative_recall_seed101,101,fixed_update_scale,6144,1,marginal_gain_edge,marginal_gain_edge,marginal_gain_edge,False,uniform_exact_cost__6144,6144,6144,-0.00019024555513170007,0.0
associative_recall,transformer_publication_20260622T101458Z_associative_recall_seed101,101,fixed_update_scale,6144,1,marginal_gain_soft,marginal_gain_soft,marginal_gain_soft,False,uniform_exact_cost__6144,6144,6144,-0.0001458442930016,0.0
associative_recall,transformer_publication_20260622T101458Z_associative_recall_seed101,101,standard,6144,1,effective_rank,effective_rank,effective_rank,False,uniform_exact_cost__6144,6144,6144,-0.0001285011239816,0.0
associative_recall,transformer_publication_20260622T101458Z_associative_recall_seed101,101,standard,6144,1,soft_dimension,soft_dimension,soft_dimension,True,uniform_exact_cost__6144,6144,6144,-0.0001285011239816,0.0
associative_recall,transformer_publication_20260622T101458Z_associative_recall_seed101,101,standard,6144,1,gradient_norm,gradient_norm,gradient_norm,False,uniform_exact_cost__6144,6144,6144,-0.00016235092334680008,0.0
associative_recall,transformer_publication_20260622T101458Z_associative_recall_seed101,101,standard,6144,1,marginal_gain_edge,marginal_gain_edge,marginal_gain_edge,False,uniform_exact_cost__6144,6144,6144,-0.0003278844087618001,0.0
associative_recall,transformer_publication_20260622T101458Z_associative_recall_seed101,101,standard,6144,1,marginal_gain_soft,marginal_gain_soft,marginal_gain_soft,False,uniform_exact_cost__6144,6144,6144,-7.31759646442e-05,0.0
associative_recall,transformer_publication_20260622T101458Z_associative_recall_seed101,101,rslora,6144,1,effective_rank,effective_rank,effective_rank,False,uniform_exact_cost__6144,6144,6144,-3.1141258659800005e-05,0.0
associative_recall,transformer_publication_20260622T101458Z_associative_recall_seed101,101,rslora,6144,1,soft_dimension,soft_dimension,soft_dimension,True,uniform_exact_cost__6144,6144,6144,-3.1141258659800005e-05,0.0
associative_recall,transformer_publication_20260622T101458Z_associative_recall_seed101,101,rslora,6144,1,gradient_norm,gradient_norm,gradient_norm,False,uniform_exact_cost__6144,6144,6144,-8.365484245590003e-05,0.0
associative_recall,transformer_publication_20260622T101458Z_associative_recall_seed101,101,rslora,6144,1,marginal_gain_edge,marginal_gain_edge,marginal_gain_edge,False,uniform_exact_cost__6144,6144,6144,-0.0001965461851796001,0.0
associative_recall,transformer_publication_20260622T101458Z_associative_recall_seed101,101,rslora,6144,1,marginal_gain_soft,marginal_gain_soft,marginal_gain_soft,False,uniform_exact_cost__6144,6144,6144,-6.10419010627e-05,0.0
associative_recall,transformer_publication_20260622T101458Z_associative_recall_seed101,101,fixed_update_scale,6144,2,effective_rank,effective_rank,effective_rank,False,uniform_exact_cost__6144,6144,6144,-8.75551631907e-05,0.0
associative_recall,transformer_publication_20260622T101458Z_associative_recall_seed101,101,fixed_update_scale,6144,2,soft_dimension,soft_dimension,soft_dimension,True,uniform_exact_cost__6144,6144,6144,-8.75551631907e-05,0.0
associative_recall,transformer_publication_20260622T101458Z_associative_recall_seed101,101,fixed_update_scale,6144,2,gradient_norm,gradient_norm,gradient_norm,False,uniform_exact_cost__6144,6144,6144,-3.796807141040004e-05,0.0
associative_recall,transformer_publication_20260622T101458Z_associative_recall_seed101,101,fixed_update_scale,6144,2,marginal_gain_edge,marginal_gain_edge,marginal_gain_edge,False,uniform_exact_cost__6144,6144,6144,-6.848826888020002e-05,0.0
associative_recall,transformer_publication_20260622T101458Z_associative_recall_seed101,101,fixed_update_scale,6144,2,marginal_gain_soft,marginal_gain_soft,marginal_gain_soft,False,uniform_exact_cost__6144,6144,6144,-6.811784987800003e-05,0.0
associative_recall,transformer_publication_20260622T101458Z_associative_recall_seed101,101,standard,6144,2,effective_rank,effective_rank,effective_rank,False,uniform_exact_cost__6144,6144,6144,-8.372677984880002e-05,0.0
associative_recall,transformer_publication_20260622T101458Z_associative_recall_seed101,101,standard,6144,2,soft_dimension,soft_dimension,soft_dimension,True,uniform_exact_cost__6144,6144,6144,-8.372677984880002e-05,0.0
associative_recall,transformer_publication_20260622T101458Z_associative_recall_seed101,101,standard,6144,2,gradient_norm,gradient_norm,gradient_norm,False,uniform_exact_cost__6144,6144,6144,-8.040295506360007e-05,0.0
associative_recall,transformer_publication_20260622T101458Z_associative_recall_seed101,101,standard,6144,2,marginal_gain_edge,marginal_gain_edge,marginal_gain_edge,False,uniform_exact_cost__6144,6144,6144,-0.00010673973883970004,0.0
associative_recall,transformer_publication_20260622T101458Z_associative_recall_seed101,101,standard,6144,2,marginal_gain_soft,marginal_gain_soft,marginal_gain_soft,False,uniform_exact_cost__6144,6144,6144,0.00015542081382589998,0.0
associative_recall,transformer_publication_20260622T101458Z_associative_recall_seed101,101,rslora,6144,2,effective_rank,effective_rank,effective_rank,False,uniform_exact_cost__6144,6144,6144,-3.846536856150001e-05,0.0
associative_recall,transformer_publication_20260622T101458Z_associative_recall_seed101,101,rslora,6144,2,soft_dimension,soft_dimension,soft_dimension,True,uniform_exact_cost__6144,6144,6144,-3.846536856150001e-05,0.0
associative_recall,transformer_publication_20260622T101458Z_associative_recall_seed101,101,rslora,6144,2,gradient_norm,gradient_norm,gradient_norm,False,uniform_exact_cost__6144,6144,6144,-5.3446739912099976e-05,0.0
associative_recall,transformer_publication_20260622T101458Z_associative_recall_seed101,101,rslora,6144,2,marginal_gain_edge,marginal_gain_edge,marginal_gain_edge,False,uniform_exact_cost__6144,6144,6144,-7.302911399170004e-05,0.0
associative_recall,transformer_publication_20260622T101458Z_associative_recall_seed101,101,rslora,6144,2,marginal_gain_soft,marginal_gain_soft,marginal_gain_soft,False,uniform_exact_cost__6144,6144,6144,0.00010309951176169991,0.0
associative_recall,transformer_publication_20260622T101458Z_associative_recall_seed103,103,fixed_update_scale,512,0,effective_rank,effective_rank,effective_rank,False,uniform_exact_cost__512,512,512,0.15456199645996094,0.111328125
associative_recall,transformer_publication_20260622T101458Z_associative_recall_seed103,103,fixed_update_scale,512,0,soft_dimension,soft_dimension,soft_dimension,True,uniform_exact_cost__512,512,512,0.15456199645996094,0.111328125
associative_recall,transformer_publication_20260622T101458Z_associative_recall_seed103,103,fixed_update_scale,512,0,gradient_norm,gradient_norm,gradient_norm,False,uniform_exact_cost__512,512,512,0.06961480155587202,0.111328125
associative_recall,transformer_publication_20260622T101458Z_associative_recall_seed103,103,fixed_update_scale,512,0,marginal_gain_edge,marginal_gain_edge,marginal_gain_edge,False,uniform_exact_cost__512,512,512,0.013450440019369125,0.1123046875
associative_recall,transformer_publication_20260622T101458Z_associative_recall_seed103,103,fixed_update_scale,512,0,marginal_gain_soft,marginal_gain_soft,marginal_gain_soft,False,uniform_exact_cost__512,512,512,0.013450440019369125,0.1123046875
associative_recall,transformer_publication_20260622T101458Z_associative_recall_seed103,103,standard,512,0,effective_rank,effective_rank,effective_rank,False,uniform_exact_cost__512,512,512,0.491418968886137,-0.099609375
associative_recall,transformer_publication_20260622T101458Z_associative_recall_seed103,103,standard,512,0,soft_dimension,soft_dimension,soft_dimension,True,uniform_exact_cost__512,512,512,0.491418968886137,-0.099609375
associative_recall,transformer_publication_20260622T101458Z_associative_recall_seed103,103,standard,512,0,gradient_norm,gradient_norm,gradient_norm,False,uniform_exact_cost__512,512,512,0.2644655704498291,0.0
associative_recall,transformer_publication_20260622T101458Z_associative_recall_seed103,103,standard,512,0,marginal_gain_edge,marginal_gain_edge,marginal_gain_edge,False,uniform_exact_cost__512,512,512,0.12140104919672012,0.0
associative_recall,transformer_publication_20260622T101458Z_associative_recall_seed103,103,standard,512,0,marginal_gain_soft,marginal_gain_soft,marginal_gain_soft,False,uniform_exact_cost__512,512,512,0.12140104919672012,0.0
associative_recall,transformer_publication_20260622T101458Z_associative_recall_seed103,103,rslora,512,0,effective_rank,effective_rank,effective_rank,False,uniform_exact_cost__512,512,512,0.3731650244444609,-0.0009765625
associative_recall,transformer_publication_20260622T101458Z_associative_recall_seed103,103,rslora,512,0,soft_dimension,soft_dimension,soft_dimension,True,uniform_exact_cost__512,512,512,0.3731650244444609,-0.0009765625
associative_recall,transformer_publication_20260622T101458Z_associative_recall_seed103,103,rslora,512,0,gradient_norm,gradient_norm,gradient_norm,False,uniform_exact_cost__512,512,512,0.24272306077182298,0.0
associative_recall,transformer_publication_20260622T101458Z_associative_recall_seed103,103,rslora,512,0,marginal_gain_edge,marginal_gain_edge,marginal_gain_edge,False,uniform_exact_cost__512,512,512,0.1664612870663405,0.0
associative_recall,transformer_publication_20260622T101458Z_associative_recall_seed103,103,rslora,512,0,marginal_gain_soft,marginal_gain_soft,marginal_gain_soft,False,uniform_exact_cost__512,512,512,0.1664612870663405,0.0
associative_recall,transformer_publication_20260622T101458Z_associative_recall_seed103,103,fixed_update_scale,512,1,effective_rank,effective_rank,effective_rank,False,uniform_exact_cost__512,512,512,0.26509144157171255,-0.0751953125
associative_recall,transformer_publication_20260622T101458Z_associative_recall_seed103,103,fixed_update_scale,512,1,soft_dimension,soft_dimension,soft_dimension,True,uniform_exact_cost__512,512,512,0.26509144157171255,-0.0751953125
associative_recall,transformer_publication_20260622T101458Z_associative_recall_seed103,103,fixed_update_scale,512,1,gradient_norm,gradient_norm,gradient_norm,False,uniform_exact_cost__512,512,512,0.10956275835633283,0.001953125
associative_recall,transformer_publication_20260622T101458Z_associative_recall_seed103,103,fixed_update_scale,512,1,marginal_gain_edge,marginal_gain_edge,marginal_gain_edge,False,uniform_exact_cost__512,512,512,0.06975017488002783,0.001953125
associative_recall,transformer_publication_20260622T101458Z_associative_recall_seed103,103,fixed_update_scale,512,1,marginal_gain_soft,marginal_gain_soft,marginal_gain_soft,False,uniform_exact_cost__512,512,512,0.06975017488002783,0.001953125
associative_recall,transformer_publication_20260622T101458Z_associative_recall_seed103,103,standard,512,1,effective_rank,effective_rank,effective_rank,False,uniform_exact_cost__512,512,512,0.30364382453262817,-0.0009765625
associative_recall,transformer_publication_20260622T101458Z_associative_recall_seed103,103,standard,512,1,soft_dimension,soft_dimension,soft_dimension,True,uniform_exact_cost__512,512,512,0.30364382453262817,-0.0009765625
associative_recall,transformer_publication_20260622T101458Z_associative_recall_seed103,103,standard,512,1,gradient_norm,gradient_norm,gradient_norm,False,uniform_exact_cost__512,512,512,0.1774903293699027,0.0
associative_recall,transformer_publication_20260622T101458Z_associative_recall_seed103,103,standard,512,1,marginal_gain_edge,marginal_gain_edge,marginal_gain_edge,False,uniform_exact_cost__512,512,512,0.08495816774666318,0.0
associative_recall,transformer_publication_20260622T101458Z_associative_recall_seed103,103,standard,512,1,marginal_gain_soft,marginal_gain_soft,marginal_gain_soft,False,uniform_exact_cost__512,512,512,0.08495816774666318,0.0
associative_recall,transformer_publication_20260622T101458Z_associative_recall_seed103,103,rslora,512,1,effective_rank,effective_rank,effective_rank,False,uniform_exact_cost__512,512,512,0.2758191116154194,-0.048828125
associative_recall,transformer_publication_20260622T101458Z_associative_recall_seed103,103,rslora,512,1,soft_dimension,soft_dimension,soft_dimension,True,uniform_exact_cost__512,512,512,0.2758191116154194,-0.048828125
associative_recall,transformer_publication_20260622T101458Z_associative_recall_seed103,103,rslora,512,1,gradient_norm,gradient_norm,gradient_norm,False,uniform_exact_cost__512,512,512,0.1339270025491714,0.0283203125
associative_recall,transformer_publication_20260622T101458Z_associative_recall_seed103,103,rslora,512,1,marginal_gain_edge,marginal_gain_edge,marginal_gain_edge,False,uniform_exact_cost__512,512,512,0.038485560566186905,0.0283203125
associative_recall,transformer_publication_20260622T101458Z_associative_recall_seed103,103,rslora,512,1,marginal_gain_soft,marginal_gain_soft,marginal_gain_soft,False,uniform_exact_cost__512,512,512,0.038485560566186905,0.0283203125
associative_recall,transformer_publication_20260622T101458Z_associative_recall_seed103,103,fixed_update_scale,512,2,effective_rank,effective_rank,effective_rank,False,uniform_exact_cost__512,512,512,0.23638237453997138,0.0
associative_recall,transformer_publication_20260622T101458Z_associative_recall_seed103,103,fixed_update_scale,512,2,soft_dimension,soft_dimension,soft_dimension,True,uniform_exact_cost__512,512,512,0.23638237453997138,0.0
associative_recall,transformer_publication_20260622T101458Z_associative_recall_seed103,103,fixed_update_scale,512,2,gradient_norm,gradient_norm,gradient_norm,False,uniform_exact_cost__512,512,512,0.1766879800707102,0.0
associative_recall,transformer_publication_20260622T101458Z_associative_recall_seed103,103,fixed_update_scale,512,2,marginal_gain_edge,marginal_gain_edge,marginal_gain_edge,False,uniform_exact_cost__512,512,512,0.07343132235109809,0.0
associative_recall,transformer_publication_20260622T101458Z_associative_recall_seed103,103,fixed_update_scale,512,2,marginal_gain_soft,marginal_gain_soft,marginal_gain_soft,False,uniform_exact_cost__512,512,512,0.07343132235109809,0.0
associative_recall,transformer_publication_20260622T101458Z_associative_recall_seed103,103,standard,512,2,effective_rank,effective_rank,effective_rank,False,uniform_exact_cost__512,512,512,0.2624946981668473,-0.0048828125
associative_recall,transformer_publication_20260622T101458Z_associative_recall_seed103,103,standard,512,2,soft_dimension,soft_dimension,soft_dimension,True,uniform_exact_cost__512,512,512,0.2624946981668473,-0.0048828125
associative_recall,transformer_publication_20260622T101458Z_associative_recall_seed103,103,standard,512,2,gradient_norm,gradient_norm,gradient_norm,False,uniform_exact_cost__512,512,512,0.13450799509882932,0.0
associative_recall,transformer_publication_20260622T101458Z_associative_recall_seed103,103,standard,512,2,marginal_gain_edge,marginal_gain_edge,marginal_gain_edge,False,uniform_exact_cost__512,512,512,0.09103486686944962,0.0
associative_recall,transformer_publication_20260622T101458Z_associative_recall_seed103,103,standard,512,2,marginal_gain_soft,marginal_gain_soft,marginal_gain_soft,False,uniform_exact_cost__512,512,512,0.09103486686944962,0.0
associative_recall,transformer_publication_20260622T101458Z_associative_recall_seed103,103,rslora,512,2,effective_rank,effective_rank,effective_rank,False,uniform_exact_cost__512,512,512,0.2659878246486187,-0.0009765625
associative_recall,transformer_publication_20260622T101458Z_associative_recall_seed103,103,rslora,512,2,soft_dimension,soft_dimension,soft_dimension,True,uniform_exact_cost__512,512,512,0.2659878246486187,-0.0009765625
associative_recall,transformer_publication_20260622T101458Z_associative_recall_seed103,103,rslora,512,2,gradient_norm,gradient_norm,gradient_norm,False,uniform_exact_cost__512,512,512,0.181101556867361,0.0
associative_recall,transformer_publication_20260622T101458Z_associative_recall_seed103,103,rslora,512,2,marginal_gain_edge,marginal_gain_edge,marginal_gain_edge,False,uniform_exact_cost__512,512,512,0.061861295253038406,0.0
associative_recall,transformer_publication_20260622T101458Z_associative_recall_seed103,103,rslora,512,2,marginal_gain_soft,marginal_gain_soft,marginal_gain_soft,False,uniform_exact_cost__512,512,512,0.061861295253038406,0.0
associative_recall,transformer_publication_20260622T101458Z_associative_recall_seed103,103,fixed_update_scale,1024,0,effective_rank,effective_rank,effective_rank,False,uniform_exact_cost__1024,1024,1024,-0.017876816913485496,0.0
associative_recall,transformer_publication_20260622T101458Z_associative_recall_seed103,103,fixed_update_scale,1024,0,soft_dimension,soft_dimension,soft_dimension,True,uniform_exact_cost__1024,1024,1024,-0.017876816913485496,0.0
associative_recall,transformer_publication_20260622T101458Z_associative_recall_seed103,103,fixed_update_scale,1024,0,gradient_norm,gradient_norm,gradient_norm,False,uniform_exact_cost__1024,1024,1024,-0.0286003679502755,0.0
associative_recall,transformer_publication_20260622T101458Z_associative_recall_seed103,103,fixed_update_scale,1024,0,marginal_gain_edge,marginal_gain_edge,marginal_gain_edge,False,uniform_exact_cost__1024,1024,1024,-0.023529291618615396,0.0
associative_recall,transformer_publication_20260622T101458Z_associative_recall_seed103,103,fixed_update_scale,1024,0,marginal_gain_soft,marginal_gain_soft,marginal_gain_soft,False,uniform_exact_cost__1024,1024,1024,-0.023529291618615396,0.0
associative_recall,transformer_publication_20260622T101458Z_associative_recall_seed103,103,standard,1024,0,effective_rank,effective_rank,effective_rank,False,uniform_exact_cost__1024,1024,1024,-0.4848865754902363,0.0771484375
associative_recall,transformer_publication_20260622T101458Z_associative_recall_seed103,103,standard,1024,0,soft_dimension,soft_dimension,soft_dimension,True,uniform_exact_cost__1024,1024,1024,-0.4848865754902363,0.0771484375
associative_recall,transformer_publication_20260622T101458Z_associative_recall_seed103,103,standard,1024,0,gradient_norm,gradient_norm,gradient_norm,False,uniform_exact_cost__1024,1024,1024,-0.4888402682263404,0.0771484375
associative_recall,transformer_publication_20260622T101458Z_associative_recall_seed103,103,standard,1024,0,marginal_gain_edge,marginal_gain_edge,marginal_gain_edge,False,uniform_exact_cost__1024,1024,1024,-0.4821901310933754,0.0771484375
associative_recall,transformer_publication_20260622T101458Z_associative_recall_seed103,103,standard,1024,0,marginal_gain_soft,marginal_gain_soft,marginal_gain_soft,False,uniform_exact_cost__1024,1024,1024,-0.4821901310933754,0.0771484375
associative_recall,transformer_publication_20260622T101458Z_associative_recall_seed103,103,rslora,1024,0,effective_rank,effective_rank,effective_rank,False,uniform_exact_cost__1024,1024,1024,-0.027057507075369403,0.0
associative_recall,transformer_publication_20260622T101458Z_associative_recall_seed103,103,rslora,1024,0,soft_dimension,soft_dimension,soft_dimension,True,uniform_exact_cost__1024,1024,1024,-0.027057507075369403,0.0
associative_recall,transformer_publication_20260622T101458Z_associative_recall_seed103,103,rslora,1024,0,gradient_norm,gradient_norm,gradient_norm,False,uniform_exact_cost__1024,1024,1024,-0.0334965713554993,0.0
associative_recall,transformer_publication_20260622T101458Z_associative_recall_seed103,103,rslora,1024,0,marginal_gain_edge,marginal_gain_edge,marginal_gain_edge,False,uniform_exact_cost__1024,1024,1024,-0.027215835405513703,0.0
associative_recall,transformer_publication_20260622T101458Z_associative_recall_seed103,103,rslora,1024,0,marginal_gain_soft,marginal_gain_soft,marginal_gain_soft,False,uniform_exact_cost__1024,1024,1024,-0.027215835405513703,0.0
associative_recall,transformer_publication_20260622T101458Z_associative_recall_seed103,103,fixed_update_scale,1024,1,effective_rank,effective_rank,effective_rank,False,uniform_exact_cost__1024,1024,1024,-0.0218557806219906,0.0
associative_recall,transformer_publication_20260622T101458Z_associative_recall_seed103,103,fixed_update_scale,1024,1,soft_dimension,soft_dimension,soft_dimension,True,uniform_exact_cost__1024,1024,1024,-0.0218557806219906,0.0
associative_recall,transformer_publication_20260622T101458Z_associative_recall_seed103,103,fixed_update_scale,1024,1,gradient_norm,gradient_norm,gradient_norm,False,uniform_exact_cost__1024,1024,1024,-0.0237552032340318,0.0
associative_recall,transformer_publication_20260622T101458Z_associative_recall_seed103,103,fixed_update_scale,1024,1,marginal_gain_edge,marginal_gain_edge,marginal_gain_edge,False,uniform_exact_cost__1024,1024,1024,-0.0169115196913481,0.0
associative_recall,transformer_publication_20260622T101458Z_associative_recall_seed103,103,fixed_update_scale,1024,1,marginal_gain_soft,marginal_gain_soft,marginal_gain_soft,False,uniform_exact_cost__1024,1024,1024,-0.0169115196913481,0.0
associative_recall,transformer_publication_20260622T101458Z_associative_recall_seed103,103,standard,1024,1,effective_rank,effective_rank,effective_rank,False,uniform_exact_cost__1024,1024,1024,-0.0118034828919918,0.0
associative_recall,transformer_publication_20260622T101458Z_associative_recall_seed103,103,standard,1024,1,soft_dimension,soft_dimension,soft_dimension,True,uniform_exact_cost__1024,1024,1024,-0.0118034828919918,0.0
associative_recall,transformer_publication_20260622T101458Z_associative_recall_seed103,103,standard,1024,1,gradient_norm,gradient_norm,gradient_norm,False,uniform_exact_cost__1024,1024,1024,-0.0148345360066742,0.0
associative_recall,transformer_publication_20260622T101458Z_associative_recall_seed103,103,standard,1024,1,marginal_gain_edge,marginal_gain_edge,marginal_gain_edge,False,uniform_exact_cost__1024,1024,1024,-0.0088409925810993,0.0
associative_recall,transformer_publication_20260622T101458Z_associative_recall_seed103,103,standard,1024,1,marginal_gain_soft,marginal_gain_soft,marginal_gain_soft,False,uniform_exact_cost__1024,1024,1024,-0.0088409925810993,0.0
associative_recall,transformer_publication_20260622T101458Z_associative_recall_seed103,103,rslora,1024,1,effective_rank,effective_rank,effective_rank,False,uniform_exact_cost__1024,1024,1024,-0.015654020709916998,0.0
associative_recall,transformer_publication_20260622T101458Z_associative_recall_seed103,103,rslora,1024,1,soft_dimension,soft_dimension,soft_dimension,True,uniform_exact_cost__1024,1024,1024,-0.015654020709916998,0.0
associative_recall,transformer_publication_20260622T101458Z_associative_recall_seed103,103,rslora,1024,1,gradient_norm,gradient_norm,gradient_norm,False,uniform_exact_cost__1024,1024,1024,-0.013088625855743899,0.0
associative_recall,transformer_publication_20260622T101458Z_associative_recall_seed103,103,rslora,1024,1,marginal_gain_edge,marginal_gain_edge,marginal_gain_edge,False,uniform_exact_cost__1024,1024,1024,-0.0074663972482084985,0.0
associative_recall,transformer_publication_20260622T101458Z_associative_recall_seed103,103,rslora,1024,1,marginal_gain_soft,marginal_gain_soft,marginal_gain_soft,False,uniform_exact_cost__1024,1024,1024,-0.0074663972482084985,0.0
associative_recall,transformer_publication_20260622T101458Z_associative_recall_seed103,103,fixed_update_scale,1024,2,effective_rank,effective_rank,effective_rank,False,uniform_exact_cost__1024,1024,1024,-0.0314853943418711,0.0
associative_recall,transformer_publication_20260622T101458Z_associative_recall_seed103,103,fixed_update_scale,1024,2,soft_dimension,soft_dimension,soft_dimension,True,uniform_exact_cost__1024,1024,1024,-0.0314853943418711,0.0
associative_recall,transformer_publication_20260622T101458Z_associative_recall_seed103,103,fixed_update_scale,1024,2,gradient_norm,gradient_norm,gradient_norm,False,uniform_exact_cost__1024,1024,1024,-0.0364553118124604,0.0
associative_recall,transformer_publication_20260622T101458Z_associative_recall_seed103,103,fixed_update_scale,1024,2,marginal_gain_edge,marginal_gain_edge,marginal_gain_edge,False,uniform_exact_cost__1024,1024,1024,-0.0276735387742519,0.0
associative_recall,transformer_publication_20260622T101458Z_associative_recall_seed103,103,fixed_update_scale,1024,2,marginal_gain_soft,marginal_gain_soft,marginal_gain_soft,False,uniform_exact_cost__1024,1024,1024,-0.0276735387742519,0.0
associative_recall,transformer_publication_20260622T101458Z_associative_recall_seed103,103,standard,1024,2,effective_rank,effective_rank,effective_rank,False,uniform_exact_cost__1024,1024,1024,-0.05768438917584721,0.0
associative_recall,transformer_publication_20260622T101458Z_associative_recall_seed103,103,standard,1024,2,soft_dimension,soft_dimension,soft_dimension,True,uniform_exact_cost__1024,1024,1024,-0.05768438917584721,0.0
associative_recall,transformer_publication_20260622T101458Z_associative_recall_seed103,103,standard,1024,2,gradient_norm,gradient_norm,gradient_norm,False,uniform_exact_cost__1024,1024,1024,-0.0572506333701313,0.0
associative_recall,transformer_publication_20260622T101458Z_associative_recall_seed103,103,standard,1024,2,marginal_gain_edge,marginal_gain_edge,marginal_gain_edge,False,uniform_exact_cost__1024,1024,1024,-0.043135874206200304,0.0
associative_recall,transformer_publication_20260622T101458Z_associative_recall_seed103,103,standard,1024,2,marginal_gain_soft,marginal_gain_soft,marginal_gain_soft,False,uniform_exact_cost__1024,1024,1024,-0.043135874206200304,0.0
associative_recall,transformer_publication_20260622T101458Z_associative_recall_seed103,103,rslora,1024,2,effective_rank,effective_rank,effective_rank,False,uniform_exact_cost__1024,1024,1024,-0.04257561650592839,0.005859375
associative_recall,transformer_publication_20260622T101458Z_associative_recall_seed103,103,rslora,1024,2,soft_dimension,soft_dimension,soft_dimension,True,uniform_exact_cost__1024,1024,1024,-0.04257561650592839,0.005859375
associative_recall,transformer_publication_20260622T101458Z_associative_recall_seed103,103,rslora,1024,2,gradient_norm,gradient_norm,gradient_norm,False,uniform_exact_cost__1024,1024,1024,-0.043819098151288996,0.005859375
associative_recall,transformer_publication_20260622T101458Z_associative_recall_seed103,103,rslora,1024,2,marginal_gain_edge,marginal_gain_edge,marginal_gain_edge,False,uniform_exact_cost__1024,1024,1024,-0.0314845552202314,0.005859375
associative_recall,transformer_publication_20260622T101458Z_associative_recall_seed103,103,rslora,1024,2,marginal_gain_soft,marginal_gain_soft,marginal_gain_soft,False,uniform_exact_cost__1024,1024,1024,-0.0314845552202314,0.005859375
associative_recall,transformer_publication_20260622T101458Z_associative_recall_seed103,103,fixed_update_scale,1536,0,effective_rank,effective_rank,effective_rank,False,uniform_exact_cost__1536,1536,1536,-0.002720507502090101,0.0
associative_recall,transformer_publication_20260622T101458Z_associative_recall_seed103,103,fixed_update_scale,1536,0,soft_dimension,soft_dimension,soft_dimension,True,uniform_exact_cost__1472,1472,1472,-0.0023520026588812,0.0
associative_recall,transformer_publication_20260622T101458Z_associative_recall_seed103,103,fixed_update_scale,1536,0,gradient_norm,gradient_norm,gradient_norm,False,uniform_exact_cost__1536,1536,1536,-0.003589222033042401,0.0
associative_recall,transformer_publication_20260622T101458Z_associative_recall_seed103,103,fixed_update_scale,1536,0,marginal_gain_edge,marginal_gain_edge,marginal_gain_edge,False,uniform_exact_cost__1536,1536,1536,-0.0035380252520553004,0.0
associative_recall,transformer_publication_20260622T101458Z_associative_recall_seed103,103,fixed_update_scale,1536,0,marginal_gain_soft,marginal_gain_soft,marginal_gain_soft,False,uniform_exact_cost__1536,1536,1536,-0.0035380252520553004,0.0
associative_recall,transformer_publication_20260622T101458Z_associative_recall_seed103,103,standard,1536,0,effective_rank,effective_rank,effective_rank,False,uniform_exact_cost__1536,1536,1536,-0.0412917426729109,0.0
associative_recall,transformer_publication_20260622T101458Z_associative_recall_seed103,103,standard,1536,0,soft_dimension,soft_dimension,soft_dimension,True,uniform_exact_cost__1472,1472,1472,0.0014776469906792001,0.0
associative_recall,transformer_publication_20260622T101458Z_associative_recall_seed103,103,standard,1536,0,gradient_norm,gradient_norm,gradient_norm,False,uniform_exact_cost__1536,1536,1536,-0.041548155393684304,0.0
associative_recall,transformer_publication_20260622T101458Z_associative_recall_seed103,103,standard,1536,0,marginal_gain_edge,marginal_gain_edge,marginal_gain_edge,False,uniform_exact_cost__1536,1536,1536,-0.0405292099458165,0.0
associative_recall,transformer_publication_20260622T101458Z_associative_recall_seed103,103,standard,1536,0,marginal_gain_soft,marginal_gain_soft,marginal_gain_soft,False,uniform_exact_cost__1536,1536,1536,-0.0405292099458165,0.0
associative_recall,transformer_publication_20260622T101458Z_associative_recall_seed103,103,rslora,1536,0,effective_rank,effective_rank,effective_rank,False,uniform_exact_cost__1536,1536,1536,-0.0021257898770273,0.0
associative_recall,transformer_publication_20260622T101458Z_associative_recall_seed103,103,rslora,1536,0,soft_dimension,soft_dimension,soft_dimension,True,uniform_exact_cost__1472,1472,1472,-0.00012757023796440038,0.0
associative_recall,transformer_publication_20260622T101458Z_associative_recall_seed103,103,rslora,1536,0,gradient_norm,gradient_norm,gradient_norm,False,uniform_exact_cost__1536,1536,1536,-0.0025143583479803,0.0
associative_recall,transformer_publication_20260622T101458Z_associative_recall_seed103,103,rslora,1536,0,marginal_gain_edge,marginal_gain_edge,marginal_gain_edge,False,uniform_exact_cost__1536,1536,1536,-0.0018179662874900004,0.0
associative_recall,transformer_publication_20260622T101458Z_associative_recall_seed103,103,rslora,1536,0,marginal_gain_soft,marginal_gain_soft,marginal_gain_soft,False,uniform_exact_cost__1536,1536,1536,-0.0018179662874900004,0.0
associative_recall,transformer_publication_20260622T101458Z_associative_recall_seed103,103,fixed_update_scale,1536,1,effective_rank,effective_rank,effective_rank,False,uniform_exact_cost__1536,1536,1536,-0.0010489658452571002,0.0
associative_recall,transformer_publication_20260622T101458Z_associative_recall_seed103,103,fixed_update_scale,1536,1,soft_dimension,soft_dimension,soft_dimension,True,uniform_exact_cost__1472,1472,1472,-0.0005369787686503999,0.0
associative_recall,transformer_publication_20260622T101458Z_associative_recall_seed103,103,fixed_update_scale,1536,1,gradient_norm,gradient_norm,gradient_norm,False,uniform_exact_cost__1536,1536,1536,-0.0006791120395065004,0.0
associative_recall,transformer_publication_20260622T101458Z_associative_recall_seed103,103,fixed_update_scale,1536,1,marginal_gain_edge,marginal_gain_edge,marginal_gain_edge,False,uniform_exact_cost__1536,1536,1536,-0.0024407815944870004,0.0
associative_recall,transformer_publication_20260622T101458Z_associative_recall_seed103,103,fixed_update_scale,1536,1,marginal_gain_soft,marginal_gain_soft,marginal_gain_soft,False,uniform_exact_cost__1536,1536,1536,-0.0024407815944870004,0.0
associative_recall,transformer_publication_20260622T101458Z_associative_recall_seed103,103,standard,1536,1,effective_rank,effective_rank,effective_rank,False,uniform_exact_cost__1536,1536,1536,-0.0005708424141630001,0.0
associative_recall,transformer_publication_20260622T101458Z_associative_recall_seed103,103,standard,1536,1,soft_dimension,soft_dimension,soft_dimension,True,uniform_exact_cost__1472,1472,1472,0.0007546357810496998,0.0
associative_recall,transformer_publication_20260622T101458Z_associative_recall_seed103,103,standard,1536,1,gradient_norm,gradient_norm,gradient_norm,False,uniform_exact_cost__1536,1536,1536,-0.0006245489057618999,0.0
associative_recall,transformer_publication_20260622T101458Z_associative_recall_seed103,103,standard,1536,1,marginal_gain_edge,marginal_gain_edge,marginal_gain_edge,False,uniform_exact_cost__1536,1536,1536,-0.0004870308912359,0.0
associative_recall,transformer_publication_20260622T101458Z_associative_recall_seed103,103,standard,1536,1,marginal_gain_soft,marginal_gain_soft,marginal_gain_soft,False,uniform_exact_cost__1536,1536,1536,-0.0004870308912359,0.0
associative_recall,transformer_publication_20260622T101458Z_associative_recall_seed103,103,rslora,1536,1,effective_rank,effective_rank,effective_rank,False,uniform_exact_cost__1536,1536,1536,-0.00011585454922169967,0.0
associative_recall,transformer_publication_20260622T101458Z_associative_recall_seed103,103,rslora,1536,1,soft_dimension,soft_dimension,soft_dimension,True,uniform_exact_cost__1472,1472,1472,2.4194363504600504e-05,0.0
associative_recall,transformer_publication_20260622T101458Z_associative_recall_seed103,103,rslora,1536,1,gradient_norm,gradient_norm,gradient_norm,False,uniform_exact_cost__1536,1536,1536,-0.0008246919023805,0.0
associative_recall,transformer_publication_20260622T101458Z_associative_recall_seed103,103,rslora,1536,1,marginal_gain_edge,marginal_gain_edge,marginal_gain_edge,False,uniform_exact_cost__1536,1536,1536,-0.0014256246504374,0.0
associative_recall,transformer_publication_20260622T101458Z_associative_recall_seed103,103,rslora,1536,1,marginal_gain_soft,marginal_gain_soft,marginal_gain_soft,False,uniform_exact_cost__1536,1536,1536,-0.0014256246504374,0.0
associative_recall,transformer_publication_20260622T101458Z_associative_recall_seed103,103,fixed_update_scale,1536,2,effective_rank,effective_rank,effective_rank,False,uniform_exact_cost__1536,1536,1536,-0.001623653864953699,0.0
associative_recall,transformer_publication_20260622T101458Z_associative_recall_seed103,103,fixed_update_scale,1536,2,soft_dimension,soft_dimension,soft_dimension,True,uniform_exact_cost__1472,1472,1472,-0.0003373583895153994,0.0
associative_recall,transformer_publication_20260622T101458Z_associative_recall_seed103,103,fixed_update_scale,1536,2,gradient_norm,gradient_norm,gradient_norm,False,uniform_exact_cost__1536,1536,1536,-0.0020132716745138992,0.0
associative_recall,transformer_publication_20260622T101458Z_associative_recall_seed103,103,fixed_update_scale,1536,2,marginal_gain_edge,marginal_gain_edge,marginal_gain_edge,False,uniform_exact_cost__1536,1536,1536,-0.0025267490418627997,0.0
associative_recall,transformer_publication_20260622T101458Z_associative_recall_seed103,103,fixed_update_scale,1536,2,marginal_gain_soft,marginal_gain_soft,marginal_gain_soft,False,uniform_exact_cost__1536,1536,1536,-0.0025267490418627997,0.0
associative_recall,transformer_publication_20260622T101458Z_associative_recall_seed103,103,standard,1536,2,effective_rank,effective_rank,effective_rank,False,uniform_exact_cost__1536,1536,1536,-0.0018609124235809005,0.0
associative_recall,transformer_publication_20260622T101458Z_associative_recall_seed103,103,standard,1536,2,soft_dimension,soft_dimension,soft_dimension,True,uniform_exact_cost__1472,1472,1472,-0.0009790786425582995,0.0
associative_recall,transformer_publication_20260622T101458Z_associative_recall_seed103,103,standard,1536,2,gradient_norm,gradient_norm,gradient_norm,False,uniform_exact_cost__1536,1536,1536,-0.0027305266994518003,0.0
associative_recall,transformer_publication_20260622T101458Z_associative_recall_seed103,103,standard,1536,2,marginal_gain_edge,marginal_gain_edge,marginal_gain_edge,False,uniform_exact_cost__1536,1536,1536,-0.0007564916159027001,0.0
associative_recall,transformer_publication_20260622T101458Z_associative_recall_seed103,103,standard,1536,2,marginal_gain_soft,marginal_gain_soft,marginal_gain_soft,False,uniform_exact_cost__1536,1536,1536,-0.0007564916159027001,0.0
associative_recall,transformer_publication_20260622T101458Z_associative_recall_seed103,103,rslora,1536,2,effective_rank,effective_rank,effective_rank,False,uniform_exact_cost__1536,1536,1536,-0.0023208329803311003,0.0
associative_recall,transformer_publication_20260622T101458Z_associative_recall_seed103,103,rslora,1536,2,soft_dimension,soft_dimension,soft_dimension,True,uniform_exact_cost__1472,1472,1472,-0.0004623640561476003,0.0
associative_recall,transformer_publication_20260622T101458Z_associative_recall_seed103,103,rslora,1536,2,gradient_norm,gradient_norm,gradient_norm,False,uniform_exact_cost__1536,1536,1536,-0.0033112256205641,0.0
associative_recall,transformer_publication_20260622T101458Z_associative_recall_seed103,103,rslora,1536,2,marginal_gain_edge,marginal_gain_edge,marginal_gain_edge,False,uniform_exact_cost__1536,1536,1536,-0.0022532598231919006,0.0
associative_recall,transformer_publication_20260622T101458Z_associative_recall_seed103,103,rslora,1536,2,marginal_gain_soft,marginal_gain_soft,marginal_gain_soft,False,uniform_exact_cost__1536,1536,1536,-0.0022532598231919006,0.0
associative_recall,transformer_publication_20260622T101458Z_associative_recall_seed103,103,fixed_update_scale,2048,0,effective_rank,effective_rank,effective_rank,False,uniform_exact_cost__2048,2048,2048,-0.0012814777437597001,0.0
associative_recall,transformer_publication_20260622T101458Z_associative_recall_seed103,103,fixed_update_scale,2048,0,soft_dimension,soft_dimension,soft_dimension,True,uniform_exact_cost__2048,2048,2048,-0.0003730441967491,0.0
associative_recall,transformer_publication_20260622T101458Z_associative_recall_seed103,103,fixed_update_scale,2048,0,gradient_norm,gradient_norm,gradient_norm,False,uniform_exact_cost__2048,2048,2048,-0.0017255450075027,0.0
associative_recall,transformer_publication_20260622T101458Z_associative_recall_seed103,103,fixed_update_scale,2048,0,marginal_gain_edge,marginal_gain_edge,marginal_gain_edge,False,uniform_exact_cost__2048,2048,2048,-0.0014723912463523,0.0
associative_recall,transformer_publication_20260622T101458Z_associative_recall_seed103,103,fixed_update_scale,2048,0,marginal_gain_soft,marginal_gain_soft,marginal_gain_soft,False,uniform_exact_cost__2048,2048,2048,-0.0014723912463523,0.0
associative_recall,transformer_publication_20260622T101458Z_associative_recall_seed103,103,standard,2048,0,effective_rank,effective_rank,effective_rank,False,uniform_exact_cost__2048,2048,2048,5.718783359040004e-05,0.0
associative_recall,transformer_publication_20260622T101458Z_associative_recall_seed103,103,standard,2048,0,soft_dimension,soft_dimension,soft_dimension,True,uniform_exact_cost__2048,2048,2048,-3.459694562480027e-05,0.0
associative_recall,transformer_publication_20260622T101458Z_associative_recall_seed103,103,standard,2048,0,gradient_norm,gradient_norm,gradient_norm,False,uniform_exact_cost__2048,2048,2048,6.646482506769994e-05,0.0
associative_recall,transformer_publication_20260622T101458Z_associative_recall_seed103,103,standard,2048,0,marginal_gain_edge,marginal_gain_edge,marginal_gain_edge,False,uniform_exact_cost__2048,2048,2048,-0.00018518150318410026,0.0
associative_recall,transformer_publication_20260622T101458Z_associative_recall_seed103,103,standard,2048,0,marginal_gain_soft,marginal_gain_soft,marginal_gain_soft,False,uniform_exact_cost__2048,2048,2048,-0.00018518150318410026,0.0
associative_recall,transformer_publication_20260622T101458Z_associative_recall_seed103,103,rslora,2048,0,effective_rank,effective_rank,effective_rank,False,uniform_exact_cost__2048,2048,2048,-0.0005648621299770003,0.0
associative_recall,transformer_publication_20260622T101458Z_associative_recall_seed103,103,rslora,2048,0,soft_dimension,soft_dimension,soft_dimension,True,uniform_exact_cost__2048,2048,2048,-0.0002662491169758002,0.0
associative_recall,transformer_publication_20260622T101458Z_associative_recall_seed103,103,rslora,2048,0,gradient_norm,gradient_norm,gradient_norm,False,uniform_exact_cost__2048,2048,2048,-0.0007711070065852003,0.0
associative_recall,transformer_publication_20260622T101458Z_associative_recall_seed103,103,rslora,2048,0,marginal_gain_edge,marginal_gain_edge,marginal_gain_edge,False,uniform_exact_cost__2048,2048,2048,-0.0008655504207127,0.0
associative_recall,transformer_publication_20260622T101458Z_associative_recall_seed103,103,rslora,2048,0,marginal_gain_soft,marginal_gain_soft,marginal_gain_soft,False,uniform_exact_cost__2048,2048,2048,-0.0008655504207127,0.0
associative_recall,transformer_publication_20260622T101458Z_associative_recall_seed103,103,fixed_update_scale,2048,1,effective_rank,effective_rank,effective_rank,False,uniform_exact_cost__2048,2048,2048,-0.0014619099674745995,0.0
associative_recall,transformer_publication_20260622T101458Z_associative_recall_seed103,103,fixed_update_scale,2048,1,soft_dimension,soft_dimension,soft_dimension,True,uniform_exact_cost__2048,2048,2048,-0.0009175410377792997,0.0
associative_recall,transformer_publication_20260622T101458Z_associative_recall_seed103,103,fixed_update_scale,2048,1,gradient_norm,gradient_norm,gradient_norm,False,uniform_exact_cost__2048,2048,2048,-0.0018400971603113997,0.0
associative_recall,transformer_publication_20260622T101458Z_associative_recall_seed103,103,fixed_update_scale,2048,1,marginal_gain_edge,marginal_gain_edge,marginal_gain_edge,False,uniform_exact_cost__2048,2048,2048,-0.0017325298686045997,0.0
associative_recall,transformer_publication_20260622T101458Z_associative_recall_seed103,103,fixed_update_scale,2048,1,marginal_gain_soft,marginal_gain_soft,marginal_gain_soft,False,uniform_exact_cost__2048,2048,2048,-0.0017325298686045997,0.0
associative_recall,transformer_publication_20260622T101458Z_associative_recall_seed103,103,standard,2048,1,effective_rank,effective_rank,effective_rank,False,uniform_exact_cost__2048,2048,2048,-0.0005709217366529,0.0
associative_recall,transformer_publication_20260622T101458Z_associative_recall_seed103,103,standard,2048,1,soft_dimension,soft_dimension,soft_dimension,True,uniform_exact_cost__2048,2048,2048,0.00020153418881819997,0.0
associative_recall,transformer_publication_20260622T101458Z_associative_recall_seed103,103,standard,2048,1,gradient_norm,gradient_norm,gradient_norm,False,uniform_exact_cost__2048,2048,2048,-0.0007438867760356,0.0
associative_recall,transformer_publication_20260622T101458Z_associative_recall_seed103,103,standard,2048,1,marginal_gain_edge,marginal_gain_edge,marginal_gain_edge,False,uniform_exact_cost__2048,2048,2048,-0.0009097870934056001,0.0
associative_recall,transformer_publication_20260622T101458Z_associative_recall_seed103,103,standard,2048,1,marginal_gain_soft,marginal_gain_soft,marginal_gain_soft,False,uniform_exact_cost__2048,2048,2048,-0.0009097870934056001,0.0
associative_recall,transformer_publication_20260622T101458Z_associative_recall_seed103,103,rslora,2048,1,effective_rank,effective_rank,effective_rank,False,uniform_exact_cost__2048,2048,2048,-0.0009570923284626998,0.0
associative_recall,transformer_publication_20260622T101458Z_associative_recall_seed103,103,rslora,2048,1,soft_dimension,soft_dimension,soft_dimension,True,uniform_exact_cost__2048,2048,2048,-0.0006460847216657999,0.0
associative_recall,transformer_publication_20260622T101458Z_associative_recall_seed103,103,rslora,2048,1,gradient_norm,gradient_norm,gradient_norm,False,uniform_exact_cost__2048,2048,2048,-0.0011626370396698002,0.0
associative_recall,transformer_publication_20260622T101458Z_associative_recall_seed103,103,rslora,2048,1,marginal_gain_edge,marginal_gain_edge,marginal_gain_edge,False,uniform_exact_cost__2048,2048,2048,-0.0011864818661706002,0.0
associative_recall,transformer_publication_20260622T101458Z_associative_recall_seed103,103,rslora,2048,1,marginal_gain_soft,marginal_gain_soft,marginal_gain_soft,False,uniform_exact_cost__2048,2048,2048,-0.0011864818661706002,0.0
associative_recall,transformer_publication_20260622T101458Z_associative_recall_seed103,103,fixed_update_scale,2048,2,effective_rank,effective_rank,effective_rank,False,uniform_exact_cost__2048,2048,2048,-0.0017446193669456997,0.0
associative_recall,transformer_publication_20260622T101458Z_associative_recall_seed103,103,fixed_update_scale,2048,2,soft_dimension,soft_dimension,soft_dimension,True,uniform_exact_cost__2048,2048,2048,-3.577949246390006e-05,0.0
associative_recall,transformer_publication_20260622T101458Z_associative_recall_seed103,103,fixed_update_scale,2048,2,gradient_norm,gradient_norm,gradient_norm,False,uniform_exact_cost__2048,2048,2048,-0.0021615209698212,0.0
associative_recall,transformer_publication_20260622T101458Z_associative_recall_seed103,103,fixed_update_scale,2048,2,marginal_gain_edge,marginal_gain_edge,marginal_gain_edge,False,uniform_exact_cost__2048,2048,2048,-0.0022408498916775,0.0
associative_recall,transformer_publication_20260622T101458Z_associative_recall_seed103,103,fixed_update_scale,2048,2,marginal_gain_soft,marginal_gain_soft,marginal_gain_soft,False,uniform_exact_cost__2048,2048,2048,-0.0022408498916775,0.0
associative_recall,transformer_publication_20260622T101458Z_associative_recall_seed103,103,standard,2048,2,effective_rank,effective_rank,effective_rank,False,uniform_exact_cost__2048,2048,2048,-0.0012674978643189999,0.0
associative_recall,transformer_publication_20260622T101458Z_associative_recall_seed103,103,standard,2048,2,soft_dimension,soft_dimension,soft_dimension,True,uniform_exact_cost__2048,2048,2048,-0.0012861789145971999,0.0
associative_recall,transformer_publication_20260622T101458Z_associative_recall_seed103,103,standard,2048,2,gradient_norm,gradient_norm,gradient_norm,False,uniform_exact_cost__2048,2048,2048,-0.0011095641821157,0.0
associative_recall,transformer_publication_20260622T101458Z_associative_recall_seed103,103,standard,2048,2,marginal_gain_edge,marginal_gain_edge,marginal_gain_edge,False,uniform_exact_cost__2048,2048,2048,-0.0013078974152448998,0.0
associative_recall,transformer_publication_20260622T101458Z_associative_recall_seed103,103,standard,2048,2,marginal_gain_soft,marginal_gain_soft,marginal_gain_soft,False,uniform_exact_cost__2048,2048,2048,-0.0013078974152448998,0.0
associative_recall,transformer_publication_20260622T101458Z_associative_recall_seed103,103,rslora,2048,2,effective_rank,effective_rank,effective_rank,False,uniform_exact_cost__2048,2048,2048,-0.0015354743809439003,0.0
associative_recall,transformer_publication_20260622T101458Z_associative_recall_seed103,103,rslora,2048,2,soft_dimension,soft_dimension,soft_dimension,True,uniform_exact_cost__2048,2048,2048,-0.0007405595679302003,0.0
associative_recall,transformer_publication_20260622T101458Z_associative_recall_seed103,103,rslora,2048,2,gradient_norm,gradient_norm,gradient_norm,False,uniform_exact_cost__2048,2048,2048,-0.0014848472783342004,0.0
associative_recall,transformer_publication_20260622T101458Z_associative_recall_seed103,103,rslora,2048,2,marginal_gain_edge,marginal_gain_edge,marginal_gain_edge,False,uniform_exact_cost__2048,2048,2048,-0.0018709394207690002,0.0
associative_recall,transformer_publication_20260622T101458Z_associative_recall_seed103,103,rslora,2048,2,marginal_gain_soft,marginal_gain_soft,marginal_gain_soft,False,uniform_exact_cost__2048,2048,2048,-0.0018709394207690002,0.0
associative_recall,transformer_publication_20260622T101458Z_associative_recall_seed103,103,fixed_update_scale,3072,0,effective_rank,effective_rank,effective_rank,False,uniform_exact_cost__3072,3072,3072,9.222031803800008e-05,0.0
associative_recall,transformer_publication_20260622T101458Z_associative_recall_seed103,103,fixed_update_scale,3072,0,soft_dimension,soft_dimension,soft_dimension,True,uniform_exact_cost__3072,3072,3072,0.00010184029815709988,0.0
associative_recall,transformer_publication_20260622T101458Z_associative_recall_seed103,103,fixed_update_scale,3072,0,gradient_norm,gradient_norm,gradient_norm,False,uniform_exact_cost__3072,3072,3072,-0.0003761340194614999,0.0
associative_recall,transformer_publication_20260622T101458Z_associative_recall_seed103,103,fixed_update_scale,3072,0,marginal_gain_edge,marginal_gain_edge,marginal_gain_edge,False,uniform_exact_cost__3072,3072,3072,-0.00027645655791279995,0.0
associative_recall,transformer_publication_20260622T101458Z_associative_recall_seed103,103,fixed_update_scale,3072,0,marginal_gain_soft,marginal_gain_soft,marginal_gain_soft,False,uniform_exact_cost__3072,3072,3072,-0.00027645655791279995,0.0
associative_recall,transformer_publication_20260622T101458Z_associative_recall_seed103,103,standard,3072,0,effective_rank,effective_rank,effective_rank,False,uniform_exact_cost__3072,3072,3072,-0.00033896433888,0.0
associative_recall,transformer_publication_20260622T101458Z_associative_recall_seed103,103,standard,3072,0,soft_dimension,soft_dimension,soft_dimension,True,uniform_exact_cost__3072,3072,3072,-0.00012779425014739984,0.0
associative_recall,transformer_publication_20260622T101458Z_associative_recall_seed103,103,standard,3072,0,gradient_norm,gradient_norm,gradient_norm,False,uniform_exact_cost__3072,3072,3072,-0.0005099307454655999,0.0
associative_recall,transformer_publication_20260622T101458Z_associative_recall_seed103,103,standard,3072,0,marginal_gain_edge,marginal_gain_edge,marginal_gain_edge,False,uniform_exact_cost__3072,3072,3072,-0.00035111208853769995,0.0
associative_recall,transformer_publication_20260622T101458Z_associative_recall_seed103,103,standard,3072,0,marginal_gain_soft,marginal_gain_soft,marginal_gain_soft,False,uniform_exact_cost__3072,3072,3072,-0.00035111208853769995,0.0
associative_recall,transformer_publication_20260622T101458Z_associative_recall_seed103,103,rslora,3072,0,effective_rank,effective_rank,effective_rank,False,uniform_exact_cost__3072,3072,3072,-0.00017220608424389989,0.0
associative_recall,transformer_publication_20260622T101458Z_associative_recall_seed103,103,rslora,3072,0,soft_dimension,soft_dimension,soft_dimension,True,uniform_exact_cost__3072,3072,3072,4.162473487700049e-06,0.0
associative_recall,transformer_publication_20260622T101458Z_associative_recall_seed103,103,rslora,3072,0,gradient_norm,gradient_norm,gradient_norm,False,uniform_exact_cost__3072,3072,3072,-0.0003885461774188999,0.0
associative_recall,transformer_publication_20260622T101458Z_associative_recall_seed103,103,rslora,3072,0,marginal_gain_edge,marginal_gain_edge,marginal_gain_edge,False,uniform_exact_cost__3072,3072,3072,-0.00027029898774340007,0.0
associative_recall,transformer_publication_20260622T101458Z_associative_recall_seed103,103,rslora,3072,0,marginal_gain_soft,marginal_gain_soft,marginal_gain_soft,False,uniform_exact_cost__3072,3072,3072,-0.00027029898774340007,0.0
associative_recall,transformer_publication_20260622T101458Z_associative_recall_seed103,103,fixed_update_scale,3072,1,effective_rank,effective_rank,effective_rank,False,uniform_exact_cost__3072,3072,3072,-0.00025555389584040007,0.0
associative_recall,transformer_publication_20260622T101458Z_associative_recall_seed103,103,fixed_update_scale,3072,1,soft_dimension,soft_dimension,soft_dimension,True,uniform_exact_cost__3072,3072,3072,0.00010485692473599997,0.0
associative_recall,transformer_publication_20260622T101458Z_associative_recall_seed103,103,fixed_update_scale,3072,1,gradient_norm,gradient_norm,gradient_norm,False,uniform_exact_cost__3072,3072,3072,-0.0004995146737201001,0.0
associative_recall,transformer_publication_20260622T101458Z_associative_recall_seed103,103,fixed_update_scale,3072,1,marginal_gain_edge,marginal_gain_edge,marginal_gain_edge,False,uniform_exact_cost__3072,3072,3072,-0.0003853530797641,0.0
associative_recall,transformer_publication_20260622T101458Z_associative_recall_seed103,103,fixed_update_scale,3072,1,marginal_gain_soft,marginal_gain_soft,marginal_gain_soft,False,uniform_exact_cost__3072,3072,3072,-0.0003853530797641,0.0
associative_recall,transformer_publication_20260622T101458Z_associative_recall_seed103,103,standard,3072,1,effective_rank,effective_rank,effective_rank,False,uniform_exact_cost__3072,3072,3072,-0.00038614570803469995,0.0
associative_recall,transformer_publication_20260622T101458Z_associative_recall_seed103,103,standard,3072,1,soft_dimension,soft_dimension,soft_dimension,True,uniform_exact_cost__3072,3072,3072,-0.00023664358013769995,0.0
associative_recall,transformer_publication_20260622T101458Z_associative_recall_seed103,103,standard,3072,1,gradient_norm,gradient_norm,gradient_norm,False,uniform_exact_cost__3072,3072,3072,-0.00045944142038929986,0.0
associative_recall,transformer_publication_20260622T101458Z_associative_recall_seed103,103,standard,3072,1,marginal_gain_edge,marginal_gain_edge,marginal_gain_edge,False,uniform_exact_cost__3072,3072,3072,-0.00016171669994949995,0.0
associative_recall,transformer_publication_20260622T101458Z_associative_recall_seed103,103,standard,3072,1,marginal_gain_soft,marginal_gain_soft,marginal_gain_soft,False,uniform_exact_cost__3072,3072,3072,-0.00016171669994949995,0.0
associative_recall,transformer_publication_20260622T101458Z_associative_recall_seed103,103,rslora,3072,1,effective_rank,effective_rank,effective_rank,False,uniform_exact_cost__3072,3072,3072,-0.0003704080445459,0.0
associative_recall,transformer_publication_20260622T101458Z_associative_recall_seed103,103,rslora,3072,1,soft_dimension,soft_dimension,soft_dimension,True,uniform_exact_cost__3072,3072,3072,-1.800624886499902e-06,0.0
associative_recall,transformer_publication_20260622T101458Z_associative_recall_seed103,103,rslora,3072,1,gradient_norm,gradient_norm,gradient_norm,False,uniform_exact_cost__3072,3072,3072,-0.00041439778578940007,0.0
associative_recall,transformer_publication_20260622T101458Z_associative_recall_seed103,103,rslora,3072,1,marginal_gain_edge,marginal_gain_edge,marginal_gain_edge,False,uniform_exact_cost__3072,3072,3072,-0.0002221687755082,0.0
associative_recall,transformer_publication_20260622T101458Z_associative_recall_seed103,103,rslora,3072,1,marginal_gain_soft,marginal_gain_soft,marginal_gain_soft,False,uniform_exact_cost__3072,3072,3072,-0.0002221687755082,0.0
associative_recall,transformer_publication_20260622T101458Z_associative_recall_seed103,103,fixed_update_scale,3072,2,effective_rank,effective_rank,effective_rank,False,uniform_exact_cost__3072,3072,3072,0.00017947709420699978,0.0
associative_recall,transformer_publication_20260622T101458Z_associative_recall_seed103,103,fixed_update_scale,3072,2,soft_dimension,soft_dimension,soft_dimension,True,uniform_exact_cost__3072,3072,3072,-6.224538083190014e-05,0.0
associative_recall,transformer_publication_20260622T101458Z_associative_recall_seed103,103,fixed_update_scale,3072,2,gradient_norm,gradient_norm,gradient_norm,False,uniform_exact_cost__3072,3072,3072,-0.00038239583955150015,0.0
associative_recall,transformer_publication_20260622T101458Z_associative_recall_seed103,103,fixed_update_scale,3072,2,marginal_gain_edge,marginal_gain_edge,marginal_gain_edge,False,uniform_exact_cost__3072,3072,3072,-0.0006822029536124,0.0
associative_recall,transformer_publication_20260622T101458Z_associative_recall_seed103,103,fixed_update_scale,3072,2,marginal_gain_soft,marginal_gain_soft,marginal_gain_soft,False,uniform_exact_cost__3072,3072,3072,-0.0006822029536124,0.0
associative_recall,transformer_publication_20260622T101458Z_associative_recall_seed103,103,standard,3072,2,effective_rank,effective_rank,effective_rank,False,uniform_exact_cost__3072,3072,3072,-0.00038717998540960014,0.0
associative_recall,transformer_publication_20260622T101458Z_associative_recall_seed103,103,standard,3072,2,soft_dimension,soft_dimension,soft_dimension,True,uniform_exact_cost__3072,3072,3072,-8.463977428610015e-05,0.0
associative_recall,transformer_publication_20260622T101458Z_associative_recall_seed103,103,standard,3072,2,gradient_norm,gradient_norm,gradient_norm,False,uniform_exact_cost__3072,3072,3072,-0.0005743309884565001,0.0
associative_recall,transformer_publication_20260622T101458Z_associative_recall_seed103,103,standard,3072,2,marginal_gain_edge,marginal_gain_edge,marginal_gain_edge,False,uniform_exact_cost__3072,3072,3072,-0.00043894970440300023,0.0
associative_recall,transformer_publication_20260622T101458Z_associative_recall_seed103,103,standard,3072,2,marginal_gain_soft,marginal_gain_soft,marginal_gain_soft,False,uniform_exact_cost__3072,3072,3072,-0.00043894970440300023,0.0
associative_recall,transformer_publication_20260622T101458Z_associative_recall_seed103,103,rslora,3072,2,effective_rank,effective_rank,effective_rank,False,uniform_exact_cost__3072,3072,3072,-0.00016894922009670025,0.0
associative_recall,transformer_publication_20260622T101458Z_associative_recall_seed103,103,rslora,3072,2,soft_dimension,soft_dimension,soft_dimension,True,uniform_exact_cost__3072,3072,3072,-0.00040373338561040025,0.0
associative_recall,transformer_publication_20260622T101458Z_associative_recall_seed103,103,rslora,3072,2,gradient_norm,gradient_norm,gradient_norm,False,uniform_exact_cost__3072,3072,3072,-0.0005927996971877001,0.0
associative_recall,transformer_publication_20260622T101458Z_associative_recall_seed103,103,rslora,3072,2,marginal_gain_edge,marginal_gain_edge,marginal_gain_edge,False,uniform_exact_cost__3072,3072,3072,-0.0005453142657643002,0.0
associative_recall,transformer_publication_20260622T101458Z_associative_recall_seed103,103,rslora,3072,2,marginal_gain_soft,marginal_gain_soft,marginal_gain_soft,False,uniform_exact_cost__3072,3072,3072,-0.0005453142657643002,0.0
associative_recall,transformer_publication_20260622T101458Z_associative_recall_seed103,103,fixed_update_scale,4096,0,effective_rank,effective_rank,effective_rank,False,uniform_exact_cost__4096,4096,4096,-0.0004576220089803,0.0
associative_recall,transformer_publication_20260622T101458Z_associative_recall_seed103,103,fixed_update_scale,4096,0,soft_dimension,soft_dimension,soft_dimension,True,uniform_exact_cost__4096,4096,4096,-0.0004040748754051001,0.0
associative_recall,transformer_publication_20260622T101458Z_associative_recall_seed103,103,fixed_update_scale,4096,0,gradient_norm,gradient_norm,gradient_norm,False,uniform_exact_cost__4096,4096,4096,-0.000510369805852,0.0
associative_recall,transformer_publication_20260622T101458Z_associative_recall_seed103,103,fixed_update_scale,4096,0,marginal_gain_edge,marginal_gain_edge,marginal_gain_edge,False,uniform_exact_cost__4096,4096,4096,-0.00042050646152350015,0.0
associative_recall,transformer_publication_20260622T101458Z_associative_recall_seed103,103,fixed_update_scale,4096,0,marginal_gain_soft,marginal_gain_soft,marginal_gain_soft,False,uniform_exact_cost__4096,4096,4096,-0.0003603063814808,0.0
associative_recall,transformer_publication_20260622T101458Z_associative_recall_seed103,103,standard,4096,0,effective_rank,effective_rank,effective_rank,False,uniform_exact_cost__4096,4096,4096,-0.00018127598013960007,0.0
associative_recall,transformer_publication_20260622T101458Z_associative_recall_seed103,103,standard,4096,0,soft_dimension,soft_dimension,soft_dimension,True,uniform_exact_cost__4096,4096,4096,-6.753123307130012e-05,0.0
associative_recall,transformer_publication_20260622T101458Z_associative_recall_seed103,103,standard,4096,0,gradient_norm,gradient_norm,gradient_norm,False,uniform_exact_cost__4096,4096,4096,-0.00014738665777260006,0.0
associative_recall,transformer_publication_20260622T101458Z_associative_recall_seed103,103,standard,4096,0,marginal_gain_edge,marginal_gain_edge,marginal_gain_edge,False,uniform_exact_cost__4096,4096,4096,3.150233533239996e-05,0.0
associative_recall,transformer_publication_20260622T101458Z_associative_recall_seed103,103,standard,4096,0,marginal_gain_soft,marginal_gain_soft,marginal_gain_soft,False,uniform_exact_cost__4096,4096,4096,7.398905290759996e-05,0.0
associative_recall,transformer_publication_20260622T101458Z_associative_recall_seed103,103,rslora,4096,0,effective_rank,effective_rank,effective_rank,False,uniform_exact_cost__4096,4096,4096,-0.0003081259783357,0.0
associative_recall,transformer_publication_20260622T101458Z_associative_recall_seed103,103,rslora,4096,0,soft_dimension,soft_dimension,soft_dimension,True,uniform_exact_cost__4096,4096,4096,-0.0001259173877770001,0.0
associative_recall,transformer_publication_20260622T101458Z_associative_recall_seed103,103,rslora,4096,0,gradient_norm,gradient_norm,gradient_norm,False,uniform_exact_cost__4096,4096,4096,-0.0002691065892577,0.0
associative_recall,transformer_publication_20260622T101458Z_associative_recall_seed103,103,rslora,4096,0,marginal_gain_edge,marginal_gain_edge,marginal_gain_edge,False,uniform_exact_cost__4096,4096,4096,-0.0001008016552078001,0.0
associative_recall,transformer_publication_20260622T101458Z_associative_recall_seed103,103,rslora,4096,0,marginal_gain_soft,marginal_gain_soft,marginal_gain_soft,False,uniform_exact_cost__4096,4096,4096,-5.162290472070013e-05,0.0
associative_recall,transformer_publication_20260622T101458Z_associative_recall_seed103,103,fixed_update_scale,4096,1,effective_rank,effective_rank,effective_rank,False,uniform_exact_cost__4096,4096,4096,-0.0005888260493520999,0.0
associative_recall,transformer_publication_20260622T101458Z_associative_recall_seed103,103,fixed_update_scale,4096,1,soft_dimension,soft_dimension,soft_dimension,True,uniform_exact_cost__4096,4096,4096,-0.0005322942743077998,0.0
associative_recall,transformer_publication_20260622T101458Z_associative_recall_seed103,103,fixed_update_scale,4096,1,gradient_norm,gradient_norm,gradient_norm,False,uniform_exact_cost__4096,4096,4096,-0.0006734410417265999,0.0
associative_recall,transformer_publication_20260622T101458Z_associative_recall_seed103,103,fixed_update_scale,4096,1,marginal_gain_edge,marginal_gain_edge,marginal_gain_edge,False,uniform_exact_cost__4096,4096,4096,-0.0006053736287868,0.0
associative_recall,transformer_publication_20260622T101458Z_associative_recall_seed103,103,fixed_update_scale,4096,1,marginal_gain_soft,marginal_gain_soft,marginal_gain_soft,False,uniform_exact_cost__4096,4096,4096,-0.0001868947874754999,0.0
associative_recall,transformer_publication_20260622T101458Z_associative_recall_seed103,103,standard,4096,1,effective_rank,effective_rank,effective_rank,False,uniform_exact_cost__4096,4096,4096,-0.0001938538480316999,0.0
associative_recall,transformer_publication_20260622T101458Z_associative_recall_seed103,103,standard,4096,1,soft_dimension,soft_dimension,soft_dimension,True,uniform_exact_cost__4096,4096,4096,-0.00021992561232769998,0.0
associative_recall,transformer_publication_20260622T101458Z_associative_recall_seed103,103,standard,4096,1,gradient_norm,gradient_norm,gradient_norm,False,uniform_exact_cost__4096,4096,4096,-4.8069632612200014e-05,0.0
associative_recall,transformer_publication_20260622T101458Z_associative_recall_seed103,103,standard,4096,1,marginal_gain_edge,marginal_gain_edge,marginal_gain_edge,False,uniform_exact_cost__4096,4096,4096,0.00018764534615910004,0.0
associative_recall,transformer_publication_20260622T101458Z_associative_recall_seed103,103,standard,4096,1,marginal_gain_soft,marginal_gain_soft,marginal_gain_soft,False,uniform_exact_cost__4096,4096,4096,0.0006608065159526,0.0
associative_recall,transformer_publication_20260622T101458Z_associative_recall_seed103,103,rslora,4096,1,effective_rank,effective_rank,effective_rank,False,uniform_exact_cost__4096,4096,4096,-7.604139682369998e-05,0.0
associative_recall,transformer_publication_20260622T101458Z_associative_recall_seed103,103,rslora,4096,1,soft_dimension,soft_dimension,soft_dimension,True,uniform_exact_cost__4096,4096,4096,-6.499882147180001e-05,0.0
associative_recall,transformer_publication_20260622T101458Z_associative_recall_seed103,103,rslora,4096,1,gradient_norm,gradient_norm,gradient_norm,False,uniform_exact_cost__4096,4096,4096,-8.025702845769998e-05,0.0
associative_recall,transformer_publication_20260622T101458Z_associative_recall_seed103,103,rslora,4096,1,marginal_gain_edge,marginal_gain_edge,marginal_gain_edge,False,uniform_exact_cost__4096,4096,4096,0.00010665228182910004,0.0
associative_recall,transformer_publication_20260622T101458Z_associative_recall_seed103,103,rslora,4096,1,marginal_gain_soft,marginal_gain_soft,marginal_gain_soft,False,uniform_exact_cost__4096,4096,4096,0.00046597138862120003,0.0
associative_recall,transformer_publication_20260622T101458Z_associative_recall_seed103,103,fixed_update_scale,4096,2,effective_rank,effective_rank,effective_rank,False,uniform_exact_cost__4096,4096,4096,-0.00014994703815319988,0.0
associative_recall,transformer_publication_20260622T101458Z_associative_recall_seed103,103,fixed_update_scale,4096,2,soft_dimension,soft_dimension,soft_dimension,True,uniform_exact_cost__4096,4096,4096,-9.456249244979998e-05,0.0
associative_recall,transformer_publication_20260622T101458Z_associative_recall_seed103,103,fixed_update_scale,4096,2,gradient_norm,gradient_norm,gradient_norm,False,uniform_exact_cost__4096,4096,4096,-0.00027778510411740004,0.0
associative_recall,transformer_publication_20260622T101458Z_associative_recall_seed103,103,fixed_update_scale,4096,2,marginal_gain_edge,marginal_gain_edge,marginal_gain_edge,False,uniform_exact_cost__4096,4096,4096,-0.00028633893816730005,0.0
associative_recall,transformer_publication_20260622T101458Z_associative_recall_seed103,103,fixed_update_scale,4096,2,marginal_gain_soft,marginal_gain_soft,marginal_gain_soft,False,uniform_exact_cost__4096,4096,4096,-0.0002371247537666999,0.0
associative_recall,transformer_publication_20260622T101458Z_associative_recall_seed103,103,standard,4096,2,effective_rank,effective_rank,effective_rank,False,uniform_exact_cost__4096,4096,4096,4.639630787999817e-06,0.0
associative_recall,transformer_publication_20260622T101458Z_associative_recall_seed103,103,standard,4096,2,soft_dimension,soft_dimension,soft_dimension,True,uniform_exact_cost__4096,4096,4096,2.2901978809399936e-05,0.0
associative_recall,transformer_publication_20260622T101458Z_associative_recall_seed103,103,standard,4096,2,gradient_norm,gradient_norm,gradient_norm,False,uniform_exact_cost__4096,4096,4096,-1.1988129699600121e-05,0.0
associative_recall,transformer_publication_20260622T101458Z_associative_recall_seed103,103,standard,4096,2,marginal_gain_edge,marginal_gain_edge,marginal_gain_edge,False,uniform_exact_cost__4096,4096,4096,6.278000364549983e-05,0.0
associative_recall,transformer_publication_20260622T101458Z_associative_recall_seed103,103,standard,4096,2,marginal_gain_soft,marginal_gain_soft,marginal_gain_soft,False,uniform_exact_cost__4096,4096,4096,0.0002085914456984,0.0
associative_recall,transformer_publication_20260622T101458Z_associative_recall_seed103,103,rslora,4096,2,effective_rank,effective_rank,effective_rank,False,uniform_exact_cost__4096,4096,4096,-0.0001019361661748,0.0
associative_recall,transformer_publication_20260622T101458Z_associative_recall_seed103,103,rslora,4096,2,soft_dimension,soft_dimension,soft_dimension,True,uniform_exact_cost__4096,4096,4096,-4.910001007379992e-05,0.0
associative_recall,transformer_publication_20260622T101458Z_associative_recall_seed103,103,rslora,4096,2,gradient_norm,gradient_norm,gradient_norm,False,uniform_exact_cost__4096,4096,4096,-0.00017087609739979996,0.0
associative_recall,transformer_publication_20260622T101458Z_associative_recall_seed103,103,rslora,4096,2,marginal_gain_edge,marginal_gain_edge,marginal_gain_edge,False,uniform_exact_cost__4096,4096,4096,-9.021844016389989e-05,0.0
associative_recall,transformer_publication_20260622T101458Z_associative_recall_seed103,103,rslora,4096,2,marginal_gain_soft,marginal_gain_soft,marginal_gain_soft,False,uniform_exact_cost__4096,4096,4096,-3.5306220524999876e-05,0.0
associative_recall,transformer_publication_20260622T101458Z_associative_recall_seed103,103,fixed_update_scale,6144,0,effective_rank,effective_rank,effective_rank,False,uniform_exact_cost__6144,6144,6144,-0.00022397276188710008,0.0
associative_recall,transformer_publication_20260622T101458Z_associative_recall_seed103,103,fixed_update_scale,6144,0,soft_dimension,soft_dimension,soft_dimension,True,uniform_exact_cost__6144,6144,6144,-0.00017287163063880008,0.0
associative_recall,transformer_publication_20260622T101458Z_associative_recall_seed103,103,fixed_update_scale,6144,0,gradient_norm,gradient_norm,gradient_norm,False,uniform_exact_cost__6144,6144,6144,-0.0002457128939568,0.0
associative_recall,transformer_publication_20260622T101458Z_associative_recall_seed103,103,fixed_update_scale,6144,0,marginal_gain_edge,marginal_gain_edge,marginal_gain_edge,False,uniform_exact_cost__6144,6144,6144,-0.0002343234955333001,0.0
associative_recall,transformer_publication_20260622T101458Z_associative_recall_seed103,103,fixed_update_scale,6144,0,marginal_gain_soft,marginal_gain_soft,marginal_gain_soft,False,uniform_exact_cost__6144,6144,6144,-0.00023708689695920002,0.0
associative_recall,transformer_publication_20260622T101458Z_associative_recall_seed103,103,standard,6144,0,effective_rank,effective_rank,effective_rank,False,uniform_exact_cost__6144,6144,6144,-3.5452256270300064e-05,0.0
associative_recall,transformer_publication_20260622T101458Z_associative_recall_seed103,103,standard,6144,0,soft_dimension,soft_dimension,soft_dimension,True,uniform_exact_cost__6144,6144,6144,-4.2143277824000045e-05,0.0
associative_recall,transformer_publication_20260622T101458Z_associative_recall_seed103,103,standard,6144,0,gradient_norm,gradient_norm,gradient_norm,False,uniform_exact_cost__6144,6144,6144,-8.06105526870006e-06,0.0
associative_recall,transformer_publication_20260622T101458Z_associative_recall_seed103,103,standard,6144,0,marginal_gain_edge,marginal_gain_edge,marginal_gain_edge,False,uniform_exact_cost__6144,6144,6144,4.755696863799905e-06,0.0
associative_recall,transformer_publication_20260622T101458Z_associative_recall_seed103,103,standard,6144,0,marginal_gain_soft,marginal_gain_soft,marginal_gain_soft,False,uniform_exact_cost__6144,6144,6144,0.00017435906920579985,0.0
associative_recall,transformer_publication_20260622T101458Z_associative_recall_seed103,103,rslora,6144,0,effective_rank,effective_rank,effective_rank,False,uniform_exact_cost__6144,6144,6144,-0.0001242353173438,0.0
associative_recall,transformer_publication_20260622T101458Z_associative_recall_seed103,103,rslora,6144,0,soft_dimension,soft_dimension,soft_dimension,True,uniform_exact_cost__6144,6144,6144,-0.0001001558703137,0.0
associative_recall,transformer_publication_20260622T101458Z_associative_recall_seed103,103,rslora,6144,0,gradient_norm,gradient_norm,gradient_norm,False,uniform_exact_cost__6144,6144,6144,-0.0001033292282955,0.0
associative_recall,transformer_publication_20260622T101458Z_associative_recall_seed103,103,rslora,6144,0,marginal_gain_edge,marginal_gain_edge,marginal_gain_edge,False,uniform_exact_cost__6144,6144,6144,-7.468590774800004e-05,0.0
associative_recall,transformer_publication_20260622T101458Z_associative_recall_seed103,103,rslora,6144,0,marginal_gain_soft,marginal_gain_soft,marginal_gain_soft,False,uniform_exact_cost__6144,6144,6144,-3.7331061321299965e-05,0.0
associative_recall,transformer_publication_20260622T101458Z_associative_recall_seed103,103,fixed_update_scale,6144,1,effective_rank,effective_rank,effective_rank,False,uniform_exact_cost__6144,6144,6144,-3.3087417250000396e-07,0.0
associative_recall,transformer_publication_20260622T101458Z_associative_recall_seed103,103,fixed_update_scale,6144,1,soft_dimension,soft_dimension,soft_dimension,True,uniform_exact_cost__6144,6144,6144,-2.486096491339997e-05,0.0
associative_recall,transformer_publication_20260622T101458Z_associative_recall_seed103,103,fixed_update_scale,6144,1,gradient_norm,gradient_norm,gradient_norm,False,uniform_exact_cost__6144,6144,6144,-0.00011735223961299994,0.0
associative_recall,transformer_publication_20260622T101458Z_associative_recall_seed103,103,fixed_update_scale,6144,1,marginal_gain_edge,marginal_gain_edge,marginal_gain_edge,False,uniform_exact_cost__6144,6144,6144,-8.612433884989999e-05,0.0
associative_recall,transformer_publication_20260622T101458Z_associative_recall_seed103,103,fixed_update_scale,6144,1,marginal_gain_soft,marginal_gain_soft,marginal_gain_soft,False,uniform_exact_cost__6144,6144,6144,-4.597310908139999e-05,0.0
associative_recall,transformer_publication_20260622T101458Z_associative_recall_seed103,103,standard,6144,1,effective_rank,effective_rank,effective_rank,False,uniform_exact_cost__6144,6144,6144,-0.00012899148714500008,0.0
associative_recall,transformer_publication_20260622T101458Z_associative_recall_seed103,103,standard,6144,1,soft_dimension,soft_dimension,soft_dimension,True,uniform_exact_cost__6144,6144,6144,-0.00015433871885760003,0.0
associative_recall,transformer_publication_20260622T101458Z_associative_recall_seed103,103,standard,6144,1,gradient_norm,gradient_norm,gradient_norm,False,uniform_exact_cost__6144,6144,6144,-0.0001547239808133001,0.0
associative_recall,transformer_publication_20260622T101458Z_associative_recall_seed103,103,standard,6144,1,marginal_gain_edge,marginal_gain_edge,marginal_gain_edge,False,uniform_exact_cost__6144,6144,6144,-0.00013997656787980003,0.0
associative_recall,transformer_publication_20260622T101458Z_associative_recall_seed103,103,standard,6144,1,marginal_gain_soft,marginal_gain_soft,marginal_gain_soft,False,uniform_exact_cost__6144,6144,6144,5.822084494869987e-05,0.0
associative_recall,transformer_publication_20260622T101458Z_associative_recall_seed103,103,rslora,6144,1,effective_rank,effective_rank,effective_rank,False,uniform_exact_cost__6144,6144,6144,-0.00010996151831930002,0.0
associative_recall,transformer_publication_20260622T101458Z_associative_recall_seed103,103,rslora,6144,1,soft_dimension,soft_dimension,soft_dimension,True,uniform_exact_cost__6144,6144,6144,-9.084169869310005e-05,0.0
associative_recall,transformer_publication_20260622T101458Z_associative_recall_seed103,103,rslora,6144,1,gradient_norm,gradient_norm,gradient_norm,False,uniform_exact_cost__6144,6144,6144,-0.00012333159975240005,0.0
associative_recall,transformer_publication_20260622T101458Z_associative_recall_seed103,103,rslora,6144,1,marginal_gain_edge,marginal_gain_edge,marginal_gain_edge,False,uniform_exact_cost__6144,6144,6144,-0.00012424871965769995,0.0
associative_recall,transformer_publication_20260622T101458Z_associative_recall_seed103,103,rslora,6144,1,marginal_gain_soft,marginal_gain_soft,marginal_gain_soft,False,uniform_exact_cost__6144,6144,6144,-4.986734711560003e-05,0.0
associative_recall,transformer_publication_20260622T101458Z_associative_recall_seed103,103,fixed_update_scale,6144,2,effective_rank,effective_rank,effective_rank,False,uniform_exact_cost__6144,6144,6144,-9.17589495657e-05,0.0
associative_recall,transformer_publication_20260622T101458Z_associative_recall_seed103,103,fixed_update_scale,6144,2,soft_dimension,soft_dimension,soft_dimension,True,uniform_exact_cost__6144,6144,6144,-5.546329339259999e-05,0.0
associative_recall,transformer_publication_20260622T101458Z_associative_recall_seed103,103,fixed_update_scale,6144,2,gradient_norm,gradient_norm,gradient_norm,False,uniform_exact_cost__6144,6144,6144,-7.352913235079994e-05,0.0
associative_recall,transformer_publication_20260622T101458Z_associative_recall_seed103,103,fixed_update_scale,6144,2,marginal_gain_edge,marginal_gain_edge,marginal_gain_edge,False,uniform_exact_cost__6144,6144,6144,-6.552394916069996e-05,0.0
associative_recall,transformer_publication_20260622T101458Z_associative_recall_seed103,103,fixed_update_scale,6144,2,marginal_gain_soft,marginal_gain_soft,marginal_gain_soft,False,uniform_exact_cost__6144,6144,6144,-0.0001649157857173,0.0
associative_recall,transformer_publication_20260622T101458Z_associative_recall_seed103,103,standard,6144,2,effective_rank,effective_rank,effective_rank,False,uniform_exact_cost__6144,6144,6144,-0.00010885266237899995,0.0
associative_recall,transformer_publication_20260622T101458Z_associative_recall_seed103,103,standard,6144,2,soft_dimension,soft_dimension,soft_dimension,True,uniform_exact_cost__6144,6144,6144,-4.902838554699993e-05,0.0
associative_recall,transformer_publication_20260622T101458Z_associative_recall_seed103,103,standard,6144,2,gradient_norm,gradient_norm,gradient_norm,False,uniform_exact_cost__6144,6144,6144,-3.9618040318599966e-05,0.0
associative_recall,transformer_publication_20260622T101458Z_associative_recall_seed103,103,standard,6144,2,marginal_gain_edge,marginal_gain_edge,marginal_gain_edge,False,uniform_exact_cost__6144,6144,6144,-0.00010516277689029993,0.0
associative_recall,transformer_publication_20260622T101458Z_associative_recall_seed103,103,standard,6144,2,marginal_gain_soft,marginal_gain_soft,marginal_gain_soft,False,uniform_exact_cost__6144,6144,6144,3.914104308929995e-05,0.0
associative_recall,transformer_publication_20260622T101458Z_associative_recall_seed103,103,rslora,6144,2,effective_rank,effective_rank,effective_rank,False,uniform_exact_cost__6144,6144,6144,-0.00013298624980959996,0.0
associative_recall,transformer_publication_20260622T101458Z_associative_recall_seed103,103,rslora,6144,2,soft_dimension,soft_dimension,soft_dimension,True,uniform_exact_cost__6144,6144,6144,-9.602716454540003e-05,0.0
associative_recall,transformer_publication_20260622T101458Z_associative_recall_seed103,103,rslora,6144,2,gradient_norm,gradient_norm,gradient_norm,False,uniform_exact_cost__6144,6144,6144,-0.00011290985275990003,0.0
associative_recall,transformer_publication_20260622T101458Z_associative_recall_seed103,103,rslora,6144,2,marginal_gain_edge,marginal_gain_edge,marginal_gain_edge,False,uniform_exact_cost__6144,6144,6144,-0.00010710493370429998,0.0
associative_recall,transformer_publication_20260622T101458Z_associative_recall_seed103,103,rslora,6144,2,marginal_gain_soft,marginal_gain_soft,marginal_gain_soft,False,uniform_exact_cost__6144,6144,6144,-8.213528781200003e-05,0.0
associative_recall,transformer_publication_20260622T101458Z_associative_recall_seed107,107,fixed_update_scale,512,0,effective_rank,effective_rank,effective_rank,False,uniform_exact_cost__512,512,512,0.43353722617030144,-0.2607421875
associative_recall,transformer_publication_20260622T101458Z_associative_recall_seed107,107,fixed_update_scale,512,0,soft_dimension,soft_dimension,soft_dimension,True,uniform_exact_cost__512,512,512,0.43353722617030144,-0.2607421875
associative_recall,transformer_publication_20260622T101458Z_associative_recall_seed107,107,fixed_update_scale,512,0,gradient_norm,gradient_norm,gradient_norm,False,uniform_exact_cost__512,512,512,0.006062306463718414,0.0
associative_recall,transformer_publication_20260622T101458Z_associative_recall_seed107,107,fixed_update_scale,512,0,marginal_gain_edge,marginal_gain_edge,marginal_gain_edge,False,uniform_exact_cost__512,512,512,0.047114316374063436,-0.0009765625
associative_recall,transformer_publication_20260622T101458Z_associative_recall_seed107,107,fixed_update_scale,512,0,marginal_gain_soft,marginal_gain_soft,marginal_gain_soft,False,uniform_exact_cost__512,512,512,0.047114316374063436,-0.0009765625
associative_recall,transformer_publication_20260622T101458Z_associative_recall_seed107,107,standard,512,0,effective_rank,effective_rank,effective_rank,False,uniform_exact_cost__512,512,512,0.2847292460501194,-0.0029296875
associative_recall,transformer_publication_20260622T101458Z_associative_recall_seed107,107,standard,512,0,soft_dimension,soft_dimension,soft_dimension,True,uniform_exact_cost__512,512,512,0.2847292460501194,-0.0029296875
associative_recall,transformer_publication_20260622T101458Z_associative_recall_seed107,107,standard,512,0,gradient_norm,gradient_norm,gradient_norm,False,uniform_exact_cost__512,512,512,0.15958648920059199,0.0009765625
associative_recall,transformer_publication_20260622T101458Z_associative_recall_seed107,107,standard,512,0,marginal_gain_edge,marginal_gain_edge,marginal_gain_edge,False,uniform_exact_cost__512,512,512,0.290463212877512,-0.0625
associative_recall,transformer_publication_20260622T101458Z_associative_recall_seed107,107,standard,512,0,marginal_gain_soft,marginal_gain_soft,marginal_gain_soft,False,uniform_exact_cost__512,512,512,0.290463212877512,-0.0625
associative_recall,transformer_publication_20260622T101458Z_associative_recall_seed107,107,rslora,512,0,effective_rank,effective_rank,effective_rank,False,uniform_exact_cost__512,512,512,0.33911978453397756,-0.1064453125
associative_recall,transformer_publication_20260622T101458Z_associative_recall_seed107,107,rslora,512,0,soft_dimension,soft_dimension,soft_dimension,True,uniform_exact_cost__512,512,512,0.33911978453397756,-0.1064453125
associative_recall,transformer_publication_20260622T101458Z_associative_recall_seed107,107,rslora,512,0,gradient_norm,gradient_norm,gradient_norm,False,uniform_exact_cost__512,512,512,0.12227266281843191,0.0029296875
associative_recall,transformer_publication_20260622T101458Z_associative_recall_seed107,107,rslora,512,0,marginal_gain_edge,marginal_gain_edge,marginal_gain_edge,False,uniform_exact_cost__512,512,512,0.1716320402920246,0.0029296875
associative_recall,transformer_publication_20260622T101458Z_associative_recall_seed107,107,rslora,512,0,marginal_gain_soft,marginal_gain_soft,marginal_gain_soft,False,uniform_exact_cost__512,512,512,0.1716320402920246,0.0029296875
associative_recall,transformer_publication_20260622T101458Z_associative_recall_seed107,107,fixed_update_scale,512,1,effective_rank,effective_rank,effective_rank,False,uniform_exact_cost__512,512,512,0.1690286435186863,0.0322265625
associative_recall,transformer_publication_20260622T101458Z_associative_recall_seed107,107,fixed_update_scale,512,1,soft_dimension,soft_dimension,soft_dimension,True,uniform_exact_cost__512,512,512,0.1690286435186863,0.0322265625
associative_recall,transformer_publication_20260622T101458Z_associative_recall_seed107,107,fixed_update_scale,512,1,gradient_norm,gradient_norm,gradient_norm,False,uniform_exact_cost__512,512,512,-0.05548098310828209,0.044921875
associative_recall,transformer_publication_20260622T101458Z_associative_recall_seed107,107,fixed_update_scale,512,1,marginal_gain_edge,marginal_gain_edge,marginal_gain_edge,False,uniform_exact_cost__512,512,512,-0.02418907731771469,0.04296875
associative_recall,transformer_publication_20260622T101458Z_associative_recall_seed107,107,fixed_update_scale,512,1,marginal_gain_soft,marginal_gain_soft,marginal_gain_soft,False,uniform_exact_cost__512,512,512,-0.02418907731771469,0.04296875
associative_recall,transformer_publication_20260622T101458Z_associative_recall_seed107,107,standard,512,1,effective_rank,effective_rank,effective_rank,False,uniform_exact_cost__512,512,512,0.22315204516053205,-0.07421875
associative_recall,transformer_publication_20260622T101458Z_associative_recall_seed107,107,standard,512,1,soft_dimension,soft_dimension,soft_dimension,True,uniform_exact_cost__512,512,512,0.22315204516053205,-0.07421875
associative_recall,transformer_publication_20260622T101458Z_associative_recall_seed107,107,standard,512,1,gradient_norm,gradient_norm,gradient_norm,False,uniform_exact_cost__512,512,512,0.047867909073829706,0.0009765625
associative_recall,transformer_publication_20260622T101458Z_associative_recall_seed107,107,standard,512,1,marginal_gain_edge,marginal_gain_edge,marginal_gain_edge,False,uniform_exact_cost__512,512,512,0.05643065273761749,0.001953125
associative_recall,transformer_publication_20260622T101458Z_associative_recall_seed107,107,standard,512,1,marginal_gain_soft,marginal_gain_soft,marginal_gain_soft,False,uniform_exact_cost__512,512,512,0.05643065273761749,0.001953125
associative_recall,transformer_publication_20260622T101458Z_associative_recall_seed107,107,rslora,512,1,effective_rank,effective_rank,effective_rank,False,uniform_exact_cost__512,512,512,0.266275204718113,-0.0009765625
associative_recall,transformer_publication_20260622T101458Z_associative_recall_seed107,107,rslora,512,1,soft_dimension,soft_dimension,soft_dimension,True,uniform_exact_cost__512,512,512,0.266275204718113,-0.0009765625
associative_recall,transformer_publication_20260622T101458Z_associative_recall_seed107,107,rslora,512,1,gradient_norm,gradient_norm,gradient_norm,False,uniform_exact_cost__512,512,512,0.06279333308339119,0.0009765625
associative_recall,transformer_publication_20260622T101458Z_associative_recall_seed107,107,rslora,512,1,marginal_gain_edge,marginal_gain_edge,marginal_gain_edge,False,uniform_exact_cost__512,512,512,0.06652246043086052,0.0009765625
associative_recall,transformer_publication_20260622T101458Z_associative_recall_seed107,107,rslora,512,1,marginal_gain_soft,marginal_gain_soft,marginal_gain_soft,False,uniform_exact_cost__512,512,512,0.06652246043086052,0.0009765625
associative_recall,transformer_publication_20260622T101458Z_associative_recall_seed107,107,fixed_update_scale,512,2,effective_rank,effective_rank,effective_rank,False,uniform_exact_cost__512,512,512,0.04595654457807541,0.1328125
associative_recall,transformer_publication_20260622T101458Z_associative_recall_seed107,107,fixed_update_scale,512,2,soft_dimension,soft_dimension,soft_dimension,True,uniform_exact_cost__512,512,512,0.04595654457807541,0.1328125
associative_recall,transformer_publication_20260622T101458Z_associative_recall_seed107,107,fixed_update_scale,512,2,gradient_norm,gradient_norm,gradient_norm,False,uniform_exact_cost__512,512,512,-0.12177953869104391,0.193359375
associative_recall,transformer_publication_20260622T101458Z_associative_recall_seed107,107,fixed_update_scale,512,2,marginal_gain_edge,marginal_gain_edge,marginal_gain_edge,False,uniform_exact_cost__512,512,512,-0.23720533773303037,0.193359375
associative_recall,transformer_publication_20260622T101458Z_associative_recall_seed107,107,fixed_update_scale,512,2,marginal_gain_soft,marginal_gain_soft,marginal_gain_soft,False,uniform_exact_cost__512,512,512,-0.23720533773303037,0.193359375
associative_recall,transformer_publication_20260622T101458Z_associative_recall_seed107,107,standard,512,2,effective_rank,effective_rank,effective_rank,False,uniform_exact_cost__512,512,512,0.29521260410547256,0.0
associative_recall,transformer_publication_20260622T101458Z_associative_recall_seed107,107,standard,512,2,soft_dimension,soft_dimension,soft_dimension,True,uniform_exact_cost__512,512,512,0.29521260410547256,0.0
associative_recall,transformer_publication_20260622T101458Z_associative_recall_seed107,107,standard,512,2,gradient_norm,gradient_norm,gradient_norm,False,uniform_exact_cost__512,512,512,0.136100385338068,0.060546875
associative_recall,transformer_publication_20260622T101458Z_associative_recall_seed107,107,standard,512,2,marginal_gain_edge,marginal_gain_edge,marginal_gain_edge,False,uniform_exact_cost__512,512,512,0.0402559414505958,0.060546875
associative_recall,transformer_publication_20260622T101458Z_associative_recall_seed107,107,standard,512,2,marginal_gain_soft,marginal_gain_soft,marginal_gain_soft,False,uniform_exact_cost__512,512,512,0.0402559414505958,0.060546875
associative_recall,transformer_publication_20260622T101458Z_associative_recall_seed107,107,rslora,512,2,effective_rank,effective_rank,effective_rank,False,uniform_exact_cost__512,512,512,0.05209262669086456,0.130859375
associative_recall,transformer_publication_20260622T101458Z_associative_recall_seed107,107,rslora,512,2,soft_dimension,soft_dimension,soft_dimension,True,uniform_exact_cost__512,512,512,0.05209262669086456,0.130859375
associative_recall,transformer_publication_20260622T101458Z_associative_recall_seed107,107,rslora,512,2,gradient_norm,gradient_norm,gradient_norm,False,uniform_exact_cost__512,512,512,-0.11500208079814911,0.1904296875
associative_recall,transformer_publication_20260622T101458Z_associative_recall_seed107,107,rslora,512,2,marginal_gain_edge,marginal_gain_edge,marginal_gain_edge,False,uniform_exact_cost__512,512,512,-0.20346921682357794,0.1923828125
associative_recall,transformer_publication_20260622T101458Z_associative_recall_seed107,107,rslora,512,2,marginal_gain_soft,marginal_gain_soft,marginal_gain_soft,False,uniform_exact_cost__512,512,512,-0.20346921682357794,0.1923828125
associative_recall,transformer_publication_20260622T101458Z_associative_recall_seed107,107,fixed_update_scale,1024,0,effective_rank,effective_rank,effective_rank,False,uniform_exact_cost__1024,1024,1024,-0.029344712616875802,0.0
associative_recall,transformer_publication_20260622T101458Z_associative_recall_seed107,107,fixed_update_scale,1024,0,soft_dimension,soft_dimension,soft_dimension,True,uniform_exact_cost__1024,1024,1024,-0.029344712616875802,0.0
associative_recall,transformer_publication_20260622T101458Z_associative_recall_seed107,107,fixed_update_scale,1024,0,gradient_norm,gradient_norm,gradient_norm,False,uniform_exact_cost__960,960,960,0.002287211827933802,0.0
associative_recall,transformer_publication_20260622T101458Z_associative_recall_seed107,107,fixed_update_scale,1024,0,marginal_gain_edge,marginal_gain_edge,marginal_gain_edge,False,uniform_exact_cost__1024,1024,1024,-0.0246723203454167,0.0
associative_recall,transformer_publication_20260622T101458Z_associative_recall_seed107,107,fixed_update_scale,1024,0,marginal_gain_soft,marginal_gain_soft,marginal_gain_soft,False,uniform_exact_cost__1024,1024,1024,-0.0246723203454167,0.0
associative_recall,transformer_publication_20260622T101458Z_associative_recall_seed107,107,standard,1024,0,effective_rank,effective_rank,effective_rank,False,uniform_exact_cost__1024,1024,1024,-2.0364529327489436,0.6455078125
associative_recall,transformer_publication_20260622T101458Z_associative_recall_seed107,107,standard,1024,0,soft_dimension,soft_dimension,soft_dimension,True,uniform_exact_cost__1024,1024,1024,-2.0364529327489436,0.6455078125
associative_recall,transformer_publication_20260622T101458Z_associative_recall_seed107,107,standard,1024,0,gradient_norm,gradient_norm,gradient_norm,False,uniform_exact_cost__960,960,960,-0.0043235393241048,0.0
associative_recall,transformer_publication_20260622T101458Z_associative_recall_seed107,107,standard,1024,0,marginal_gain_edge,marginal_gain_edge,marginal_gain_edge,False,uniform_exact_cost__1024,1024,1024,-2.02986292517744,0.6455078125
associative_recall,transformer_publication_20260622T101458Z_associative_recall_seed107,107,standard,1024,0,marginal_gain_soft,marginal_gain_soft,marginal_gain_soft,False,uniform_exact_cost__1024,1024,1024,-2.02986292517744,0.6455078125
associative_recall,transformer_publication_20260622T101458Z_associative_recall_seed107,107,rslora,1024,0,effective_rank,effective_rank,effective_rank,False,uniform_exact_cost__1024,1024,1024,-0.05309842876158649,0.0
associative_recall,transformer_publication_20260622T101458Z_associative_recall_seed107,107,rslora,1024,0,soft_dimension,soft_dimension,soft_dimension,True,uniform_exact_cost__1024,1024,1024,-0.05309842876158649,0.0
associative_recall,transformer_publication_20260622T101458Z_associative_recall_seed107,107,rslora,1024,0,gradient_norm,gradient_norm,gradient_norm,False,uniform_exact_cost__960,960,960,0.0036716358736157,0.0
associative_recall,transformer_publication_20260622T101458Z_associative_recall_seed107,107,rslora,1024,0,marginal_gain_edge,marginal_gain_edge,marginal_gain_edge,False,uniform_exact_cost__1024,1024,1024,-0.048406586050987195,0.0
associative_recall,transformer_publication_20260622T101458Z_associative_recall_seed107,107,rslora,1024,0,marginal_gain_soft,marginal_gain_soft,marginal_gain_soft,False,uniform_exact_cost__1024,1024,1024,-0.048406586050987195,0.0
associative_recall,transformer_publication_20260622T101458Z_associative_recall_seed107,107,fixed_update_scale,1024,1,effective_rank,effective_rank,effective_rank,False,uniform_exact_cost__1024,1024,1024,-0.0542576476000249,0.0
associative_recall,transformer_publication_20260622T101458Z_associative_recall_seed107,107,fixed_update_scale,1024,1,soft_dimension,soft_dimension,soft_dimension,True,uniform_exact_cost__1024,1024,1024,-0.0542576476000249,0.0
associative_recall,transformer_publication_20260622T101458Z_associative_recall_seed107,107,fixed_update_scale,1024,1,gradient_norm,gradient_norm,gradient_norm,False,uniform_exact_cost__960,960,960,-0.010637137573212295,0.0
associative_recall,transformer_publication_20260622T101458Z_associative_recall_seed107,107,fixed_update_scale,1024,1,marginal_gain_edge,marginal_gain_edge,marginal_gain_edge,False,uniform_exact_cost__1024,1024,1024,-0.043670537415891796,0.0
associative_recall,transformer_publication_20260622T101458Z_associative_recall_seed107,107,fixed_update_scale,1024,1,marginal_gain_soft,marginal_gain_soft,marginal_gain_soft,False,uniform_exact_cost__1024,1024,1024,-0.043670537415891796,0.0
associative_recall,transformer_publication_20260622T101458Z_associative_recall_seed107,107,standard,1024,1,effective_rank,effective_rank,effective_rank,False,uniform_exact_cost__1024,1024,1024,-0.9721302604302763,0.3125
associative_recall,transformer_publication_20260622T101458Z_associative_recall_seed107,107,standard,1024,1,soft_dimension,soft_dimension,soft_dimension,True,uniform_exact_cost__1024,1024,1024,-0.9721302604302763,0.3125
associative_recall,transformer_publication_20260622T101458Z_associative_recall_seed107,107,standard,1024,1,gradient_norm,gradient_norm,gradient_norm,False,uniform_exact_cost__960,960,960,0.0015247885603458002,0.0
associative_recall,transformer_publication_20260622T101458Z_associative_recall_seed107,107,standard,1024,1,marginal_gain_edge,marginal_gain_edge,marginal_gain_edge,False,uniform_exact_cost__1024,1024,1024,-0.9574732482433318,0.3125
associative_recall,transformer_publication_20260622T101458Z_associative_recall_seed107,107,standard,1024,1,marginal_gain_soft,marginal_gain_soft,marginal_gain_soft,False,uniform_exact_cost__1024,1024,1024,-0.9574732482433318,0.3125
associative_recall,transformer_publication_20260622T101458Z_associative_recall_seed107,107,rslora,1024,1,effective_rank,effective_rank,effective_rank,False,uniform_exact_cost__1024,1024,1024,-0.13853230932727462,0.0
associative_recall,transformer_publication_20260622T101458Z_associative_recall_seed107,107,rslora,1024,1,soft_dimension,soft_dimension,soft_dimension,True,uniform_exact_cost__1024,1024,1024,-0.13853230932727462,0.0
associative_recall,transformer_publication_20260622T101458Z_associative_recall_seed107,107,rslora,1024,1,gradient_norm,gradient_norm,gradient_norm,False,uniform_exact_cost__960,960,960,-0.0009922240860760004,0.0
associative_recall,transformer_publication_20260622T101458Z_associative_recall_seed107,107,rslora,1024,1,marginal_gain_edge,marginal_gain_edge,marginal_gain_edge,False,uniform_exact_cost__1024,1024,1024,-0.13648886769078672,0.0
associative_recall,transformer_publication_20260622T101458Z_associative_recall_seed107,107,rslora,1024,1,marginal_gain_soft,marginal_gain_soft,marginal_gain_soft,False,uniform_exact_cost__1024,1024,1024,-0.13648886769078672,0.0
associative_recall,transformer_publication_20260622T101458Z_associative_recall_seed107,107,fixed_update_scale,1024,2,effective_rank,effective_rank,effective_rank,False,uniform_exact_cost__1024,1024,1024,-0.05409153527580199,0.0
associative_recall,transformer_publication_20260622T101458Z_associative_recall_seed107,107,fixed_update_scale,1024,2,soft_dimension,soft_dimension,soft_dimension,True,uniform_exact_cost__1024,1024,1024,-0.05409153527580199,0.0
associative_recall,transformer_publication_20260622T101458Z_associative_recall_seed107,107,fixed_update_scale,1024,2,gradient_norm,gradient_norm,gradient_norm,False,uniform_exact_cost__960,960,960,-0.012680424144491602,0.0
associative_recall,transformer_publication_20260622T101458Z_associative_recall_seed107,107,fixed_update_scale,1024,2,marginal_gain_edge,marginal_gain_edge,marginal_gain_edge,False,uniform_exact_cost__1024,1024,1024,-0.04869513353332879,0.0
associative_recall,transformer_publication_20260622T101458Z_associative_recall_seed107,107,fixed_update_scale,1024,2,marginal_gain_soft,marginal_gain_soft,marginal_gain_soft,False,uniform_exact_cost__1024,1024,1024,-0.04869513353332879,0.0
associative_recall,transformer_publication_20260622T101458Z_associative_recall_seed107,107,standard,1024,2,effective_rank,effective_rank,effective_rank,False,uniform_exact_cost__1024,1024,1024,-0.0433080992661416,0.0
associative_recall,transformer_publication_20260622T101458Z_associative_recall_seed107,107,standard,1024,2,soft_dimension,soft_dimension,soft_dimension,True,uniform_exact_cost__1024,1024,1024,-0.0433080992661416,0.0
associative_recall,transformer_publication_20260622T101458Z_associative_recall_seed107,107,standard,1024,2,gradient_norm,gradient_norm,gradient_norm,False,uniform_exact_cost__960,960,960,-0.0072187350597232025,0.0
associative_recall,transformer_publication_20260622T101458Z_associative_recall_seed107,107,standard,1024,2,marginal_gain_edge,marginal_gain_edge,marginal_gain_edge,False,uniform_exact_cost__1024,1024,1024,-0.0404083281755447,0.0
associative_recall,transformer_publication_20260622T101458Z_associative_recall_seed107,107,standard,1024,2,marginal_gain_soft,marginal_gain_soft,marginal_gain_soft,False,uniform_exact_cost__1024,1024,1024,-0.0404083281755447,0.0
associative_recall,transformer_publication_20260622T101458Z_associative_recall_seed107,107,rslora,1024,2,effective_rank,effective_rank,effective_rank,False,uniform_exact_cost__1024,1024,1024,-0.0722185610793531,0.0
associative_recall,transformer_publication_20260622T101458Z_associative_recall_seed107,107,rslora,1024,2,soft_dimension,soft_dimension,soft_dimension,True,uniform_exact_cost__1024,1024,1024,-0.0722185610793531,0.0
associative_recall,transformer_publication_20260622T101458Z_associative_recall_seed107,107,rslora,1024,2,gradient_norm,gradient_norm,gradient_norm,False,uniform_exact_cost__960,960,960,-0.009173127356916604,0.0
associative_recall,transformer_publication_20260622T101458Z_associative_recall_seed107,107,rslora,1024,2,marginal_gain_edge,marginal_gain_edge,marginal_gain_edge,False,uniform_exact_cost__1024,1024,1024,-0.0651299692690373,0.0
associative_recall,transformer_publication_20260622T101458Z_associative_recall_seed107,107,rslora,1024,2,marginal_gain_soft,marginal_gain_soft,marginal_gain_soft,False,uniform_exact_cost__1024,1024,1024,-0.0651299692690373,0.0
associative_recall,transformer_publication_20260622T101458Z_associative_recall_seed107,107,fixed_update_scale,1536,0,effective_rank,effective_rank,effective_rank,False,uniform_exact_cost__1472,1472,1472,-0.0009021981386467988,0.0
associative_recall,transformer_publication_20260622T101458Z_associative_recall_seed107,107,fixed_update_scale,1536,0,soft_dimension,soft_dimension,soft_dimension,True,uniform_exact_cost__1536,1536,1536,-0.00013008201494820078,0.0
associative_recall,transformer_publication_20260622T101458Z_associative_recall_seed107,107,fixed_update_scale,1536,0,gradient_norm,gradient_norm,gradient_norm,False,uniform_exact_cost__1536,1536,1536,-0.0066253296099604,0.0
associative_recall,transformer_publication_20260622T101458Z_associative_recall_seed107,107,fixed_update_scale,1536,0,marginal_gain_edge,marginal_gain_edge,marginal_gain_edge,False,uniform_exact_cost__1472,1472,1472,-0.0016976770712061988,0.0
associative_recall,transformer_publication_20260622T101458Z_associative_recall_seed107,107,fixed_update_scale,1536,0,marginal_gain_soft,marginal_gain_soft,marginal_gain_soft,False,uniform_exact_cost__1536,1536,1536,-0.0068743859883398,0.0
associative_recall,transformer_publication_20260622T101458Z_associative_recall_seed107,107,standard,1536,0,effective_rank,effective_rank,effective_rank,False,uniform_exact_cost__1472,1472,1472,0.0009702167008072008,0.0
associative_recall,transformer_publication_20260622T101458Z_associative_recall_seed107,107,standard,1536,0,soft_dimension,soft_dimension,soft_dimension,True,uniform_exact_cost__1536,1536,1536,0.0016667912132107008,0.0
associative_recall,transformer_publication_20260622T101458Z_associative_recall_seed107,107,standard,1536,0,gradient_norm,gradient_norm,gradient_norm,False,uniform_exact_cost__1536,1536,1536,-0.0016946388350333997,0.0
associative_recall,transformer_publication_20260622T101458Z_associative_recall_seed107,107,standard,1536,0,marginal_gain_edge,marginal_gain_edge,marginal_gain_edge,False,uniform_exact_cost__1472,1472,1472,0.0015271301381290002,0.0
associative_recall,transformer_publication_20260622T101458Z_associative_recall_seed107,107,standard,1536,0,marginal_gain_soft,marginal_gain_soft,marginal_gain_soft,False,uniform_exact_cost__1536,1536,1536,-7.370166713369965e-05,0.0
associative_recall,transformer_publication_20260622T101458Z_associative_recall_seed107,107,rslora,1536,0,effective_rank,effective_rank,effective_rank,False,uniform_exact_cost__1472,1472,1472,0.0018889629864133999,0.0
associative_recall,transformer_publication_20260622T101458Z_associative_recall_seed107,107,rslora,1536,0,soft_dimension,soft_dimension,soft_dimension,True,uniform_exact_cost__1536,1536,1536,-0.002182374359108499,0.0
associative_recall,transformer_publication_20260622T101458Z_associative_recall_seed107,107,rslora,1536,0,gradient_norm,gradient_norm,gradient_norm,False,uniform_exact_cost__1536,1536,1536,-0.005025728605687599,0.0
associative_recall,transformer_publication_20260622T101458Z_associative_recall_seed107,107,rslora,1536,0,marginal_gain_edge,marginal_gain_edge,marginal_gain_edge,False,uniform_exact_cost__1472,1472,1472,0.0011562301660888001,0.0
associative_recall,transformer_publication_20260622T101458Z_associative_recall_seed107,107,rslora,1536,0,marginal_gain_soft,marginal_gain_soft,marginal_gain_soft,False,uniform_exact_cost__1536,1536,1536,-0.0039752962184138,0.0
associative_recall,transformer_publication_20260622T101458Z_associative_recall_seed107,107,fixed_update_scale,1536,1,effective_rank,effective_rank,effective_rank,False,uniform_exact_cost__1472,1472,1472,-0.0036839003441856005,0.0
associative_recall,transformer_publication_20260622T101458Z_associative_recall_seed107,107,fixed_update_scale,1536,1,soft_dimension,soft_dimension,soft_dimension,True,uniform_exact_cost__1536,1536,1536,0.00029479176737370015,0.0
associative_recall,transformer_publication_20260622T101458Z_associative_recall_seed107,107,fixed_update_scale,1536,1,gradient_norm,gradient_norm,gradient_norm,False,uniform_exact_cost__1536,1536,1536,-0.004216923203785,0.0
associative_recall,transformer_publication_20260622T101458Z_associative_recall_seed107,107,fixed_update_scale,1536,1,marginal_gain_edge,marginal_gain_edge,marginal_gain_edge,False,uniform_exact_cost__1472,1472,1472,-0.0037950630066917006,0.0
associative_recall,transformer_publication_20260622T101458Z_associative_recall_seed107,107,fixed_update_scale,1536,1,marginal_gain_soft,marginal_gain_soft,marginal_gain_soft,False,uniform_exact_cost__1536,1536,1536,-0.0061756531358696,0.0
associative_recall,transformer_publication_20260622T101458Z_associative_recall_seed107,107,standard,1536,1,effective_rank,effective_rank,effective_rank,False,uniform_exact_cost__1472,1472,1472,-0.0037721288972533996,0.0
associative_recall,transformer_publication_20260622T101458Z_associative_recall_seed107,107,standard,1536,1,soft_dimension,soft_dimension,soft_dimension,True,uniform_exact_cost__1536,1536,1536,-0.0002501305425538997,0.0
associative_recall,transformer_publication_20260622T101458Z_associative_recall_seed107,107,standard,1536,1,gradient_norm,gradient_norm,gradient_norm,False,uniform_exact_cost__1536,1536,1536,-0.0011108595062977993,0.0
associative_recall,transformer_publication_20260622T101458Z_associative_recall_seed107,107,standard,1536,1,marginal_gain_edge,marginal_gain_edge,marginal_gain_edge,False,uniform_exact_cost__1472,1472,1472,-0.003429678676184199,0.0
associative_recall,transformer_publication_20260622T101458Z_associative_recall_seed107,107,standard,1536,1,marginal_gain_soft,marginal_gain_soft,marginal_gain_soft,False,uniform_exact_cost__1536,1536,1536,-0.0018992772675118993,0.0
associative_recall,transformer_publication_20260622T101458Z_associative_recall_seed107,107,rslora,1536,1,effective_rank,effective_rank,effective_rank,False,uniform_exact_cost__1472,1472,1472,-0.003182275278959399,0.0
associative_recall,transformer_publication_20260622T101458Z_associative_recall_seed107,107,rslora,1536,1,soft_dimension,soft_dimension,soft_dimension,True,uniform_exact_cost__1536,1536,1536,0.0004179634852334996,0.0
associative_recall,transformer_publication_20260622T101458Z_associative_recall_seed107,107,rslora,1536,1,gradient_norm,gradient_norm,gradient_norm,False,uniform_exact_cost__1536,1536,1536,-0.002996098017320101,0.0
associative_recall,transformer_publication_20260622T101458Z_associative_recall_seed107,107,rslora,1536,1,marginal_gain_edge,marginal_gain_edge,marginal_gain_edge,False,uniform_exact_cost__1472,1472,1472,-0.0027447116444818988,0.0
associative_recall,transformer_publication_20260622T101458Z_associative_recall_seed107,107,rslora,1536,1,marginal_gain_soft,marginal_gain_soft,marginal_gain_soft,False,uniform_exact_cost__1536,1536,1536,-0.004147915460635001,0.0
associative_recall,transformer_publication_20260622T101458Z_associative_recall_seed107,107,fixed_update_scale,1536,2,effective_rank,effective_rank,effective_rank,False,uniform_exact_cost__1472,1472,1472,-0.0047026743413881005,0.0
associative_recall,transformer_publication_20260622T101458Z_associative_recall_seed107,107,fixed_update_scale,1536,2,soft_dimension,soft_dimension,soft_dimension,True,uniform_exact_cost__1536,1536,1536,0.005183106986805802,0.0
associative_recall,transformer_publication_20260622T101458Z_associative_recall_seed107,107,fixed_update_scale,1536,2,gradient_norm,gradient_norm,gradient_norm,False,uniform_exact_cost__1536,1536,1536,-0.005756349302828299,0.0
associative_recall,transformer_publication_20260622T101458Z_associative_recall_seed107,107,fixed_update_scale,1536,2,marginal_gain_edge,marginal_gain_edge,marginal_gain_edge,False,uniform_exact_cost__1472,1472,1472,-0.0109767478425056,0.0
associative_recall,transformer_publication_20260622T101458Z_associative_recall_seed107,107,fixed_update_scale,1536,2,marginal_gain_soft,marginal_gain_soft,marginal_gain_soft,False,uniform_exact_cost__1536,1536,1536,-0.005953891726676399,0.0
associative_recall,transformer_publication_20260622T101458Z_associative_recall_seed107,107,standard,1536,2,effective_rank,effective_rank,effective_rank,False,uniform_exact_cost__1472,1472,1472,0.0029915113700552994,0.0
associative_recall,transformer_publication_20260622T101458Z_associative_recall_seed107,107,standard,1536,2,soft_dimension,soft_dimension,soft_dimension,True,uniform_exact_cost__1536,1536,1536,0.0003195405006408995,0.0
associative_recall,transformer_publication_20260622T101458Z_associative_recall_seed107,107,standard,1536,2,gradient_norm,gradient_norm,gradient_norm,False,uniform_exact_cost__1536,1536,1536,-0.0032353159622288997,0.0
associative_recall,transformer_publication_20260622T101458Z_associative_recall_seed107,107,standard,1536,2,marginal_gain_edge,marginal_gain_edge,marginal_gain_edge,False,uniform_exact_cost__1472,1472,1472,-0.0036287039401941,0.0
associative_recall,transformer_publication_20260622T101458Z_associative_recall_seed107,107,standard,1536,2,marginal_gain_soft,marginal_gain_soft,marginal_gain_soft,False,uniform_exact_cost__1536,1536,1536,-0.0022843437036499,0.0
associative_recall,transformer_publication_20260622T101458Z_associative_recall_seed107,107,rslora,1536,2,effective_rank,effective_rank,effective_rank,False,uniform_exact_cost__1472,1472,1472,-0.0018183747306465999,0.0
associative_recall,transformer_publication_20260622T101458Z_associative_recall_seed107,107,rslora,1536,2,soft_dimension,soft_dimension,soft_dimension,True,uniform_exact_cost__1536,1536,1536,0.0048640804598108,-0.0009765625
associative_recall,transformer_publication_20260622T101458Z_associative_recall_seed107,107,rslora,1536,2,gradient_norm,gradient_norm,gradient_norm,False,uniform_exact_cost__1536,1536,1536,-0.0064977424335666,0.0
associative_recall,transformer_publication_20260622T101458Z_associative_recall_seed107,107,rslora,1536,2,marginal_gain_edge,marginal_gain_edge,marginal_gain_edge,False,uniform_exact_cost__1472,1472,1472,-0.0064339033560827,0.0
associative_recall,transformer_publication_20260622T101458Z_associative_recall_seed107,107,rslora,1536,2,marginal_gain_soft,marginal_gain_soft,marginal_gain_soft,False,uniform_exact_cost__1536,1536,1536,-0.005781599611509499,0.0
associative_recall,transformer_publication_20260622T101458Z_associative_recall_seed107,107,fixed_update_scale,2048,0,effective_rank,effective_rank,effective_rank,False,uniform_exact_cost__2048,2048,2048,-0.00045460503315550033,0.0
associative_recall,transformer_publication_20260622T101458Z_associative_recall_seed107,107,fixed_update_scale,2048,0,soft_dimension,soft_dimension,soft_dimension,True,uniform_exact_cost__2048,2048,2048,-0.00045460503315550033,0.0
associative_recall,transformer_publication_20260622T101458Z_associative_recall_seed107,107,fixed_update_scale,2048,0,gradient_norm,gradient_norm,gradient_norm,False,uniform_exact_cost__2048,2048,2048,-0.0030033448711038,0.0
associative_recall,transformer_publication_20260622T101458Z_associative_recall_seed107,107,fixed_update_scale,2048,0,marginal_gain_edge,marginal_gain_edge,marginal_gain_edge,False,uniform_exact_cost__2048,2048,2048,-0.0035261547600385,0.0
associative_recall,transformer_publication_20260622T101458Z_associative_recall_seed107,107,fixed_update_scale,2048,0,marginal_gain_soft,marginal_gain_soft,marginal_gain_soft,False,uniform_exact_cost__2048,2048,2048,-0.0035261547600385,0.0
associative_recall,transformer_publication_20260622T101458Z_associative_recall_seed107,107,standard,2048,0,effective_rank,effective_rank,effective_rank,False,uniform_exact_cost__2048,2048,2048,-7.447617826990011e-05,0.0
associative_recall,transformer_publication_20260622T101458Z_associative_recall_seed107,107,standard,2048,0,soft_dimension,soft_dimension,soft_dimension,True,uniform_exact_cost__2048,2048,2048,-7.447617826990011e-05,0.0
associative_recall,transformer_publication_20260622T101458Z_associative_recall_seed107,107,standard,2048,0,gradient_norm,gradient_norm,gradient_norm,False,uniform_exact_cost__2048,2048,2048,-0.0007423975039274004,0.0
associative_recall,transformer_publication_20260622T101458Z_associative_recall_seed107,107,standard,2048,0,marginal_gain_edge,marginal_gain_edge,marginal_gain_edge,False,uniform_exact_cost__2048,2048,2048,-0.0007361044990830002,0.0
associative_recall,transformer_publication_20260622T101458Z_associative_recall_seed107,107,standard,2048,0,marginal_gain_soft,marginal_gain_soft,marginal_gain_soft,False,uniform_exact_cost__2048,2048,2048,-0.0007361044990830002,0.0
associative_recall,transformer_publication_20260622T101458Z_associative_recall_seed107,107,rslora,2048,0,effective_rank,effective_rank,effective_rank,False,uniform_exact_cost__2048,2048,2048,-1.7116777598899947e-05,0.0
associative_recall,transformer_publication_20260622T101458Z_associative_recall_seed107,107,rslora,2048,0,soft_dimension,soft_dimension,soft_dimension,True,uniform_exact_cost__2048,2048,2048,-1.7116777598899947e-05,0.0
associative_recall,transformer_publication_20260622T101458Z_associative_recall_seed107,107,rslora,2048,0,gradient_norm,gradient_norm,gradient_norm,False,uniform_exact_cost__2048,2048,2048,-0.00029691329109479995,0.0
associative_recall,transformer_publication_20260622T101458Z_associative_recall_seed107,107,rslora,2048,0,marginal_gain_edge,marginal_gain_edge,marginal_gain_edge,False,uniform_exact_cost__2048,2048,2048,-0.00047765424824319997,0.0
associative_recall,transformer_publication_20260622T101458Z_associative_recall_seed107,107,rslora,2048,0,marginal_gain_soft,marginal_gain_soft,marginal_gain_soft,False,uniform_exact_cost__2048,2048,2048,-0.00047765424824319997,0.0
associative_recall,transformer_publication_20260622T101458Z_associative_recall_seed107,107,fixed_update_scale,2048,1,effective_rank,effective_rank,effective_rank,False,uniform_exact_cost__2048,2048,2048,-0.00039619125891470104,0.0
associative_recall,transformer_publication_20260622T101458Z_associative_recall_seed107,107,fixed_update_scale,2048,1,soft_dimension,soft_dimension,soft_dimension,True,uniform_exact_cost__2048,2048,2048,-0.00039619125891470104,0.0
associative_recall,transformer_publication_20260622T101458Z_associative_recall_seed107,107,fixed_update_scale,2048,1,gradient_norm,gradient_norm,gradient_norm,False,uniform_exact_cost__2048,2048,2048,-0.005733122059609701,0.0
associative_recall,transformer_publication_20260622T101458Z_associative_recall_seed107,107,fixed_update_scale,2048,1,marginal_gain_edge,marginal_gain_edge,marginal_gain_edge,False,uniform_exact_cost__2048,2048,2048,-0.006185990059748301,0.0
associative_recall,transformer_publication_20260622T101458Z_associative_recall_seed107,107,fixed_update_scale,2048,1,marginal_gain_soft,marginal_gain_soft,marginal_gain_soft,False,uniform_exact_cost__2048,2048,2048,-0.006185990059748301,0.0
associative_recall,transformer_publication_20260622T101458Z_associative_recall_seed107,107,standard,2048,1,effective_rank,effective_rank,effective_rank,False,uniform_exact_cost__2048,2048,2048,0.00024445331655440026,0.0
associative_recall,transformer_publication_20260622T101458Z_associative_recall_seed107,107,standard,2048,1,soft_dimension,soft_dimension,soft_dimension,True,uniform_exact_cost__2048,2048,2048,0.00024445331655440026,0.0
associative_recall,transformer_publication_20260622T101458Z_associative_recall_seed107,107,standard,2048,1,gradient_norm,gradient_norm,gradient_norm,False,uniform_exact_cost__2048,2048,2048,-0.0026382334181108,0.0
associative_recall,transformer_publication_20260622T101458Z_associative_recall_seed107,107,standard,2048,1,marginal_gain_edge,marginal_gain_edge,marginal_gain_edge,False,uniform_exact_cost__2048,2048,2048,-0.0028937287570443,0.0
associative_recall,transformer_publication_20260622T101458Z_associative_recall_seed107,107,standard,2048,1,marginal_gain_soft,marginal_gain_soft,marginal_gain_soft,False,uniform_exact_cost__2048,2048,2048,-0.0028937287570443,0.0
associative_recall,transformer_publication_20260622T101458Z_associative_recall_seed107,107,rslora,2048,1,effective_rank,effective_rank,effective_rank,False,uniform_exact_cost__2048,2048,2048,-0.0008168403874151998,0.0
associative_recall,transformer_publication_20260622T101458Z_associative_recall_seed107,107,rslora,2048,1,soft_dimension,soft_dimension,soft_dimension,True,uniform_exact_cost__2048,2048,2048,-0.0008168403874151998,0.0
associative_recall,transformer_publication_20260622T101458Z_associative_recall_seed107,107,rslora,2048,1,gradient_norm,gradient_norm,gradient_norm,False,uniform_exact_cost__2048,2048,2048,-0.0030241977074184,0.0
associative_recall,transformer_publication_20260622T101458Z_associative_recall_seed107,107,rslora,2048,1,marginal_gain_edge,marginal_gain_edge,marginal_gain_edge,False,uniform_exact_cost__2048,2048,2048,-0.0029919624503236004,0.0
associative_recall,transformer_publication_20260622T101458Z_associative_recall_seed107,107,rslora,2048,1,marginal_gain_soft,marginal_gain_soft,marginal_gain_soft,False,uniform_exact_cost__2048,2048,2048,-0.0029919624503236004,0.0
associative_recall,transformer_publication_20260622T101458Z_associative_recall_seed107,107,fixed_update_scale,2048,2,effective_rank,effective_rank,effective_rank,False,uniform_exact_cost__2048,2048,2048,-0.0010493998415768,0.0
associative_recall,transformer_publication_20260622T101458Z_associative_recall_seed107,107,fixed_update_scale,2048,2,soft_dimension,soft_dimension,soft_dimension,True,uniform_exact_cost__2048,2048,2048,-0.0010493998415768,0.0
associative_recall,transformer_publication_20260622T101458Z_associative_recall_seed107,107,fixed_update_scale,2048,2,gradient_norm,gradient_norm,gradient_norm,False,uniform_exact_cost__2048,2048,2048,-0.00238151778467,0.0
associative_recall,transformer_publication_20260622T101458Z_associative_recall_seed107,107,fixed_update_scale,2048,2,marginal_gain_edge,marginal_gain_edge,marginal_gain_edge,False,uniform_exact_cost__2048,2048,2048,-0.0027386391011533,0.0
associative_recall,transformer_publication_20260622T101458Z_associative_recall_seed107,107,fixed_update_scale,2048,2,marginal_gain_soft,marginal_gain_soft,marginal_gain_soft,False,uniform_exact_cost__2048,2048,2048,-0.0027386391011533,0.0
associative_recall,transformer_publication_20260622T101458Z_associative_recall_seed107,107,standard,2048,2,effective_rank,effective_rank,effective_rank,False,uniform_exact_cost__2048,2048,2048,-0.028598123783012797,0.0
associative_recall,transformer_publication_20260622T101458Z_associative_recall_seed107,107,standard,2048,2,soft_dimension,soft_dimension,soft_dimension,True,uniform_exact_cost__2048,2048,2048,-0.028598123783012797,0.0
associative_recall,transformer_publication_20260622T101458Z_associative_recall_seed107,107,standard,2048,2,gradient_norm,gradient_norm,gradient_norm,False,uniform_exact_cost__2048,2048,2048,-0.028823625791119398,0.0
associative_recall,transformer_publication_20260622T101458Z_associative_recall_seed107,107,standard,2048,2,marginal_gain_edge,marginal_gain_edge,marginal_gain_edge,False,uniform_exact_cost__2048,2048,2048,-0.029458081087795997,0.0
associative_recall,transformer_publication_20260622T101458Z_associative_recall_seed107,107,standard,2048,2,marginal_gain_soft,marginal_gain_soft,marginal_gain_soft,False,uniform_exact_cost__2048,2048,2048,-0.029458081087795997,0.0
associative_recall,transformer_publication_20260622T101458Z_associative_recall_seed107,107,rslora,2048,2,effective_rank,effective_rank,effective_rank,False,uniform_exact_cost__2048,2048,2048,-0.0017702382756396998,0.0
associative_recall,transformer_publication_20260622T101458Z_associative_recall_seed107,107,rslora,2048,2,soft_dimension,soft_dimension,soft_dimension,True,uniform_exact_cost__2048,2048,2048,-0.0017702382756396998,0.0
associative_recall,transformer_publication_20260622T101458Z_associative_recall_seed107,107,rslora,2048,2,gradient_norm,gradient_norm,gradient_norm,False,uniform_exact_cost__2048,2048,2048,-0.0025790443760342996,0.0
associative_recall,transformer_publication_20260622T101458Z_associative_recall_seed107,107,rslora,2048,2,marginal_gain_edge,marginal_gain_edge,marginal_gain_edge,False,uniform_exact_cost__2048,2048,2048,-0.0029960853862575996,0.0
associative_recall,transformer_publication_20260622T101458Z_associative_recall_seed107,107,rslora,2048,2,marginal_gain_soft,marginal_gain_soft,marginal_gain_soft,False,uniform_exact_cost__2048,2048,2048,-0.0029960853862575996,0.0
associative_recall,transformer_publication_20260622T101458Z_associative_recall_seed107,107,fixed_update_scale,3072,0,effective_rank,effective_rank,effective_rank,False,uniform_exact_cost__3072,3072,3072,-0.00022304893354890007,0.0
associative_recall,transformer_publication_20260622T101458Z_associative_recall_seed107,107,fixed_update_scale,3072,0,soft_dimension,soft_dimension,soft_dimension,True,uniform_exact_cost__3072,3072,3072,0.0003807971079368001,0.0
associative_recall,transformer_publication_20260622T101458Z_associative_recall_seed107,107,fixed_update_scale,3072,0,gradient_norm,gradient_norm,gradient_norm,False,uniform_exact_cost__3072,3072,3072,-0.0007734708196949999,0.0
associative_recall,transformer_publication_20260622T101458Z_associative_recall_seed107,107,fixed_update_scale,3072,0,marginal_gain_edge,marginal_gain_edge,marginal_gain_edge,False,uniform_exact_cost__3072,3072,3072,-0.0008110583294182998,0.0
associative_recall,transformer_publication_20260622T101458Z_associative_recall_seed107,107,fixed_update_scale,3072,0,marginal_gain_soft,marginal_gain_soft,marginal_gain_soft,False,uniform_exact_cost__3008,3008,3008,-0.0010074272140627,0.0
associative_recall,transformer_publication_20260622T101458Z_associative_recall_seed107,107,standard,3072,0,effective_rank,effective_rank,effective_rank,False,uniform_exact_cost__3072,3072,3072,-0.0002798899513436,0.0
associative_recall,transformer_publication_20260622T101458Z_associative_recall_seed107,107,standard,3072,0,soft_dimension,soft_dimension,soft_dimension,True,uniform_exact_cost__3072,3072,3072,-0.00011092277418350014,0.0
associative_recall,transformer_publication_20260622T101458Z_associative_recall_seed107,107,standard,3072,0,gradient_norm,gradient_norm,gradient_norm,False,uniform_exact_cost__3072,3072,3072,-0.0004082442465005,0.0
associative_recall,transformer_publication_20260622T101458Z_associative_recall_seed107,107,standard,3072,0,marginal_gain_edge,marginal_gain_edge,marginal_gain_edge,False,uniform_exact_cost__3072,3072,3072,-0.0005112640355946,0.0
associative_recall,transformer_publication_20260622T101458Z_associative_recall_seed107,107,standard,3072,0,marginal_gain_soft,marginal_gain_soft,marginal_gain_soft,False,uniform_exact_cost__3008,3008,3008,-0.00017529891920270001,0.0
associative_recall,transformer_publication_20260622T101458Z_associative_recall_seed107,107,rslora,3072,0,effective_rank,effective_rank,effective_rank,False,uniform_exact_cost__3072,3072,3072,-0.0005208466609475,0.0
associative_recall,transformer_publication_20260622T101458Z_associative_recall_seed107,107,rslora,3072,0,soft_dimension,soft_dimension,soft_dimension,True,uniform_exact_cost__3072,3072,3072,-1.659791450949995e-05,0.0
associative_recall,transformer_publication_20260622T101458Z_associative_recall_seed107,107,rslora,3072,0,gradient_norm,gradient_norm,gradient_norm,False,uniform_exact_cost__3072,3072,3072,-0.0008009556331672,0.0
associative_recall,transformer_publication_20260622T101458Z_associative_recall_seed107,107,rslora,3072,0,marginal_gain_edge,marginal_gain_edge,marginal_gain_edge,False,uniform_exact_cost__3072,3072,3072,-0.0008029169985092999,0.0
associative_recall,transformer_publication_20260622T101458Z_associative_recall_seed107,107,rslora,3072,0,marginal_gain_soft,marginal_gain_soft,marginal_gain_soft,False,uniform_exact_cost__3008,3008,3008,-0.0002834531769622,0.0
associative_recall,transformer_publication_20260622T101458Z_associative_recall_seed107,107,fixed_update_scale,3072,1,effective_rank,effective_rank,effective_rank,False,uniform_exact_cost__3072,3072,3072,-0.0002905542787629998,0.0
associative_recall,transformer_publication_20260622T101458Z_associative_recall_seed107,107,fixed_update_scale,3072,1,soft_dimension,soft_dimension,soft_dimension,True,uniform_exact_cost__3072,3072,3072,-0.0004174293426330998,0.0
associative_recall,transformer_publication_20260622T101458Z_associative_recall_seed107,107,fixed_update_scale,3072,1,gradient_norm,gradient_norm,gradient_norm,False,uniform_exact_cost__3072,3072,3072,-0.0009212817385559,0.0
associative_recall,transformer_publication_20260622T101458Z_associative_recall_seed107,107,fixed_update_scale,3072,1,marginal_gain_edge,marginal_gain_edge,marginal_gain_edge,False,uniform_exact_cost__3072,3072,3072,-0.0009455060935578997,0.0
associative_recall,transformer_publication_20260622T101458Z_associative_recall_seed107,107,fixed_update_scale,3072,1,marginal_gain_soft,marginal_gain_soft,marginal_gain_soft,False,uniform_exact_cost__3008,3008,3008,-0.0012797789968318001,0.0
associative_recall,transformer_publication_20260622T101458Z_associative_recall_seed107,107,standard,3072,1,effective_rank,effective_rank,effective_rank,False,uniform_exact_cost__3072,3072,3072,-0.00041664352465890027,0.0
associative_recall,transformer_publication_20260622T101458Z_associative_recall_seed107,107,standard,3072,1,soft_dimension,soft_dimension,soft_dimension,True,uniform_exact_cost__3072,3072,3072,-0.0005851423775312002,0.0
associative_recall,transformer_publication_20260622T101458Z_associative_recall_seed107,107,standard,3072,1,gradient_norm,gradient_norm,gradient_norm,False,uniform_exact_cost__3072,3072,3072,-0.0004750680236612001,0.0
associative_recall,transformer_publication_20260622T101458Z_associative_recall_seed107,107,standard,3072,1,marginal_gain_edge,marginal_gain_edge,marginal_gain_edge,False,uniform_exact_cost__3072,3072,3072,-0.0005172175151529001,0.0
associative_recall,transformer_publication_20260622T101458Z_associative_recall_seed107,107,standard,3072,1,marginal_gain_soft,marginal_gain_soft,marginal_gain_soft,False,uniform_exact_cost__3008,3008,3008,0.0002849740994862,0.0
associative_recall,transformer_publication_20260622T101458Z_associative_recall_seed107,107,rslora,3072,1,effective_rank,effective_rank,effective_rank,False,uniform_exact_cost__3072,3072,3072,-0.00011829129653050021,0.0
associative_recall,transformer_publication_20260622T101458Z_associative_recall_seed107,107,rslora,3072,1,soft_dimension,soft_dimension,soft_dimension,True,uniform_exact_cost__3072,3072,3072,-0.00012873110244979993,0.0
associative_recall,transformer_publication_20260622T101458Z_associative_recall_seed107,107,rslora,3072,1,gradient_norm,gradient_norm,gradient_norm,False,uniform_exact_cost__3072,3072,3072,-0.0003719927044585,0.0
associative_recall,transformer_publication_20260622T101458Z_associative_recall_seed107,107,rslora,3072,1,marginal_gain_edge,marginal_gain_edge,marginal_gain_edge,False,uniform_exact_cost__3072,3072,3072,-0.0003787562891375,0.0
associative_recall,transformer_publication_20260622T101458Z_associative_recall_seed107,107,rslora,3072,1,marginal_gain_soft,marginal_gain_soft,marginal_gain_soft,False,uniform_exact_cost__3008,3008,3008,-0.0010380819439888,0.0
associative_recall,transformer_publication_20260622T101458Z_associative_recall_seed107,107,fixed_update_scale,3072,2,effective_rank,effective_rank,effective_rank,False,uniform_exact_cost__3072,3072,3072,7.818435551600013e-05,0.0
associative_recall,transformer_publication_20260622T101458Z_associative_recall_seed107,107,fixed_update_scale,3072,2,soft_dimension,soft_dimension,soft_dimension,True,uniform_exact_cost__3072,3072,3072,6.62923557683999e-05,0.0
associative_recall,transformer_publication_20260622T101458Z_associative_recall_seed107,107,fixed_update_scale,3072,2,gradient_norm,gradient_norm,gradient_norm,False,uniform_exact_cost__3072,3072,3072,-0.00030447074095719994,0.0
associative_recall,transformer_publication_20260622T101458Z_associative_recall_seed107,107,fixed_update_scale,3072,2,marginal_gain_edge,marginal_gain_edge,marginal_gain_edge,False,uniform_exact_cost__3072,3072,3072,-0.00045064349251330003,0.0
associative_recall,transformer_publication_20260622T101458Z_associative_recall_seed107,107,fixed_update_scale,3072,2,marginal_gain_soft,marginal_gain_soft,marginal_gain_soft,False,uniform_exact_cost__3008,3008,3008,-0.0003714961640070998,0.0
associative_recall,transformer_publication_20260622T101458Z_associative_recall_seed107,107,standard,3072,2,effective_rank,effective_rank,effective_rank,False,uniform_exact_cost__3072,3072,3072,-0.0002637081051943002,0.0
associative_recall,transformer_publication_20260622T101458Z_associative_recall_seed107,107,standard,3072,2,soft_dimension,soft_dimension,soft_dimension,True,uniform_exact_cost__3072,3072,3072,-0.00014640369045080008,0.0
associative_recall,transformer_publication_20260622T101458Z_associative_recall_seed107,107,standard,3072,2,gradient_norm,gradient_norm,gradient_norm,False,uniform_exact_cost__3072,3072,3072,-0.00018655251187730008,0.0
associative_recall,transformer_publication_20260622T101458Z_associative_recall_seed107,107,standard,3072,2,marginal_gain_edge,marginal_gain_edge,marginal_gain_edge,False,uniform_exact_cost__3072,3072,3072,-0.0002583164023235002,0.0
associative_recall,transformer_publication_20260622T101458Z_associative_recall_seed107,107,standard,3072,2,marginal_gain_soft,marginal_gain_soft,marginal_gain_soft,False,uniform_exact_cost__3008,3008,3008,0.0002436395297990999,0.0
associative_recall,transformer_publication_20260622T101458Z_associative_recall_seed107,107,rslora,3072,2,effective_rank,effective_rank,effective_rank,False,uniform_exact_cost__3072,3072,3072,-0.00011398561764510004,0.0
associative_recall,transformer_publication_20260622T101458Z_associative_recall_seed107,107,rslora,3072,2,soft_dimension,soft_dimension,soft_dimension,True,uniform_exact_cost__3072,3072,3072,-5.4163101595003545e-06,0.0
associative_recall,transformer_publication_20260622T101458Z_associative_recall_seed107,107,rslora,3072,2,gradient_norm,gradient_norm,gradient_norm,False,uniform_exact_cost__3072,3072,3072,-0.0003495828714222002,0.0
associative_recall,transformer_publication_20260622T101458Z_associative_recall_seed107,107,rslora,3072,2,marginal_gain_edge,marginal_gain_edge,marginal_gain_edge,False,uniform_exact_cost__3072,3072,3072,-0.0004308743227739002,0.0
associative_recall,transformer_publication_20260622T101458Z_associative_recall_seed107,107,rslora,3072,2,marginal_gain_soft,marginal_gain_soft,marginal_gain_soft,False,uniform_exact_cost__3008,3008,3008,-0.00018831944908019984,0.0
associative_recall,transformer_publication_20260622T101458Z_associative_recall_seed107,107,fixed_update_scale,4096,0,effective_rank,effective_rank,effective_rank,False,uniform_exact_cost__4096,4096,4096,-0.00014923149137760017,0.0
associative_recall,transformer_publication_20260622T101458Z_associative_recall_seed107,107,fixed_update_scale,4096,0,soft_dimension,soft_dimension,soft_dimension,True,uniform_exact_cost__4096,4096,4096,-0.00014923149137760017,0.0
associative_recall,transformer_publication_20260622T101458Z_associative_recall_seed107,107,fixed_update_scale,4096,0,gradient_norm,gradient_norm,gradient_norm,False,uniform_exact_cost__4096,4096,4096,-0.00045214773854240016,0.0
associative_recall,transformer_publication_20260622T101458Z_associative_recall_seed107,107,fixed_update_scale,4096,0,marginal_gain_edge,marginal_gain_edge,marginal_gain_edge,False,uniform_exact_cost__4096,4096,4096,-0.0004433512804099002,0.0
associative_recall,transformer_publication_20260622T101458Z_associative_recall_seed107,107,fixed_update_scale,4096,0,marginal_gain_soft,marginal_gain_soft,marginal_gain_soft,False,uniform_exact_cost__4096,4096,4096,-0.0006244362448342001,0.0
associative_recall,transformer_publication_20260622T101458Z_associative_recall_seed107,107,standard,4096,0,effective_rank,effective_rank,effective_rank,False,uniform_exact_cost__4096,4096,4096,-0.00016843908815649994,0.0
associative_recall,transformer_publication_20260622T101458Z_associative_recall_seed107,107,standard,4096,0,soft_dimension,soft_dimension,soft_dimension,True,uniform_exact_cost__4096,4096,4096,-0.00016843908815649994,0.0
associative_recall,transformer_publication_20260622T101458Z_associative_recall_seed107,107,standard,4096,0,gradient_norm,gradient_norm,gradient_norm,False,uniform_exact_cost__4096,4096,4096,-7.221073610710004e-05,0.0
associative_recall,transformer_publication_20260622T101458Z_associative_recall_seed107,107,standard,4096,0,marginal_gain_edge,marginal_gain_edge,marginal_gain_edge,False,uniform_exact_cost__4096,4096,4096,-0.00024918554117909987,0.0
associative_recall,transformer_publication_20260622T101458Z_associative_recall_seed107,107,standard,4096,0,marginal_gain_soft,marginal_gain_soft,marginal_gain_soft,False,uniform_exact_cost__4096,4096,4096,-0.00011657409777399998,0.0
associative_recall,transformer_publication_20260622T101458Z_associative_recall_seed107,107,rslora,4096,0,effective_rank,effective_rank,effective_rank,False,uniform_exact_cost__4096,4096,4096,-0.00013225556176620014,0.0
associative_recall,transformer_publication_20260622T101458Z_associative_recall_seed107,107,rslora,4096,0,soft_dimension,soft_dimension,soft_dimension,True,uniform_exact_cost__4096,4096,4096,-0.00013225556176620014,0.0
associative_recall,transformer_publication_20260622T101458Z_associative_recall_seed107,107,rslora,4096,0,gradient_norm,gradient_norm,gradient_norm,False,uniform_exact_cost__4096,4096,4096,-0.00028126762481409996,0.0
associative_recall,transformer_publication_20260622T101458Z_associative_recall_seed107,107,rslora,4096,0,marginal_gain_edge,marginal_gain_edge,marginal_gain_edge,False,uniform_exact_cost__4096,4096,4096,-0.00031018855224830013,0.0
associative_recall,transformer_publication_20260622T101458Z_associative_recall_seed107,107,rslora,4096,0,marginal_gain_soft,marginal_gain_soft,marginal_gain_soft,False,uniform_exact_cost__4096,4096,4096,-0.00034750461054499997,0.0
associative_recall,transformer_publication_20260622T101458Z_associative_recall_seed107,107,fixed_update_scale,4096,1,effective_rank,effective_rank,effective_rank,False,uniform_exact_cost__4096,4096,4096,-9.813612268769981e-05,0.0
associative_recall,transformer_publication_20260622T101458Z_associative_recall_seed107,107,fixed_update_scale,4096,1,soft_dimension,soft_dimension,soft_dimension,True,uniform_exact_cost__4096,4096,4096,-9.813612268769981e-05,0.0
associative_recall,transformer_publication_20260622T101458Z_associative_recall_seed107,107,fixed_update_scale,4096,1,gradient_norm,gradient_norm,gradient_norm,False,uniform_exact_cost__4096,4096,4096,-0.00017379371274729998,0.0
associative_recall,transformer_publication_20260622T101458Z_associative_recall_seed107,107,fixed_update_scale,4096,1,marginal_gain_edge,marginal_gain_edge,marginal_gain_edge,False,uniform_exact_cost__4096,4096,4096,-0.00020120230328759983,0.0
associative_recall,transformer_publication_20260622T101458Z_associative_recall_seed107,107,fixed_update_scale,4096,1,marginal_gain_soft,marginal_gain_soft,marginal_gain_soft,False,uniform_exact_cost__4096,4096,4096,-0.00023124109429769994,0.0
associative_recall,transformer_publication_20260622T101458Z_associative_recall_seed107,107,standard,4096,1,effective_rank,effective_rank,effective_rank,False,uniform_exact_cost__4096,4096,4096,-0.00019472876738289998,0.0
associative_recall,transformer_publication_20260622T101458Z_associative_recall_seed107,107,standard,4096,1,soft_dimension,soft_dimension,soft_dimension,True,uniform_exact_cost__4096,4096,4096,-0.00019472876738289998,0.0
associative_recall,transformer_publication_20260622T101458Z_associative_recall_seed107,107,standard,4096,1,gradient_norm,gradient_norm,gradient_norm,False,uniform_exact_cost__4096,4096,4096,1.9798608264000057e-05,0.0
associative_recall,transformer_publication_20260622T101458Z_associative_recall_seed107,107,standard,4096,1,marginal_gain_edge,marginal_gain_edge,marginal_gain_edge,False,uniform_exact_cost__4096,4096,4096,7.886643288660018e-05,0.0
associative_recall,transformer_publication_20260622T101458Z_associative_recall_seed107,107,standard,4096,1,marginal_gain_soft,marginal_gain_soft,marginal_gain_soft,False,uniform_exact_cost__4096,4096,4096,0.00020245740597600007,0.0
associative_recall,transformer_publication_20260622T101458Z_associative_recall_seed107,107,rslora,4096,1,effective_rank,effective_rank,effective_rank,False,uniform_exact_cost__4096,4096,4096,-0.0001823163474909998,0.0
associative_recall,transformer_publication_20260622T101458Z_associative_recall_seed107,107,rslora,4096,1,soft_dimension,soft_dimension,soft_dimension,True,uniform_exact_cost__4096,4096,4096,-0.0001823163474909998,0.0
associative_recall,transformer_publication_20260622T101458Z_associative_recall_seed107,107,rslora,4096,1,gradient_norm,gradient_norm,gradient_norm,False,uniform_exact_cost__4096,4096,4096,-7.875931623859984e-05,0.0
associative_recall,transformer_publication_20260622T101458Z_associative_recall_seed107,107,rslora,4096,1,marginal_gain_edge,marginal_gain_edge,marginal_gain_edge,False,uniform_exact_cost__4096,4096,4096,-6.122182821849983e-05,0.0
associative_recall,transformer_publication_20260622T101458Z_associative_recall_seed107,107,rslora,4096,1,marginal_gain_soft,marginal_gain_soft,marginal_gain_soft,False,uniform_exact_cost__4096,4096,4096,-8.214396075299822e-06,0.0
associative_recall,transformer_publication_20260622T101458Z_associative_recall_seed107,107,fixed_update_scale,4096,2,effective_rank,effective_rank,effective_rank,False,uniform_exact_cost__4096,4096,4096,0.00013084766396789988,0.0
associative_recall,transformer_publication_20260622T101458Z_associative_recall_seed107,107,fixed_update_scale,4096,2,soft_dimension,soft_dimension,soft_dimension,True,uniform_exact_cost__4096,4096,4096,0.00013084766396789988,0.0
associative_recall,transformer_publication_20260622T101458Z_associative_recall_seed107,107,fixed_update_scale,4096,2,gradient_norm,gradient_norm,gradient_norm,False,uniform_exact_cost__4096,4096,4096,-0.0002872684272006,0.0
associative_recall,transformer_publication_20260622T101458Z_associative_recall_seed107,107,fixed_update_scale,4096,2,marginal_gain_edge,marginal_gain_edge,marginal_gain_edge,False,uniform_exact_cost__4096,4096,4096,-0.00034471026447130014,0.0
associative_recall,transformer_publication_20260622T101458Z_associative_recall_seed107,107,fixed_update_scale,4096,2,marginal_gain_soft,marginal_gain_soft,marginal_gain_soft,False,uniform_exact_cost__4096,4096,4096,-0.0003328268358018002,0.0
associative_recall,transformer_publication_20260622T101458Z_associative_recall_seed107,107,standard,4096,2,effective_rank,effective_rank,effective_rank,False,uniform_exact_cost__4096,4096,4096,-0.00025485384685450013,0.0
associative_recall,transformer_publication_20260622T101458Z_associative_recall_seed107,107,standard,4096,2,soft_dimension,soft_dimension,soft_dimension,True,uniform_exact_cost__4096,4096,4096,-0.00025485384685450013,0.0
associative_recall,transformer_publication_20260622T101458Z_associative_recall_seed107,107,standard,4096,2,gradient_norm,gradient_norm,gradient_norm,False,uniform_exact_cost__4096,4096,4096,-0.00016303850861730008,0.0
associative_recall,transformer_publication_20260622T101458Z_associative_recall_seed107,107,standard,4096,2,marginal_gain_edge,marginal_gain_edge,marginal_gain_edge,False,uniform_exact_cost__4096,4096,4096,-0.0001318268477916002,0.0
associative_recall,transformer_publication_20260622T101458Z_associative_recall_seed107,107,standard,4096,2,marginal_gain_soft,marginal_gain_soft,marginal_gain_soft,False,uniform_exact_cost__4096,4096,4096,-2.4376960936900146e-05,0.0
associative_recall,transformer_publication_20260622T101458Z_associative_recall_seed107,107,rslora,4096,2,effective_rank,effective_rank,effective_rank,False,uniform_exact_cost__4096,4096,4096,-0.00021649843256449993,0.0
associative_recall,transformer_publication_20260622T101458Z_associative_recall_seed107,107,rslora,4096,2,soft_dimension,soft_dimension,soft_dimension,True,uniform_exact_cost__4096,4096,4096,-0.00021649843256449993,0.0
associative_recall,transformer_publication_20260622T101458Z_associative_recall_seed107,107,rslora,4096,2,gradient_norm,gradient_norm,gradient_norm,False,uniform_exact_cost__4096,4096,4096,-0.00027277438493909984,0.0
associative_recall,transformer_publication_20260622T101458Z_associative_recall_seed107,107,rslora,4096,2,marginal_gain_edge,marginal_gain_edge,marginal_gain_edge,False,uniform_exact_cost__4096,4096,4096,-0.00029656154219989987,0.0
associative_recall,transformer_publication_20260622T101458Z_associative_recall_seed107,107,rslora,4096,2,marginal_gain_soft,marginal_gain_soft,marginal_gain_soft,False,uniform_exact_cost__4096,4096,4096,-0.00030610339308619994,0.0
associative_recall,transformer_publication_20260622T101458Z_associative_recall_seed107,107,fixed_update_scale,6144,0,effective_rank,effective_rank,effective_rank,False,uniform_exact_cost__6144,6144,6144,-0.00023474267072740008,0.0
associative_recall,transformer_publication_20260622T101458Z_associative_recall_seed107,107,fixed_update_scale,6144,0,soft_dimension,soft_dimension,soft_dimension,True,uniform_exact_cost__6144,6144,6144,-0.00015172084385990008,0.0
associative_recall,transformer_publication_20260622T101458Z_associative_recall_seed107,107,fixed_update_scale,6144,0,gradient_norm,gradient_norm,gradient_norm,False,uniform_exact_cost__6144,6144,6144,-0.00018786195141730008,0.0
associative_recall,transformer_publication_20260622T101458Z_associative_recall_seed107,107,fixed_update_scale,6144,0,marginal_gain_edge,marginal_gain_edge,marginal_gain_edge,False,uniform_exact_cost__6144,6144,6144,-0.00017310757539230003,0.0
associative_recall,transformer_publication_20260622T101458Z_associative_recall_seed107,107,fixed_update_scale,6144,0,marginal_gain_soft,marginal_gain_soft,marginal_gain_soft,False,uniform_exact_cost__6144,6144,6144,-0.00023229980433820004,0.0
associative_recall,transformer_publication_20260622T101458Z_associative_recall_seed107,107,standard,6144,0,effective_rank,effective_rank,effective_rank,False,uniform_exact_cost__6144,6144,6144,-0.0001131650788010999,0.0
associative_recall,transformer_publication_20260622T101458Z_associative_recall_seed107,107,standard,6144,0,soft_dimension,soft_dimension,soft_dimension,True,uniform_exact_cost__6144,6144,6144,-0.00012032313679809985,0.0
associative_recall,transformer_publication_20260622T101458Z_associative_recall_seed107,107,standard,6144,0,gradient_norm,gradient_norm,gradient_norm,False,uniform_exact_cost__6144,6144,6144,-0.00018205108062829996,0.0
associative_recall,transformer_publication_20260622T101458Z_associative_recall_seed107,107,standard,6144,0,marginal_gain_edge,marginal_gain_edge,marginal_gain_edge,False,uniform_exact_cost__6144,6144,6144,-2.180866431449979e-05,0.0
associative_recall,transformer_publication_20260622T101458Z_associative_recall_seed107,107,standard,6144,0,marginal_gain_soft,marginal_gain_soft,marginal_gain_soft,False,uniform_exact_cost__6144,6144,6144,-4.186847945699974e-06,0.0
associative_recall,transformer_publication_20260622T101458Z_associative_recall_seed107,107,rslora,6144,0,effective_rank,effective_rank,effective_rank,False,uniform_exact_cost__6144,6144,6144,-0.00020113076607229988,0.0
associative_recall,transformer_publication_20260622T101458Z_associative_recall_seed107,107,rslora,6144,0,soft_dimension,soft_dimension,soft_dimension,True,uniform_exact_cost__6144,6144,6144,-0.00023417545889970002,0.0
associative_recall,transformer_publication_20260622T101458Z_associative_recall_seed107,107,rslora,6144,0,gradient_norm,gradient_norm,gradient_norm,False,uniform_exact_cost__6144,6144,6144,-0.0002633639378473,0.0
associative_recall,transformer_publication_20260622T101458Z_associative_recall_seed107,107,rslora,6144,0,marginal_gain_edge,marginal_gain_edge,marginal_gain_edge,False,uniform_exact_cost__6144,6144,6144,-0.0001935575419338999,0.0
associative_recall,transformer_publication_20260622T101458Z_associative_recall_seed107,107,rslora,6144,0,marginal_gain_soft,marginal_gain_soft,marginal_gain_soft,False,uniform_exact_cost__6144,6144,6144,-0.0001616325025679999,0.0
associative_recall,transformer_publication_20260622T101458Z_associative_recall_seed107,107,fixed_update_scale,6144,1,effective_rank,effective_rank,effective_rank,False,uniform_exact_cost__6144,6144,6144,-0.00024062213196890002,0.0
associative_recall,transformer_publication_20260622T101458Z_associative_recall_seed107,107,fixed_update_scale,6144,1,soft_dimension,soft_dimension,soft_dimension,True,uniform_exact_cost__6144,6144,6144,-0.00013582434621640005,0.0
associative_recall,transformer_publication_20260622T101458Z_associative_recall_seed107,107,fixed_update_scale,6144,1,gradient_norm,gradient_norm,gradient_norm,False,uniform_exact_cost__6144,6144,6144,-0.0002237477237941,0.0
associative_recall,transformer_publication_20260622T101458Z_associative_recall_seed107,107,fixed_update_scale,6144,1,marginal_gain_edge,marginal_gain_edge,marginal_gain_edge,False,uniform_exact_cost__6144,6144,6144,-0.00024731384473849994,0.0
associative_recall,transformer_publication_20260622T101458Z_associative_recall_seed107,107,fixed_update_scale,6144,1,marginal_gain_soft,marginal_gain_soft,marginal_gain_soft,False,uniform_exact_cost__6144,6144,6144,-0.00019446675287329996,0.0
associative_recall,transformer_publication_20260622T101458Z_associative_recall_seed107,107,standard,6144,1,effective_rank,effective_rank,effective_rank,False,uniform_exact_cost__6144,6144,6144,-0.00022147168056109987,0.0
associative_recall,transformer_publication_20260622T101458Z_associative_recall_seed107,107,standard,6144,1,soft_dimension,soft_dimension,soft_dimension,True,uniform_exact_cost__6144,6144,6144,-0.0001540719385957998,0.0
associative_recall,transformer_publication_20260622T101458Z_associative_recall_seed107,107,standard,6144,1,gradient_norm,gradient_norm,gradient_norm,False,uniform_exact_cost__6144,6144,6144,-0.0002190829400206,0.0
associative_recall,transformer_publication_20260622T101458Z_associative_recall_seed107,107,standard,6144,1,marginal_gain_edge,marginal_gain_edge,marginal_gain_edge,False,uniform_exact_cost__6144,6144,6144,-0.0001278540148633,0.0
associative_recall,transformer_publication_20260622T101458Z_associative_recall_seed107,107,standard,6144,1,marginal_gain_soft,marginal_gain_soft,marginal_gain_soft,False,uniform_exact_cost__6144,6144,6144,-1.7827580450099868e-05,0.0
associative_recall,transformer_publication_20260622T101458Z_associative_recall_seed107,107,rslora,6144,1,effective_rank,effective_rank,effective_rank,False,uniform_exact_cost__6144,6144,6144,-0.00030384165438589997,0.0
associative_recall,transformer_publication_20260622T101458Z_associative_recall_seed107,107,rslora,6144,1,soft_dimension,soft_dimension,soft_dimension,True,uniform_exact_cost__6144,6144,6144,-0.00020757409220099996,0.0
associative_recall,transformer_publication_20260622T101458Z_associative_recall_seed107,107,rslora,6144,1,gradient_norm,gradient_norm,gradient_norm,False,uniform_exact_cost__6144,6144,6144,-0.00029382040520439996,0.0
associative_recall,transformer_publication_20260622T101458Z_associative_recall_seed107,107,rslora,6144,1,marginal_gain_edge,marginal_gain_edge,marginal_gain_edge,False,uniform_exact_cost__6144,6144,6144,-0.00028135884349469987,0.0
associative_recall,transformer_publication_20260622T101458Z_associative_recall_seed107,107,rslora,6144,1,marginal_gain_soft,marginal_gain_soft,marginal_gain_soft,False,uniform_exact_cost__6144,6144,6144,-0.00021111847308929988,0.0
associative_recall,transformer_publication_20260622T101458Z_associative_recall_seed107,107,fixed_update_scale,6144,2,effective_rank,effective_rank,effective_rank,False,uniform_exact_cost__6144,6144,6144,0.00014006363198859986,0.0
associative_recall,transformer_publication_20260622T101458Z_associative_recall_seed107,107,fixed_update_scale,6144,2,soft_dimension,soft_dimension,soft_dimension,True,uniform_exact_cost__6144,6144,6144,-0.00012319163943180008,0.0
associative_recall,transformer_publication_20260622T101458Z_associative_recall_seed107,107,fixed_update_scale,6144,2,gradient_norm,gradient_norm,gradient_norm,False,uniform_exact_cost__6144,6144,6144,-0.00017798881162890007,0.0
associative_recall,transformer_publication_20260622T101458Z_associative_recall_seed107,107,fixed_update_scale,6144,2,marginal_gain_edge,marginal_gain_edge,marginal_gain_edge,False,uniform_exact_cost__6144,6144,6144,-9.498234430800005e-05,0.0
associative_recall,transformer_publication_20260622T101458Z_associative_recall_seed107,107,fixed_update_scale,6144,2,marginal_gain_soft,marginal_gain_soft,marginal_gain_soft,False,uniform_exact_cost__6144,6144,6144,-8.08830518509e-05,0.0
associative_recall,transformer_publication_20260622T101458Z_associative_recall_seed107,107,standard,6144,2,effective_rank,effective_rank,effective_rank,False,uniform_exact_cost__6144,6144,6144,-2.351964940320011e-05,0.0
associative_recall,transformer_publication_20260622T101458Z_associative_recall_seed107,107,standard,6144,2,soft_dimension,soft_dimension,soft_dimension,True,uniform_exact_cost__6144,6144,6144,-9.745729767020002e-05,0.0
associative_recall,transformer_publication_20260622T101458Z_associative_recall_seed107,107,standard,6144,2,gradient_norm,gradient_norm,gradient_norm,False,uniform_exact_cost__6144,6144,6144,7.539248326789995e-05,0.0
associative_recall,transformer_publication_20260622T101458Z_associative_recall_seed107,107,standard,6144,2,marginal_gain_edge,marginal_gain_edge,marginal_gain_edge,False,uniform_exact_cost__6144,6144,6144,3.320553514639998e-05,0.0
associative_recall,transformer_publication_20260622T101458Z_associative_recall_seed107,107,standard,6144,2,marginal_gain_soft,marginal_gain_soft,marginal_gain_soft,False,uniform_exact_cost__6144,6144,6144,0.0002210282109445,0.0
associative_recall,transformer_publication_20260622T101458Z_associative_recall_seed107,107,rslora,6144,2,effective_rank,effective_rank,effective_rank,False,uniform_exact_cost__6144,6144,6144,0.00011592268128869979,0.0
associative_recall,transformer_publication_20260622T101458Z_associative_recall_seed107,107,rslora,6144,2,soft_dimension,soft_dimension,soft_dimension,True,uniform_exact_cost__6144,6144,6144,-6.425513856820014e-05,0.0
associative_recall,transformer_publication_20260622T101458Z_associative_recall_seed107,107,rslora,6144,2,gradient_norm,gradient_norm,gradient_norm,False,uniform_exact_cost__6144,6144,6144,-1.4059121895200173e-05,0.0
associative_recall,transformer_publication_20260622T101458Z_associative_recall_seed107,107,rslora,6144,2,marginal_gain_edge,marginal_gain_edge,marginal_gain_edge,False,uniform_exact_cost__6144,6144,6144,-2.8297690732900175e-05,0.0
associative_recall,transformer_publication_20260622T101458Z_associative_recall_seed107,107,rslora,6144,2,marginal_gain_soft,marginal_gain_soft,marginal_gain_soft,False,uniform_exact_cost__6144,6144,6144,7.24997516953999e-05,0.0
associative_recall,transformer_publication_20260622T101458Z_associative_recall_seed109,109,fixed_update_scale,512,0,effective_rank,effective_rank,effective_rank,False,uniform_exact_cost__512,512,512,0.0,0.0
associative_recall,transformer_publication_20260622T101458Z_associative_recall_seed109,109,fixed_update_scale,512,0,soft_dimension,soft_dimension,soft_dimension,True,uniform_exact_cost__512,512,512,0.09942455589771271,0.0380859375
associative_recall,transformer_publication_20260622T101458Z_associative_recall_seed109,109,fixed_update_scale,512,0,gradient_norm,gradient_norm,gradient_norm,False,uniform_exact_cost__512,512,512,-0.21755743771791464,0.2294921875
associative_recall,transformer_publication_20260622T101458Z_associative_recall_seed109,109,fixed_update_scale,512,0,marginal_gain_edge,marginal_gain_edge,marginal_gain_edge,False,uniform_exact_cost__512,512,512,-0.23457536473870283,0.2294921875
associative_recall,transformer_publication_20260622T101458Z_associative_recall_seed109,109,fixed_update_scale,512,0,marginal_gain_soft,marginal_gain_soft,marginal_gain_soft,False,uniform_exact_cost__512,512,512,-0.23457536473870283,0.2294921875
associative_recall,transformer_publication_20260622T101458Z_associative_recall_seed109,109,standard,512,0,effective_rank,effective_rank,effective_rank,False,uniform_exact_cost__512,512,512,0.0,0.0
associative_recall,transformer_publication_20260622T101458Z_associative_recall_seed109,109,standard,512,0,soft_dimension,soft_dimension,soft_dimension,True,uniform_exact_cost__512,512,512,0.22052596881985664,-0.0234375
associative_recall,transformer_publication_20260622T101458Z_associative_recall_seed109,109,standard,512,0,gradient_norm,gradient_norm,gradient_norm,False,uniform_exact_cost__512,512,512,-0.12090886756777769,0.16015625
associative_recall,transformer_publication_20260622T101458Z_associative_recall_seed109,109,standard,512,0,marginal_gain_edge,marginal_gain_edge,marginal_gain_edge,False,uniform_exact_cost__512,512,512,0.06147156283259392,0.16015625
associative_recall,transformer_publication_20260622T101458Z_associative_recall_seed109,109,standard,512,0,marginal_gain_soft,marginal_gain_soft,marginal_gain_soft,False,uniform_exact_cost__512,512,512,0.06147156283259392,0.16015625
associative_recall,transformer_publication_20260622T101458Z_associative_recall_seed109,109,rslora,512,0,effective_rank,effective_rank,effective_rank,False,uniform_exact_cost__512,512,512,0.0,0.0
associative_recall,transformer_publication_20260622T101458Z_associative_recall_seed109,109,rslora,512,0,soft_dimension,soft_dimension,soft_dimension,True,uniform_exact_cost__512,512,512,0.12841212004423141,0.0
associative_recall,transformer_publication_20260622T101458Z_associative_recall_seed109,109,rslora,512,0,gradient_norm,gradient_norm,gradient_norm,False,uniform_exact_cost__512,512,512,-0.1815304271876812,0.1884765625
associative_recall,transformer_publication_20260622T101458Z_associative_recall_seed109,109,rslora,512,0,marginal_gain_edge,marginal_gain_edge,marginal_gain_edge,False,uniform_exact_cost__512,512,512,-0.23815284669399261,0.1884765625
associative_recall,transformer_publication_20260622T101458Z_associative_recall_seed109,109,rslora,512,0,marginal_gain_soft,marginal_gain_soft,marginal_gain_soft,False,uniform_exact_cost__512,512,512,-0.23815284669399261,0.1884765625
associative_recall,transformer_publication_20260622T101458Z_associative_recall_seed109,109,fixed_update_scale,512,1,effective_rank,effective_rank,effective_rank,False,uniform_exact_cost__512,512,512,0.0,0.0
associative_recall,transformer_publication_20260622T101458Z_associative_recall_seed109,109,fixed_update_scale,512,1,soft_dimension,soft_dimension,soft_dimension,True,uniform_exact_cost__512,512,512,0.1511019580066204,-0.0625
associative_recall,transformer_publication_20260622T101458Z_associative_recall_seed109,109,fixed_update_scale,512,1,gradient_norm,gradient_norm,gradient_norm,False,uniform_exact_cost__512,512,512,0.08701049908995623,-0.001953125
associative_recall,transformer_publication_20260622T101458Z_associative_recall_seed109,109,fixed_update_scale,512,1,marginal_gain_edge,marginal_gain_edge,marginal_gain_edge,False,uniform_exact_cost__512,512,512,-0.0661503113806248,0.0
associative_recall,transformer_publication_20260622T101458Z_associative_recall_seed109,109,fixed_update_scale,512,1,marginal_gain_soft,marginal_gain_soft,marginal_gain_soft,False,uniform_exact_cost__512,512,512,-0.0661503113806248,0.0
associative_recall,transformer_publication_20260622T101458Z_associative_recall_seed109,109,standard,512,1,effective_rank,effective_rank,effective_rank,False,uniform_exact_cost__512,512,512,0.0,0.0
associative_recall,transformer_publication_20260622T101458Z_associative_recall_seed109,109,standard,512,1,soft_dimension,soft_dimension,soft_dimension,True,uniform_exact_cost__512,512,512,0.1489663496613503,0.0
associative_recall,transformer_publication_20260622T101458Z_associative_recall_seed109,109,standard,512,1,gradient_norm,gradient_norm,gradient_norm,False,uniform_exact_cost__512,512,512,0.09940095245838171,-0.00390625
associative_recall,transformer_publication_20260622T101458Z_associative_recall_seed109,109,standard,512,1,marginal_gain_edge,marginal_gain_edge,marginal_gain_edge,False,uniform_exact_cost__512,512,512,-0.023508168756961767,0.0
associative_recall,transformer_publication_20260622T101458Z_associative_recall_seed109,109,standard,512,1,marginal_gain_soft,marginal_gain_soft,marginal_gain_soft,False,uniform_exact_cost__512,512,512,-0.023508168756961767,0.0
associative_recall,transformer_publication_20260622T101458Z_associative_recall_seed109,109,rslora,512,1,effective_rank,effective_rank,effective_rank,False,uniform_exact_cost__512,512,512,0.0,0.0
associative_recall,transformer_publication_20260622T101458Z_associative_recall_seed109,109,rslora,512,1,soft_dimension,soft_dimension,soft_dimension,True,uniform_exact_cost__512,512,512,0.06808552891016001,0.0888671875
associative_recall,transformer_publication_20260622T101458Z_associative_recall_seed109,109,rslora,512,1,gradient_norm,gradient_norm,gradient_norm,False,uniform_exact_cost__512,512,512,0.0021628737449645996,0.0888671875
associative_recall,transformer_publication_20260622T101458Z_associative_recall_seed109,109,rslora,512,1,marginal_gain_edge,marginal_gain_edge,marginal_gain_edge,False,uniform_exact_cost__512,512,512,-0.15957228280603888,0.0888671875
associative_recall,transformer_publication_20260622T101458Z_associative_recall_seed109,109,rslora,512,1,marginal_gain_soft,marginal_gain_soft,marginal_gain_soft,False,uniform_exact_cost__512,512,512,-0.15957228280603888,0.0888671875
associative_recall,transformer_publication_20260622T101458Z_associative_recall_seed109,109,fixed_update_scale,512,2,effective_rank,effective_rank,effective_rank,False,uniform_exact_cost__512,512,512,0.0,0.0
associative_recall,transformer_publication_20260622T101458Z_associative_recall_seed109,109,fixed_update_scale,512,2,soft_dimension,soft_dimension,soft_dimension,True,uniform_exact_cost__512,512,512,0.2596918791532517,-0.07421875
associative_recall,transformer_publication_20260622T101458Z_associative_recall_seed109,109,fixed_update_scale,512,2,gradient_norm,gradient_norm,gradient_norm,False,uniform_exact_cost__512,512,512,0.09460857510566717,0.0
associative_recall,transformer_publication_20260622T101458Z_associative_recall_seed109,109,fixed_update_scale,512,2,marginal_gain_edge,marginal_gain_edge,marginal_gain_edge,False,uniform_exact_cost__512,512,512,0.002901088446378708,0.0
associative_recall,transformer_publication_20260622T101458Z_associative_recall_seed109,109,fixed_update_scale,512,2,marginal_gain_soft,marginal_gain_soft,marginal_gain_soft,False,uniform_exact_cost__512,512,512,0.002901088446378708,0.0
associative_recall,transformer_publication_20260622T101458Z_associative_recall_seed109,109,standard,512,2,effective_rank,effective_rank,effective_rank,False,uniform_exact_cost__512,512,512,0.0,0.0
associative_recall,transformer_publication_20260622T101458Z_associative_recall_seed109,109,standard,512,2,soft_dimension,soft_dimension,soft_dimension,True,uniform_exact_cost__512,512,512,0.24089546874165535,-0.0751953125
associative_recall,transformer_publication_20260622T101458Z_associative_recall_seed109,109,standard,512,2,gradient_norm,gradient_norm,gradient_norm,False,uniform_exact_cost__512,512,512,0.1381449699401855,0.0
associative_recall,transformer_publication_20260622T101458Z_associative_recall_seed109,109,standard,512,2,marginal_gain_edge,marginal_gain_edge,marginal_gain_edge,False,uniform_exact_cost__512,512,512,0.0016815066337584894,0.0
associative_recall,transformer_publication_20260622T101458Z_associative_recall_seed109,109,standard,512,2,marginal_gain_soft,marginal_gain_soft,marginal_gain_soft,False,uniform_exact_cost__512,512,512,0.0016815066337584894,0.0
associative_recall,transformer_publication_20260622T101458Z_associative_recall_seed109,109,rslora,512,2,effective_rank,effective_rank,effective_rank,False,uniform_exact_cost__512,512,512,0.0,0.0
associative_recall,transformer_publication_20260622T101458Z_associative_recall_seed109,109,rslora,512,2,soft_dimension,soft_dimension,soft_dimension,True,uniform_exact_cost__512,512,512,0.183836117386818,-0.07421875
associative_recall,transformer_publication_20260622T101458Z_associative_recall_seed109,109,rslora,512,2,gradient_norm,gradient_norm,gradient_norm,False,uniform_exact_cost__512,512,512,0.09952912479639059,0.0
associative_recall,transformer_publication_20260622T101458Z_associative_recall_seed109,109,rslora,512,2,marginal_gain_edge,marginal_gain_edge,marginal_gain_edge,False,uniform_exact_cost__512,512,512,-0.025237586349248886,0.0
associative_recall,transformer_publication_20260622T101458Z_associative_recall_seed109,109,rslora,512,2,marginal_gain_soft,marginal_gain_soft,marginal_gain_soft,False,uniform_exact_cost__512,512,512,-0.025237586349248886,0.0
associative_recall,transformer_publication_20260622T101458Z_associative_recall_seed109,109,fixed_update_scale,1024,0,effective_rank,effective_rank,effective_rank,False,uniform_exact_cost__1024,1024,1024,-0.0034618575591594015,0.0
associative_recall,transformer_publication_20260622T101458Z_associative_recall_seed109,109,fixed_update_scale,1024,0,soft_dimension,soft_dimension,soft_dimension,True,uniform_exact_cost__1024,1024,1024,-0.0034618575591594015,0.0
associative_recall,transformer_publication_20260622T101458Z_associative_recall_seed109,109,fixed_update_scale,1024,0,gradient_norm,gradient_norm,gradient_norm,False,uniform_exact_cost__1024,1024,1024,-0.009791459422558501,0.0
associative_recall,transformer_publication_20260622T101458Z_associative_recall_seed109,109,fixed_update_scale,1024,0,marginal_gain_edge,marginal_gain_edge,marginal_gain_edge,False,uniform_exact_cost__1024,1024,1024,-0.009290909161791202,0.0
associative_recall,transformer_publication_20260622T101458Z_associative_recall_seed109,109,fixed_update_scale,1024,0,marginal_gain_soft,marginal_gain_soft,marginal_gain_soft,False,uniform_exact_cost__1024,1024,1024,-0.009290909161791202,0.0
associative_recall,transformer_publication_20260622T101458Z_associative_recall_seed109,109,standard,1024,0,effective_rank,effective_rank,effective_rank,False,uniform_exact_cost__1024,1024,1024,-0.0084173971554264,0.0
associative_recall,transformer_publication_20260622T101458Z_associative_recall_seed109,109,standard,1024,0,soft_dimension,soft_dimension,soft_dimension,True,uniform_exact_cost__1024,1024,1024,-0.0084173971554264,0.0
associative_recall,transformer_publication_20260622T101458Z_associative_recall_seed109,109,standard,1024,0,gradient_norm,gradient_norm,gradient_norm,False,uniform_exact_cost__1024,1024,1024,-0.008048909599892799,0.0
associative_recall,transformer_publication_20260622T101458Z_associative_recall_seed109,109,standard,1024,0,marginal_gain_edge,marginal_gain_edge,marginal_gain_edge,False,uniform_exact_cost__1024,1024,1024,-0.007350427797064199,0.0
associative_recall,transformer_publication_20260622T101458Z_associative_recall_seed109,109,standard,1024,0,marginal_gain_soft,marginal_gain_soft,marginal_gain_soft,False,uniform_exact_cost__1024,1024,1024,-0.007350427797064199,0.0
associative_recall,transformer_publication_20260622T101458Z_associative_recall_seed109,109,rslora,1024,0,effective_rank,effective_rank,effective_rank,False,uniform_exact_cost__1024,1024,1024,-0.0085944598540664,0.0
associative_recall,transformer_publication_20260622T101458Z_associative_recall_seed109,109,rslora,1024,0,soft_dimension,soft_dimension,soft_dimension,True,uniform_exact_cost__1024,1024,1024,-0.0085944598540664,0.0
associative_recall,transformer_publication_20260622T101458Z_associative_recall_seed109,109,rslora,1024,0,gradient_norm,gradient_norm,gradient_norm,False,uniform_exact_cost__1024,1024,1024,-0.0120642820838839,0.0
associative_recall,transformer_publication_20260622T101458Z_associative_recall_seed109,109,rslora,1024,0,marginal_gain_edge,marginal_gain_edge,marginal_gain_edge,False,uniform_exact_cost__1024,1024,1024,-0.0086523867212236,0.0
associative_recall,transformer_publication_20260622T101458Z_associative_recall_seed109,109,rslora,1024,0,marginal_gain_soft,marginal_gain_soft,marginal_gain_soft,False,uniform_exact_cost__1024,1024,1024,-0.0086523867212236,0.0
associative_recall,transformer_publication_20260622T101458Z_associative_recall_seed109,109,fixed_update_scale,1024,1,effective_rank,effective_rank,effective_rank,False,uniform_exact_cost__1024,1024,1024,-0.004832815844565599,0.0
associative_recall,transformer_publication_20260622T101458Z_associative_recall_seed109,109,fixed_update_scale,1024,1,soft_dimension,soft_dimension,soft_dimension,True,uniform_exact_cost__1024,1024,1024,-0.004832815844565599,0.0
associative_recall,transformer_publication_20260622T101458Z_associative_recall_seed109,109,fixed_update_scale,1024,1,gradient_norm,gradient_norm,gradient_norm,False,uniform_exact_cost__1024,1024,1024,-0.0096146850846708,0.0
associative_recall,transformer_publication_20260622T101458Z_associative_recall_seed109,109,fixed_update_scale,1024,1,marginal_gain_edge,marginal_gain_edge,marginal_gain_edge,False,uniform_exact_cost__1024,1024,1024,-0.0057592280209064,0.0
associative_recall,transformer_publication_20260622T101458Z_associative_recall_seed109,109,fixed_update_scale,1024,1,marginal_gain_soft,marginal_gain_soft,marginal_gain_soft,False,uniform_exact_cost__1024,1024,1024,-0.0057592280209064,0.0
associative_recall,transformer_publication_20260622T101458Z_associative_recall_seed109,109,standard,1024,1,effective_rank,effective_rank,effective_rank,False,uniform_exact_cost__1024,1024,1024,-0.008935188758187,0.0
associative_recall,transformer_publication_20260622T101458Z_associative_recall_seed109,109,standard,1024,1,soft_dimension,soft_dimension,soft_dimension,True,uniform_exact_cost__1024,1024,1024,-0.008935188758187,0.0
associative_recall,transformer_publication_20260622T101458Z_associative_recall_seed109,109,standard,1024,1,gradient_norm,gradient_norm,gradient_norm,False,uniform_exact_cost__1024,1024,1024,-0.012416244368068898,0.0
associative_recall,transformer_publication_20260622T101458Z_associative_recall_seed109,109,standard,1024,1,marginal_gain_edge,marginal_gain_edge,marginal_gain_edge,False,uniform_exact_cost__1024,1024,1024,-0.005685050738975399,0.0
associative_recall,transformer_publication_20260622T101458Z_associative_recall_seed109,109,standard,1024,1,marginal_gain_soft,marginal_gain_soft,marginal_gain_soft,False,uniform_exact_cost__1024,1024,1024,-0.005685050738975399,0.0
associative_recall,transformer_publication_20260622T101458Z_associative_recall_seed109,109,rslora,1024,1,effective_rank,effective_rank,effective_rank,False,uniform_exact_cost__1024,1024,1024,-0.008201834047213198,0.0
associative_recall,transformer_publication_20260622T101458Z_associative_recall_seed109,109,rslora,1024,1,soft_dimension,soft_dimension,soft_dimension,True,uniform_exact_cost__1024,1024,1024,-0.008201834047213198,0.0
associative_recall,transformer_publication_20260622T101458Z_associative_recall_seed109,109,rslora,1024,1,gradient_norm,gradient_norm,gradient_norm,False,uniform_exact_cost__1024,1024,1024,-0.010905666509643199,0.0
associative_recall,transformer_publication_20260622T101458Z_associative_recall_seed109,109,rslora,1024,1,marginal_gain_edge,marginal_gain_edge,marginal_gain_edge,False,uniform_exact_cost__1024,1024,1024,-0.006146444589830899,0.0
associative_recall,transformer_publication_20260622T101458Z_associative_recall_seed109,109,rslora,1024,1,marginal_gain_soft,marginal_gain_soft,marginal_gain_soft,False,uniform_exact_cost__1024,1024,1024,-0.006146444589830899,0.0
associative_recall,transformer_publication_20260622T101458Z_associative_recall_seed109,109,fixed_update_scale,1024,2,effective_rank,effective_rank,effective_rank,False,uniform_exact_cost__1024,1024,1024,-0.0293894617352634,0.0009765625
associative_recall,transformer_publication_20260622T101458Z_associative_recall_seed109,109,fixed_update_scale,1024,2,soft_dimension,soft_dimension,soft_dimension,True,uniform_exact_cost__1024,1024,1024,-0.0293894617352634,0.0009765625
associative_recall,transformer_publication_20260622T101458Z_associative_recall_seed109,109,fixed_update_scale,1024,2,gradient_norm,gradient_norm,gradient_norm,False,uniform_exact_cost__1024,1024,1024,-0.0370865599252283,0.0009765625
associative_recall,transformer_publication_20260622T101458Z_associative_recall_seed109,109,fixed_update_scale,1024,2,marginal_gain_edge,marginal_gain_edge,marginal_gain_edge,False,uniform_exact_cost__1024,1024,1024,-0.0366230374202132,0.0009765625
associative_recall,transformer_publication_20260622T101458Z_associative_recall_seed109,109,fixed_update_scale,1024,2,marginal_gain_soft,marginal_gain_soft,marginal_gain_soft,False,uniform_exact_cost__1024,1024,1024,-0.0366230374202132,0.0009765625
associative_recall,transformer_publication_20260622T101458Z_associative_recall_seed109,109,standard,1024,2,effective_rank,effective_rank,effective_rank,False,uniform_exact_cost__1024,1024,1024,-0.003350456245243499,0.0
associative_recall,transformer_publication_20260622T101458Z_associative_recall_seed109,109,standard,1024,2,soft_dimension,soft_dimension,soft_dimension,True,uniform_exact_cost__1024,1024,1024,-0.003350456245243499,0.0
associative_recall,transformer_publication_20260622T101458Z_associative_recall_seed109,109,standard,1024,2,gradient_norm,gradient_norm,gradient_norm,False,uniform_exact_cost__1024,1024,1024,-0.006268598255701299,0.0
associative_recall,transformer_publication_20260622T101458Z_associative_recall_seed109,109,standard,1024,2,marginal_gain_edge,marginal_gain_edge,marginal_gain_edge,False,uniform_exact_cost__1024,1024,1024,-0.0041583062848076,0.0
associative_recall,transformer_publication_20260622T101458Z_associative_recall_seed109,109,standard,1024,2,marginal_gain_soft,marginal_gain_soft,marginal_gain_soft,False,uniform_exact_cost__1024,1024,1024,-0.0041583062848076,0.0
associative_recall,transformer_publication_20260622T101458Z_associative_recall_seed109,109,rslora,1024,2,effective_rank,effective_rank,effective_rank,False,uniform_exact_cost__1024,1024,1024,-0.014516874216496903,0.0009765625
associative_recall,transformer_publication_20260622T101458Z_associative_recall_seed109,109,rslora,1024,2,soft_dimension,soft_dimension,soft_dimension,True,uniform_exact_cost__1024,1024,1024,-0.014516874216496903,0.0009765625
associative_recall,transformer_publication_20260622T101458Z_associative_recall_seed109,109,rslora,1024,2,gradient_norm,gradient_norm,gradient_norm,False,uniform_exact_cost__1024,1024,1024,-0.019967568456195302,0.0009765625
associative_recall,transformer_publication_20260622T101458Z_associative_recall_seed109,109,rslora,1024,2,marginal_gain_edge,marginal_gain_edge,marginal_gain_edge,False,uniform_exact_cost__1024,1024,1024,-0.019631998729892103,0.0009765625
associative_recall,transformer_publication_20260622T101458Z_associative_recall_seed109,109,rslora,1024,2,marginal_gain_soft,marginal_gain_soft,marginal_gain_soft,False,uniform_exact_cost__1024,1024,1024,-0.019631998729892103,0.0009765625
associative_recall,transformer_publication_20260622T101458Z_associative_recall_seed109,109,fixed_update_scale,1536,0,effective_rank,effective_rank,effective_rank,False,uniform_exact_cost__1536,1536,1536,-0.0009192878496834004,0.0
associative_recall,transformer_publication_20260622T101458Z_associative_recall_seed109,109,fixed_update_scale,1536,0,soft_dimension,soft_dimension,soft_dimension,True,uniform_exact_cost__1536,1536,1536,-0.0009192878496834004,0.0
associative_recall,transformer_publication_20260622T101458Z_associative_recall_seed109,109,fixed_update_scale,1536,0,gradient_norm,gradient_norm,gradient_norm,False,uniform_exact_cost__1536,1536,1536,-0.0019430312677287,0.0
associative_recall,transformer_publication_20260622T101458Z_associative_recall_seed109,109,fixed_update_scale,1536,0,marginal_gain_edge,marginal_gain_edge,marginal_gain_edge,False,uniform_exact_cost__1536,1536,1536,-0.0028736282838509,0.0
associative_recall,transformer_publication_20260622T101458Z_associative_recall_seed109,109,fixed_update_scale,1536,0,marginal_gain_soft,marginal_gain_soft,marginal_gain_soft,False,uniform_exact_cost__1536,1536,1536,-0.0028736282838509,0.0
associative_recall,transformer_publication_20260622T101458Z_associative_recall_seed109,109,standard,1536,0,effective_rank,effective_rank,effective_rank,False,uniform_exact_cost__1536,1536,1536,-0.0007519696955569002,0.0
associative_recall,transformer_publication_20260622T101458Z_associative_recall_seed109,109,standard,1536,0,soft_dimension,soft_dimension,soft_dimension,True,uniform_exact_cost__1536,1536,1536,-0.0007519696955569002,0.0
associative_recall,transformer_publication_20260622T101458Z_associative_recall_seed109,109,standard,1536,0,gradient_norm,gradient_norm,gradient_norm,False,uniform_exact_cost__1536,1536,1536,-0.0017251420649699997,0.0
associative_recall,transformer_publication_20260622T101458Z_associative_recall_seed109,109,standard,1536,0,marginal_gain_edge,marginal_gain_edge,marginal_gain_edge,False,uniform_exact_cost__1536,1536,1536,-0.0011175368563271998,0.0
associative_recall,transformer_publication_20260622T101458Z_associative_recall_seed109,109,standard,1536,0,marginal_gain_soft,marginal_gain_soft,marginal_gain_soft,False,uniform_exact_cost__1536,1536,1536,-0.0011175368563271998,0.0
associative_recall,transformer_publication_20260622T101458Z_associative_recall_seed109,109,rslora,1536,0,effective_rank,effective_rank,effective_rank,False,uniform_exact_cost__1536,1536,1536,0.0012168859248049002,0.0
associative_recall,transformer_publication_20260622T101458Z_associative_recall_seed109,109,rslora,1536,0,soft_dimension,soft_dimension,soft_dimension,True,uniform_exact_cost__1536,1536,1536,0.0012168859248049002,0.0
associative_recall,transformer_publication_20260622T101458Z_associative_recall_seed109,109,rslora,1536,0,gradient_norm,gradient_norm,gradient_norm,False,uniform_exact_cost__1536,1536,1536,-0.0020705052593258002,0.0
associative_recall,transformer_publication_20260622T101458Z_associative_recall_seed109,109,rslora,1536,0,marginal_gain_edge,marginal_gain_edge,marginal_gain_edge,False,uniform_exact_cost__1536,1536,1536,-0.0012751750764437002,0.0
associative_recall,transformer_publication_20260622T101458Z_associative_recall_seed109,109,rslora,1536,0,marginal_gain_soft,marginal_gain_soft,marginal_gain_soft,False,uniform_exact_cost__1536,1536,1536,-0.0012751750764437002,0.0
associative_recall,transformer_publication_20260622T101458Z_associative_recall_seed109,109,fixed_update_scale,1536,1,effective_rank,effective_rank,effective_rank,False,uniform_exact_cost__1536,1536,1536,0.0006307297153397996,0.0
associative_recall,transformer_publication_20260622T101458Z_associative_recall_seed109,109,fixed_update_scale,1536,1,soft_dimension,soft_dimension,soft_dimension,True,uniform_exact_cost__1536,1536,1536,0.0006307297153397996,0.0
associative_recall,transformer_publication_20260622T101458Z_associative_recall_seed109,109,fixed_update_scale,1536,1,gradient_norm,gradient_norm,gradient_norm,False,uniform_exact_cost__1536,1536,1536,-0.0054046357981861,0.0
associative_recall,transformer_publication_20260622T101458Z_associative_recall_seed109,109,fixed_update_scale,1536,1,marginal_gain_edge,marginal_gain_edge,marginal_gain_edge,False,uniform_exact_cost__1536,1536,1536,-0.0060686494689435,0.0
associative_recall,transformer_publication_20260622T101458Z_associative_recall_seed109,109,fixed_update_scale,1536,1,marginal_gain_soft,marginal_gain_soft,marginal_gain_soft,False,uniform_exact_cost__1536,1536,1536,-0.0060686494689435,0.0
associative_recall,transformer_publication_20260622T101458Z_associative_recall_seed109,109,standard,1536,1,effective_rank,effective_rank,effective_rank,False,uniform_exact_cost__1536,1536,1536,-0.0002727882238105,0.0
associative_recall,transformer_publication_20260622T101458Z_associative_recall_seed109,109,standard,1536,1,soft_dimension,soft_dimension,soft_dimension,True,uniform_exact_cost__1536,1536,1536,-0.0002727882238105,0.0
associative_recall,transformer_publication_20260622T101458Z_associative_recall_seed109,109,standard,1536,1,gradient_norm,gradient_norm,gradient_norm,False,uniform_exact_cost__1536,1536,1536,-0.0024763500841801,0.0
associative_recall,transformer_publication_20260622T101458Z_associative_recall_seed109,109,standard,1536,1,marginal_gain_edge,marginal_gain_edge,marginal_gain_edge,False,uniform_exact_cost__1536,1536,1536,-0.0016372578102163996,0.0
associative_recall,transformer_publication_20260622T101458Z_associative_recall_seed109,109,standard,1536,1,marginal_gain_soft,marginal_gain_soft,marginal_gain_soft,False,uniform_exact_cost__1536,1536,1536,-0.0016372578102163996,0.0
associative_recall,transformer_publication_20260622T101458Z_associative_recall_seed109,109,rslora,1536,1,effective_rank,effective_rank,effective_rank,False,uniform_exact_cost__1536,1536,1536,-0.0030345193808899006,0.0
associative_recall,transformer_publication_20260622T101458Z_associative_recall_seed109,109,rslora,1536,1,soft_dimension,soft_dimension,soft_dimension,True,uniform_exact_cost__1536,1536,1536,-0.0030345193808899006,0.0
associative_recall,transformer_publication_20260622T101458Z_associative_recall_seed109,109,rslora,1536,1,gradient_norm,gradient_norm,gradient_norm,False,uniform_exact_cost__1536,1536,1536,-0.0072648911154829,0.0
associative_recall,transformer_publication_20260622T101458Z_associative_recall_seed109,109,rslora,1536,1,marginal_gain_edge,marginal_gain_edge,marginal_gain_edge,False,uniform_exact_cost__1536,1536,1536,-0.0070323551190086,0.0
associative_recall,transformer_publication_20260622T101458Z_associative_recall_seed109,109,rslora,1536,1,marginal_gain_soft,marginal_gain_soft,marginal_gain_soft,False,uniform_exact_cost__1536,1536,1536,-0.0070323551190086,0.0
associative_recall,transformer_publication_20260622T101458Z_associative_recall_seed109,109,fixed_update_scale,1536,2,effective_rank,effective_rank,effective_rank,False,uniform_exact_cost__1536,1536,1536,-0.00024020776618279872,0.0
associative_recall,transformer_publication_20260622T101458Z_associative_recall_seed109,109,fixed_update_scale,1536,2,soft_dimension,soft_dimension,soft_dimension,True,uniform_exact_cost__1536,1536,1536,-0.00024020776618279872,0.0
associative_recall,transformer_publication_20260622T101458Z_associative_recall_seed109,109,fixed_update_scale,1536,2,gradient_norm,gradient_norm,gradient_norm,False,uniform_exact_cost__1536,1536,1536,-0.0031597035704180997,0.0
associative_recall,transformer_publication_20260622T101458Z_associative_recall_seed109,109,fixed_update_scale,1536,2,marginal_gain_edge,marginal_gain_edge,marginal_gain_edge,False,uniform_exact_cost__1536,1536,1536,-0.0035666014882735995,0.0
associative_recall,transformer_publication_20260622T101458Z_associative_recall_seed109,109,fixed_update_scale,1536,2,marginal_gain_soft,marginal_gain_soft,marginal_gain_soft,False,uniform_exact_cost__1536,1536,1536,-0.0035666014882735995,0.0
associative_recall,transformer_publication_20260622T101458Z_associative_recall_seed109,109,standard,1536,2,effective_rank,effective_rank,effective_rank,False,uniform_exact_cost__1536,1536,1536,-0.0679480172111653,0.0009765625
associative_recall,transformer_publication_20260622T101458Z_associative_recall_seed109,109,standard,1536,2,soft_dimension,soft_dimension,soft_dimension,True,uniform_exact_cost__1536,1536,1536,-0.0679480172111653,0.0009765625
associative_recall,transformer_publication_20260622T101458Z_associative_recall_seed109,109,standard,1536,2,gradient_norm,gradient_norm,gradient_norm,False,uniform_exact_cost__1536,1536,1536,-0.0685206673224456,0.0009765625
associative_recall,transformer_publication_20260622T101458Z_associative_recall_seed109,109,standard,1536,2,marginal_gain_edge,marginal_gain_edge,marginal_gain_edge,False,uniform_exact_cost__1536,1536,1536,-0.06765783735318111,0.0009765625
associative_recall,transformer_publication_20260622T101458Z_associative_recall_seed109,109,standard,1536,2,marginal_gain_soft,marginal_gain_soft,marginal_gain_soft,False,uniform_exact_cost__1536,1536,1536,-0.06765783735318111,0.0009765625
associative_recall,transformer_publication_20260622T101458Z_associative_recall_seed109,109,rslora,1536,2,effective_rank,effective_rank,effective_rank,False,uniform_exact_cost__1536,1536,1536,0.0011212904355488995,0.0
associative_recall,transformer_publication_20260622T101458Z_associative_recall_seed109,109,rslora,1536,2,soft_dimension,soft_dimension,soft_dimension,True,uniform_exact_cost__1536,1536,1536,0.0011212904355488995,0.0
associative_recall,transformer_publication_20260622T101458Z_associative_recall_seed109,109,rslora,1536,2,gradient_norm,gradient_norm,gradient_norm,False,uniform_exact_cost__1536,1536,1536,-0.0017153217922896,0.0
associative_recall,transformer_publication_20260622T101458Z_associative_recall_seed109,109,rslora,1536,2,marginal_gain_edge,marginal_gain_edge,marginal_gain_edge,False,uniform_exact_cost__1536,1536,1536,-0.0013868684764020006,0.0
associative_recall,transformer_publication_20260622T101458Z_associative_recall_seed109,109,rslora,1536,2,marginal_gain_soft,marginal_gain_soft,marginal_gain_soft,False,uniform_exact_cost__1536,1536,1536,-0.0013868684764020006,0.0
associative_recall,transformer_publication_20260622T101458Z_associative_recall_seed109,109,fixed_update_scale,2048,0,effective_rank,effective_rank,effective_rank,False,uniform_exact_cost__2048,2048,2048,-0.0015572537668049002,0.0
associative_recall,transformer_publication_20260622T101458Z_associative_recall_seed109,109,fixed_update_scale,2048,0,soft_dimension,soft_dimension,soft_dimension,True,uniform_exact_cost__2048,2048,2048,0.0004086739500053999,0.0
associative_recall,transformer_publication_20260622T101458Z_associative_recall_seed109,109,fixed_update_scale,2048,0,gradient_norm,gradient_norm,gradient_norm,False,uniform_exact_cost__2048,2048,2048,-0.001557495619636,0.0
associative_recall,transformer_publication_20260622T101458Z_associative_recall_seed109,109,fixed_update_scale,2048,0,marginal_gain_edge,marginal_gain_edge,marginal_gain_edge,False,uniform_exact_cost__2048,2048,2048,-0.0016335038235411,0.0
associative_recall,transformer_publication_20260622T101458Z_associative_recall_seed109,109,fixed_update_scale,2048,0,marginal_gain_soft,marginal_gain_soft,marginal_gain_soft,False,uniform_exact_cost__2048,2048,2048,-0.0016335038235411,0.0
associative_recall,transformer_publication_20260622T101458Z_associative_recall_seed109,109,standard,2048,0,effective_rank,effective_rank,effective_rank,False,uniform_exact_cost__2048,2048,2048,-4.827923839920015e-05,0.0
associative_recall,transformer_publication_20260622T101458Z_associative_recall_seed109,109,standard,2048,0,soft_dimension,soft_dimension,soft_dimension,True,uniform_exact_cost__2048,2048,2048,0.00016601826064279986,0.0
associative_recall,transformer_publication_20260622T101458Z_associative_recall_seed109,109,standard,2048,0,gradient_norm,gradient_norm,gradient_norm,False,uniform_exact_cost__2048,2048,2048,0.0006276023632380999,0.0
associative_recall,transformer_publication_20260622T101458Z_associative_recall_seed109,109,standard,2048,0,marginal_gain_edge,marginal_gain_edge,marginal_gain_edge,False,uniform_exact_cost__2048,2048,2048,-0.00011784455273299976,0.0
associative_recall,transformer_publication_20260622T101458Z_associative_recall_seed109,109,standard,2048,0,marginal_gain_soft,marginal_gain_soft,marginal_gain_soft,False,uniform_exact_cost__2048,2048,2048,-0.00011784455273299976,0.0
associative_recall,transformer_publication_20260622T101458Z_associative_recall_seed109,109,rslora,2048,0,effective_rank,effective_rank,effective_rank,False,uniform_exact_cost__2048,2048,2048,-0.0007086845580489003,0.0
associative_recall,transformer_publication_20260622T101458Z_associative_recall_seed109,109,rslora,2048,0,soft_dimension,soft_dimension,soft_dimension,True,uniform_exact_cost__2048,2048,2048,0.00041690075886429995,0.0
associative_recall,transformer_publication_20260622T101458Z_associative_recall_seed109,109,rslora,2048,0,gradient_norm,gradient_norm,gradient_norm,False,uniform_exact_cost__2048,2048,2048,-0.0006898311548866002,0.0
associative_recall,transformer_publication_20260622T101458Z_associative_recall_seed109,109,rslora,2048,0,marginal_gain_edge,marginal_gain_edge,marginal_gain_edge,False,uniform_exact_cost__2048,2048,2048,-0.0008240923052654,0.0
associative_recall,transformer_publication_20260622T101458Z_associative_recall_seed109,109,rslora,2048,0,marginal_gain_soft,marginal_gain_soft,marginal_gain_soft,False,uniform_exact_cost__2048,2048,2048,-0.0008240923052654,0.0
associative_recall,transformer_publication_20260622T101458Z_associative_recall_seed109,109,fixed_update_scale,2048,1,effective_rank,effective_rank,effective_rank,False,uniform_exact_cost__2048,2048,2048,-0.0006067513313609998,0.0
associative_recall,transformer_publication_20260622T101458Z_associative_recall_seed109,109,fixed_update_scale,2048,1,soft_dimension,soft_dimension,soft_dimension,True,uniform_exact_cost__2048,2048,2048,-0.0003508831141517,0.0
associative_recall,transformer_publication_20260622T101458Z_associative_recall_seed109,109,fixed_update_scale,2048,1,gradient_norm,gradient_norm,gradient_norm,False,uniform_exact_cost__2048,2048,2048,-0.0012072302342858998,0.0
associative_recall,transformer_publication_20260622T101458Z_associative_recall_seed109,109,fixed_update_scale,2048,1,marginal_gain_edge,marginal_gain_edge,marginal_gain_edge,False,uniform_exact_cost__2048,2048,2048,-0.0009561677870806996,0.0
associative_recall,transformer_publication_20260622T101458Z_associative_recall_seed109,109,fixed_update_scale,2048,1,marginal_gain_soft,marginal_gain_soft,marginal_gain_soft,False,uniform_exact_cost__2048,2048,2048,-0.0009561677870806996,0.0
associative_recall,transformer_publication_20260622T101458Z_associative_recall_seed109,109,standard,2048,1,effective_rank,effective_rank,effective_rank,False,uniform_exact_cost__2048,2048,2048,-0.00048728764522819974,0.0
associative_recall,transformer_publication_20260622T101458Z_associative_recall_seed109,109,standard,2048,1,soft_dimension,soft_dimension,soft_dimension,True,uniform_exact_cost__2048,2048,2048,-0.0003213444142601998,0.0
associative_recall,transformer_publication_20260622T101458Z_associative_recall_seed109,109,standard,2048,1,gradient_norm,gradient_norm,gradient_norm,False,uniform_exact_cost__2048,2048,2048,-0.0009241891093552,0.0
associative_recall,transformer_publication_20260622T101458Z_associative_recall_seed109,109,standard,2048,1,marginal_gain_edge,marginal_gain_edge,marginal_gain_edge,False,uniform_exact_cost__2048,2048,2048,-0.0007827240333425998,0.0
associative_recall,transformer_publication_20260622T101458Z_associative_recall_seed109,109,standard,2048,1,marginal_gain_soft,marginal_gain_soft,marginal_gain_soft,False,uniform_exact_cost__2048,2048,2048,-0.0007827240333425998,0.0
associative_recall,transformer_publication_20260622T101458Z_associative_recall_seed109,109,rslora,2048,1,effective_rank,effective_rank,effective_rank,False,uniform_exact_cost__2048,2048,2048,-0.0007362998439931004,0.0
associative_recall,transformer_publication_20260622T101458Z_associative_recall_seed109,109,rslora,2048,1,soft_dimension,soft_dimension,soft_dimension,True,uniform_exact_cost__2048,2048,2048,-0.0009478006977588003,0.0
associative_recall,transformer_publication_20260622T101458Z_associative_recall_seed109,109,rslora,2048,1,gradient_norm,gradient_norm,gradient_norm,False,uniform_exact_cost__2048,2048,2048,-0.0017032858449966002,0.0
associative_recall,transformer_publication_20260622T101458Z_associative_recall_seed109,109,rslora,2048,1,marginal_gain_edge,marginal_gain_edge,marginal_gain_edge,False,uniform_exact_cost__2048,2048,2048,-0.0011856572818943006,0.0
associative_recall,transformer_publication_20260622T101458Z_associative_recall_seed109,109,rslora,2048,1,marginal_gain_soft,marginal_gain_soft,marginal_gain_soft,False,uniform_exact_cost__2048,2048,2048,-0.0011856572818943006,0.0
associative_recall,transformer_publication_20260622T101458Z_associative_recall_seed109,109,fixed_update_scale,2048,2,effective_rank,effective_rank,effective_rank,False,uniform_exact_cost__2048,2048,2048,-0.0013083123485558,0.0
associative_recall,transformer_publication_20260622T101458Z_associative_recall_seed109,109,fixed_update_scale,2048,2,soft_dimension,soft_dimension,soft_dimension,True,uniform_exact_cost__2048,2048,2048,-0.0010289338533766997,0.0
associative_recall,transformer_publication_20260622T101458Z_associative_recall_seed109,109,fixed_update_scale,2048,2,gradient_norm,gradient_norm,gradient_norm,False,uniform_exact_cost__2048,2048,2048,-0.0017328226240352,0.0
associative_recall,transformer_publication_20260622T101458Z_associative_recall_seed109,109,fixed_update_scale,2048,2,marginal_gain_edge,marginal_gain_edge,marginal_gain_edge,False,uniform_exact_cost__2048,2048,2048,-0.0017337112512904999,0.0
associative_recall,transformer_publication_20260622T101458Z_associative_recall_seed109,109,fixed_update_scale,2048,2,marginal_gain_soft,marginal_gain_soft,marginal_gain_soft,False,uniform_exact_cost__2048,2048,2048,-0.0017337112512904999,0.0
associative_recall,transformer_publication_20260622T101458Z_associative_recall_seed109,109,standard,2048,2,effective_rank,effective_rank,effective_rank,False,uniform_exact_cost__2048,2048,2048,0.0001278895069844999,0.0
associative_recall,transformer_publication_20260622T101458Z_associative_recall_seed109,109,standard,2048,2,soft_dimension,soft_dimension,soft_dimension,True,uniform_exact_cost__2048,2048,2048,-0.0005502824933501002,0.0
associative_recall,transformer_publication_20260622T101458Z_associative_recall_seed109,109,standard,2048,2,gradient_norm,gradient_norm,gradient_norm,False,uniform_exact_cost__2048,2048,2048,-0.0004341930762166001,0.0
associative_recall,transformer_publication_20260622T101458Z_associative_recall_seed109,109,standard,2048,2,marginal_gain_edge,marginal_gain_edge,marginal_gain_edge,False,uniform_exact_cost__2048,2048,2048,-0.00048200038145300005,0.0
associative_recall,transformer_publication_20260622T101458Z_associative_recall_seed109,109,standard,2048,2,marginal_gain_soft,marginal_gain_soft,marginal_gain_soft,False,uniform_exact_cost__2048,2048,2048,-0.00048200038145300005,0.0
associative_recall,transformer_publication_20260622T101458Z_associative_recall_seed109,109,rslora,2048,2,effective_rank,effective_rank,effective_rank,False,uniform_exact_cost__2048,2048,2048,-0.00025660273968239984,0.0
associative_recall,transformer_publication_20260622T101458Z_associative_recall_seed109,109,rslora,2048,2,soft_dimension,soft_dimension,soft_dimension,True,uniform_exact_cost__2048,2048,2048,-0.0004730324435512998,0.0
associative_recall,transformer_publication_20260622T101458Z_associative_recall_seed109,109,rslora,2048,2,gradient_norm,gradient_norm,gradient_norm,False,uniform_exact_cost__2048,2048,2048,-0.0007449418189935,0.0
associative_recall,transformer_publication_20260622T101458Z_associative_recall_seed109,109,rslora,2048,2,marginal_gain_edge,marginal_gain_edge,marginal_gain_edge,False,uniform_exact_cost__2048,2048,2048,-0.0007172118930611998,0.0
associative_recall,transformer_publication_20260622T101458Z_associative_recall_seed109,109,rslora,2048,2,marginal_gain_soft,marginal_gain_soft,marginal_gain_soft,False,uniform_exact_cost__2048,2048,2048,-0.0007172118930611998,0.0
associative_recall,transformer_publication_20260622T101458Z_associative_recall_seed109,109,fixed_update_scale,3072,0,effective_rank,effective_rank,effective_rank,False,uniform_exact_cost__3072,3072,3072,-1.1112599168000125e-05,0.0
associative_recall,transformer_publication_20260622T101458Z_associative_recall_seed109,109,fixed_update_scale,3072,0,soft_dimension,soft_dimension,soft_dimension,True,uniform_exact_cost__3072,3072,3072,-1.1112599168000125e-05,0.0
associative_recall,transformer_publication_20260622T101458Z_associative_recall_seed109,109,fixed_update_scale,3072,0,gradient_norm,gradient_norm,gradient_norm,False,uniform_exact_cost__3072,3072,3072,-0.0011306169617456,0.0
associative_recall,transformer_publication_20260622T101458Z_associative_recall_seed109,109,fixed_update_scale,3072,0,marginal_gain_edge,marginal_gain_edge,marginal_gain_edge,False,uniform_exact_cost__3072,3072,3072,-0.0012338573869784,0.0
associative_recall,transformer_publication_20260622T101458Z_associative_recall_seed109,109,fixed_update_scale,3072,0,marginal_gain_soft,marginal_gain_soft,marginal_gain_soft,False,uniform_exact_cost__3072,3072,3072,-0.0012338573869784,0.0
associative_recall,transformer_publication_20260622T101458Z_associative_recall_seed109,109,standard,3072,0,effective_rank,effective_rank,effective_rank,False,uniform_exact_cost__3072,3072,3072,-0.00018471432849759988,0.0
associative_recall,transformer_publication_20260622T101458Z_associative_recall_seed109,109,standard,3072,0,soft_dimension,soft_dimension,soft_dimension,True,uniform_exact_cost__3072,3072,3072,-0.00018471432849759988,0.0
associative_recall,transformer_publication_20260622T101458Z_associative_recall_seed109,109,standard,3072,0,gradient_norm,gradient_norm,gradient_norm,False,uniform_exact_cost__3072,3072,3072,-0.0007966860430314998,0.0
associative_recall,transformer_publication_20260622T101458Z_associative_recall_seed109,109,standard,3072,0,marginal_gain_edge,marginal_gain_edge,marginal_gain_edge,False,uniform_exact_cost__3072,3072,3072,-0.0007471834687749,0.0
associative_recall,transformer_publication_20260622T101458Z_associative_recall_seed109,109,standard,3072,0,marginal_gain_soft,marginal_gain_soft,marginal_gain_soft,False,uniform_exact_cost__3072,3072,3072,-0.0007471834687749,0.0
associative_recall,transformer_publication_20260622T101458Z_associative_recall_seed109,109,rslora,3072,0,effective_rank,effective_rank,effective_rank,False,uniform_exact_cost__3072,3072,3072,-0.0003750130126717998,0.0
associative_recall,transformer_publication_20260622T101458Z_associative_recall_seed109,109,rslora,3072,0,soft_dimension,soft_dimension,soft_dimension,True,uniform_exact_cost__3072,3072,3072,-0.0003750130126717998,0.0
associative_recall,transformer_publication_20260622T101458Z_associative_recall_seed109,109,rslora,3072,0,gradient_norm,gradient_norm,gradient_norm,False,uniform_exact_cost__3072,3072,3072,-0.0011550704803084998,0.0
associative_recall,transformer_publication_20260622T101458Z_associative_recall_seed109,109,rslora,3072,0,marginal_gain_edge,marginal_gain_edge,marginal_gain_edge,False,uniform_exact_cost__3072,3072,3072,-0.0011259077873546999,0.0
associative_recall,transformer_publication_20260622T101458Z_associative_recall_seed109,109,rslora,3072,0,marginal_gain_soft,marginal_gain_soft,marginal_gain_soft,False,uniform_exact_cost__3072,3072,3072,-0.0011259077873546999,0.0
associative_recall,transformer_publication_20260622T101458Z_associative_recall_seed109,109,fixed_update_scale,3072,1,effective_rank,effective_rank,effective_rank,False,uniform_exact_cost__3072,3072,3072,0.00011629378423099997,0.0
associative_recall,transformer_publication_20260622T101458Z_associative_recall_seed109,109,fixed_update_scale,3072,1,soft_dimension,soft_dimension,soft_dimension,True,uniform_exact_cost__3072,3072,3072,0.00011629378423099997,0.0
associative_recall,transformer_publication_20260622T101458Z_associative_recall_seed109,109,fixed_update_scale,3072,1,gradient_norm,gradient_norm,gradient_norm,False,uniform_exact_cost__3072,3072,3072,-0.0006556747102876999,0.0
associative_recall,transformer_publication_20260622T101458Z_associative_recall_seed109,109,fixed_update_scale,3072,1,marginal_gain_edge,marginal_gain_edge,marginal_gain_edge,False,uniform_exact_cost__3072,3072,3072,-0.0003716347418957998,0.0
associative_recall,transformer_publication_20260622T101458Z_associative_recall_seed109,109,fixed_update_scale,3072,1,marginal_gain_soft,marginal_gain_soft,marginal_gain_soft,False,uniform_exact_cost__3072,3072,3072,-0.0003716347418957998,0.0
associative_recall,transformer_publication_20260622T101458Z_associative_recall_seed109,109,standard,3072,1,effective_rank,effective_rank,effective_rank,False,uniform_exact_cost__3072,3072,3072,-9.702314855529991e-05,0.0
associative_recall,transformer_publication_20260622T101458Z_associative_recall_seed109,109,standard,3072,1,soft_dimension,soft_dimension,soft_dimension,True,uniform_exact_cost__3072,3072,3072,-9.702314855529991e-05,0.0
associative_recall,transformer_publication_20260622T101458Z_associative_recall_seed109,109,standard,3072,1,gradient_norm,gradient_norm,gradient_norm,False,uniform_exact_cost__3072,3072,3072,-0.00023297523148359993,0.0
associative_recall,transformer_publication_20260622T101458Z_associative_recall_seed109,109,standard,3072,1,marginal_gain_edge,marginal_gain_edge,marginal_gain_edge,False,uniform_exact_cost__3072,3072,3072,-0.0006156224844744999,0.0
associative_recall,transformer_publication_20260622T101458Z_associative_recall_seed109,109,standard,3072,1,marginal_gain_soft,marginal_gain_soft,marginal_gain_soft,False,uniform_exact_cost__3072,3072,3072,-0.0006156224844744999,0.0
associative_recall,transformer_publication_20260622T101458Z_associative_recall_seed109,109,rslora,3072,1,effective_rank,effective_rank,effective_rank,False,uniform_exact_cost__3072,3072,3072,-1.9009545212600064e-05,0.0
associative_recall,transformer_publication_20260622T101458Z_associative_recall_seed109,109,rslora,3072,1,soft_dimension,soft_dimension,soft_dimension,True,uniform_exact_cost__3072,3072,3072,-1.9009545212600064e-05,0.0
associative_recall,transformer_publication_20260622T101458Z_associative_recall_seed109,109,rslora,3072,1,gradient_norm,gradient_norm,gradient_norm,False,uniform_exact_cost__3072,3072,3072,-0.0004056243924424,0.0
associative_recall,transformer_publication_20260622T101458Z_associative_recall_seed109,109,rslora,3072,1,marginal_gain_edge,marginal_gain_edge,marginal_gain_edge,False,uniform_exact_cost__3072,3072,3072,-0.0004045617242809001,0.0
associative_recall,transformer_publication_20260622T101458Z_associative_recall_seed109,109,rslora,3072,1,marginal_gain_soft,marginal_gain_soft,marginal_gain_soft,False,uniform_exact_cost__3072,3072,3072,-0.0004045617242809001,0.0
associative_recall,transformer_publication_20260622T101458Z_associative_recall_seed109,109,fixed_update_scale,3072,2,effective_rank,effective_rank,effective_rank,False,uniform_exact_cost__3072,3072,3072,0.0004487538826651997,0.0
associative_recall,transformer_publication_20260622T101458Z_associative_recall_seed109,109,fixed_update_scale,3072,2,soft_dimension,soft_dimension,soft_dimension,True,uniform_exact_cost__3072,3072,3072,0.0004487538826651997,0.0
associative_recall,transformer_publication_20260622T101458Z_associative_recall_seed109,109,fixed_update_scale,3072,2,gradient_norm,gradient_norm,gradient_norm,False,uniform_exact_cost__3072,3072,3072,-0.0007204684661701001,0.0
associative_recall,transformer_publication_20260622T101458Z_associative_recall_seed109,109,fixed_update_scale,3072,2,marginal_gain_edge,marginal_gain_edge,marginal_gain_edge,False,uniform_exact_cost__3072,3072,3072,-0.0007648505561519002,0.0
associative_recall,transformer_publication_20260622T101458Z_associative_recall_seed109,109,fixed_update_scale,3072,2,marginal_gain_soft,marginal_gain_soft,marginal_gain_soft,False,uniform_exact_cost__3072,3072,3072,-0.0007648505561519002,0.0
associative_recall,transformer_publication_20260622T101458Z_associative_recall_seed109,109,standard,3072,2,effective_rank,effective_rank,effective_rank,False,uniform_exact_cost__3072,3072,3072,8.075838559309999e-05,0.0
associative_recall,transformer_publication_20260622T101458Z_associative_recall_seed109,109,standard,3072,2,soft_dimension,soft_dimension,soft_dimension,True,uniform_exact_cost__3072,3072,3072,8.075838559309999e-05,0.0
associative_recall,transformer_publication_20260622T101458Z_associative_recall_seed109,109,standard,3072,2,gradient_norm,gradient_norm,gradient_norm,False,uniform_exact_cost__3072,3072,3072,-0.00032330684189220004,0.0
associative_recall,transformer_publication_20260622T101458Z_associative_recall_seed109,109,standard,3072,2,marginal_gain_edge,marginal_gain_edge,marginal_gain_edge,False,uniform_exact_cost__3072,3072,3072,-0.0005990189383737999,0.0
associative_recall,transformer_publication_20260622T101458Z_associative_recall_seed109,109,standard,3072,2,marginal_gain_soft,marginal_gain_soft,marginal_gain_soft,False,uniform_exact_cost__3072,3072,3072,-0.0005990189383737999,0.0
associative_recall,transformer_publication_20260622T101458Z_associative_recall_seed109,109,rslora,3072,2,effective_rank,effective_rank,effective_rank,False,uniform_exact_cost__3072,3072,3072,-0.00010695622768250009,0.0
associative_recall,transformer_publication_20260622T101458Z_associative_recall_seed109,109,rslora,3072,2,soft_dimension,soft_dimension,soft_dimension,True,uniform_exact_cost__3072,3072,3072,-0.00010695622768250009,0.0
associative_recall,transformer_publication_20260622T101458Z_associative_recall_seed109,109,rslora,3072,2,gradient_norm,gradient_norm,gradient_norm,False,uniform_exact_cost__3072,3072,3072,-0.0007237482786877001,0.0
associative_recall,transformer_publication_20260622T101458Z_associative_recall_seed109,109,rslora,3072,2,marginal_gain_edge,marginal_gain_edge,marginal_gain_edge,False,uniform_exact_cost__3072,3072,3072,-0.000746273988625,0.0
associative_recall,transformer_publication_20260622T101458Z_associative_recall_seed109,109,rslora,3072,2,marginal_gain_soft,marginal_gain_soft,marginal_gain_soft,False,uniform_exact_cost__3072,3072,3072,-0.000746273988625,0.0
associative_recall,transformer_publication_20260622T101458Z_associative_recall_seed109,109,fixed_update_scale,4096,0,effective_rank,effective_rank,effective_rank,False,uniform_exact_cost__4096,4096,4096,-0.0004842825874220001,0.0
associative_recall,transformer_publication_20260622T101458Z_associative_recall_seed109,109,fixed_update_scale,4096,0,soft_dimension,soft_dimension,soft_dimension,True,uniform_exact_cost__4096,4096,4096,-0.00040623746463100017,0.0
associative_recall,transformer_publication_20260622T101458Z_associative_recall_seed109,109,fixed_update_scale,4096,0,gradient_norm,gradient_norm,gradient_norm,False,uniform_exact_cost__4096,4096,4096,-0.00033144641201940015,0.0
associative_recall,transformer_publication_20260622T101458Z_associative_recall_seed109,109,fixed_update_scale,4096,0,marginal_gain_edge,marginal_gain_edge,marginal_gain_edge,False,uniform_exact_cost__4096,4096,4096,-0.0003560774785001,0.0
associative_recall,transformer_publication_20260622T101458Z_associative_recall_seed109,109,fixed_update_scale,4096,0,marginal_gain_soft,marginal_gain_soft,marginal_gain_soft,False,uniform_exact_cost__4096,4096,4096,-0.00045747867261519996,0.0
associative_recall,transformer_publication_20260622T101458Z_associative_recall_seed109,109,standard,4096,0,effective_rank,effective_rank,effective_rank,False,uniform_exact_cost__4096,4096,4096,-7.726087642369989e-05,0.0
associative_recall,transformer_publication_20260622T101458Z_associative_recall_seed109,109,standard,4096,0,soft_dimension,soft_dimension,soft_dimension,True,uniform_exact_cost__4096,4096,4096,-0.00028091341664550004,0.0
associative_recall,transformer_publication_20260622T101458Z_associative_recall_seed109,109,standard,4096,0,gradient_norm,gradient_norm,gradient_norm,False,uniform_exact_cost__4096,4096,4096,-6.122091144790008e-05,0.0
associative_recall,transformer_publication_20260622T101458Z_associative_recall_seed109,109,standard,4096,0,marginal_gain_edge,marginal_gain_edge,marginal_gain_edge,False,uniform_exact_cost__4096,4096,4096,-6.829184712840003e-05,0.0
associative_recall,transformer_publication_20260622T101458Z_associative_recall_seed109,109,standard,4096,0,marginal_gain_soft,marginal_gain_soft,marginal_gain_soft,False,uniform_exact_cost__4096,4096,4096,-0.00021243901574050008,0.0
associative_recall,transformer_publication_20260622T101458Z_associative_recall_seed109,109,rslora,4096,0,effective_rank,effective_rank,effective_rank,False,uniform_exact_cost__4096,4096,4096,-0.0003620424831752001,0.0
associative_recall,transformer_publication_20260622T101458Z_associative_recall_seed109,109,rslora,4096,0,soft_dimension,soft_dimension,soft_dimension,True,uniform_exact_cost__4096,4096,4096,-0.0003912087413483001,0.0
associative_recall,transformer_publication_20260622T101458Z_associative_recall_seed109,109,rslora,4096,0,gradient_norm,gradient_norm,gradient_norm,False,uniform_exact_cost__4096,4096,4096,-0.00024535637930970015,0.0
associative_recall,transformer_publication_20260622T101458Z_associative_recall_seed109,109,rslora,4096,0,marginal_gain_edge,marginal_gain_edge,marginal_gain_edge,False,uniform_exact_cost__4096,4096,4096,-0.0002795031177812001,0.0
associative_recall,transformer_publication_20260622T101458Z_associative_recall_seed109,109,rslora,4096,0,marginal_gain_soft,marginal_gain_soft,marginal_gain_soft,False,uniform_exact_cost__4096,4096,4096,-0.00035569879401010007,0.0
associative_recall,transformer_publication_20260622T101458Z_associative_recall_seed109,109,fixed_update_scale,4096,1,effective_rank,effective_rank,effective_rank,False,uniform_exact_cost__4096,4096,4096,-0.00041149755998050016,0.0
associative_recall,transformer_publication_20260622T101458Z_associative_recall_seed109,109,fixed_update_scale,4096,1,soft_dimension,soft_dimension,soft_dimension,True,uniform_exact_cost__4096,4096,4096,-0.00023953084019010017,0.0
associative_recall,transformer_publication_20260622T101458Z_associative_recall_seed109,109,fixed_update_scale,4096,1,gradient_norm,gradient_norm,gradient_norm,False,uniform_exact_cost__4096,4096,4096,-0.0006557752640220002,0.0
associative_recall,transformer_publication_20260622T101458Z_associative_recall_seed109,109,fixed_update_scale,4096,1,marginal_gain_edge,marginal_gain_edge,marginal_gain_edge,False,uniform_exact_cost__4096,4096,4096,-0.0006394660595106,0.0
associative_recall,transformer_publication_20260622T101458Z_associative_recall_seed109,109,fixed_update_scale,4096,1,marginal_gain_soft,marginal_gain_soft,marginal_gain_soft,False,uniform_exact_cost__4096,4096,4096,-0.0005066575686215001,0.0
associative_recall,transformer_publication_20260622T101458Z_associative_recall_seed109,109,standard,4096,1,effective_rank,effective_rank,effective_rank,False,uniform_exact_cost__4096,4096,4096,-6.549242243639999e-05,0.0
associative_recall,transformer_publication_20260622T101458Z_associative_recall_seed109,109,standard,4096,1,soft_dimension,soft_dimension,soft_dimension,True,uniform_exact_cost__4096,4096,4096,-8.259710739370006e-05,0.0
associative_recall,transformer_publication_20260622T101458Z_associative_recall_seed109,109,standard,4096,1,gradient_norm,gradient_norm,gradient_norm,False,uniform_exact_cost__4096,4096,4096,-0.00015843911387500016,0.0
associative_recall,transformer_publication_20260622T101458Z_associative_recall_seed109,109,standard,4096,1,marginal_gain_edge,marginal_gain_edge,marginal_gain_edge,False,uniform_exact_cost__4096,4096,4096,-0.0002063223801088,0.0
associative_recall,transformer_publication_20260622T101458Z_associative_recall_seed109,109,standard,4096,1,marginal_gain_soft,marginal_gain_soft,marginal_gain_soft,False,uniform_exact_cost__4096,4096,4096,-0.00013003770436630004,0.0
associative_recall,transformer_publication_20260622T101458Z_associative_recall_seed109,109,rslora,4096,1,effective_rank,effective_rank,effective_rank,False,uniform_exact_cost__4096,4096,4096,-0.00025721643760329995,0.0
associative_recall,transformer_publication_20260622T101458Z_associative_recall_seed109,109,rslora,4096,1,soft_dimension,soft_dimension,soft_dimension,True,uniform_exact_cost__4096,4096,4096,-0.0002973576483781999,0.0
associative_recall,transformer_publication_20260622T101458Z_associative_recall_seed109,109,rslora,4096,1,gradient_norm,gradient_norm,gradient_norm,False,uniform_exact_cost__4096,4096,4096,-0.0004100685910089,0.0
associative_recall,transformer_publication_20260622T101458Z_associative_recall_seed109,109,rslora,4096,1,marginal_gain_edge,marginal_gain_edge,marginal_gain_edge,False,uniform_exact_cost__4096,4096,4096,-0.00045545800821849983,0.0
associative_recall,transformer_publication_20260622T101458Z_associative_recall_seed109,109,rslora,4096,1,marginal_gain_soft,marginal_gain_soft,marginal_gain_soft,False,uniform_exact_cost__4096,4096,4096,-0.0003217704361303999,0.0
associative_recall,transformer_publication_20260622T101458Z_associative_recall_seed109,109,fixed_update_scale,4096,2,effective_rank,effective_rank,effective_rank,False,uniform_exact_cost__4096,4096,4096,-0.0001550703163957,0.0
associative_recall,transformer_publication_20260622T101458Z_associative_recall_seed109,109,fixed_update_scale,4096,2,soft_dimension,soft_dimension,soft_dimension,True,uniform_exact_cost__4096,4096,4096,-5.147885531200068e-06,0.0
associative_recall,transformer_publication_20260622T101458Z_associative_recall_seed109,109,fixed_update_scale,4096,2,gradient_norm,gradient_norm,gradient_norm,False,uniform_exact_cost__4096,4096,4096,-0.00011982726573480013,0.0
associative_recall,transformer_publication_20260622T101458Z_associative_recall_seed109,109,fixed_update_scale,4096,2,marginal_gain_edge,marginal_gain_edge,marginal_gain_edge,False,uniform_exact_cost__4096,4096,4096,-0.00029065718990750004,0.0
associative_recall,transformer_publication_20260622T101458Z_associative_recall_seed109,109,fixed_update_scale,4096,2,marginal_gain_soft,marginal_gain_soft,marginal_gain_soft,False,uniform_exact_cost__4096,4096,4096,-0.00039341096999120006,0.0
associative_recall,transformer_publication_20260622T101458Z_associative_recall_seed109,109,standard,4096,2,effective_rank,effective_rank,effective_rank,False,uniform_exact_cost__4096,4096,4096,-0.0001905109820654,0.0
associative_recall,transformer_publication_20260622T101458Z_associative_recall_seed109,109,standard,4096,2,soft_dimension,soft_dimension,soft_dimension,True,uniform_exact_cost__4096,4096,4096,-1.3883371138900119e-05,0.0
associative_recall,transformer_publication_20260622T101458Z_associative_recall_seed109,109,standard,4096,2,gradient_norm,gradient_norm,gradient_norm,False,uniform_exact_cost__4096,4096,4096,0.00015079004515429983,0.0
associative_recall,transformer_publication_20260622T101458Z_associative_recall_seed109,109,standard,4096,2,marginal_gain_edge,marginal_gain_edge,marginal_gain_edge,False,uniform_exact_cost__4096,4096,4096,0.0001369425444863999,0.0
associative_recall,transformer_publication_20260622T101458Z_associative_recall_seed109,109,standard,4096,2,marginal_gain_soft,marginal_gain_soft,marginal_gain_soft,False,uniform_exact_cost__4096,4096,4096,-0.00017373610171490003,0.0
associative_recall,transformer_publication_20260622T101458Z_associative_recall_seed109,109,rslora,4096,2,effective_rank,effective_rank,effective_rank,False,uniform_exact_cost__4096,4096,4096,-0.00017956631199920006,0.0
associative_recall,transformer_publication_20260622T101458Z_associative_recall_seed109,109,rslora,4096,2,soft_dimension,soft_dimension,soft_dimension,True,uniform_exact_cost__4096,4096,4096,-3.619989729480009e-05,0.0
associative_recall,transformer_publication_20260622T101458Z_associative_recall_seed109,109,rslora,4096,2,gradient_norm,gradient_norm,gradient_norm,False,uniform_exact_cost__4096,4096,4096,3.674755862449991e-05,0.0
associative_recall,transformer_publication_20260622T101458Z_associative_recall_seed109,109,rslora,4096,2,marginal_gain_edge,marginal_gain_edge,marginal_gain_edge,False,uniform_exact_cost__4096,4096,4096,-6.454474350899996e-05,0.0
associative_recall,transformer_publication_20260622T101458Z_associative_recall_seed109,109,rslora,4096,2,marginal_gain_soft,marginal_gain_soft,marginal_gain_soft,False,uniform_exact_cost__4096,4096,4096,-0.0002233672857983001,0.0
associative_recall,transformer_publication_20260622T101458Z_associative_recall_seed109,109,fixed_update_scale,6144,0,effective_rank,effective_rank,effective_rank,False,uniform_exact_cost__6144,6144,6144,-8.485914440830005e-05,0.0
associative_recall,transformer_publication_20260622T101458Z_associative_recall_seed109,109,fixed_update_scale,6144,0,soft_dimension,soft_dimension,soft_dimension,True,uniform_exact_cost__6144,6144,6144,-8.485914440830005e-05,0.0
associative_recall,transformer_publication_20260622T101458Z_associative_recall_seed109,109,fixed_update_scale,6144,0,gradient_norm,gradient_norm,gradient_norm,False,uniform_exact_cost__6144,6144,6144,-0.00018649770936460003,0.0
associative_recall,transformer_publication_20260622T101458Z_associative_recall_seed109,109,fixed_update_scale,6144,0,marginal_gain_edge,marginal_gain_edge,marginal_gain_edge,False,uniform_exact_cost__6144,6144,6144,-0.0001494694442954,0.0
associative_recall,transformer_publication_20260622T101458Z_associative_recall_seed109,109,fixed_update_scale,6144,0,marginal_gain_soft,marginal_gain_soft,marginal_gain_soft,False,uniform_exact_cost__6144,6144,6144,-0.0001494694442954,0.0
associative_recall,transformer_publication_20260622T101458Z_associative_recall_seed109,109,standard,6144,0,effective_rank,effective_rank,effective_rank,False,uniform_exact_cost__6144,6144,6144,-0.00012757686636180002,0.0
associative_recall,transformer_publication_20260622T101458Z_associative_recall_seed109,109,standard,6144,0,soft_dimension,soft_dimension,soft_dimension,True,uniform_exact_cost__6144,6144,6144,-0.00012757686636180002,0.0
associative_recall,transformer_publication_20260622T101458Z_associative_recall_seed109,109,standard,6144,0,gradient_norm,gradient_norm,gradient_norm,False,uniform_exact_cost__6144,6144,6144,-0.0001787456494639,0.0
associative_recall,transformer_publication_20260622T101458Z_associative_recall_seed109,109,standard,6144,0,marginal_gain_edge,marginal_gain_edge,marginal_gain_edge,False,uniform_exact_cost__6144,6144,6144,8.947419701200044e-06,0.0
associative_recall,transformer_publication_20260622T101458Z_associative_recall_seed109,109,standard,6144,0,marginal_gain_soft,marginal_gain_soft,marginal_gain_soft,False,uniform_exact_cost__6144,6144,6144,8.947419701200044e-06,0.0
associative_recall,transformer_publication_20260622T101458Z_associative_recall_seed109,109,rslora,6144,0,effective_rank,effective_rank,effective_rank,False,uniform_exact_cost__6144,6144,6144,-0.00016722101281629995,0.0
associative_recall,transformer_publication_20260622T101458Z_associative_recall_seed109,109,rslora,6144,0,soft_dimension,soft_dimension,soft_dimension,True,uniform_exact_cost__6144,6144,6144,-0.00016722101281629995,0.0
associative_recall,transformer_publication_20260622T101458Z_associative_recall_seed109,109,rslora,6144,0,gradient_norm,gradient_norm,gradient_norm,False,uniform_exact_cost__6144,6144,6144,-0.00017706607468419993,0.0
associative_recall,transformer_publication_20260622T101458Z_associative_recall_seed109,109,rslora,6144,0,marginal_gain_edge,marginal_gain_edge,marginal_gain_edge,False,uniform_exact_cost__6144,6144,6144,-6.498207221739992e-05,0.0
associative_recall,transformer_publication_20260622T101458Z_associative_recall_seed109,109,rslora,6144,0,marginal_gain_soft,marginal_gain_soft,marginal_gain_soft,False,uniform_exact_cost__6144,6144,6144,-6.498207221739992e-05,0.0
associative_recall,transformer_publication_20260622T101458Z_associative_recall_seed109,109,fixed_update_scale,6144,1,effective_rank,effective_rank,effective_rank,False,uniform_exact_cost__6144,6144,6144,3.965455107399988e-06,0.0
associative_recall,transformer_publication_20260622T101458Z_associative_recall_seed109,109,fixed_update_scale,6144,1,soft_dimension,soft_dimension,soft_dimension,True,uniform_exact_cost__6144,6144,6144,3.965455107399988e-06,0.0
associative_recall,transformer_publication_20260622T101458Z_associative_recall_seed109,109,fixed_update_scale,6144,1,gradient_norm,gradient_norm,gradient_norm,False,uniform_exact_cost__6144,6144,6144,-0.00015653388982180005,0.0
associative_recall,transformer_publication_20260622T101458Z_associative_recall_seed109,109,fixed_update_scale,6144,1,marginal_gain_edge,marginal_gain_edge,marginal_gain_edge,False,uniform_exact_cost__6144,6144,6144,-0.0001798139273888,0.0
associative_recall,transformer_publication_20260622T101458Z_associative_recall_seed109,109,fixed_update_scale,6144,1,marginal_gain_soft,marginal_gain_soft,marginal_gain_soft,False,uniform_exact_cost__6144,6144,6144,-0.0001798139273888,0.0
associative_recall,transformer_publication_20260622T101458Z_associative_recall_seed109,109,standard,6144,1,effective_rank,effective_rank,effective_rank,False,uniform_exact_cost__6144,6144,6144,-0.0001701567962300001,0.0
associative_recall,transformer_publication_20260622T101458Z_associative_recall_seed109,109,standard,6144,1,soft_dimension,soft_dimension,soft_dimension,True,uniform_exact_cost__6144,6144,6144,-0.0001701567962300001,0.0
associative_recall,transformer_publication_20260622T101458Z_associative_recall_seed109,109,standard,6144,1,gradient_norm,gradient_norm,gradient_norm,False,uniform_exact_cost__6144,6144,6144,-0.00012619081826410012,0.0
associative_recall,transformer_publication_20260622T101458Z_associative_recall_seed109,109,standard,6144,1,marginal_gain_edge,marginal_gain_edge,marginal_gain_edge,False,uniform_exact_cost__6144,6144,6144,-2.6732392143400015e-05,0.0
associative_recall,transformer_publication_20260622T101458Z_associative_recall_seed109,109,standard,6144,1,marginal_gain_soft,marginal_gain_soft,marginal_gain_soft,False,uniform_exact_cost__6144,6144,6144,-2.6732392143400015e-05,0.0
associative_recall,transformer_publication_20260622T101458Z_associative_recall_seed109,109,rslora,6144,1,effective_rank,effective_rank,effective_rank,False,uniform_exact_cost__6144,6144,6144,-3.979056782550021e-05,0.0
associative_recall,transformer_publication_20260622T101458Z_associative_recall_seed109,109,rslora,6144,1,soft_dimension,soft_dimension,soft_dimension,True,uniform_exact_cost__6144,6144,6144,-3.979056782550021e-05,0.0
associative_recall,transformer_publication_20260622T101458Z_associative_recall_seed109,109,rslora,6144,1,gradient_norm,gradient_norm,gradient_norm,False,uniform_exact_cost__6144,6144,6144,-6.570522236870005e-05,0.0
associative_recall,transformer_publication_20260622T101458Z_associative_recall_seed109,109,rslora,6144,1,marginal_gain_edge,marginal_gain_edge,marginal_gain_edge,False,uniform_exact_cost__6144,6144,6144,-5.584378232010006e-05,0.0
associative_recall,transformer_publication_20260622T101458Z_associative_recall_seed109,109,rslora,6144,1,marginal_gain_soft,marginal_gain_soft,marginal_gain_soft,False,uniform_exact_cost__6144,6144,6144,-5.584378232010006e-05,0.0
associative_recall,transformer_publication_20260622T101458Z_associative_recall_seed109,109,fixed_update_scale,6144,2,effective_rank,effective_rank,effective_rank,False,uniform_exact_cost__6144,6144,6144,-0.00017061710968839993,0.0
associative_recall,transformer_publication_20260622T101458Z_associative_recall_seed109,109,fixed_update_scale,6144,2,soft_dimension,soft_dimension,soft_dimension,True,uniform_exact_cost__6144,6144,6144,-0.00017061710968839993,0.0
associative_recall,transformer_publication_20260622T101458Z_associative_recall_seed109,109,fixed_update_scale,6144,2,gradient_norm,gradient_norm,gradient_norm,False,uniform_exact_cost__6144,6144,6144,-0.00016094633610919996,0.0
associative_recall,transformer_publication_20260622T101458Z_associative_recall_seed109,109,fixed_update_scale,6144,2,marginal_gain_edge,marginal_gain_edge,marginal_gain_edge,False,uniform_exact_cost__6144,6144,6144,-0.00022354882094069992,0.0
associative_recall,transformer_publication_20260622T101458Z_associative_recall_seed109,109,fixed_update_scale,6144,2,marginal_gain_soft,marginal_gain_soft,marginal_gain_soft,False,uniform_exact_cost__6144,6144,6144,-0.00022354882094069992,0.0
associative_recall,transformer_publication_20260622T101458Z_associative_recall_seed109,109,standard,6144,2,effective_rank,effective_rank,effective_rank,False,uniform_exact_cost__6144,6144,6144,-0.00010606372961770012,0.0
associative_recall,transformer_publication_20260622T101458Z_associative_recall_seed109,109,standard,6144,2,soft_dimension,soft_dimension,soft_dimension,True,uniform_exact_cost__6144,6144,6144,-0.00010606372961770012,0.0
associative_recall,transformer_publication_20260622T101458Z_associative_recall_seed109,109,standard,6144,2,gradient_norm,gradient_norm,gradient_norm,False,uniform_exact_cost__6144,6144,6144,-0.0001304820107179001,0.0
associative_recall,transformer_publication_20260622T101458Z_associative_recall_seed109,109,standard,6144,2,marginal_gain_edge,marginal_gain_edge,marginal_gain_edge,False,uniform_exact_cost__6144,6144,6144,-8.313189027830015e-05,0.0
associative_recall,transformer_publication_20260622T101458Z_associative_recall_seed109,109,standard,6144,2,marginal_gain_soft,marginal_gain_soft,marginal_gain_soft,False,uniform_exact_cost__6144,6144,6144,-8.313189027830015e-05,0.0
associative_recall,transformer_publication_20260622T101458Z_associative_recall_seed109,109,rslora,6144,2,effective_rank,effective_rank,effective_rank,False,uniform_exact_cost__6144,6144,6144,-0.00012596513261089993,0.0
associative_recall,transformer_publication_20260622T101458Z_associative_recall_seed109,109,rslora,6144,2,soft_dimension,soft_dimension,soft_dimension,True,uniform_exact_cost__6144,6144,6144,-0.00012596513261089993,0.0
associative_recall,transformer_publication_20260622T101458Z_associative_recall_seed109,109,rslora,6144,2,gradient_norm,gradient_norm,gradient_norm,False,uniform_exact_cost__6144,6144,6144,-0.0001970671728486,0.0
associative_recall,transformer_publication_20260622T101458Z_associative_recall_seed109,109,rslora,6144,2,marginal_gain_edge,marginal_gain_edge,marginal_gain_edge,False,uniform_exact_cost__6144,6144,6144,-0.00012529412924779993,0.0
associative_recall,transformer_publication_20260622T101458Z_associative_recall_seed109,109,rslora,6144,2,marginal_gain_soft,marginal_gain_soft,marginal_gain_soft,False,uniform_exact_cost__6144,6144,6144,-0.00012529412924779993,0.0
associative_recall,transformer_publication_20260622T101458Z_associative_recall_seed113,113,fixed_update_scale,512,0,effective_rank,effective_rank,effective_rank,False,uniform_exact_cost__512,512,512,0.0,0.0
associative_recall,transformer_publication_20260622T101458Z_associative_recall_seed113,113,fixed_update_scale,512,0,soft_dimension,soft_dimension,soft_dimension,True,uniform_exact_cost__512,512,512,0.0,0.0
associative_recall,transformer_publication_20260622T101458Z_associative_recall_seed113,113,fixed_update_scale,512,0,gradient_norm,gradient_norm,gradient_norm,False,uniform_exact_cost__512,512,512,0.06571391224861145,0.001953125
associative_recall,transformer_publication_20260622T101458Z_associative_recall_seed113,113,fixed_update_scale,512,0,marginal_gain_edge,marginal_gain_edge,marginal_gain_edge,False,uniform_exact_cost__512,512,512,-0.07090000808238989,0.0029296875
associative_recall,transformer_publication_20260622T101458Z_associative_recall_seed113,113,fixed_update_scale,512,0,marginal_gain_soft,marginal_gain_soft,marginal_gain_soft,False,uniform_exact_cost__512,512,512,-0.07090000808238989,0.0029296875
associative_recall,transformer_publication_20260622T101458Z_associative_recall_seed113,113,standard,512,0,effective_rank,effective_rank,effective_rank,False,uniform_exact_cost__512,512,512,0.0,0.0
associative_recall,transformer_publication_20260622T101458Z_associative_recall_seed113,113,standard,512,0,soft_dimension,soft_dimension,soft_dimension,True,uniform_exact_cost__512,512,512,0.0,0.0
associative_recall,transformer_publication_20260622T101458Z_associative_recall_seed113,113,standard,512,0,gradient_norm,gradient_norm,gradient_norm,False,uniform_exact_cost__512,512,512,0.154782373458147,0.0009765625
associative_recall,transformer_publication_20260622T101458Z_associative_recall_seed113,113,standard,512,0,marginal_gain_edge,marginal_gain_edge,marginal_gain_edge,False,uniform_exact_cost__512,512,512,0.14353939145803452,0.0009765625
associative_recall,transformer_publication_20260622T101458Z_associative_recall_seed113,113,standard,512,0,marginal_gain_soft,marginal_gain_soft,marginal_gain_soft,False,uniform_exact_cost__512,512,512,0.14353939145803452,0.0009765625
associative_recall,transformer_publication_20260622T101458Z_associative_recall_seed113,113,rslora,512,0,effective_rank,effective_rank,effective_rank,False,uniform_exact_cost__512,512,512,0.0,0.0
associative_recall,transformer_publication_20260622T101458Z_associative_recall_seed113,113,rslora,512,0,soft_dimension,soft_dimension,soft_dimension,True,uniform_exact_cost__512,512,512,0.0,0.0
associative_recall,transformer_publication_20260622T101458Z_associative_recall_seed113,113,rslora,512,0,gradient_norm,gradient_norm,gradient_norm,False,uniform_exact_cost__512,512,512,0.15503955259919167,0.0029296875
associative_recall,transformer_publication_20260622T101458Z_associative_recall_seed113,113,rslora,512,0,marginal_gain_edge,marginal_gain_edge,marginal_gain_edge,False,uniform_exact_cost__512,512,512,0.08626233413815498,0.00390625
associative_recall,transformer_publication_20260622T101458Z_associative_recall_seed113,113,rslora,512,0,marginal_gain_soft,marginal_gain_soft,marginal_gain_soft,False,uniform_exact_cost__512,512,512,0.08626233413815498,0.00390625
associative_recall,transformer_publication_20260622T101458Z_associative_recall_seed113,113,fixed_update_scale,512,1,effective_rank,effective_rank,effective_rank,False,uniform_exact_cost__512,512,512,0.0,0.0
associative_recall,transformer_publication_20260622T101458Z_associative_recall_seed113,113,fixed_update_scale,512,1,soft_dimension,soft_dimension,soft_dimension,True,uniform_exact_cost__512,512,512,0.0,0.0
associative_recall,transformer_publication_20260622T101458Z_associative_recall_seed113,113,fixed_update_scale,512,1,gradient_norm,gradient_norm,gradient_norm,False,uniform_exact_cost__512,512,512,-0.019164416939020157,0.1259765625
associative_recall,transformer_publication_20260622T101458Z_associative_recall_seed113,113,fixed_update_scale,512,1,marginal_gain_edge,marginal_gain_edge,marginal_gain_edge,False,uniform_exact_cost__512,512,512,-0.1698804460465908,0.1259765625
associative_recall,transformer_publication_20260622T101458Z_associative_recall_seed113,113,fixed_update_scale,512,1,marginal_gain_soft,marginal_gain_soft,marginal_gain_soft,False,uniform_exact_cost__512,512,512,-0.1698804460465908,0.1259765625
associative_recall,transformer_publication_20260622T101458Z_associative_recall_seed113,113,standard,512,1,effective_rank,effective_rank,effective_rank,False,uniform_exact_cost__512,512,512,0.0,0.0
associative_recall,transformer_publication_20260622T101458Z_associative_recall_seed113,113,standard,512,1,soft_dimension,soft_dimension,soft_dimension,True,uniform_exact_cost__512,512,512,0.0,0.0
associative_recall,transformer_publication_20260622T101458Z_associative_recall_seed113,113,standard,512,1,gradient_norm,gradient_norm,gradient_norm,False,uniform_exact_cost__512,512,512,-0.001791343092918396,0.05859375
associative_recall,transformer_publication_20260622T101458Z_associative_recall_seed113,113,standard,512,1,marginal_gain_edge,marginal_gain_edge,marginal_gain_edge,False,uniform_exact_cost__512,512,512,-0.05147692561149597,0.0595703125
associative_recall,transformer_publication_20260622T101458Z_associative_recall_seed113,113,standard,512,1,marginal_gain_soft,marginal_gain_soft,marginal_gain_soft,False,uniform_exact_cost__512,512,512,-0.05147692561149597,0.0595703125
associative_recall,transformer_publication_20260622T101458Z_associative_recall_seed113,113,rslora,512,1,effective_rank,effective_rank,effective_rank,False,uniform_exact_cost__512,512,512,0.0,0.0
associative_recall,transformer_publication_20260622T101458Z_associative_recall_seed113,113,rslora,512,1,soft_dimension,soft_dimension,soft_dimension,True,uniform_exact_cost__512,512,512,0.0,0.0
associative_recall,transformer_publication_20260622T101458Z_associative_recall_seed113,113,rslora,512,1,gradient_norm,gradient_norm,gradient_norm,False,uniform_exact_cost__512,512,512,0.04597549885511398,0.0673828125
associative_recall,transformer_publication_20260622T101458Z_associative_recall_seed113,113,rslora,512,1,marginal_gain_edge,marginal_gain_edge,marginal_gain_edge,False,uniform_exact_cost__512,512,512,-0.05225216969847679,0.068359375
associative_recall,transformer_publication_20260622T101458Z_associative_recall_seed113,113,rslora,512,1,marginal_gain_soft,marginal_gain_soft,marginal_gain_soft,False,uniform_exact_cost__512,512,512,-0.05225216969847679,0.068359375
associative_recall,transformer_publication_20260622T101458Z_associative_recall_seed113,113,fixed_update_scale,512,2,effective_rank,effective_rank,effective_rank,False,uniform_exact_cost__512,512,512,0.0,0.0
associative_recall,transformer_publication_20260622T101458Z_associative_recall_seed113,113,fixed_update_scale,512,2,soft_dimension,soft_dimension,soft_dimension,True,uniform_exact_cost__512,512,512,0.0,0.0
associative_recall,transformer_publication_20260622T101458Z_associative_recall_seed113,113,fixed_update_scale,512,2,gradient_norm,gradient_norm,gradient_norm,False,uniform_exact_cost__512,512,512,-0.2271812520921231,0.1328125
associative_recall,transformer_publication_20260622T101458Z_associative_recall_seed113,113,fixed_update_scale,512,2,marginal_gain_edge,marginal_gain_edge,marginal_gain_edge,False,uniform_exact_cost__512,512,512,-0.2311525121331215,0.1357421875
associative_recall,transformer_publication_20260622T101458Z_associative_recall_seed113,113,fixed_update_scale,512,2,marginal_gain_soft,marginal_gain_soft,marginal_gain_soft,False,uniform_exact_cost__512,512,512,-0.2311525121331215,0.1357421875
associative_recall,transformer_publication_20260622T101458Z_associative_recall_seed113,113,standard,512,2,effective_rank,effective_rank,effective_rank,False,uniform_exact_cost__512,512,512,0.0,0.0
associative_recall,transformer_publication_20260622T101458Z_associative_recall_seed113,113,standard,512,2,soft_dimension,soft_dimension,soft_dimension,True,uniform_exact_cost__512,512,512,0.0,0.0
associative_recall,transformer_publication_20260622T101458Z_associative_recall_seed113,113,standard,512,2,gradient_norm,gradient_norm,gradient_norm,False,uniform_exact_cost__512,512,512,-0.2228284478187561,0.1982421875
associative_recall,transformer_publication_20260622T101458Z_associative_recall_seed113,113,standard,512,2,marginal_gain_edge,marginal_gain_edge,marginal_gain_edge,False,uniform_exact_cost__512,512,512,-0.2401745393872261,0.2060546875
associative_recall,transformer_publication_20260622T101458Z_associative_recall_seed113,113,standard,512,2,marginal_gain_soft,marginal_gain_soft,marginal_gain_soft,False,uniform_exact_cost__512,512,512,-0.2401745393872261,0.2060546875
associative_recall,transformer_publication_20260622T101458Z_associative_recall_seed113,113,rslora,512,2,effective_rank,effective_rank,effective_rank,False,uniform_exact_cost__512,512,512,0.0,0.0
associative_recall,transformer_publication_20260622T101458Z_associative_recall_seed113,113,rslora,512,2,soft_dimension,soft_dimension,soft_dimension,True,uniform_exact_cost__512,512,512,0.0,0.0
associative_recall,transformer_publication_20260622T101458Z_associative_recall_seed113,113,rslora,512,2,gradient_norm,gradient_norm,gradient_norm,False,uniform_exact_cost__512,512,512,-0.12795371934771543,0.1279296875
associative_recall,transformer_publication_20260622T101458Z_associative_recall_seed113,113,rslora,512,2,marginal_gain_edge,marginal_gain_edge,marginal_gain_edge,False,uniform_exact_cost__512,512,512,-0.1605807021260262,0.12890625
associative_recall,transformer_publication_20260622T101458Z_associative_recall_seed113,113,rslora,512,2,marginal_gain_soft,marginal_gain_soft,marginal_gain_soft,False,uniform_exact_cost__512,512,512,-0.1605807021260262,0.12890625
associative_recall,transformer_publication_20260622T101458Z_associative_recall_seed113,113,fixed_update_scale,1024,0,effective_rank,effective_rank,effective_rank,False,uniform_exact_cost__1024,1024,1024,-0.3148702150210738,0.0009765625
associative_recall,transformer_publication_20260622T101458Z_associative_recall_seed113,113,fixed_update_scale,1024,0,soft_dimension,soft_dimension,soft_dimension,True,uniform_exact_cost__1024,1024,1024,-0.3148702150210738,0.0009765625
associative_recall,transformer_publication_20260622T101458Z_associative_recall_seed113,113,fixed_update_scale,1024,0,gradient_norm,gradient_norm,gradient_norm,False,uniform_exact_cost__960,960,960,-0.0454452726989984,0.0
associative_recall,transformer_publication_20260622T101458Z_associative_recall_seed113,113,fixed_update_scale,1024,0,marginal_gain_edge,marginal_gain_edge,marginal_gain_edge,False,uniform_exact_cost__1024,1024,1024,-0.3181877159513533,0.0009765625
associative_recall,transformer_publication_20260622T101458Z_associative_recall_seed113,113,fixed_update_scale,1024,0,marginal_gain_soft,marginal_gain_soft,marginal_gain_soft,False,uniform_exact_cost__1024,1024,1024,-0.3181877159513533,0.0009765625
associative_recall,transformer_publication_20260622T101458Z_associative_recall_seed113,113,standard,1024,0,effective_rank,effective_rank,effective_rank,False,uniform_exact_cost__1024,1024,1024,-1.6658923856448384,0.755859375
associative_recall,transformer_publication_20260622T101458Z_associative_recall_seed113,113,standard,1024,0,soft_dimension,soft_dimension,soft_dimension,True,uniform_exact_cost__1024,1024,1024,-1.6658923856448384,0.755859375
associative_recall,transformer_publication_20260622T101458Z_associative_recall_seed113,113,standard,1024,0,gradient_norm,gradient_norm,gradient_norm,False,uniform_exact_cost__960,960,960,-0.014645229559391702,0.0
associative_recall,transformer_publication_20260622T101458Z_associative_recall_seed113,113,standard,1024,0,marginal_gain_edge,marginal_gain_edge,marginal_gain_edge,False,uniform_exact_cost__1024,1024,1024,-1.6623174773994835,0.755859375
associative_recall,transformer_publication_20260622T101458Z_associative_recall_seed113,113,standard,1024,0,marginal_gain_soft,marginal_gain_soft,marginal_gain_soft,False,uniform_exact_cost__1024,1024,1024,-1.6623174773994835,0.755859375
associative_recall,transformer_publication_20260622T101458Z_associative_recall_seed113,113,rslora,1024,0,effective_rank,effective_rank,effective_rank,False,uniform_exact_cost__1024,1024,1024,-1.4903060484211892,0.615234375
associative_recall,transformer_publication_20260622T101458Z_associative_recall_seed113,113,rslora,1024,0,soft_dimension,soft_dimension,soft_dimension,True,uniform_exact_cost__1024,1024,1024,-1.4903060484211892,0.615234375
associative_recall,transformer_publication_20260622T101458Z_associative_recall_seed113,113,rslora,1024,0,gradient_norm,gradient_norm,gradient_norm,False,uniform_exact_cost__960,960,960,-0.019420949742198,0.0
associative_recall,transformer_publication_20260622T101458Z_associative_recall_seed113,113,rslora,1024,0,marginal_gain_edge,marginal_gain_edge,marginal_gain_edge,False,uniform_exact_cost__1024,1024,1024,-1.4902243912220001,0.615234375
associative_recall,transformer_publication_20260622T101458Z_associative_recall_seed113,113,rslora,1024,0,marginal_gain_soft,marginal_gain_soft,marginal_gain_soft,False,uniform_exact_cost__1024,1024,1024,-1.4902243912220001,0.615234375
associative_recall,transformer_publication_20260622T101458Z_associative_recall_seed113,113,fixed_update_scale,1024,1,effective_rank,effective_rank,effective_rank,False,uniform_exact_cost__1024,1024,1024,-0.11651300895027819,0.0
associative_recall,transformer_publication_20260622T101458Z_associative_recall_seed113,113,fixed_update_scale,1024,1,soft_dimension,soft_dimension,soft_dimension,True,uniform_exact_cost__1024,1024,1024,-0.11651300895027819,0.0
associative_recall,transformer_publication_20260622T101458Z_associative_recall_seed113,113,fixed_update_scale,1024,1,gradient_norm,gradient_norm,gradient_norm,False,uniform_exact_cost__960,960,960,-0.007946821395307797,0.0
associative_recall,transformer_publication_20260622T101458Z_associative_recall_seed113,113,fixed_update_scale,1024,1,marginal_gain_edge,marginal_gain_edge,marginal_gain_edge,False,uniform_exact_cost__1024,1024,1024,-0.12123352801427249,0.0
associative_recall,transformer_publication_20260622T101458Z_associative_recall_seed113,113,fixed_update_scale,1024,1,marginal_gain_soft,marginal_gain_soft,marginal_gain_soft,False,uniform_exact_cost__1024,1024,1024,-0.12123352801427249,0.0
associative_recall,transformer_publication_20260622T101458Z_associative_recall_seed113,113,standard,1024,1,effective_rank,effective_rank,effective_rank,False,uniform_exact_cost__1024,1024,1024,-0.0298239417606965,0.0
associative_recall,transformer_publication_20260622T101458Z_associative_recall_seed113,113,standard,1024,1,soft_dimension,soft_dimension,soft_dimension,True,uniform_exact_cost__1024,1024,1024,-0.0298239417606965,0.0
associative_recall,transformer_publication_20260622T101458Z_associative_recall_seed113,113,standard,1024,1,gradient_norm,gradient_norm,gradient_norm,False,uniform_exact_cost__960,960,960,-0.009407389676198398,0.0
associative_recall,transformer_publication_20260622T101458Z_associative_recall_seed113,113,standard,1024,1,marginal_gain_edge,marginal_gain_edge,marginal_gain_edge,False,uniform_exact_cost__1024,1024,1024,-0.025788792641833497,0.0
associative_recall,transformer_publication_20260622T101458Z_associative_recall_seed113,113,standard,1024,1,marginal_gain_soft,marginal_gain_soft,marginal_gain_soft,False,uniform_exact_cost__1024,1024,1024,-0.025788792641833497,0.0
associative_recall,transformer_publication_20260622T101458Z_associative_recall_seed113,113,rslora,1024,1,effective_rank,effective_rank,effective_rank,False,uniform_exact_cost__1024,1024,1024,-0.045908380998298505,0.0
associative_recall,transformer_publication_20260622T101458Z_associative_recall_seed113,113,rslora,1024,1,soft_dimension,soft_dimension,soft_dimension,True,uniform_exact_cost__1024,1024,1024,-0.045908380998298505,0.0
associative_recall,transformer_publication_20260622T101458Z_associative_recall_seed113,113,rslora,1024,1,gradient_norm,gradient_norm,gradient_norm,False,uniform_exact_cost__960,960,960,-0.002684321254491799,0.0
associative_recall,transformer_publication_20260622T101458Z_associative_recall_seed113,113,rslora,1024,1,marginal_gain_edge,marginal_gain_edge,marginal_gain_edge,False,uniform_exact_cost__1024,1024,1024,-0.046406072564423105,0.0
associative_recall,transformer_publication_20260622T101458Z_associative_recall_seed113,113,rslora,1024,1,marginal_gain_soft,marginal_gain_soft,marginal_gain_soft,False,uniform_exact_cost__1024,1024,1024,-0.046406072564423105,0.0
associative_recall,transformer_publication_20260622T101458Z_associative_recall_seed113,113,fixed_update_scale,1024,2,effective_rank,effective_rank,effective_rank,False,uniform_exact_cost__1024,1024,1024,-0.07638790411874649,0.0
associative_recall,transformer_publication_20260622T101458Z_associative_recall_seed113,113,fixed_update_scale,1024,2,soft_dimension,soft_dimension,soft_dimension,True,uniform_exact_cost__1024,1024,1024,-0.07638790411874649,0.0
associative_recall,transformer_publication_20260622T101458Z_associative_recall_seed113,113,fixed_update_scale,1024,2,gradient_norm,gradient_norm,gradient_norm,False,uniform_exact_cost__960,960,960,-0.010236577829346102,0.0
associative_recall,transformer_publication_20260622T101458Z_associative_recall_seed113,113,fixed_update_scale,1024,2,marginal_gain_edge,marginal_gain_edge,marginal_gain_edge,False,uniform_exact_cost__1024,1024,1024,-0.0758797395974398,0.0
associative_recall,transformer_publication_20260622T101458Z_associative_recall_seed113,113,fixed_update_scale,1024,2,marginal_gain_soft,marginal_gain_soft,marginal_gain_soft,False,uniform_exact_cost__1024,1024,1024,-0.0758797395974398,0.0
associative_recall,transformer_publication_20260622T101458Z_associative_recall_seed113,113,standard,1024,2,effective_rank,effective_rank,effective_rank,False,uniform_exact_cost__1024,1024,1024,-0.0349069553194568,0.0
associative_recall,transformer_publication_20260622T101458Z_associative_recall_seed113,113,standard,1024,2,soft_dimension,soft_dimension,soft_dimension,True,uniform_exact_cost__1024,1024,1024,-0.0349069553194568,0.0
associative_recall,transformer_publication_20260622T101458Z_associative_recall_seed113,113,standard,1024,2,gradient_norm,gradient_norm,gradient_norm,False,uniform_exact_cost__960,960,960,-0.019164495402947002,0.0
associative_recall,transformer_publication_20260622T101458Z_associative_recall_seed113,113,standard,1024,2,marginal_gain_edge,marginal_gain_edge,marginal_gain_edge,False,uniform_exact_cost__1024,1024,1024,-0.0276016800198704,0.0
associative_recall,transformer_publication_20260622T101458Z_associative_recall_seed113,113,standard,1024,2,marginal_gain_soft,marginal_gain_soft,marginal_gain_soft,False,uniform_exact_cost__1024,1024,1024,-0.0276016800198704,0.0
associative_recall,transformer_publication_20260622T101458Z_associative_recall_seed113,113,rslora,1024,2,effective_rank,effective_rank,effective_rank,False,uniform_exact_cost__1024,1024,1024,-0.022851897287182496,0.0
associative_recall,transformer_publication_20260622T101458Z_associative_recall_seed113,113,rslora,1024,2,soft_dimension,soft_dimension,soft_dimension,True,uniform_exact_cost__1024,1024,1024,-0.022851897287182496,0.0
associative_recall,transformer_publication_20260622T101458Z_associative_recall_seed113,113,rslora,1024,2,gradient_norm,gradient_norm,gradient_norm,False,uniform_exact_cost__960,960,960,-0.015774498693645,0.0
associative_recall,transformer_publication_20260622T101458Z_associative_recall_seed113,113,rslora,1024,2,marginal_gain_edge,marginal_gain_edge,marginal_gain_edge,False,uniform_exact_cost__1024,1024,1024,-0.017577825114130998,0.0
associative_recall,transformer_publication_20260622T101458Z_associative_recall_seed113,113,rslora,1024,2,marginal_gain_soft,marginal_gain_soft,marginal_gain_soft,False,uniform_exact_cost__1024,1024,1024,-0.017577825114130998,0.0
associative_recall,transformer_publication_20260622T101458Z_associative_recall_seed113,113,fixed_update_scale,1536,0,effective_rank,effective_rank,effective_rank,False,uniform_exact_cost__1472,1472,1472,-0.0008159835124388008,0.0
associative_recall,transformer_publication_20260622T101458Z_associative_recall_seed113,113,fixed_update_scale,1536,0,soft_dimension,soft_dimension,soft_dimension,True,uniform_exact_cost__1536,1536,1536,0.0,0.0
associative_recall,transformer_publication_20260622T101458Z_associative_recall_seed113,113,fixed_update_scale,1536,0,gradient_norm,gradient_norm,gradient_norm,False,uniform_exact_cost__1536,1536,1536,-0.0009205660899168997,0.0
associative_recall,transformer_publication_20260622T101458Z_associative_recall_seed113,113,fixed_update_scale,1536,0,marginal_gain_edge,marginal_gain_edge,marginal_gain_edge,False,uniform_exact_cost__1536,1536,1536,-0.0024552409886382,0.0
associative_recall,transformer_publication_20260622T101458Z_associative_recall_seed113,113,fixed_update_scale,1536,0,marginal_gain_soft,marginal_gain_soft,marginal_gain_soft,False,uniform_exact_cost__1536,1536,1536,-0.0018753260956145,0.0
associative_recall,transformer_publication_20260622T101458Z_associative_recall_seed113,113,standard,1536,0,effective_rank,effective_rank,effective_rank,False,uniform_exact_cost__1472,1472,1472,-0.0009314364870079,0.0
associative_recall,transformer_publication_20260622T101458Z_associative_recall_seed113,113,standard,1536,0,soft_dimension,soft_dimension,soft_dimension,True,uniform_exact_cost__1536,1536,1536,0.0,0.0
associative_recall,transformer_publication_20260622T101458Z_associative_recall_seed113,113,standard,1536,0,gradient_norm,gradient_norm,gradient_norm,False,uniform_exact_cost__1536,1536,1536,2.2268272005100502e-05,0.0
associative_recall,transformer_publication_20260622T101458Z_associative_recall_seed113,113,standard,1536,0,marginal_gain_edge,marginal_gain_edge,marginal_gain_edge,False,uniform_exact_cost__1536,1536,1536,0.0004719048156403005,0.0
associative_recall,transformer_publication_20260622T101458Z_associative_recall_seed113,113,standard,1536,0,marginal_gain_soft,marginal_gain_soft,marginal_gain_soft,False,uniform_exact_cost__1536,1536,1536,0.0005620067240671,0.0
associative_recall,transformer_publication_20260622T101458Z_associative_recall_seed113,113,rslora,1536,0,effective_rank,effective_rank,effective_rank,False,uniform_exact_cost__1472,1472,1472,-0.0007175411446951009,0.0
associative_recall,transformer_publication_20260622T101458Z_associative_recall_seed113,113,rslora,1536,0,soft_dimension,soft_dimension,soft_dimension,True,uniform_exact_cost__1536,1536,1536,0.0,0.0
associative_recall,transformer_publication_20260622T101458Z_associative_recall_seed113,113,rslora,1536,0,gradient_norm,gradient_norm,gradient_norm,False,uniform_exact_cost__1536,1536,1536,0.0007750244112684993,0.0
associative_recall,transformer_publication_20260622T101458Z_associative_recall_seed113,113,rslora,1536,0,marginal_gain_edge,marginal_gain_edge,marginal_gain_edge,False,uniform_exact_cost__1536,1536,1536,0.0004844079958274995,0.0
associative_recall,transformer_publication_20260622T101458Z_associative_recall_seed113,113,rslora,1536,0,marginal_gain_soft,marginal_gain_soft,marginal_gain_soft,False,uniform_exact_cost__1536,1536,1536,0.0007224997971206999,0.0
associative_recall,transformer_publication_20260622T101458Z_associative_recall_seed113,113,fixed_update_scale,1536,1,effective_rank,effective_rank,effective_rank,False,uniform_exact_cost__1472,1472,1472,0.0015445055905728994,0.0
associative_recall,transformer_publication_20260622T101458Z_associative_recall_seed113,113,fixed_update_scale,1536,1,soft_dimension,soft_dimension,soft_dimension,True,uniform_exact_cost__1536,1536,1536,0.0,0.0
associative_recall,transformer_publication_20260622T101458Z_associative_recall_seed113,113,fixed_update_scale,1536,1,gradient_norm,gradient_norm,gradient_norm,False,uniform_exact_cost__1536,1536,1536,-0.0036011115880683004,0.0
associative_recall,transformer_publication_20260622T101458Z_associative_recall_seed113,113,fixed_update_scale,1536,1,marginal_gain_edge,marginal_gain_edge,marginal_gain_edge,False,uniform_exact_cost__1536,1536,1536,-0.004638314538169701,0.0
associative_recall,transformer_publication_20260622T101458Z_associative_recall_seed113,113,fixed_update_scale,1536,1,marginal_gain_soft,marginal_gain_soft,marginal_gain_soft,False,uniform_exact_cost__1536,1536,1536,-0.0047885969979689,0.0
associative_recall,transformer_publication_20260622T101458Z_associative_recall_seed113,113,standard,1536,1,effective_rank,effective_rank,effective_rank,False,uniform_exact_cost__1472,1472,1472,-0.0005361178773455998,0.0
associative_recall,transformer_publication_20260622T101458Z_associative_recall_seed113,113,standard,1536,1,soft_dimension,soft_dimension,soft_dimension,True,uniform_exact_cost__1536,1536,1536,0.0,0.0
associative_recall,transformer_publication_20260622T101458Z_associative_recall_seed113,113,standard,1536,1,gradient_norm,gradient_norm,gradient_norm,False,uniform_exact_cost__1536,1536,1536,-0.021080524311401,0.0
associative_recall,transformer_publication_20260622T101458Z_associative_recall_seed113,113,standard,1536,1,marginal_gain_edge,marginal_gain_edge,marginal_gain_edge,False,uniform_exact_cost__1536,1536,1536,-0.020661728485720298,0.0
associative_recall,transformer_publication_20260622T101458Z_associative_recall_seed113,113,standard,1536,1,marginal_gain_soft,marginal_gain_soft,marginal_gain_soft,False,uniform_exact_cost__1536,1536,1536,-0.0208441287686583,0.0
associative_recall,transformer_publication_20260622T101458Z_associative_recall_seed113,113,rslora,1536,1,effective_rank,effective_rank,effective_rank,False,uniform_exact_cost__1472,1472,1472,0.001184240973088899,0.0
associative_recall,transformer_publication_20260622T101458Z_associative_recall_seed113,113,rslora,1536,1,soft_dimension,soft_dimension,soft_dimension,True,uniform_exact_cost__1536,1536,1536,0.0,0.0
associative_recall,transformer_publication_20260622T101458Z_associative_recall_seed113,113,rslora,1536,1,gradient_norm,gradient_norm,gradient_norm,False,uniform_exact_cost__1536,1536,1536,-0.003922540810890499,0.0
associative_recall,transformer_publication_20260622T101458Z_associative_recall_seed113,113,rslora,1536,1,marginal_gain_edge,marginal_gain_edge,marginal_gain_edge,False,uniform_exact_cost__1536,1536,1536,-0.003929063968826099,0.0
associative_recall,transformer_publication_20260622T101458Z_associative_recall_seed113,113,rslora,1536,1,marginal_gain_soft,marginal_gain_soft,marginal_gain_soft,False,uniform_exact_cost__1536,1536,1536,-0.004533714207355,0.0
associative_recall,transformer_publication_20260622T101458Z_associative_recall_seed113,113,fixed_update_scale,1536,2,effective_rank,effective_rank,effective_rank,False,uniform_exact_cost__1472,1472,1472,-0.0007660222472623008,0.0
associative_recall,transformer_publication_20260622T101458Z_associative_recall_seed113,113,fixed_update_scale,1536,2,soft_dimension,soft_dimension,soft_dimension,True,uniform_exact_cost__1536,1536,1536,0.0,0.0
associative_recall,transformer_publication_20260622T101458Z_associative_recall_seed113,113,fixed_update_scale,1536,2,gradient_norm,gradient_norm,gradient_norm,False,uniform_exact_cost__1536,1536,1536,-0.0015529869124292998,0.0
associative_recall,transformer_publication_20260622T101458Z_associative_recall_seed113,113,fixed_update_scale,1536,2,marginal_gain_edge,marginal_gain_edge,marginal_gain_edge,False,uniform_exact_cost__1536,1536,1536,-0.0046220961376093,0.0
associative_recall,transformer_publication_20260622T101458Z_associative_recall_seed113,113,fixed_update_scale,1536,2,marginal_gain_soft,marginal_gain_soft,marginal_gain_soft,False,uniform_exact_cost__1536,1536,1536,-0.004846666590310599,0.0
associative_recall,transformer_publication_20260622T101458Z_associative_recall_seed113,113,standard,1536,2,effective_rank,effective_rank,effective_rank,False,uniform_exact_cost__1472,1472,1472,-0.0019951572176068995,0.0
associative_recall,transformer_publication_20260622T101458Z_associative_recall_seed113,113,standard,1536,2,soft_dimension,soft_dimension,soft_dimension,True,uniform_exact_cost__1536,1536,1536,0.0,0.0
associative_recall,transformer_publication_20260622T101458Z_associative_recall_seed113,113,standard,1536,2,gradient_norm,gradient_norm,gradient_norm,False,uniform_exact_cost__1536,1536,1536,-0.0062065257807263,0.0
associative_recall,transformer_publication_20260622T101458Z_associative_recall_seed113,113,standard,1536,2,marginal_gain_edge,marginal_gain_edge,marginal_gain_edge,False,uniform_exact_cost__1536,1536,1536,-0.0063732423586771,0.0
associative_recall,transformer_publication_20260622T101458Z_associative_recall_seed113,113,standard,1536,2,marginal_gain_soft,marginal_gain_soft,marginal_gain_soft,False,uniform_exact_cost__1536,1536,1536,-0.0075839682831429,0.0
associative_recall,transformer_publication_20260622T101458Z_associative_recall_seed113,113,rslora,1536,2,effective_rank,effective_rank,effective_rank,False,uniform_exact_cost__1472,1472,1472,0.00048458483070139974,0.0
associative_recall,transformer_publication_20260622T101458Z_associative_recall_seed113,113,rslora,1536,2,soft_dimension,soft_dimension,soft_dimension,True,uniform_exact_cost__1536,1536,1536,0.0,0.0
associative_recall,transformer_publication_20260622T101458Z_associative_recall_seed113,113,rslora,1536,2,gradient_norm,gradient_norm,gradient_norm,False,uniform_exact_cost__1536,1536,1536,-0.0007962433155626007,0.0
associative_recall,transformer_publication_20260622T101458Z_associative_recall_seed113,113,rslora,1536,2,marginal_gain_edge,marginal_gain_edge,marginal_gain_edge,False,uniform_exact_cost__1536,1536,1536,-0.0044408040121198,0.0
associative_recall,transformer_publication_20260622T101458Z_associative_recall_seed113,113,rslora,1536,2,marginal_gain_soft,marginal_gain_soft,marginal_gain_soft,False,uniform_exact_cost__1536,1536,1536,-0.0044120608363301,0.0
associative_recall,transformer_publication_20260622T101458Z_associative_recall_seed113,113,fixed_update_scale,2048,0,effective_rank,effective_rank,effective_rank,False,uniform_exact_cost__2048,2048,2048,-0.0017795671883504994,0.0
associative_recall,transformer_publication_20260622T101458Z_associative_recall_seed113,113,fixed_update_scale,2048,0,soft_dimension,soft_dimension,soft_dimension,True,uniform_exact_cost__2048,2048,2048,-0.0017795671883504994,0.0
associative_recall,transformer_publication_20260622T101458Z_associative_recall_seed113,113,fixed_update_scale,2048,0,gradient_norm,gradient_norm,gradient_norm,False,uniform_exact_cost__2048,2048,2048,-0.0023854828614276,0.0
associative_recall,transformer_publication_20260622T101458Z_associative_recall_seed113,113,fixed_update_scale,2048,0,marginal_gain_edge,marginal_gain_edge,marginal_gain_edge,False,uniform_exact_cost__1984,1984,1984,-0.0023931164469104004,0.0
associative_recall,transformer_publication_20260622T101458Z_associative_recall_seed113,113,fixed_update_scale,2048,0,marginal_gain_soft,marginal_gain_soft,marginal_gain_soft,False,uniform_exact_cost__1984,1984,1984,-0.0023931164469104004,0.0
associative_recall,transformer_publication_20260622T101458Z_associative_recall_seed113,113,standard,2048,0,effective_rank,effective_rank,effective_rank,False,uniform_exact_cost__2048,2048,2048,-0.0011787376715801001,0.0
associative_recall,transformer_publication_20260622T101458Z_associative_recall_seed113,113,standard,2048,0,soft_dimension,soft_dimension,soft_dimension,True,uniform_exact_cost__2048,2048,2048,-0.0011787376715801001,0.0
associative_recall,transformer_publication_20260622T101458Z_associative_recall_seed113,113,standard,2048,0,gradient_norm,gradient_norm,gradient_norm,False,uniform_exact_cost__2048,2048,2048,-0.0013994066684972,0.0
associative_recall,transformer_publication_20260622T101458Z_associative_recall_seed113,113,standard,2048,0,marginal_gain_edge,marginal_gain_edge,marginal_gain_edge,False,uniform_exact_cost__1984,1984,1984,-0.0024156337894965,0.0
associative_recall,transformer_publication_20260622T101458Z_associative_recall_seed113,113,standard,2048,0,marginal_gain_soft,marginal_gain_soft,marginal_gain_soft,False,uniform_exact_cost__1984,1984,1984,-0.0024156337894965,0.0
associative_recall,transformer_publication_20260622T101458Z_associative_recall_seed113,113,rslora,2048,0,effective_rank,effective_rank,effective_rank,False,uniform_exact_cost__2048,2048,2048,-0.002529504999984,0.0
associative_recall,transformer_publication_20260622T101458Z_associative_recall_seed113,113,rslora,2048,0,soft_dimension,soft_dimension,soft_dimension,True,uniform_exact_cost__2048,2048,2048,-0.002529504999984,0.0
associative_recall,transformer_publication_20260622T101458Z_associative_recall_seed113,113,rslora,2048,0,gradient_norm,gradient_norm,gradient_norm,False,uniform_exact_cost__2048,2048,2048,-0.0032595051161478997,0.0
associative_recall,transformer_publication_20260622T101458Z_associative_recall_seed113,113,rslora,2048,0,marginal_gain_edge,marginal_gain_edge,marginal_gain_edge,False,uniform_exact_cost__1984,1984,1984,-0.0022239801473915998,0.0
associative_recall,transformer_publication_20260622T101458Z_associative_recall_seed113,113,rslora,2048,0,marginal_gain_soft,marginal_gain_soft,marginal_gain_soft,False,uniform_exact_cost__1984,1984,1984,-0.0022239801473915998,0.0
associative_recall,transformer_publication_20260622T101458Z_associative_recall_seed113,113,fixed_update_scale,2048,1,effective_rank,effective_rank,effective_rank,False,uniform_exact_cost__2048,2048,2048,-0.0008966547902673006,0.0
associative_recall,transformer_publication_20260622T101458Z_associative_recall_seed113,113,fixed_update_scale,2048,1,soft_dimension,soft_dimension,soft_dimension,True,uniform_exact_cost__2048,2048,2048,-0.0008966547902673006,0.0
associative_recall,transformer_publication_20260622T101458Z_associative_recall_seed113,113,fixed_update_scale,2048,1,gradient_norm,gradient_norm,gradient_norm,False,uniform_exact_cost__2048,2048,2048,-0.0019448041275609003,0.0
associative_recall,transformer_publication_20260622T101458Z_associative_recall_seed113,113,fixed_update_scale,2048,1,marginal_gain_edge,marginal_gain_edge,marginal_gain_edge,False,uniform_exact_cost__1984,1984,1984,-0.0017186640470754004,0.0
associative_recall,transformer_publication_20260622T101458Z_associative_recall_seed113,113,fixed_update_scale,2048,1,marginal_gain_soft,marginal_gain_soft,marginal_gain_soft,False,uniform_exact_cost__1984,1984,1984,-0.0017186640470754004,0.0
associative_recall,transformer_publication_20260622T101458Z_associative_recall_seed113,113,standard,2048,1,effective_rank,effective_rank,effective_rank,False,uniform_exact_cost__2048,2048,2048,-0.00014397950144490017,0.0
associative_recall,transformer_publication_20260622T101458Z_associative_recall_seed113,113,standard,2048,1,soft_dimension,soft_dimension,soft_dimension,True,uniform_exact_cost__2048,2048,2048,-0.00014397950144490017,0.0
associative_recall,transformer_publication_20260622T101458Z_associative_recall_seed113,113,standard,2048,1,gradient_norm,gradient_norm,gradient_norm,False,uniform_exact_cost__2048,2048,2048,-0.0014524849248119002,0.0
associative_recall,transformer_publication_20260622T101458Z_associative_recall_seed113,113,standard,2048,1,marginal_gain_edge,marginal_gain_edge,marginal_gain_edge,False,uniform_exact_cost__1984,1984,1984,3.650633152570007e-05,0.0
associative_recall,transformer_publication_20260622T101458Z_associative_recall_seed113,113,standard,2048,1,marginal_gain_soft,marginal_gain_soft,marginal_gain_soft,False,uniform_exact_cost__1984,1984,1984,3.650633152570007e-05,0.0
associative_recall,transformer_publication_20260622T101458Z_associative_recall_seed113,113,rslora,2048,1,effective_rank,effective_rank,effective_rank,False,uniform_exact_cost__2048,2048,2048,-0.0008430044690612998,0.0
associative_recall,transformer_publication_20260622T101458Z_associative_recall_seed113,113,rslora,2048,1,soft_dimension,soft_dimension,soft_dimension,True,uniform_exact_cost__2048,2048,2048,-0.0008430044690612998,0.0
associative_recall,transformer_publication_20260622T101458Z_associative_recall_seed113,113,rslora,2048,1,gradient_norm,gradient_norm,gradient_norm,False,uniform_exact_cost__2048,2048,2048,-0.0012475176190492,0.0
associative_recall,transformer_publication_20260622T101458Z_associative_recall_seed113,113,rslora,2048,1,marginal_gain_edge,marginal_gain_edge,marginal_gain_edge,False,uniform_exact_cost__1984,1984,1984,-0.0005765432142653001,0.0
associative_recall,transformer_publication_20260622T101458Z_associative_recall_seed113,113,rslora,2048,1,marginal_gain_soft,marginal_gain_soft,marginal_gain_soft,False,uniform_exact_cost__1984,1984,1984,-0.0005765432142653001,0.0
associative_recall,transformer_publication_20260622T101458Z_associative_recall_seed113,113,fixed_update_scale,2048,2,effective_rank,effective_rank,effective_rank,False,uniform_exact_cost__2048,2048,2048,-0.0004938437486998997,0.0
associative_recall,transformer_publication_20260622T101458Z_associative_recall_seed113,113,fixed_update_scale,2048,2,soft_dimension,soft_dimension,soft_dimension,True,uniform_exact_cost__2048,2048,2048,-0.0004938437486998997,0.0
associative_recall,transformer_publication_20260622T101458Z_associative_recall_seed113,113,fixed_update_scale,2048,2,gradient_norm,gradient_norm,gradient_norm,False,uniform_exact_cost__2048,2048,2048,-0.0021181008196436,0.0
associative_recall,transformer_publication_20260622T101458Z_associative_recall_seed113,113,fixed_update_scale,2048,2,marginal_gain_edge,marginal_gain_edge,marginal_gain_edge,False,uniform_exact_cost__1984,1984,1984,-0.0002830126322806003,0.0
associative_recall,transformer_publication_20260622T101458Z_associative_recall_seed113,113,fixed_update_scale,2048,2,marginal_gain_soft,marginal_gain_soft,marginal_gain_soft,False,uniform_exact_cost__1984,1984,1984,-0.0002830126322806003,0.0
associative_recall,transformer_publication_20260622T101458Z_associative_recall_seed113,113,standard,2048,2,effective_rank,effective_rank,effective_rank,False,uniform_exact_cost__2048,2048,2048,-0.0005834617477376001,0.0
associative_recall,transformer_publication_20260622T101458Z_associative_recall_seed113,113,standard,2048,2,soft_dimension,soft_dimension,soft_dimension,True,uniform_exact_cost__2048,2048,2048,-0.0005834617477376001,0.0
associative_recall,transformer_publication_20260622T101458Z_associative_recall_seed113,113,standard,2048,2,gradient_norm,gradient_norm,gradient_norm,False,uniform_exact_cost__2048,2048,2048,-0.0005854813498444998,0.0
associative_recall,transformer_publication_20260622T101458Z_associative_recall_seed113,113,standard,2048,2,marginal_gain_edge,marginal_gain_edge,marginal_gain_edge,False,uniform_exact_cost__1984,1984,1984,-0.0010793496912811,0.0
associative_recall,transformer_publication_20260622T101458Z_associative_recall_seed113,113,standard,2048,2,marginal_gain_soft,marginal_gain_soft,marginal_gain_soft,False,uniform_exact_cost__1984,1984,1984,-0.0010793496912811,0.0
associative_recall,transformer_publication_20260622T101458Z_associative_recall_seed113,113,rslora,2048,2,effective_rank,effective_rank,effective_rank,False,uniform_exact_cost__2048,2048,2048,-0.0007232213974930997,0.0
associative_recall,transformer_publication_20260622T101458Z_associative_recall_seed113,113,rslora,2048,2,soft_dimension,soft_dimension,soft_dimension,True,uniform_exact_cost__2048,2048,2048,-0.0007232213974930997,0.0
associative_recall,transformer_publication_20260622T101458Z_associative_recall_seed113,113,rslora,2048,2,gradient_norm,gradient_norm,gradient_norm,False,uniform_exact_cost__2048,2048,2048,-0.0018912019149865998,0.0
associative_recall,transformer_publication_20260622T101458Z_associative_recall_seed113,113,rslora,2048,2,marginal_gain_edge,marginal_gain_edge,marginal_gain_edge,False,uniform_exact_cost__1984,1984,1984,-0.0007227268361021002,0.0
associative_recall,transformer_publication_20260622T101458Z_associative_recall_seed113,113,rslora,2048,2,marginal_gain_soft,marginal_gain_soft,marginal_gain_soft,False,uniform_exact_cost__1984,1984,1984,-0.0007227268361021002,0.0
associative_recall,transformer_publication_20260622T101458Z_associative_recall_seed113,113,fixed_update_scale,3072,0,effective_rank,effective_rank,effective_rank,False,uniform_exact_cost__3072,3072,3072,8.84116161610016e-06,0.0
associative_recall,transformer_publication_20260622T101458Z_associative_recall_seed113,113,fixed_update_scale,3072,0,soft_dimension,soft_dimension,soft_dimension,True,uniform_exact_cost__3072,3072,3072,0.0,0.0
associative_recall,transformer_publication_20260622T101458Z_associative_recall_seed113,113,fixed_update_scale,3072,0,gradient_norm,gradient_norm,gradient_norm,False,uniform_exact_cost__3072,3072,3072,-0.0008203345787478999,0.0
associative_recall,transformer_publication_20260622T101458Z_associative_recall_seed113,113,fixed_update_scale,3072,0,marginal_gain_edge,marginal_gain_edge,marginal_gain_edge,False,uniform_exact_cost__3008,3008,3008,-0.0012814718647860001,0.0
associative_recall,transformer_publication_20260622T101458Z_associative_recall_seed113,113,fixed_update_scale,3072,0,marginal_gain_soft,marginal_gain_soft,marginal_gain_soft,False,uniform_exact_cost__3008,3008,3008,-0.0012814718647860001,0.0
associative_recall,transformer_publication_20260622T101458Z_associative_recall_seed113,113,standard,3072,0,effective_rank,effective_rank,effective_rank,False,uniform_exact_cost__3072,3072,3072,-0.0004155295609961998,0.0
associative_recall,transformer_publication_20260622T101458Z_associative_recall_seed113,113,standard,3072,0,soft_dimension,soft_dimension,soft_dimension,True,uniform_exact_cost__3072,3072,3072,0.0,0.0
associative_recall,transformer_publication_20260622T101458Z_associative_recall_seed113,113,standard,3072,0,gradient_norm,gradient_norm,gradient_norm,False,uniform_exact_cost__3072,3072,3072,-0.0006142772035672998,0.0
associative_recall,transformer_publication_20260622T101458Z_associative_recall_seed113,113,standard,3072,0,marginal_gain_edge,marginal_gain_edge,marginal_gain_edge,False,uniform_exact_cost__3008,3008,3008,-0.0007432484271704001,0.0
associative_recall,transformer_publication_20260622T101458Z_associative_recall_seed113,113,standard,3072,0,marginal_gain_soft,marginal_gain_soft,marginal_gain_soft,False,uniform_exact_cost__3008,3008,3008,-0.0007432484271704001,0.0
associative_recall,transformer_publication_20260622T101458Z_associative_recall_seed113,113,rslora,3072,0,effective_rank,effective_rank,effective_rank,False,uniform_exact_cost__3072,3072,3072,-0.00021729312720710024,0.0
associative_recall,transformer_publication_20260622T101458Z_associative_recall_seed113,113,rslora,3072,0,soft_dimension,soft_dimension,soft_dimension,True,uniform_exact_cost__3072,3072,3072,0.0,0.0
associative_recall,transformer_publication_20260622T101458Z_associative_recall_seed113,113,rslora,3072,0,gradient_norm,gradient_norm,gradient_norm,False,uniform_exact_cost__3072,3072,3072,-0.0007598585652886002,0.0
associative_recall,transformer_publication_20260622T101458Z_associative_recall_seed113,113,rslora,3072,0,marginal_gain_edge,marginal_gain_edge,marginal_gain_edge,False,uniform_exact_cost__3008,3008,3008,-0.000827384472359,0.0
associative_recall,transformer_publication_20260622T101458Z_associative_recall_seed113,113,rslora,3072,0,marginal_gain_soft,marginal_gain_soft,marginal_gain_soft,False,uniform_exact_cost__3008,3008,3008,-0.000827384472359,0.0
associative_recall,transformer_publication_20260622T101458Z_associative_recall_seed113,113,fixed_update_scale,3072,1,effective_rank,effective_rank,effective_rank,False,uniform_exact_cost__3072,3072,3072,-0.00018646489479579986,0.0
associative_recall,transformer_publication_20260622T101458Z_associative_recall_seed113,113,fixed_update_scale,3072,1,soft_dimension,soft_dimension,soft_dimension,True,uniform_exact_cost__3072,3072,3072,0.0,0.0
associative_recall,transformer_publication_20260622T101458Z_associative_recall_seed113,113,fixed_update_scale,3072,1,gradient_norm,gradient_norm,gradient_norm,False,uniform_exact_cost__3072,3072,3072,-0.0008023657428566,0.0
associative_recall,transformer_publication_20260622T101458Z_associative_recall_seed113,113,fixed_update_scale,3072,1,marginal_gain_edge,marginal_gain_edge,marginal_gain_edge,False,uniform_exact_cost__3008,3008,3008,-0.0008752691646806,0.0
associative_recall,transformer_publication_20260622T101458Z_associative_recall_seed113,113,fixed_update_scale,3072,1,marginal_gain_soft,marginal_gain_soft,marginal_gain_soft,False,uniform_exact_cost__3008,3008,3008,-0.0008752691646806,0.0
associative_recall,transformer_publication_20260622T101458Z_associative_recall_seed113,113,standard,3072,1,effective_rank,effective_rank,effective_rank,False,uniform_exact_cost__3072,3072,3072,-0.0005529506161109999,0.0
associative_recall,transformer_publication_20260622T101458Z_associative_recall_seed113,113,standard,3072,1,soft_dimension,soft_dimension,soft_dimension,True,uniform_exact_cost__3072,3072,3072,0.0,0.0
associative_recall,transformer_publication_20260622T101458Z_associative_recall_seed113,113,standard,3072,1,gradient_norm,gradient_norm,gradient_norm,False,uniform_exact_cost__3072,3072,3072,-0.0007080177601893,0.0
associative_recall,transformer_publication_20260622T101458Z_associative_recall_seed113,113,standard,3072,1,marginal_gain_edge,marginal_gain_edge,marginal_gain_edge,False,uniform_exact_cost__3008,3008,3008,-6.437097908929988e-05,0.0
associative_recall,transformer_publication_20260622T101458Z_associative_recall_seed113,113,standard,3072,1,marginal_gain_soft,marginal_gain_soft,marginal_gain_soft,False,uniform_exact_cost__3008,3008,3008,-6.437097908929988e-05,0.0
associative_recall,transformer_publication_20260622T101458Z_associative_recall_seed113,113,rslora,3072,1,effective_rank,effective_rank,effective_rank,False,uniform_exact_cost__3072,3072,3072,-0.0004993082402507002,0.0
associative_recall,transformer_publication_20260622T101458Z_associative_recall_seed113,113,rslora,3072,1,soft_dimension,soft_dimension,soft_dimension,True,uniform_exact_cost__3072,3072,3072,0.0,0.0
associative_recall,transformer_publication_20260622T101458Z_associative_recall_seed113,113,rslora,3072,1,gradient_norm,gradient_norm,gradient_norm,False,uniform_exact_cost__3072,3072,3072,-0.0008680409955560003,0.0
associative_recall,transformer_publication_20260622T101458Z_associative_recall_seed113,113,rslora,3072,1,marginal_gain_edge,marginal_gain_edge,marginal_gain_edge,False,uniform_exact_cost__3008,3008,3008,-0.00023329537361859993,0.0
associative_recall,transformer_publication_20260622T101458Z_associative_recall_seed113,113,rslora,3072,1,marginal_gain_soft,marginal_gain_soft,marginal_gain_soft,False,uniform_exact_cost__3008,3008,3008,-0.00023329537361859993,0.0
associative_recall,transformer_publication_20260622T101458Z_associative_recall_seed113,113,fixed_update_scale,3072,2,effective_rank,effective_rank,effective_rank,False,uniform_exact_cost__3072,3072,3072,-0.0004629691247827999,0.0
associative_recall,transformer_publication_20260622T101458Z_associative_recall_seed113,113,fixed_update_scale,3072,2,soft_dimension,soft_dimension,soft_dimension,True,uniform_exact_cost__3072,3072,3072,0.0,0.0
associative_recall,transformer_publication_20260622T101458Z_associative_recall_seed113,113,fixed_update_scale,3072,2,gradient_norm,gradient_norm,gradient_norm,False,uniform_exact_cost__3072,3072,3072,-0.0008688070665811998,0.0
associative_recall,transformer_publication_20260622T101458Z_associative_recall_seed113,113,fixed_update_scale,3072,2,marginal_gain_edge,marginal_gain_edge,marginal_gain_edge,False,uniform_exact_cost__3008,3008,3008,-0.000914980264497,0.0
associative_recall,transformer_publication_20260622T101458Z_associative_recall_seed113,113,fixed_update_scale,3072,2,marginal_gain_soft,marginal_gain_soft,marginal_gain_soft,False,uniform_exact_cost__3008,3008,3008,-0.000914980264497,0.0
associative_recall,transformer_publication_20260622T101458Z_associative_recall_seed113,113,standard,3072,2,effective_rank,effective_rank,effective_rank,False,uniform_exact_cost__3072,3072,3072,3.1938208849200105e-05,0.0
associative_recall,transformer_publication_20260622T101458Z_associative_recall_seed113,113,standard,3072,2,soft_dimension,soft_dimension,soft_dimension,True,uniform_exact_cost__3072,3072,3072,0.0,0.0
associative_recall,transformer_publication_20260622T101458Z_associative_recall_seed113,113,standard,3072,2,gradient_norm,gradient_norm,gradient_norm,False,uniform_exact_cost__3072,3072,3072,-0.00027605079230849996,0.0
associative_recall,transformer_publication_20260622T101458Z_associative_recall_seed113,113,standard,3072,2,marginal_gain_edge,marginal_gain_edge,marginal_gain_edge,False,uniform_exact_cost__3008,3008,3008,-0.0008746243111090002,0.0
associative_recall,transformer_publication_20260622T101458Z_associative_recall_seed113,113,standard,3072,2,marginal_gain_soft,marginal_gain_soft,marginal_gain_soft,False,uniform_exact_cost__3008,3008,3008,-0.0008746243111090002,0.0
associative_recall,transformer_publication_20260622T101458Z_associative_recall_seed113,113,rslora,3072,2,effective_rank,effective_rank,effective_rank,False,uniform_exact_cost__3072,3072,3072,1.7883779946699895e-05,0.0
associative_recall,transformer_publication_20260622T101458Z_associative_recall_seed113,113,rslora,3072,2,soft_dimension,soft_dimension,soft_dimension,True,uniform_exact_cost__3072,3072,3072,0.0,0.0
associative_recall,transformer_publication_20260622T101458Z_associative_recall_seed113,113,rslora,3072,2,gradient_norm,gradient_norm,gradient_norm,False,uniform_exact_cost__3072,3072,3072,-0.0006073576514609,0.0
associative_recall,transformer_publication_20260622T101458Z_associative_recall_seed113,113,rslora,3072,2,marginal_gain_edge,marginal_gain_edge,marginal_gain_edge,False,uniform_exact_cost__3008,3008,3008,-0.0010231604101136002,0.0
associative_recall,transformer_publication_20260622T101458Z_associative_recall_seed113,113,rslora,3072,2,marginal_gain_soft,marginal_gain_soft,marginal_gain_soft,False,uniform_exact_cost__3008,3008,3008,-0.0010231604101136002,0.0
associative_recall,transformer_publication_20260622T101458Z_associative_recall_seed113,113,fixed_update_scale,4096,0,effective_rank,effective_rank,effective_rank,False,uniform_exact_cost__4096,4096,4096,-0.00021884818852409998,0.0
associative_recall,transformer_publication_20260622T101458Z_associative_recall_seed113,113,fixed_update_scale,4096,0,soft_dimension,soft_dimension,soft_dimension,True,uniform_exact_cost__4096,4096,4096,-0.00021884818852409998,0.0
associative_recall,transformer_publication_20260622T101458Z_associative_recall_seed113,113,fixed_update_scale,4096,0,gradient_norm,gradient_norm,gradient_norm,False,uniform_exact_cost__4096,4096,4096,-0.0006001390866004,0.0
associative_recall,transformer_publication_20260622T101458Z_associative_recall_seed113,113,fixed_update_scale,4096,0,marginal_gain_edge,marginal_gain_edge,marginal_gain_edge,False,uniform_exact_cost__4096,4096,4096,-0.0006016529805492,0.0
associative_recall,transformer_publication_20260622T101458Z_associative_recall_seed113,113,fixed_update_scale,4096,0,marginal_gain_soft,marginal_gain_soft,marginal_gain_soft,False,uniform_exact_cost__4096,4096,4096,-0.0007229635375551999,0.0
associative_recall,transformer_publication_20260622T101458Z_associative_recall_seed113,113,standard,4096,0,effective_rank,effective_rank,effective_rank,False,uniform_exact_cost__4096,4096,4096,-0.0002562678128016,0.0
associative_recall,transformer_publication_20260622T101458Z_associative_recall_seed113,113,standard,4096,0,soft_dimension,soft_dimension,soft_dimension,True,uniform_exact_cost__4096,4096,4096,-0.0002562678128016,0.0
associative_recall,transformer_publication_20260622T101458Z_associative_recall_seed113,113,standard,4096,0,gradient_norm,gradient_norm,gradient_norm,False,uniform_exact_cost__4096,4096,4096,-0.0005467203300214001,0.0
associative_recall,transformer_publication_20260622T101458Z_associative_recall_seed113,113,standard,4096,0,marginal_gain_edge,marginal_gain_edge,marginal_gain_edge,False,uniform_exact_cost__4096,4096,4096,-0.0002630639355629999,0.0
associative_recall,transformer_publication_20260622T101458Z_associative_recall_seed113,113,standard,4096,0,marginal_gain_soft,marginal_gain_soft,marginal_gain_soft,False,uniform_exact_cost__4096,4096,4096,-0.0006204585224622999,0.0
associative_recall,transformer_publication_20260622T101458Z_associative_recall_seed113,113,rslora,4096,0,effective_rank,effective_rank,effective_rank,False,uniform_exact_cost__4096,4096,4096,-0.00019136535411239997,0.0
associative_recall,transformer_publication_20260622T101458Z_associative_recall_seed113,113,rslora,4096,0,soft_dimension,soft_dimension,soft_dimension,True,uniform_exact_cost__4096,4096,4096,-0.00019136535411239997,0.0
associative_recall,transformer_publication_20260622T101458Z_associative_recall_seed113,113,rslora,4096,0,gradient_norm,gradient_norm,gradient_norm,False,uniform_exact_cost__4096,4096,4096,-0.0005553959490499001,0.0
associative_recall,transformer_publication_20260622T101458Z_associative_recall_seed113,113,rslora,4096,0,marginal_gain_edge,marginal_gain_edge,marginal_gain_edge,False,uniform_exact_cost__4096,4096,4096,-0.00044482479279400007,0.0
associative_recall,transformer_publication_20260622T101458Z_associative_recall_seed113,113,rslora,4096,0,marginal_gain_soft,marginal_gain_soft,marginal_gain_soft,False,uniform_exact_cost__4096,4096,4096,-0.0005708858807338,0.0
associative_recall,transformer_publication_20260622T101458Z_associative_recall_seed113,113,fixed_update_scale,4096,1,effective_rank,effective_rank,effective_rank,False,uniform_exact_cost__4096,4096,4096,3.299591480759997e-05,0.0
associative_recall,transformer_publication_20260622T101458Z_associative_recall_seed113,113,fixed_update_scale,4096,1,soft_dimension,soft_dimension,soft_dimension,True,uniform_exact_cost__4096,4096,4096,3.299591480759997e-05,0.0
associative_recall,transformer_publication_20260622T101458Z_associative_recall_seed113,113,fixed_update_scale,4096,1,gradient_norm,gradient_norm,gradient_norm,False,uniform_exact_cost__4096,4096,4096,-0.0008050179894779999,0.0
associative_recall,transformer_publication_20260622T101458Z_associative_recall_seed113,113,fixed_update_scale,4096,1,marginal_gain_edge,marginal_gain_edge,marginal_gain_edge,False,uniform_exact_cost__4096,4096,4096,-0.0005417022184700999,0.0
associative_recall,transformer_publication_20260622T101458Z_associative_recall_seed113,113,fixed_update_scale,4096,1,marginal_gain_soft,marginal_gain_soft,marginal_gain_soft,False,uniform_exact_cost__4096,4096,4096,-0.0005502276908372998,0.0
associative_recall,transformer_publication_20260622T101458Z_associative_recall_seed113,113,standard,4096,1,effective_rank,effective_rank,effective_rank,False,uniform_exact_cost__4096,4096,4096,-0.00019034244178330008,0.0
associative_recall,transformer_publication_20260622T101458Z_associative_recall_seed113,113,standard,4096,1,soft_dimension,soft_dimension,soft_dimension,True,uniform_exact_cost__4096,4096,4096,-0.00019034244178330008,0.0
associative_recall,transformer_publication_20260622T101458Z_associative_recall_seed113,113,standard,4096,1,gradient_norm,gradient_norm,gradient_norm,False,uniform_exact_cost__4096,4096,4096,-0.0004810625541722001,0.0
associative_recall,transformer_publication_20260622T101458Z_associative_recall_seed113,113,standard,4096,1,marginal_gain_edge,marginal_gain_edge,marginal_gain_edge,False,uniform_exact_cost__4096,4096,4096,-0.00045624154154210003,0.0
associative_recall,transformer_publication_20260622T101458Z_associative_recall_seed113,113,standard,4096,1,marginal_gain_soft,marginal_gain_soft,marginal_gain_soft,False,uniform_exact_cost__4096,4096,4096,-0.0005391476734076001,0.0
associative_recall,transformer_publication_20260622T101458Z_associative_recall_seed113,113,rslora,4096,1,effective_rank,effective_rank,effective_rank,False,uniform_exact_cost__4096,4096,4096,-0.00044068999704899997,0.0
associative_recall,transformer_publication_20260622T101458Z_associative_recall_seed113,113,rslora,4096,1,soft_dimension,soft_dimension,soft_dimension,True,uniform_exact_cost__4096,4096,4096,-0.00044068999704899997,0.0
associative_recall,transformer_publication_20260622T101458Z_associative_recall_seed113,113,rslora,4096,1,gradient_norm,gradient_norm,gradient_norm,False,uniform_exact_cost__4096,4096,4096,-0.0007789775554556001,0.0
associative_recall,transformer_publication_20260622T101458Z_associative_recall_seed113,113,rslora,4096,1,marginal_gain_edge,marginal_gain_edge,marginal_gain_edge,False,uniform_exact_cost__4096,4096,4096,-0.0008104857988655001,0.0
associative_recall,transformer_publication_20260622T101458Z_associative_recall_seed113,113,rslora,4096,1,marginal_gain_soft,marginal_gain_soft,marginal_gain_soft,False,uniform_exact_cost__4096,4096,4096,-0.0008003859256860001,0.0
associative_recall,transformer_publication_20260622T101458Z_associative_recall_seed113,113,fixed_update_scale,4096,2,effective_rank,effective_rank,effective_rank,False,uniform_exact_cost__4096,4096,4096,-0.0002478435635567,0.0
associative_recall,transformer_publication_20260622T101458Z_associative_recall_seed113,113,fixed_update_scale,4096,2,soft_dimension,soft_dimension,soft_dimension,True,uniform_exact_cost__4096,4096,4096,-0.0002478435635567,0.0
associative_recall,transformer_publication_20260622T101458Z_associative_recall_seed113,113,fixed_update_scale,4096,2,gradient_norm,gradient_norm,gradient_norm,False,uniform_exact_cost__4096,4096,4096,-0.00036451642517930003,0.0
associative_recall,transformer_publication_20260622T101458Z_associative_recall_seed113,113,fixed_update_scale,4096,2,marginal_gain_edge,marginal_gain_edge,marginal_gain_edge,False,uniform_exact_cost__4096,4096,4096,-0.00037890425301160017,0.0
associative_recall,transformer_publication_20260622T101458Z_associative_recall_seed113,113,fixed_update_scale,4096,2,marginal_gain_soft,marginal_gain_soft,marginal_gain_soft,False,uniform_exact_cost__4096,4096,4096,-0.0001711244840408,0.0
associative_recall,transformer_publication_20260622T101458Z_associative_recall_seed113,113,standard,4096,2,effective_rank,effective_rank,effective_rank,False,uniform_exact_cost__4096,4096,4096,-7.272961374839987e-05,0.0
associative_recall,transformer_publication_20260622T101458Z_associative_recall_seed113,113,standard,4096,2,soft_dimension,soft_dimension,soft_dimension,True,uniform_exact_cost__4096,4096,4096,-7.272961374839987e-05,0.0
associative_recall,transformer_publication_20260622T101458Z_associative_recall_seed113,113,standard,4096,2,gradient_norm,gradient_norm,gradient_norm,False,uniform_exact_cost__4096,4096,4096,2.612797834439999e-05,0.0
associative_recall,transformer_publication_20260622T101458Z_associative_recall_seed113,113,standard,4096,2,marginal_gain_edge,marginal_gain_edge,marginal_gain_edge,False,uniform_exact_cost__4096,4096,4096,6.723582919220005e-05,0.0
associative_recall,transformer_publication_20260622T101458Z_associative_recall_seed113,113,standard,4096,2,marginal_gain_soft,marginal_gain_soft,marginal_gain_soft,False,uniform_exact_cost__4096,4096,4096,0.00036327593261369995,0.0
associative_recall,transformer_publication_20260622T101458Z_associative_recall_seed113,113,rslora,4096,2,effective_rank,effective_rank,effective_rank,False,uniform_exact_cost__4096,4096,4096,-9.161798516300109e-06,0.0
associative_recall,transformer_publication_20260622T101458Z_associative_recall_seed113,113,rslora,4096,2,soft_dimension,soft_dimension,soft_dimension,True,uniform_exact_cost__4096,4096,4096,-9.161798516300109e-06,0.0
associative_recall,transformer_publication_20260622T101458Z_associative_recall_seed113,113,rslora,4096,2,gradient_norm,gradient_norm,gradient_norm,False,uniform_exact_cost__4096,4096,4096,-0.00022894362336950001,0.0
associative_recall,transformer_publication_20260622T101458Z_associative_recall_seed113,113,rslora,4096,2,marginal_gain_edge,marginal_gain_edge,marginal_gain_edge,False,uniform_exact_cost__4096,4096,4096,-0.0001089455618057001,0.0
associative_recall,transformer_publication_20260622T101458Z_associative_recall_seed113,113,rslora,4096,2,marginal_gain_soft,marginal_gain_soft,marginal_gain_soft,False,uniform_exact_cost__4096,4096,4096,0.00010806626232809998,0.0
associative_recall,transformer_publication_20260622T101458Z_associative_recall_seed113,113,fixed_update_scale,6144,0,effective_rank,effective_rank,effective_rank,False,uniform_exact_cost__6144,6144,6144,-8.016428182600001e-05,0.0
associative_recall,transformer_publication_20260622T101458Z_associative_recall_seed113,113,fixed_update_scale,6144,0,soft_dimension,soft_dimension,soft_dimension,True,uniform_exact_cost__6144,6144,6144,0.0,0.0
associative_recall,transformer_publication_20260622T101458Z_associative_recall_seed113,113,fixed_update_scale,6144,0,gradient_norm,gradient_norm,gradient_norm,False,uniform_exact_cost__6144,6144,6144,-0.0001038596456056,0.0
associative_recall,transformer_publication_20260622T101458Z_associative_recall_seed113,113,fixed_update_scale,6144,0,marginal_gain_edge,marginal_gain_edge,marginal_gain_edge,False,uniform_exact_cost__6144,6144,6144,-0.00010760557051989997,0.0
associative_recall,transformer_publication_20260622T101458Z_associative_recall_seed113,113,fixed_update_scale,6144,0,marginal_gain_soft,marginal_gain_soft,marginal_gain_soft,False,uniform_exact_cost__6144,6144,6144,-0.00012207969848540003,0.0
associative_recall,transformer_publication_20260622T101458Z_associative_recall_seed113,113,standard,6144,0,effective_rank,effective_rank,effective_rank,False,uniform_exact_cost__6144,6144,6144,-2.7572648832600074e-05,0.0
associative_recall,transformer_publication_20260622T101458Z_associative_recall_seed113,113,standard,6144,0,soft_dimension,soft_dimension,soft_dimension,True,uniform_exact_cost__6144,6144,6144,0.0,0.0
associative_recall,transformer_publication_20260622T101458Z_associative_recall_seed113,113,standard,6144,0,gradient_norm,gradient_norm,gradient_norm,False,uniform_exact_cost__6144,6144,6144,-0.00020989601034670006,0.0
associative_recall,transformer_publication_20260622T101458Z_associative_recall_seed113,113,standard,6144,0,marginal_gain_edge,marginal_gain_edge,marginal_gain_edge,False,uniform_exact_cost__6144,6144,6144,-3.300177922940014e-05,0.0
associative_recall,transformer_publication_20260622T101458Z_associative_recall_seed113,113,standard,6144,0,marginal_gain_soft,marginal_gain_soft,marginal_gain_soft,False,uniform_exact_cost__6144,6144,6144,6.768415914799875e-06,0.0
associative_recall,transformer_publication_20260622T101458Z_associative_recall_seed113,113,rslora,6144,0,effective_rank,effective_rank,effective_rank,False,uniform_exact_cost__6144,6144,6144,-0.0001570684398756999,0.0
associative_recall,transformer_publication_20260622T101458Z_associative_recall_seed113,113,rslora,6144,0,soft_dimension,soft_dimension,soft_dimension,True,uniform_exact_cost__6144,6144,6144,0.0,0.0
associative_recall,transformer_publication_20260622T101458Z_associative_recall_seed113,113,rslora,6144,0,gradient_norm,gradient_norm,gradient_norm,False,uniform_exact_cost__6144,6144,6144,-0.00013138551730659982,0.0
associative_recall,transformer_publication_20260622T101458Z_associative_recall_seed113,113,rslora,6144,0,marginal_gain_edge,marginal_gain_edge,marginal_gain_edge,False,uniform_exact_cost__6144,6144,6144,-0.00018249651475339993,0.0
associative_recall,transformer_publication_20260622T101458Z_associative_recall_seed113,113,rslora,6144,0,marginal_gain_soft,marginal_gain_soft,marginal_gain_soft,False,uniform_exact_cost__6144,6144,6144,-0.00011084938887509998,0.0
associative_recall,transformer_publication_20260622T101458Z_associative_recall_seed113,113,fixed_update_scale,6144,1,effective_rank,effective_rank,effective_rank,False,uniform_exact_cost__6144,6144,6144,-0.0001992815523408,0.0
associative_recall,transformer_publication_20260622T101458Z_associative_recall_seed113,113,fixed_update_scale,6144,1,soft_dimension,soft_dimension,soft_dimension,True,uniform_exact_cost__6144,6144,6144,0.0,0.0
associative_recall,transformer_publication_20260622T101458Z_associative_recall_seed113,113,fixed_update_scale,6144,1,gradient_norm,gradient_norm,gradient_norm,False,uniform_exact_cost__6144,6144,6144,-0.0005481304324348999,0.0
associative_recall,transformer_publication_20260622T101458Z_associative_recall_seed113,113,fixed_update_scale,6144,1,marginal_gain_edge,marginal_gain_edge,marginal_gain_edge,False,uniform_exact_cost__6144,6144,6144,-0.0005228787267696999,0.0
associative_recall,transformer_publication_20260622T101458Z_associative_recall_seed113,113,fixed_update_scale,6144,1,marginal_gain_soft,marginal_gain_soft,marginal_gain_soft,False,uniform_exact_cost__6144,6144,6144,-0.0005255496434983999,0.0
associative_recall,transformer_publication_20260622T101458Z_associative_recall_seed113,113,standard,6144,1,effective_rank,effective_rank,effective_rank,False,uniform_exact_cost__6144,6144,6144,-6.602847133760012e-05,0.0
associative_recall,transformer_publication_20260622T101458Z_associative_recall_seed113,113,standard,6144,1,soft_dimension,soft_dimension,soft_dimension,True,uniform_exact_cost__6144,6144,6144,0.0,0.0
associative_recall,transformer_publication_20260622T101458Z_associative_recall_seed113,113,standard,6144,1,gradient_norm,gradient_norm,gradient_norm,False,uniform_exact_cost__6144,6144,6144,-0.0002552271907916,0.0
associative_recall,transformer_publication_20260622T101458Z_associative_recall_seed113,113,standard,6144,1,marginal_gain_edge,marginal_gain_edge,marginal_gain_edge,False,uniform_exact_cost__6144,6144,6144,-0.00020553509239110016,0.0
associative_recall,transformer_publication_20260622T101458Z_associative_recall_seed113,113,standard,6144,1,marginal_gain_soft,marginal_gain_soft,marginal_gain_soft,False,uniform_exact_cost__6144,6144,6144,-0.00027704115200319996,0.0
associative_recall,transformer_publication_20260622T101458Z_associative_recall_seed113,113,rslora,6144,1,effective_rank,effective_rank,effective_rank,False,uniform_exact_cost__6144,6144,6144,0.00018157684826300012,0.0
associative_recall,transformer_publication_20260622T101458Z_associative_recall_seed113,113,rslora,6144,1,soft_dimension,soft_dimension,soft_dimension,True,uniform_exact_cost__6144,6144,6144,0.0,0.0
associative_recall,transformer_publication_20260622T101458Z_associative_recall_seed113,113,rslora,6144,1,gradient_norm,gradient_norm,gradient_norm,False,uniform_exact_cost__6144,6144,6144,-0.00025364820612589997,0.0
associative_recall,transformer_publication_20260622T101458Z_associative_recall_seed113,113,rslora,6144,1,marginal_gain_edge,marginal_gain_edge,marginal_gain_edge,False,uniform_exact_cost__6144,6144,6144,-0.00020561611745499998,0.0
associative_recall,transformer_publication_20260622T101458Z_associative_recall_seed113,113,rslora,6144,1,marginal_gain_soft,marginal_gain_soft,marginal_gain_soft,False,uniform_exact_cost__6144,6144,6144,-0.00017598717386129998,0.0
associative_recall,transformer_publication_20260622T101458Z_associative_recall_seed113,113,fixed_update_scale,6144,2,effective_rank,effective_rank,effective_rank,False,uniform_exact_cost__6144,6144,6144,4.941124643659993e-05,0.0
associative_recall,transformer_publication_20260622T101458Z_associative_recall_seed113,113,fixed_update_scale,6144,2,soft_dimension,soft_dimension,soft_dimension,True,uniform_exact_cost__6144,6144,6144,0.0,0.0
associative_recall,transformer_publication_20260622T101458Z_associative_recall_seed113,113,fixed_update_scale,6144,2,gradient_norm,gradient_norm,gradient_norm,False,uniform_exact_cost__6144,6144,6144,-2.9775568691600002e-05,0.0
associative_recall,transformer_publication_20260622T101458Z_associative_recall_seed113,113,fixed_update_scale,6144,2,marginal_gain_edge,marginal_gain_edge,marginal_gain_edge,False,uniform_exact_cost__6144,6144,6144,-3.738804662139995e-05,0.0
associative_recall,transformer_publication_20260622T101458Z_associative_recall_seed113,113,fixed_update_scale,6144,2,marginal_gain_soft,marginal_gain_soft,marginal_gain_soft,False,uniform_exact_cost__6144,6144,6144,2.8208552976100075e-05,0.0
associative_recall,transformer_publication_20260622T101458Z_associative_recall_seed113,113,standard,6144,2,effective_rank,effective_rank,effective_rank,False,uniform_exact_cost__6144,6144,6144,2.030245377679981e-05,0.0
associative_recall,transformer_publication_20260622T101458Z_associative_recall_seed113,113,standard,6144,2,soft_dimension,soft_dimension,soft_dimension,True,uniform_exact_cost__6144,6144,6144,0.0,0.0
associative_recall,transformer_publication_20260622T101458Z_associative_recall_seed113,113,standard,6144,2,gradient_norm,gradient_norm,gradient_norm,False,uniform_exact_cost__6144,6144,6144,-0.00011492887279020017,0.0
associative_recall,transformer_publication_20260622T101458Z_associative_recall_seed113,113,standard,6144,2,marginal_gain_edge,marginal_gain_edge,marginal_gain_edge,False,uniform_exact_cost__6144,6144,6144,-0.0001447382819606,0.0
associative_recall,transformer_publication_20260622T101458Z_associative_recall_seed113,113,standard,6144,2,marginal_gain_soft,marginal_gain_soft,marginal_gain_soft,False,uniform_exact_cost__6144,6144,6144,3.76836251235e-05,0.0
associative_recall,transformer_publication_20260622T101458Z_associative_recall_seed113,113,rslora,6144,2,effective_rank,effective_rank,effective_rank,False,uniform_exact_cost__6144,6144,6144,-7.699646812389985e-05,0.0
associative_recall,transformer_publication_20260622T101458Z_associative_recall_seed113,113,rslora,6144,2,soft_dimension,soft_dimension,soft_dimension,True,uniform_exact_cost__6144,6144,6144,0.0,0.0
associative_recall,transformer_publication_20260622T101458Z_associative_recall_seed113,113,rslora,6144,2,gradient_norm,gradient_norm,gradient_norm,False,uniform_exact_cost__6144,6144,6144,-0.0001490239883422999,0.0
associative_recall,transformer_publication_20260622T101458Z_associative_recall_seed113,113,rslora,6144,2,marginal_gain_edge,marginal_gain_edge,marginal_gain_edge,False,uniform_exact_cost__6144,6144,6144,-0.00011402386735419995,0.0
associative_recall,transformer_publication_20260622T101458Z_associative_recall_seed113,113,rslora,6144,2,marginal_gain_soft,marginal_gain_soft,marginal_gain_soft,False,uniform_exact_cost__6144,6144,6144,-2.148859493899982e-05,0.0
modular,transformer_publication_20260622T101458Z_modular_seed101,101,fixed_update_scale,512,0,effective_rank,effective_rank,effective_rank,False,uniform_exact_cost__448,448,448,-0.050637093437574,0.05098855359001053
modular,transformer_publication_20260622T101458Z_modular_seed101,101,fixed_update_scale,512,0,soft_dimension,soft_dimension,soft_dimension,True,uniform_exact_cost__512,512,512,-0.011143752799197881,-0.0010405827263267886
modular,transformer_publication_20260622T101458Z_modular_seed101,101,fixed_update_scale,512,0,gradient_norm,gradient_norm,gradient_norm,False,uniform_exact_cost__448,448,448,-0.1690198851363593,0.06763787721123826
modular,transformer_publication_20260622T101458Z_modular_seed101,101,fixed_update_scale,512,0,marginal_gain_edge,marginal_gain_edge,marginal_gain_edge,False,uniform_exact_cost__512,512,512,-0.21146216143492488,0.05202913631633721
modular,transformer_publication_20260622T101458Z_modular_seed101,101,fixed_update_scale,512,0,marginal_gain_soft,marginal_gain_soft,marginal_gain_soft,False,uniform_exact_cost__512,512,512,-0.2332790154463667,0.06659729448491158
modular,transformer_publication_20260622T101458Z_modular_seed101,101,standard,512,0,effective_rank,effective_rank,effective_rank,False,uniform_exact_cost__448,448,448,0.1299359129197144,-0.059313215400624286
modular,transformer_publication_20260622T101458Z_modular_seed101,101,standard,512,0,soft_dimension,soft_dimension,soft_dimension,True,uniform_exact_cost__512,512,512,-0.002695154138956102,-0.009365244536940653
modular,transformer_publication_20260622T101458Z_modular_seed101,101,standard,512,0,gradient_norm,gradient_norm,gradient_norm,False,uniform_exact_cost__448,448,448,-0.0551577962772159,-0.007284079084287187
modular,transformer_publication_20260622T101458Z_modular_seed101,101,standard,512,0,marginal_gain_edge,marginal_gain_edge,marginal_gain_edge,False,uniform_exact_cost__512,512,512,-0.12818582410246732,0.01664932362122795
modular,transformer_publication_20260622T101458Z_modular_seed101,101,standard,512,0,marginal_gain_soft,marginal_gain_soft,marginal_gain_soft,False,uniform_exact_cost__512,512,512,-0.2082874258586694,0.053069719042664
modular,transformer_publication_20260622T101458Z_modular_seed101,101,rslora,512,0,effective_rank,effective_rank,effective_rank,False,uniform_exact_cost__448,448,448,0.0018710194157512405,0.01664932362122795
modular,transformer_publication_20260622T101458Z_modular_seed101,101,rslora,512,0,soft_dimension,soft_dimension,soft_dimension,True,uniform_exact_cost__512,512,512,-0.011621581714185536,0.011446409989594009
modular,transformer_publication_20260622T101458Z_modular_seed101,101,rslora,512,0,gradient_norm,gradient_norm,gradient_norm,False,uniform_exact_cost__448,448,448,-0.1363195798027404,0.04474505723205002
modular,transformer_publication_20260622T101458Z_modular_seed101,101,rslora,512,0,marginal_gain_edge,marginal_gain_edge,marginal_gain_edge,False,uniform_exact_cost__512,512,512,-0.210240284172851,0.06139438085327775
modular,transformer_publication_20260622T101458Z_modular_seed101,101,rslora,512,0,marginal_gain_soft,marginal_gain_soft,marginal_gain_soft,False,uniform_exact_cost__512,512,512,-0.23083440002740113,0.07596253902185213
modular,transformer_publication_20260622T101458Z_modular_seed101,101,fixed_update_scale,512,1,effective_rank,effective_rank,effective_rank,False,uniform_exact_cost__448,448,448,0.08496330931209012,-0.02185223725286156
modular,transformer_publication_20260622T101458Z_modular_seed101,101,fixed_update_scale,512,1,soft_dimension,soft_dimension,soft_dimension,True,uniform_exact_cost__512,512,512,0.04796555111112999,-0.018730489073881196
modular,transformer_publication_20260622T101458Z_modular_seed101,101,fixed_update_scale,512,1,gradient_norm,gradient_norm,gradient_norm,False,uniform_exact_cost__448,448,448,-0.04462942899700009,0.00520291363163361
modular,transformer_publication_20260622T101458Z_modular_seed101,101,fixed_update_scale,512,1,marginal_gain_edge,marginal_gain_edge,marginal_gain_edge,False,uniform_exact_cost__512,512,512,-0.07856546095829231,0.01768990634755474
modular,transformer_publication_20260622T101458Z_modular_seed101,101,fixed_update_scale,512,1,marginal_gain_soft,marginal_gain_soft,marginal_gain_soft,False,uniform_exact_cost__512,512,512,-0.14995884920134142,0.030176899063475537
modular,transformer_publication_20260622T101458Z_modular_seed101,101,standard,512,1,effective_rank,effective_rank,effective_rank,False,uniform_exact_cost__448,448,448,0.05057178622229913,-0.003121748178980255
modular,transformer_publication_20260622T101458Z_modular_seed101,101,standard,512,1,soft_dimension,soft_dimension,soft_dimension,True,uniform_exact_cost__512,512,512,0.016958581080173785,-0.01664932362122784
modular,transformer_publication_20260622T101458Z_modular_seed101,101,standard,512,1,gradient_norm,gradient_norm,gradient_norm,False,uniform_exact_cost__448,448,448,-0.09742108858834941,0.032258064516129115
modular,transformer_publication_20260622T101458Z_modular_seed101,101,standard,512,1,marginal_gain_edge,marginal_gain_edge,marginal_gain_edge,False,uniform_exact_cost__512,512,512,-0.1666236387393229,0.031217481789802437
modular,transformer_publication_20260622T101458Z_modular_seed101,101,standard,512,1,marginal_gain_soft,marginal_gain_soft,marginal_gain_soft,False,uniform_exact_cost__512,512,512,-0.1697668401247257,0.036420395421435936
modular,transformer_publication_20260622T101458Z_modular_seed101,101,rslora,512,1,effective_rank,effective_rank,effective_rank,False,uniform_exact_cost__448,448,448,0.07247878404859442,-0.010405827263267442
modular,transformer_publication_20260622T101458Z_modular_seed101,101,rslora,512,1,soft_dimension,soft_dimension,soft_dimension,True,uniform_exact_cost__512,512,512,0.06735385996245946,-0.03954214360041619
modular,transformer_publication_20260622T101458Z_modular_seed101,101,rslora,512,1,gradient_norm,gradient_norm,gradient_norm,False,uniform_exact_cost__448,448,448,-0.04656241596923538,0.02289281997918835
modular,transformer_publication_20260622T101458Z_modular_seed101,101,rslora,512,1,marginal_gain_edge,marginal_gain_edge,marginal_gain_edge,False,uniform_exact_cost__512,512,512,-0.033581441913757504,-0.01664932362122784
modular,transformer_publication_20260622T101458Z_modular_seed101,101,rslora,512,1,marginal_gain_soft,marginal_gain_soft,marginal_gain_soft,False,uniform_exact_cost__512,512,512,-0.1323804733237788,0.018730489073881418
modular,transformer_publication_20260622T101458Z_modular_seed101,101,fixed_update_scale,512,2,effective_rank,effective_rank,effective_rank,False,uniform_exact_cost__448,448,448,-0.08076622362687602,0.04474505723204991
modular,transformer_publication_20260622T101458Z_modular_seed101,101,fixed_update_scale,512,2,soft_dimension,soft_dimension,soft_dimension,True,uniform_exact_cost__512,512,512,0.06324995878955947,-0.04682622268470338
modular,transformer_publication_20260622T101458Z_modular_seed101,101,fixed_update_scale,512,2,gradient_norm,gradient_norm,gradient_norm,False,uniform_exact_cost__448,448,448,-0.1790604203102119,0.0520291363163371
modular,transformer_publication_20260622T101458Z_modular_seed101,101,fixed_update_scale,512,2,marginal_gain_edge,marginal_gain_edge,marginal_gain_edge,False,uniform_exact_cost__512,512,512,-0.1460613036192915,0.027055150884495394
modular,transformer_publication_20260622T101458Z_modular_seed101,101,fixed_update_scale,512,2,marginal_gain_soft,marginal_gain_soft,marginal_gain_soft,False,uniform_exact_cost__512,512,512,-0.1460245005111913,0.02393340270551514
modular,transformer_publication_20260622T101458Z_modular_seed101,101,standard,512,2,effective_rank,effective_rank,effective_rank,False,uniform_exact_cost__448,448,448,0.0877086183096939,-0.027055150884495283
modular,transformer_publication_20260622T101458Z_modular_seed101,101,standard,512,2,soft_dimension,soft_dimension,soft_dimension,True,uniform_exact_cost__512,512,512,0.07302833713676377,-0.04058272632674276
modular,transformer_publication_20260622T101458Z_modular_seed101,101,standard,512,2,gradient_norm,gradient_norm,gradient_norm,False,uniform_exact_cost__448,448,448,-0.15186226186531512,0.03642039542143605
modular,transformer_publication_20260622T101458Z_modular_seed101,101,standard,512,2,marginal_gain_edge,marginal_gain_edge,marginal_gain_edge,False,uniform_exact_cost__512,512,512,-0.12165285905863812,0.01768990634755485
modular,transformer_publication_20260622T101458Z_modular_seed101,101,standard,512,2,marginal_gain_soft,marginal_gain_soft,marginal_gain_soft,False,uniform_exact_cost__512,512,512,-0.11795696194412553,0.02497398543184204
modular,transformer_publication_20260622T101458Z_modular_seed101,101,rslora,512,2,effective_rank,effective_rank,effective_rank,False,uniform_exact_cost__448,448,448,-0.07616874578716099,0.04058272632674298
modular,transformer_publication_20260622T101458Z_modular_seed101,101,rslora,512,2,soft_dimension,soft_dimension,soft_dimension,True,uniform_exact_cost__512,512,512,0.09992542146519989,-0.037460978147762614
modular,transformer_publication_20260622T101458Z_modular_seed101,101,rslora,512,2,gradient_norm,gradient_norm,gradient_norm,False,uniform_exact_cost__448,448,448,-0.20386033730812048,0.06139438085327775
modular,transformer_publication_20260622T101458Z_modular_seed101,101,rslora,512,2,marginal_gain_edge,marginal_gain_edge,marginal_gain_edge,False,uniform_exact_cost__512,512,512,-0.1007213032611575,0.02497398543184204
modular,transformer_publication_20260622T101458Z_modular_seed101,101,rslora,512,2,marginal_gain_soft,marginal_gain_soft,marginal_gain_soft,False,uniform_exact_cost__512,512,512,-0.08885815956714121,0.01873048907388164
modular,transformer_publication_20260622T101458Z_modular_seed101,101,fixed_update_scale,1024,0,effective_rank,effective_rank,effective_rank,False,uniform_exact_cost__1024,1024,1024,-0.0078096314314966,0.0
modular,transformer_publication_20260622T101458Z_modular_seed101,101,fixed_update_scale,1024,0,soft_dimension,soft_dimension,soft_dimension,True,uniform_exact_cost__1024,1024,1024,-0.0078096314314966,0.0
modular,transformer_publication_20260622T101458Z_modular_seed101,101,fixed_update_scale,1024,0,gradient_norm,gradient_norm,gradient_norm,False,uniform_exact_cost__1024,1024,1024,0.013371680895182501,-0.0010405827263267886
modular,transformer_publication_20260622T101458Z_modular_seed101,101,fixed_update_scale,1024,0,marginal_gain_edge,marginal_gain_edge,marginal_gain_edge,False,uniform_exact_cost__1024,1024,1024,-0.004625802316957799,0.0
modular,transformer_publication_20260622T101458Z_modular_seed101,101,fixed_update_scale,1024,0,marginal_gain_soft,marginal_gain_soft,marginal_gain_soft,False,uniform_exact_cost__1024,1024,1024,-0.004625802316957799,0.0
modular,transformer_publication_20260622T101458Z_modular_seed101,101,standard,1024,0,effective_rank,effective_rank,effective_rank,False,uniform_exact_cost__1024,1024,1024,0.003814926683034396,0.0
modular,transformer_publication_20260622T101458Z_modular_seed101,101,standard,1024,0,soft_dimension,soft_dimension,soft_dimension,True,uniform_exact_cost__1024,1024,1024,0.003814926683034396,0.0
modular,transformer_publication_20260622T101458Z_modular_seed101,101,standard,1024,0,gradient_norm,gradient_norm,gradient_norm,False,uniform_exact_cost__1024,1024,1024,0.0176913507368016,-0.009365244536940653
modular,transformer_publication_20260622T101458Z_modular_seed101,101,standard,1024,0,marginal_gain_edge,marginal_gain_edge,marginal_gain_edge,False,uniform_exact_cost__1024,1024,1024,0.018899175661163392,-0.011446409989594009
modular,transformer_publication_20260622T101458Z_modular_seed101,101,standard,1024,0,marginal_gain_soft,marginal_gain_soft,marginal_gain_soft,False,uniform_exact_cost__1024,1024,1024,0.018899175661163392,-0.011446409989594009
modular,transformer_publication_20260622T101458Z_modular_seed101,101,rslora,1024,0,effective_rank,effective_rank,effective_rank,False,uniform_exact_cost__1024,1024,1024,-0.0097697298977675,0.0020811654526535772
modular,transformer_publication_20260622T101458Z_modular_seed101,101,rslora,1024,0,soft_dimension,soft_dimension,soft_dimension,True,uniform_exact_cost__1024,1024,1024,-0.0097697298977675,0.0020811654526535772
modular,transformer_publication_20260622T101458Z_modular_seed101,101,rslora,1024,0,gradient_norm,gradient_norm,gradient_norm,False,uniform_exact_cost__1024,1024,1024,0.009072719356985198,-0.0010405827263267886
modular,transformer_publication_20260622T101458Z_modular_seed101,101,rslora,1024,0,marginal_gain_edge,marginal_gain_edge,marginal_gain_edge,False,uniform_exact_cost__1024,1024,1024,-0.0038678190950982017,0.0010405827263267886
modular,transformer_publication_20260622T101458Z_modular_seed101,101,rslora,1024,0,marginal_gain_soft,marginal_gain_soft,marginal_gain_soft,False,uniform_exact_cost__1024,1024,1024,-0.0038678190950982017,0.0010405827263267886
modular,transformer_publication_20260622T101458Z_modular_seed101,101,fixed_update_scale,1024,1,effective_rank,effective_rank,effective_rank,False,uniform_exact_cost__1024,1024,1024,-0.003333410872272402,0.0
modular,transformer_publication_20260622T101458Z_modular_seed101,101,fixed_update_scale,1024,1,soft_dimension,soft_dimension,soft_dimension,True,uniform_exact_cost__1024,1024,1024,-0.003333410872272402,0.0
modular,transformer_publication_20260622T101458Z_modular_seed101,101,fixed_update_scale,1024,1,gradient_norm,gradient_norm,gradient_norm,False,uniform_exact_cost__1024,1024,1024,0.013527804080486101,-0.0010405827263267886
modular,transformer_publication_20260622T101458Z_modular_seed101,101,fixed_update_scale,1024,1,marginal_gain_edge,marginal_gain_edge,marginal_gain_edge,False,uniform_exact_cost__1024,1024,1024,0.0028446903985293003,0.0
modular,transformer_publication_20260622T101458Z_modular_seed101,101,fixed_update_scale,1024,1,marginal_gain_soft,marginal_gain_soft,marginal_gain_soft,False,uniform_exact_cost__1024,1024,1024,0.0028446903985293003,0.0
modular,transformer_publication_20260622T101458Z_modular_seed101,101,standard,1024,1,effective_rank,effective_rank,effective_rank,False,uniform_exact_cost__1024,1024,1024,0.012729654307637103,-0.003121748178980366
modular,transformer_publication_20260622T101458Z_modular_seed101,101,standard,1024,1,soft_dimension,soft_dimension,soft_dimension,True,uniform_exact_cost__1024,1024,1024,0.012729654307637103,-0.003121748178980366
modular,transformer_publication_20260622T101458Z_modular_seed101,101,standard,1024,1,gradient_norm,gradient_norm,gradient_norm,False,uniform_exact_cost__1024,1024,1024,0.0256580851902327,-0.008324661810613976
modular,transformer_publication_20260622T101458Z_modular_seed101,101,standard,1024,1,marginal_gain_edge,marginal_gain_edge,marginal_gain_edge,False,uniform_exact_cost__1024,1024,1024,0.020708033844099902,-0.0010405827263267886
modular,transformer_publication_20260622T101458Z_modular_seed101,101,standard,1024,1,marginal_gain_soft,marginal_gain_soft,marginal_gain_soft,False,uniform_exact_cost__1024,1024,1024,0.020708033844099902,-0.0010405827263267886
modular,transformer_publication_20260622T101458Z_modular_seed101,101,rslora,1024,1,effective_rank,effective_rank,effective_rank,False,uniform_exact_cost__1024,1024,1024,-0.0001342836903111995,0.0
modular,transformer_publication_20260622T101458Z_modular_seed101,101,rslora,1024,1,soft_dimension,soft_dimension,soft_dimension,True,uniform_exact_cost__1024,1024,1024,-0.0001342836903111995,0.0
modular,transformer_publication_20260622T101458Z_modular_seed101,101,rslora,1024,1,gradient_norm,gradient_norm,gradient_norm,False,uniform_exact_cost__1024,1024,1024,0.020726347169630503,-0.003121748178980366
modular,transformer_publication_20260622T101458Z_modular_seed101,101,rslora,1024,1,marginal_gain_edge,marginal_gain_edge,marginal_gain_edge,False,uniform_exact_cost__1024,1024,1024,0.008842686321063102,-0.0010405827263267886
modular,transformer_publication_20260622T101458Z_modular_seed101,101,rslora,1024,1,marginal_gain_soft,marginal_gain_soft,marginal_gain_soft,False,uniform_exact_cost__1024,1024,1024,0.008842686321063102,-0.0010405827263267886
modular,transformer_publication_20260622T101458Z_modular_seed101,101,fixed_update_scale,1024,2,effective_rank,effective_rank,effective_rank,False,uniform_exact_cost__1024,1024,1024,-0.0021532854640954995,0.0
modular,transformer_publication_20260622T101458Z_modular_seed101,101,fixed_update_scale,1024,2,soft_dimension,soft_dimension,soft_dimension,True,uniform_exact_cost__1024,1024,1024,-0.0021532854640954995,0.0
modular,transformer_publication_20260622T101458Z_modular_seed101,101,fixed_update_scale,1024,2,gradient_norm,gradient_norm,gradient_norm,False,uniform_exact_cost__1024,1024,1024,0.012065280759929999,0.0
modular,transformer_publication_20260622T101458Z_modular_seed101,101,fixed_update_scale,1024,2,marginal_gain_edge,marginal_gain_edge,marginal_gain_edge,False,uniform_exact_cost__1024,1024,1024,0.002084952842106899,0.0
modular,transformer_publication_20260622T101458Z_modular_seed101,101,fixed_update_scale,1024,2,marginal_gain_soft,marginal_gain_soft,marginal_gain_soft,False,uniform_exact_cost__1024,1024,1024,0.002084952842106899,0.0
modular,transformer_publication_20260622T101458Z_modular_seed101,101,standard,1024,2,effective_rank,effective_rank,effective_rank,False,uniform_exact_cost__1024,1024,1024,0.017499076568838402,-0.003121748178980366
modular,transformer_publication_20260622T101458Z_modular_seed101,101,standard,1024,2,soft_dimension,soft_dimension,soft_dimension,True,uniform_exact_cost__1024,1024,1024,0.017499076568838402,-0.003121748178980366
modular,transformer_publication_20260622T101458Z_modular_seed101,101,standard,1024,2,gradient_norm,gradient_norm,gradient_norm,False,uniform_exact_cost__1024,1024,1024,0.024665539229480594,-0.0020811654526535772
modular,transformer_publication_20260622T101458Z_modular_seed101,101,standard,1024,2,marginal_gain_edge,marginal_gain_edge,marginal_gain_edge,False,uniform_exact_cost__1024,1024,1024,0.008630415922831307,0.0010405827263267886
modular,transformer_publication_20260622T101458Z_modular_seed101,101,standard,1024,2,marginal_gain_soft,marginal_gain_soft,marginal_gain_soft,False,uniform_exact_cost__1024,1024,1024,0.008630415922831307,0.0010405827263267886
modular,transformer_publication_20260622T101458Z_modular_seed101,101,rslora,1024,2,effective_rank,effective_rank,effective_rank,False,uniform_exact_cost__1024,1024,1024,-0.0012094088646889996,0.0
modular,transformer_publication_20260622T101458Z_modular_seed101,101,rslora,1024,2,soft_dimension,soft_dimension,soft_dimension,True,uniform_exact_cost__1024,1024,1024,-0.0012094088646889996,0.0
modular,transformer_publication_20260622T101458Z_modular_seed101,101,rslora,1024,2,gradient_norm,gradient_norm,gradient_norm,False,uniform_exact_cost__1024,1024,1024,0.0227486949266709,0.0
modular,transformer_publication_20260622T101458Z_modular_seed101,101,rslora,1024,2,marginal_gain_edge,marginal_gain_edge,marginal_gain_edge,False,uniform_exact_cost__1024,1024,1024,-0.004271071497254,0.0010405827263267886
modular,transformer_publication_20260622T101458Z_modular_seed101,101,rslora,1024,2,marginal_gain_soft,marginal_gain_soft,marginal_gain_soft,False,uniform_exact_cost__1024,1024,1024,-0.004271071497254,0.0010405827263267886
modular,transformer_publication_20260622T101458Z_modular_seed101,101,fixed_update_scale,1536,0,effective_rank,effective_rank,effective_rank,False,uniform_exact_cost__1472,1472,1472,-0.007582524264159601,0.0010405827263267886
modular,transformer_publication_20260622T101458Z_modular_seed101,101,fixed_update_scale,1536,0,soft_dimension,soft_dimension,soft_dimension,True,uniform_exact_cost__1536,1536,1536,0.0,0.0
modular,transformer_publication_20260622T101458Z_modular_seed101,101,fixed_update_scale,1536,0,gradient_norm,gradient_norm,gradient_norm,False,uniform_exact_cost__1472,1472,1472,0.0017605106793072006,0.0010405827263267886
modular,transformer_publication_20260622T101458Z_modular_seed101,101,fixed_update_scale,1536,0,marginal_gain_edge,marginal_gain_edge,marginal_gain_edge,False,uniform_exact_cost__1536,1536,1536,0.003381490259664898,0.0
modular,transformer_publication_20260622T101458Z_modular_seed101,101,fixed_update_scale,1536,0,marginal_gain_soft,marginal_gain_soft,marginal_gain_soft,False,uniform_exact_cost__1536,1536,1536,0.0026013340488945,0.0
modular,transformer_publication_20260622T101458Z_modular_seed101,101,standard,1536,0,effective_rank,effective_rank,effective_rank,False,uniform_exact_cost__1472,1472,1472,0.0029176243548897016,0.003121748178980366
modular,transformer_publication_20260622T101458Z_modular_seed101,101,standard,1536,0,soft_dimension,soft_dimension,soft_dimension,True,uniform_exact_cost__1536,1536,1536,0.0,0.0
modular,transformer_publication_20260622T101458Z_modular_seed101,101,standard,1536,0,gradient_norm,gradient_norm,gradient_norm,False,uniform_exact_cost__1472,1472,1472,0.0003251331227440979,-0.002081165452653244
modular,transformer_publication_20260622T101458Z_modular_seed101,101,standard,1536,0,marginal_gain_edge,marginal_gain_edge,marginal_gain_edge,False,uniform_exact_cost__1536,1536,1536,-0.0044454627211955,-0.0010405827263267886
modular,transformer_publication_20260622T101458Z_modular_seed101,101,standard,1536,0,marginal_gain_soft,marginal_gain_soft,marginal_gain_soft,False,uniform_exact_cost__1536,1536,1536,-0.0116200377616128,0.0
modular,transformer_publication_20260622T101458Z_modular_seed101,101,rslora,1536,0,effective_rank,effective_rank,effective_rank,False,uniform_exact_cost__1472,1472,1472,-0.019468912651275802,0.0020811654526535772
modular,transformer_publication_20260622T101458Z_modular_seed101,101,rslora,1536,0,soft_dimension,soft_dimension,soft_dimension,True,uniform_exact_cost__1536,1536,1536,0.0,0.0
modular,transformer_publication_20260622T101458Z_modular_seed101,101,rslora,1536,0,gradient_norm,gradient_norm,gradient_norm,False,uniform_exact_cost__1472,1472,1472,-0.009919977449384602,0.0020811654526535772
modular,transformer_publication_20260622T101458Z_modular_seed101,101,rslora,1536,0,marginal_gain_edge,marginal_gain_edge,marginal_gain_edge,False,uniform_exact_cost__1536,1536,1536,0.002419371519365601,0.0
modular,transformer_publication_20260622T101458Z_modular_seed101,101,rslora,1536,0,marginal_gain_soft,marginal_gain_soft,marginal_gain_soft,False,uniform_exact_cost__1536,1536,1536,0.0033431433007492985,0.0
modular,transformer_publication_20260622T101458Z_modular_seed101,101,fixed_update_scale,1536,1,effective_rank,effective_rank,effective_rank,False,uniform_exact_cost__1472,1472,1472,0.0007731376301097995,0.0
modular,transformer_publication_20260622T101458Z_modular_seed101,101,fixed_update_scale,1536,1,soft_dimension,soft_dimension,soft_dimension,True,uniform_exact_cost__1536,1536,1536,0.0,0.0
modular,transformer_publication_20260622T101458Z_modular_seed101,101,fixed_update_scale,1536,1,gradient_norm,gradient_norm,gradient_norm,False,uniform_exact_cost__1472,1472,1472,0.002886346957096799,0.0
modular,transformer_publication_20260622T101458Z_modular_seed101,101,fixed_update_scale,1536,1,marginal_gain_edge,marginal_gain_edge,marginal_gain_edge,False,uniform_exact_cost__1536,1536,1536,0.0026836297314897003,0.0
modular,transformer_publication_20260622T101458Z_modular_seed101,101,fixed_update_scale,1536,1,marginal_gain_soft,marginal_gain_soft,marginal_gain_soft,False,uniform_exact_cost__1536,1536,1536,0.0028681226857742975,0.0
modular,transformer_publication_20260622T101458Z_modular_seed101,101,standard,1536,1,effective_rank,effective_rank,effective_rank,False,uniform_exact_cost__1472,1472,1472,0.0017478630260702975,0.0020811654526535772
modular,transformer_publication_20260622T101458Z_modular_seed101,101,standard,1536,1,soft_dimension,soft_dimension,soft_dimension,True,uniform_exact_cost__1536,1536,1536,0.0,0.0
modular,transformer_publication_20260622T101458Z_modular_seed101,101,standard,1536,1,gradient_norm,gradient_norm,gradient_norm,False,uniform_exact_cost__1472,1472,1472,0.026936956013588698,-0.006243496357960399
modular,transformer_publication_20260622T101458Z_modular_seed101,101,standard,1536,1,marginal_gain_edge,marginal_gain_edge,marginal_gain_edge,False,uniform_exact_cost__1536,1536,1536,0.0162751548647354,-0.003121748178980366
modular,transformer_publication_20260622T101458Z_modular_seed101,101,standard,1536,1,marginal_gain_soft,marginal_gain_soft,marginal_gain_soft,False,uniform_exact_cost__1536,1536,1536,0.003317906169470898,-0.0010405827263267886
modular,transformer_publication_20260622T101458Z_modular_seed101,101,rslora,1536,1,effective_rank,effective_rank,effective_rank,False,uniform_exact_cost__1472,1472,1472,-0.0021643319703119005,0.0
modular,transformer_publication_20260622T101458Z_modular_seed101,101,rslora,1536,1,soft_dimension,soft_dimension,soft_dimension,True,uniform_exact_cost__1536,1536,1536,0.0,0.0
modular,transformer_publication_20260622T101458Z_modular_seed101,101,rslora,1536,1,gradient_norm,gradient_norm,gradient_norm,False,uniform_exact_cost__1472,1472,1472,0.0098622369063431,0.0
modular,transformer_publication_20260622T101458Z_modular_seed101,101,rslora,1536,1,marginal_gain_edge,marginal_gain_edge,marginal_gain_edge,False,uniform_exact_cost__1536,1536,1536,0.0014848048148462002,0.0
modular,transformer_publication_20260622T101458Z_modular_seed101,101,rslora,1536,1,marginal_gain_soft,marginal_gain_soft,marginal_gain_soft,False,uniform_exact_cost__1536,1536,1536,0.0012796877017953005,0.0
modular,transformer_publication_20260622T101458Z_modular_seed101,101,fixed_update_scale,1536,2,effective_rank,effective_rank,effective_rank,False,uniform_exact_cost__1472,1472,1472,0.004528707790728299,0.0
modular,transformer_publication_20260622T101458Z_modular_seed101,101,fixed_update_scale,1536,2,soft_dimension,soft_dimension,soft_dimension,True,uniform_exact_cost__1536,1536,1536,0.0,0.0
modular,transformer_publication_20260622T101458Z_modular_seed101,101,fixed_update_scale,1536,2,gradient_norm,gradient_norm,gradient_norm,False,uniform_exact_cost__1472,1472,1472,0.0035460392608231,0.0
modular,transformer_publication_20260622T101458Z_modular_seed101,101,fixed_update_scale,1536,2,marginal_gain_edge,marginal_gain_edge,marginal_gain_edge,False,uniform_exact_cost__1536,1536,1536,0.0034063159905830982,0.0
modular,transformer_publication_20260622T101458Z_modular_seed101,101,fixed_update_scale,1536,2,marginal_gain_soft,marginal_gain_soft,marginal_gain_soft,False,uniform_exact_cost__1536,1536,1536,0.001991731720384398,0.0
modular,transformer_publication_20260622T101458Z_modular_seed101,101,standard,1536,2,effective_rank,effective_rank,effective_rank,False,uniform_exact_cost__1472,1472,1472,-0.0008399143861558961,0.0
modular,transformer_publication_20260622T101458Z_modular_seed101,101,standard,1536,2,soft_dimension,soft_dimension,soft_dimension,True,uniform_exact_cost__1536,1536,1536,0.0,0.0
modular,transformer_publication_20260622T101458Z_modular_seed101,101,standard,1536,2,gradient_norm,gradient_norm,gradient_norm,False,uniform_exact_cost__1472,1472,1472,-0.010515229854031197,0.0020811654526535772
modular,transformer_publication_20260622T101458Z_modular_seed101,101,standard,1536,2,marginal_gain_edge,marginal_gain_edge,marginal_gain_edge,False,uniform_exact_cost__1536,1536,1536,0.022926006183167695,-0.008324661810613976
modular,transformer_publication_20260622T101458Z_modular_seed101,101,standard,1536,2,marginal_gain_soft,marginal_gain_soft,marginal_gain_soft,False,uniform_exact_cost__1536,1536,1536,-0.013999835819657303,0.0010405827263267886
modular,transformer_publication_20260622T101458Z_modular_seed101,101,rslora,1536,2,effective_rank,effective_rank,effective_rank,False,uniform_exact_cost__1472,1472,1472,0.0008764181859814996,0.0
modular,transformer_publication_20260622T101458Z_modular_seed101,101,rslora,1536,2,soft_dimension,soft_dimension,soft_dimension,True,uniform_exact_cost__1536,1536,1536,0.0,0.0
modular,transformer_publication_20260622T101458Z_modular_seed101,101,rslora,1536,2,gradient_norm,gradient_norm,gradient_norm,False,uniform_exact_cost__1472,1472,1472,0.003934674994180801,0.0
modular,transformer_publication_20260622T101458Z_modular_seed101,101,rslora,1536,2,marginal_gain_edge,marginal_gain_edge,marginal_gain_edge,False,uniform_exact_cost__1536,1536,1536,-0.0004946882414954001,0.0
modular,transformer_publication_20260622T101458Z_modular_seed101,101,rslora,1536,2,marginal_gain_soft,marginal_gain_soft,marginal_gain_soft,False,uniform_exact_cost__1536,1536,1536,0.0005340328765694007,0.0
modular,transformer_publication_20260622T101458Z_modular_seed101,101,fixed_update_scale,2048,0,effective_rank,effective_rank,effective_rank,False,uniform_exact_cost__2048,2048,2048,-0.0008417017705561001,0.0
modular,transformer_publication_20260622T101458Z_modular_seed101,101,fixed_update_scale,2048,0,soft_dimension,soft_dimension,soft_dimension,True,uniform_exact_cost__2048,2048,2048,5.403837008819898e-05,0.0
modular,transformer_publication_20260622T101458Z_modular_seed101,101,fixed_update_scale,2048,0,gradient_norm,gradient_norm,gradient_norm,False,uniform_exact_cost__2048,2048,2048,0.0025691189672352004,0.0
modular,transformer_publication_20260622T101458Z_modular_seed101,101,fixed_update_scale,2048,0,marginal_gain_edge,marginal_gain_edge,marginal_gain_edge,False,uniform_exact_cost__2048,2048,2048,0.001943954402284299,0.0
modular,transformer_publication_20260622T101458Z_modular_seed101,101,fixed_update_scale,2048,0,marginal_gain_soft,marginal_gain_soft,marginal_gain_soft,False,uniform_exact_cost__2048,2048,2048,0.001943954402284299,0.0
modular,transformer_publication_20260622T101458Z_modular_seed101,101,standard,2048,0,effective_rank,effective_rank,effective_rank,False,uniform_exact_cost__2048,2048,2048,-0.0018599816403206005,0.0
modular,transformer_publication_20260622T101458Z_modular_seed101,101,standard,2048,0,soft_dimension,soft_dimension,soft_dimension,True,uniform_exact_cost__2048,2048,2048,-0.0012821894484057999,0.0
modular,transformer_publication_20260622T101458Z_modular_seed101,101,standard,2048,0,gradient_norm,gradient_norm,gradient_norm,False,uniform_exact_cost__2048,2048,2048,0.0188506132119667,0.0
modular,transformer_publication_20260622T101458Z_modular_seed101,101,standard,2048,0,marginal_gain_edge,marginal_gain_edge,marginal_gain_edge,False,uniform_exact_cost__2048,2048,2048,0.0003451200533545005,0.0
modular,transformer_publication_20260622T101458Z_modular_seed101,101,standard,2048,0,marginal_gain_soft,marginal_gain_soft,marginal_gain_soft,False,uniform_exact_cost__2048,2048,2048,0.0003451200533545005,0.0
modular,transformer_publication_20260622T101458Z_modular_seed101,101,rslora,2048,0,effective_rank,effective_rank,effective_rank,False,uniform_exact_cost__2048,2048,2048,-1.5664765268199807e-05,0.0
modular,transformer_publication_20260622T101458Z_modular_seed101,101,rslora,2048,0,soft_dimension,soft_dimension,soft_dimension,True,uniform_exact_cost__2048,2048,2048,7.91943803601005e-05,0.0
modular,transformer_publication_20260622T101458Z_modular_seed101,101,rslora,2048,0,gradient_norm,gradient_norm,gradient_norm,False,uniform_exact_cost__2048,2048,2048,0.0021212645365424002,0.0
modular,transformer_publication_20260622T101458Z_modular_seed101,101,rslora,2048,0,marginal_gain_edge,marginal_gain_edge,marginal_gain_edge,False,uniform_exact_cost__2048,2048,2048,0.0026186360385458997,0.0
modular,transformer_publication_20260622T101458Z_modular_seed101,101,rslora,2048,0,marginal_gain_soft,marginal_gain_soft,marginal_gain_soft,False,uniform_exact_cost__2048,2048,2048,0.0026186360385458997,0.0
modular,transformer_publication_20260622T101458Z_modular_seed101,101,fixed_update_scale,2048,1,effective_rank,effective_rank,effective_rank,False,uniform_exact_cost__2048,2048,2048,6.023380599200559e-06,0.0
modular,transformer_publication_20260622T101458Z_modular_seed101,101,fixed_update_scale,2048,1,soft_dimension,soft_dimension,soft_dimension,True,uniform_exact_cost__2048,2048,2048,0.0004877331875008991,0.0
modular,transformer_publication_20260622T101458Z_modular_seed101,101,fixed_update_scale,2048,1,gradient_norm,gradient_norm,gradient_norm,False,uniform_exact_cost__2048,2048,2048,0.0029871459918544997,0.0
modular,transformer_publication_20260622T101458Z_modular_seed101,101,fixed_update_scale,2048,1,marginal_gain_edge,marginal_gain_edge,marginal_gain_edge,False,uniform_exact_cost__2048,2048,2048,0.0023324882377106,0.0
modular,transformer_publication_20260622T101458Z_modular_seed101,101,fixed_update_scale,2048,1,marginal_gain_soft,marginal_gain_soft,marginal_gain_soft,False,uniform_exact_cost__2048,2048,2048,0.0023324882377106,0.0
modular,transformer_publication_20260622T101458Z_modular_seed101,101,standard,2048,1,effective_rank,effective_rank,effective_rank,False,uniform_exact_cost__2048,2048,2048,-0.0063657198764159005,0.0
modular,transformer_publication_20260622T101458Z_modular_seed101,101,standard,2048,1,soft_dimension,soft_dimension,soft_dimension,True,uniform_exact_cost__2048,2048,2048,0.0136528302829143,-0.0010405827263267886
modular,transformer_publication_20260622T101458Z_modular_seed101,101,standard,2048,1,gradient_norm,gradient_norm,gradient_norm,False,uniform_exact_cost__2048,2048,2048,-0.0058813617360254,0.0
modular,transformer_publication_20260622T101458Z_modular_seed101,101,standard,2048,1,marginal_gain_edge,marginal_gain_edge,marginal_gain_edge,False,uniform_exact_cost__2048,2048,2048,-0.0049363831416718,0.0
modular,transformer_publication_20260622T101458Z_modular_seed101,101,standard,2048,1,marginal_gain_soft,marginal_gain_soft,marginal_gain_soft,False,uniform_exact_cost__2048,2048,2048,-0.0049363831416718,0.0
modular,transformer_publication_20260622T101458Z_modular_seed101,101,rslora,2048,1,effective_rank,effective_rank,effective_rank,False,uniform_exact_cost__2048,2048,2048,0.00019919248559470068,0.0
modular,transformer_publication_20260622T101458Z_modular_seed101,101,rslora,2048,1,soft_dimension,soft_dimension,soft_dimension,True,uniform_exact_cost__2048,2048,2048,0.0004319773829937999,0.0
modular,transformer_publication_20260622T101458Z_modular_seed101,101,rslora,2048,1,gradient_norm,gradient_norm,gradient_norm,False,uniform_exact_cost__2048,2048,2048,0.0018943185655402005,0.0
modular,transformer_publication_20260622T101458Z_modular_seed101,101,rslora,2048,1,marginal_gain_edge,marginal_gain_edge,marginal_gain_edge,False,uniform_exact_cost__2048,2048,2048,0.0032000162897478004,0.0
modular,transformer_publication_20260622T101458Z_modular_seed101,101,rslora,2048,1,marginal_gain_soft,marginal_gain_soft,marginal_gain_soft,False,uniform_exact_cost__2048,2048,2048,0.0032000162897478004,0.0
modular,transformer_publication_20260622T101458Z_modular_seed101,101,fixed_update_scale,2048,2,effective_rank,effective_rank,effective_rank,False,uniform_exact_cost__2048,2048,2048,0.0007837058261083996,0.0
modular,transformer_publication_20260622T101458Z_modular_seed101,101,fixed_update_scale,2048,2,soft_dimension,soft_dimension,soft_dimension,True,uniform_exact_cost__2048,2048,2048,-0.0004778605518507995,0.0
modular,transformer_publication_20260622T101458Z_modular_seed101,101,fixed_update_scale,2048,2,gradient_norm,gradient_norm,gradient_norm,False,uniform_exact_cost__2048,2048,2048,0.0023260351598000002,0.0
modular,transformer_publication_20260622T101458Z_modular_seed101,101,fixed_update_scale,2048,2,marginal_gain_edge,marginal_gain_edge,marginal_gain_edge,False,uniform_exact_cost__2048,2048,2048,0.0019455713808196,0.0
modular,transformer_publication_20260622T101458Z_modular_seed101,101,fixed_update_scale,2048,2,marginal_gain_soft,marginal_gain_soft,marginal_gain_soft,False,uniform_exact_cost__2048,2048,2048,0.0019455713808196,0.0
modular,transformer_publication_20260622T101458Z_modular_seed101,101,standard,2048,2,effective_rank,effective_rank,effective_rank,False,uniform_exact_cost__2048,2048,2048,-0.0008803672912171007,0.0
modular,transformer_publication_20260622T101458Z_modular_seed101,101,standard,2048,2,soft_dimension,soft_dimension,soft_dimension,True,uniform_exact_cost__2048,2048,2048,0.00023501317630230008,0.0
modular,transformer_publication_20260622T101458Z_modular_seed101,101,standard,2048,2,gradient_norm,gradient_norm,gradient_norm,False,uniform_exact_cost__2048,2048,2048,0.0016817835272985998,0.0
modular,transformer_publication_20260622T101458Z_modular_seed101,101,standard,2048,2,marginal_gain_edge,marginal_gain_edge,marginal_gain_edge,False,uniform_exact_cost__2048,2048,2048,0.0013300700745041989,0.0
modular,transformer_publication_20260622T101458Z_modular_seed101,101,standard,2048,2,marginal_gain_soft,marginal_gain_soft,marginal_gain_soft,False,uniform_exact_cost__2048,2048,2048,0.0013300700745041989,0.0
modular,transformer_publication_20260622T101458Z_modular_seed101,101,rslora,2048,2,effective_rank,effective_rank,effective_rank,False,uniform_exact_cost__2048,2048,2048,-7.134837531619885e-05,0.0
modular,transformer_publication_20260622T101458Z_modular_seed101,101,rslora,2048,2,soft_dimension,soft_dimension,soft_dimension,True,uniform_exact_cost__2048,2048,2048,-0.00033228208953429983,0.0
modular,transformer_publication_20260622T101458Z_modular_seed101,101,rslora,2048,2,gradient_norm,gradient_norm,gradient_norm,False,uniform_exact_cost__2048,2048,2048,0.0022238171053711,0.0
modular,transformer_publication_20260622T101458Z_modular_seed101,101,rslora,2048,2,marginal_gain_edge,marginal_gain_edge,marginal_gain_edge,False,uniform_exact_cost__2048,2048,2048,0.0018412645888765,0.0
modular,transformer_publication_20260622T101458Z_modular_seed101,101,rslora,2048,2,marginal_gain_soft,marginal_gain_soft,marginal_gain_soft,False,uniform_exact_cost__2048,2048,2048,0.0018412645888765,0.0
modular,transformer_publication_20260622T101458Z_modular_seed101,101,fixed_update_scale,3072,0,effective_rank,effective_rank,effective_rank,False,uniform_exact_cost__3072,3072,3072,0.0005693237673255001,0.0
modular,transformer_publication_20260622T101458Z_modular_seed101,101,fixed_update_scale,3072,0,soft_dimension,soft_dimension,soft_dimension,True,uniform_exact_cost__3072,3072,3072,0.0,0.0
modular,transformer_publication_20260622T101458Z_modular_seed101,101,fixed_update_scale,3072,0,gradient_norm,gradient_norm,gradient_norm,False,uniform_exact_cost__3072,3072,3072,0.00020952050454919966,0.0
modular,transformer_publication_20260622T101458Z_modular_seed101,101,fixed_update_scale,3072,0,marginal_gain_edge,marginal_gain_edge,marginal_gain_edge,False,uniform_exact_cost__3072,3072,3072,0.0013526275440950003,0.0
modular,transformer_publication_20260622T101458Z_modular_seed101,101,fixed_update_scale,3072,0,marginal_gain_soft,marginal_gain_soft,marginal_gain_soft,False,uniform_exact_cost__3072,3072,3072,0.0013526275440950003,0.0
modular,transformer_publication_20260622T101458Z_modular_seed101,101,standard,3072,0,effective_rank,effective_rank,effective_rank,False,uniform_exact_cost__3072,3072,3072,7.901145542640008e-05,0.0
modular,transformer_publication_20260622T101458Z_modular_seed101,101,standard,3072,0,soft_dimension,soft_dimension,soft_dimension,True,uniform_exact_cost__3072,3072,3072,0.0,0.0
modular,transformer_publication_20260622T101458Z_modular_seed101,101,standard,3072,0,gradient_norm,gradient_norm,gradient_norm,False,uniform_exact_cost__3072,3072,3072,0.00041438643864199955,0.0
modular,transformer_publication_20260622T101458Z_modular_seed101,101,standard,3072,0,marginal_gain_edge,marginal_gain_edge,marginal_gain_edge,False,uniform_exact_cost__3072,3072,3072,0.0010036772517264996,0.0
modular,transformer_publication_20260622T101458Z_modular_seed101,101,standard,3072,0,marginal_gain_soft,marginal_gain_soft,marginal_gain_soft,False,uniform_exact_cost__3072,3072,3072,0.0010036772517264996,0.0
modular,transformer_publication_20260622T101458Z_modular_seed101,101,rslora,3072,0,effective_rank,effective_rank,effective_rank,False,uniform_exact_cost__3072,3072,3072,0.0003272703166519999,0.0
modular,transformer_publication_20260622T101458Z_modular_seed101,101,rslora,3072,0,soft_dimension,soft_dimension,soft_dimension,True,uniform_exact_cost__3072,3072,3072,0.0,0.0
modular,transformer_publication_20260622T101458Z_modular_seed101,101,rslora,3072,0,gradient_norm,gradient_norm,gradient_norm,False,uniform_exact_cost__3072,3072,3072,8.700319355540043e-05,0.0
modular,transformer_publication_20260622T101458Z_modular_seed101,101,rslora,3072,0,marginal_gain_edge,marginal_gain_edge,marginal_gain_edge,False,uniform_exact_cost__3072,3072,3072,0.0009361894245954999,0.0
modular,transformer_publication_20260622T101458Z_modular_seed101,101,rslora,3072,0,marginal_gain_soft,marginal_gain_soft,marginal_gain_soft,False,uniform_exact_cost__3072,3072,3072,0.0009361894245954999,0.0
modular,transformer_publication_20260622T101458Z_modular_seed101,101,fixed_update_scale,3072,1,effective_rank,effective_rank,effective_rank,False,uniform_exact_cost__3072,3072,3072,-0.0005639941440304004,0.0
modular,transformer_publication_20260622T101458Z_modular_seed101,101,fixed_update_scale,3072,1,soft_dimension,soft_dimension,soft_dimension,True,uniform_exact_cost__3072,3072,3072,0.0,0.0
modular,transformer_publication_20260622T101458Z_modular_seed101,101,fixed_update_scale,3072,1,gradient_norm,gradient_norm,gradient_norm,False,uniform_exact_cost__3072,3072,3072,-0.000991910270586701,0.0
modular,transformer_publication_20260622T101458Z_modular_seed101,101,fixed_update_scale,3072,1,marginal_gain_edge,marginal_gain_edge,marginal_gain_edge,False,uniform_exact_cost__3072,3072,3072,0.0012141672950567988,0.0
modular,transformer_publication_20260622T101458Z_modular_seed101,101,fixed_update_scale,3072,1,marginal_gain_soft,marginal_gain_soft,marginal_gain_soft,False,uniform_exact_cost__3072,3072,3072,0.0012141672950567988,0.0
modular,transformer_publication_20260622T101458Z_modular_seed101,101,standard,3072,1,effective_rank,effective_rank,effective_rank,False,uniform_exact_cost__3072,3072,3072,7.864184392680079e-05,0.0
modular,transformer_publication_20260622T101458Z_modular_seed101,101,standard,3072,1,soft_dimension,soft_dimension,soft_dimension,True,uniform_exact_cost__3072,3072,3072,0.0,0.0
modular,transformer_publication_20260622T101458Z_modular_seed101,101,standard,3072,1,gradient_norm,gradient_norm,gradient_norm,False,uniform_exact_cost__3072,3072,3072,-0.0003025067788931992,0.0
modular,transformer_publication_20260622T101458Z_modular_seed101,101,standard,3072,1,marginal_gain_edge,marginal_gain_edge,marginal_gain_edge,False,uniform_exact_cost__3072,3072,3072,0.0010175578122711996,0.0
modular,transformer_publication_20260622T101458Z_modular_seed101,101,standard,3072,1,marginal_gain_soft,marginal_gain_soft,marginal_gain_soft,False,uniform_exact_cost__3072,3072,3072,0.0010175578122711996,0.0
modular,transformer_publication_20260622T101458Z_modular_seed101,101,rslora,3072,1,effective_rank,effective_rank,effective_rank,False,uniform_exact_cost__3072,3072,3072,-0.0002705384400537008,0.0
modular,transformer_publication_20260622T101458Z_modular_seed101,101,rslora,3072,1,soft_dimension,soft_dimension,soft_dimension,True,uniform_exact_cost__3072,3072,3072,0.0,0.0
modular,transformer_publication_20260622T101458Z_modular_seed101,101,rslora,3072,1,gradient_norm,gradient_norm,gradient_norm,False,uniform_exact_cost__3072,3072,3072,-0.0007150163103581009,0.0
modular,transformer_publication_20260622T101458Z_modular_seed101,101,rslora,3072,1,marginal_gain_edge,marginal_gain_edge,marginal_gain_edge,False,uniform_exact_cost__3072,3072,3072,0.0011053058288750996,0.0
modular,transformer_publication_20260622T101458Z_modular_seed101,101,rslora,3072,1,marginal_gain_soft,marginal_gain_soft,marginal_gain_soft,False,uniform_exact_cost__3072,3072,3072,0.0011053058288750996,0.0
modular,transformer_publication_20260622T101458Z_modular_seed101,101,fixed_update_scale,3072,2,effective_rank,effective_rank,effective_rank,False,uniform_exact_cost__3072,3072,3072,-0.0003498512224278001,0.0
modular,transformer_publication_20260622T101458Z_modular_seed101,101,fixed_update_scale,3072,2,soft_dimension,soft_dimension,soft_dimension,True,uniform_exact_cost__3072,3072,3072,0.0,0.0
modular,transformer_publication_20260622T101458Z_modular_seed101,101,fixed_update_scale,3072,2,gradient_norm,gradient_norm,gradient_norm,False,uniform_exact_cost__3072,3072,3072,4.421062593060014e-05,0.0
modular,transformer_publication_20260622T101458Z_modular_seed101,101,fixed_update_scale,3072,2,marginal_gain_edge,marginal_gain_edge,marginal_gain_edge,False,uniform_exact_cost__3072,3072,3072,0.0010232919236909995,0.0
modular,transformer_publication_20260622T101458Z_modular_seed101,101,fixed_update_scale,3072,2,marginal_gain_soft,marginal_gain_soft,marginal_gain_soft,False,uniform_exact_cost__3072,3072,3072,0.0010232919236909995,0.0
modular,transformer_publication_20260622T101458Z_modular_seed101,101,standard,3072,2,effective_rank,effective_rank,effective_rank,False,uniform_exact_cost__3072,3072,3072,0.024598685476025697,-0.0020811654526535772
modular,transformer_publication_20260622T101458Z_modular_seed101,101,standard,3072,2,soft_dimension,soft_dimension,soft_dimension,True,uniform_exact_cost__3072,3072,3072,0.0,0.0
modular,transformer_publication_20260622T101458Z_modular_seed101,101,standard,3072,2,gradient_norm,gradient_norm,gradient_norm,False,uniform_exact_cost__3072,3072,3072,-0.00022430972774730058,0.0
modular,transformer_publication_20260622T101458Z_modular_seed101,101,standard,3072,2,marginal_gain_edge,marginal_gain_edge,marginal_gain_edge,False,uniform_exact_cost__3072,3072,3072,0.0001615617321522999,0.0
modular,transformer_publication_20260622T101458Z_modular_seed101,101,standard,3072,2,marginal_gain_soft,marginal_gain_soft,marginal_gain_soft,False,uniform_exact_cost__3072,3072,3072,0.0001615617321522999,0.0
modular,transformer_publication_20260622T101458Z_modular_seed101,101,rslora,3072,2,effective_rank,effective_rank,effective_rank,False,uniform_exact_cost__3072,3072,3072,-0.00037690626532919935,0.0
modular,transformer_publication_20260622T101458Z_modular_seed101,101,rslora,3072,2,soft_dimension,soft_dimension,soft_dimension,True,uniform_exact_cost__3072,3072,3072,0.0,0.0
modular,transformer_publication_20260622T101458Z_modular_seed101,101,rslora,3072,2,gradient_norm,gradient_norm,gradient_norm,False,uniform_exact_cost__3072,3072,3072,9.275688843090029e-05,0.0
modular,transformer_publication_20260622T101458Z_modular_seed101,101,rslora,3072,2,marginal_gain_edge,marginal_gain_edge,marginal_gain_edge,False,uniform_exact_cost__3072,3072,3072,0.0013936654200368999,0.0
modular,transformer_publication_20260622T101458Z_modular_seed101,101,rslora,3072,2,marginal_gain_soft,marginal_gain_soft,marginal_gain_soft,False,uniform_exact_cost__3072,3072,3072,0.0013936654200368999,0.0
modular,transformer_publication_20260622T101458Z_modular_seed101,101,fixed_update_scale,4096,0,effective_rank,effective_rank,effective_rank,False,uniform_exact_cost__4096,4096,4096,-0.00012341824105319924,0.0
modular,transformer_publication_20260622T101458Z_modular_seed101,101,fixed_update_scale,4096,0,soft_dimension,soft_dimension,soft_dimension,True,uniform_exact_cost__4096,4096,4096,-0.00012341824105319924,0.0
modular,transformer_publication_20260622T101458Z_modular_seed101,101,fixed_update_scale,4096,0,gradient_norm,gradient_norm,gradient_norm,False,uniform_exact_cost__4096,4096,4096,0.0010271570906934006,0.0
modular,transformer_publication_20260622T101458Z_modular_seed101,101,fixed_update_scale,4096,0,marginal_gain_edge,marginal_gain_edge,marginal_gain_edge,False,uniform_exact_cost__4096,4096,4096,0.0014298837966285997,0.0
modular,transformer_publication_20260622T101458Z_modular_seed101,101,fixed_update_scale,4096,0,marginal_gain_soft,marginal_gain_soft,marginal_gain_soft,False,uniform_exact_cost__4096,4096,4096,0.0014298837966285997,0.0
modular,transformer_publication_20260622T101458Z_modular_seed101,101,standard,4096,0,effective_rank,effective_rank,effective_rank,False,uniform_exact_cost__4096,4096,4096,8.598334930300013e-05,0.0
modular,transformer_publication_20260622T101458Z_modular_seed101,101,standard,4096,0,soft_dimension,soft_dimension,soft_dimension,True,uniform_exact_cost__4096,4096,4096,8.598334930300013e-05,0.0
modular,transformer_publication_20260622T101458Z_modular_seed101,101,standard,4096,0,gradient_norm,gradient_norm,gradient_norm,False,uniform_exact_cost__4096,4096,4096,0.0013427423782313005,0.0
modular,transformer_publication_20260622T101458Z_modular_seed101,101,standard,4096,0,marginal_gain_edge,marginal_gain_edge,marginal_gain_edge,False,uniform_exact_cost__4096,4096,4096,0.0014091820270016996,0.0
modular,transformer_publication_20260622T101458Z_modular_seed101,101,standard,4096,0,marginal_gain_soft,marginal_gain_soft,marginal_gain_soft,False,uniform_exact_cost__4096,4096,4096,0.0014091820270016996,0.0
modular,transformer_publication_20260622T101458Z_modular_seed101,101,rslora,4096,0,effective_rank,effective_rank,effective_rank,False,uniform_exact_cost__4096,4096,4096,0.0001461810173620003,0.0
modular,transformer_publication_20260622T101458Z_modular_seed101,101,rslora,4096,0,soft_dimension,soft_dimension,soft_dimension,True,uniform_exact_cost__4096,4096,4096,0.0001461810173620003,0.0
modular,transformer_publication_20260622T101458Z_modular_seed101,101,rslora,4096,0,gradient_norm,gradient_norm,gradient_norm,False,uniform_exact_cost__4096,4096,4096,0.0011995265267122001,0.0
modular,transformer_publication_20260622T101458Z_modular_seed101,101,rslora,4096,0,marginal_gain_edge,marginal_gain_edge,marginal_gain_edge,False,uniform_exact_cost__4096,4096,4096,0.0011125693560949,0.0
modular,transformer_publication_20260622T101458Z_modular_seed101,101,rslora,4096,0,marginal_gain_soft,marginal_gain_soft,marginal_gain_soft,False,uniform_exact_cost__4096,4096,4096,0.0011125693560949,0.0
modular,transformer_publication_20260622T101458Z_modular_seed101,101,fixed_update_scale,4096,1,effective_rank,effective_rank,effective_rank,False,uniform_exact_cost__4096,4096,4096,-0.00013361797444180062,0.0
modular,transformer_publication_20260622T101458Z_modular_seed101,101,fixed_update_scale,4096,1,soft_dimension,soft_dimension,soft_dimension,True,uniform_exact_cost__4096,4096,4096,-0.00013361797444180062,0.0
modular,transformer_publication_20260622T101458Z_modular_seed101,101,fixed_update_scale,4096,1,gradient_norm,gradient_norm,gradient_norm,False,uniform_exact_cost__4096,4096,4096,0.0004944231019051995,0.0
modular,transformer_publication_20260622T101458Z_modular_seed101,101,fixed_update_scale,4096,1,marginal_gain_edge,marginal_gain_edge,marginal_gain_edge,False,uniform_exact_cost__4096,4096,4096,0.0014889575158217993,0.0
modular,transformer_publication_20260622T101458Z_modular_seed101,101,fixed_update_scale,4096,1,marginal_gain_soft,marginal_gain_soft,marginal_gain_soft,False,uniform_exact_cost__4096,4096,4096,0.0014889575158217993,0.0
modular,transformer_publication_20260622T101458Z_modular_seed101,101,standard,4096,1,effective_rank,effective_rank,effective_rank,False,uniform_exact_cost__4096,4096,4096,-0.00033887182086169993,0.0
modular,transformer_publication_20260622T101458Z_modular_seed101,101,standard,4096,1,soft_dimension,soft_dimension,soft_dimension,True,uniform_exact_cost__4096,4096,4096,-0.00033887182086169993,0.0
modular,transformer_publication_20260622T101458Z_modular_seed101,101,standard,4096,1,gradient_norm,gradient_norm,gradient_norm,False,uniform_exact_cost__4096,4096,4096,0.0006155914362446996,0.0
modular,transformer_publication_20260622T101458Z_modular_seed101,101,standard,4096,1,marginal_gain_edge,marginal_gain_edge,marginal_gain_edge,False,uniform_exact_cost__4096,4096,4096,0.0014897746622222,0.0
modular,transformer_publication_20260622T101458Z_modular_seed101,101,standard,4096,1,marginal_gain_soft,marginal_gain_soft,marginal_gain_soft,False,uniform_exact_cost__4096,4096,4096,0.0014897746622222,0.0
modular,transformer_publication_20260622T101458Z_modular_seed101,101,rslora,4096,1,effective_rank,effective_rank,effective_rank,False,uniform_exact_cost__4096,4096,4096,4.126065440710012e-05,0.0
modular,transformer_publication_20260622T101458Z_modular_seed101,101,rslora,4096,1,soft_dimension,soft_dimension,soft_dimension,True,uniform_exact_cost__4096,4096,4096,4.126065440710012e-05,0.0
modular,transformer_publication_20260622T101458Z_modular_seed101,101,rslora,4096,1,gradient_norm,gradient_norm,gradient_norm,False,uniform_exact_cost__4096,4096,4096,0.0006536950258408001,0.0
modular,transformer_publication_20260622T101458Z_modular_seed101,101,rslora,4096,1,marginal_gain_edge,marginal_gain_edge,marginal_gain_edge,False,uniform_exact_cost__4096,4096,4096,0.0014270520730294,0.0
modular,transformer_publication_20260622T101458Z_modular_seed101,101,rslora,4096,1,marginal_gain_soft,marginal_gain_soft,marginal_gain_soft,False,uniform_exact_cost__4096,4096,4096,0.0014270520730294,0.0
modular,transformer_publication_20260622T101458Z_modular_seed101,101,fixed_update_scale,4096,2,effective_rank,effective_rank,effective_rank,False,uniform_exact_cost__4096,4096,4096,6.872191870129982e-05,0.0
modular,transformer_publication_20260622T101458Z_modular_seed101,101,fixed_update_scale,4096,2,soft_dimension,soft_dimension,soft_dimension,True,uniform_exact_cost__4096,4096,4096,6.872191870129982e-05,0.0
modular,transformer_publication_20260622T101458Z_modular_seed101,101,fixed_update_scale,4096,2,gradient_norm,gradient_norm,gradient_norm,False,uniform_exact_cost__4096,4096,4096,0.0007712605969475003,0.0
modular,transformer_publication_20260622T101458Z_modular_seed101,101,fixed_update_scale,4096,2,marginal_gain_edge,marginal_gain_edge,marginal_gain_edge,False,uniform_exact_cost__4096,4096,4096,0.0008030871397444999,0.0
modular,transformer_publication_20260622T101458Z_modular_seed101,101,fixed_update_scale,4096,2,marginal_gain_soft,marginal_gain_soft,marginal_gain_soft,False,uniform_exact_cost__4096,4096,4096,0.0008030871397444999,0.0
modular,transformer_publication_20260622T101458Z_modular_seed101,101,standard,4096,2,effective_rank,effective_rank,effective_rank,False,uniform_exact_cost__4096,4096,4096,0.00011223493120650005,0.0
modular,transformer_publication_20260622T101458Z_modular_seed101,101,standard,4096,2,soft_dimension,soft_dimension,soft_dimension,True,uniform_exact_cost__4096,4096,4096,0.00011223493120650005,0.0
modular,transformer_publication_20260622T101458Z_modular_seed101,101,standard,4096,2,gradient_norm,gradient_norm,gradient_norm,False,uniform_exact_cost__4096,4096,4096,0.0009571711070502,0.0
modular,transformer_publication_20260622T101458Z_modular_seed101,101,standard,4096,2,marginal_gain_edge,marginal_gain_edge,marginal_gain_edge,False,uniform_exact_cost__4096,4096,4096,0.0009141890375712995,0.0
modular,transformer_publication_20260622T101458Z_modular_seed101,101,standard,4096,2,marginal_gain_soft,marginal_gain_soft,marginal_gain_soft,False,uniform_exact_cost__4096,4096,4096,0.0009141890375712995,0.0
modular,transformer_publication_20260622T101458Z_modular_seed101,101,rslora,4096,2,effective_rank,effective_rank,effective_rank,False,uniform_exact_cost__4096,4096,4096,0.00018428636542309942,0.0
modular,transformer_publication_20260622T101458Z_modular_seed101,101,rslora,4096,2,soft_dimension,soft_dimension,soft_dimension,True,uniform_exact_cost__4096,4096,4096,0.00018428636542309942,0.0
modular,transformer_publication_20260622T101458Z_modular_seed101,101,rslora,4096,2,gradient_norm,gradient_norm,gradient_norm,False,uniform_exact_cost__4096,4096,4096,0.0009999725881394,0.0
modular,transformer_publication_20260622T101458Z_modular_seed101,101,rslora,4096,2,marginal_gain_edge,marginal_gain_edge,marginal_gain_edge,False,uniform_exact_cost__4096,4096,4096,0.0010972398713145993,0.0
modular,transformer_publication_20260622T101458Z_modular_seed101,101,rslora,4096,2,marginal_gain_soft,marginal_gain_soft,marginal_gain_soft,False,uniform_exact_cost__4096,4096,4096,0.0010972398713145993,0.0
modular,transformer_publication_20260622T101458Z_modular_seed103,103,fixed_update_scale,512,0,effective_rank,effective_rank,effective_rank,False,uniform_exact_cost__512,512,512,0.0005855695514103143,0.03850156087408946
modular,transformer_publication_20260622T101458Z_modular_seed103,103,fixed_update_scale,512,0,soft_dimension,soft_dimension,soft_dimension,True,uniform_exact_cost__512,512,512,0.0005855695514103143,0.03850156087408946
modular,transformer_publication_20260622T101458Z_modular_seed103,103,fixed_update_scale,512,0,gradient_norm,gradient_norm,gradient_norm,False,uniform_exact_cost__512,512,512,-0.2377975967002337,0.09573361082206039
modular,transformer_publication_20260622T101458Z_modular_seed103,103,fixed_update_scale,512,0,marginal_gain_edge,marginal_gain_edge,marginal_gain_edge,False,uniform_exact_cost__512,512,512,-0.2639297224604502,0.1144640998959417
modular,transformer_publication_20260622T101458Z_modular_seed103,103,fixed_update_scale,512,0,marginal_gain_soft,marginal_gain_soft,marginal_gain_soft,False,uniform_exact_cost__512,512,512,-0.2639297224604502,0.1144640998959417
modular,transformer_publication_20260622T101458Z_modular_seed103,103,standard,512,0,effective_rank,effective_rank,effective_rank,False,uniform_exact_cost__512,512,512,0.08958459731567414,-0.002081165452653466
modular,transformer_publication_20260622T101458Z_modular_seed103,103,standard,512,0,soft_dimension,soft_dimension,soft_dimension,True,uniform_exact_cost__512,512,512,0.08958459731567414,-0.002081165452653466
modular,transformer_publication_20260622T101458Z_modular_seed103,103,standard,512,0,gradient_norm,gradient_norm,gradient_norm,False,uniform_exact_cost__512,512,512,0.10440534967289494,-0.022892819979188295
modular,transformer_publication_20260622T101458Z_modular_seed103,103,standard,512,0,marginal_gain_edge,marginal_gain_edge,marginal_gain_edge,False,uniform_exact_cost__512,512,512,-0.13416939769153435,0.07180020811654525
modular,transformer_publication_20260622T101458Z_modular_seed103,103,standard,512,0,marginal_gain_soft,marginal_gain_soft,marginal_gain_soft,False,uniform_exact_cost__512,512,512,-0.13416939769153435,0.07180020811654525
modular,transformer_publication_20260622T101458Z_modular_seed103,103,rslora,512,0,effective_rank,effective_rank,effective_rank,False,uniform_exact_cost__512,512,512,0.197916980092409,-0.02289281997918835
modular,transformer_publication_20260622T101458Z_modular_seed103,103,rslora,512,0,soft_dimension,soft_dimension,soft_dimension,True,uniform_exact_cost__512,512,512,0.197916980092409,-0.02289281997918835
modular,transformer_publication_20260622T101458Z_modular_seed103,103,rslora,512,0,gradient_norm,gradient_norm,gradient_norm,False,uniform_exact_cost__512,512,512,-0.12725892449020693,0.04058272632674298
modular,transformer_publication_20260622T101458Z_modular_seed103,103,rslora,512,0,marginal_gain_edge,marginal_gain_edge,marginal_gain_edge,False,uniform_exact_cost__512,512,512,-0.15651284693183065,0.06867845993756505
modular,transformer_publication_20260622T101458Z_modular_seed103,103,rslora,512,0,marginal_gain_soft,marginal_gain_soft,marginal_gain_soft,False,uniform_exact_cost__512,512,512,-0.15651284693183065,0.06867845993756505
modular,transformer_publication_20260622T101458Z_modular_seed103,103,fixed_update_scale,512,1,effective_rank,effective_rank,effective_rank,False,uniform_exact_cost__512,512,512,0.1108643368553297,-0.07804370447450576
modular,transformer_publication_20260622T101458Z_modular_seed103,103,fixed_update_scale,512,1,soft_dimension,soft_dimension,soft_dimension,True,uniform_exact_cost__512,512,512,0.1108643368553297,-0.07804370447450576
modular,transformer_publication_20260622T101458Z_modular_seed103,103,fixed_update_scale,512,1,gradient_norm,gradient_norm,gradient_norm,False,uniform_exact_cost__512,512,512,0.041726349915971905,-0.027055150884495283
modular,transformer_publication_20260622T101458Z_modular_seed103,103,fixed_update_scale,512,1,marginal_gain_edge,marginal_gain_edge,marginal_gain_edge,False,uniform_exact_cost__512,512,512,-0.0564454816258535,0.004162330905307043
modular,transformer_publication_20260622T101458Z_modular_seed103,103,fixed_update_scale,512,1,marginal_gain_soft,marginal_gain_soft,marginal_gain_soft,False,uniform_exact_cost__512,512,512,-0.0564454816258535,0.004162330905307043
modular,transformer_publication_20260622T101458Z_modular_seed103,103,standard,512,1,effective_rank,effective_rank,effective_rank,False,uniform_exact_cost__512,512,512,0.24509842388339642,-0.13111342351716965
modular,transformer_publication_20260622T101458Z_modular_seed103,103,standard,512,1,soft_dimension,soft_dimension,soft_dimension,True,uniform_exact_cost__512,512,512,0.24509842388339642,-0.13111342351716965
modular,transformer_publication_20260622T101458Z_modular_seed103,103,standard,512,1,gradient_norm,gradient_norm,gradient_norm,False,uniform_exact_cost__512,512,512,0.048088238216960066,-0.02913631633714875
modular,transformer_publication_20260622T101458Z_modular_seed103,103,standard,512,1,marginal_gain_edge,marginal_gain_edge,marginal_gain_edge,False,uniform_exact_cost__512,512,512,-0.0032690267285002683,-0.0520291363163371
modular,transformer_publication_20260622T101458Z_modular_seed103,103,standard,512,1,marginal_gain_soft,marginal_gain_soft,marginal_gain_soft,False,uniform_exact_cost__512,512,512,-0.0032690267285002683,-0.0520291363163371
modular,transformer_publication_20260622T101458Z_modular_seed103,103,rslora,512,1,effective_rank,effective_rank,effective_rank,False,uniform_exact_cost__512,512,512,0.1573002027051138,-0.11134235171696155
modular,transformer_publication_20260622T101458Z_modular_seed103,103,rslora,512,1,soft_dimension,soft_dimension,soft_dimension,True,uniform_exact_cost__512,512,512,0.1573002027051138,-0.11134235171696155
modular,transformer_publication_20260622T101458Z_modular_seed103,103,rslora,512,1,gradient_norm,gradient_norm,gradient_norm,False,uniform_exact_cost__512,512,512,-0.01187967174879323,-0.031217481789802326
modular,transformer_publication_20260622T101458Z_modular_seed103,103,rslora,512,1,marginal_gain_edge,marginal_gain_edge,marginal_gain_edge,False,uniform_exact_cost__512,512,512,0.07238182254934178,-0.055150884495317354
modular,transformer_publication_20260622T101458Z_modular_seed103,103,rslora,512,1,marginal_gain_soft,marginal_gain_soft,marginal_gain_soft,False,uniform_exact_cost__512,512,512,0.07238182254934178,-0.055150884495317354
modular,transformer_publication_20260622T101458Z_modular_seed103,103,fixed_update_scale,512,2,effective_rank,effective_rank,effective_rank,False,uniform_exact_cost__512,512,512,0.25498183622072457,-0.08949011446409993
modular,transformer_publication_20260622T101458Z_modular_seed103,103,fixed_update_scale,512,2,soft_dimension,soft_dimension,soft_dimension,True,uniform_exact_cost__512,512,512,0.25498183622072457,-0.08949011446409993
modular,transformer_publication_20260622T101458Z_modular_seed103,103,fixed_update_scale,512,2,gradient_norm,gradient_norm,gradient_norm,False,uniform_exact_cost__512,512,512,0.23528306566093526,-0.0457856399583767
modular,transformer_publication_20260622T101458Z_modular_seed103,103,fixed_update_scale,512,2,marginal_gain_edge,marginal_gain_edge,marginal_gain_edge,False,uniform_exact_cost__512,512,512,0.1253801915449606,-0.021852237252861673
modular,transformer_publication_20260622T101458Z_modular_seed103,103,fixed_update_scale,512,2,marginal_gain_soft,marginal_gain_soft,marginal_gain_soft,False,uniform_exact_cost__512,512,512,0.1253801915449606,-0.021852237252861673
modular,transformer_publication_20260622T101458Z_modular_seed103,103,standard,512,2,effective_rank,effective_rank,effective_rank,False,uniform_exact_cost__512,512,512,0.2392548199870954,-0.10613943808532778
modular,transformer_publication_20260622T101458Z_modular_seed103,103,standard,512,2,soft_dimension,soft_dimension,soft_dimension,True,uniform_exact_cost__512,512,512,0.2392548199870954,-0.10613943808532778
modular,transformer_publication_20260622T101458Z_modular_seed103,103,standard,512,2,gradient_norm,gradient_norm,gradient_norm,False,uniform_exact_cost__512,512,512,0.9689351902047751,-0.3829344432882415
modular,transformer_publication_20260622T101458Z_modular_seed103,103,standard,512,2,marginal_gain_edge,marginal_gain_edge,marginal_gain_edge,False,uniform_exact_cost__512,512,512,0.5663155606336325,-0.1987513007284079
modular,transformer_publication_20260622T101458Z_modular_seed103,103,standard,512,2,marginal_gain_soft,marginal_gain_soft,marginal_gain_soft,False,uniform_exact_cost__512,512,512,0.5663155606336325,-0.1987513007284079
modular,transformer_publication_20260622T101458Z_modular_seed103,103,rslora,512,2,effective_rank,effective_rank,effective_rank,False,uniform_exact_cost__512,512,512,0.24323771510982617,-0.10718002081165451
modular,transformer_publication_20260622T101458Z_modular_seed103,103,rslora,512,2,soft_dimension,soft_dimension,soft_dimension,True,uniform_exact_cost__512,512,512,0.24323771510982617,-0.10718002081165451
modular,transformer_publication_20260622T101458Z_modular_seed103,103,rslora,512,2,gradient_norm,gradient_norm,gradient_norm,False,uniform_exact_cost__512,512,512,0.862107834260248,-0.30489073881373563
modular,transformer_publication_20260622T101458Z_modular_seed103,103,rslora,512,2,marginal_gain_edge,marginal_gain_edge,marginal_gain_edge,False,uniform_exact_cost__512,512,512,0.32113381627943216,-0.09885535900104059
modular,transformer_publication_20260622T101458Z_modular_seed103,103,rslora,512,2,marginal_gain_soft,marginal_gain_soft,marginal_gain_soft,False,uniform_exact_cost__512,512,512,0.32113381627943216,-0.09885535900104059
modular,transformer_publication_20260622T101458Z_modular_seed103,103,fixed_update_scale,1024,0,effective_rank,effective_rank,effective_rank,False,uniform_exact_cost__1024,1024,1024,0.024779033958601704,-0.01664932362122784
modular,transformer_publication_20260622T101458Z_modular_seed103,103,fixed_update_scale,1024,0,soft_dimension,soft_dimension,soft_dimension,True,uniform_exact_cost__1024,1024,1024,-0.017875035831260933,0.003121748178980255
modular,transformer_publication_20260622T101458Z_modular_seed103,103,fixed_update_scale,1024,0,gradient_norm,gradient_norm,gradient_norm,False,uniform_exact_cost__1024,1024,1024,-0.03951883985894533,0.02289281997918835
modular,transformer_publication_20260622T101458Z_modular_seed103,103,fixed_update_scale,1024,0,marginal_gain_edge,marginal_gain_edge,marginal_gain_edge,False,uniform_exact_cost__1024,1024,1024,-0.04799471431170499,0.01664932362122795
modular,transformer_publication_20260622T101458Z_modular_seed103,103,fixed_update_scale,1024,0,marginal_gain_soft,marginal_gain_soft,marginal_gain_soft,False,uniform_exact_cost__1024,1024,1024,-0.04799471431170499,0.01664932362122795
modular,transformer_publication_20260622T101458Z_modular_seed103,103,standard,1024,0,effective_rank,effective_rank,effective_rank,False,uniform_exact_cost__1024,1024,1024,-0.22922595352337571,0.08324661810613943
modular,transformer_publication_20260622T101458Z_modular_seed103,103,standard,1024,0,soft_dimension,soft_dimension,soft_dimension,True,uniform_exact_cost__1024,1024,1024,-0.2628664499949217,0.08532778355879289
modular,transformer_publication_20260622T101458Z_modular_seed103,103,standard,1024,0,gradient_norm,gradient_norm,gradient_norm,False,uniform_exact_cost__1024,1024,1024,-0.3481205397292304,0.12174817898022894
modular,transformer_publication_20260622T101458Z_modular_seed103,103,standard,1024,0,marginal_gain_edge,marginal_gain_edge,marginal_gain_edge,False,uniform_exact_cost__1024,1024,1024,-0.28329769300992724,0.0915712799167534
modular,transformer_publication_20260622T101458Z_modular_seed103,103,standard,1024,0,marginal_gain_soft,marginal_gain_soft,marginal_gain_soft,False,uniform_exact_cost__1024,1024,1024,-0.28329769300992724,0.0915712799167534
modular,transformer_publication_20260622T101458Z_modular_seed103,103,rslora,1024,0,effective_rank,effective_rank,effective_rank,False,uniform_exact_cost__1024,1024,1024,-0.12387808614665341,0.04682622268470349
modular,transformer_publication_20260622T101458Z_modular_seed103,103,rslora,1024,0,soft_dimension,soft_dimension,soft_dimension,True,uniform_exact_cost__1024,1024,1024,-0.10289438067316148,0.04682622268470349
modular,transformer_publication_20260622T101458Z_modular_seed103,103,rslora,1024,0,gradient_norm,gradient_norm,gradient_norm,False,uniform_exact_cost__1024,1024,1024,-0.12427688376836554,0.048907388137356955
modular,transformer_publication_20260622T101458Z_modular_seed103,103,rslora,1024,0,marginal_gain_edge,marginal_gain_edge,marginal_gain_edge,False,uniform_exact_cost__1024,1024,1024,-0.18144681513247463,0.0718002081165453
modular,transformer_publication_20260622T101458Z_modular_seed103,103,rslora,1024,0,marginal_gain_soft,marginal_gain_soft,marginal_gain_soft,False,uniform_exact_cost__1024,1024,1024,-0.18144681513247463,0.0718002081165453
modular,transformer_publication_20260622T101458Z_modular_seed103,103,fixed_update_scale,1024,1,effective_rank,effective_rank,effective_rank,False,uniform_exact_cost__1024,1024,1024,0.09974212347530798,-0.014568158168574485
modular,transformer_publication_20260622T101458Z_modular_seed103,103,fixed_update_scale,1024,1,soft_dimension,soft_dimension,soft_dimension,True,uniform_exact_cost__1024,1024,1024,0.15084518273588765,-0.03642039542143605
modular,transformer_publication_20260622T101458Z_modular_seed103,103,fixed_update_scale,1024,1,gradient_norm,gradient_norm,gradient_norm,False,uniform_exact_cost__1024,1024,1024,0.0698016251163105,0.002081165452653466
modular,transformer_publication_20260622T101458Z_modular_seed103,103,fixed_update_scale,1024,1,marginal_gain_edge,marginal_gain_edge,marginal_gain_edge,False,uniform_exact_cost__1024,1024,1024,-0.020074039046399705,0.02809573361082196
modular,transformer_publication_20260622T101458Z_modular_seed103,103,fixed_update_scale,1024,1,marginal_gain_soft,marginal_gain_soft,marginal_gain_soft,False,uniform_exact_cost__1024,1024,1024,-0.020074039046399705,0.02809573361082196
modular,transformer_publication_20260622T101458Z_modular_seed103,103,standard,1024,1,effective_rank,effective_rank,effective_rank,False,uniform_exact_cost__1024,1024,1024,-0.18521576760090608,0.08428720083246621
modular,transformer_publication_20260622T101458Z_modular_seed103,103,standard,1024,1,soft_dimension,soft_dimension,soft_dimension,True,uniform_exact_cost__1024,1024,1024,-0.1412577679948679,0.0593132154006244
modular,transformer_publication_20260622T101458Z_modular_seed103,103,standard,1024,1,gradient_norm,gradient_norm,gradient_norm,False,uniform_exact_cost__1024,1024,1024,-0.18791140322878763,0.08116545265348596
modular,transformer_publication_20260622T101458Z_modular_seed103,103,standard,1024,1,marginal_gain_edge,marginal_gain_edge,marginal_gain_edge,False,uniform_exact_cost__1024,1024,1024,-0.20376162139483722,0.06971904266389184
modular,transformer_publication_20260622T101458Z_modular_seed103,103,standard,1024,1,marginal_gain_soft,marginal_gain_soft,marginal_gain_soft,False,uniform_exact_cost__1024,1024,1024,-0.20376162139483722,0.06971904266389184
modular,transformer_publication_20260622T101458Z_modular_seed103,103,rslora,1024,1,effective_rank,effective_rank,effective_rank,False,uniform_exact_cost__1024,1024,1024,0.03505352316240118,-0.015608740894901163
modular,transformer_publication_20260622T101458Z_modular_seed103,103,rslora,1024,1,soft_dimension,soft_dimension,soft_dimension,True,uniform_exact_cost__1024,1024,1024,0.1665954849722482,-0.07804370447450582
modular,transformer_publication_20260622T101458Z_modular_seed103,103,rslora,1024,1,gradient_norm,gradient_norm,gradient_norm,False,uniform_exact_cost__1024,1024,1024,0.07268551820026603,-0.02393340270551514
modular,transformer_publication_20260622T101458Z_modular_seed103,103,rslora,1024,1,marginal_gain_edge,marginal_gain_edge,marginal_gain_edge,False,uniform_exact_cost__1024,1024,1024,0.027589427817004353,0.003121748178980144
modular,transformer_publication_20260622T101458Z_modular_seed103,103,rslora,1024,1,marginal_gain_soft,marginal_gain_soft,marginal_gain_soft,False,uniform_exact_cost__1024,1024,1024,0.027589427817004353,0.003121748178980144
modular,transformer_publication_20260622T101458Z_modular_seed103,103,fixed_update_scale,1024,2,effective_rank,effective_rank,effective_rank,False,uniform_exact_cost__1024,1024,1024,-0.1164692940498614,0.048907388137356844
modular,transformer_publication_20260622T101458Z_modular_seed103,103,fixed_update_scale,1024,2,soft_dimension,soft_dimension,soft_dimension,True,uniform_exact_cost__1024,1024,1024,-0.14955984193998373,0.0385015608740894
modular,transformer_publication_20260622T101458Z_modular_seed103,103,fixed_update_scale,1024,2,gradient_norm,gradient_norm,gradient_norm,False,uniform_exact_cost__1024,1024,1024,-0.033398548224465974,0.01144640998959412
modular,transformer_publication_20260622T101458Z_modular_seed103,103,fixed_update_scale,1024,2,marginal_gain_edge,marginal_gain_edge,marginal_gain_edge,False,uniform_exact_cost__1024,1024,1024,-0.15098164530624092,0.024973985431841816
modular,transformer_publication_20260622T101458Z_modular_seed103,103,fixed_update_scale,1024,2,marginal_gain_soft,marginal_gain_soft,marginal_gain_soft,False,uniform_exact_cost__1024,1024,1024,-0.15098164530624092,0.024973985431841816
modular,transformer_publication_20260622T101458Z_modular_seed103,103,standard,1024,2,effective_rank,effective_rank,effective_rank,False,uniform_exact_cost__1024,1024,1024,-0.09905270321932347,0.03329864724245579
modular,transformer_publication_20260622T101458Z_modular_seed103,103,standard,1024,2,soft_dimension,soft_dimension,soft_dimension,True,uniform_exact_cost__1024,1024,1024,-0.12658945454767168,0.0593132154006244
modular,transformer_publication_20260622T101458Z_modular_seed103,103,standard,1024,2,gradient_norm,gradient_norm,gradient_norm,False,uniform_exact_cost__1024,1024,1024,-0.11713345558164512,0.0457856399583767
modular,transformer_publication_20260622T101458Z_modular_seed103,103,standard,1024,2,marginal_gain_edge,marginal_gain_edge,marginal_gain_edge,False,uniform_exact_cost__1024,1024,1024,-0.1461216602067421,0.03537981269510926
modular,transformer_publication_20260622T101458Z_modular_seed103,103,standard,1024,2,marginal_gain_soft,marginal_gain_soft,marginal_gain_soft,False,uniform_exact_cost__1024,1024,1024,-0.1461216602067421,0.03537981269510926
modular,transformer_publication_20260622T101458Z_modular_seed103,103,rslora,1024,2,effective_rank,effective_rank,effective_rank,False,uniform_exact_cost__1024,1024,1024,-0.17344562704679745,0.05619146722164414
modular,transformer_publication_20260622T101458Z_modular_seed103,103,rslora,1024,2,soft_dimension,soft_dimension,soft_dimension,True,uniform_exact_cost__1024,1024,1024,-0.2414019453910089,0.07284079084287198
modular,transformer_publication_20260622T101458Z_modular_seed103,103,rslora,1024,2,gradient_norm,gradient_norm,gradient_norm,False,uniform_exact_cost__1024,1024,1024,-0.10272024368768429,0.030176899063475537
modular,transformer_publication_20260622T101458Z_modular_seed103,103,rslora,1024,2,marginal_gain_edge,marginal_gain_edge,marginal_gain_edge,False,uniform_exact_cost__1024,1024,1024,-0.14566823285030406,0.00624349635796051
modular,transformer_publication_20260622T101458Z_modular_seed103,103,rslora,1024,2,marginal_gain_soft,marginal_gain_soft,marginal_gain_soft,False,uniform_exact_cost__1024,1024,1024,-0.14566823285030406,0.00624349635796051
modular,transformer_publication_20260622T101458Z_modular_seed103,103,fixed_update_scale,1536,0,effective_rank,effective_rank,effective_rank,False,uniform_exact_cost__1536,1536,1536,-0.02635644846106422,0.007284079084287187
modular,transformer_publication_20260622T101458Z_modular_seed103,103,fixed_update_scale,1536,0,soft_dimension,soft_dimension,soft_dimension,True,uniform_exact_cost__1536,1536,1536,0.0,0.0
modular,transformer_publication_20260622T101458Z_modular_seed103,103,fixed_update_scale,1536,0,gradient_norm,gradient_norm,gradient_norm,False,uniform_exact_cost__1472,1472,1472,0.03759383559847218,-0.011446409989594009
modular,transformer_publication_20260622T101458Z_modular_seed103,103,fixed_update_scale,1536,0,marginal_gain_edge,marginal_gain_edge,marginal_gain_edge,False,uniform_exact_cost__1472,1472,1472,0.102424475454515,-0.07596253902185213
modular,transformer_publication_20260622T101458Z_modular_seed103,103,fixed_update_scale,1536,0,marginal_gain_soft,marginal_gain_soft,marginal_gain_soft,False,uniform_exact_cost__1472,1472,1472,0.0437381138848712,-0.04058272632674276
modular,transformer_publication_20260622T101458Z_modular_seed103,103,standard,1536,0,effective_rank,effective_rank,effective_rank,False,uniform_exact_cost__1536,1536,1536,0.05897070075173044,-0.020811654526534884
modular,transformer_publication_20260622T101458Z_modular_seed103,103,standard,1536,0,soft_dimension,soft_dimension,soft_dimension,True,uniform_exact_cost__1536,1536,1536,0.0,0.0
modular,transformer_publication_20260622T101458Z_modular_seed103,103,standard,1536,0,gradient_norm,gradient_norm,gradient_norm,False,uniform_exact_cost__1472,1472,1472,-0.027601040116706,0.014568158168574374
modular,transformer_publication_20260622T101458Z_modular_seed103,103,standard,1536,0,marginal_gain_edge,marginal_gain_edge,marginal_gain_edge,False,uniform_exact_cost__1472,1472,1472,0.012032333447459409,-0.02913631633714886
modular,transformer_publication_20260622T101458Z_modular_seed103,103,standard,1536,0,marginal_gain_soft,marginal_gain_soft,marginal_gain_soft,False,uniform_exact_cost__1472,1472,1472,0.1356530930695748,-0.08012486992715917
modular,transformer_publication_20260622T101458Z_modular_seed103,103,rslora,1536,0,effective_rank,effective_rank,effective_rank,False,uniform_exact_cost__1536,1536,1536,0.013674288833054493,-0.0010405827263267886
modular,transformer_publication_20260622T101458Z_modular_seed103,103,rslora,1536,0,soft_dimension,soft_dimension,soft_dimension,True,uniform_exact_cost__1536,1536,1536,0.0,0.0
modular,transformer_publication_20260622T101458Z_modular_seed103,103,rslora,1536,0,gradient_norm,gradient_norm,gradient_norm,False,uniform_exact_cost__1472,1472,1472,0.019966470463342878,-0.003121748178980144
modular,transformer_publication_20260622T101458Z_modular_seed103,103,rslora,1536,0,marginal_gain_edge,marginal_gain_edge,marginal_gain_edge,False,uniform_exact_cost__1472,1472,1472,0.06911924282916498,-0.042663891779396335
modular,transformer_publication_20260622T101458Z_modular_seed103,103,rslora,1536,0,marginal_gain_soft,marginal_gain_soft,marginal_gain_soft,False,uniform_exact_cost__1472,1472,1472,0.07185303191116521,-0.0582726326742975
modular,transformer_publication_20260622T101458Z_modular_seed103,103,fixed_update_scale,1536,1,effective_rank,effective_rank,effective_rank,False,uniform_exact_cost__1536,1536,1536,0.04816370765202749,-0.02185223725286145
modular,transformer_publication_20260622T101458Z_modular_seed103,103,fixed_update_scale,1536,1,soft_dimension,soft_dimension,soft_dimension,True,uniform_exact_cost__1536,1536,1536,0.0,0.0
modular,transformer_publication_20260622T101458Z_modular_seed103,103,fixed_update_scale,1536,1,gradient_norm,gradient_norm,gradient_norm,False,uniform_exact_cost__1472,1472,1472,-0.0744725501748204,0.05098855359001042
modular,transformer_publication_20260622T101458Z_modular_seed103,103,fixed_update_scale,1536,1,marginal_gain_edge,marginal_gain_edge,marginal_gain_edge,False,uniform_exact_cost__1472,1472,1472,-0.06684353209559063,0.028095733610822182
modular,transformer_publication_20260622T101458Z_modular_seed103,103,fixed_update_scale,1536,1,marginal_gain_soft,marginal_gain_soft,marginal_gain_soft,False,uniform_exact_cost__1472,1472,1472,-0.058839259298981594,0.019771071800208206
modular,transformer_publication_20260622T101458Z_modular_seed103,103,standard,1536,1,effective_rank,effective_rank,effective_rank,False,uniform_exact_cost__1536,1536,1536,0.0685730042492314,-0.026014568158168716
modular,transformer_publication_20260622T101458Z_modular_seed103,103,standard,1536,1,soft_dimension,soft_dimension,soft_dimension,True,uniform_exact_cost__1536,1536,1536,0.0,0.0
modular,transformer_publication_20260622T101458Z_modular_seed103,103,standard,1536,1,gradient_norm,gradient_norm,gradient_norm,False,uniform_exact_cost__1472,1472,1472,0.03299582776740495,-0.008324661810613865
modular,transformer_publication_20260622T101458Z_modular_seed103,103,standard,1536,1,marginal_gain_edge,marginal_gain_edge,marginal_gain_edge,False,uniform_exact_cost__1472,1472,1472,-0.04200877080226667,0.01664932362122795
modular,transformer_publication_20260622T101458Z_modular_seed103,103,standard,1536,1,marginal_gain_soft,marginal_gain_soft,marginal_gain_soft,False,uniform_exact_cost__1472,1472,1472,-0.10053528933693784,0.03850156087408951
modular,transformer_publication_20260622T101458Z_modular_seed103,103,rslora,1536,1,effective_rank,effective_rank,effective_rank,False,uniform_exact_cost__1536,1536,1536,0.0687227297834006,-0.04162330905306977
modular,transformer_publication_20260622T101458Z_modular_seed103,103,rslora,1536,1,soft_dimension,soft_dimension,soft_dimension,True,uniform_exact_cost__1536,1536,1536,0.0,0.0
modular,transformer_publication_20260622T101458Z_modular_seed103,103,rslora,1536,1,gradient_norm,gradient_norm,gradient_norm,False,uniform_exact_cost__1472,1472,1472,0.02805939264029539,0.015608740894901274
modular,transformer_publication_20260622T101458Z_modular_seed103,103,rslora,1536,1,marginal_gain_edge,marginal_gain_edge,marginal_gain_edge,False,uniform_exact_cost__1472,1472,1472,-0.007782926203433016,0.004162330905306932
modular,transformer_publication_20260622T101458Z_modular_seed103,103,rslora,1536,1,marginal_gain_soft,marginal_gain_soft,marginal_gain_soft,False,uniform_exact_cost__1472,1472,1472,-0.06967741567311991,0.02913631633714886
modular,transformer_publication_20260622T101458Z_modular_seed103,103,fixed_update_scale,1536,2,effective_rank,effective_rank,effective_rank,False,uniform_exact_cost__1536,1536,1536,0.07956809369880125,-0.021852237252861673
modular,transformer_publication_20260622T101458Z_modular_seed103,103,fixed_update_scale,1536,2,soft_dimension,soft_dimension,soft_dimension,True,uniform_exact_cost__1536,1536,1536,0.0,0.0
modular,transformer_publication_20260622T101458Z_modular_seed103,103,fixed_update_scale,1536,2,gradient_norm,gradient_norm,gradient_norm,False,uniform_exact_cost__1472,1472,1472,0.02890455697999411,0.006243496357960399
modular,transformer_publication_20260622T101458Z_modular_seed103,103,fixed_update_scale,1536,2,marginal_gain_edge,marginal_gain_edge,marginal_gain_edge,False,uniform_exact_cost__1472,1472,1472,0.052403633881061895,-0.03017689906347565
modular,transformer_publication_20260622T101458Z_modular_seed103,103,fixed_update_scale,1536,2,marginal_gain_soft,marginal_gain_soft,marginal_gain_soft,False,uniform_exact_cost__1472,1472,1472,0.04168598169342669,-0.014568158168574374
modular,transformer_publication_20260622T101458Z_modular_seed103,103,standard,1536,2,effective_rank,effective_rank,effective_rank,False,uniform_exact_cost__1536,1536,1536,0.015527796205695277,0.002081165452653466
modular,transformer_publication_20260622T101458Z_modular_seed103,103,standard,1536,2,soft_dimension,soft_dimension,soft_dimension,True,uniform_exact_cost__1536,1536,1536,0.0,0.0
modular,transformer_publication_20260622T101458Z_modular_seed103,103,standard,1536,2,gradient_norm,gradient_norm,gradient_norm,False,uniform_exact_cost__1472,1472,1472,0.04889042664641019,-0.012486992715920797
modular,transformer_publication_20260622T101458Z_modular_seed103,103,standard,1536,2,marginal_gain_edge,marginal_gain_edge,marginal_gain_edge,False,uniform_exact_cost__1472,1472,1472,0.007664930839072104,-0.019771071800208095
modular,transformer_publication_20260622T101458Z_modular_seed103,103,standard,1536,2,marginal_gain_soft,marginal_gain_soft,marginal_gain_soft,False,uniform_exact_cost__1472,1472,1472,-0.00535806331252453,0.0
modular,transformer_publication_20260622T101458Z_modular_seed103,103,rslora,1536,2,effective_rank,effective_rank,effective_rank,False,uniform_exact_cost__1536,1536,1536,0.024286408640219526,0.008324661810613976
modular,transformer_publication_20260622T101458Z_modular_seed103,103,rslora,1536,2,soft_dimension,soft_dimension,soft_dimension,True,uniform_exact_cost__1536,1536,1536,0.0,0.0
modular,transformer_publication_20260622T101458Z_modular_seed103,103,rslora,1536,2,gradient_norm,gradient_norm,gradient_norm,False,uniform_exact_cost__1472,1472,1472,-0.00016572079102777915,0.006243496357960621
modular,transformer_publication_20260622T101458Z_modular_seed103,103,rslora,1536,2,marginal_gain_edge,marginal_gain_edge,marginal_gain_edge,False,uniform_exact_cost__1472,1472,1472,0.01579628765396962,-0.013527575442247586
modular,transformer_publication_20260622T101458Z_modular_seed103,103,rslora,1536,2,marginal_gain_soft,marginal_gain_soft,marginal_gain_soft,False,uniform_exact_cost__1472,1472,1472,0.044033794509756696,-0.02913631633714875
modular,transformer_publication_20260622T101458Z_modular_seed103,103,fixed_update_scale,2048,0,effective_rank,effective_rank,effective_rank,False,uniform_exact_cost__2048,2048,2048,-0.00034216877449072536,0.00520291363163361
modular,transformer_publication_20260622T101458Z_modular_seed103,103,fixed_update_scale,2048,0,soft_dimension,soft_dimension,soft_dimension,True,uniform_exact_cost__2048,2048,2048,-0.00034216877449072536,0.00520291363163361
modular,transformer_publication_20260622T101458Z_modular_seed103,103,fixed_update_scale,2048,0,gradient_norm,gradient_norm,gradient_norm,False,uniform_exact_cost__2048,2048,2048,-0.011537709094111032,0.01144640998959412
modular,transformer_publication_20260622T101458Z_modular_seed103,103,fixed_update_scale,2048,0,marginal_gain_edge,marginal_gain_edge,marginal_gain_edge,False,uniform_exact_cost__1984,1984,1984,-0.04735798784895068,-0.013527575442247808
modular,transformer_publication_20260622T101458Z_modular_seed103,103,fixed_update_scale,2048,0,marginal_gain_soft,marginal_gain_soft,marginal_gain_soft,False,uniform_exact_cost__1984,1984,1984,-0.04735798784895068,-0.013527575442247808
modular,transformer_publication_20260622T101458Z_modular_seed103,103,standard,2048,0,effective_rank,effective_rank,effective_rank,False,uniform_exact_cost__2048,2048,2048,-0.028871171122162864,-0.004162330905306821
modular,transformer_publication_20260622T101458Z_modular_seed103,103,standard,2048,0,soft_dimension,soft_dimension,soft_dimension,True,uniform_exact_cost__2048,2048,2048,-0.028871171122162864,-0.004162330905306821
modular,transformer_publication_20260622T101458Z_modular_seed103,103,standard,2048,0,gradient_norm,gradient_norm,gradient_norm,False,uniform_exact_cost__2048,2048,2048,-0.040680709695220585,0.02185223725286156
modular,transformer_publication_20260622T101458Z_modular_seed103,103,standard,2048,0,marginal_gain_edge,marginal_gain_edge,marginal_gain_edge,False,uniform_exact_cost__1984,1984,1984,-0.017415082231396595,-0.01873048907388153
modular,transformer_publication_20260622T101458Z_modular_seed103,103,standard,2048,0,marginal_gain_soft,marginal_gain_soft,marginal_gain_soft,False,uniform_exact_cost__1984,1984,1984,-0.017415082231396595,-0.01873048907388153
modular,transformer_publication_20260622T101458Z_modular_seed103,103,rslora,2048,0,effective_rank,effective_rank,effective_rank,False,uniform_exact_cost__2048,2048,2048,0.00614957168744823,-0.0010405827263268996
modular,transformer_publication_20260622T101458Z_modular_seed103,103,rslora,2048,0,soft_dimension,soft_dimension,soft_dimension,True,uniform_exact_cost__2048,2048,2048,0.00614957168744823,-0.0010405827263268996
modular,transformer_publication_20260622T101458Z_modular_seed103,103,rslora,2048,0,gradient_norm,gradient_norm,gradient_norm,False,uniform_exact_cost__2048,2048,2048,-0.02326185509764067,0.0
modular,transformer_publication_20260622T101458Z_modular_seed103,103,rslora,2048,0,marginal_gain_edge,marginal_gain_edge,marginal_gain_edge,False,uniform_exact_cost__1984,1984,1984,-0.04508838423457029,-0.018730489073881307
modular,transformer_publication_20260622T101458Z_modular_seed103,103,rslora,2048,0,marginal_gain_soft,marginal_gain_soft,marginal_gain_soft,False,uniform_exact_cost__1984,1984,1984,-0.04508838423457029,-0.018730489073881307
modular,transformer_publication_20260622T101458Z_modular_seed103,103,fixed_update_scale,2048,1,effective_rank,effective_rank,effective_rank,False,uniform_exact_cost__2048,2048,2048,-0.0011758259599340126,0.0041623309053071544
modular,transformer_publication_20260622T101458Z_modular_seed103,103,fixed_update_scale,2048,1,soft_dimension,soft_dimension,soft_dimension,True,uniform_exact_cost__2048,2048,2048,-0.0011758259599340126,0.0041623309053071544
modular,transformer_publication_20260622T101458Z_modular_seed103,103,fixed_update_scale,2048,1,gradient_norm,gradient_norm,gradient_norm,False,uniform_exact_cost__2048,2048,2048,0.014723143099373975,-0.002081165452653466
modular,transformer_publication_20260622T101458Z_modular_seed103,103,fixed_update_scale,2048,1,marginal_gain_edge,marginal_gain_edge,marginal_gain_edge,False,uniform_exact_cost__1984,1984,1984,-0.003160112544227489,-0.003121748178980255
modular,transformer_publication_20260622T101458Z_modular_seed103,103,fixed_update_scale,2048,1,marginal_gain_soft,marginal_gain_soft,marginal_gain_soft,False,uniform_exact_cost__1984,1984,1984,-0.003160112544227489,-0.003121748178980255
modular,transformer_publication_20260622T101458Z_modular_seed103,103,standard,2048,1,effective_rank,effective_rank,effective_rank,False,uniform_exact_cost__2048,2048,2048,-0.030380699779687187,0.01768990634755463
modular,transformer_publication_20260622T101458Z_modular_seed103,103,standard,2048,1,soft_dimension,soft_dimension,soft_dimension,True,uniform_exact_cost__2048,2048,2048,-0.030380699779687187,0.01768990634755463
modular,transformer_publication_20260622T101458Z_modular_seed103,103,standard,2048,1,gradient_norm,gradient_norm,gradient_norm,False,uniform_exact_cost__2048,2048,2048,0.011195028004983704,0.01144640998959423
modular,transformer_publication_20260622T101458Z_modular_seed103,103,standard,2048,1,marginal_gain_edge,marginal_gain_edge,marginal_gain_edge,False,uniform_exact_cost__1984,1984,1984,-0.020509773219909322,0.013527575442247808
modular,transformer_publication_20260622T101458Z_modular_seed103,103,standard,2048,1,marginal_gain_soft,marginal_gain_soft,marginal_gain_soft,False,uniform_exact_cost__1984,1984,1984,-0.020509773219909322,0.013527575442247808
modular,transformer_publication_20260622T101458Z_modular_seed103,103,rslora,2048,1,effective_rank,effective_rank,effective_rank,False,uniform_exact_cost__2048,2048,2048,-0.054974212513753895,0.01768990634755463
modular,transformer_publication_20260622T101458Z_modular_seed103,103,rslora,2048,1,soft_dimension,soft_dimension,soft_dimension,True,uniform_exact_cost__2048,2048,2048,-0.054974212513753895,0.01768990634755463
modular,transformer_publication_20260622T101458Z_modular_seed103,103,rslora,2048,1,gradient_norm,gradient_norm,gradient_norm,False,uniform_exact_cost__2048,2048,2048,-0.043148839262844185,0.01768990634755463
modular,transformer_publication_20260622T101458Z_modular_seed103,103,rslora,2048,1,marginal_gain_edge,marginal_gain_edge,marginal_gain_edge,False,uniform_exact_cost__1984,1984,1984,0.030789243722185278,-0.005202913631633832
modular,transformer_publication_20260622T101458Z_modular_seed103,103,rslora,2048,1,marginal_gain_soft,marginal_gain_soft,marginal_gain_soft,False,uniform_exact_cost__1984,1984,1984,0.030789243722185278,-0.005202913631633832
modular,transformer_publication_20260622T101458Z_modular_seed103,103,fixed_update_scale,2048,2,effective_rank,effective_rank,effective_rank,False,uniform_exact_cost__2048,2048,2048,-0.03875256648420919,0.007284079084287187
modular,transformer_publication_20260622T101458Z_modular_seed103,103,fixed_update_scale,2048,2,soft_dimension,soft_dimension,soft_dimension,True,uniform_exact_cost__2048,2048,2048,-0.03875256648420919,0.007284079084287187
modular,transformer_publication_20260622T101458Z_modular_seed103,103,fixed_update_scale,2048,2,gradient_norm,gradient_norm,gradient_norm,False,uniform_exact_cost__2048,2048,2048,-0.002684043733932273,0.003121748178980255
modular,transformer_publication_20260622T101458Z_modular_seed103,103,fixed_update_scale,2048,2,marginal_gain_edge,marginal_gain_edge,marginal_gain_edge,False,uniform_exact_cost__1984,1984,1984,-0.06788522253175439,0.011446409989594453
modular,transformer_publication_20260622T101458Z_modular_seed103,103,fixed_update_scale,2048,2,marginal_gain_soft,marginal_gain_soft,marginal_gain_soft,False,uniform_exact_cost__1984,1984,1984,-0.06788522253175439,0.011446409989594453
modular,transformer_publication_20260622T101458Z_modular_seed103,103,standard,2048,2,effective_rank,effective_rank,effective_rank,False,uniform_exact_cost__2048,2048,2048,0.018896973840155817,-0.004162330905306932
modular,transformer_publication_20260622T101458Z_modular_seed103,103,standard,2048,2,soft_dimension,soft_dimension,soft_dimension,True,uniform_exact_cost__2048,2048,2048,0.018896973840155817,-0.004162330905306932
modular,transformer_publication_20260622T101458Z_modular_seed103,103,standard,2048,2,gradient_norm,gradient_norm,gradient_norm,False,uniform_exact_cost__2048,2048,2048,-0.010871706997566677,-0.005202913631633832
modular,transformer_publication_20260622T101458Z_modular_seed103,103,standard,2048,2,marginal_gain_edge,marginal_gain_edge,marginal_gain_edge,False,uniform_exact_cost__1984,1984,1984,-0.028983818628785463,-0.01664932362122795
modular,transformer_publication_20260622T101458Z_modular_seed103,103,standard,2048,2,marginal_gain_soft,marginal_gain_soft,marginal_gain_soft,False,uniform_exact_cost__1984,1984,1984,-0.028983818628785463,-0.01664932362122795
modular,transformer_publication_20260622T101458Z_modular_seed103,103,rslora,2048,2,effective_rank,effective_rank,effective_rank,False,uniform_exact_cost__2048,2048,2048,0.02441993472045223,-0.014568158168574374
modular,transformer_publication_20260622T101458Z_modular_seed103,103,rslora,2048,2,soft_dimension,soft_dimension,soft_dimension,True,uniform_exact_cost__2048,2048,2048,0.02441993472045223,-0.014568158168574374
modular,transformer_publication_20260622T101458Z_modular_seed103,103,rslora,2048,2,gradient_norm,gradient_norm,gradient_norm,False,uniform_exact_cost__2048,2048,2048,0.024452540058251093,-0.006243496357960399
modular,transformer_publication_20260622T101458Z_modular_seed103,103,rslora,2048,2,marginal_gain_edge,marginal_gain_edge,marginal_gain_edge,False,uniform_exact_cost__1984,1984,1984,-0.013610943578160395,-0.017689906347554518
modular,transformer_publication_20260622T101458Z_modular_seed103,103,rslora,2048,2,marginal_gain_soft,marginal_gain_soft,marginal_gain_soft,False,uniform_exact_cost__1984,1984,1984,-0.013610943578160395,-0.017689906347554518
modular,transformer_publication_20260622T101458Z_modular_seed103,103,fixed_update_scale,3072,0,effective_rank,effective_rank,effective_rank,False,uniform_exact_cost__3072,3072,3072,-0.012480496708982103,-0.0031217481789800328
modular,transformer_publication_20260622T101458Z_modular_seed103,103,fixed_update_scale,3072,0,soft_dimension,soft_dimension,soft_dimension,True,uniform_exact_cost__3072,3072,3072,0.0,0.0
modular,transformer_publication_20260622T101458Z_modular_seed103,103,fixed_update_scale,3072,0,gradient_norm,gradient_norm,gradient_norm,False,uniform_exact_cost__3072,3072,3072,0.004206194062634783,0.0
modular,transformer_publication_20260622T101458Z_modular_seed103,103,fixed_update_scale,3072,0,marginal_gain_edge,marginal_gain_edge,marginal_gain_edge,False,uniform_exact_cost__3072,3072,3072,-0.030631861169740204,0.0020811654526535772
modular,transformer_publication_20260622T101458Z_modular_seed103,103,fixed_update_scale,3072,0,marginal_gain_soft,marginal_gain_soft,marginal_gain_soft,False,uniform_exact_cost__3072,3072,3072,0.015113498631798783,-0.011446409989594009
modular,transformer_publication_20260622T101458Z_modular_seed103,103,standard,3072,0,effective_rank,effective_rank,effective_rank,False,uniform_exact_cost__3072,3072,3072,-0.022103129964589296,-0.01248699271592102
modular,transformer_publication_20260622T101458Z_modular_seed103,103,standard,3072,0,soft_dimension,soft_dimension,soft_dimension,True,uniform_exact_cost__3072,3072,3072,0.0,0.0
modular,transformer_publication_20260622T101458Z_modular_seed103,103,standard,3072,0,gradient_norm,gradient_norm,gradient_norm,False,uniform_exact_cost__3072,3072,3072,0.005203063883716996,-0.0041623309053071544
modular,transformer_publication_20260622T101458Z_modular_seed103,103,standard,3072,0,marginal_gain_edge,marginal_gain_edge,marginal_gain_edge,False,uniform_exact_cost__3072,3072,3072,-0.051803413208701896,-0.0010405827263267886
modular,transformer_publication_20260622T101458Z_modular_seed103,103,standard,3072,0,marginal_gain_soft,marginal_gain_soft,marginal_gain_soft,False,uniform_exact_cost__3072,3072,3072,-0.02780772607606849,-0.005202913631633943
modular,transformer_publication_20260622T101458Z_modular_seed103,103,rslora,3072,0,effective_rank,effective_rank,effective_rank,False,uniform_exact_cost__3072,3072,3072,-0.025787404460229715,-0.0031217481789800328
modular,transformer_publication_20260622T101458Z_modular_seed103,103,rslora,3072,0,soft_dimension,soft_dimension,soft_dimension,True,uniform_exact_cost__3072,3072,3072,0.0,0.0
modular,transformer_publication_20260622T101458Z_modular_seed103,103,rslora,3072,0,gradient_norm,gradient_norm,gradient_norm,False,uniform_exact_cost__3072,3072,3072,0.01579198158277309,-0.0031217481789800328
modular,transformer_publication_20260622T101458Z_modular_seed103,103,rslora,3072,0,marginal_gain_edge,marginal_gain_edge,marginal_gain_edge,False,uniform_exact_cost__3072,3072,3072,-0.02311868740015051,0.0
modular,transformer_publication_20260622T101458Z_modular_seed103,103,rslora,3072,0,marginal_gain_soft,marginal_gain_soft,marginal_gain_soft,False,uniform_exact_cost__3072,3072,3072,0.030693455530440977,-0.019771071800207984
modular,transformer_publication_20260622T101458Z_modular_seed103,103,fixed_update_scale,3072,1,effective_rank,effective_rank,effective_rank,False,uniform_exact_cost__3072,3072,3072,-0.0016134184524494999,-0.011446409989594009
modular,transformer_publication_20260622T101458Z_modular_seed103,103,fixed_update_scale,3072,1,soft_dimension,soft_dimension,soft_dimension,True,uniform_exact_cost__3072,3072,3072,0.0,0.0
modular,transformer_publication_20260622T101458Z_modular_seed103,103,fixed_update_scale,3072,1,gradient_norm,gradient_norm,gradient_norm,False,uniform_exact_cost__3072,3072,3072,0.007829150070633006,-0.002081165452653244
modular,transformer_publication_20260622T101458Z_modular_seed103,103,fixed_update_scale,3072,1,marginal_gain_edge,marginal_gain_edge,marginal_gain_edge,False,uniform_exact_cost__3072,3072,3072,-0.042591511660510395,0.0010405827263267886
modular,transformer_publication_20260622T101458Z_modular_seed103,103,fixed_update_scale,3072,1,marginal_gain_soft,marginal_gain_soft,marginal_gain_soft,False,uniform_exact_cost__3072,3072,3072,0.02134187983176461,-0.012486992715920797
modular,transformer_publication_20260622T101458Z_modular_seed103,103,standard,3072,1,effective_rank,effective_rank,effective_rank,False,uniform_exact_cost__3072,3072,3072,-0.011958435844556303,-0.006243496357960621
modular,transformer_publication_20260622T101458Z_modular_seed103,103,standard,3072,1,soft_dimension,soft_dimension,soft_dimension,True,uniform_exact_cost__3072,3072,3072,0.0,0.0
modular,transformer_publication_20260622T101458Z_modular_seed103,103,standard,3072,1,gradient_norm,gradient_norm,gradient_norm,False,uniform_exact_cost__3072,3072,3072,0.007164569786758501,-0.0020811654526535772
modular,transformer_publication_20260622T101458Z_modular_seed103,103,standard,3072,1,marginal_gain_edge,marginal_gain_edge,marginal_gain_edge,False,uniform_exact_cost__3072,3072,3072,-0.0498503516820665,0.0010405827263264555
modular,transformer_publication_20260622T101458Z_modular_seed103,103,standard,3072,1,marginal_gain_soft,marginal_gain_soft,marginal_gain_soft,False,uniform_exact_cost__3072,3072,3072,-0.008150367207755388,-0.008324661810613976
modular,transformer_publication_20260622T101458Z_modular_seed103,103,rslora,3072,1,effective_rank,effective_rank,effective_rank,False,uniform_exact_cost__3072,3072,3072,-0.010999967804436295,-0.013527575442247586
modular,transformer_publication_20260622T101458Z_modular_seed103,103,rslora,3072,1,soft_dimension,soft_dimension,soft_dimension,True,uniform_exact_cost__3072,3072,3072,0.0,0.0
modular,transformer_publication_20260622T101458Z_modular_seed103,103,rslora,3072,1,gradient_norm,gradient_norm,gradient_norm,False,uniform_exact_cost__3072,3072,3072,0.003426527552128411,-0.0010405827263267886
modular,transformer_publication_20260622T101458Z_modular_seed103,103,rslora,3072,1,marginal_gain_edge,marginal_gain_edge,marginal_gain_edge,False,uniform_exact_cost__3072,3072,3072,-0.031677846101952886,-0.00520291363163361
modular,transformer_publication_20260622T101458Z_modular_seed103,103,rslora,3072,1,marginal_gain_soft,marginal_gain_soft,marginal_gain_soft,False,uniform_exact_cost__3072,3072,3072,0.00559637508704941,-0.008324661810613976
modular,transformer_publication_20260622T101458Z_modular_seed103,103,fixed_update_scale,3072,2,effective_rank,effective_rank,effective_rank,False,uniform_exact_cost__3072,3072,3072,-0.012725603312222888,-0.01040582726326722
modular,transformer_publication_20260622T101458Z_modular_seed103,103,fixed_update_scale,3072,2,soft_dimension,soft_dimension,soft_dimension,True,uniform_exact_cost__3072,3072,3072,0.0,0.0
modular,transformer_publication_20260622T101458Z_modular_seed103,103,fixed_update_scale,3072,2,gradient_norm,gradient_norm,gradient_norm,False,uniform_exact_cost__3072,3072,3072,-0.0010476934953236872,0.0
modular,transformer_publication_20260622T101458Z_modular_seed103,103,fixed_update_scale,3072,2,marginal_gain_edge,marginal_gain_edge,marginal_gain_edge,False,uniform_exact_cost__3072,3072,3072,-0.0050476905148433004,0.0020811654526535772
modular,transformer_publication_20260622T101458Z_modular_seed103,103,fixed_update_scale,3072,2,marginal_gain_soft,marginal_gain_soft,marginal_gain_soft,False,uniform_exact_cost__3072,3072,3072,0.027409894052703,-0.018730489073881196
modular,transformer_publication_20260622T101458Z_modular_seed103,103,standard,3072,2,effective_rank,effective_rank,effective_rank,False,uniform_exact_cost__3072,3072,3072,-0.00020417445470091722,-0.026014568158168827
modular,transformer_publication_20260622T101458Z_modular_seed103,103,standard,3072,2,soft_dimension,soft_dimension,soft_dimension,True,uniform_exact_cost__3072,3072,3072,0.0,0.0
modular,transformer_publication_20260622T101458Z_modular_seed103,103,standard,3072,2,gradient_norm,gradient_norm,gradient_norm,False,uniform_exact_cost__3072,3072,3072,-0.007319436810763413,-0.003121748178980366
modular,transformer_publication_20260622T101458Z_modular_seed103,103,standard,3072,2,marginal_gain_edge,marginal_gain_edge,marginal_gain_edge,False,uniform_exact_cost__3072,3072,3072,-0.03247326615573712,0.0010405827263264555
modular,transformer_publication_20260622T101458Z_modular_seed103,103,standard,3072,2,marginal_gain_soft,marginal_gain_soft,marginal_gain_soft,False,uniform_exact_cost__3072,3072,3072,0.036383458342438085,-0.02289281997918835
modular,transformer_publication_20260622T101458Z_modular_seed103,103,rslora,3072,2,effective_rank,effective_rank,effective_rank,False,uniform_exact_cost__3072,3072,3072,-0.012304759825677719,-0.008324661810613643
modular,transformer_publication_20260622T101458Z_modular_seed103,103,rslora,3072,2,soft_dimension,soft_dimension,soft_dimension,True,uniform_exact_cost__3072,3072,3072,0.0,0.0
modular,transformer_publication_20260622T101458Z_modular_seed103,103,rslora,3072,2,gradient_norm,gradient_norm,gradient_norm,False,uniform_exact_cost__3072,3072,3072,-0.012871329419694821,0.0020811654526535772
modular,transformer_publication_20260622T101458Z_modular_seed103,103,rslora,3072,2,marginal_gain_edge,marginal_gain_edge,marginal_gain_edge,False,uniform_exact_cost__3072,3072,3072,-0.030644550221767708,0.0010405827263267886
modular,transformer_publication_20260622T101458Z_modular_seed103,103,rslora,3072,2,marginal_gain_soft,marginal_gain_soft,marginal_gain_soft,False,uniform_exact_cost__3072,3072,3072,0.011981531450453192,-0.018730489073881196
modular,transformer_publication_20260622T101458Z_modular_seed103,103,fixed_update_scale,4096,0,effective_rank,effective_rank,effective_rank,False,uniform_exact_cost__4096,4096,4096,0.015667716667257692,-0.006243496357960399
modular,transformer_publication_20260622T101458Z_modular_seed103,103,fixed_update_scale,4096,0,soft_dimension,soft_dimension,soft_dimension,True,uniform_exact_cost__4096,4096,4096,0.015667716667257692,-0.006243496357960399
modular,transformer_publication_20260622T101458Z_modular_seed103,103,fixed_update_scale,4096,0,gradient_norm,gradient_norm,gradient_norm,False,uniform_exact_cost__4096,4096,4096,0.007038666627347492,-0.004162330905306821
modular,transformer_publication_20260622T101458Z_modular_seed103,103,fixed_update_scale,4096,0,marginal_gain_edge,marginal_gain_edge,marginal_gain_edge,False,uniform_exact_cost__4096,4096,4096,0.015667716667257692,-0.006243496357960399
modular,transformer_publication_20260622T101458Z_modular_seed103,103,fixed_update_scale,4096,0,marginal_gain_soft,marginal_gain_soft,marginal_gain_soft,False,uniform_exact_cost__4096,4096,4096,0.015667716667257692,-0.006243496357960399
modular,transformer_publication_20260622T101458Z_modular_seed103,103,standard,4096,0,effective_rank,effective_rank,effective_rank,False,uniform_exact_cost__4096,4096,4096,-0.017249200861362196,0.0010405827263267886
modular,transformer_publication_20260622T101458Z_modular_seed103,103,standard,4096,0,soft_dimension,soft_dimension,soft_dimension,True,uniform_exact_cost__4096,4096,4096,-0.017249200861362196,0.0010405827263267886
modular,transformer_publication_20260622T101458Z_modular_seed103,103,standard,4096,0,gradient_norm,gradient_norm,gradient_norm,False,uniform_exact_cost__4096,4096,4096,0.005541258475100702,-0.004162330905306821
modular,transformer_publication_20260622T101458Z_modular_seed103,103,standard,4096,0,marginal_gain_edge,marginal_gain_edge,marginal_gain_edge,False,uniform_exact_cost__4096,4096,4096,-0.017249200861362196,0.0010405827263267886
modular,transformer_publication_20260622T101458Z_modular_seed103,103,standard,4096,0,marginal_gain_soft,marginal_gain_soft,marginal_gain_soft,False,uniform_exact_cost__4096,4096,4096,-0.017249200861362196,0.0010405827263267886
modular,transformer_publication_20260622T101458Z_modular_seed103,103,rslora,4096,0,effective_rank,effective_rank,effective_rank,False,uniform_exact_cost__4096,4096,4096,-0.003245950753061097,0.0
modular,transformer_publication_20260622T101458Z_modular_seed103,103,rslora,4096,0,soft_dimension,soft_dimension,soft_dimension,True,uniform_exact_cost__4096,4096,4096,-0.003245950753061097,0.0
modular,transformer_publication_20260622T101458Z_modular_seed103,103,rslora,4096,0,gradient_norm,gradient_norm,gradient_norm,False,uniform_exact_cost__4096,4096,4096,0.012746859857430695,-0.006243496357960399
modular,transformer_publication_20260622T101458Z_modular_seed103,103,rslora,4096,0,marginal_gain_edge,marginal_gain_edge,marginal_gain_edge,False,uniform_exact_cost__4096,4096,4096,-0.003245950753061097,0.0
modular,transformer_publication_20260622T101458Z_modular_seed103,103,rslora,4096,0,marginal_gain_soft,marginal_gain_soft,marginal_gain_soft,False,uniform_exact_cost__4096,4096,4096,-0.003245950753061097,0.0
modular,transformer_publication_20260622T101458Z_modular_seed103,103,fixed_update_scale,4096,1,effective_rank,effective_rank,effective_rank,False,uniform_exact_cost__4096,4096,4096,-0.051765019087649994,0.013527575442247586
modular,transformer_publication_20260622T101458Z_modular_seed103,103,fixed_update_scale,4096,1,soft_dimension,soft_dimension,soft_dimension,True,uniform_exact_cost__4096,4096,4096,-0.051765019087649994,0.013527575442247586
modular,transformer_publication_20260622T101458Z_modular_seed103,103,fixed_update_scale,4096,1,gradient_norm,gradient_norm,gradient_norm,False,uniform_exact_cost__4096,4096,4096,-0.049355419001829895,0.012486992715920797
modular,transformer_publication_20260622T101458Z_modular_seed103,103,fixed_update_scale,4096,1,marginal_gain_edge,marginal_gain_edge,marginal_gain_edge,False,uniform_exact_cost__4096,4096,4096,-0.051765019087649994,0.013527575442247586
modular,transformer_publication_20260622T101458Z_modular_seed103,103,fixed_update_scale,4096,1,marginal_gain_soft,marginal_gain_soft,marginal_gain_soft,False,uniform_exact_cost__4096,4096,4096,-0.051765019087649994,0.013527575442247586
modular,transformer_publication_20260622T101458Z_modular_seed103,103,standard,4096,1,effective_rank,effective_rank,effective_rank,False,uniform_exact_cost__4096,4096,4096,-0.009028015132997294,0.004162330905306821
modular,transformer_publication_20260622T101458Z_modular_seed103,103,standard,4096,1,soft_dimension,soft_dimension,soft_dimension,True,uniform_exact_cost__4096,4096,4096,-0.009028015132997294,0.004162330905306821
modular,transformer_publication_20260622T101458Z_modular_seed103,103,standard,4096,1,gradient_norm,gradient_norm,gradient_norm,False,uniform_exact_cost__4096,4096,4096,-0.025237912077623395,0.0031217481789800328
modular,transformer_publication_20260622T101458Z_modular_seed103,103,standard,4096,1,marginal_gain_edge,marginal_gain_edge,marginal_gain_edge,False,uniform_exact_cost__4096,4096,4096,-0.009028015132997294,0.004162330905306821
modular,transformer_publication_20260622T101458Z_modular_seed103,103,standard,4096,1,marginal_gain_soft,marginal_gain_soft,marginal_gain_soft,False,uniform_exact_cost__4096,4096,4096,-0.009028015132997294,0.004162330905306821
modular,transformer_publication_20260622T101458Z_modular_seed103,103,rslora,4096,1,effective_rank,effective_rank,effective_rank,False,uniform_exact_cost__4096,4096,4096,-0.041360162206296514,0.006243496357960399
modular,transformer_publication_20260622T101458Z_modular_seed103,103,rslora,4096,1,soft_dimension,soft_dimension,soft_dimension,True,uniform_exact_cost__4096,4096,4096,-0.041360162206296514,0.006243496357960399
modular,transformer_publication_20260622T101458Z_modular_seed103,103,rslora,4096,1,gradient_norm,gradient_norm,gradient_norm,False,uniform_exact_cost__4096,4096,4096,-0.04159342557284891,0.009365244536940431
modular,transformer_publication_20260622T101458Z_modular_seed103,103,rslora,4096,1,marginal_gain_edge,marginal_gain_edge,marginal_gain_edge,False,uniform_exact_cost__4096,4096,4096,-0.041360162206296514,0.006243496357960399
modular,transformer_publication_20260622T101458Z_modular_seed103,103,rslora,4096,1,marginal_gain_soft,marginal_gain_soft,marginal_gain_soft,False,uniform_exact_cost__4096,4096,4096,-0.041360162206296514,0.006243496357960399
modular,transformer_publication_20260622T101458Z_modular_seed103,103,fixed_update_scale,4096,2,effective_rank,effective_rank,effective_rank,False,uniform_exact_cost__4096,4096,4096,-0.0016829340828197065,-0.0020811654526535772
modular,transformer_publication_20260622T101458Z_modular_seed103,103,fixed_update_scale,4096,2,soft_dimension,soft_dimension,soft_dimension,True,uniform_exact_cost__4096,4096,4096,-0.0016829340828197065,-0.0020811654526535772
modular,transformer_publication_20260622T101458Z_modular_seed103,103,fixed_update_scale,4096,2,gradient_norm,gradient_norm,gradient_norm,False,uniform_exact_cost__4096,4096,4096,-0.007030909774392705,-0.0020811654526535772
modular,transformer_publication_20260622T101458Z_modular_seed103,103,fixed_update_scale,4096,2,marginal_gain_edge,marginal_gain_edge,marginal_gain_edge,False,uniform_exact_cost__4096,4096,4096,-0.0016829340828197065,-0.0020811654526535772
modular,transformer_publication_20260622T101458Z_modular_seed103,103,fixed_update_scale,4096,2,marginal_gain_soft,marginal_gain_soft,marginal_gain_soft,False,uniform_exact_cost__4096,4096,4096,-0.0016829340828197065,-0.0020811654526535772
modular,transformer_publication_20260622T101458Z_modular_seed103,103,standard,4096,2,effective_rank,effective_rank,effective_rank,False,uniform_exact_cost__4096,4096,4096,0.012297721996391703,-0.003121748178980366
modular,transformer_publication_20260622T101458Z_modular_seed103,103,standard,4096,2,soft_dimension,soft_dimension,soft_dimension,True,uniform_exact_cost__4096,4096,4096,0.012297721996391703,-0.003121748178980366
modular,transformer_publication_20260622T101458Z_modular_seed103,103,standard,4096,2,gradient_norm,gradient_norm,gradient_norm,False,uniform_exact_cost__4096,4096,4096,-0.020316448570476195,0.004162330905306821
modular,transformer_publication_20260622T101458Z_modular_seed103,103,standard,4096,2,marginal_gain_edge,marginal_gain_edge,marginal_gain_edge,False,uniform_exact_cost__4096,4096,4096,0.012297721996391703,-0.003121748178980366
modular,transformer_publication_20260622T101458Z_modular_seed103,103,standard,4096,2,marginal_gain_soft,marginal_gain_soft,marginal_gain_soft,False,uniform_exact_cost__4096,4096,4096,0.012297721996391703,-0.003121748178980366
modular,transformer_publication_20260622T101458Z_modular_seed103,103,rslora,4096,2,effective_rank,effective_rank,effective_rank,False,uniform_exact_cost__4096,4096,4096,-0.016261010517004806,-0.0010405827263267886
modular,transformer_publication_20260622T101458Z_modular_seed103,103,rslora,4096,2,soft_dimension,soft_dimension,soft_dimension,True,uniform_exact_cost__4096,4096,4096,-0.016261010517004806,-0.0010405827263267886
modular,transformer_publication_20260622T101458Z_modular_seed103,103,rslora,4096,2,gradient_norm,gradient_norm,gradient_norm,False,uniform_exact_cost__4096,4096,4096,-0.023257832722224703,0.0
modular,transformer_publication_20260622T101458Z_modular_seed103,103,rslora,4096,2,marginal_gain_edge,marginal_gain_edge,marginal_gain_edge,False,uniform_exact_cost__4096,4096,4096,-0.016261010517004806,-0.0010405827263267886
modular,transformer_publication_20260622T101458Z_modular_seed103,103,rslora,4096,2,marginal_gain_soft,marginal_gain_soft,marginal_gain_soft,False,uniform_exact_cost__4096,4096,4096,-0.016261010517004806,-0.0010405827263267886
modular,transformer_publication_20260622T101458Z_modular_seed107,107,fixed_update_scale,512,0,effective_rank,effective_rank,effective_rank,False,uniform_exact_cost__512,512,512,-0.4284174116047317,0.05723204994797079
modular,transformer_publication_20260622T101458Z_modular_seed107,107,fixed_update_scale,512,0,soft_dimension,soft_dimension,soft_dimension,True,uniform_exact_cost__512,512,512,-0.4284174116047317,0.05723204994797079
modular,transformer_publication_20260622T101458Z_modular_seed107,107,fixed_update_scale,512,0,gradient_norm,gradient_norm,gradient_norm,False,uniform_exact_cost__448,448,448,0.3674634281976168,-0.077003121748179
modular,transformer_publication_20260622T101458Z_modular_seed107,107,fixed_update_scale,512,0,marginal_gain_edge,marginal_gain_edge,marginal_gain_edge,False,uniform_exact_cost__448,448,448,0.4631553606733947,-0.0967741935483871
modular,transformer_publication_20260622T101458Z_modular_seed107,107,fixed_update_scale,512,0,marginal_gain_soft,marginal_gain_soft,marginal_gain_soft,False,uniform_exact_cost__448,448,448,0.4631553606733947,-0.0967741935483871
modular,transformer_publication_20260622T101458Z_modular_seed107,107,standard,512,0,effective_rank,effective_rank,effective_rank,False,uniform_exact_cost__512,512,512,-0.9999916965333777,0.1425598335067638
modular,transformer_publication_20260622T101458Z_modular_seed107,107,standard,512,0,soft_dimension,soft_dimension,soft_dimension,True,uniform_exact_cost__512,512,512,-0.9999916965333777,0.1425598335067638
modular,transformer_publication_20260622T101458Z_modular_seed107,107,standard,512,0,gradient_norm,gradient_norm,gradient_norm,False,uniform_exact_cost__448,448,448,0.4025870237836733,-0.03329864724245579
modular,transformer_publication_20260622T101458Z_modular_seed107,107,standard,512,0,marginal_gain_edge,marginal_gain_edge,marginal_gain_edge,False,uniform_exact_cost__448,448,448,0.4226687812904415,-0.0322580645161291
modular,transformer_publication_20260622T101458Z_modular_seed107,107,standard,512,0,marginal_gain_soft,marginal_gain_soft,marginal_gain_soft,False,uniform_exact_cost__448,448,448,0.4226687812904415,-0.0322580645161291
modular,transformer_publication_20260622T101458Z_modular_seed107,107,rslora,512,0,effective_rank,effective_rank,effective_rank,False,uniform_exact_cost__512,512,512,-0.929563424093542,0.1311134235171696
modular,transformer_publication_20260622T101458Z_modular_seed107,107,rslora,512,0,soft_dimension,soft_dimension,soft_dimension,True,uniform_exact_cost__512,512,512,-0.929563424093542,0.1311134235171696
modular,transformer_publication_20260622T101458Z_modular_seed107,107,rslora,512,0,gradient_norm,gradient_norm,gradient_norm,False,uniform_exact_cost__448,448,448,0.35559122272138177,-0.0468262226847035
modular,transformer_publication_20260622T101458Z_modular_seed107,107,rslora,512,0,marginal_gain_edge,marginal_gain_edge,marginal_gain_edge,False,uniform_exact_cost__448,448,448,0.34668135022769775,-0.04890738813735701
modular,transformer_publication_20260622T101458Z_modular_seed107,107,rslora,512,0,marginal_gain_soft,marginal_gain_soft,marginal_gain_soft,False,uniform_exact_cost__448,448,448,0.34668135022769775,-0.04890738813735701
modular,transformer_publication_20260622T101458Z_modular_seed107,107,fixed_update_scale,512,1,effective_rank,effective_rank,effective_rank,False,uniform_exact_cost__512,512,512,-0.029328218235805892,0.019771071800208095
modular,transformer_publication_20260622T101458Z_modular_seed107,107,fixed_update_scale,512,1,soft_dimension,soft_dimension,soft_dimension,True,uniform_exact_cost__512,512,512,-0.029328218235805892,0.019771071800208095
modular,transformer_publication_20260622T101458Z_modular_seed107,107,fixed_update_scale,512,1,gradient_norm,gradient_norm,gradient_norm,False,uniform_exact_cost__448,448,448,-0.048266294223336725,0.04058272632674301
modular,transformer_publication_20260622T101458Z_modular_seed107,107,fixed_update_scale,512,1,marginal_gain_edge,marginal_gain_edge,marginal_gain_edge,False,uniform_exact_cost__448,448,448,0.7325837530280999,-0.08949011446409989
modular,transformer_publication_20260622T101458Z_modular_seed107,107,fixed_update_scale,512,1,marginal_gain_soft,marginal_gain_soft,marginal_gain_soft,False,uniform_exact_cost__448,448,448,0.7325837530280999,-0.08949011446409989
modular,transformer_publication_20260622T101458Z_modular_seed107,107,standard,512,1,effective_rank,effective_rank,effective_rank,False,uniform_exact_cost__512,512,512,-0.20086545601843797,0.029136316337148804
modular,transformer_publication_20260622T101458Z_modular_seed107,107,standard,512,1,soft_dimension,soft_dimension,soft_dimension,True,uniform_exact_cost__512,512,512,-0.20086545601843797,0.029136316337148804
modular,transformer_publication_20260622T101458Z_modular_seed107,107,standard,512,1,gradient_norm,gradient_norm,gradient_norm,False,uniform_exact_cost__448,448,448,0.3031861789516803,-0.0364203954214361
modular,transformer_publication_20260622T101458Z_modular_seed107,107,standard,512,1,marginal_gain_edge,marginal_gain_edge,marginal_gain_edge,False,uniform_exact_cost__448,448,448,0.4863469074717677,-0.0655567117585849
modular,transformer_publication_20260622T101458Z_modular_seed107,107,standard,512,1,marginal_gain_soft,marginal_gain_soft,marginal_gain_soft,False,uniform_exact_cost__448,448,448,0.4863469074717677,-0.0655567117585849
modular,transformer_publication_20260622T101458Z_modular_seed107,107,rslora,512,1,effective_rank,effective_rank,effective_rank,False,uniform_exact_cost__512,512,512,-0.3382778909526434,0.059313215400624286
modular,transformer_publication_20260622T101458Z_modular_seed107,107,rslora,512,1,soft_dimension,soft_dimension,soft_dimension,True,uniform_exact_cost__512,512,512,-0.3382778909526434,0.059313215400624286
modular,transformer_publication_20260622T101458Z_modular_seed107,107,rslora,512,1,gradient_norm,gradient_norm,gradient_norm,False,uniform_exact_cost__448,448,448,0.601829018230617,-0.04578563995837669
modular,transformer_publication_20260622T101458Z_modular_seed107,107,rslora,512,1,marginal_gain_edge,marginal_gain_edge,marginal_gain_edge,False,uniform_exact_cost__448,448,448,0.870954884450716,-0.09261186264308009
modular,transformer_publication_20260622T101458Z_modular_seed107,107,rslora,512,1,marginal_gain_soft,marginal_gain_soft,marginal_gain_soft,False,uniform_exact_cost__448,448,448,0.870954884450716,-0.09261186264308009
modular,transformer_publication_20260622T101458Z_modular_seed107,107,fixed_update_scale,512,2,effective_rank,effective_rank,effective_rank,False,uniform_exact_cost__512,512,512,-0.3215733313783766,0.07075962539021849
modular,transformer_publication_20260622T101458Z_modular_seed107,107,fixed_update_scale,512,2,soft_dimension,soft_dimension,soft_dimension,True,uniform_exact_cost__512,512,512,-0.3215733313783766,0.07075962539021849
modular,transformer_publication_20260622T101458Z_modular_seed107,107,fixed_update_scale,512,2,gradient_norm,gradient_norm,gradient_norm,False,uniform_exact_cost__448,448,448,-0.07742410668721433,0.007284079084287215
modular,transformer_publication_20260622T101458Z_modular_seed107,107,fixed_update_scale,512,2,marginal_gain_edge,marginal_gain_edge,marginal_gain_edge,False,uniform_exact_cost__448,448,448,0.6829639036871265,-0.09469302809573359
modular,transformer_publication_20260622T101458Z_modular_seed107,107,fixed_update_scale,512,2,marginal_gain_soft,marginal_gain_soft,marginal_gain_soft,False,uniform_exact_cost__448,448,448,0.6829639036871265,-0.09469302809573359
modular,transformer_publication_20260622T101458Z_modular_seed107,107,standard,512,2,effective_rank,effective_rank,effective_rank,False,uniform_exact_cost__512,512,512,-0.30471757348940853,0.0655567117585848
modular,transformer_publication_20260622T101458Z_modular_seed107,107,standard,512,2,soft_dimension,soft_dimension,soft_dimension,True,uniform_exact_cost__512,512,512,-0.30471757348940853,0.0655567117585848
modular,transformer_publication_20260622T101458Z_modular_seed107,107,standard,512,2,gradient_norm,gradient_norm,gradient_norm,False,uniform_exact_cost__448,448,448,-0.2045231545256776,-0.022892819979188406
modular,transformer_publication_20260622T101458Z_modular_seed107,107,standard,512,2,marginal_gain_edge,marginal_gain_edge,marginal_gain_edge,False,uniform_exact_cost__448,448,448,0.5880055856754329,-0.1259105098855359
modular,transformer_publication_20260622T101458Z_modular_seed107,107,standard,512,2,marginal_gain_soft,marginal_gain_soft,marginal_gain_soft,False,uniform_exact_cost__448,448,448,0.5880055856754329,-0.1259105098855359
modular,transformer_publication_20260622T101458Z_modular_seed107,107,rslora,512,2,effective_rank,effective_rank,effective_rank,False,uniform_exact_cost__512,512,512,-0.17138943910350646,0.009365244536940709
modular,transformer_publication_20260622T101458Z_modular_seed107,107,rslora,512,2,soft_dimension,soft_dimension,soft_dimension,True,uniform_exact_cost__512,512,512,-0.17138943910350646,0.009365244536940709
modular,transformer_publication_20260622T101458Z_modular_seed107,107,rslora,512,2,gradient_norm,gradient_norm,gradient_norm,False,uniform_exact_cost__448,448,448,0.7096941585223213,-0.12382934443288239
modular,transformer_publication_20260622T101458Z_modular_seed107,107,rslora,512,2,marginal_gain_edge,marginal_gain_edge,marginal_gain_edge,False,uniform_exact_cost__448,448,448,0.7515937753572177,-0.1155046826222685
modular,transformer_publication_20260622T101458Z_modular_seed107,107,rslora,512,2,marginal_gain_soft,marginal_gain_soft,marginal_gain_soft,False,uniform_exact_cost__448,448,448,0.7515937753572177,-0.1155046826222685
modular,transformer_publication_20260622T101458Z_modular_seed107,107,fixed_update_scale,1024,0,effective_rank,effective_rank,effective_rank,False,uniform_exact_cost__1024,1024,1024,0.18194702438211574,-0.07492195629552545
modular,transformer_publication_20260622T101458Z_modular_seed107,107,fixed_update_scale,1024,0,soft_dimension,soft_dimension,soft_dimension,True,uniform_exact_cost__1024,1024,1024,0.18194702438211574,-0.07492195629552545
modular,transformer_publication_20260622T101458Z_modular_seed107,107,fixed_update_scale,1024,0,gradient_norm,gradient_norm,gradient_norm,False,uniform_exact_cost__1024,1024,1024,0.20177192606117167,-0.06763787721123826
modular,transformer_publication_20260622T101458Z_modular_seed107,107,fixed_update_scale,1024,0,marginal_gain_edge,marginal_gain_edge,marginal_gain_edge,False,uniform_exact_cost__1024,1024,1024,-0.0992162587367289,0.0010405827263267886
modular,transformer_publication_20260622T101458Z_modular_seed107,107,fixed_update_scale,1024,0,marginal_gain_soft,marginal_gain_soft,marginal_gain_soft,False,uniform_exact_cost__1024,1024,1024,0.20177192606117167,-0.06763787721123826
modular,transformer_publication_20260622T101458Z_modular_seed107,107,standard,1024,0,effective_rank,effective_rank,effective_rank,False,uniform_exact_cost__1024,1024,1024,0.06465861526910022,-0.030176899063475503
modular,transformer_publication_20260622T101458Z_modular_seed107,107,standard,1024,0,soft_dimension,soft_dimension,soft_dimension,True,uniform_exact_cost__1024,1024,1024,0.06465861526910022,-0.030176899063475503
modular,transformer_publication_20260622T101458Z_modular_seed107,107,standard,1024,0,gradient_norm,gradient_norm,gradient_norm,False,uniform_exact_cost__1024,1024,1024,-0.037346541943585,-0.005202913631633707
modular,transformer_publication_20260622T101458Z_modular_seed107,107,standard,1024,0,marginal_gain_edge,marginal_gain_edge,marginal_gain_edge,False,uniform_exact_cost__1024,1024,1024,0.08067844958508807,-0.026014568158168605
modular,transformer_publication_20260622T101458Z_modular_seed107,107,standard,1024,0,marginal_gain_soft,marginal_gain_soft,marginal_gain_soft,False,uniform_exact_cost__1024,1024,1024,-0.037346541943585,-0.005202913631633707
modular,transformer_publication_20260622T101458Z_modular_seed107,107,rslora,1024,0,effective_rank,effective_rank,effective_rank,False,uniform_exact_cost__1024,1024,1024,0.7853210237842445,-0.149843912591051
modular,transformer_publication_20260622T101458Z_modular_seed107,107,rslora,1024,0,soft_dimension,soft_dimension,soft_dimension,True,uniform_exact_cost__1024,1024,1024,0.7853210237842445,-0.149843912591051
modular,transformer_publication_20260622T101458Z_modular_seed107,107,rslora,1024,0,gradient_norm,gradient_norm,gradient_norm,False,uniform_exact_cost__1024,1024,1024,0.1818335584745694,-0.08012486992715923
modular,transformer_publication_20260622T101458Z_modular_seed107,107,rslora,1024,0,marginal_gain_edge,marginal_gain_edge,marginal_gain_edge,False,uniform_exact_cost__1024,1024,1024,-0.40891447970323824,0.09261186264308008
modular,transformer_publication_20260622T101458Z_modular_seed107,107,rslora,1024,0,marginal_gain_soft,marginal_gain_soft,marginal_gain_soft,False,uniform_exact_cost__1024,1024,1024,0.1818335584745694,-0.08012486992715923
modular,transformer_publication_20260622T101458Z_modular_seed107,107,fixed_update_scale,1024,1,effective_rank,effective_rank,effective_rank,False,uniform_exact_cost__1024,1024,1024,-6.883325487461178e-05,-0.03642039542143599
modular,transformer_publication_20260622T101458Z_modular_seed107,107,fixed_update_scale,1024,1,soft_dimension,soft_dimension,soft_dimension,True,uniform_exact_cost__1024,1024,1024,-6.883325487461178e-05,-0.03642039542143599
modular,transformer_publication_20260622T101458Z_modular_seed107,107,fixed_update_scale,1024,1,gradient_norm,gradient_norm,gradient_norm,False,uniform_exact_cost__1024,1024,1024,-0.0042625114895424865,0.0010405827263267886
modular,transformer_publication_20260622T101458Z_modular_seed107,107,fixed_update_scale,1024,1,marginal_gain_edge,marginal_gain_edge,marginal_gain_edge,False,uniform_exact_cost__1024,1024,1024,-0.18441936513263646,0.040582726326743035
modular,transformer_publication_20260622T101458Z_modular_seed107,107,fixed_update_scale,1024,1,marginal_gain_soft,marginal_gain_soft,marginal_gain_soft,False,uniform_exact_cost__1024,1024,1024,-0.0042625114895424865,0.0010405827263267886
modular,transformer_publication_20260622T101458Z_modular_seed107,107,standard,1024,1,effective_rank,effective_rank,effective_rank,False,uniform_exact_cost__1024,1024,1024,0.43507982987394955,-0.11550468262226854
modular,transformer_publication_20260622T101458Z_modular_seed107,107,standard,1024,1,soft_dimension,soft_dimension,soft_dimension,True,uniform_exact_cost__1024,1024,1024,0.43507982987394955,-0.11550468262226854
modular,transformer_publication_20260622T101458Z_modular_seed107,107,standard,1024,1,gradient_norm,gradient_norm,gradient_norm,False,uniform_exact_cost__1024,1024,1024,-0.13051178291610577,0.09573361082206028
modular,transformer_publication_20260622T101458Z_modular_seed107,107,standard,1024,1,marginal_gain_edge,marginal_gain_edge,marginal_gain_edge,False,uniform_exact_cost__1024,1024,1024,-0.19785253289586935,0.06139438085327775
modular,transformer_publication_20260622T101458Z_modular_seed107,107,standard,1024,1,marginal_gain_soft,marginal_gain_soft,marginal_gain_soft,False,uniform_exact_cost__1024,1024,1024,-0.13051178291610577,0.09573361082206028
modular,transformer_publication_20260622T101458Z_modular_seed107,107,rslora,1024,1,effective_rank,effective_rank,effective_rank,False,uniform_exact_cost__1024,1024,1024,0.039546864958136974,-0.008324661810613976
modular,transformer_publication_20260622T101458Z_modular_seed107,107,rslora,1024,1,soft_dimension,soft_dimension,soft_dimension,True,uniform_exact_cost__1024,1024,1024,0.039546864958136974,-0.008324661810613976
modular,transformer_publication_20260622T101458Z_modular_seed107,107,rslora,1024,1,gradient_norm,gradient_norm,gradient_norm,False,uniform_exact_cost__1024,1024,1024,-0.07501384631404018,0.08116545265348596
modular,transformer_publication_20260622T101458Z_modular_seed107,107,rslora,1024,1,marginal_gain_edge,marginal_gain_edge,marginal_gain_edge,False,uniform_exact_cost__1024,1024,1024,-0.19964198614630568,0.10822060353798124
modular,transformer_publication_20260622T101458Z_modular_seed107,107,rslora,1024,1,marginal_gain_soft,marginal_gain_soft,marginal_gain_soft,False,uniform_exact_cost__1024,1024,1024,-0.07501384631404018,0.08116545265348596
modular,transformer_publication_20260622T101458Z_modular_seed107,107,fixed_update_scale,1024,2,effective_rank,effective_rank,effective_rank,False,uniform_exact_cost__1024,1024,1024,-0.08500083862308672,0.026014568158168605
modular,transformer_publication_20260622T101458Z_modular_seed107,107,fixed_update_scale,1024,2,soft_dimension,soft_dimension,soft_dimension,True,uniform_exact_cost__1024,1024,1024,-0.08500083862308672,0.026014568158168605
modular,transformer_publication_20260622T101458Z_modular_seed107,107,fixed_update_scale,1024,2,gradient_norm,gradient_norm,gradient_norm,False,uniform_exact_cost__1024,1024,1024,0.00884691026530815,-0.02809573361082207
modular,transformer_publication_20260622T101458Z_modular_seed107,107,fixed_update_scale,1024,2,marginal_gain_edge,marginal_gain_edge,marginal_gain_edge,False,uniform_exact_cost__1024,1024,1024,-0.10995124480478746,0.03329864724245579
modular,transformer_publication_20260622T101458Z_modular_seed107,107,fixed_update_scale,1024,2,marginal_gain_soft,marginal_gain_soft,marginal_gain_soft,False,uniform_exact_cost__1024,1024,1024,0.00884691026530815,-0.02809573361082207
modular,transformer_publication_20260622T101458Z_modular_seed107,107,standard,1024,2,effective_rank,effective_rank,effective_rank,False,uniform_exact_cost__1024,1024,1024,-0.294360709860223,0.07908428720083249
modular,transformer_publication_20260622T101458Z_modular_seed107,107,standard,1024,2,soft_dimension,soft_dimension,soft_dimension,True,uniform_exact_cost__1024,1024,1024,-0.294360709860223,0.07908428720083249
modular,transformer_publication_20260622T101458Z_modular_seed107,107,standard,1024,2,gradient_norm,gradient_norm,gradient_norm,False,uniform_exact_cost__1024,1024,1024,-0.3502479982673812,0.1144640998959417
modular,transformer_publication_20260622T101458Z_modular_seed107,107,standard,1024,2,marginal_gain_edge,marginal_gain_edge,marginal_gain_edge,False,uniform_exact_cost__1024,1024,1024,-0.4872235980167845,0.1279916753381894
modular,transformer_publication_20260622T101458Z_modular_seed107,107,standard,1024,2,marginal_gain_soft,marginal_gain_soft,marginal_gain_soft,False,uniform_exact_cost__1024,1024,1024,-0.3502479982673812,0.1144640998959417
modular,transformer_publication_20260622T101458Z_modular_seed107,107,rslora,1024,2,effective_rank,effective_rank,effective_rank,False,uniform_exact_cost__1024,1024,1024,0.0035682198408366617,-0.0031217481789801993
modular,transformer_publication_20260622T101458Z_modular_seed107,107,rslora,1024,2,soft_dimension,soft_dimension,soft_dimension,True,uniform_exact_cost__1024,1024,1024,0.0035682198408366617,-0.0031217481789801993
modular,transformer_publication_20260622T101458Z_modular_seed107,107,rslora,1024,2,gradient_norm,gradient_norm,gradient_norm,False,uniform_exact_cost__1024,1024,1024,-0.013872619350048243,-0.011446409989594175
modular,transformer_publication_20260622T101458Z_modular_seed107,107,rslora,1024,2,marginal_gain_edge,marginal_gain_edge,marginal_gain_edge,False,uniform_exact_cost__1024,1024,1024,-0.16579981475417238,0.04682622268470349
modular,transformer_publication_20260622T101458Z_modular_seed107,107,rslora,1024,2,marginal_gain_soft,marginal_gain_soft,marginal_gain_soft,False,uniform_exact_cost__1024,1024,1024,-0.013872619350048243,-0.011446409989594175
modular,transformer_publication_20260622T101458Z_modular_seed107,107,fixed_update_scale,1536,0,effective_rank,effective_rank,effective_rank,False,uniform_exact_cost__1536,1536,1536,0.0,0.0
modular,transformer_publication_20260622T101458Z_modular_seed107,107,fixed_update_scale,1536,0,soft_dimension,soft_dimension,soft_dimension,True,uniform_exact_cost__1536,1536,1536,0.0,0.0
modular,transformer_publication_20260622T101458Z_modular_seed107,107,fixed_update_scale,1536,0,gradient_norm,gradient_norm,gradient_norm,False,uniform_exact_cost__1472,1472,1472,-0.06486049080490452,0.030176899063475537
modular,transformer_publication_20260622T101458Z_modular_seed107,107,fixed_update_scale,1536,0,marginal_gain_edge,marginal_gain_edge,marginal_gain_edge,False,uniform_exact_cost__1536,1536,1536,-0.11986225992286126,0.05723204994797093
modular,transformer_publication_20260622T101458Z_modular_seed107,107,fixed_update_scale,1536,0,marginal_gain_soft,marginal_gain_soft,marginal_gain_soft,False,uniform_exact_cost__1536,1536,1536,-0.11986225992286126,0.05723204994797093
modular,transformer_publication_20260622T101458Z_modular_seed107,107,standard,1536,0,effective_rank,effective_rank,effective_rank,False,uniform_exact_cost__1536,1536,1536,0.0,0.0
modular,transformer_publication_20260622T101458Z_modular_seed107,107,standard,1536,0,soft_dimension,soft_dimension,soft_dimension,True,uniform_exact_cost__1536,1536,1536,0.0,0.0
modular,transformer_publication_20260622T101458Z_modular_seed107,107,standard,1536,0,gradient_norm,gradient_norm,gradient_norm,False,uniform_exact_cost__1472,1472,1472,-0.38789930359754055,0.24349635796045777
modular,transformer_publication_20260622T101458Z_modular_seed107,107,standard,1536,0,marginal_gain_edge,marginal_gain_edge,marginal_gain_edge,False,uniform_exact_cost__1536,1536,1536,-2.5686859510195488,0.7148803329864726
modular,transformer_publication_20260622T101458Z_modular_seed107,107,standard,1536,0,marginal_gain_soft,marginal_gain_soft,marginal_gain_soft,False,uniform_exact_cost__1536,1536,1536,-2.5686859510195488,0.7148803329864726
modular,transformer_publication_20260622T101458Z_modular_seed107,107,rslora,1536,0,effective_rank,effective_rank,effective_rank,False,uniform_exact_cost__1536,1536,1536,0.0,0.0
modular,transformer_publication_20260622T101458Z_modular_seed107,107,rslora,1536,0,soft_dimension,soft_dimension,soft_dimension,True,uniform_exact_cost__1536,1536,1536,0.0,0.0
modular,transformer_publication_20260622T101458Z_modular_seed107,107,rslora,1536,0,gradient_norm,gradient_norm,gradient_norm,False,uniform_exact_cost__1472,1472,1472,-0.0424560742001131,0.01664932362122784
modular,transformer_publication_20260622T101458Z_modular_seed107,107,rslora,1536,0,marginal_gain_edge,marginal_gain_edge,marginal_gain_edge,False,uniform_exact_cost__1536,1536,1536,-0.16208826496995588,0.048907388137356955
modular,transformer_publication_20260622T101458Z_modular_seed107,107,rslora,1536,0,marginal_gain_soft,marginal_gain_soft,marginal_gain_soft,False,uniform_exact_cost__1536,1536,1536,-0.16208826496995588,0.048907388137356955
modular,transformer_publication_20260622T101458Z_modular_seed107,107,fixed_update_scale,1536,1,effective_rank,effective_rank,effective_rank,False,uniform_exact_cost__1536,1536,1536,0.0,0.0
modular,transformer_publication_20260622T101458Z_modular_seed107,107,fixed_update_scale,1536,1,soft_dimension,soft_dimension,soft_dimension,True,uniform_exact_cost__1536,1536,1536,0.0,0.0
modular,transformer_publication_20260622T101458Z_modular_seed107,107,fixed_update_scale,1536,1,gradient_norm,gradient_norm,gradient_norm,False,uniform_exact_cost__1472,1472,1472,-0.11742079251762738,0.0457856399583767
modular,transformer_publication_20260622T101458Z_modular_seed107,107,fixed_update_scale,1536,1,marginal_gain_edge,marginal_gain_edge,marginal_gain_edge,False,uniform_exact_cost__1536,1536,1536,-0.13242876659943104,0.054110301768990676
modular,transformer_publication_20260622T101458Z_modular_seed107,107,fixed_update_scale,1536,1,marginal_gain_soft,marginal_gain_soft,marginal_gain_soft,False,uniform_exact_cost__1536,1536,1536,-0.13242876659943104,0.054110301768990676
modular,transformer_publication_20260622T101458Z_modular_seed107,107,standard,1536,1,effective_rank,effective_rank,effective_rank,False,uniform_exact_cost__1536,1536,1536,0.0,0.0
modular,transformer_publication_20260622T101458Z_modular_seed107,107,standard,1536,1,soft_dimension,soft_dimension,soft_dimension,True,uniform_exact_cost__1536,1536,1536,0.0,0.0
modular,transformer_publication_20260622T101458Z_modular_seed107,107,standard,1536,1,gradient_norm,gradient_norm,gradient_norm,False,uniform_exact_cost__1472,1472,1472,-2.3881688576955336,0.631633714880333
modular,transformer_publication_20260622T101458Z_modular_seed107,107,standard,1536,1,marginal_gain_edge,marginal_gain_edge,marginal_gain_edge,False,uniform_exact_cost__1536,1536,1536,-0.16566063214043059,0.0374609781477627
modular,transformer_publication_20260622T101458Z_modular_seed107,107,standard,1536,1,marginal_gain_soft,marginal_gain_soft,marginal_gain_soft,False,uniform_exact_cost__1536,1536,1536,-0.16566063214043059,0.0374609781477627
modular,transformer_publication_20260622T101458Z_modular_seed107,107,rslora,1536,1,effective_rank,effective_rank,effective_rank,False,uniform_exact_cost__1536,1536,1536,0.0,0.0
modular,transformer_publication_20260622T101458Z_modular_seed107,107,rslora,1536,1,soft_dimension,soft_dimension,soft_dimension,True,uniform_exact_cost__1536,1536,1536,0.0,0.0
modular,transformer_publication_20260622T101458Z_modular_seed107,107,rslora,1536,1,gradient_norm,gradient_norm,gradient_norm,False,uniform_exact_cost__1472,1472,1472,-0.08821514965220112,0.05619146722164414
modular,transformer_publication_20260622T101458Z_modular_seed107,107,rslora,1536,1,marginal_gain_edge,marginal_gain_edge,marginal_gain_edge,False,uniform_exact_cost__1536,1536,1536,-0.1307257281133709,0.043704474505723234
modular,transformer_publication_20260622T101458Z_modular_seed107,107,rslora,1536,1,marginal_gain_soft,marginal_gain_soft,marginal_gain_soft,False,uniform_exact_cost__1536,1536,1536,-0.1307257281133709,0.043704474505723234
modular,transformer_publication_20260622T101458Z_modular_seed107,107,fixed_update_scale,1536,2,effective_rank,effective_rank,effective_rank,False,uniform_exact_cost__1536,1536,1536,0.0,0.0
modular,transformer_publication_20260622T101458Z_modular_seed107,107,fixed_update_scale,1536,2,soft_dimension,soft_dimension,soft_dimension,True,uniform_exact_cost__1536,1536,1536,0.0,0.0
modular,transformer_publication_20260622T101458Z_modular_seed107,107,fixed_update_scale,1536,2,gradient_norm,gradient_norm,gradient_norm,False,uniform_exact_cost__1472,1472,1472,0.2895270081141985,-0.13423517169614985
modular,transformer_publication_20260622T101458Z_modular_seed107,107,fixed_update_scale,1536,2,marginal_gain_edge,marginal_gain_edge,marginal_gain_edge,False,uniform_exact_cost__1536,1536,1536,-0.009987243318408834,-0.01664932362122784
modular,transformer_publication_20260622T101458Z_modular_seed107,107,fixed_update_scale,1536,2,marginal_gain_soft,marginal_gain_soft,marginal_gain_soft,False,uniform_exact_cost__1536,1536,1536,-0.009987243318408834,-0.01664932362122784
modular,transformer_publication_20260622T101458Z_modular_seed107,107,standard,1536,2,effective_rank,effective_rank,effective_rank,False,uniform_exact_cost__1536,1536,1536,0.0,0.0
modular,transformer_publication_20260622T101458Z_modular_seed107,107,standard,1536,2,soft_dimension,soft_dimension,soft_dimension,True,uniform_exact_cost__1536,1536,1536,0.0,0.0
modular,transformer_publication_20260622T101458Z_modular_seed107,107,standard,1536,2,gradient_norm,gradient_norm,gradient_norm,False,uniform_exact_cost__1472,1472,1472,-0.20889717408695274,0.07075962539021849
modular,transformer_publication_20260622T101458Z_modular_seed107,107,standard,1536,2,marginal_gain_edge,marginal_gain_edge,marginal_gain_edge,False,uniform_exact_cost__1536,1536,1536,-0.13731832682900302,0.0395421436004163
modular,transformer_publication_20260622T101458Z_modular_seed107,107,standard,1536,2,marginal_gain_soft,marginal_gain_soft,marginal_gain_soft,False,uniform_exact_cost__1536,1536,1536,-0.13731832682900302,0.0395421436004163
modular,transformer_publication_20260622T101458Z_modular_seed107,107,rslora,1536,2,effective_rank,effective_rank,effective_rank,False,uniform_exact_cost__1536,1536,1536,0.0,0.0
modular,transformer_publication_20260622T101458Z_modular_seed107,107,rslora,1536,2,soft_dimension,soft_dimension,soft_dimension,True,uniform_exact_cost__1536,1536,1536,0.0,0.0
modular,transformer_publication_20260622T101458Z_modular_seed107,107,rslora,1536,2,gradient_norm,gradient_norm,gradient_norm,False,uniform_exact_cost__1472,1472,1472,2.107249558964331,-0.5452653485952134
modular,transformer_publication_20260622T101458Z_modular_seed107,107,rslora,1536,2,marginal_gain_edge,marginal_gain_edge,marginal_gain_edge,False,uniform_exact_cost__1536,1536,1536,1.9264704924344274,-0.47866805411030183
modular,transformer_publication_20260622T101458Z_modular_seed107,107,rslora,1536,2,marginal_gain_soft,marginal_gain_soft,marginal_gain_soft,False,uniform_exact_cost__1536,1536,1536,1.9264704924344274,-0.47866805411030183
modular,transformer_publication_20260622T101458Z_modular_seed107,107,fixed_update_scale,2048,0,effective_rank,effective_rank,effective_rank,False,uniform_exact_cost__2048,2048,2048,0.0,0.0
modular,transformer_publication_20260622T101458Z_modular_seed107,107,fixed_update_scale,2048,0,soft_dimension,soft_dimension,soft_dimension,True,uniform_exact_cost__2048,2048,2048,-0.08113486263183856,0.02913631633714886
modular,transformer_publication_20260622T101458Z_modular_seed107,107,fixed_update_scale,2048,0,gradient_norm,gradient_norm,gradient_norm,False,uniform_exact_cost__2048,2048,2048,-0.18164296161371762,0.07492195629552556
modular,transformer_publication_20260622T101458Z_modular_seed107,107,fixed_update_scale,2048,0,marginal_gain_edge,marginal_gain_edge,marginal_gain_edge,False,uniform_exact_cost__2048,2048,2048,-0.4332918197567828,0.18522372528616027
modular,transformer_publication_20260622T101458Z_modular_seed107,107,fixed_update_scale,2048,0,marginal_gain_soft,marginal_gain_soft,marginal_gain_soft,False,uniform_exact_cost__2048,2048,2048,-0.4332918197567828,0.18522372528616027
modular,transformer_publication_20260622T101458Z_modular_seed107,107,standard,2048,0,effective_rank,effective_rank,effective_rank,False,uniform_exact_cost__2048,2048,2048,0.0,0.0
modular,transformer_publication_20260622T101458Z_modular_seed107,107,standard,2048,0,soft_dimension,soft_dimension,soft_dimension,True,uniform_exact_cost__2048,2048,2048,-1.807572721008456,0.5504682622268471
modular,transformer_publication_20260622T101458Z_modular_seed107,107,standard,2048,0,gradient_norm,gradient_norm,gradient_norm,False,uniform_exact_cost__2048,2048,2048,-2.0686586695208637,0.6815816857440167
modular,transformer_publication_20260622T101458Z_modular_seed107,107,standard,2048,0,marginal_gain_edge,marginal_gain_edge,marginal_gain_edge,False,uniform_exact_cost__2048,2048,2048,-2.382629727473741,0.8022892819979189
modular,transformer_publication_20260622T101458Z_modular_seed107,107,standard,2048,0,marginal_gain_soft,marginal_gain_soft,marginal_gain_soft,False,uniform_exact_cost__2048,2048,2048,-2.382629727473741,0.8022892819979189
modular,transformer_publication_20260622T101458Z_modular_seed107,107,rslora,2048,0,effective_rank,effective_rank,effective_rank,False,uniform_exact_cost__2048,2048,2048,0.0,0.0
modular,transformer_publication_20260622T101458Z_modular_seed107,107,rslora,2048,0,soft_dimension,soft_dimension,soft_dimension,True,uniform_exact_cost__2048,2048,2048,0.0017570975419758383,-0.019771071800208095
modular,transformer_publication_20260622T101458Z_modular_seed107,107,rslora,2048,0,gradient_norm,gradient_norm,gradient_norm,False,uniform_exact_cost__2048,2048,2048,-0.07065015547481457,0.01664932362122784
modular,transformer_publication_20260622T101458Z_modular_seed107,107,rslora,2048,0,marginal_gain_edge,marginal_gain_edge,marginal_gain_edge,False,uniform_exact_cost__2048,2048,2048,-0.3290513912671315,0.1238293444328824
modular,transformer_publication_20260622T101458Z_modular_seed107,107,rslora,2048,0,marginal_gain_soft,marginal_gain_soft,marginal_gain_soft,False,uniform_exact_cost__2048,2048,2048,-0.3290513912671315,0.1238293444328824
modular,transformer_publication_20260622T101458Z_modular_seed107,107,fixed_update_scale,2048,1,effective_rank,effective_rank,effective_rank,False,uniform_exact_cost__2048,2048,2048,0.0,0.0
modular,transformer_publication_20260622T101458Z_modular_seed107,107,fixed_update_scale,2048,1,soft_dimension,soft_dimension,soft_dimension,True,uniform_exact_cost__2048,2048,2048,-0.0804297107191414,0.04682622268470349
modular,transformer_publication_20260622T101458Z_modular_seed107,107,fixed_update_scale,2048,1,gradient_norm,gradient_norm,gradient_norm,False,uniform_exact_cost__2048,2048,2048,-0.052529181017463844,0.0395421436004163
modular,transformer_publication_20260622T101458Z_modular_seed107,107,fixed_update_scale,2048,1,marginal_gain_edge,marginal_gain_edge,marginal_gain_edge,False,uniform_exact_cost__2048,2048,2048,-0.5370848069081818,0.2622268470343394
modular,transformer_publication_20260622T101458Z_modular_seed107,107,fixed_update_scale,2048,1,marginal_gain_soft,marginal_gain_soft,marginal_gain_soft,False,uniform_exact_cost__2048,2048,2048,-0.5370848069081818,0.2622268470343394
modular,transformer_publication_20260622T101458Z_modular_seed107,107,standard,2048,1,effective_rank,effective_rank,effective_rank,False,uniform_exact_cost__2048,2048,2048,0.0,0.0
modular,transformer_publication_20260622T101458Z_modular_seed107,107,standard,2048,1,soft_dimension,soft_dimension,soft_dimension,True,uniform_exact_cost__2048,2048,2048,-0.10998484948175169,0.0655567117585848
modular,transformer_publication_20260622T101458Z_modular_seed107,107,standard,2048,1,gradient_norm,gradient_norm,gradient_norm,False,uniform_exact_cost__2048,2048,2048,-0.12194609735064188,0.0593132154006244
modular,transformer_publication_20260622T101458Z_modular_seed107,107,standard,2048,1,marginal_gain_edge,marginal_gain_edge,marginal_gain_edge,False,uniform_exact_cost__2048,2048,2048,-0.4867610115476506,0.27055150884495316
modular,transformer_publication_20260622T101458Z_modular_seed107,107,standard,2048,1,marginal_gain_soft,marginal_gain_soft,marginal_gain_soft,False,uniform_exact_cost__2048,2048,2048,-0.4867610115476506,0.27055150884495316
modular,transformer_publication_20260622T101458Z_modular_seed107,107,rslora,2048,1,effective_rank,effective_rank,effective_rank,False,uniform_exact_cost__2048,2048,2048,0.0,0.0
modular,transformer_publication_20260622T101458Z_modular_seed107,107,rslora,2048,1,soft_dimension,soft_dimension,soft_dimension,True,uniform_exact_cost__2048,2048,2048,0.013527829056599883,0.0
modular,transformer_publication_20260622T101458Z_modular_seed107,107,rslora,2048,1,gradient_norm,gradient_norm,gradient_norm,False,uniform_exact_cost__2048,2048,2048,0.046995494789933256,-0.032258064516129004
modular,transformer_publication_20260622T101458Z_modular_seed107,107,rslora,2048,1,marginal_gain_edge,marginal_gain_edge,marginal_gain_edge,False,uniform_exact_cost__2048,2048,2048,-0.38064595551446134,0.19354838709677435
modular,transformer_publication_20260622T101458Z_modular_seed107,107,rslora,2048,1,marginal_gain_soft,marginal_gain_soft,marginal_gain_soft,False,uniform_exact_cost__2048,2048,2048,-0.38064595551446134,0.19354838709677435
modular,transformer_publication_20260622T101458Z_modular_seed107,107,fixed_update_scale,2048,2,effective_rank,effective_rank,effective_rank,False,uniform_exact_cost__2048,2048,2048,0.0,0.0
modular,transformer_publication_20260622T101458Z_modular_seed107,107,fixed_update_scale,2048,2,soft_dimension,soft_dimension,soft_dimension,True,uniform_exact_cost__2048,2048,2048,-0.0019503039822493795,0.005202913631633721
modular,transformer_publication_20260622T101458Z_modular_seed107,107,fixed_update_scale,2048,2,gradient_norm,gradient_norm,gradient_norm,False,uniform_exact_cost__2048,2048,2048,2.4298239255422858,-0.708636836628512
modular,transformer_publication_20260622T101458Z_modular_seed107,107,fixed_update_scale,2048,2,marginal_gain_edge,marginal_gain_edge,marginal_gain_edge,False,uniform_exact_cost__2048,2048,2048,-0.3898264955531547,0.1446409989594173
modular,transformer_publication_20260622T101458Z_modular_seed107,107,fixed_update_scale,2048,2,marginal_gain_soft,marginal_gain_soft,marginal_gain_soft,False,uniform_exact_cost__2048,2048,2048,-0.3898264955531547,0.1446409989594173
modular,transformer_publication_20260622T101458Z_modular_seed107,107,standard,2048,2,effective_rank,effective_rank,effective_rank,False,uniform_exact_cost__2048,2048,2048,0.0,0.0
modular,transformer_publication_20260622T101458Z_modular_seed107,107,standard,2048,2,soft_dimension,soft_dimension,soft_dimension,True,uniform_exact_cost__2048,2048,2048,0.03602866656326231,-0.032258064516129004
modular,transformer_publication_20260622T101458Z_modular_seed107,107,standard,2048,2,gradient_norm,gradient_norm,gradient_norm,False,uniform_exact_cost__2048,2048,2048,2.3504178286467083,-0.6857440166493236
modular,transformer_publication_20260622T101458Z_modular_seed107,107,standard,2048,2,marginal_gain_edge,marginal_gain_edge,marginal_gain_edge,False,uniform_exact_cost__2048,2048,2048,1.5426021379561128,-0.5525494276795005
modular,transformer_publication_20260622T101458Z_modular_seed107,107,standard,2048,2,marginal_gain_soft,marginal_gain_soft,marginal_gain_soft,False,uniform_exact_cost__2048,2048,2048,1.5426021379561128,-0.5525494276795005
modular,transformer_publication_20260622T101458Z_modular_seed107,107,rslora,2048,2,effective_rank,effective_rank,effective_rank,False,uniform_exact_cost__2048,2048,2048,0.0,0.0
modular,transformer_publication_20260622T101458Z_modular_seed107,107,rslora,2048,2,soft_dimension,soft_dimension,soft_dimension,True,uniform_exact_cost__2048,2048,2048,-0.05499188405045852,0.00624349635796051
modular,transformer_publication_20260622T101458Z_modular_seed107,107,rslora,2048,2,gradient_norm,gradient_norm,gradient_norm,False,uniform_exact_cost__2048,2048,2048,2.2919997935736713,-0.676378772112383
modular,transformer_publication_20260622T101458Z_modular_seed107,107,rslora,2048,2,marginal_gain_edge,marginal_gain_edge,marginal_gain_edge,False,uniform_exact_cost__2048,2048,2048,-0.46765017680025245,0.170655567117586
modular,transformer_publication_20260622T101458Z_modular_seed107,107,rslora,2048,2,marginal_gain_soft,marginal_gain_soft,marginal_gain_soft,False,uniform_exact_cost__2048,2048,2048,-0.46765017680025245,0.170655567117586
modular,transformer_publication_20260622T101458Z_modular_seed107,107,fixed_update_scale,3072,0,effective_rank,effective_rank,effective_rank,False,uniform_exact_cost__3072,3072,3072,0.0,0.0
modular,transformer_publication_20260622T101458Z_modular_seed107,107,fixed_update_scale,3072,0,soft_dimension,soft_dimension,soft_dimension,True,uniform_exact_cost__3072,3072,3072,0.0,0.0
modular,transformer_publication_20260622T101458Z_modular_seed107,107,fixed_update_scale,3072,0,gradient_norm,gradient_norm,gradient_norm,False,uniform_exact_cost__3072,3072,3072,0.038350590589019184,-0.008324661810613976
modular,transformer_publication_20260622T101458Z_modular_seed107,107,fixed_update_scale,3072,0,marginal_gain_edge,marginal_gain_edge,marginal_gain_edge,False,uniform_exact_cost__3072,3072,3072,-0.03780437509735721,0.004162330905306932
modular,transformer_publication_20260622T101458Z_modular_seed107,107,fixed_update_scale,3072,0,marginal_gain_soft,marginal_gain_soft,marginal_gain_soft,False,uniform_exact_cost__3072,3072,3072,-0.02137057822775279,0.004162330905306932
modular,transformer_publication_20260622T101458Z_modular_seed107,107,standard,3072,0,effective_rank,effective_rank,effective_rank,False,uniform_exact_cost__3072,3072,3072,0.0,0.0
modular,transformer_publication_20260622T101458Z_modular_seed107,107,standard,3072,0,soft_dimension,soft_dimension,soft_dimension,True,uniform_exact_cost__3072,3072,3072,0.0,0.0
modular,transformer_publication_20260622T101458Z_modular_seed107,107,standard,3072,0,gradient_norm,gradient_norm,gradient_norm,False,uniform_exact_cost__3072,3072,3072,-0.06224840569322493,0.004162330905306932
modular,transformer_publication_20260622T101458Z_modular_seed107,107,standard,3072,0,marginal_gain_edge,marginal_gain_edge,marginal_gain_edge,False,uniform_exact_cost__3072,3072,3072,-0.029877754205471507,0.008324661810613976
modular,transformer_publication_20260622T101458Z_modular_seed107,107,standard,3072,0,marginal_gain_soft,marginal_gain_soft,marginal_gain_soft,False,uniform_exact_cost__3072,3072,3072,-0.11260246163724491,0.02913631633714875
modular,transformer_publication_20260622T101458Z_modular_seed107,107,rslora,3072,0,effective_rank,effective_rank,effective_rank,False,uniform_exact_cost__3072,3072,3072,0.0,0.0
modular,transformer_publication_20260622T101458Z_modular_seed107,107,rslora,3072,0,soft_dimension,soft_dimension,soft_dimension,True,uniform_exact_cost__3072,3072,3072,0.0,0.0
modular,transformer_publication_20260622T101458Z_modular_seed107,107,rslora,3072,0,gradient_norm,gradient_norm,gradient_norm,False,uniform_exact_cost__3072,3072,3072,0.03126770056373257,-0.013527575442247586
modular,transformer_publication_20260622T101458Z_modular_seed107,107,rslora,3072,0,marginal_gain_edge,marginal_gain_edge,marginal_gain_edge,False,uniform_exact_cost__3072,3072,3072,-0.013933051358152426,0.003121748178980255
modular,transformer_publication_20260622T101458Z_modular_seed107,107,rslora,3072,0,marginal_gain_soft,marginal_gain_soft,marginal_gain_soft,False,uniform_exact_cost__3072,3072,3072,-0.023814812721248413,0.005202913631633832
modular,transformer_publication_20260622T101458Z_modular_seed107,107,fixed_update_scale,3072,1,effective_rank,effective_rank,effective_rank,False,uniform_exact_cost__3072,3072,3072,0.0,0.0
modular,transformer_publication_20260622T101458Z_modular_seed107,107,fixed_update_scale,3072,1,soft_dimension,soft_dimension,soft_dimension,True,uniform_exact_cost__3072,3072,3072,0.0,0.0
modular,transformer_publication_20260622T101458Z_modular_seed107,107,fixed_update_scale,3072,1,gradient_norm,gradient_norm,gradient_norm,False,uniform_exact_cost__3072,3072,3072,0.06148885061788012,-0.014568158168574374
modular,transformer_publication_20260622T101458Z_modular_seed107,107,fixed_update_scale,3072,1,marginal_gain_edge,marginal_gain_edge,marginal_gain_edge,False,uniform_exact_cost__3072,3072,3072,-0.05746275685828378,0.01040582726326722
modular,transformer_publication_20260622T101458Z_modular_seed107,107,fixed_update_scale,3072,1,marginal_gain_soft,marginal_gain_soft,marginal_gain_soft,False,uniform_exact_cost__3072,3072,3072,-0.04669776960478608,0.006243496357960399
modular,transformer_publication_20260622T101458Z_modular_seed107,107,standard,3072,1,effective_rank,effective_rank,effective_rank,False,uniform_exact_cost__3072,3072,3072,0.0,0.0
modular,transformer_publication_20260622T101458Z_modular_seed107,107,standard,3072,1,soft_dimension,soft_dimension,soft_dimension,True,uniform_exact_cost__3072,3072,3072,0.0,0.0
modular,transformer_publication_20260622T101458Z_modular_seed107,107,standard,3072,1,gradient_norm,gradient_norm,gradient_norm,False,uniform_exact_cost__3072,3072,3072,-2.7464383825365144,0.8595213319458899
modular,transformer_publication_20260622T101458Z_modular_seed107,107,standard,3072,1,marginal_gain_edge,marginal_gain_edge,marginal_gain_edge,False,uniform_exact_cost__3072,3072,3072,-2.344842290965129,0.6586888657648283
modular,transformer_publication_20260622T101458Z_modular_seed107,107,standard,3072,1,marginal_gain_soft,marginal_gain_soft,marginal_gain_soft,False,uniform_exact_cost__3072,3072,3072,-2.7803909902021866,0.8772112382934443
modular,transformer_publication_20260622T101458Z_modular_seed107,107,rslora,3072,1,effective_rank,effective_rank,effective_rank,False,uniform_exact_cost__3072,3072,3072,0.0,0.0
modular,transformer_publication_20260622T101458Z_modular_seed107,107,rslora,3072,1,soft_dimension,soft_dimension,soft_dimension,True,uniform_exact_cost__3072,3072,3072,0.0,0.0
modular,transformer_publication_20260622T101458Z_modular_seed107,107,rslora,3072,1,gradient_norm,gradient_norm,gradient_norm,False,uniform_exact_cost__3072,3072,3072,0.0985845547250852,-0.04370447450572312
modular,transformer_publication_20260622T101458Z_modular_seed107,107,rslora,3072,1,marginal_gain_edge,marginal_gain_edge,marginal_gain_edge,False,uniform_exact_cost__3072,3072,3072,0.007781109719321,-0.010405827263267109
modular,transformer_publication_20260622T101458Z_modular_seed107,107,rslora,3072,1,marginal_gain_soft,marginal_gain_soft,marginal_gain_soft,False,uniform_exact_cost__3072,3072,3072,-0.02757358281222888,-0.0010405827263265666
modular,transformer_publication_20260622T101458Z_modular_seed107,107,fixed_update_scale,3072,2,effective_rank,effective_rank,effective_rank,False,uniform_exact_cost__3072,3072,3072,0.0,0.0
modular,transformer_publication_20260622T101458Z_modular_seed107,107,fixed_update_scale,3072,2,soft_dimension,soft_dimension,soft_dimension,True,uniform_exact_cost__3072,3072,3072,0.0,0.0
modular,transformer_publication_20260622T101458Z_modular_seed107,107,fixed_update_scale,3072,2,gradient_norm,gradient_norm,gradient_norm,False,uniform_exact_cost__3072,3072,3072,0.02291359415163491,-0.01144640998959412
modular,transformer_publication_20260622T101458Z_modular_seed107,107,fixed_update_scale,3072,2,marginal_gain_edge,marginal_gain_edge,marginal_gain_edge,False,uniform_exact_cost__3072,3072,3072,-0.010734463519533999,0.005202913631633832
modular,transformer_publication_20260622T101458Z_modular_seed107,107,fixed_update_scale,3072,2,marginal_gain_soft,marginal_gain_soft,marginal_gain_soft,False,uniform_exact_cost__3072,3072,3072,-0.011142826260190586,0.0
modular,transformer_publication_20260622T101458Z_modular_seed107,107,standard,3072,2,effective_rank,effective_rank,effective_rank,False,uniform_exact_cost__3072,3072,3072,0.0,0.0
modular,transformer_publication_20260622T101458Z_modular_seed107,107,standard,3072,2,soft_dimension,soft_dimension,soft_dimension,True,uniform_exact_cost__3072,3072,3072,0.0,0.0
modular,transformer_publication_20260622T101458Z_modular_seed107,107,standard,3072,2,gradient_norm,gradient_norm,gradient_norm,False,uniform_exact_cost__3072,3072,3072,-0.21407708007760895,0.0707596253902184
modular,transformer_publication_20260622T101458Z_modular_seed107,107,standard,3072,2,marginal_gain_edge,marginal_gain_edge,marginal_gain_edge,False,uniform_exact_cost__3072,3072,3072,-0.11434378590469674,0.042663891779396446
modular,transformer_publication_20260622T101458Z_modular_seed107,107,standard,3072,2,marginal_gain_soft,marginal_gain_soft,marginal_gain_soft,False,uniform_exact_cost__3072,3072,3072,-0.31307553224707496,0.10405827263267442
modular,transformer_publication_20260622T101458Z_modular_seed107,107,rslora,3072,2,effective_rank,effective_rank,effective_rank,False,uniform_exact_cost__3072,3072,3072,0.0,0.0
modular,transformer_publication_20260622T101458Z_modular_seed107,107,rslora,3072,2,soft_dimension,soft_dimension,soft_dimension,True,uniform_exact_cost__3072,3072,3072,0.0,0.0
modular,transformer_publication_20260622T101458Z_modular_seed107,107,rslora,3072,2,gradient_norm,gradient_norm,gradient_norm,False,uniform_exact_cost__3072,3072,3072,0.03700876344503151,-0.01144640998959423
modular,transformer_publication_20260622T101458Z_modular_seed107,107,rslora,3072,2,marginal_gain_edge,marginal_gain_edge,marginal_gain_edge,False,uniform_exact_cost__3072,3072,3072,-0.03964814835234809,0.014568158168574596
modular,transformer_publication_20260622T101458Z_modular_seed107,107,rslora,3072,2,marginal_gain_soft,marginal_gain_soft,marginal_gain_soft,False,uniform_exact_cost__3072,3072,3072,-0.05788337058629009,0.009365244536940764
modular,transformer_publication_20260622T101458Z_modular_seed107,107,fixed_update_scale,4096,0,effective_rank,effective_rank,effective_rank,False,uniform_exact_cost__4096,4096,4096,0.0,0.0
modular,transformer_publication_20260622T101458Z_modular_seed107,107,fixed_update_scale,4096,0,soft_dimension,soft_dimension,soft_dimension,True,uniform_exact_cost__4096,4096,4096,-0.05789408342027022,0.01248699271592102
modular,transformer_publication_20260622T101458Z_modular_seed107,107,fixed_update_scale,4096,0,gradient_norm,gradient_norm,gradient_norm,False,uniform_exact_cost__4096,4096,4096,0.9849357809968347,-0.36420395421436014
modular,transformer_publication_20260622T101458Z_modular_seed107,107,fixed_update_scale,4096,0,marginal_gain_edge,marginal_gain_edge,marginal_gain_edge,False,uniform_exact_cost__4096,4096,4096,0.13973576125071518,-0.04266389177939656
modular,transformer_publication_20260622T101458Z_modular_seed107,107,fixed_update_scale,4096,0,marginal_gain_soft,marginal_gain_soft,marginal_gain_soft,False,uniform_exact_cost__4096,4096,4096,0.9849357809968347,-0.36420395421436014
modular,transformer_publication_20260622T101458Z_modular_seed107,107,standard,4096,0,effective_rank,effective_rank,effective_rank,False,uniform_exact_cost__4096,4096,4096,0.0,0.0
modular,transformer_publication_20260622T101458Z_modular_seed107,107,standard,4096,0,soft_dimension,soft_dimension,soft_dimension,True,uniform_exact_cost__4096,4096,4096,-0.11889856498645818,0.042663891779396335
modular,transformer_publication_20260622T101458Z_modular_seed107,107,standard,4096,0,gradient_norm,gradient_norm,gradient_norm,False,uniform_exact_cost__4096,4096,4096,-0.1623436366668229,0.054110301768990565
modular,transformer_publication_20260622T101458Z_modular_seed107,107,standard,4096,0,marginal_gain_edge,marginal_gain_edge,marginal_gain_edge,False,uniform_exact_cost__4096,4096,4096,0.08684886463226815,-0.0395421436004163
modular,transformer_publication_20260622T101458Z_modular_seed107,107,standard,4096,0,marginal_gain_soft,marginal_gain_soft,marginal_gain_soft,False,uniform_exact_cost__4096,4096,4096,-0.1623436366668229,0.054110301768990565
modular,transformer_publication_20260622T101458Z_modular_seed107,107,rslora,4096,0,effective_rank,effective_rank,effective_rank,False,uniform_exact_cost__4096,4096,4096,0.0,0.0
modular,transformer_publication_20260622T101458Z_modular_seed107,107,rslora,4096,0,soft_dimension,soft_dimension,soft_dimension,True,uniform_exact_cost__4096,4096,4096,-0.06632227488598644,0.020811654526534995
modular,transformer_publication_20260622T101458Z_modular_seed107,107,rslora,4096,0,gradient_norm,gradient_norm,gradient_norm,False,uniform_exact_cost__4096,4096,4096,0.032873843574623085,-0.02185223725286156
modular,transformer_publication_20260622T101458Z_modular_seed107,107,rslora,4096,0,marginal_gain_edge,marginal_gain_edge,marginal_gain_edge,False,uniform_exact_cost__4096,4096,4096,0.12932444654567926,-0.024973985431841594
modular,transformer_publication_20260622T101458Z_modular_seed107,107,rslora,4096,0,marginal_gain_soft,marginal_gain_soft,marginal_gain_soft,False,uniform_exact_cost__4096,4096,4096,0.032873843574623085,-0.02185223725286156
modular,transformer_publication_20260622T101458Z_modular_seed107,107,fixed_update_scale,4096,1,effective_rank,effective_rank,effective_rank,False,uniform_exact_cost__4096,4096,4096,0.0,0.0
modular,transformer_publication_20260622T101458Z_modular_seed107,107,fixed_update_scale,4096,1,soft_dimension,soft_dimension,soft_dimension,True,uniform_exact_cost__4096,4096,4096,0.0007568382416753838,0.0
modular,transformer_publication_20260622T101458Z_modular_seed107,107,fixed_update_scale,4096,1,gradient_norm,gradient_norm,gradient_norm,False,uniform_exact_cost__4096,4096,4096,-0.02554063029145351,0.0
modular,transformer_publication_20260622T101458Z_modular_seed107,107,fixed_update_scale,4096,1,marginal_gain_edge,marginal_gain_edge,marginal_gain_edge,False,uniform_exact_cost__4096,4096,4096,-0.02610334954016172,0.009365244536940653
modular,transformer_publication_20260622T101458Z_modular_seed107,107,fixed_update_scale,4096,1,marginal_gain_soft,marginal_gain_soft,marginal_gain_soft,False,uniform_exact_cost__4096,4096,4096,-0.02554063029145351,0.0
modular,transformer_publication_20260622T101458Z_modular_seed107,107,standard,4096,1,effective_rank,effective_rank,effective_rank,False,uniform_exact_cost__4096,4096,4096,0.0,0.0
modular,transformer_publication_20260622T101458Z_modular_seed107,107,standard,4096,1,soft_dimension,soft_dimension,soft_dimension,True,uniform_exact_cost__4096,4096,4096,-0.04402252600666878,0.006243496357960621
modular,transformer_publication_20260622T101458Z_modular_seed107,107,standard,4096,1,gradient_norm,gradient_norm,gradient_norm,False,uniform_exact_cost__4096,4096,4096,-0.067741283253378,0.008324661810614087
modular,transformer_publication_20260622T101458Z_modular_seed107,107,standard,4096,1,marginal_gain_edge,marginal_gain_edge,marginal_gain_edge,False,uniform_exact_cost__4096,4096,4096,-0.04794608422484278,0.0020811654526536882
modular,transformer_publication_20260622T101458Z_modular_seed107,107,standard,4096,1,marginal_gain_soft,marginal_gain_soft,marginal_gain_soft,False,uniform_exact_cost__4096,4096,4096,-0.067741283253378,0.008324661810614087
modular,transformer_publication_20260622T101458Z_modular_seed107,107,rslora,4096,1,effective_rank,effective_rank,effective_rank,False,uniform_exact_cost__4096,4096,4096,0.0,0.0
modular,transformer_publication_20260622T101458Z_modular_seed107,107,rslora,4096,1,soft_dimension,soft_dimension,soft_dimension,True,uniform_exact_cost__4096,4096,4096,0.006218466779816079,0.0
modular,transformer_publication_20260622T101458Z_modular_seed107,107,rslora,4096,1,gradient_norm,gradient_norm,gradient_norm,False,uniform_exact_cost__4096,4096,4096,-0.03922413881872,0.007284079084287187
modular,transformer_publication_20260622T101458Z_modular_seed107,107,rslora,4096,1,marginal_gain_edge,marginal_gain_edge,marginal_gain_edge,False,uniform_exact_cost__4096,4096,4096,-0.000826278536674524,-0.0041623309053072655
modular,transformer_publication_20260622T101458Z_modular_seed107,107,rslora,4096,1,marginal_gain_soft,marginal_gain_soft,marginal_gain_soft,False,uniform_exact_cost__4096,4096,4096,-0.03922413881872,0.007284079084287187
modular,transformer_publication_20260622T101458Z_modular_seed107,107,fixed_update_scale,4096,2,effective_rank,effective_rank,effective_rank,False,uniform_exact_cost__4096,4096,4096,0.0,0.0
modular,transformer_publication_20260622T101458Z_modular_seed107,107,fixed_update_scale,4096,2,soft_dimension,soft_dimension,soft_dimension,True,uniform_exact_cost__4096,4096,4096,-0.028269753480304916,0.020811654526534995
modular,transformer_publication_20260622T101458Z_modular_seed107,107,fixed_update_scale,4096,2,gradient_norm,gradient_norm,gradient_norm,False,uniform_exact_cost__4096,4096,4096,-0.025308778457165226,0.009365244536940875
modular,transformer_publication_20260622T101458Z_modular_seed107,107,fixed_update_scale,4096,2,marginal_gain_edge,marginal_gain_edge,marginal_gain_edge,False,uniform_exact_cost__4096,4096,4096,-0.0565446201056769,0.02497398543184204
modular,transformer_publication_20260622T101458Z_modular_seed107,107,fixed_update_scale,4096,2,marginal_gain_soft,marginal_gain_soft,marginal_gain_soft,False,uniform_exact_cost__4096,4096,4096,-0.025308778457165226,0.009365244536940875
modular,transformer_publication_20260622T101458Z_modular_seed107,107,standard,4096,2,effective_rank,effective_rank,effective_rank,False,uniform_exact_cost__4096,4096,4096,0.0,0.0
modular,transformer_publication_20260622T101458Z_modular_seed107,107,standard,4096,2,soft_dimension,soft_dimension,soft_dimension,True,uniform_exact_cost__4096,4096,4096,-0.15451471871937716,0.03537981269510915
modular,transformer_publication_20260622T101458Z_modular_seed107,107,standard,4096,2,gradient_norm,gradient_norm,gradient_norm,False,uniform_exact_cost__4096,4096,4096,-0.09299111443801428,0.02809573361082196
modular,transformer_publication_20260622T101458Z_modular_seed107,107,standard,4096,2,marginal_gain_edge,marginal_gain_edge,marginal_gain_edge,False,uniform_exact_cost__4096,4096,4096,-0.08673888727107726,0.03225806451612878
modular,transformer_publication_20260622T101458Z_modular_seed107,107,standard,4096,2,marginal_gain_soft,marginal_gain_soft,marginal_gain_soft,False,uniform_exact_cost__4096,4096,4096,-0.09299111443801428,0.02809573361082196
modular,transformer_publication_20260622T101458Z_modular_seed107,107,rslora,4096,2,effective_rank,effective_rank,effective_rank,False,uniform_exact_cost__4096,4096,4096,0.0,0.0
modular,transformer_publication_20260622T101458Z_modular_seed107,107,rslora,4096,2,soft_dimension,soft_dimension,soft_dimension,True,uniform_exact_cost__4096,4096,4096,-0.08084408397729143,0.020811654526534995
modular,transformer_publication_20260622T101458Z_modular_seed107,107,rslora,4096,2,gradient_norm,gradient_norm,gradient_norm,False,uniform_exact_cost__4096,4096,4096,0.1637343160505721,-0.05098855359001031
modular,transformer_publication_20260622T101458Z_modular_seed107,107,rslora,4096,2,marginal_gain_edge,marginal_gain_edge,marginal_gain_edge,False,uniform_exact_cost__4096,4096,4096,-0.08907312599788972,0.02497398543184204
modular,transformer_publication_20260622T101458Z_modular_seed107,107,rslora,4096,2,marginal_gain_soft,marginal_gain_soft,marginal_gain_soft,False,uniform_exact_cost__4096,4096,4096,0.1637343160505721,-0.05098855359001031
modular,transformer_publication_20260622T101458Z_modular_seed109,109,fixed_update_scale,512,0,effective_rank,effective_rank,effective_rank,False,uniform_exact_cost__512,512,512,0.48151142217614273,-0.15192507804370448
modular,transformer_publication_20260622T101458Z_modular_seed109,109,fixed_update_scale,512,0,soft_dimension,soft_dimension,soft_dimension,True,uniform_exact_cost__512,512,512,0.48151142217614273,-0.15192507804370448
modular,transformer_publication_20260622T101458Z_modular_seed109,109,fixed_update_scale,512,0,gradient_norm,gradient_norm,gradient_norm,False,uniform_exact_cost__512,512,512,0.7700105358485008,-0.24661810613943808
modular,transformer_publication_20260622T101458Z_modular_seed109,109,fixed_update_scale,512,0,marginal_gain_edge,marginal_gain_edge,marginal_gain_edge,False,uniform_exact_cost__448,448,448,0.46457337762513085,-0.11862643080124868
modular,transformer_publication_20260622T101458Z_modular_seed109,109,fixed_update_scale,512,0,marginal_gain_soft,marginal_gain_soft,marginal_gain_soft,False,uniform_exact_cost__448,448,448,0.46457337762513085,-0.11862643080124868
modular,transformer_publication_20260622T101458Z_modular_seed109,109,standard,512,0,effective_rank,effective_rank,effective_rank,False,uniform_exact_cost__512,512,512,0.47685431999917083,-0.11238293444328823
modular,transformer_publication_20260622T101458Z_modular_seed109,109,standard,512,0,soft_dimension,soft_dimension,soft_dimension,True,uniform_exact_cost__512,512,512,0.47685431999917083,-0.11238293444328823
modular,transformer_publication_20260622T101458Z_modular_seed109,109,standard,512,0,gradient_norm,gradient_norm,gradient_norm,False,uniform_exact_cost__512,512,512,0.6861986016135557,-0.18106139438085322
modular,transformer_publication_20260622T101458Z_modular_seed109,109,standard,512,0,marginal_gain_edge,marginal_gain_edge,marginal_gain_edge,False,uniform_exact_cost__448,448,448,-0.04184456347923016,0.016649323621227896
modular,transformer_publication_20260622T101458Z_modular_seed109,109,standard,512,0,marginal_gain_soft,marginal_gain_soft,marginal_gain_soft,False,uniform_exact_cost__448,448,448,-0.04184456347923016,0.016649323621227896
modular,transformer_publication_20260622T101458Z_modular_seed109,109,rslora,512,0,effective_rank,effective_rank,effective_rank,False,uniform_exact_cost__512,512,512,0.39131271243715626,-0.13111342351716965
modular,transformer_publication_20260622T101458Z_modular_seed109,109,rslora,512,0,soft_dimension,soft_dimension,soft_dimension,True,uniform_exact_cost__512,512,512,0.39131271243715626,-0.13111342351716965
modular,transformer_publication_20260622T101458Z_modular_seed109,109,rslora,512,0,gradient_norm,gradient_norm,gradient_norm,False,uniform_exact_cost__512,512,512,0.6494418300773555,-0.20603537981269515
modular,transformer_publication_20260622T101458Z_modular_seed109,109,rslora,512,0,marginal_gain_edge,marginal_gain_edge,marginal_gain_edge,False,uniform_exact_cost__448,448,448,0.6281919318108851,-0.1436004162330905
modular,transformer_publication_20260622T101458Z_modular_seed109,109,rslora,512,0,marginal_gain_soft,marginal_gain_soft,marginal_gain_soft,False,uniform_exact_cost__448,448,448,0.6281919318108851,-0.1436004162330905
modular,transformer_publication_20260622T101458Z_modular_seed109,109,fixed_update_scale,512,1,effective_rank,effective_rank,effective_rank,False,uniform_exact_cost__512,512,512,0.34082236349520656,-0.09781477627471385
modular,transformer_publication_20260622T101458Z_modular_seed109,109,fixed_update_scale,512,1,soft_dimension,soft_dimension,soft_dimension,True,uniform_exact_cost__512,512,512,0.34082236349520656,-0.09781477627471385
modular,transformer_publication_20260622T101458Z_modular_seed109,109,fixed_update_scale,512,1,gradient_norm,gradient_norm,gradient_norm,False,uniform_exact_cost__512,512,512,0.9793354517215249,-0.25390218522372526
modular,transformer_publication_20260622T101458Z_modular_seed109,109,fixed_update_scale,512,1,marginal_gain_edge,marginal_gain_edge,marginal_gain_edge,False,uniform_exact_cost__448,448,448,0.5304556882840419,-0.1831425598335068
modular,transformer_publication_20260622T101458Z_modular_seed109,109,fixed_update_scale,512,1,marginal_gain_soft,marginal_gain_soft,marginal_gain_soft,False,uniform_exact_cost__448,448,448,0.5304556882840419,-0.1831425598335068
modular,transformer_publication_20260622T101458Z_modular_seed109,109,standard,512,1,effective_rank,effective_rank,effective_rank,False,uniform_exact_cost__512,512,512,0.3625913254304187,-0.10197710718002084
modular,transformer_publication_20260622T101458Z_modular_seed109,109,standard,512,1,soft_dimension,soft_dimension,soft_dimension,True,uniform_exact_cost__512,512,512,0.3625913254304187,-0.10197710718002084
modular,transformer_publication_20260622T101458Z_modular_seed109,109,standard,512,1,gradient_norm,gradient_norm,gradient_norm,False,uniform_exact_cost__512,512,512,0.8302497425883171,-0.21227887617065566
modular,transformer_publication_20260622T101458Z_modular_seed109,109,standard,512,1,marginal_gain_edge,marginal_gain_edge,marginal_gain_edge,False,uniform_exact_cost__448,448,448,0.4646091187037489,-0.1238293444328824
modular,transformer_publication_20260622T101458Z_modular_seed109,109,standard,512,1,marginal_gain_soft,marginal_gain_soft,marginal_gain_soft,False,uniform_exact_cost__448,448,448,0.4646091187037489,-0.1238293444328824
modular,transformer_publication_20260622T101458Z_modular_seed109,109,rslora,512,1,effective_rank,effective_rank,effective_rank,False,uniform_exact_cost__512,512,512,0.4913365720586147,-0.14880332986472422
modular,transformer_publication_20260622T101458Z_modular_seed109,109,rslora,512,1,soft_dimension,soft_dimension,soft_dimension,True,uniform_exact_cost__512,512,512,0.4913365720586147,-0.14880332986472422
modular,transformer_publication_20260622T101458Z_modular_seed109,109,rslora,512,1,gradient_norm,gradient_norm,gradient_norm,False,uniform_exact_cost__512,512,512,0.969205973795872,-0.29344432882414145
modular,transformer_publication_20260622T101458Z_modular_seed109,109,rslora,512,1,marginal_gain_edge,marginal_gain_edge,marginal_gain_edge,False,uniform_exact_cost__448,448,448,0.612664014566205,-0.14568158168574408
modular,transformer_publication_20260622T101458Z_modular_seed109,109,rslora,512,1,marginal_gain_soft,marginal_gain_soft,marginal_gain_soft,False,uniform_exact_cost__448,448,448,0.612664014566205,-0.14568158168574408
modular,transformer_publication_20260622T101458Z_modular_seed109,109,fixed_update_scale,512,2,effective_rank,effective_rank,effective_rank,False,uniform_exact_cost__512,512,512,0.6604763745765412,-0.20395421436004169
modular,transformer_publication_20260622T101458Z_modular_seed109,109,fixed_update_scale,512,2,soft_dimension,soft_dimension,soft_dimension,True,uniform_exact_cost__512,512,512,0.6604763745765412,-0.20395421436004169
modular,transformer_publication_20260622T101458Z_modular_seed109,109,fixed_update_scale,512,2,gradient_norm,gradient_norm,gradient_norm,False,uniform_exact_cost__512,512,512,0.7241590500622213,-0.2091571279916754
modular,transformer_publication_20260622T101458Z_modular_seed109,109,fixed_update_scale,512,2,marginal_gain_edge,marginal_gain_edge,marginal_gain_edge,False,uniform_exact_cost__448,448,448,0.6234985112399638,-0.20915712799167535
modular,transformer_publication_20260622T101458Z_modular_seed109,109,fixed_update_scale,512,2,marginal_gain_soft,marginal_gain_soft,marginal_gain_soft,False,uniform_exact_cost__448,448,448,0.6234985112399638,-0.20915712799167535
modular,transformer_publication_20260622T101458Z_modular_seed109,109,standard,512,2,effective_rank,effective_rank,effective_rank,False,uniform_exact_cost__512,512,512,0.7529340071931219,-0.2362122788761707
modular,transformer_publication_20260622T101458Z_modular_seed109,109,standard,512,2,soft_dimension,soft_dimension,soft_dimension,True,uniform_exact_cost__512,512,512,0.7529340071931219,-0.2362122788761707
modular,transformer_publication_20260622T101458Z_modular_seed109,109,standard,512,2,gradient_norm,gradient_norm,gradient_norm,False,uniform_exact_cost__512,512,512,0.6908432061664769,-0.21644120707596254
modular,transformer_publication_20260622T101458Z_modular_seed109,109,standard,512,2,marginal_gain_edge,marginal_gain_edge,marginal_gain_edge,False,uniform_exact_cost__448,448,448,0.1329493396115966,-0.03329864724245579
modular,transformer_publication_20260622T101458Z_modular_seed109,109,standard,512,2,marginal_gain_soft,marginal_gain_soft,marginal_gain_soft,False,uniform_exact_cost__448,448,448,0.1329493396115966,-0.03329864724245579
modular,transformer_publication_20260622T101458Z_modular_seed109,109,rslora,512,2,effective_rank,effective_rank,effective_rank,False,uniform_exact_cost__512,512,512,0.7380767187392425,-0.20187304890738822
modular,transformer_publication_20260622T101458Z_modular_seed109,109,rslora,512,2,soft_dimension,soft_dimension,soft_dimension,True,uniform_exact_cost__512,512,512,0.7380767187392425,-0.20187304890738822
modular,transformer_publication_20260622T101458Z_modular_seed109,109,rslora,512,2,gradient_norm,gradient_norm,gradient_norm,False,uniform_exact_cost__512,512,512,0.6276216381670412,-0.17585848074921961
modular,transformer_publication_20260622T101458Z_modular_seed109,109,rslora,512,2,marginal_gain_edge,marginal_gain_edge,marginal_gain_edge,False,uniform_exact_cost__448,448,448,0.568285670662521,-0.18522372528616032
modular,transformer_publication_20260622T101458Z_modular_seed109,109,rslora,512,2,marginal_gain_soft,marginal_gain_soft,marginal_gain_soft,False,uniform_exact_cost__448,448,448,0.568285670662521,-0.18522372528616032
modular,transformer_publication_20260622T101458Z_modular_seed109,109,fixed_update_scale,1024,0,effective_rank,effective_rank,effective_rank,False,uniform_exact_cost__1024,1024,1024,0.040245047344997786,-0.026014568158168605
modular,transformer_publication_20260622T101458Z_modular_seed109,109,fixed_update_scale,1024,0,soft_dimension,soft_dimension,soft_dimension,True,uniform_exact_cost__1024,1024,1024,0.08875786848792688,-0.03642039542143605
modular,transformer_publication_20260622T101458Z_modular_seed109,109,fixed_update_scale,1024,0,gradient_norm,gradient_norm,gradient_norm,False,uniform_exact_cost__1024,1024,1024,-0.3159090562119816,0.10822060353798124
modular,transformer_publication_20260622T101458Z_modular_seed109,109,fixed_update_scale,1024,0,marginal_gain_edge,marginal_gain_edge,marginal_gain_edge,False,uniform_exact_cost__1024,1024,1024,-0.19210114594428762,0.04162330905306966
modular,transformer_publication_20260622T101458Z_modular_seed109,109,fixed_update_scale,1024,0,marginal_gain_soft,marginal_gain_soft,marginal_gain_soft,False,uniform_exact_cost__1024,1024,1024,-0.11535179615020741,0.030176899063475537
modular,transformer_publication_20260622T101458Z_modular_seed109,109,standard,1024,0,effective_rank,effective_rank,effective_rank,False,uniform_exact_cost__1024,1024,1024,-0.5855947758975311,0.16233090530697192
modular,transformer_publication_20260622T101458Z_modular_seed109,109,standard,1024,0,soft_dimension,soft_dimension,soft_dimension,True,uniform_exact_cost__1024,1024,1024,-0.4881087278600289,0.1508844953173777
modular,transformer_publication_20260622T101458Z_modular_seed109,109,standard,1024,0,gradient_norm,gradient_norm,gradient_norm,False,uniform_exact_cost__1024,1024,1024,-0.6799366780548015,0.23100936524453686
modular,transformer_publication_20260622T101458Z_modular_seed109,109,standard,1024,0,marginal_gain_edge,marginal_gain_edge,marginal_gain_edge,False,uniform_exact_cost__1024,1024,1024,-0.7243675098334836,0.21852237252861595
modular,transformer_publication_20260622T101458Z_modular_seed109,109,standard,1024,0,marginal_gain_soft,marginal_gain_soft,marginal_gain_soft,False,uniform_exact_cost__1024,1024,1024,-0.7562663026084263,0.2486992715920916
modular,transformer_publication_20260622T101458Z_modular_seed109,109,rslora,1024,0,effective_rank,effective_rank,effective_rank,False,uniform_exact_cost__1024,1024,1024,0.5025994502294822,-0.1560874089490114
modular,transformer_publication_20260622T101458Z_modular_seed109,109,rslora,1024,0,soft_dimension,soft_dimension,soft_dimension,True,uniform_exact_cost__1024,1024,1024,-0.10750219973267416,0.06971904266389184
modular,transformer_publication_20260622T101458Z_modular_seed109,109,rslora,1024,0,gradient_norm,gradient_norm,gradient_norm,False,uniform_exact_cost__1024,1024,1024,-0.5853314070994349,0.22372528616024978
modular,transformer_publication_20260622T101458Z_modular_seed109,109,rslora,1024,0,marginal_gain_edge,marginal_gain_edge,marginal_gain_edge,False,uniform_exact_cost__1024,1024,1024,-0.5252818883891903,0.19771071800208118
modular,transformer_publication_20260622T101458Z_modular_seed109,109,rslora,1024,0,marginal_gain_soft,marginal_gain_soft,marginal_gain_soft,False,uniform_exact_cost__1024,1024,1024,-0.2611750364303588,0.09781477627471391
modular,transformer_publication_20260622T101458Z_modular_seed109,109,fixed_update_scale,1024,1,effective_rank,effective_rank,effective_rank,False,uniform_exact_cost__1024,1024,1024,0.19360109279852877,-0.07388137356919866
modular,transformer_publication_20260622T101458Z_modular_seed109,109,fixed_update_scale,1024,1,soft_dimension,soft_dimension,soft_dimension,True,uniform_exact_cost__1024,1024,1024,-0.032259223922606495,0.013527575442247697
modular,transformer_publication_20260622T101458Z_modular_seed109,109,fixed_update_scale,1024,1,gradient_norm,gradient_norm,gradient_norm,False,uniform_exact_cost__1024,1024,1024,0.00702985876184592,-0.012486992715920908
modular,transformer_publication_20260622T101458Z_modular_seed109,109,fixed_update_scale,1024,1,marginal_gain_edge,marginal_gain_edge,marginal_gain_edge,False,uniform_exact_cost__1024,1024,1024,0.3587389863120405,-0.16233090530697192
modular,transformer_publication_20260622T101458Z_modular_seed109,109,fixed_update_scale,1024,1,marginal_gain_soft,marginal_gain_soft,marginal_gain_soft,False,uniform_exact_cost__1024,1024,1024,0.3823104132970835,-0.16545265348595206
modular,transformer_publication_20260622T101458Z_modular_seed109,109,standard,1024,1,effective_rank,effective_rank,effective_rank,False,uniform_exact_cost__1024,1024,1024,-0.05462396932566205,0.03954214360041619
modular,transformer_publication_20260622T101458Z_modular_seed109,109,standard,1024,1,soft_dimension,soft_dimension,soft_dimension,True,uniform_exact_cost__1024,1024,1024,-0.08996453723103648,0.0520291363163371
modular,transformer_publication_20260622T101458Z_modular_seed109,109,standard,1024,1,gradient_norm,gradient_norm,gradient_norm,False,uniform_exact_cost__1024,1024,1024,0.20030335407475408,-0.06659729448491158
modular,transformer_publication_20260622T101458Z_modular_seed109,109,standard,1024,1,marginal_gain_edge,marginal_gain_edge,marginal_gain_edge,False,uniform_exact_cost__1024,1024,1024,0.18654717646081787,-0.07284079084287198
modular,transformer_publication_20260622T101458Z_modular_seed109,109,standard,1024,1,marginal_gain_soft,marginal_gain_soft,marginal_gain_soft,False,uniform_exact_cost__1024,1024,1024,0.1694374251316043,-0.05827263267429761
modular,transformer_publication_20260622T101458Z_modular_seed109,109,rslora,1024,1,effective_rank,effective_rank,effective_rank,False,uniform_exact_cost__1024,1024,1024,-0.016990621243753723,-0.005202913631633721
modular,transformer_publication_20260622T101458Z_modular_seed109,109,rslora,1024,1,soft_dimension,soft_dimension,soft_dimension,True,uniform_exact_cost__1024,1024,1024,-0.024595159335637606,0.012486992715920908
modular,transformer_publication_20260622T101458Z_modular_seed109,109,rslora,1024,1,gradient_norm,gradient_norm,gradient_norm,False,uniform_exact_cost__1024,1024,1024,-0.059283059109758285,0.032258064516129004
modular,transformer_publication_20260622T101458Z_modular_seed109,109,rslora,1024,1,marginal_gain_edge,marginal_gain_edge,marginal_gain_edge,False,uniform_exact_cost__1024,1024,1024,0.3395641684904307,-0.1633714880332986
modular,transformer_publication_20260622T101458Z_modular_seed109,109,rslora,1024,1,marginal_gain_soft,marginal_gain_soft,marginal_gain_soft,False,uniform_exact_cost__1024,1024,1024,0.32863713055073784,-0.12486992715920919
modular,transformer_publication_20260622T101458Z_modular_seed109,109,fixed_update_scale,1024,2,effective_rank,effective_rank,effective_rank,False,uniform_exact_cost__1024,1024,1024,0.02090941718416106,-0.024973985431841927
modular,transformer_publication_20260622T101458Z_modular_seed109,109,fixed_update_scale,1024,2,soft_dimension,soft_dimension,soft_dimension,True,uniform_exact_cost__1024,1024,1024,-0.16649596425670732,0.05098855359001031
modular,transformer_publication_20260622T101458Z_modular_seed109,109,fixed_update_scale,1024,2,gradient_norm,gradient_norm,gradient_norm,False,uniform_exact_cost__1024,1024,1024,-0.3448368283637976,0.12591050988553587
modular,transformer_publication_20260622T101458Z_modular_seed109,109,fixed_update_scale,1024,2,marginal_gain_edge,marginal_gain_edge,marginal_gain_edge,False,uniform_exact_cost__1024,1024,1024,0.0913611649226449,-0.07700312174817903
modular,transformer_publication_20260622T101458Z_modular_seed109,109,fixed_update_scale,1024,2,marginal_gain_soft,marginal_gain_soft,marginal_gain_soft,False,uniform_exact_cost__1024,1024,1024,0.06328467573509267,-0.055150884495317465
modular,transformer_publication_20260622T101458Z_modular_seed109,109,standard,1024,2,effective_rank,effective_rank,effective_rank,False,uniform_exact_cost__1024,1024,1024,-0.16328301948265533,0.07492195629552545
modular,transformer_publication_20260622T101458Z_modular_seed109,109,standard,1024,2,soft_dimension,soft_dimension,soft_dimension,True,uniform_exact_cost__1024,1024,1024,-0.04554892981833902,0.03954214360041619
modular,transformer_publication_20260622T101458Z_modular_seed109,109,standard,1024,2,gradient_norm,gradient_norm,gradient_norm,False,uniform_exact_cost__1024,1024,1024,-0.042176588765044154,0.02809573361082196
modular,transformer_publication_20260622T101458Z_modular_seed109,109,standard,1024,2,marginal_gain_edge,marginal_gain_edge,marginal_gain_edge,False,uniform_exact_cost__1024,1024,1024,0.05193384740652818,-0.008324661810613976
modular,transformer_publication_20260622T101458Z_modular_seed109,109,standard,1024,2,marginal_gain_soft,marginal_gain_soft,marginal_gain_soft,False,uniform_exact_cost__1024,1024,1024,0.0148784652833015,-0.010405827263267442
modular,transformer_publication_20260622T101458Z_modular_seed109,109,rslora,1024,2,effective_rank,effective_rank,effective_rank,False,uniform_exact_cost__1024,1024,1024,0.1910585291551874,-0.05098855359001042
modular,transformer_publication_20260622T101458Z_modular_seed109,109,rslora,1024,2,soft_dimension,soft_dimension,soft_dimension,True,uniform_exact_cost__1024,1024,1024,0.11340474387733557,-0.05306971904266389
modular,transformer_publication_20260622T101458Z_modular_seed109,109,rslora,1024,2,gradient_norm,gradient_norm,gradient_norm,False,uniform_exact_cost__1024,1024,1024,-0.1470513400872714,0.07908428720083249
modular,transformer_publication_20260622T101458Z_modular_seed109,109,rslora,1024,2,marginal_gain_edge,marginal_gain_edge,marginal_gain_edge,False,uniform_exact_cost__1024,1024,1024,0.05895592010232098,-0.01664932362122784
modular,transformer_publication_20260622T101458Z_modular_seed109,109,rslora,1024,2,marginal_gain_soft,marginal_gain_soft,marginal_gain_soft,False,uniform_exact_cost__1024,1024,1024,0.13359870052238443,-0.03537981269510926
modular,transformer_publication_20260622T101458Z_modular_seed109,109,fixed_update_scale,1536,0,effective_rank,effective_rank,effective_rank,False,uniform_exact_cost__1536,1536,1536,0.03934380954807931,-0.00624349635796051
modular,transformer_publication_20260622T101458Z_modular_seed109,109,fixed_update_scale,1536,0,soft_dimension,soft_dimension,soft_dimension,True,uniform_exact_cost__1536,1536,1536,0.0,0.0
modular,transformer_publication_20260622T101458Z_modular_seed109,109,fixed_update_scale,1536,0,gradient_norm,gradient_norm,gradient_norm,False,uniform_exact_cost__1536,1536,1536,-0.03253366479516401,-0.002081165452653466
modular,transformer_publication_20260622T101458Z_modular_seed109,109,fixed_update_scale,1536,0,marginal_gain_edge,marginal_gain_edge,marginal_gain_edge,False,uniform_exact_cost__1536,1536,1536,-0.130088121102082,0.04682622268470327
modular,transformer_publication_20260622T101458Z_modular_seed109,109,fixed_update_scale,1536,0,marginal_gain_soft,marginal_gain_soft,marginal_gain_soft,False,uniform_exact_cost__1472,1472,1472,0.0958257899324057,-0.048907388137357066
modular,transformer_publication_20260622T101458Z_modular_seed109,109,standard,1536,0,effective_rank,effective_rank,effective_rank,False,uniform_exact_cost__1536,1536,1536,0.06425345207600391,-0.01768990634755463
modular,transformer_publication_20260622T101458Z_modular_seed109,109,standard,1536,0,soft_dimension,soft_dimension,soft_dimension,True,uniform_exact_cost__1536,1536,1536,0.0,0.0
modular,transformer_publication_20260622T101458Z_modular_seed109,109,standard,1536,0,gradient_norm,gradient_norm,gradient_norm,False,uniform_exact_cost__1536,1536,1536,0.20681657180825824,-0.09053069719042661
modular,transformer_publication_20260622T101458Z_modular_seed109,109,standard,1536,0,marginal_gain_edge,marginal_gain_edge,marginal_gain_edge,False,uniform_exact_cost__1536,1536,1536,0.056659223137735415,-0.03017689906347565
modular,transformer_publication_20260622T101458Z_modular_seed109,109,standard,1536,0,marginal_gain_soft,marginal_gain_soft,marginal_gain_soft,False,uniform_exact_cost__1472,1472,1472,-0.1470993588543832,0.0593132154006244
modular,transformer_publication_20260622T101458Z_modular_seed109,109,rslora,1536,0,effective_rank,effective_rank,effective_rank,False,uniform_exact_cost__1536,1536,1536,0.20193063859264765,-0.06555671175858502
modular,transformer_publication_20260622T101458Z_modular_seed109,109,rslora,1536,0,soft_dimension,soft_dimension,soft_dimension,True,uniform_exact_cost__1536,1536,1536,0.0,0.0
modular,transformer_publication_20260622T101458Z_modular_seed109,109,rslora,1536,0,gradient_norm,gradient_norm,gradient_norm,False,uniform_exact_cost__1536,1536,1536,0.11077276656828611,-0.05619146722164425
modular,transformer_publication_20260622T101458Z_modular_seed109,109,rslora,1536,0,marginal_gain_edge,marginal_gain_edge,marginal_gain_edge,False,uniform_exact_cost__1536,1536,1536,-0.08386260190441758,0.01664932362122773
modular,transformer_publication_20260622T101458Z_modular_seed109,109,rslora,1536,0,marginal_gain_soft,marginal_gain_soft,marginal_gain_soft,False,uniform_exact_cost__1472,1472,1472,-0.041186058062296416,0.018730489073881418
modular,transformer_publication_20260622T101458Z_modular_seed109,109,fixed_update_scale,1536,1,effective_rank,effective_rank,effective_rank,False,uniform_exact_cost__1536,1536,1536,0.02541068422682702,-0.009365244536940764
modular,transformer_publication_20260622T101458Z_modular_seed109,109,fixed_update_scale,1536,1,soft_dimension,soft_dimension,soft_dimension,True,uniform_exact_cost__1536,1536,1536,0.0,0.0
modular,transformer_publication_20260622T101458Z_modular_seed109,109,fixed_update_scale,1536,1,gradient_norm,gradient_norm,gradient_norm,False,uniform_exact_cost__1536,1536,1536,0.10116367555309652,-0.031217481789802326
modular,transformer_publication_20260622T101458Z_modular_seed109,109,fixed_update_scale,1536,1,marginal_gain_edge,marginal_gain_edge,marginal_gain_edge,False,uniform_exact_cost__1536,1536,1536,-0.008197224537118103,0.005202913631633832
modular,transformer_publication_20260622T101458Z_modular_seed109,109,fixed_update_scale,1536,1,marginal_gain_soft,marginal_gain_soft,marginal_gain_soft,False,uniform_exact_cost__1472,1472,1472,0.05631810457723818,-0.020811654526534995
modular,transformer_publication_20260622T101458Z_modular_seed109,109,standard,1536,1,effective_rank,effective_rank,effective_rank,False,uniform_exact_cost__1536,1536,1536,-0.004078226859810186,-0.006243496357960399
modular,transformer_publication_20260622T101458Z_modular_seed109,109,standard,1536,1,soft_dimension,soft_dimension,soft_dimension,True,uniform_exact_cost__1536,1536,1536,0.0,0.0
modular,transformer_publication_20260622T101458Z_modular_seed109,109,standard,1536,1,gradient_norm,gradient_norm,gradient_norm,False,uniform_exact_cost__1536,1536,1536,0.13750398199342412,-0.0697190426638915
modular,transformer_publication_20260622T101458Z_modular_seed109,109,standard,1536,1,marginal_gain_edge,marginal_gain_edge,marginal_gain_edge,False,uniform_exact_cost__1536,1536,1536,-0.011643158409523513,0.0020811654526536882
modular,transformer_publication_20260622T101458Z_modular_seed109,109,standard,1536,1,marginal_gain_soft,marginal_gain_soft,marginal_gain_soft,False,uniform_exact_cost__1472,1472,1472,0.012021200651929076,-0.007284079084287076
modular,transformer_publication_20260622T101458Z_modular_seed109,109,rslora,1536,1,effective_rank,effective_rank,effective_rank,False,uniform_exact_cost__1536,1536,1536,-0.02961815154019054,0.010405827263267331
modular,transformer_publication_20260622T101458Z_modular_seed109,109,rslora,1536,1,soft_dimension,soft_dimension,soft_dimension,True,uniform_exact_cost__1536,1536,1536,0.0,0.0
modular,transformer_publication_20260622T101458Z_modular_seed109,109,rslora,1536,1,gradient_norm,gradient_norm,gradient_norm,False,uniform_exact_cost__1536,1536,1536,0.0386371502146885,-0.015608740894901274
modular,transformer_publication_20260622T101458Z_modular_seed109,109,rslora,1536,1,marginal_gain_edge,marginal_gain_edge,marginal_gain_edge,False,uniform_exact_cost__1536,1536,1536,-0.06673724854773963,0.015608740894901163
modular,transformer_publication_20260622T101458Z_modular_seed109,109,rslora,1536,1,marginal_gain_soft,marginal_gain_soft,marginal_gain_soft,False,uniform_exact_cost__1472,1472,1472,0.04281554168766677,-0.027055150884495394
modular,transformer_publication_20260622T101458Z_modular_seed109,109,fixed_update_scale,1536,2,effective_rank,effective_rank,effective_rank,False,uniform_exact_cost__1536,1536,1536,0.05648757630530804,-0.021852237252861673
modular,transformer_publication_20260622T101458Z_modular_seed109,109,fixed_update_scale,1536,2,soft_dimension,soft_dimension,soft_dimension,True,uniform_exact_cost__1536,1536,1536,0.0,0.0
modular,transformer_publication_20260622T101458Z_modular_seed109,109,fixed_update_scale,1536,2,gradient_norm,gradient_norm,gradient_norm,False,uniform_exact_cost__1536,1536,1536,0.1591755887968359,-0.06139438085327786
modular,transformer_publication_20260622T101458Z_modular_seed109,109,fixed_update_scale,1536,2,marginal_gain_edge,marginal_gain_edge,marginal_gain_edge,False,uniform_exact_cost__1536,1536,1536,-0.02895296978280648,-0.002081165452653466
modular,transformer_publication_20260622T101458Z_modular_seed109,109,fixed_update_scale,1536,2,marginal_gain_soft,marginal_gain_soft,marginal_gain_soft,False,uniform_exact_cost__1472,1472,1472,0.06351527670915869,-0.037460978147762836
modular,transformer_publication_20260622T101458Z_modular_seed109,109,standard,1536,2,effective_rank,effective_rank,effective_rank,False,uniform_exact_cost__1536,1536,1536,-0.024930187368244094,0.026014568158168383
modular,transformer_publication_20260622T101458Z_modular_seed109,109,standard,1536,2,soft_dimension,soft_dimension,soft_dimension,True,uniform_exact_cost__1536,1536,1536,0.0,0.0
modular,transformer_publication_20260622T101458Z_modular_seed109,109,standard,1536,2,gradient_norm,gradient_norm,gradient_norm,False,uniform_exact_cost__1536,1536,1536,0.0827057090249691,-0.032258064516129115
modular,transformer_publication_20260622T101458Z_modular_seed109,109,standard,1536,2,marginal_gain_edge,marginal_gain_edge,marginal_gain_edge,False,uniform_exact_cost__1536,1536,1536,-0.0717433847944397,0.03537981269510926
modular,transformer_publication_20260622T101458Z_modular_seed109,109,standard,1536,2,marginal_gain_soft,marginal_gain_soft,marginal_gain_soft,False,uniform_exact_cost__1472,1472,1472,0.010325283618424885,-0.02185223725286145
modular,transformer_publication_20260622T101458Z_modular_seed109,109,rslora,1536,2,effective_rank,effective_rank,effective_rank,False,uniform_exact_cost__1536,1536,1536,-0.004539257312788536,0.005202913631633499
modular,transformer_publication_20260622T101458Z_modular_seed109,109,rslora,1536,2,soft_dimension,soft_dimension,soft_dimension,True,uniform_exact_cost__1536,1536,1536,0.0,0.0
modular,transformer_publication_20260622T101458Z_modular_seed109,109,rslora,1536,2,gradient_norm,gradient_norm,gradient_norm,False,uniform_exact_cost__1536,1536,1536,0.08921692327331676,-0.043704474505723234
modular,transformer_publication_20260622T101458Z_modular_seed109,109,rslora,1536,2,marginal_gain_edge,marginal_gain_edge,marginal_gain_edge,False,uniform_exact_cost__1536,1536,1536,-0.07177695182310062,0.013527575442247586
modular,transformer_publication_20260622T101458Z_modular_seed109,109,rslora,1536,2,marginal_gain_soft,marginal_gain_soft,marginal_gain_soft,False,uniform_exact_cost__1472,1472,1472,0.02905259097652063,-0.03329864724245557
modular,transformer_publication_20260622T101458Z_modular_seed109,109,fixed_update_scale,2048,0,effective_rank,effective_rank,effective_rank,False,uniform_exact_cost__2048,2048,2048,-0.02185965482141669,-0.0010405827263267886
modular,transformer_publication_20260622T101458Z_modular_seed109,109,fixed_update_scale,2048,0,soft_dimension,soft_dimension,soft_dimension,True,uniform_exact_cost__2048,2048,2048,-0.02185965482141669,-0.0010405827263267886
modular,transformer_publication_20260622T101458Z_modular_seed109,109,fixed_update_scale,2048,0,gradient_norm,gradient_norm,gradient_norm,False,uniform_exact_cost__2048,2048,2048,0.00679952676847001,-0.0041623309053071544
modular,transformer_publication_20260622T101458Z_modular_seed109,109,fixed_update_scale,2048,0,marginal_gain_edge,marginal_gain_edge,marginal_gain_edge,False,uniform_exact_cost__2048,2048,2048,-0.020511017784739904,-0.003121748178980366
modular,transformer_publication_20260622T101458Z_modular_seed109,109,fixed_update_scale,2048,0,marginal_gain_soft,marginal_gain_soft,marginal_gain_soft,False,uniform_exact_cost__1984,1984,1984,-0.04937991634802072,0.011446409989594342
modular,transformer_publication_20260622T101458Z_modular_seed109,109,standard,2048,0,effective_rank,effective_rank,effective_rank,False,uniform_exact_cost__2048,2048,2048,0.006099929670637494,0.007284079084287187
modular,transformer_publication_20260622T101458Z_modular_seed109,109,standard,2048,0,soft_dimension,soft_dimension,soft_dimension,True,uniform_exact_cost__2048,2048,2048,0.006099929670637494,0.007284079084287187
modular,transformer_publication_20260622T101458Z_modular_seed109,109,standard,2048,0,gradient_norm,gradient_norm,gradient_norm,False,uniform_exact_cost__2048,2048,2048,-0.008976610794151713,0.006243496357960399
modular,transformer_publication_20260622T101458Z_modular_seed109,109,standard,2048,0,marginal_gain_edge,marginal_gain_edge,marginal_gain_edge,False,uniform_exact_cost__2048,2048,2048,-0.047473631326291316,0.011446409989594009
modular,transformer_publication_20260622T101458Z_modular_seed109,109,standard,2048,0,marginal_gain_soft,marginal_gain_soft,marginal_gain_soft,False,uniform_exact_cost__1984,1984,1984,-0.05696135360852242,0.013527575442247808
modular,transformer_publication_20260622T101458Z_modular_seed109,109,rslora,2048,0,effective_rank,effective_rank,effective_rank,False,uniform_exact_cost__2048,2048,2048,-0.0072526926800809965,0.0010405827263267886
modular,transformer_publication_20260622T101458Z_modular_seed109,109,rslora,2048,0,soft_dimension,soft_dimension,soft_dimension,True,uniform_exact_cost__2048,2048,2048,-0.0072526926800809965,0.0010405827263267886
modular,transformer_publication_20260622T101458Z_modular_seed109,109,rslora,2048,0,gradient_norm,gradient_norm,gradient_norm,False,uniform_exact_cost__2048,2048,2048,-0.010041342069405601,-0.005202913631633832
modular,transformer_publication_20260622T101458Z_modular_seed109,109,rslora,2048,0,marginal_gain_edge,marginal_gain_edge,marginal_gain_edge,False,uniform_exact_cost__2048,2048,2048,-0.04908418095632841,0.002081165452653355
modular,transformer_publication_20260622T101458Z_modular_seed109,109,rslora,2048,0,marginal_gain_soft,marginal_gain_soft,marginal_gain_soft,False,uniform_exact_cost__1984,1984,1984,-0.01641330020608811,-0.01144640998959412
modular,transformer_publication_20260622T101458Z_modular_seed109,109,fixed_update_scale,2048,1,effective_rank,effective_rank,effective_rank,False,uniform_exact_cost__2048,2048,2048,-0.0158641535273204,0.01768990634755463
modular,transformer_publication_20260622T101458Z_modular_seed109,109,fixed_update_scale,2048,1,soft_dimension,soft_dimension,soft_dimension,True,uniform_exact_cost__2048,2048,2048,-0.0158641535273204,0.01768990634755463
modular,transformer_publication_20260622T101458Z_modular_seed109,109,fixed_update_scale,2048,1,gradient_norm,gradient_norm,gradient_norm,False,uniform_exact_cost__2048,2048,2048,-0.010979459604537223,0.005202913631633832
modular,transformer_publication_20260622T101458Z_modular_seed109,109,fixed_update_scale,2048,1,marginal_gain_edge,marginal_gain_edge,marginal_gain_edge,False,uniform_exact_cost__2048,2048,2048,-0.0609213093627132,0.01144640998959423
modular,transformer_publication_20260622T101458Z_modular_seed109,109,fixed_update_scale,2048,1,marginal_gain_soft,marginal_gain_soft,marginal_gain_soft,False,uniform_exact_cost__1984,1984,1984,-0.3452837367335666,0.09469302809573366
modular,transformer_publication_20260622T101458Z_modular_seed109,109,standard,2048,1,effective_rank,effective_rank,effective_rank,False,uniform_exact_cost__2048,2048,2048,-0.3458431955430808,0.1373569198751302
modular,transformer_publication_20260622T101458Z_modular_seed109,109,standard,2048,1,soft_dimension,soft_dimension,soft_dimension,True,uniform_exact_cost__2048,2048,2048,-0.3458431955430808,0.1373569198751302
modular,transformer_publication_20260622T101458Z_modular_seed109,109,standard,2048,1,gradient_norm,gradient_norm,gradient_norm,False,uniform_exact_cost__2048,2048,2048,-0.3876536875249941,0.13943808532778357
modular,transformer_publication_20260622T101458Z_modular_seed109,109,standard,2048,1,marginal_gain_edge,marginal_gain_edge,marginal_gain_edge,False,uniform_exact_cost__2048,2048,2048,-0.4244444062943018,0.1571279916753382
modular,transformer_publication_20260622T101458Z_modular_seed109,109,standard,2048,1,marginal_gain_soft,marginal_gain_soft,marginal_gain_soft,False,uniform_exact_cost__1984,1984,1984,-0.3925298964381839,0.15504682622268473
modular,transformer_publication_20260622T101458Z_modular_seed109,109,rslora,2048,1,effective_rank,effective_rank,effective_rank,False,uniform_exact_cost__2048,2048,2048,-0.008074159552726001,0.009365244536940764
modular,transformer_publication_20260622T101458Z_modular_seed109,109,rslora,2048,1,soft_dimension,soft_dimension,soft_dimension,True,uniform_exact_cost__2048,2048,2048,-0.008074159552726001,0.009365244536940764
modular,transformer_publication_20260622T101458Z_modular_seed109,109,rslora,2048,1,gradient_norm,gradient_norm,gradient_norm,False,uniform_exact_cost__2048,2048,2048,0.07595866555725989,-0.020811654526534995
modular,transformer_publication_20260622T101458Z_modular_seed109,109,rslora,2048,1,marginal_gain_edge,marginal_gain_edge,marginal_gain_edge,False,uniform_exact_cost__2048,2048,2048,-0.057066724014455894,0.015608740894901163
modular,transformer_publication_20260622T101458Z_modular_seed109,109,rslora,2048,1,marginal_gain_soft,marginal_gain_soft,marginal_gain_soft,False,uniform_exact_cost__1984,1984,1984,-0.04689049165653272,0.007284079084287187
modular,transformer_publication_20260622T101458Z_modular_seed109,109,fixed_update_scale,2048,2,effective_rank,effective_rank,effective_rank,False,uniform_exact_cost__2048,2048,2048,0.06124900769864858,0.0010405827263265666
modular,transformer_publication_20260622T101458Z_modular_seed109,109,fixed_update_scale,2048,2,soft_dimension,soft_dimension,soft_dimension,True,uniform_exact_cost__2048,2048,2048,0.06124900769864858,0.0010405827263265666
modular,transformer_publication_20260622T101458Z_modular_seed109,109,fixed_update_scale,2048,2,gradient_norm,gradient_norm,gradient_norm,False,uniform_exact_cost__2048,2048,2048,-0.05708790481338641,0.02289281997918835
modular,transformer_publication_20260622T101458Z_modular_seed109,109,fixed_update_scale,2048,2,marginal_gain_edge,marginal_gain_edge,marginal_gain_edge,False,uniform_exact_cost__2048,2048,2048,-0.086979851963989,0.023933402705514917
modular,transformer_publication_20260622T101458Z_modular_seed109,109,fixed_update_scale,2048,2,marginal_gain_soft,marginal_gain_soft,marginal_gain_soft,False,uniform_exact_cost__1984,1984,1984,-0.07043709772620568,0.006243496357960399
modular,transformer_publication_20260622T101458Z_modular_seed109,109,standard,2048,2,effective_rank,effective_rank,effective_rank,False,uniform_exact_cost__2048,2048,2048,0.022130213530577203,-0.006243496357960399
modular,transformer_publication_20260622T101458Z_modular_seed109,109,standard,2048,2,soft_dimension,soft_dimension,soft_dimension,True,uniform_exact_cost__2048,2048,2048,0.022130213530577203,-0.006243496357960399
modular,transformer_publication_20260622T101458Z_modular_seed109,109,standard,2048,2,gradient_norm,gradient_norm,gradient_norm,False,uniform_exact_cost__2048,2048,2048,-0.0532050096777798,0.010405827263267442
modular,transformer_publication_20260622T101458Z_modular_seed109,109,standard,2048,2,marginal_gain_edge,marginal_gain_edge,marginal_gain_edge,False,uniform_exact_cost__2048,2048,2048,-0.06563051865202582,0.01248699271592102
modular,transformer_publication_20260622T101458Z_modular_seed109,109,standard,2048,2,marginal_gain_soft,marginal_gain_soft,marginal_gain_soft,False,uniform_exact_cost__1984,1984,1984,-0.01516342609655602,-0.003121748178980144
modular,transformer_publication_20260622T101458Z_modular_seed109,109,rslora,2048,2,effective_rank,effective_rank,effective_rank,False,uniform_exact_cost__2048,2048,2048,0.04802307232237507,-0.009365244536940764
modular,transformer_publication_20260622T101458Z_modular_seed109,109,rslora,2048,2,soft_dimension,soft_dimension,soft_dimension,True,uniform_exact_cost__2048,2048,2048,0.04802307232237507,-0.009365244536940764
modular,transformer_publication_20260622T101458Z_modular_seed109,109,rslora,2048,2,gradient_norm,gradient_norm,gradient_norm,False,uniform_exact_cost__2048,2048,2048,-0.021671135610397824,0.0020811654526535772
modular,transformer_publication_20260622T101458Z_modular_seed109,109,rslora,2048,2,marginal_gain_edge,marginal_gain_edge,marginal_gain_edge,False,uniform_exact_cost__2048,2048,2048,-0.025740000168317123,-0.003121748178980255
modular,transformer_publication_20260622T101458Z_modular_seed109,109,rslora,2048,2,marginal_gain_soft,marginal_gain_soft,marginal_gain_soft,False,uniform_exact_cost__1984,1984,1984,-0.05157029743497257,-0.007284079084287187
modular,transformer_publication_20260622T101458Z_modular_seed109,109,fixed_update_scale,3072,0,effective_rank,effective_rank,effective_rank,False,uniform_exact_cost__3072,3072,3072,0.0,0.0
modular,transformer_publication_20260622T101458Z_modular_seed109,109,fixed_update_scale,3072,0,soft_dimension,soft_dimension,soft_dimension,True,uniform_exact_cost__3072,3072,3072,0.0,0.0
modular,transformer_publication_20260622T101458Z_modular_seed109,109,fixed_update_scale,3072,0,gradient_norm,gradient_norm,gradient_norm,False,uniform_exact_cost__3072,3072,3072,0.1141701407040567,-0.024973985431841816
modular,transformer_publication_20260622T101458Z_modular_seed109,109,fixed_update_scale,3072,0,marginal_gain_edge,marginal_gain_edge,marginal_gain_edge,False,uniform_exact_cost__3072,3072,3072,-0.007912545120895995,0.0
modular,transformer_publication_20260622T101458Z_modular_seed109,109,fixed_update_scale,3072,0,marginal_gain_soft,marginal_gain_soft,marginal_gain_soft,False,uniform_exact_cost__3072,3072,3072,-0.012198231094802697,0.0
modular,transformer_publication_20260622T101458Z_modular_seed109,109,standard,3072,0,effective_rank,effective_rank,effective_rank,False,uniform_exact_cost__3072,3072,3072,0.0,0.0
modular,transformer_publication_20260622T101458Z_modular_seed109,109,standard,3072,0,soft_dimension,soft_dimension,soft_dimension,True,uniform_exact_cost__3072,3072,3072,0.0,0.0
modular,transformer_publication_20260622T101458Z_modular_seed109,109,standard,3072,0,gradient_norm,gradient_norm,gradient_norm,False,uniform_exact_cost__3072,3072,3072,0.10466981830383561,-0.02705515088449517
modular,transformer_publication_20260622T101458Z_modular_seed109,109,standard,3072,0,marginal_gain_edge,marginal_gain_edge,marginal_gain_edge,False,uniform_exact_cost__3072,3072,3072,-0.0221566166476765,0.0
modular,transformer_publication_20260622T101458Z_modular_seed109,109,standard,3072,0,marginal_gain_soft,marginal_gain_soft,marginal_gain_soft,False,uniform_exact_cost__3072,3072,3072,-0.025325049439776592,0.0
modular,transformer_publication_20260622T101458Z_modular_seed109,109,rslora,3072,0,effective_rank,effective_rank,effective_rank,False,uniform_exact_cost__3072,3072,3072,0.0,0.0
modular,transformer_publication_20260622T101458Z_modular_seed109,109,rslora,3072,0,soft_dimension,soft_dimension,soft_dimension,True,uniform_exact_cost__3072,3072,3072,0.0,0.0
modular,transformer_publication_20260622T101458Z_modular_seed109,109,rslora,3072,0,gradient_norm,gradient_norm,gradient_norm,False,uniform_exact_cost__3072,3072,3072,0.08014990588597778,-0.012486992715920797
modular,transformer_publication_20260622T101458Z_modular_seed109,109,rslora,3072,0,marginal_gain_edge,marginal_gain_edge,marginal_gain_edge,False,uniform_exact_cost__3072,3072,3072,-0.015484434260786106,0.0010405827263267886
modular,transformer_publication_20260622T101458Z_modular_seed109,109,rslora,3072,0,marginal_gain_soft,marginal_gain_soft,marginal_gain_soft,False,uniform_exact_cost__3072,3072,3072,-0.024990683907989905,0.0010405827263267886
modular,transformer_publication_20260622T101458Z_modular_seed109,109,fixed_update_scale,3072,1,effective_rank,effective_rank,effective_rank,False,uniform_exact_cost__3072,3072,3072,0.0,0.0
modular,transformer_publication_20260622T101458Z_modular_seed109,109,fixed_update_scale,3072,1,soft_dimension,soft_dimension,soft_dimension,True,uniform_exact_cost__3072,3072,3072,0.0,0.0
modular,transformer_publication_20260622T101458Z_modular_seed109,109,fixed_update_scale,3072,1,gradient_norm,gradient_norm,gradient_norm,False,uniform_exact_cost__3072,3072,3072,0.06617301767624129,-0.007284079084287187
modular,transformer_publication_20260622T101458Z_modular_seed109,109,fixed_update_scale,3072,1,marginal_gain_edge,marginal_gain_edge,marginal_gain_edge,False,uniform_exact_cost__3072,3072,3072,0.000680068761699501,0.0
modular,transformer_publication_20260622T101458Z_modular_seed109,109,fixed_update_scale,3072,1,marginal_gain_soft,marginal_gain_soft,marginal_gain_soft,False,uniform_exact_cost__3072,3072,3072,-0.004451329778186006,0.0
modular,transformer_publication_20260622T101458Z_modular_seed109,109,standard,3072,1,effective_rank,effective_rank,effective_rank,False,uniform_exact_cost__3072,3072,3072,0.0,0.0
modular,transformer_publication_20260622T101458Z_modular_seed109,109,standard,3072,1,soft_dimension,soft_dimension,soft_dimension,True,uniform_exact_cost__3072,3072,3072,0.0,0.0
modular,transformer_publication_20260622T101458Z_modular_seed109,109,standard,3072,1,gradient_norm,gradient_norm,gradient_norm,False,uniform_exact_cost__3072,3072,3072,0.0628898211296465,-0.00520291363163361
modular,transformer_publication_20260622T101458Z_modular_seed109,109,standard,3072,1,marginal_gain_edge,marginal_gain_edge,marginal_gain_edge,False,uniform_exact_cost__3072,3072,3072,-0.0056548645481483,-0.0010405827263267886
modular,transformer_publication_20260622T101458Z_modular_seed109,109,standard,3072,1,marginal_gain_soft,marginal_gain_soft,marginal_gain_soft,False,uniform_exact_cost__3072,3072,3072,-0.007891333569907302,-0.0010405827263267886
modular,transformer_publication_20260622T101458Z_modular_seed109,109,rslora,3072,1,effective_rank,effective_rank,effective_rank,False,uniform_exact_cost__3072,3072,3072,0.0,0.0
modular,transformer_publication_20260622T101458Z_modular_seed109,109,rslora,3072,1,soft_dimension,soft_dimension,soft_dimension,True,uniform_exact_cost__3072,3072,3072,0.0,0.0
modular,transformer_publication_20260622T101458Z_modular_seed109,109,rslora,3072,1,gradient_norm,gradient_norm,gradient_norm,False,uniform_exact_cost__3072,3072,3072,0.0728151150102049,-0.006243496357960399
modular,transformer_publication_20260622T101458Z_modular_seed109,109,rslora,3072,1,marginal_gain_edge,marginal_gain_edge,marginal_gain_edge,False,uniform_exact_cost__3072,3072,3072,-0.00822712018558689,0.0010405827263267886
modular,transformer_publication_20260622T101458Z_modular_seed109,109,rslora,3072,1,marginal_gain_soft,marginal_gain_soft,marginal_gain_soft,False,uniform_exact_cost__3072,3072,3072,-0.004743121075952796,0.0010405827263267886
modular,transformer_publication_20260622T101458Z_modular_seed109,109,fixed_update_scale,3072,2,effective_rank,effective_rank,effective_rank,False,uniform_exact_cost__3072,3072,3072,0.0,0.0
modular,transformer_publication_20260622T101458Z_modular_seed109,109,fixed_update_scale,3072,2,soft_dimension,soft_dimension,soft_dimension,True,uniform_exact_cost__3072,3072,3072,0.0,0.0
modular,transformer_publication_20260622T101458Z_modular_seed109,109,fixed_update_scale,3072,2,gradient_norm,gradient_norm,gradient_norm,False,uniform_exact_cost__3072,3072,3072,0.06466182070889899,-0.009365244536940764
modular,transformer_publication_20260622T101458Z_modular_seed109,109,fixed_update_scale,3072,2,marginal_gain_edge,marginal_gain_edge,marginal_gain_edge,False,uniform_exact_cost__3072,3072,3072,0.003918117076995797,-0.003121748178980366
modular,transformer_publication_20260622T101458Z_modular_seed109,109,fixed_update_scale,3072,2,marginal_gain_soft,marginal_gain_soft,marginal_gain_soft,False,uniform_exact_cost__3072,3072,3072,-0.0009953549187960015,-0.0010405827263267886
modular,transformer_publication_20260622T101458Z_modular_seed109,109,standard,3072,2,effective_rank,effective_rank,effective_rank,False,uniform_exact_cost__3072,3072,3072,0.0,0.0
modular,transformer_publication_20260622T101458Z_modular_seed109,109,standard,3072,2,soft_dimension,soft_dimension,soft_dimension,True,uniform_exact_cost__3072,3072,3072,0.0,0.0
modular,transformer_publication_20260622T101458Z_modular_seed109,109,standard,3072,2,gradient_norm,gradient_norm,gradient_norm,False,uniform_exact_cost__3072,3072,3072,0.039984995202703114,-0.006243496357960399
modular,transformer_publication_20260622T101458Z_modular_seed109,109,standard,3072,2,marginal_gain_edge,marginal_gain_edge,marginal_gain_edge,False,uniform_exact_cost__3072,3072,3072,-0.01959226250989629,0.0
modular,transformer_publication_20260622T101458Z_modular_seed109,109,standard,3072,2,marginal_gain_soft,marginal_gain_soft,marginal_gain_soft,False,uniform_exact_cost__3072,3072,3072,-0.02507155490157259,0.0010405827263267886
modular,transformer_publication_20260622T101458Z_modular_seed109,109,rslora,3072,2,effective_rank,effective_rank,effective_rank,False,uniform_exact_cost__3072,3072,3072,0.0,0.0
modular,transformer_publication_20260622T101458Z_modular_seed109,109,rslora,3072,2,soft_dimension,soft_dimension,soft_dimension,True,uniform_exact_cost__3072,3072,3072,0.0,0.0
modular,transformer_publication_20260622T101458Z_modular_seed109,109,rslora,3072,2,gradient_norm,gradient_norm,gradient_norm,False,uniform_exact_cost__3072,3072,3072,0.0768709257942829,-0.014568158168574374
modular,transformer_publication_20260622T101458Z_modular_seed109,109,rslora,3072,2,marginal_gain_edge,marginal_gain_edge,marginal_gain_edge,False,uniform_exact_cost__3072,3072,3072,0.00482816003363791,-0.0020811654526535772
modular,transformer_publication_20260622T101458Z_modular_seed109,109,rslora,3072,2,marginal_gain_soft,marginal_gain_soft,marginal_gain_soft,False,uniform_exact_cost__3072,3072,3072,-0.014198801202096697,0.0
modular,transformer_publication_20260622T101458Z_modular_seed109,109,fixed_update_scale,4096,0,effective_rank,effective_rank,effective_rank,False,uniform_exact_cost__4096,4096,4096,0.018624932426691804,0.0
modular,transformer_publication_20260622T101458Z_modular_seed109,109,fixed_update_scale,4096,0,soft_dimension,soft_dimension,soft_dimension,True,uniform_exact_cost__4096,4096,4096,0.018624932426691804,0.0
modular,transformer_publication_20260622T101458Z_modular_seed109,109,fixed_update_scale,4096,0,gradient_norm,gradient_norm,gradient_norm,False,uniform_exact_cost__4096,4096,4096,0.0223073532318349,-0.0010405827263267886
modular,transformer_publication_20260622T101458Z_modular_seed109,109,fixed_update_scale,4096,0,marginal_gain_edge,marginal_gain_edge,marginal_gain_edge,False,uniform_exact_cost__4096,4096,4096,-0.0277656308248345,0.0
modular,transformer_publication_20260622T101458Z_modular_seed109,109,fixed_update_scale,4096,0,marginal_gain_soft,marginal_gain_soft,marginal_gain_soft,False,uniform_exact_cost__4096,4096,4096,0.00010061504379390435,0.0
modular,transformer_publication_20260622T101458Z_modular_seed109,109,standard,4096,0,effective_rank,effective_rank,effective_rank,False,uniform_exact_cost__4096,4096,4096,0.006485960943455792,0.0
modular,transformer_publication_20260622T101458Z_modular_seed109,109,standard,4096,0,soft_dimension,soft_dimension,soft_dimension,True,uniform_exact_cost__4096,4096,4096,0.006485960943455792,0.0
modular,transformer_publication_20260622T101458Z_modular_seed109,109,standard,4096,0,gradient_norm,gradient_norm,gradient_norm,False,uniform_exact_cost__4096,4096,4096,0.002907860365140895,0.0
modular,transformer_publication_20260622T101458Z_modular_seed109,109,standard,4096,0,marginal_gain_edge,marginal_gain_edge,marginal_gain_edge,False,uniform_exact_cost__4096,4096,4096,-0.0326698114543099,0.0
modular,transformer_publication_20260622T101458Z_modular_seed109,109,standard,4096,0,marginal_gain_soft,marginal_gain_soft,marginal_gain_soft,False,uniform_exact_cost__4096,4096,4096,-0.009239232208304603,0.0
modular,transformer_publication_20260622T101458Z_modular_seed109,109,rslora,4096,0,effective_rank,effective_rank,effective_rank,False,uniform_exact_cost__4096,4096,4096,0.016825854979866404,-0.0010405827263267886
modular,transformer_publication_20260622T101458Z_modular_seed109,109,rslora,4096,0,soft_dimension,soft_dimension,soft_dimension,True,uniform_exact_cost__4096,4096,4096,0.016825854979866404,-0.0010405827263267886
modular,transformer_publication_20260622T101458Z_modular_seed109,109,rslora,4096,0,gradient_norm,gradient_norm,gradient_norm,False,uniform_exact_cost__4096,4096,4096,0.015424384802393797,0.0
modular,transformer_publication_20260622T101458Z_modular_seed109,109,rslora,4096,0,marginal_gain_edge,marginal_gain_edge,marginal_gain_edge,False,uniform_exact_cost__4096,4096,4096,-0.0255588515953361,0.0
modular,transformer_publication_20260622T101458Z_modular_seed109,109,rslora,4096,0,marginal_gain_soft,marginal_gain_soft,marginal_gain_soft,False,uniform_exact_cost__4096,4096,4096,-9.728680896829711e-05,0.0
modular,transformer_publication_20260622T101458Z_modular_seed109,109,fixed_update_scale,4096,1,effective_rank,effective_rank,effective_rank,False,uniform_exact_cost__4096,4096,4096,-0.0035173994267085965,0.0
modular,transformer_publication_20260622T101458Z_modular_seed109,109,fixed_update_scale,4096,1,soft_dimension,soft_dimension,soft_dimension,True,uniform_exact_cost__4096,4096,4096,-0.0035173994267085965,0.0
modular,transformer_publication_20260622T101458Z_modular_seed109,109,fixed_update_scale,4096,1,gradient_norm,gradient_norm,gradient_norm,False,uniform_exact_cost__4096,4096,4096,-0.008377783771887297,0.0
modular,transformer_publication_20260622T101458Z_modular_seed109,109,fixed_update_scale,4096,1,marginal_gain_edge,marginal_gain_edge,marginal_gain_edge,False,uniform_exact_cost__4096,4096,4096,-0.0254545603974739,0.0
modular,transformer_publication_20260622T101458Z_modular_seed109,109,fixed_update_scale,4096,1,marginal_gain_soft,marginal_gain_soft,marginal_gain_soft,False,uniform_exact_cost__4096,4096,4096,-0.0079722168131438,0.0
modular,transformer_publication_20260622T101458Z_modular_seed109,109,standard,4096,1,effective_rank,effective_rank,effective_rank,False,uniform_exact_cost__4096,4096,4096,-0.0016849393046360975,0.0
modular,transformer_publication_20260622T101458Z_modular_seed109,109,standard,4096,1,soft_dimension,soft_dimension,soft_dimension,True,uniform_exact_cost__4096,4096,4096,-0.0016849393046360975,0.0
modular,transformer_publication_20260622T101458Z_modular_seed109,109,standard,4096,1,gradient_norm,gradient_norm,gradient_norm,False,uniform_exact_cost__4096,4096,4096,-0.0098576253894464,0.0
modular,transformer_publication_20260622T101458Z_modular_seed109,109,standard,4096,1,marginal_gain_edge,marginal_gain_edge,marginal_gain_edge,False,uniform_exact_cost__4096,4096,4096,-0.0262227467708018,0.0
modular,transformer_publication_20260622T101458Z_modular_seed109,109,standard,4096,1,marginal_gain_soft,marginal_gain_soft,marginal_gain_soft,False,uniform_exact_cost__4096,4096,4096,-0.008696069272233098,0.0
modular,transformer_publication_20260622T101458Z_modular_seed109,109,rslora,4096,1,effective_rank,effective_rank,effective_rank,False,uniform_exact_cost__4096,4096,4096,0.0150146224690091,-0.0010405827263267886
modular,transformer_publication_20260622T101458Z_modular_seed109,109,rslora,4096,1,soft_dimension,soft_dimension,soft_dimension,True,uniform_exact_cost__4096,4096,4096,0.0150146224690091,-0.0010405827263267886
modular,transformer_publication_20260622T101458Z_modular_seed109,109,rslora,4096,1,gradient_norm,gradient_norm,gradient_norm,False,uniform_exact_cost__4096,4096,4096,-0.008844479852579898,0.0
modular,transformer_publication_20260622T101458Z_modular_seed109,109,rslora,4096,1,marginal_gain_edge,marginal_gain_edge,marginal_gain_edge,False,uniform_exact_cost__4096,4096,4096,-0.022747852821116302,0.0
modular,transformer_publication_20260622T101458Z_modular_seed109,109,rslora,4096,1,marginal_gain_soft,marginal_gain_soft,marginal_gain_soft,False,uniform_exact_cost__4096,4096,4096,-0.0028335448087006,0.0
modular,transformer_publication_20260622T101458Z_modular_seed109,109,fixed_update_scale,4096,2,effective_rank,effective_rank,effective_rank,False,uniform_exact_cost__4096,4096,4096,0.010620432379621604,0.0
modular,transformer_publication_20260622T101458Z_modular_seed109,109,fixed_update_scale,4096,2,soft_dimension,soft_dimension,soft_dimension,True,uniform_exact_cost__4096,4096,4096,0.010620432379621604,0.0
modular,transformer_publication_20260622T101458Z_modular_seed109,109,fixed_update_scale,4096,2,gradient_norm,gradient_norm,gradient_norm,False,uniform_exact_cost__4096,4096,4096,0.004252877621354206,0.0
modular,transformer_publication_20260622T101458Z_modular_seed109,109,fixed_update_scale,4096,2,marginal_gain_edge,marginal_gain_edge,marginal_gain_edge,False,uniform_exact_cost__4096,4096,4096,-0.0261627302004042,0.0
modular,transformer_publication_20260622T101458Z_modular_seed109,109,fixed_update_scale,4096,2,marginal_gain_soft,marginal_gain_soft,marginal_gain_soft,False,uniform_exact_cost__4096,4096,4096,-0.0135363828929667,0.0
modular,transformer_publication_20260622T101458Z_modular_seed109,109,standard,4096,2,effective_rank,effective_rank,effective_rank,False,uniform_exact_cost__4096,4096,4096,0.0042300517481832015,0.0
modular,transformer_publication_20260622T101458Z_modular_seed109,109,standard,4096,2,soft_dimension,soft_dimension,soft_dimension,True,uniform_exact_cost__4096,4096,4096,0.0042300517481832015,0.0
modular,transformer_publication_20260622T101458Z_modular_seed109,109,standard,4096,2,gradient_norm,gradient_norm,gradient_norm,False,uniform_exact_cost__4096,4096,4096,-0.007267136871039401,0.0
modular,transformer_publication_20260622T101458Z_modular_seed109,109,standard,4096,2,marginal_gain_edge,marginal_gain_edge,marginal_gain_edge,False,uniform_exact_cost__4096,4096,4096,-0.0167757119231399,0.0
modular,transformer_publication_20260622T101458Z_modular_seed109,109,standard,4096,2,marginal_gain_soft,marginal_gain_soft,marginal_gain_soft,False,uniform_exact_cost__4096,4096,4096,-0.0055503175050237025,0.0
modular,transformer_publication_20260622T101458Z_modular_seed109,109,rslora,4096,2,effective_rank,effective_rank,effective_rank,False,uniform_exact_cost__4096,4096,4096,-0.0163007474327062,0.0020811654526535772
modular,transformer_publication_20260622T101458Z_modular_seed109,109,rslora,4096,2,soft_dimension,soft_dimension,soft_dimension,True,uniform_exact_cost__4096,4096,4096,-0.0163007474327062,0.0020811654526535772
modular,transformer_publication_20260622T101458Z_modular_seed109,109,rslora,4096,2,gradient_norm,gradient_norm,gradient_norm,False,uniform_exact_cost__4096,4096,4096,-0.011692605191661397,0.0010405827263267886
modular,transformer_publication_20260622T101458Z_modular_seed109,109,rslora,4096,2,marginal_gain_edge,marginal_gain_edge,marginal_gain_edge,False,uniform_exact_cost__4096,4096,4096,-0.0481731997382256,0.0020811654526535772
modular,transformer_publication_20260622T101458Z_modular_seed109,109,rslora,4096,2,marginal_gain_soft,marginal_gain_soft,marginal_gain_soft,False,uniform_exact_cost__4096,4096,4096,-0.033848462376305496,0.0020811654526535772
modular,transformer_publication_20260622T101458Z_modular_seed113,113,fixed_update_scale,512,0,effective_rank,effective_rank,effective_rank,False,uniform_exact_cost__448,448,448,0.6534438537633385,-0.13943808532778362
modular,transformer_publication_20260622T101458Z_modular_seed113,113,fixed_update_scale,512,0,soft_dimension,soft_dimension,soft_dimension,True,uniform_exact_cost__448,448,448,0.6534438537633385,-0.13943808532778362
modular,transformer_publication_20260622T101458Z_modular_seed113,113,fixed_update_scale,512,0,gradient_norm,gradient_norm,gradient_norm,False,uniform_exact_cost__448,448,448,-0.24217199162811687,0.06971904266389181
modular,transformer_publication_20260622T101458Z_modular_seed113,113,fixed_update_scale,512,0,marginal_gain_edge,marginal_gain_edge,marginal_gain_edge,False,uniform_exact_cost__448,448,448,0.7928003046688752,-0.15920915712799172
modular,transformer_publication_20260622T101458Z_modular_seed113,113,fixed_update_scale,512,0,marginal_gain_soft,marginal_gain_soft,marginal_gain_soft,False,uniform_exact_cost__448,448,448,0.7928003046688752,-0.15920915712799172
modular,transformer_publication_20260622T101458Z_modular_seed113,113,standard,512,0,effective_rank,effective_rank,effective_rank,False,uniform_exact_cost__448,448,448,0.7822333501107237,-0.13839750260145692
modular,transformer_publication_20260622T101458Z_modular_seed113,113,standard,512,0,soft_dimension,soft_dimension,soft_dimension,True,uniform_exact_cost__448,448,448,0.7822333501107237,-0.13839750260145692
modular,transformer_publication_20260622T101458Z_modular_seed113,113,standard,512,0,gradient_norm,gradient_norm,gradient_norm,False,uniform_exact_cost__448,448,448,0.16263364877214537,0.010405827263267386
modular,transformer_publication_20260622T101458Z_modular_seed113,113,standard,512,0,marginal_gain_edge,marginal_gain_edge,marginal_gain_edge,False,uniform_exact_cost__448,448,448,0.988597644355369,-0.16233090530697192
modular,transformer_publication_20260622T101458Z_modular_seed113,113,standard,512,0,marginal_gain_soft,marginal_gain_soft,marginal_gain_soft,False,uniform_exact_cost__448,448,448,0.988597644355369,-0.16233090530697192
modular,transformer_publication_20260622T101458Z_modular_seed113,113,rslora,512,0,effective_rank,effective_rank,effective_rank,False,uniform_exact_cost__448,448,448,0.44870539361554806,-0.10301768990634758
modular,transformer_publication_20260622T101458Z_modular_seed113,113,rslora,512,0,soft_dimension,soft_dimension,soft_dimension,True,uniform_exact_cost__448,448,448,0.44870539361554806,-0.10301768990634758
modular,transformer_publication_20260622T101458Z_modular_seed113,113,rslora,512,0,gradient_norm,gradient_norm,gradient_norm,False,uniform_exact_cost__448,448,448,-0.25119798587834774,0.0718002081165452
modular,transformer_publication_20260622T101458Z_modular_seed113,113,rslora,512,0,marginal_gain_edge,marginal_gain_edge,marginal_gain_edge,False,uniform_exact_cost__448,448,448,0.739074792623768,-0.16233090530697197
modular,transformer_publication_20260622T101458Z_modular_seed113,113,rslora,512,0,marginal_gain_soft,marginal_gain_soft,marginal_gain_soft,False,uniform_exact_cost__448,448,448,0.739074792623768,-0.16233090530697197
modular,transformer_publication_20260622T101458Z_modular_seed113,113,fixed_update_scale,512,1,effective_rank,effective_rank,effective_rank,False,uniform_exact_cost__448,448,448,0.2908950990742376,-0.06451612903225812
modular,transformer_publication_20260622T101458Z_modular_seed113,113,fixed_update_scale,512,1,soft_dimension,soft_dimension,soft_dimension,True,uniform_exact_cost__448,448,448,0.2908950990742376,-0.06451612903225812
modular,transformer_publication_20260622T101458Z_modular_seed113,113,fixed_update_scale,512,1,gradient_norm,gradient_norm,gradient_norm,False,uniform_exact_cost__448,448,448,-0.17821702302184494,0.068678459937565
modular,transformer_publication_20260622T101458Z_modular_seed113,113,fixed_update_scale,512,1,marginal_gain_edge,marginal_gain_edge,marginal_gain_edge,False,uniform_exact_cost__448,448,448,0.7037803092186459,-0.12174817898022901
modular,transformer_publication_20260622T101458Z_modular_seed113,113,fixed_update_scale,512,1,marginal_gain_soft,marginal_gain_soft,marginal_gain_soft,False,uniform_exact_cost__448,448,448,0.7037803092186459,-0.12174817898022901
modular,transformer_publication_20260622T101458Z_modular_seed113,113,standard,512,1,effective_rank,effective_rank,effective_rank,False,uniform_exact_cost__448,448,448,0.48710483666141124,-0.0822060353798127
modular,transformer_publication_20260622T101458Z_modular_seed113,113,standard,512,1,soft_dimension,soft_dimension,soft_dimension,True,uniform_exact_cost__448,448,448,0.48710483666141124,-0.0822060353798127
modular,transformer_publication_20260622T101458Z_modular_seed113,113,standard,512,1,gradient_norm,gradient_norm,gradient_norm,False,uniform_exact_cost__448,448,448,-0.519355081742809,0.15816857440166499
modular,transformer_publication_20260622T101458Z_modular_seed113,113,standard,512,1,marginal_gain_edge,marginal_gain_edge,marginal_gain_edge,False,uniform_exact_cost__448,448,448,0.4552193479408957,-0.0780437044745057
modular,transformer_publication_20260622T101458Z_modular_seed113,113,standard,512,1,marginal_gain_soft,marginal_gain_soft,marginal_gain_soft,False,uniform_exact_cost__448,448,448,0.4552193479408957,-0.0780437044745057
modular,transformer_publication_20260622T101458Z_modular_seed113,113,rslora,512,1,effective_rank,effective_rank,effective_rank,False,uniform_exact_cost__448,448,448,0.8150263956508574,-0.12903225806451607
modular,transformer_publication_20260622T101458Z_modular_seed113,113,rslora,512,1,soft_dimension,soft_dimension,soft_dimension,True,uniform_exact_cost__448,448,448,0.8150263956508574,-0.12903225806451607
modular,transformer_publication_20260622T101458Z_modular_seed113,113,rslora,512,1,gradient_norm,gradient_norm,gradient_norm,False,uniform_exact_cost__448,448,448,-0.14086123584584564,0.06243496357960465
modular,transformer_publication_20260622T101458Z_modular_seed113,113,rslora,512,1,marginal_gain_edge,marginal_gain_edge,marginal_gain_edge,False,uniform_exact_cost__448,448,448,0.8296934042463193,-0.15920915712799166
modular,transformer_publication_20260622T101458Z_modular_seed113,113,rslora,512,1,marginal_gain_soft,marginal_gain_soft,marginal_gain_soft,False,uniform_exact_cost__448,448,448,0.8296934042463193,-0.15920915712799166
modular,transformer_publication_20260622T101458Z_modular_seed113,113,fixed_update_scale,512,2,effective_rank,effective_rank,effective_rank,False,uniform_exact_cost__448,448,448,0.8479940732485547,-0.14255983350676382
modular,transformer_publication_20260622T101458Z_modular_seed113,113,fixed_update_scale,512,2,soft_dimension,soft_dimension,soft_dimension,True,uniform_exact_cost__448,448,448,0.8479940732485547,-0.14255983350676382
modular,transformer_publication_20260622T101458Z_modular_seed113,113,fixed_update_scale,512,2,gradient_norm,gradient_norm,gradient_norm,False,uniform_exact_cost__448,448,448,-0.16369778308610394,0.08740894901144639
modular,transformer_publication_20260622T101458Z_modular_seed113,113,fixed_update_scale,512,2,marginal_gain_edge,marginal_gain_edge,marginal_gain_edge,False,uniform_exact_cost__448,448,448,0.7459267508102871,-0.11862643080124871
modular,transformer_publication_20260622T101458Z_modular_seed113,113,fixed_update_scale,512,2,marginal_gain_soft,marginal_gain_soft,marginal_gain_soft,False,uniform_exact_cost__448,448,448,0.7459267508102871,-0.11862643080124871
modular,transformer_publication_20260622T101458Z_modular_seed113,113,standard,512,2,effective_rank,effective_rank,effective_rank,False,uniform_exact_cost__448,448,448,0.45936609554985486,-0.021852237252861603
modular,transformer_publication_20260622T101458Z_modular_seed113,113,standard,512,2,soft_dimension,soft_dimension,soft_dimension,True,uniform_exact_cost__448,448,448,0.45936609554985486,-0.021852237252861603
modular,transformer_publication_20260622T101458Z_modular_seed113,113,standard,512,2,gradient_norm,gradient_norm,gradient_norm,False,uniform_exact_cost__448,448,448,-0.24781446948135777,0.09157127991675339
modular,transformer_publication_20260622T101458Z_modular_seed113,113,standard,512,2,marginal_gain_edge,marginal_gain_edge,marginal_gain_edge,False,uniform_exact_cost__448,448,448,0.19232038007690555,0.019771071800208095
modular,transformer_publication_20260622T101458Z_modular_seed113,113,standard,512,2,marginal_gain_soft,marginal_gain_soft,marginal_gain_soft,False,uniform_exact_cost__448,448,448,0.19232038007690555,0.019771071800208095
modular,transformer_publication_20260622T101458Z_modular_seed113,113,rslora,512,2,effective_rank,effective_rank,effective_rank,False,uniform_exact_cost__448,448,448,0.8432139308345921,-0.19667013527575442
modular,transformer_publication_20260622T101458Z_modular_seed113,113,rslora,512,2,soft_dimension,soft_dimension,soft_dimension,True,uniform_exact_cost__448,448,448,0.8432139308345921,-0.19667013527575442
modular,transformer_publication_20260622T101458Z_modular_seed113,113,rslora,512,2,gradient_norm,gradient_norm,gradient_norm,False,uniform_exact_cost__448,448,448,0.15676565150440513,-0.0489073881373569
modular,transformer_publication_20260622T101458Z_modular_seed113,113,rslora,512,2,marginal_gain_edge,marginal_gain_edge,marginal_gain_edge,False,uniform_exact_cost__448,448,448,1.0322445428830402,-0.22476586888657651
modular,transformer_publication_20260622T101458Z_modular_seed113,113,rslora,512,2,marginal_gain_soft,marginal_gain_soft,marginal_gain_soft,False,uniform_exact_cost__448,448,448,1.0322445428830402,-0.22476586888657651
modular,transformer_publication_20260622T101458Z_modular_seed113,113,fixed_update_scale,1024,0,effective_rank,effective_rank,effective_rank,False,uniform_exact_cost__1024,1024,1024,-0.6802458168936818,0.22892819979188345
modular,transformer_publication_20260622T101458Z_modular_seed113,113,fixed_update_scale,1024,0,soft_dimension,soft_dimension,soft_dimension,True,uniform_exact_cost__1024,1024,1024,-0.6454437563000064,0.1935483870967742
modular,transformer_publication_20260622T101458Z_modular_seed113,113,fixed_update_scale,1024,0,gradient_norm,gradient_norm,gradient_norm,False,uniform_exact_cost__1024,1024,1024,-0.8857918649012538,0.2976066597294485
modular,transformer_publication_20260622T101458Z_modular_seed113,113,fixed_update_scale,1024,0,marginal_gain_edge,marginal_gain_edge,marginal_gain_edge,False,uniform_exact_cost__1024,1024,1024,-0.06964959264669912,0.027055150884495283
modular,transformer_publication_20260622T101458Z_modular_seed113,113,fixed_update_scale,1024,0,marginal_gain_soft,marginal_gain_soft,marginal_gain_soft,False,uniform_exact_cost__1024,1024,1024,-0.06964959264669912,0.027055150884495283
modular,transformer_publication_20260622T101458Z_modular_seed113,113,standard,1024,0,effective_rank,effective_rank,effective_rank,False,uniform_exact_cost__1024,1024,1024,-0.5639255249041298,0.22164412070759631
modular,transformer_publication_20260622T101458Z_modular_seed113,113,standard,1024,0,soft_dimension,soft_dimension,soft_dimension,True,uniform_exact_cost__1024,1024,1024,-0.18394421079776513,0.06971904266389184
modular,transformer_publication_20260622T101458Z_modular_seed113,113,standard,1024,0,gradient_norm,gradient_norm,gradient_norm,False,uniform_exact_cost__1024,1024,1024,-0.2833689619921742,0.09781477627471391
modular,transformer_publication_20260622T101458Z_modular_seed113,113,standard,1024,0,marginal_gain_edge,marginal_gain_edge,marginal_gain_edge,False,uniform_exact_cost__1024,1024,1024,1.5301991296732471,-0.42767950052029136
modular,transformer_publication_20260622T101458Z_modular_seed113,113,standard,1024,0,marginal_gain_soft,marginal_gain_soft,marginal_gain_soft,False,uniform_exact_cost__1024,1024,1024,1.5301991296732471,-0.42767950052029136
modular,transformer_publication_20260622T101458Z_modular_seed113,113,rslora,1024,0,effective_rank,effective_rank,effective_rank,False,uniform_exact_cost__1024,1024,1024,-0.22900587202483003,0.06139438085327786
modular,transformer_publication_20260622T101458Z_modular_seed113,113,rslora,1024,0,soft_dimension,soft_dimension,soft_dimension,True,uniform_exact_cost__1024,1024,1024,-0.17788082578303777,0.02913631633714886
modular,transformer_publication_20260622T101458Z_modular_seed113,113,rslora,1024,0,gradient_norm,gradient_norm,gradient_norm,False,uniform_exact_cost__1024,1024,1024,-0.6232454789168628,0.2018730489073881
modular,transformer_publication_20260622T101458Z_modular_seed113,113,rslora,1024,0,marginal_gain_edge,marginal_gain_edge,marginal_gain_edge,False,uniform_exact_cost__1024,1024,1024,0.24152057748927547,-0.08740894901144641
modular,transformer_publication_20260622T101458Z_modular_seed113,113,rslora,1024,0,marginal_gain_soft,marginal_gain_soft,marginal_gain_soft,False,uniform_exact_cost__1024,1024,1024,0.24152057748927547,-0.08740894901144641
modular,transformer_publication_20260622T101458Z_modular_seed113,113,fixed_update_scale,1024,1,effective_rank,effective_rank,effective_rank,False,uniform_exact_cost__1024,1024,1024,0.4917595799582062,-0.1789802289281998
modular,transformer_publication_20260622T101458Z_modular_seed113,113,fixed_update_scale,1024,1,soft_dimension,soft_dimension,soft_dimension,True,uniform_exact_cost__1024,1024,1024,0.051843813133041206,-0.06451612903225812
modular,transformer_publication_20260622T101458Z_modular_seed113,113,fixed_update_scale,1024,1,gradient_norm,gradient_norm,gradient_norm,False,uniform_exact_cost__1024,1024,1024,0.04265668290462754,-0.020811654526534884
modular,transformer_publication_20260622T101458Z_modular_seed113,113,fixed_update_scale,1024,1,marginal_gain_edge,marginal_gain_edge,marginal_gain_edge,False,uniform_exact_cost__1024,1024,1024,0.7424991666712448,-0.2684703433922997
modular,transformer_publication_20260622T101458Z_modular_seed113,113,fixed_update_scale,1024,1,marginal_gain_soft,marginal_gain_soft,marginal_gain_soft,False,uniform_exact_cost__1024,1024,1024,0.7424991666712448,-0.2684703433922997
modular,transformer_publication_20260622T101458Z_modular_seed113,113,standard,1024,1,effective_rank,effective_rank,effective_rank,False,uniform_exact_cost__1024,1024,1024,0.3968919391562611,-0.14568158168574397
modular,transformer_publication_20260622T101458Z_modular_seed113,113,standard,1024,1,soft_dimension,soft_dimension,soft_dimension,True,uniform_exact_cost__1024,1024,1024,0.39486823766710333,-0.09573361082206033
modular,transformer_publication_20260622T101458Z_modular_seed113,113,standard,1024,1,gradient_norm,gradient_norm,gradient_norm,False,uniform_exact_cost__1024,1024,1024,1.6112735772604256,-0.4703433922996878
modular,transformer_publication_20260622T101458Z_modular_seed113,113,standard,1024,1,marginal_gain_edge,marginal_gain_edge,marginal_gain_edge,False,uniform_exact_cost__1024,1024,1024,1.9774768317775349,-0.5889698231009365
modular,transformer_publication_20260622T101458Z_modular_seed113,113,standard,1024,1,marginal_gain_soft,marginal_gain_soft,marginal_gain_soft,False,uniform_exact_cost__1024,1024,1024,1.9774768317775349,-0.5889698231009365
modular,transformer_publication_20260622T101458Z_modular_seed113,113,rslora,1024,1,effective_rank,effective_rank,effective_rank,False,uniform_exact_cost__1024,1024,1024,-0.422404388421284,0.14776274713839754
modular,transformer_publication_20260622T101458Z_modular_seed113,113,rslora,1024,1,soft_dimension,soft_dimension,soft_dimension,True,uniform_exact_cost__1024,1024,1024,0.014137478946522952,-0.030176899063475537
modular,transformer_publication_20260622T101458Z_modular_seed113,113,rslora,1024,1,gradient_norm,gradient_norm,gradient_norm,False,uniform_exact_cost__1024,1024,1024,0.31093496512175833,-0.12174817898022894
modular,transformer_publication_20260622T101458Z_modular_seed113,113,rslora,1024,1,marginal_gain_edge,marginal_gain_edge,marginal_gain_edge,False,uniform_exact_cost__1024,1024,1024,1.752262974132732,-0.5338189386056191
modular,transformer_publication_20260622T101458Z_modular_seed113,113,rslora,1024,1,marginal_gain_soft,marginal_gain_soft,marginal_gain_soft,False,uniform_exact_cost__1024,1024,1024,1.752262974132732,-0.5338189386056191
modular,transformer_publication_20260622T101458Z_modular_seed113,113,fixed_update_scale,1024,2,effective_rank,effective_rank,effective_rank,False,uniform_exact_cost__1024,1024,1024,-0.21695409710523883,0.07075962539021852
modular,transformer_publication_20260622T101458Z_modular_seed113,113,fixed_update_scale,1024,2,soft_dimension,soft_dimension,soft_dimension,True,uniform_exact_cost__1024,1024,1024,-0.13169400190835712,0.04058272632674298
modular,transformer_publication_20260622T101458Z_modular_seed113,113,fixed_update_scale,1024,2,gradient_norm,gradient_norm,gradient_norm,False,uniform_exact_cost__1024,1024,1024,-0.0024767103105878263,-0.008324661810613976
modular,transformer_publication_20260622T101458Z_modular_seed113,113,fixed_update_scale,1024,2,marginal_gain_edge,marginal_gain_edge,marginal_gain_edge,False,uniform_exact_cost__1024,1024,1024,1.2776154816832923,-0.39334027055150883
modular,transformer_publication_20260622T101458Z_modular_seed113,113,fixed_update_scale,1024,2,marginal_gain_soft,marginal_gain_soft,marginal_gain_soft,False,uniform_exact_cost__1024,1024,1024,1.2776154816832923,-0.39334027055150883
modular,transformer_publication_20260622T101458Z_modular_seed113,113,standard,1024,2,effective_rank,effective_rank,effective_rank,False,uniform_exact_cost__1024,1024,1024,1.1695988380449993,-0.3142559833506764
modular,transformer_publication_20260622T101458Z_modular_seed113,113,standard,1024,2,soft_dimension,soft_dimension,soft_dimension,True,uniform_exact_cost__1024,1024,1024,-0.6677971529414825,0.23517169614984396
modular,transformer_publication_20260622T101458Z_modular_seed113,113,standard,1024,2,gradient_norm,gradient_norm,gradient_norm,False,uniform_exact_cost__1024,1024,1024,1.426804314170742,-0.40374609781477633
modular,transformer_publication_20260622T101458Z_modular_seed113,113,standard,1024,2,marginal_gain_edge,marginal_gain_edge,marginal_gain_edge,False,uniform_exact_cost__1024,1024,1024,1.8590864841201178,-0.4318418314255983
modular,transformer_publication_20260622T101458Z_modular_seed113,113,standard,1024,2,marginal_gain_soft,marginal_gain_soft,marginal_gain_soft,False,uniform_exact_cost__1024,1024,1024,1.8590864841201178,-0.4318418314255983
modular,transformer_publication_20260622T101458Z_modular_seed113,113,rslora,1024,2,effective_rank,effective_rank,effective_rank,False,uniform_exact_cost__1024,1024,1024,0.29890300914970824,-0.10093652445369405
modular,transformer_publication_20260622T101458Z_modular_seed113,113,rslora,1024,2,soft_dimension,soft_dimension,soft_dimension,True,uniform_exact_cost__1024,1024,1024,-0.24120985221168123,0.06971904266389173
modular,transformer_publication_20260622T101458Z_modular_seed113,113,rslora,1024,2,gradient_norm,gradient_norm,gradient_norm,False,uniform_exact_cost__1024,1024,1024,-0.024628041562130942,-0.010405827263267442
modular,transformer_publication_20260622T101458Z_modular_seed113,113,rslora,1024,2,marginal_gain_edge,marginal_gain_edge,marginal_gain_edge,False,uniform_exact_cost__1024,1024,1024,2.013580974753516,-0.5660770031217481
modular,transformer_publication_20260622T101458Z_modular_seed113,113,rslora,1024,2,marginal_gain_soft,marginal_gain_soft,marginal_gain_soft,False,uniform_exact_cost__1024,1024,1024,2.013580974753516,-0.5660770031217481
modular,transformer_publication_20260622T101458Z_modular_seed113,113,fixed_update_scale,1536,0,effective_rank,effective_rank,effective_rank,False,uniform_exact_cost__1536,1536,1536,-0.18544682751833208,0.06139438085327786
modular,transformer_publication_20260622T101458Z_modular_seed113,113,fixed_update_scale,1536,0,soft_dimension,soft_dimension,soft_dimension,True,uniform_exact_cost__1472,1472,1472,-0.08899376512690216,-0.004162330905306932
modular,transformer_publication_20260622T101458Z_modular_seed113,113,fixed_update_scale,1536,0,gradient_norm,gradient_norm,gradient_norm,False,uniform_exact_cost__1472,1472,1472,-0.2733491136926023,0.07284079084287198
modular,transformer_publication_20260622T101458Z_modular_seed113,113,fixed_update_scale,1536,0,marginal_gain_edge,marginal_gain_edge,marginal_gain_edge,False,uniform_exact_cost__1536,1536,1536,-0.21094934160081702,0.08012486992715917
modular,transformer_publication_20260622T101458Z_modular_seed113,113,fixed_update_scale,1536,0,marginal_gain_soft,marginal_gain_soft,marginal_gain_soft,False,uniform_exact_cost__1536,1536,1536,-0.21094934160081702,0.08012486992715917
modular,transformer_publication_20260622T101458Z_modular_seed113,113,standard,1536,0,effective_rank,effective_rank,effective_rank,False,uniform_exact_cost__1536,1536,1536,-0.3199843970843582,0.11550468262226854
modular,transformer_publication_20260622T101458Z_modular_seed113,113,standard,1536,0,soft_dimension,soft_dimension,soft_dimension,True,uniform_exact_cost__1472,1472,1472,-0.1425371578779231,0.043704474505723234
modular,transformer_publication_20260622T101458Z_modular_seed113,113,standard,1536,0,gradient_norm,gradient_norm,gradient_norm,False,uniform_exact_cost__1472,1472,1472,-0.286294666587004,0.0780437044745057
modular,transformer_publication_20260622T101458Z_modular_seed113,113,standard,1536,0,marginal_gain_edge,marginal_gain_edge,marginal_gain_edge,False,uniform_exact_cost__1536,1536,1536,-0.21372628943853156,0.10822060353798135
modular,transformer_publication_20260622T101458Z_modular_seed113,113,standard,1536,0,marginal_gain_soft,marginal_gain_soft,marginal_gain_soft,False,uniform_exact_cost__1536,1536,1536,-0.21372628943853156,0.10822060353798135
modular,transformer_publication_20260622T101458Z_modular_seed113,113,rslora,1536,0,effective_rank,effective_rank,effective_rank,False,uniform_exact_cost__1536,1536,1536,-0.1862131308814613,0.06139438085327786
modular,transformer_publication_20260622T101458Z_modular_seed113,113,rslora,1536,0,soft_dimension,soft_dimension,soft_dimension,True,uniform_exact_cost__1472,1472,1472,-0.21909226140668314,0.09261186264308019
modular,transformer_publication_20260622T101458Z_modular_seed113,113,rslora,1536,0,gradient_norm,gradient_norm,gradient_norm,False,uniform_exact_cost__1472,1472,1472,-0.16505282422630396,0.05827263267429761
modular,transformer_publication_20260622T101458Z_modular_seed113,113,rslora,1536,0,marginal_gain_edge,marginal_gain_edge,marginal_gain_edge,False,uniform_exact_cost__1536,1536,1536,-0.39335135205355193,0.14151925078043703
modular,transformer_publication_20260622T101458Z_modular_seed113,113,rslora,1536,0,marginal_gain_soft,marginal_gain_soft,marginal_gain_soft,False,uniform_exact_cost__1536,1536,1536,-0.39335135205355193,0.14151925078043703
modular,transformer_publication_20260622T101458Z_modular_seed113,113,fixed_update_scale,1536,1,effective_rank,effective_rank,effective_rank,False,uniform_exact_cost__1536,1536,1536,-0.15116798384628732,0.0457856399583767
modular,transformer_publication_20260622T101458Z_modular_seed113,113,fixed_update_scale,1536,1,soft_dimension,soft_dimension,soft_dimension,True,uniform_exact_cost__1472,1472,1472,-0.24915794843689576,0.08324661810613943
modular,transformer_publication_20260622T101458Z_modular_seed113,113,fixed_update_scale,1536,1,gradient_norm,gradient_norm,gradient_norm,False,uniform_exact_cost__1472,1472,1472,-0.39909732558848826,0.14776274713839765
modular,transformer_publication_20260622T101458Z_modular_seed113,113,fixed_update_scale,1536,1,marginal_gain_edge,marginal_gain_edge,marginal_gain_edge,False,uniform_exact_cost__1536,1536,1536,-0.1470266566626363,0.06243496357960454
modular,transformer_publication_20260622T101458Z_modular_seed113,113,fixed_update_scale,1536,1,marginal_gain_soft,marginal_gain_soft,marginal_gain_soft,False,uniform_exact_cost__1536,1536,1536,-0.1470266566626363,0.06243496357960454
modular,transformer_publication_20260622T101458Z_modular_seed113,113,standard,1536,1,effective_rank,effective_rank,effective_rank,False,uniform_exact_cost__1536,1536,1536,0.3966129896668068,-0.13423517169614985
modular,transformer_publication_20260622T101458Z_modular_seed113,113,standard,1536,1,soft_dimension,soft_dimension,soft_dimension,True,uniform_exact_cost__1472,1472,1472,-0.6687928587043198,0.2819979188345473
modular,transformer_publication_20260622T101458Z_modular_seed113,113,standard,1536,1,gradient_norm,gradient_norm,gradient_norm,False,uniform_exact_cost__1472,1472,1472,-0.32671208733946666,0.16545265348595206
modular,transformer_publication_20260622T101458Z_modular_seed113,113,standard,1536,1,marginal_gain_edge,marginal_gain_edge,marginal_gain_edge,False,uniform_exact_cost__1536,1536,1536,0.2446396261546665,-0.07388137356919877
modular,transformer_publication_20260622T101458Z_modular_seed113,113,standard,1536,1,marginal_gain_soft,marginal_gain_soft,marginal_gain_soft,False,uniform_exact_cost__1536,1536,1536,0.2446396261546665,-0.07388137356919877
modular,transformer_publication_20260622T101458Z_modular_seed113,113,rslora,1536,1,effective_rank,effective_rank,effective_rank,False,uniform_exact_cost__1536,1536,1536,-0.5237065459389345,0.18522372528616027
modular,transformer_publication_20260622T101458Z_modular_seed113,113,rslora,1536,1,soft_dimension,soft_dimension,soft_dimension,True,uniform_exact_cost__1472,1472,1472,-0.27280557813058903,0.13527575442247664
modular,transformer_publication_20260622T101458Z_modular_seed113,113,rslora,1536,1,gradient_norm,gradient_norm,gradient_norm,False,uniform_exact_cost__1472,1472,1472,-0.36704448842357273,0.1436004162330905
modular,transformer_publication_20260622T101458Z_modular_seed113,113,rslora,1536,1,marginal_gain_edge,marginal_gain_edge,marginal_gain_edge,False,uniform_exact_cost__1536,1536,1536,-0.5622634042624257,0.18626430801248706
modular,transformer_publication_20260622T101458Z_modular_seed113,113,rslora,1536,1,marginal_gain_soft,marginal_gain_soft,marginal_gain_soft,False,uniform_exact_cost__1536,1536,1536,-0.5622634042624257,0.18626430801248706
modular,transformer_publication_20260622T101458Z_modular_seed113,113,fixed_update_scale,1536,2,effective_rank,effective_rank,effective_rank,False,uniform_exact_cost__1536,1536,1536,0.13271495938673228,-0.0593132154006244
modular,transformer_publication_20260622T101458Z_modular_seed113,113,fixed_update_scale,1536,2,soft_dimension,soft_dimension,soft_dimension,True,uniform_exact_cost__1472,1472,1472,0.11576815096818449,-0.032258064516129004
modular,transformer_publication_20260622T101458Z_modular_seed113,113,fixed_update_scale,1536,2,gradient_norm,gradient_norm,gradient_norm,False,uniform_exact_cost__1472,1472,1472,0.09806543414972324,-0.02913631633714875
modular,transformer_publication_20260622T101458Z_modular_seed113,113,fixed_update_scale,1536,2,marginal_gain_edge,marginal_gain_edge,marginal_gain_edge,False,uniform_exact_cost__1536,1536,1536,-0.10558590035532806,0.024973985431841816
modular,transformer_publication_20260622T101458Z_modular_seed113,113,fixed_update_scale,1536,2,marginal_gain_soft,marginal_gain_soft,marginal_gain_soft,False,uniform_exact_cost__1536,1536,1536,-0.10558590035532806,0.024973985431841816
modular,transformer_publication_20260622T101458Z_modular_seed113,113,standard,1536,2,effective_rank,effective_rank,effective_rank,False,uniform_exact_cost__1536,1536,1536,-0.25465650606850065,0.0718002081165452
modular,transformer_publication_20260622T101458Z_modular_seed113,113,standard,1536,2,soft_dimension,soft_dimension,soft_dimension,True,uniform_exact_cost__1472,1472,1472,-0.3656322706750478,0.10718002081165456
modular,transformer_publication_20260622T101458Z_modular_seed113,113,standard,1536,2,gradient_norm,gradient_norm,gradient_norm,False,uniform_exact_cost__1472,1472,1472,-0.32213840908860314,0.06139438085327786
modular,transformer_publication_20260622T101458Z_modular_seed113,113,standard,1536,2,marginal_gain_edge,marginal_gain_edge,marginal_gain_edge,False,uniform_exact_cost__1536,1536,1536,-0.29495999431014686,0.07492195629552545
modular,transformer_publication_20260622T101458Z_modular_seed113,113,standard,1536,2,marginal_gain_soft,marginal_gain_soft,marginal_gain_soft,False,uniform_exact_cost__1536,1536,1536,-0.29495999431014686,0.07492195629552545
modular,transformer_publication_20260622T101458Z_modular_seed113,113,rslora,1536,2,effective_rank,effective_rank,effective_rank,False,uniform_exact_cost__1536,1536,1536,-0.21429633070849474,0.06139438085327786
modular,transformer_publication_20260622T101458Z_modular_seed113,113,rslora,1536,2,soft_dimension,soft_dimension,soft_dimension,True,uniform_exact_cost__1472,1472,1472,-0.37702276034360127,0.1363163371488033
modular,transformer_publication_20260622T101458Z_modular_seed113,113,rslora,1536,2,gradient_norm,gradient_norm,gradient_norm,False,uniform_exact_cost__1472,1472,1472,-0.19902940291395788,0.09885535900104059
modular,transformer_publication_20260622T101458Z_modular_seed113,113,rslora,1536,2,marginal_gain_edge,marginal_gain_edge,marginal_gain_edge,False,uniform_exact_cost__1536,1536,1536,-0.4833072148550313,0.14151925078043703
modular,transformer_publication_20260622T101458Z_modular_seed113,113,rslora,1536,2,marginal_gain_soft,marginal_gain_soft,marginal_gain_soft,False,uniform_exact_cost__1536,1536,1536,-0.4833072148550313,0.14151925078043703
modular,transformer_publication_20260622T101458Z_modular_seed113,113,fixed_update_scale,2048,0,effective_rank,effective_rank,effective_rank,False,uniform_exact_cost__2048,2048,2048,0.034222857481979285,-0.024973985431841816
modular,transformer_publication_20260622T101458Z_modular_seed113,113,fixed_update_scale,2048,0,soft_dimension,soft_dimension,soft_dimension,True,uniform_exact_cost__2048,2048,2048,0.034222857481979285,-0.024973985431841816
modular,transformer_publication_20260622T101458Z_modular_seed113,113,fixed_update_scale,2048,0,gradient_norm,gradient_norm,gradient_norm,False,uniform_exact_cost__2048,2048,2048,-0.08357807600039224,0.013527575442247808
modular,transformer_publication_20260622T101458Z_modular_seed113,113,fixed_update_scale,2048,0,marginal_gain_edge,marginal_gain_edge,marginal_gain_edge,False,uniform_exact_cost__2048,2048,2048,0.034222857481979285,-0.024973985431841816
modular,transformer_publication_20260622T101458Z_modular_seed113,113,fixed_update_scale,2048,0,marginal_gain_soft,marginal_gain_soft,marginal_gain_soft,False,uniform_exact_cost__2048,2048,2048,0.034222857481979285,-0.024973985431841816
modular,transformer_publication_20260622T101458Z_modular_seed113,113,standard,2048,0,effective_rank,effective_rank,effective_rank,False,uniform_exact_cost__2048,2048,2048,-0.03272540890587483,0.00624349635796051
modular,transformer_publication_20260622T101458Z_modular_seed113,113,standard,2048,0,soft_dimension,soft_dimension,soft_dimension,True,uniform_exact_cost__2048,2048,2048,-0.03272540890587483,0.00624349635796051
modular,transformer_publication_20260622T101458Z_modular_seed113,113,standard,2048,0,gradient_norm,gradient_norm,gradient_norm,False,uniform_exact_cost__2048,2048,2048,-0.094420956058135,0.02289281997918824
modular,transformer_publication_20260622T101458Z_modular_seed113,113,standard,2048,0,marginal_gain_edge,marginal_gain_edge,marginal_gain_edge,False,uniform_exact_cost__2048,2048,2048,-0.03272540890587483,0.00624349635796051
modular,transformer_publication_20260622T101458Z_modular_seed113,113,standard,2048,0,marginal_gain_soft,marginal_gain_soft,marginal_gain_soft,False,uniform_exact_cost__2048,2048,2048,-0.03272540890587483,0.00624349635796051
modular,transformer_publication_20260622T101458Z_modular_seed113,113,rslora,2048,0,effective_rank,effective_rank,effective_rank,False,uniform_exact_cost__2048,2048,2048,-0.0816530102435557,0.0395421436004163
modular,transformer_publication_20260622T101458Z_modular_seed113,113,rslora,2048,0,soft_dimension,soft_dimension,soft_dimension,True,uniform_exact_cost__2048,2048,2048,-0.0816530102435557,0.0395421436004163
modular,transformer_publication_20260622T101458Z_modular_seed113,113,rslora,2048,0,gradient_norm,gradient_norm,gradient_norm,False,uniform_exact_cost__2048,2048,2048,-0.16625174529594633,0.06555671175858468
modular,transformer_publication_20260622T101458Z_modular_seed113,113,rslora,2048,0,marginal_gain_edge,marginal_gain_edge,marginal_gain_edge,False,uniform_exact_cost__2048,2048,2048,-0.0816530102435557,0.0395421436004163
modular,transformer_publication_20260622T101458Z_modular_seed113,113,rslora,2048,0,marginal_gain_soft,marginal_gain_soft,marginal_gain_soft,False,uniform_exact_cost__2048,2048,2048,-0.0816530102435557,0.0395421436004163
modular,transformer_publication_20260622T101458Z_modular_seed113,113,fixed_update_scale,2048,1,effective_rank,effective_rank,effective_rank,False,uniform_exact_cost__2048,2048,2048,-0.016017316252334213,0.018730489073881196
modular,transformer_publication_20260622T101458Z_modular_seed113,113,fixed_update_scale,2048,1,soft_dimension,soft_dimension,soft_dimension,True,uniform_exact_cost__2048,2048,2048,-0.016017316252334213,0.018730489073881196
modular,transformer_publication_20260622T101458Z_modular_seed113,113,fixed_update_scale,2048,1,gradient_norm,gradient_norm,gradient_norm,False,uniform_exact_cost__2048,2048,2048,-0.0912216999156169,0.02705515088449517
modular,transformer_publication_20260622T101458Z_modular_seed113,113,fixed_update_scale,2048,1,marginal_gain_edge,marginal_gain_edge,marginal_gain_edge,False,uniform_exact_cost__2048,2048,2048,-0.016017316252334213,0.018730489073881196
modular,transformer_publication_20260622T101458Z_modular_seed113,113,fixed_update_scale,2048,1,marginal_gain_soft,marginal_gain_soft,marginal_gain_soft,False,uniform_exact_cost__2048,2048,2048,-0.016017316252334213,0.018730489073881196
modular,transformer_publication_20260622T101458Z_modular_seed113,113,standard,2048,1,effective_rank,effective_rank,effective_rank,False,uniform_exact_cost__2048,2048,2048,-0.03340182266547953,0.0395421436004163
modular,transformer_publication_20260622T101458Z_modular_seed113,113,standard,2048,1,soft_dimension,soft_dimension,soft_dimension,True,uniform_exact_cost__2048,2048,2048,-0.03340182266547953,0.0395421436004163
modular,transformer_publication_20260622T101458Z_modular_seed113,113,standard,2048,1,gradient_norm,gradient_norm,gradient_norm,False,uniform_exact_cost__2048,2048,2048,-0.13506807431842244,0.043704474505723234
modular,transformer_publication_20260622T101458Z_modular_seed113,113,standard,2048,1,marginal_gain_edge,marginal_gain_edge,marginal_gain_edge,False,uniform_exact_cost__2048,2048,2048,-0.03340182266547953,0.0395421436004163
modular,transformer_publication_20260622T101458Z_modular_seed113,113,standard,2048,1,marginal_gain_soft,marginal_gain_soft,marginal_gain_soft,False,uniform_exact_cost__2048,2048,2048,-0.03340182266547953,0.0395421436004163
modular,transformer_publication_20260622T101458Z_modular_seed113,113,rslora,2048,1,effective_rank,effective_rank,effective_rank,False,uniform_exact_cost__2048,2048,2048,0.03595323728845218,-0.01144640998959423
modular,transformer_publication_20260622T101458Z_modular_seed113,113,rslora,2048,1,soft_dimension,soft_dimension,soft_dimension,True,uniform_exact_cost__2048,2048,2048,0.03595323728845218,-0.01144640998959423
modular,transformer_publication_20260622T101458Z_modular_seed113,113,rslora,2048,1,gradient_norm,gradient_norm,gradient_norm,False,uniform_exact_cost__2048,2048,2048,-0.11152604181982351,0.04058272632674309
modular,transformer_publication_20260622T101458Z_modular_seed113,113,rslora,2048,1,marginal_gain_edge,marginal_gain_edge,marginal_gain_edge,False,uniform_exact_cost__2048,2048,2048,0.03595323728845218,-0.01144640998959423
modular,transformer_publication_20260622T101458Z_modular_seed113,113,rslora,2048,1,marginal_gain_soft,marginal_gain_soft,marginal_gain_soft,False,uniform_exact_cost__2048,2048,2048,0.03595323728845218,-0.01144640998959423
modular,transformer_publication_20260622T101458Z_modular_seed113,113,fixed_update_scale,2048,2,effective_rank,effective_rank,effective_rank,False,uniform_exact_cost__2048,2048,2048,-0.03300350532323343,0.0010405827263267886
modular,transformer_publication_20260622T101458Z_modular_seed113,113,fixed_update_scale,2048,2,soft_dimension,soft_dimension,soft_dimension,True,uniform_exact_cost__2048,2048,2048,-0.03300350532323343,0.0010405827263267886
modular,transformer_publication_20260622T101458Z_modular_seed113,113,fixed_update_scale,2048,2,gradient_norm,gradient_norm,gradient_norm,False,uniform_exact_cost__2048,2048,2048,0.18599072771687664,-0.08740894901144625
modular,transformer_publication_20260622T101458Z_modular_seed113,113,fixed_update_scale,2048,2,marginal_gain_edge,marginal_gain_edge,marginal_gain_edge,False,uniform_exact_cost__2048,2048,2048,-0.03300350532323343,0.0010405827263267886
modular,transformer_publication_20260622T101458Z_modular_seed113,113,fixed_update_scale,2048,2,marginal_gain_soft,marginal_gain_soft,marginal_gain_soft,False,uniform_exact_cost__2048,2048,2048,-0.03300350532323343,0.0010405827263267886
modular,transformer_publication_20260622T101458Z_modular_seed113,113,standard,2048,2,effective_rank,effective_rank,effective_rank,False,uniform_exact_cost__2048,2048,2048,-0.07693811739396605,0.0
modular,transformer_publication_20260622T101458Z_modular_seed113,113,standard,2048,2,soft_dimension,soft_dimension,soft_dimension,True,uniform_exact_cost__2048,2048,2048,-0.07693811739396605,0.0
modular,transformer_publication_20260622T101458Z_modular_seed113,113,standard,2048,2,gradient_norm,gradient_norm,gradient_norm,False,uniform_exact_cost__2048,2048,2048,-0.10892933861398058,0.021852237252861673
modular,transformer_publication_20260622T101458Z_modular_seed113,113,standard,2048,2,marginal_gain_edge,marginal_gain_edge,marginal_gain_edge,False,uniform_exact_cost__2048,2048,2048,-0.07693811739396605,0.0
modular,transformer_publication_20260622T101458Z_modular_seed113,113,standard,2048,2,marginal_gain_soft,marginal_gain_soft,marginal_gain_soft,False,uniform_exact_cost__2048,2048,2048,-0.07693811739396605,0.0
modular,transformer_publication_20260622T101458Z_modular_seed113,113,rslora,2048,2,effective_rank,effective_rank,effective_rank,False,uniform_exact_cost__2048,2048,2048,-0.04163343008921622,0.006243496357960399
modular,transformer_publication_20260622T101458Z_modular_seed113,113,rslora,2048,2,soft_dimension,soft_dimension,soft_dimension,True,uniform_exact_cost__2048,2048,2048,-0.04163343008921622,0.006243496357960399
modular,transformer_publication_20260622T101458Z_modular_seed113,113,rslora,2048,2,gradient_norm,gradient_norm,gradient_norm,False,uniform_exact_cost__2048,2048,2048,-0.04528481180660432,0.015608740894901163
modular,transformer_publication_20260622T101458Z_modular_seed113,113,rslora,2048,2,marginal_gain_edge,marginal_gain_edge,marginal_gain_edge,False,uniform_exact_cost__2048,2048,2048,-0.04163343008921622,0.006243496357960399
modular,transformer_publication_20260622T101458Z_modular_seed113,113,rslora,2048,2,marginal_gain_soft,marginal_gain_soft,marginal_gain_soft,False,uniform_exact_cost__2048,2048,2048,-0.04163343008921622,0.006243496357960399
modular,transformer_publication_20260622T101458Z_modular_seed113,113,fixed_update_scale,3072,0,effective_rank,effective_rank,effective_rank,False,uniform_exact_cost__3072,3072,3072,0.02450857835586312,-0.006243496357960621
modular,transformer_publication_20260622T101458Z_modular_seed113,113,fixed_update_scale,3072,0,soft_dimension,soft_dimension,soft_dimension,True,uniform_exact_cost__3072,3072,3072,0.02450857835586312,-0.006243496357960621
modular,transformer_publication_20260622T101458Z_modular_seed113,113,fixed_update_scale,3072,0,gradient_norm,gradient_norm,gradient_norm,False,uniform_exact_cost__3072,3072,3072,-0.013205298283655895,0.004162330905306821
modular,transformer_publication_20260622T101458Z_modular_seed113,113,fixed_update_scale,3072,0,marginal_gain_edge,marginal_gain_edge,marginal_gain_edge,False,uniform_exact_cost__3072,3072,3072,0.052400008192853814,-0.02393340270551514
modular,transformer_publication_20260622T101458Z_modular_seed113,113,fixed_update_scale,3072,0,marginal_gain_soft,marginal_gain_soft,marginal_gain_soft,False,uniform_exact_cost__3072,3072,3072,0.052400008192853814,-0.02393340270551514
modular,transformer_publication_20260622T101458Z_modular_seed113,113,standard,3072,0,effective_rank,effective_rank,effective_rank,False,uniform_exact_cost__3072,3072,3072,-0.3211710773695272,0.11550468262226843
modular,transformer_publication_20260622T101458Z_modular_seed113,113,standard,3072,0,soft_dimension,soft_dimension,soft_dimension,True,uniform_exact_cost__3072,3072,3072,-0.3211710773695272,0.11550468262226843
modular,transformer_publication_20260622T101458Z_modular_seed113,113,standard,3072,0,gradient_norm,gradient_norm,gradient_norm,False,uniform_exact_cost__3072,3072,3072,-0.3939052331615065,0.12799167533818945
modular,transformer_publication_20260622T101458Z_modular_seed113,113,standard,3072,0,marginal_gain_edge,marginal_gain_edge,marginal_gain_edge,False,uniform_exact_cost__3072,3072,3072,-0.23839375739539204,0.08116545265348596
modular,transformer_publication_20260622T101458Z_modular_seed113,113,standard,3072,0,marginal_gain_soft,marginal_gain_soft,marginal_gain_soft,False,uniform_exact_cost__3072,3072,3072,-0.23839375739539204,0.08116545265348596
modular,transformer_publication_20260622T101458Z_modular_seed113,113,rslora,3072,0,effective_rank,effective_rank,effective_rank,False,uniform_exact_cost__3072,3072,3072,0.1425997303657304,-0.031217481789802437
modular,transformer_publication_20260622T101458Z_modular_seed113,113,rslora,3072,0,soft_dimension,soft_dimension,soft_dimension,True,uniform_exact_cost__3072,3072,3072,0.1425997303657304,-0.031217481789802437
modular,transformer_publication_20260622T101458Z_modular_seed113,113,rslora,3072,0,gradient_norm,gradient_norm,gradient_norm,False,uniform_exact_cost__3072,3072,3072,0.014748330000287913,-0.010405827263267553
modular,transformer_publication_20260622T101458Z_modular_seed113,113,rslora,3072,0,marginal_gain_edge,marginal_gain_edge,marginal_gain_edge,False,uniform_exact_cost__3072,3072,3072,0.0501832738751303,-0.02393340270551514
modular,transformer_publication_20260622T101458Z_modular_seed113,113,rslora,3072,0,marginal_gain_soft,marginal_gain_soft,marginal_gain_soft,False,uniform_exact_cost__3072,3072,3072,0.0501832738751303,-0.02393340270551514
modular,transformer_publication_20260622T101458Z_modular_seed113,113,fixed_update_scale,3072,1,effective_rank,effective_rank,effective_rank,False,uniform_exact_cost__3072,3072,3072,0.0889141919182441,-0.019771071800208206
modular,transformer_publication_20260622T101458Z_modular_seed113,113,fixed_update_scale,3072,1,soft_dimension,soft_dimension,soft_dimension,True,uniform_exact_cost__3072,3072,3072,0.0889141919182441,-0.019771071800208206
modular,transformer_publication_20260622T101458Z_modular_seed113,113,fixed_update_scale,3072,1,gradient_norm,gradient_norm,gradient_norm,False,uniform_exact_cost__3072,3072,3072,-0.013028268821529715,-0.01248699271592102
modular,transformer_publication_20260622T101458Z_modular_seed113,113,fixed_update_scale,3072,1,marginal_gain_edge,marginal_gain_edge,marginal_gain_edge,False,uniform_exact_cost__3072,3072,3072,0.1064109268998504,-0.04162330905306977
modular,transformer_publication_20260622T101458Z_modular_seed113,113,fixed_update_scale,3072,1,marginal_gain_soft,marginal_gain_soft,marginal_gain_soft,False,uniform_exact_cost__3072,3072,3072,0.1064109268998504,-0.04162330905306977
modular,transformer_publication_20260622T101458Z_modular_seed113,113,standard,3072,1,effective_rank,effective_rank,effective_rank,False,uniform_exact_cost__3072,3072,3072,-0.2360770332391503,0.07284079084287187
modular,transformer_publication_20260622T101458Z_modular_seed113,113,standard,3072,1,soft_dimension,soft_dimension,soft_dimension,True,uniform_exact_cost__3072,3072,3072,-0.2360770332391503,0.07284079084287187
modular,transformer_publication_20260622T101458Z_modular_seed113,113,standard,3072,1,gradient_norm,gradient_norm,gradient_norm,False,uniform_exact_cost__3072,3072,3072,-0.284571640542345,0.08116545265348585
modular,transformer_publication_20260622T101458Z_modular_seed113,113,standard,3072,1,marginal_gain_edge,marginal_gain_edge,marginal_gain_edge,False,uniform_exact_cost__3072,3072,3072,-0.2601820280412978,0.06971904266389184
modular,transformer_publication_20260622T101458Z_modular_seed113,113,standard,3072,1,marginal_gain_soft,marginal_gain_soft,marginal_gain_soft,False,uniform_exact_cost__3072,3072,3072,-0.2601820280412978,0.06971904266389184
modular,transformer_publication_20260622T101458Z_modular_seed113,113,rslora,3072,1,effective_rank,effective_rank,effective_rank,False,uniform_exact_cost__3072,3072,3072,-0.06870527663166398,0.03746097814776295
modular,transformer_publication_20260622T101458Z_modular_seed113,113,rslora,3072,1,soft_dimension,soft_dimension,soft_dimension,True,uniform_exact_cost__3072,3072,3072,-0.06870527663166398,0.03746097814776295
modular,transformer_publication_20260622T101458Z_modular_seed113,113,rslora,3072,1,gradient_norm,gradient_norm,gradient_norm,False,uniform_exact_cost__3072,3072,3072,-0.3137740713857215,0.09573361082206056
modular,transformer_publication_20260622T101458Z_modular_seed113,113,rslora,3072,1,marginal_gain_edge,marginal_gain_edge,marginal_gain_edge,False,uniform_exact_cost__3072,3072,3072,-0.2544848593136027,0.07700312174817892
modular,transformer_publication_20260622T101458Z_modular_seed113,113,rslora,3072,1,marginal_gain_soft,marginal_gain_soft,marginal_gain_soft,False,uniform_exact_cost__3072,3072,3072,-0.2544848593136027,0.07700312174817892
modular,transformer_publication_20260622T101458Z_modular_seed113,113,fixed_update_scale,3072,2,effective_rank,effective_rank,effective_rank,False,uniform_exact_cost__3072,3072,3072,-0.0558581373321899,0.003121748178980366
modular,transformer_publication_20260622T101458Z_modular_seed113,113,fixed_update_scale,3072,2,soft_dimension,soft_dimension,soft_dimension,True,uniform_exact_cost__3072,3072,3072,-0.0558581373321899,0.003121748178980366
modular,transformer_publication_20260622T101458Z_modular_seed113,113,fixed_update_scale,3072,2,gradient_norm,gradient_norm,gradient_norm,False,uniform_exact_cost__3072,3072,3072,-0.017244773169710015,-0.007284079084287187
modular,transformer_publication_20260622T101458Z_modular_seed113,113,fixed_update_scale,3072,2,marginal_gain_edge,marginal_gain_edge,marginal_gain_edge,False,uniform_exact_cost__3072,3072,3072,-0.0893006245920611,0.0041623309053071544
modular,transformer_publication_20260622T101458Z_modular_seed113,113,fixed_update_scale,3072,2,marginal_gain_soft,marginal_gain_soft,marginal_gain_soft,False,uniform_exact_cost__3072,3072,3072,-0.0893006245920611,0.0041623309053071544
modular,transformer_publication_20260622T101458Z_modular_seed113,113,standard,3072,2,effective_rank,effective_rank,effective_rank,False,uniform_exact_cost__3072,3072,3072,0.0011832747108358188,-0.007284079084287187
modular,transformer_publication_20260622T101458Z_modular_seed113,113,standard,3072,2,soft_dimension,soft_dimension,soft_dimension,True,uniform_exact_cost__3072,3072,3072,0.0011832747108358188,-0.007284079084287187
modular,transformer_publication_20260622T101458Z_modular_seed113,113,standard,3072,2,gradient_norm,gradient_norm,gradient_norm,False,uniform_exact_cost__3072,3072,3072,-0.01447968547785819,-0.014568158168574374
modular,transformer_publication_20260622T101458Z_modular_seed113,113,standard,3072,2,marginal_gain_edge,marginal_gain_edge,marginal_gain_edge,False,uniform_exact_cost__3072,3072,3072,-0.02813262417214718,-0.008324661810613976
modular,transformer_publication_20260622T101458Z_modular_seed113,113,standard,3072,2,marginal_gain_soft,marginal_gain_soft,marginal_gain_soft,False,uniform_exact_cost__3072,3072,3072,-0.02813262417214718,-0.008324661810613976
modular,transformer_publication_20260622T101458Z_modular_seed113,113,rslora,3072,2,effective_rank,effective_rank,effective_rank,False,uniform_exact_cost__3072,3072,3072,-0.04847719387755062,0.002081165452653355
modular,transformer_publication_20260622T101458Z_modular_seed113,113,rslora,3072,2,soft_dimension,soft_dimension,soft_dimension,True,uniform_exact_cost__3072,3072,3072,-0.04847719387755062,0.002081165452653355
modular,transformer_publication_20260622T101458Z_modular_seed113,113,rslora,3072,2,gradient_norm,gradient_norm,gradient_norm,False,uniform_exact_cost__3072,3072,3072,-0.06548144821073712,0.008324661810613976
modular,transformer_publication_20260622T101458Z_modular_seed113,113,rslora,3072,2,marginal_gain_edge,marginal_gain_edge,marginal_gain_edge,False,uniform_exact_cost__3072,3072,3072,-0.09335008998567182,0.006243496357960399
modular,transformer_publication_20260622T101458Z_modular_seed113,113,rslora,3072,2,marginal_gain_soft,marginal_gain_soft,marginal_gain_soft,False,uniform_exact_cost__3072,3072,3072,-0.09335008998567182,0.006243496357960399
modular,transformer_publication_20260622T101458Z_modular_seed113,113,fixed_update_scale,4096,0,effective_rank,effective_rank,effective_rank,False,uniform_exact_cost__4096,4096,4096,0.03412511940119051,-0.013527575442247586
modular,transformer_publication_20260622T101458Z_modular_seed113,113,fixed_update_scale,4096,0,soft_dimension,soft_dimension,soft_dimension,True,uniform_exact_cost__4096,4096,4096,0.03412511940119051,-0.013527575442247586
modular,transformer_publication_20260622T101458Z_modular_seed113,113,fixed_update_scale,4096,0,gradient_norm,gradient_norm,gradient_norm,False,uniform_exact_cost__4096,4096,4096,-0.0728035193870889,0.0020811654526535772
modular,transformer_publication_20260622T101458Z_modular_seed113,113,fixed_update_scale,4096,0,marginal_gain_edge,marginal_gain_edge,marginal_gain_edge,False,uniform_exact_cost__3840,3840,3840,-0.10857383187367942,0.04474505723205002
modular,transformer_publication_20260622T101458Z_modular_seed113,113,fixed_update_scale,4096,0,marginal_gain_soft,marginal_gain_soft,marginal_gain_soft,False,uniform_exact_cost__4096,4096,4096,0.03412511940119051,-0.013527575442247586
modular,transformer_publication_20260622T101458Z_modular_seed113,113,standard,4096,0,effective_rank,effective_rank,effective_rank,False,uniform_exact_cost__4096,4096,4096,-0.0430546213759343,0.02289281997918846
modular,transformer_publication_20260622T101458Z_modular_seed113,113,standard,4096,0,soft_dimension,soft_dimension,soft_dimension,True,uniform_exact_cost__4096,4096,4096,-0.0430546213759343,0.02289281997918846
modular,transformer_publication_20260622T101458Z_modular_seed113,113,standard,4096,0,gradient_norm,gradient_norm,gradient_norm,False,uniform_exact_cost__4096,4096,4096,-0.12321998589089708,0.02289281997918846
modular,transformer_publication_20260622T101458Z_modular_seed113,113,standard,4096,0,marginal_gain_edge,marginal_gain_edge,marginal_gain_edge,False,uniform_exact_cost__3840,3840,3840,-0.08305994432873082,0.038501560874089624
modular,transformer_publication_20260622T101458Z_modular_seed113,113,standard,4096,0,marginal_gain_soft,marginal_gain_soft,marginal_gain_soft,False,uniform_exact_cost__4096,4096,4096,-0.0430546213759343,0.02289281997918846
modular,transformer_publication_20260622T101458Z_modular_seed113,113,rslora,4096,0,effective_rank,effective_rank,effective_rank,False,uniform_exact_cost__4096,4096,4096,0.03304186999859848,-0.02289281997918846
modular,transformer_publication_20260622T101458Z_modular_seed113,113,rslora,4096,0,soft_dimension,soft_dimension,soft_dimension,True,uniform_exact_cost__4096,4096,4096,0.03304186999859848,-0.02289281997918846
modular,transformer_publication_20260622T101458Z_modular_seed113,113,rslora,4096,0,gradient_norm,gradient_norm,gradient_norm,False,uniform_exact_cost__4096,4096,4096,-0.0897447861242617,0.007284079084287187
modular,transformer_publication_20260622T101458Z_modular_seed113,113,rslora,4096,0,marginal_gain_edge,marginal_gain_edge,marginal_gain_edge,False,uniform_exact_cost__3840,3840,3840,-0.0952137078659592,0.03642039542143616
modular,transformer_publication_20260622T101458Z_modular_seed113,113,rslora,4096,0,marginal_gain_soft,marginal_gain_soft,marginal_gain_soft,False,uniform_exact_cost__4096,4096,4096,0.03304186999859848,-0.02289281997918846
modular,transformer_publication_20260622T101458Z_modular_seed113,113,fixed_update_scale,4096,1,effective_rank,effective_rank,effective_rank,False,uniform_exact_cost__4096,4096,4096,0.018959450641110098,-0.010405827263267331
modular,transformer_publication_20260622T101458Z_modular_seed113,113,fixed_update_scale,4096,1,soft_dimension,soft_dimension,soft_dimension,True,uniform_exact_cost__4096,4096,4096,0.018959450641110098,-0.010405827263267331
modular,transformer_publication_20260622T101458Z_modular_seed113,113,fixed_update_scale,4096,1,gradient_norm,gradient_norm,gradient_norm,False,uniform_exact_cost__4096,4096,4096,-0.06411067782499039,0.003121748178980255
modular,transformer_publication_20260622T101458Z_modular_seed113,113,fixed_update_scale,4096,1,marginal_gain_edge,marginal_gain_edge,marginal_gain_edge,False,uniform_exact_cost__3840,3840,3840,-0.01616517648984689,-0.0020811654526535772
modular,transformer_publication_20260622T101458Z_modular_seed113,113,fixed_update_scale,4096,1,marginal_gain_soft,marginal_gain_soft,marginal_gain_soft,False,uniform_exact_cost__4096,4096,4096,0.018959450641110098,-0.010405827263267331
modular,transformer_publication_20260622T101458Z_modular_seed113,113,standard,4096,1,effective_rank,effective_rank,effective_rank,False,uniform_exact_cost__4096,4096,4096,-0.07109778303881711,0.007284079084287187
modular,transformer_publication_20260622T101458Z_modular_seed113,113,standard,4096,1,soft_dimension,soft_dimension,soft_dimension,True,uniform_exact_cost__4096,4096,4096,-0.07109778303881711,0.007284079084287187
modular,transformer_publication_20260622T101458Z_modular_seed113,113,standard,4096,1,gradient_norm,gradient_norm,gradient_norm,False,uniform_exact_cost__4096,4096,4096,-0.0945885756928144,0.01144640998959423
modular,transformer_publication_20260622T101458Z_modular_seed113,113,standard,4096,1,marginal_gain_edge,marginal_gain_edge,marginal_gain_edge,False,uniform_exact_cost__3840,3840,3840,0.12084488900965631,-0.02185223725286156
modular,transformer_publication_20260622T101458Z_modular_seed113,113,standard,4096,1,marginal_gain_soft,marginal_gain_soft,marginal_gain_soft,False,uniform_exact_cost__4096,4096,4096,-0.07109778303881711,0.007284079084287187
modular,transformer_publication_20260622T101458Z_modular_seed113,113,rslora,4096,1,effective_rank,effective_rank,effective_rank,False,uniform_exact_cost__4096,4096,4096,-0.10469511269158563,0.03642039542143605
modular,transformer_publication_20260622T101458Z_modular_seed113,113,rslora,4096,1,soft_dimension,soft_dimension,soft_dimension,True,uniform_exact_cost__4096,4096,4096,-0.10469511269158563,0.03642039542143605
modular,transformer_publication_20260622T101458Z_modular_seed113,113,rslora,4096,1,gradient_norm,gradient_norm,gradient_norm,False,uniform_exact_cost__4096,4096,4096,-0.15834424770306352,0.04474505723205002
modular,transformer_publication_20260622T101458Z_modular_seed113,113,rslora,4096,1,marginal_gain_edge,marginal_gain_edge,marginal_gain_edge,False,uniform_exact_cost__3840,3840,3840,-0.0063768526641933,0.019771071800208206
modular,transformer_publication_20260622T101458Z_modular_seed113,113,rslora,4096,1,marginal_gain_soft,marginal_gain_soft,marginal_gain_soft,False,uniform_exact_cost__4096,4096,4096,-0.10469511269158563,0.03642039542143605
modular,transformer_publication_20260622T101458Z_modular_seed113,113,fixed_update_scale,4096,2,effective_rank,effective_rank,effective_rank,False,uniform_exact_cost__4096,4096,4096,-0.00982346890434141,0.009365244536940653
modular,transformer_publication_20260622T101458Z_modular_seed113,113,fixed_update_scale,4096,2,soft_dimension,soft_dimension,soft_dimension,True,uniform_exact_cost__4096,4096,4096,-0.00982346890434141,0.009365244536940653
modular,transformer_publication_20260622T101458Z_modular_seed113,113,fixed_update_scale,4096,2,gradient_norm,gradient_norm,gradient_norm,False,uniform_exact_cost__4096,4096,4096,-0.0721364189230068,0.007284079084287187
modular,transformer_publication_20260622T101458Z_modular_seed113,113,fixed_update_scale,4096,2,marginal_gain_edge,marginal_gain_edge,marginal_gain_edge,False,uniform_exact_cost__3840,3840,3840,-0.19805585291395578,0.05202913631633721
modular,transformer_publication_20260622T101458Z_modular_seed113,113,fixed_update_scale,4096,2,marginal_gain_soft,marginal_gain_soft,marginal_gain_soft,False,uniform_exact_cost__4096,4096,4096,-0.00982346890434141,0.009365244536940653
modular,transformer_publication_20260622T101458Z_modular_seed113,113,standard,4096,2,effective_rank,effective_rank,effective_rank,False,uniform_exact_cost__4096,4096,4096,-0.0564173642976227,0.014568158168574374
modular,transformer_publication_20260622T101458Z_modular_seed113,113,standard,4096,2,soft_dimension,soft_dimension,soft_dimension,True,uniform_exact_cost__4096,4096,4096,-0.0564173642976227,0.014568158168574374
modular,transformer_publication_20260622T101458Z_modular_seed113,113,standard,4096,2,gradient_norm,gradient_norm,gradient_norm,False,uniform_exact_cost__4096,4096,4096,-0.12194623581824761,0.023933402705514917
modular,transformer_publication_20260622T101458Z_modular_seed113,113,standard,4096,2,marginal_gain_edge,marginal_gain_edge,marginal_gain_edge,False,uniform_exact_cost__3840,3840,3840,0.1652023472070197,-0.05619146722164403
modular,transformer_publication_20260622T101458Z_modular_seed113,113,standard,4096,2,marginal_gain_soft,marginal_gain_soft,marginal_gain_soft,False,uniform_exact_cost__4096,4096,4096,-0.0564173642976227,0.014568158168574374
modular,transformer_publication_20260622T101458Z_modular_seed113,113,rslora,4096,2,effective_rank,effective_rank,effective_rank,False,uniform_exact_cost__4096,4096,4096,0.04293699348568289,0.0
modular,transformer_publication_20260622T101458Z_modular_seed113,113,rslora,4096,2,soft_dimension,soft_dimension,soft_dimension,True,uniform_exact_cost__4096,4096,4096,0.04293699348568289,0.0
modular,transformer_publication_20260622T101458Z_modular_seed113,113,rslora,4096,2,gradient_norm,gradient_norm,gradient_norm,False,uniform_exact_cost__4096,4096,4096,-0.028293905735139915,0.0
modular,transformer_publication_20260622T101458Z_modular_seed113,113,rslora,4096,2,marginal_gain_edge,marginal_gain_edge,marginal_gain_edge,False,uniform_exact_cost__3840,3840,3840,-0.096178599531519,0.05202913631633721
modular,transformer_publication_20260622T101458Z_modular_seed113,113,rslora,4096,2,marginal_gain_soft,marginal_gain_soft,marginal_gain_soft,False,uniform_exact_cost__4096,4096,4096,0.04293699348568289,0.0
