task_family,run,seed,scaling_mode,budget,adaptation_replicate,condition_id,rule,allocation_rule,comparison_role,is_primary_allocation_rule,loss_delta_vs_uniform_fill,acc_delta_vs_uniform_fill,loss_ratio_vs_uniform_fill,actual_cost,uniform_fill_cost,cost_gap_vs_uniform_fill
associative_recall,transformer_publication_20260622T101458Z_associative_recall_seed101,101,fixed_update_scale,512,0,uniform,uniform,uniform,cap_baseline,False,10.748825009912252,-0.9990234375,31.43181194018035,0,512,-512
associative_recall,transformer_publication_20260622T101458Z_associative_recall_seed101,101,fixed_update_scale,512,0,effective_rank,effective_rank,effective_rank,candidate,False,-0.10701109096407893,0.0009765625,0.6970328019360911,512,512,0
associative_recall,transformer_publication_20260622T101458Z_associative_recall_seed101,101,fixed_update_scale,512,0,soft_dimension,soft_dimension,soft_dimension,candidate,True,-0.10701109096407893,0.0009765625,0.6970328019360911,512,512,0
associative_recall,transformer_publication_20260622T101458Z_associative_recall_seed101,101,fixed_update_scale,512,0,gradient_norm,gradient_norm,gradient_norm,candidate,False,0.024373758584260885,0.0009765625,1.0690063924966287,512,512,0
associative_recall,transformer_publication_20260622T101458Z_associative_recall_seed101,101,fixed_update_scale,512,0,marginal_gain_edge,marginal_gain_edge,marginal_gain_edge,candidate,False,-0.016178440302610397,0.0009765625,0.9541959932996906,512,512,0
associative_recall,transformer_publication_20260622T101458Z_associative_recall_seed101,101,fixed_update_scale,512,0,marginal_gain_soft,marginal_gain_soft,marginal_gain_soft,candidate,False,-0.016178440302610397,0.0009765625,0.9541959932996906,512,512,0
associative_recall,transformer_publication_20260622T101458Z_associative_recall_seed101,101,standard,512,0,uniform,uniform,uniform,cap_baseline,False,10.473912328481674,-0.888671875,17.674942737828097,0,512,-512
associative_recall,transformer_publication_20260622T101458Z_associative_recall_seed101,101,standard,512,0,effective_rank,effective_rank,effective_rank,candidate,False,-0.48691126517951494,0.111328125,0.22481521606847113,512,512,0
associative_recall,transformer_publication_20260622T101458Z_associative_recall_seed101,101,standard,512,0,soft_dimension,soft_dimension,soft_dimension,candidate,True,-0.48691126517951494,0.111328125,0.22481521606847113,512,512,0
associative_recall,transformer_publication_20260622T101458Z_associative_recall_seed101,101,standard,512,0,gradient_norm,gradient_norm,gradient_norm,candidate,False,-0.22549027949571615,0.111328125,0.6410092637205619,512,512,0
associative_recall,transformer_publication_20260622T101458Z_associative_recall_seed101,101,standard,512,0,marginal_gain_edge,marginal_gain_edge,marginal_gain_edge,candidate,False,-0.35102069377899175,0.111328125,0.4411591595395871,512,512,0
associative_recall,transformer_publication_20260622T101458Z_associative_recall_seed101,101,standard,512,0,marginal_gain_soft,marginal_gain_soft,marginal_gain_soft,candidate,False,-0.35102069377899175,0.111328125,0.4411591595395871,512,512,0
associative_recall,transformer_publication_20260622T101458Z_associative_recall_seed101,101,rslora,512,0,uniform,uniform,uniform,cap_baseline,False,10.718986824154854,-0.998046875,28.98337882152447,0,512,-512
associative_recall,transformer_publication_20260622T101458Z_associative_recall_seed101,101,rslora,512,0,effective_rank,effective_rank,effective_rank,candidate,False,-0.22584654763340953,0.001953125,0.4103967472263899,512,512,0
associative_recall,transformer_publication_20260622T101458Z_associative_recall_seed101,101,rslora,512,0,soft_dimension,soft_dimension,soft_dimension,candidate,True,-0.22584654763340953,0.001953125,0.4103967472263899,512,512,0
associative_recall,transformer_publication_20260622T101458Z_associative_recall_seed101,101,rslora,512,0,gradient_norm,gradient_norm,gradient_norm,candidate,False,0.01700897142291069,0.001953125,1.044404242537104,512,512,0
associative_recall,transformer_publication_20260622T101458Z_associative_recall_seed101,101,rslora,512,0,marginal_gain_edge,marginal_gain_edge,marginal_gain_edge,candidate,False,-0.09143545851111412,0.001953125,0.7612952497086374,512,512,0
associative_recall,transformer_publication_20260622T101458Z_associative_recall_seed101,101,rslora,512,0,marginal_gain_soft,marginal_gain_soft,marginal_gain_soft,candidate,False,-0.09143545851111412,0.001953125,0.7612952497086374,512,512,0
associative_recall,transformer_publication_20260622T101458Z_associative_recall_seed101,101,fixed_update_scale,512,1,uniform,uniform,uniform,cap_baseline,False,10.85322539322078,-0.9990234375,46.859697964249506,0,512,-512
associative_recall,transformer_publication_20260622T101458Z_associative_recall_seed101,101,fixed_update_scale,512,1,effective_rank,effective_rank,effective_rank,candidate,False,-0.08990711532533172,0.0009765625,0.6201025037006908,512,512,0
associative_recall,transformer_publication_20260622T101458Z_associative_recall_seed101,101,fixed_update_scale,512,1,soft_dimension,soft_dimension,soft_dimension,candidate,True,-0.08990711532533172,0.0009765625,0.6201025037006908,512,512,0
associative_recall,transformer_publication_20260622T101458Z_associative_recall_seed101,101,fixed_update_scale,512,1,gradient_norm,gradient_norm,gradient_norm,candidate,False,0.015202127397060394,0.0009765625,1.064235740582583,512,512,0
associative_recall,transformer_publication_20260622T101458Z_associative_recall_seed101,101,fixed_update_scale,512,1,marginal_gain_edge,marginal_gain_edge,marginal_gain_edge,candidate,False,0.025936180725693703,0.0009765625,1.1095918836412861,512,512,0
associative_recall,transformer_publication_20260622T101458Z_associative_recall_seed101,101,fixed_update_scale,512,1,marginal_gain_soft,marginal_gain_soft,marginal_gain_soft,candidate,False,0.025936180725693703,0.0009765625,1.1095918836412861,512,512,0
associative_recall,transformer_publication_20260622T101458Z_associative_recall_seed101,101,standard,512,1,uniform,uniform,uniform,cap_baseline,False,10.51122536510229,-0.994140625,19.16472093416379,0,512,-512
associative_recall,transformer_publication_20260622T101458Z_associative_recall_seed101,101,standard,512,1,effective_rank,effective_rank,effective_rank,candidate,False,-0.4449103735387326,0.005859375,0.2311388543835108,512,512,0
associative_recall,transformer_publication_20260622T101458Z_associative_recall_seed101,101,standard,512,1,soft_dimension,soft_dimension,soft_dimension,candidate,True,-0.4449103735387326,0.005859375,0.2311388543835108,512,512,0
associative_recall,transformer_publication_20260622T101458Z_associative_recall_seed101,101,standard,512,1,gradient_norm,gradient_norm,gradient_norm,candidate,False,-0.3270383793860674,0.005859375,0.4348365019332561,512,512,0
associative_recall,transformer_publication_20260622T101458Z_associative_recall_seed101,101,standard,512,1,marginal_gain_edge,marginal_gain_edge,marginal_gain_edge,candidate,False,-0.32323516719043255,0.005859375,0.44140893148238153,512,512,0
associative_recall,transformer_publication_20260622T101458Z_associative_recall_seed101,101,standard,512,1,marginal_gain_soft,marginal_gain_soft,marginal_gain_soft,candidate,False,-0.32323516719043255,0.005859375,0.44140893148238153,512,512,0
associative_recall,transformer_publication_20260622T101458Z_associative_recall_seed101,101,rslora,512,1,uniform,uniform,uniform,cap_baseline,False,10.700619626790283,-0.9931640625,28.48913217163473,0,512,-512
associative_recall,transformer_publication_20260622T101458Z_associative_recall_seed101,101,rslora,512,1,effective_rank,effective_rank,effective_rank,candidate,False,-0.23234148137271407,0.0068359375,0.4031312285488906,512,512,0
associative_recall,transformer_publication_20260622T101458Z_associative_recall_seed101,101,rslora,512,1,soft_dimension,soft_dimension,soft_dimension,candidate,True,-0.23234148137271407,0.0068359375,0.4031312285488906,512,512,0
associative_recall,transformer_publication_20260622T101458Z_associative_recall_seed101,101,rslora,512,1,gradient_norm,gradient_norm,gradient_norm,candidate,False,-0.15291839838027957,0.0068359375,0.607163490418256,512,512,0
associative_recall,transformer_publication_20260622T101458Z_associative_recall_seed101,101,rslora,512,1,marginal_gain_edge,marginal_gain_edge,marginal_gain_edge,candidate,False,-0.13677367381751537,0.0068359375,0.6486381416869867,512,512,0
associative_recall,transformer_publication_20260622T101458Z_associative_recall_seed101,101,rslora,512,1,marginal_gain_soft,marginal_gain_soft,marginal_gain_soft,candidate,False,-0.13677367381751537,0.0068359375,0.6486381416869867,512,512,0
associative_recall,transformer_publication_20260622T101458Z_associative_recall_seed101,101,fixed_update_scale,512,2,uniform,uniform,uniform,cap_baseline,False,10.848050510510802,-1.0,46.6758576424422,0,512,-512
associative_recall,transformer_publication_20260622T101458Z_associative_recall_seed101,101,fixed_update_scale,512,2,effective_rank,effective_rank,effective_rank,candidate,False,0.03310504369437689,-0.115234375,1.1393892166676487,512,512,0
associative_recall,transformer_publication_20260622T101458Z_associative_recall_seed101,101,fixed_update_scale,512,2,soft_dimension,soft_dimension,soft_dimension,candidate,True,0.03310504369437689,-0.115234375,1.1393892166676487,512,512,0
associative_recall,transformer_publication_20260622T101458Z_associative_recall_seed101,101,fixed_update_scale,512,2,gradient_norm,gradient_norm,gradient_norm,candidate,False,0.1475540939718485,0.0,1.6212784301001877,512,512,0
associative_recall,transformer_publication_20260622T101458Z_associative_recall_seed101,101,fixed_update_scale,512,2,marginal_gain_edge,marginal_gain_edge,marginal_gain_edge,candidate,False,0.0581500176340341,0.0,1.2448414048942864,512,512,0
associative_recall,transformer_publication_20260622T101458Z_associative_recall_seed101,101,fixed_update_scale,512,2,marginal_gain_soft,marginal_gain_soft,marginal_gain_soft,candidate,False,0.0581500176340341,0.0,1.2448414048942864,512,512,0
associative_recall,transformer_publication_20260622T101458Z_associative_recall_seed101,101,standard,512,2,uniform,uniform,uniform,cap_baseline,False,10.800500258803368,-1.0,38.889711460063495,0,512,-512
associative_recall,transformer_publication_20260622T101458Z_associative_recall_seed101,101,standard,512,2,effective_rank,effective_rank,effective_rank,candidate,False,-0.05858111567795271,-0.0595703125,0.7944890035776777,512,512,0
associative_recall,transformer_publication_20260622T101458Z_associative_recall_seed101,101,standard,512,2,soft_dimension,soft_dimension,soft_dimension,candidate,True,-0.05858111567795271,-0.0595703125,0.7944890035776777,512,512,0
associative_recall,transformer_publication_20260622T101458Z_associative_recall_seed101,101,standard,512,2,gradient_norm,gradient_norm,gradient_norm,candidate,False,0.007239729166030884,0.0,1.025398013293535,512,512,0
associative_recall,transformer_publication_20260622T101458Z_associative_recall_seed101,101,standard,512,2,marginal_gain_edge,marginal_gain_edge,marginal_gain_edge,candidate,False,-0.04190682619810099,0.0,0.8529848141470255,512,512,0
associative_recall,transformer_publication_20260622T101458Z_associative_recall_seed101,101,standard,512,2,marginal_gain_soft,marginal_gain_soft,marginal_gain_soft,candidate,False,-0.04190682619810099,0.0,0.8529848141470255,512,512,0
associative_recall,transformer_publication_20260622T101458Z_associative_recall_seed101,101,rslora,512,2,uniform,uniform,uniform,cap_baseline,False,10.770787168294191,-1.0,35.218601762497656,0,512,-512
associative_recall,transformer_publication_20260622T101458Z_associative_recall_seed101,101,rslora,512,2,effective_rank,effective_rank,effective_rank,candidate,False,-0.07758692465722561,-0.1279296875,0.7535077023304526,512,512,0
associative_recall,transformer_publication_20260622T101458Z_associative_recall_seed101,101,rslora,512,2,soft_dimension,soft_dimension,soft_dimension,candidate,True,-0.07758692465722561,-0.1279296875,0.7535077023304526,512,512,0
associative_recall,transformer_publication_20260622T101458Z_associative_recall_seed101,101,rslora,512,2,gradient_norm,gradient_norm,gradient_norm,candidate,False,0.0024709925055503845,0.0,1.0078502998141534,512,512,0
associative_recall,transformer_publication_20260622T101458Z_associative_recall_seed101,101,rslora,512,2,marginal_gain_edge,marginal_gain_edge,marginal_gain_edge,candidate,False,-0.053087191656231936,0.0,0.8313429240045335,512,512,0
associative_recall,transformer_publication_20260622T101458Z_associative_recall_seed101,101,rslora,512,2,marginal_gain_soft,marginal_gain_soft,marginal_gain_soft,candidate,False,-0.053087191656231936,0.0,0.8313429240045335,512,512,0
associative_recall,transformer_publication_20260622T101458Z_associative_recall_seed101,101,fixed_update_scale,1024,0,uniform,uniform,uniform,cap_baseline,False,11.079006697284058,-1.0,347.5800429471379,0,1024,-1024
associative_recall,transformer_publication_20260622T101458Z_associative_recall_seed101,101,fixed_update_scale,1024,0,effective_rank,effective_rank,effective_rank,candidate,False,-0.011470680125057697,0.0,0.6411673971322767,1024,1024,0
associative_recall,transformer_publication_20260622T101458Z_associative_recall_seed101,101,fixed_update_scale,1024,0,soft_dimension,soft_dimension,soft_dimension,candidate,True,-0.011470680125057697,0.0,0.6411673971322767,1024,1024,0
associative_recall,transformer_publication_20260622T101458Z_associative_recall_seed101,101,fixed_update_scale,1024,0,gradient_norm,gradient_norm,gradient_norm,candidate,False,-0.013564808294177097,0.0,0.5756576406512978,1024,1024,0
associative_recall,transformer_publication_20260622T101458Z_associative_recall_seed101,101,fixed_update_scale,1024,0,marginal_gain_edge,marginal_gain_edge,marginal_gain_edge,candidate,False,-0.011080475989729197,0.0,0.6533739937772137,1024,1024,0
associative_recall,transformer_publication_20260622T101458Z_associative_recall_seed101,101,fixed_update_scale,1024,0,marginal_gain_soft,marginal_gain_soft,marginal_gain_soft,candidate,False,-0.007202482782304297,0.0,0.7746876718985124,1024,1024,0
associative_recall,transformer_publication_20260622T101458Z_associative_recall_seed101,101,standard,1024,0,uniform,uniform,uniform,cap_baseline,False,11.065114414319396,-1.0,242.2858537291111,0,1024,-1024
associative_recall,transformer_publication_20260622T101458Z_associative_recall_seed101,101,standard,1024,0,effective_rank,effective_rank,effective_rank,candidate,False,-0.0369250647490844,0.0,0.1948121421631455,1024,1024,0
associative_recall,transformer_publication_20260622T101458Z_associative_recall_seed101,101,standard,1024,0,soft_dimension,soft_dimension,soft_dimension,candidate,True,-0.0369250647490844,0.0,0.1948121421631455,1024,1024,0
associative_recall,transformer_publication_20260622T101458Z_associative_recall_seed101,101,standard,1024,0,gradient_norm,gradient_norm,gradient_norm,candidate,False,-0.0317740587051958,0.0,0.3071349654369001,1024,1024,0
associative_recall,transformer_publication_20260622T101458Z_associative_recall_seed101,101,standard,1024,0,marginal_gain_edge,marginal_gain_edge,marginal_gain_edge,candidate,False,-0.0309645038796589,0.0,0.32478811568064364,1024,1024,0
associative_recall,transformer_publication_20260622T101458Z_associative_recall_seed101,101,standard,1024,0,marginal_gain_soft,marginal_gain_soft,marginal_gain_soft,candidate,False,-0.021373372990638,0.0,0.5339322888118531,1024,1024,0
associative_recall,transformer_publication_20260622T101458Z_associative_recall_seed101,101,rslora,1024,0,uniform,uniform,uniform,cap_baseline,False,11.082941762171686,-1.0,396.3731984809852,0,1024,-1024
associative_recall,transformer_publication_20260622T101458Z_associative_recall_seed101,101,rslora,1024,0,effective_rank,effective_rank,effective_rank,candidate,False,-0.010743056423962099,0.0,0.6167518813189815,1024,1024,0
associative_recall,transformer_publication_20260622T101458Z_associative_recall_seed101,101,rslora,1024,0,soft_dimension,soft_dimension,soft_dimension,candidate,True,-0.010743056423962099,0.0,0.6167518813189815,1024,1024,0
associative_recall,transformer_publication_20260622T101458Z_associative_recall_seed101,101,rslora,1024,0,gradient_norm,gradient_norm,gradient_norm,candidate,False,-0.0154248918406665,0.0,0.44973194354559565,1024,1024,0
associative_recall,transformer_publication_20260622T101458Z_associative_recall_seed101,101,rslora,1024,0,marginal_gain_edge,marginal_gain_edge,marginal_gain_edge,candidate,False,-0.007282542064785898,0.0,0.7402023748735714,1024,1024,0
associative_recall,transformer_publication_20260622T101458Z_associative_recall_seed101,101,rslora,1024,0,marginal_gain_soft,marginal_gain_soft,marginal_gain_soft,candidate,False,-0.0022529033012687986,0.0,0.9196298597244927,1024,1024,0
associative_recall,transformer_publication_20260622T101458Z_associative_recall_seed101,101,fixed_update_scale,1024,1,uniform,uniform,uniform,cap_baseline,False,11.060694729443638,-1.0,321.9838972784982,0,1024,-1024
associative_recall,transformer_publication_20260622T101458Z_associative_recall_seed101,101,fixed_update_scale,1024,1,effective_rank,effective_rank,effective_rank,candidate,False,-0.016327073099091705,0.0,0.5261845948476876,1024,1024,0
associative_recall,transformer_publication_20260622T101458Z_associative_recall_seed101,101,fixed_update_scale,1024,1,soft_dimension,soft_dimension,soft_dimension,candidate,True,-0.016327073099091705,0.0,0.5261845948476876,1024,1024,0
associative_recall,transformer_publication_20260622T101458Z_associative_recall_seed101,101,fixed_update_scale,1024,1,gradient_norm,gradient_norm,gradient_norm,candidate,False,-0.019419671036303102,0.0,0.4364366935735431,1024,1024,0
associative_recall,transformer_publication_20260622T101458Z_associative_recall_seed101,101,fixed_update_scale,1024,1,marginal_gain_edge,marginal_gain_edge,marginal_gain_edge,candidate,False,-0.020655576954595804,0.0,0.40057042043003804,1024,1024,0
associative_recall,transformer_publication_20260622T101458Z_associative_recall_seed101,101,fixed_update_scale,1024,1,marginal_gain_soft,marginal_gain_soft,marginal_gain_soft,candidate,False,-0.013630418339744203,0.0,0.6044421343099952,1024,1024,0
associative_recall,transformer_publication_20260622T101458Z_associative_recall_seed101,101,standard,1024,1,uniform,uniform,uniform,cap_baseline,False,11.062183988280593,-1.0,336.52818539615504,0,1024,-1024
associative_recall,transformer_publication_20260622T101458Z_associative_recall_seed101,101,standard,1024,1,effective_rank,effective_rank,effective_rank,candidate,False,-0.020973848528228797,0.0,0.3638401472163324,1024,1024,0
associative_recall,transformer_publication_20260622T101458Z_associative_recall_seed101,101,standard,1024,1,soft_dimension,soft_dimension,soft_dimension,candidate,True,-0.020973848528228797,0.0,0.3638401472163324,1024,1024,0
associative_recall,transformer_publication_20260622T101458Z_associative_recall_seed101,101,standard,1024,1,gradient_norm,gradient_norm,gradient_norm,candidate,False,-0.0233223455725238,0.0,0.2926076534777237,1024,1024,0
associative_recall,transformer_publication_20260622T101458Z_associative_recall_seed101,101,standard,1024,1,marginal_gain_edge,marginal_gain_edge,marginal_gain_edge,candidate,False,-0.0253069945028984,0.0,0.23241107249855378,1024,1024,0
associative_recall,transformer_publication_20260622T101458Z_associative_recall_seed101,101,standard,1024,1,marginal_gain_soft,marginal_gain_soft,marginal_gain_soft,candidate,False,-0.012919037370011297,0.0,0.6081514129201576,1024,1024,0
associative_recall,transformer_publication_20260622T101458Z_associative_recall_seed101,101,rslora,1024,1,uniform,uniform,uniform,cap_baseline,False,11.0720489944797,-1.0,480.21702902218397,0,1024,-1024
associative_recall,transformer_publication_20260622T101458Z_associative_recall_seed101,101,rslora,1024,1,effective_rank,effective_rank,effective_rank,candidate,False,-0.0089331900235266,0.0,0.6133564090170284,1024,1024,0
associative_recall,transformer_publication_20260622T101458Z_associative_recall_seed101,101,rslora,1024,1,soft_dimension,soft_dimension,soft_dimension,candidate,True,-0.0089331900235266,0.0,0.6133564090170284,1024,1024,0
associative_recall,transformer_publication_20260622T101458Z_associative_recall_seed101,101,rslora,1024,1,gradient_norm,gradient_norm,gradient_norm,candidate,False,-0.0111838934244588,0.0,0.5159421546597175,1024,1024,0
associative_recall,transformer_publication_20260622T101458Z_associative_recall_seed101,101,rslora,1024,1,marginal_gain_edge,marginal_gain_edge,marginal_gain_edge,candidate,False,-0.0132056461879984,0.0,0.42843727157584655,1024,1024,0
associative_recall,transformer_publication_20260622T101458Z_associative_recall_seed101,101,rslora,1024,1,marginal_gain_soft,marginal_gain_soft,marginal_gain_soft,candidate,False,-0.0032983161509037018,0.0,0.8572432918784936,1024,1024,0
associative_recall,transformer_publication_20260622T101458Z_associative_recall_seed101,101,fixed_update_scale,1024,2,uniform,uniform,uniform,cap_baseline,False,11.03813399327919,-1.0,271.3658088837665,0,1024,-1024
associative_recall,transformer_publication_20260622T101458Z_associative_recall_seed101,101,fixed_update_scale,1024,2,effective_rank,effective_rank,effective_rank,candidate,False,-0.020354706794023597,0.0,0.5014359519182463,1024,1024,0
associative_recall,transformer_publication_20260622T101458Z_associative_recall_seed101,101,fixed_update_scale,1024,2,soft_dimension,soft_dimension,soft_dimension,candidate,True,-0.020354706794023597,0.0,0.5014359519182463,1024,1024,0
associative_recall,transformer_publication_20260622T101458Z_associative_recall_seed101,101,fixed_update_scale,1024,2,gradient_norm,gradient_norm,gradient_norm,candidate,False,-0.0271636511897669,0.0,0.3346590528227468,1024,1024,0
associative_recall,transformer_publication_20260622T101458Z_associative_recall_seed101,101,fixed_update_scale,1024,2,marginal_gain_edge,marginal_gain_edge,marginal_gain_edge,candidate,False,-0.0265248132636771,0.0,0.3503066190452679,1024,1024,0
associative_recall,transformer_publication_20260622T101458Z_associative_recall_seed101,101,fixed_update_scale,1024,2,marginal_gain_soft,marginal_gain_soft,marginal_gain_soft,candidate,False,-0.019365825457498497,0.0,0.5256574102374202,1024,1024,0
associative_recall,transformer_publication_20260622T101458Z_associative_recall_seed101,101,standard,1024,2,uniform,uniform,uniform,cap_baseline,False,11.043037367518993,-1.0,308.4060725019308,0,1024,-1024
associative_recall,transformer_publication_20260622T101458Z_associative_recall_seed101,101,standard,1024,2,effective_rank,effective_rank,effective_rank,candidate,False,-0.023615207290276902,0.0,0.34262124786652365,1024,1024,0
associative_recall,transformer_publication_20260622T101458Z_associative_recall_seed101,101,standard,1024,2,soft_dimension,soft_dimension,soft_dimension,candidate,True,-0.023615207290276902,0.0,0.34262124786652365,1024,1024,0
associative_recall,transformer_publication_20260622T101458Z_associative_recall_seed101,101,standard,1024,2,gradient_norm,gradient_norm,gradient_norm,candidate,False,-0.026546755456365603,0.0,0.2610154651370181,1024,1024,0
associative_recall,transformer_publication_20260622T101458Z_associative_recall_seed101,101,standard,1024,2,marginal_gain_edge,marginal_gain_edge,marginal_gain_edge,candidate,False,-0.023721698671579403,0.0,0.33965683724360984,1024,1024,0
associative_recall,transformer_publication_20260622T101458Z_associative_recall_seed101,101,standard,1024,2,marginal_gain_soft,marginal_gain_soft,marginal_gain_soft,candidate,False,-0.012692829128354802,0.0,0.6466685186847038,1024,1024,0
associative_recall,transformer_publication_20260622T101458Z_associative_recall_seed101,101,rslora,1024,2,uniform,uniform,uniform,cap_baseline,False,11.042943564709278,-1.0,307.6028606322928,0,1024,-1024
associative_recall,transformer_publication_20260622T101458Z_associative_recall_seed101,101,rslora,1024,2,effective_rank,effective_rank,effective_rank,candidate,False,-0.022074380889535002,0.0,0.38711374483091204,1024,1024,0
associative_recall,transformer_publication_20260622T101458Z_associative_recall_seed101,101,rslora,1024,2,soft_dimension,soft_dimension,soft_dimension,candidate,True,-0.022074380889535002,0.0,0.38711374483091204,1024,1024,0
associative_recall,transformer_publication_20260622T101458Z_associative_recall_seed101,101,rslora,1024,2,gradient_norm,gradient_norm,gradient_norm,candidate,False,-0.023586578201502603,0.0,0.3451281982261617,1024,1024,0
associative_recall,transformer_publication_20260622T101458Z_associative_recall_seed101,101,rslora,1024,2,marginal_gain_edge,marginal_gain_edge,marginal_gain_edge,candidate,False,-0.021312592783942902,0.0,0.40826448339998506,1024,1024,0
associative_recall,transformer_publication_20260622T101458Z_associative_recall_seed101,101,rslora,1024,2,marginal_gain_soft,marginal_gain_soft,marginal_gain_soft,candidate,False,-0.013517919229343603,0.0,0.6246804412948078,1024,1024,0
associative_recall,transformer_publication_20260622T101458Z_associative_recall_seed101,101,fixed_update_scale,1536,0,uniform,uniform,uniform,cap_baseline,False,0.0005914864595979001,0.0,1.0400735570372834,1408,1536,-128
associative_recall,transformer_publication_20260622T101458Z_associative_recall_seed101,101,fixed_update_scale,1536,0,effective_rank,effective_rank,effective_rank,candidate,False,-0.006558375083841399,0.0,0.5556662139436226,1472,1536,-64
associative_recall,transformer_publication_20260622T101458Z_associative_recall_seed101,101,fixed_update_scale,1536,0,soft_dimension,soft_dimension,soft_dimension,candidate,True,-0.006558375083841399,0.0,0.5556662139436226,1472,1536,-64
associative_recall,transformer_publication_20260622T101458Z_associative_recall_seed101,101,fixed_update_scale,1536,0,gradient_norm,gradient_norm,gradient_norm,candidate,False,-0.009366489888634599,0.0,0.3654147771252368,1536,1536,0
associative_recall,transformer_publication_20260622T101458Z_associative_recall_seed101,101,fixed_update_scale,1536,0,marginal_gain_edge,marginal_gain_edge,marginal_gain_edge,candidate,False,-0.0076493580127135,0.0,0.48175147605329144,1472,1536,-64
associative_recall,transformer_publication_20260622T101458Z_associative_recall_seed101,101,fixed_update_scale,1536,0,marginal_gain_soft,marginal_gain_soft,marginal_gain_soft,candidate,False,-0.0094227643567138,0.0,0.3616021486707365,1536,1536,0
associative_recall,transformer_publication_20260622T101458Z_associative_recall_seed101,101,standard,1536,0,uniform,uniform,uniform,cap_baseline,False,-0.003611734835430999,0.0,0.6862628058266216,1408,1536,-128
associative_recall,transformer_publication_20260622T101458Z_associative_recall_seed101,101,standard,1536,0,effective_rank,effective_rank,effective_rank,candidate,False,-0.006877873907797099,0.0,0.402546155785811,1472,1536,-64
associative_recall,transformer_publication_20260622T101458Z_associative_recall_seed101,101,standard,1536,0,soft_dimension,soft_dimension,soft_dimension,candidate,True,-0.006877873907797099,0.0,0.402546155785811,1472,1536,-64
associative_recall,transformer_publication_20260622T101458Z_associative_recall_seed101,101,standard,1536,0,gradient_norm,gradient_norm,gradient_norm,candidate,False,-0.007087884529028099,0.0,0.3843033594417213,1536,1536,0
associative_recall,transformer_publication_20260622T101458Z_associative_recall_seed101,101,standard,1536,0,marginal_gain_edge,marginal_gain_edge,marginal_gain_edge,candidate,False,-0.006021969718858599,0.0,0.47689518497935696,1472,1536,-64
associative_recall,transformer_publication_20260622T101458Z_associative_recall_seed101,101,standard,1536,0,marginal_gain_soft,marginal_gain_soft,marginal_gain_soft,candidate,False,-0.0065154321491718995,0.0,0.4340300452692884,1536,1536,0
associative_recall,transformer_publication_20260622T101458Z_associative_recall_seed101,101,rslora,1536,0,uniform,uniform,uniform,cap_baseline,False,-0.0009990327525884,0.0,0.9047627407969616,1408,1536,-128
associative_recall,transformer_publication_20260622T101458Z_associative_recall_seed101,101,rslora,1536,0,effective_rank,effective_rank,effective_rank,candidate,False,-0.0038929379079490995,0.0,0.6288883065744371,1472,1536,-64
associative_recall,transformer_publication_20260622T101458Z_associative_recall_seed101,101,rslora,1536,0,soft_dimension,soft_dimension,soft_dimension,candidate,True,-0.0038929379079490995,0.0,0.6288883065744371,1472,1536,-64
associative_recall,transformer_publication_20260622T101458Z_associative_recall_seed101,101,rslora,1536,0,gradient_norm,gradient_norm,gradient_norm,candidate,False,-0.005505798908416199,0.0,0.4751351280505275,1536,1536,0
associative_recall,transformer_publication_20260622T101458Z_associative_recall_seed101,101,rslora,1536,0,marginal_gain_edge,marginal_gain_edge,marginal_gain_edge,candidate,False,-0.004168265440966899,0.0,0.6026414797713998,1472,1536,-64
associative_recall,transformer_publication_20260622T101458Z_associative_recall_seed101,101,rslora,1536,0,marginal_gain_soft,marginal_gain_soft,marginal_gain_soft,candidate,False,-0.005351156753022199,0.0,0.4898770822044997,1536,1536,0
associative_recall,transformer_publication_20260622T101458Z_associative_recall_seed101,101,fixed_update_scale,1536,1,uniform,uniform,uniform,cap_baseline,False,-0.0005862110992893993,0.0,0.9627387228679227,1408,1536,-128
associative_recall,transformer_publication_20260622T101458Z_associative_recall_seed101,101,fixed_update_scale,1536,1,effective_rank,effective_rank,effective_rank,candidate,False,-0.0072642585728317985,0.0,0.5382626631098173,1472,1536,-64
associative_recall,transformer_publication_20260622T101458Z_associative_recall_seed101,101,fixed_update_scale,1536,1,soft_dimension,soft_dimension,soft_dimension,candidate,True,-0.0072642585728317985,0.0,0.5382626631098173,1472,1536,-64
associative_recall,transformer_publication_20260622T101458Z_associative_recall_seed101,101,fixed_update_scale,1536,1,gradient_norm,gradient_norm,gradient_norm,candidate,False,-0.0090451820287854,0.0,0.42506200463756316,1536,1536,0
associative_recall,transformer_publication_20260622T101458Z_associative_recall_seed101,101,fixed_update_scale,1536,1,marginal_gain_edge,marginal_gain_edge,marginal_gain_edge,candidate,False,-0.008083670807536698,0.0,0.4861784456670477,1472,1536,-64
associative_recall,transformer_publication_20260622T101458Z_associative_recall_seed101,101,fixed_update_scale,1536,1,marginal_gain_soft,marginal_gain_soft,marginal_gain_soft,candidate,False,-0.007890087668784,0.0,0.49848315124138,1536,1536,0
associative_recall,transformer_publication_20260622T101458Z_associative_recall_seed101,101,standard,1536,1,uniform,uniform,uniform,cap_baseline,False,0.00037395115941770037,0.0,1.0258451225270155,1408,1536,-128
associative_recall,transformer_publication_20260622T101458Z_associative_recall_seed101,101,standard,1536,1,effective_rank,effective_rank,effective_rank,candidate,False,-0.006480153882876,0.0,0.5521330342774194,1472,1536,-64
associative_recall,transformer_publication_20260622T101458Z_associative_recall_seed101,101,standard,1536,1,soft_dimension,soft_dimension,soft_dimension,candidate,True,-0.006480153882876,0.0,0.5521330342774194,1472,1536,-64
associative_recall,transformer_publication_20260622T101458Z_associative_recall_seed101,101,standard,1536,1,gradient_norm,gradient_norm,gradient_norm,candidate,False,-0.0096141736139543,0.0,0.3355295503413583,1536,1536,0
associative_recall,transformer_publication_20260622T101458Z_associative_recall_seed101,101,standard,1536,1,marginal_gain_edge,marginal_gain_edge,marginal_gain_edge,candidate,False,-0.0091650853864848,0.0,0.36656766848080463,1472,1536,-64
associative_recall,transformer_publication_20260622T101458Z_associative_recall_seed101,101,standard,1536,1,marginal_gain_soft,marginal_gain_soft,marginal_gain_soft,candidate,False,-0.0074315430247224,0.0,0.48637907597927976,1536,1536,0
associative_recall,transformer_publication_20260622T101458Z_associative_recall_seed101,101,rslora,1536,1,uniform,uniform,uniform,cap_baseline,False,0.00011663336772469932,0.0,1.0079891763399709,1408,1536,-128
associative_recall,transformer_publication_20260622T101458Z_associative_recall_seed101,101,rslora,1536,1,effective_rank,effective_rank,effective_rank,candidate,False,-0.0075588944018818004,0.0,0.482229301185959,1472,1536,-64
associative_recall,transformer_publication_20260622T101458Z_associative_recall_seed101,101,rslora,1536,1,soft_dimension,soft_dimension,soft_dimension,candidate,True,-0.0075588944018818004,0.0,0.482229301185959,1472,1536,-64
associative_recall,transformer_publication_20260622T101458Z_associative_recall_seed101,101,rslora,1536,1,gradient_norm,gradient_norm,gradient_norm,candidate,False,-0.0084267032798379,0.0,0.4227859507054313,1536,1536,0
associative_recall,transformer_publication_20260622T101458Z_associative_recall_seed101,101,rslora,1536,1,marginal_gain_edge,marginal_gain_edge,marginal_gain_edge,candidate,False,-0.0084163608844392,0.0,0.42349438622632746,1472,1536,-64
associative_recall,transformer_publication_20260622T101458Z_associative_recall_seed101,101,rslora,1536,1,marginal_gain_soft,marginal_gain_soft,marginal_gain_soft,candidate,False,-0.0072969964239746,0.0,0.5001688425830761,1536,1536,0
associative_recall,transformer_publication_20260622T101458Z_associative_recall_seed101,101,fixed_update_scale,1536,2,uniform,uniform,uniform,cap_baseline,False,5.770556163040008e-05,0.0,1.005719965903629,1408,1536,-128
associative_recall,transformer_publication_20260622T101458Z_associative_recall_seed101,101,fixed_update_scale,1536,2,effective_rank,effective_rank,effective_rank,candidate,False,-0.0017143625300378006,0.0,0.830066722492316,1472,1536,-64
associative_recall,transformer_publication_20260622T101458Z_associative_recall_seed101,101,fixed_update_scale,1536,2,soft_dimension,soft_dimension,soft_dimension,candidate,True,-0.0017143625300378006,0.0,0.830066722492316,1472,1536,-64
associative_recall,transformer_publication_20260622T101458Z_associative_recall_seed101,101,fixed_update_scale,1536,2,gradient_norm,gradient_norm,gradient_norm,candidate,False,-0.0034624962718226,0.0,0.6567859309104372,1536,1536,0
associative_recall,transformer_publication_20260622T101458Z_associative_recall_seed101,101,fixed_update_scale,1536,2,marginal_gain_edge,marginal_gain_edge,marginal_gain_edge,candidate,False,-0.0027021805290133004,0.0,0.7321509391000556,1472,1536,-64
associative_recall,transformer_publication_20260622T101458Z_associative_recall_seed101,101,fixed_update_scale,1536,2,marginal_gain_soft,marginal_gain_soft,marginal_gain_soft,candidate,False,-0.0043902068282477,0.0,0.5648281957933973,1536,1536,0
associative_recall,transformer_publication_20260622T101458Z_associative_recall_seed101,101,standard,1536,2,uniform,uniform,uniform,cap_baseline,False,0.0016744820750319005,0.0,1.321097128752156,1408,1536,-128
associative_recall,transformer_publication_20260622T101458Z_associative_recall_seed101,101,standard,1536,2,effective_rank,effective_rank,effective_rank,candidate,False,0.0007282098522410005,0.0,1.1396408454710765,1472,1536,-64
associative_recall,transformer_publication_20260622T101458Z_associative_recall_seed101,101,standard,1536,2,soft_dimension,soft_dimension,soft_dimension,candidate,True,0.0007282098522410005,0.0,1.1396408454710765,1472,1536,-64
associative_recall,transformer_publication_20260622T101458Z_associative_recall_seed101,101,standard,1536,2,gradient_norm,gradient_norm,gradient_norm,candidate,False,-0.00033138459548349986,0.0,0.936453997502231,1536,1536,0
associative_recall,transformer_publication_20260622T101458Z_associative_recall_seed101,101,standard,1536,2,marginal_gain_edge,marginal_gain_edge,marginal_gain_edge,candidate,False,0.0008574009989388998,0.0,1.164414419869658,1472,1536,-64
associative_recall,transformer_publication_20260622T101458Z_associative_recall_seed101,101,standard,1536,2,marginal_gain_soft,marginal_gain_soft,marginal_gain_soft,candidate,False,0.00045161688467490035,0.0,1.0866016346949199,1536,1536,0
associative_recall,transformer_publication_20260622T101458Z_associative_recall_seed101,101,rslora,1536,2,uniform,uniform,uniform,cap_baseline,False,-0.0002787185367196998,0.0,0.9585145378259718,1408,1536,-128
associative_recall,transformer_publication_20260622T101458Z_associative_recall_seed101,101,rslora,1536,2,effective_rank,effective_rank,effective_rank,candidate,False,-0.0008870976162143997,0.0,0.8679612234074565,1472,1536,-64
associative_recall,transformer_publication_20260622T101458Z_associative_recall_seed101,101,rslora,1536,2,soft_dimension,soft_dimension,soft_dimension,candidate,True,-0.0008870976162143997,0.0,0.8679612234074565,1472,1536,-64
associative_recall,transformer_publication_20260622T101458Z_associative_recall_seed101,101,rslora,1536,2,gradient_norm,gradient_norm,gradient_norm,candidate,False,-0.0008686076034792002,0.0,0.8707133429218282,1536,1536,0
associative_recall,transformer_publication_20260622T101458Z_associative_recall_seed101,101,rslora,1536,2,marginal_gain_edge,marginal_gain_edge,marginal_gain_edge,candidate,False,-0.0007679120171815998,0.0,0.885701233521447,1472,1536,-64
associative_recall,transformer_publication_20260622T101458Z_associative_recall_seed101,101,rslora,1536,2,marginal_gain_soft,marginal_gain_soft,marginal_gain_soft,candidate,False,-0.0011663553304971002,0.0,0.8263955081198098,1536,1536,0
associative_recall,transformer_publication_20260622T101458Z_associative_recall_seed101,101,fixed_update_scale,2048,0,uniform,uniform,uniform,cap_baseline,False,0.0077220651437528,0.0,2.102125154626964,1408,2048,-640
associative_recall,transformer_publication_20260622T101458Z_associative_recall_seed101,101,fixed_update_scale,2048,0,effective_rank,effective_rank,effective_rank,candidate,False,-0.0029627552139573,0.0,0.5771432916560923,2048,2048,0
associative_recall,transformer_publication_20260622T101458Z_associative_recall_seed101,101,fixed_update_scale,2048,0,soft_dimension,soft_dimension,soft_dimension,candidate,True,-0.0017274122219532997,0.0,0.7534565654674651,2048,2048,0
associative_recall,transformer_publication_20260622T101458Z_associative_recall_seed101,101,fixed_update_scale,2048,0,gradient_norm,gradient_norm,gradient_norm,candidate,False,-0.0036302608787081997,0.0,0.48187411556359006,2048,2048,0
associative_recall,transformer_publication_20260622T101458Z_associative_recall_seed101,101,fixed_update_scale,2048,0,marginal_gain_edge,marginal_gain_edge,marginal_gain_edge,candidate,False,-0.0034506039810367,0.0,0.5075154928946515,2048,2048,0
associative_recall,transformer_publication_20260622T101458Z_associative_recall_seed101,101,fixed_update_scale,2048,0,marginal_gain_soft,marginal_gain_soft,marginal_gain_soft,candidate,False,-0.003116406587651,0.0,0.5552135305315292,2048,2048,0
associative_recall,transformer_publication_20260622T101458Z_associative_recall_seed101,101,standard,2048,0,uniform,uniform,uniform,cap_baseline,False,0.0467892811866477,0.0,11.246656814754365,1408,2048,-640
associative_recall,transformer_publication_20260622T101458Z_associative_recall_seed101,101,standard,2048,0,effective_rank,effective_rank,effective_rank,candidate,False,-0.0020970890764146996,0.0,0.5407462664307031,2048,2048,0
associative_recall,transformer_publication_20260622T101458Z_associative_recall_seed101,101,standard,2048,0,soft_dimension,soft_dimension,soft_dimension,candidate,True,-0.0017379809287376997,0.0,0.6193894482729242,2048,2048,0
associative_recall,transformer_publication_20260622T101458Z_associative_recall_seed101,101,standard,2048,0,gradient_norm,gradient_norm,gradient_norm,candidate,False,-0.0019226974109187995,0.0,0.5789373115241649,2048,2048,0
associative_recall,transformer_publication_20260622T101458Z_associative_recall_seed101,101,standard,2048,0,marginal_gain_edge,marginal_gain_edge,marginal_gain_edge,candidate,False,-0.0017473634798079998,0.0,0.6173347088448753,2048,2048,0
associative_recall,transformer_publication_20260622T101458Z_associative_recall_seed101,101,standard,2048,0,marginal_gain_soft,marginal_gain_soft,marginal_gain_soft,candidate,False,-0.0008887317089829997,0.0,0.8053714741628113,2048,2048,0
associative_recall,transformer_publication_20260622T101458Z_associative_recall_seed101,101,rslora,2048,0,uniform,uniform,uniform,cap_baseline,False,0.0057319824700243,0.0,2.1840635220243247,1408,2048,-640
associative_recall,transformer_publication_20260622T101458Z_associative_recall_seed101,101,rslora,2048,0,effective_rank,effective_rank,effective_rank,candidate,False,-0.0016703574510756997,0.0,0.6549519582616794,2048,2048,0
associative_recall,transformer_publication_20260622T101458Z_associative_recall_seed101,101,rslora,2048,0,soft_dimension,soft_dimension,soft_dimension,candidate,True,-0.0016194757190532995,0.0,0.6654626678006926,2048,2048,0
associative_recall,transformer_publication_20260622T101458Z_associative_recall_seed101,101,rslora,2048,0,gradient_norm,gradient_norm,gradient_norm,candidate,False,-0.0017971156630664994,0.0,0.6287673396379773,2048,2048,0
associative_recall,transformer_publication_20260622T101458Z_associative_recall_seed101,101,rslora,2048,0,marginal_gain_edge,marginal_gain_edge,marginal_gain_edge,candidate,False,-0.0016642638365737998,0.0,0.6562107246111423,2048,2048,0
associative_recall,transformer_publication_20260622T101458Z_associative_recall_seed101,101,rslora,2048,0,marginal_gain_soft,marginal_gain_soft,marginal_gain_soft,candidate,False,-0.0005833722534589999,0.0,0.879491989256031,2048,2048,0
associative_recall,transformer_publication_20260622T101458Z_associative_recall_seed101,101,fixed_update_scale,2048,1,uniform,uniform,uniform,cap_baseline,False,0.005358149879612101,0.0,1.8588246290045745,1408,2048,-640
associative_recall,transformer_publication_20260622T101458Z_associative_recall_seed101,101,fixed_update_scale,2048,1,effective_rank,effective_rank,effective_rank,candidate,False,-0.0019448282546363,0.0,0.6882755350646235,2048,2048,0
associative_recall,transformer_publication_20260622T101458Z_associative_recall_seed101,101,fixed_update_scale,2048,1,soft_dimension,soft_dimension,soft_dimension,candidate,True,-0.0018080230802296994,0.0,0.7102031884142831,2048,2048,0
associative_recall,transformer_publication_20260622T101458Z_associative_recall_seed101,101,fixed_update_scale,2048,1,gradient_norm,gradient_norm,gradient_norm,candidate,False,-0.0032315987627952996,0.0,0.4820270670087646,2048,2048,0
associative_recall,transformer_publication_20260622T101458Z_associative_recall_seed101,101,fixed_update_scale,2048,1,marginal_gain_edge,marginal_gain_edge,marginal_gain_edge,candidate,False,-0.0029208735795691,0.0,0.5318312804410955,2048,2048,0
associative_recall,transformer_publication_20260622T101458Z_associative_recall_seed101,101,fixed_update_scale,2048,1,marginal_gain_soft,marginal_gain_soft,marginal_gain_soft,candidate,False,-0.0035294823173898995,0.0,0.43428115862447136,2048,2048,0
associative_recall,transformer_publication_20260622T101458Z_associative_recall_seed101,101,standard,2048,1,uniform,uniform,uniform,cap_baseline,False,0.0028540803468786002,0.0,1.79932883912609,1408,2048,-640
associative_recall,transformer_publication_20260622T101458Z_associative_recall_seed101,101,standard,2048,1,effective_rank,effective_rank,effective_rank,candidate,False,-0.0012754866329486997,0.0,0.642780466656885,2048,2048,0
associative_recall,transformer_publication_20260622T101458Z_associative_recall_seed101,101,standard,2048,1,soft_dimension,soft_dimension,soft_dimension,candidate,True,-0.0010398392623755998,0.0,0.7087771157593931,2048,2048,0
associative_recall,transformer_publication_20260622T101458Z_associative_recall_seed101,101,standard,2048,1,gradient_norm,gradient_norm,gradient_norm,candidate,False,-0.0012167284148745,0.0,0.6592366040230716,2048,2048,0
associative_recall,transformer_publication_20260622T101458Z_associative_recall_seed101,101,standard,2048,1,marginal_gain_edge,marginal_gain_edge,marginal_gain_edge,candidate,False,-0.0013909540139138,0.0,0.6104420611579983,2048,2048,0
associative_recall,transformer_publication_20260622T101458Z_associative_recall_seed101,101,standard,2048,1,marginal_gain_soft,marginal_gain_soft,marginal_gain_soft,candidate,False,-0.00040701287798579995,0.0,0.8860098204223412,2048,2048,0
associative_recall,transformer_publication_20260622T101458Z_associative_recall_seed101,101,rslora,2048,1,uniform,uniform,uniform,cap_baseline,False,0.0048763673694339,0.0,2.2525123830940372,1408,2048,-640
associative_recall,transformer_publication_20260622T101458Z_associative_recall_seed101,101,rslora,2048,1,effective_rank,effective_rank,effective_rank,candidate,False,-0.0007567641150672002,0.0,0.8056224329724965,2048,2048,0
associative_recall,transformer_publication_20260622T101458Z_associative_recall_seed101,101,rslora,2048,1,soft_dimension,soft_dimension,soft_dimension,candidate,True,-0.0008657922735438002,0.0,0.7776181608879398,2048,2048,0
associative_recall,transformer_publication_20260622T101458Z_associative_recall_seed101,101,rslora,2048,1,gradient_norm,gradient_norm,gradient_norm,candidate,False,-0.0013075715396553,0.0,0.6641455778198011,2048,2048,0
associative_recall,transformer_publication_20260622T101458Z_associative_recall_seed101,101,rslora,2048,1,marginal_gain_edge,marginal_gain_edge,marginal_gain_edge,candidate,False,-0.0009534386335872001,0.0,0.7551058801324764,2048,2048,0
associative_recall,transformer_publication_20260622T101458Z_associative_recall_seed101,101,rslora,2048,1,marginal_gain_soft,marginal_gain_soft,marginal_gain_soft,candidate,False,-0.0007612920308020001,0.0,0.8044594216368469,2048,2048,0
associative_recall,transformer_publication_20260622T101458Z_associative_recall_seed101,101,fixed_update_scale,2048,2,uniform,uniform,uniform,cap_baseline,False,0.005815236130729299,0.0,1.667674486162961,1408,2048,-640
associative_recall,transformer_publication_20260622T101458Z_associative_recall_seed101,101,fixed_update_scale,2048,2,effective_rank,effective_rank,effective_rank,candidate,False,-0.0048926263407339,0.0,0.43825466333605345,2048,2048,0
associative_recall,transformer_publication_20260622T101458Z_associative_recall_seed101,101,fixed_update_scale,2048,2,soft_dimension,soft_dimension,soft_dimension,candidate,True,-0.003648491459898701,0.0,0.581099613842798,2048,2048,0
associative_recall,transformer_publication_20260622T101458Z_associative_recall_seed101,101,fixed_update_scale,2048,2,gradient_norm,gradient_norm,gradient_norm,candidate,False,-0.0054121715656948,0.0,0.3786032436316768,2048,2048,0
associative_recall,transformer_publication_20260622T101458Z_associative_recall_seed101,101,fixed_update_scale,2048,2,marginal_gain_edge,marginal_gain_edge,marginal_gain_edge,candidate,False,-0.0052367187745404,0.0,0.3987478000256714,2048,2048,0
associative_recall,transformer_publication_20260622T101458Z_associative_recall_seed101,101,fixed_update_scale,2048,2,marginal_gain_soft,marginal_gain_soft,marginal_gain_soft,candidate,False,-0.005517056066310101,0.0,0.36656096306378577,2048,2048,0
associative_recall,transformer_publication_20260622T101458Z_associative_recall_seed101,101,standard,2048,2,uniform,uniform,uniform,cap_baseline,False,0.0027102683088741997,0.0,1.511395617772415,1408,2048,-640
associative_recall,transformer_publication_20260622T101458Z_associative_recall_seed101,101,standard,2048,2,effective_rank,effective_rank,effective_rank,candidate,False,-0.0022310753120108997,0.0,0.5790224407868554,2048,2048,0
associative_recall,transformer_publication_20260622T101458Z_associative_recall_seed101,101,standard,2048,2,soft_dimension,soft_dimension,soft_dimension,candidate,True,-0.0021636819292326,0.0,0.5917387761056997,2048,2048,0
associative_recall,transformer_publication_20260622T101458Z_associative_recall_seed101,101,standard,2048,2,gradient_norm,gradient_norm,gradient_norm,candidate,False,-0.0029326854855753997,0.0,0.44663688804633406,2048,2048,0
associative_recall,transformer_publication_20260622T101458Z_associative_recall_seed101,101,standard,2048,2,marginal_gain_edge,marginal_gain_edge,marginal_gain_edge,candidate,False,-0.0023796782770659996,0.0,0.5509828164927085,2048,2048,0
associative_recall,transformer_publication_20260622T101458Z_associative_recall_seed101,101,standard,2048,2,marginal_gain_soft,marginal_gain_soft,marginal_gain_soft,candidate,False,-0.0022309696651064,0.0,0.5790423751098948,2048,2048,0
associative_recall,transformer_publication_20260622T101458Z_associative_recall_seed101,101,rslora,2048,2,uniform,uniform,uniform,cap_baseline,False,0.0044810276012868,0.0,1.7151786400089017,1408,2048,-640
associative_recall,transformer_publication_20260622T101458Z_associative_recall_seed101,101,rslora,2048,2,effective_rank,effective_rank,effective_rank,candidate,False,-0.0025502321950626,0.0,0.5929791656610122,2048,2048,0
associative_recall,transformer_publication_20260622T101458Z_associative_recall_seed101,101,rslora,2048,2,soft_dimension,soft_dimension,soft_dimension,candidate,True,-0.0026324315113016,0.0,0.5798600330806665,2048,2048,0
associative_recall,transformer_publication_20260622T101458Z_associative_recall_seed101,101,rslora,2048,2,gradient_norm,gradient_norm,gradient_norm,candidate,False,-0.0036376663192641003,0.0,0.4194230693266874,2048,2048,0
associative_recall,transformer_publication_20260622T101458Z_associative_recall_seed101,101,rslora,2048,2,marginal_gain_edge,marginal_gain_edge,marginal_gain_edge,candidate,False,-0.0031001150782686004,0.0,0.505217043316015,2048,2048,0
associative_recall,transformer_publication_20260622T101458Z_associative_recall_seed101,101,rslora,2048,2,marginal_gain_soft,marginal_gain_soft,marginal_gain_soft,candidate,False,-0.0032304321066476,0.0,0.48441825263252747,2048,2048,0
associative_recall,transformer_publication_20260622T101458Z_associative_recall_seed101,101,fixed_update_scale,3072,0,uniform,uniform,uniform,cap_baseline,False,-0.00014954138896419982,0.0,0.9567007895010274,2816,3072,-256
associative_recall,transformer_publication_20260622T101458Z_associative_recall_seed101,101,fixed_update_scale,3072,0,effective_rank,effective_rank,effective_rank,candidate,False,-0.00041621216223570014,0.0,0.8794871563671883,3072,3072,0
associative_recall,transformer_publication_20260622T101458Z_associative_recall_seed101,101,fixed_update_scale,3072,0,soft_dimension,soft_dimension,soft_dimension,candidate,True,-0.00041621216223570014,0.0,0.8794871563671883,3072,3072,0
associative_recall,transformer_publication_20260622T101458Z_associative_recall_seed101,101,fixed_update_scale,3072,0,gradient_norm,gradient_norm,gradient_norm,candidate,False,-0.0011632719833869001,0.0,0.663178476372953,3072,3072,0
associative_recall,transformer_publication_20260622T101458Z_associative_recall_seed101,101,fixed_update_scale,3072,0,marginal_gain_edge,marginal_gain_edge,marginal_gain_edge,candidate,False,-0.0017049433809006,0.0,0.5063393295342595,3072,3072,0
associative_recall,transformer_publication_20260622T101458Z_associative_recall_seed101,101,fixed_update_scale,3072,0,marginal_gain_soft,marginal_gain_soft,marginal_gain_soft,candidate,False,-0.0017049433809006,0.0,0.5063393295342595,3072,3072,0
associative_recall,transformer_publication_20260622T101458Z_associative_recall_seed101,101,standard,3072,0,uniform,uniform,uniform,cap_baseline,False,-5.5217416957000377e-05,0.0,0.9764678697359236,2816,3072,-256
associative_recall,transformer_publication_20260622T101458Z_associative_recall_seed101,101,standard,3072,0,effective_rank,effective_rank,effective_rank,candidate,False,-0.0004101695958525001,0.0,0.8251971046113754,3072,3072,0
associative_recall,transformer_publication_20260622T101458Z_associative_recall_seed101,101,standard,3072,0,soft_dimension,soft_dimension,soft_dimension,candidate,True,-0.0004101695958525001,0.0,0.8251971046113754,3072,3072,0
associative_recall,transformer_publication_20260622T101458Z_associative_recall_seed101,101,standard,3072,0,gradient_norm,gradient_norm,gradient_norm,candidate,False,-0.0006942842010176002,0.0,0.7041153469500521,3072,3072,0
associative_recall,transformer_publication_20260622T101458Z_associative_recall_seed101,101,standard,3072,0,marginal_gain_edge,marginal_gain_edge,marginal_gain_edge,candidate,False,-0.0012358422536635002,0.0,0.4733183386374929,3072,3072,0
associative_recall,transformer_publication_20260622T101458Z_associative_recall_seed101,101,standard,3072,0,marginal_gain_soft,marginal_gain_soft,marginal_gain_soft,candidate,False,-0.0012358422536635002,0.0,0.4733183386374929,3072,3072,0
associative_recall,transformer_publication_20260622T101458Z_associative_recall_seed101,101,rslora,3072,0,uniform,uniform,uniform,cap_baseline,False,0.0005695259023922998,0.0,1.2231967551501337,2816,3072,-256
associative_recall,transformer_publication_20260622T101458Z_associative_recall_seed101,101,rslora,3072,0,effective_rank,effective_rank,effective_rank,candidate,False,-3.356239176359986e-05,0.0,0.9868469249506528,3072,3072,0
associative_recall,transformer_publication_20260622T101458Z_associative_recall_seed101,101,rslora,3072,0,soft_dimension,soft_dimension,soft_dimension,candidate,True,-3.356239176359986e-05,0.0,0.9868469249506528,3072,3072,0
associative_recall,transformer_publication_20260622T101458Z_associative_recall_seed101,101,rslora,3072,0,gradient_norm,gradient_norm,gradient_norm,candidate,False,-0.0005755474994657999,0.0,0.7744433856722919,3072,3072,0
associative_recall,transformer_publication_20260622T101458Z_associative_recall_seed101,101,rslora,3072,0,marginal_gain_edge,marginal_gain_edge,marginal_gain_edge,candidate,False,-0.0010232438362436,0.0,0.5989915418813896,3072,3072,0
associative_recall,transformer_publication_20260622T101458Z_associative_recall_seed101,101,rslora,3072,0,marginal_gain_soft,marginal_gain_soft,marginal_gain_soft,candidate,False,-0.0010232438362436,0.0,0.5989915418813896,3072,3072,0
associative_recall,transformer_publication_20260622T101458Z_associative_recall_seed101,101,fixed_update_scale,3072,1,uniform,uniform,uniform,cap_baseline,False,-4.601466935130012e-05,0.0,0.9838846188893705,2816,3072,-256
associative_recall,transformer_publication_20260622T101458Z_associative_recall_seed101,101,fixed_update_scale,3072,1,effective_rank,effective_rank,effective_rank,candidate,False,-0.0004995617491658998,0.0,0.8250421422212456,3072,3072,0
associative_recall,transformer_publication_20260622T101458Z_associative_recall_seed101,101,fixed_update_scale,3072,1,soft_dimension,soft_dimension,soft_dimension,candidate,True,-0.0004995617491658998,0.0,0.8250421422212456,3072,3072,0
associative_recall,transformer_publication_20260622T101458Z_associative_recall_seed101,101,fixed_update_scale,3072,1,gradient_norm,gradient_norm,gradient_norm,candidate,False,-0.0008885429560905002,0.0,0.6888120990016597,3072,3072,0
associative_recall,transformer_publication_20260622T101458Z_associative_recall_seed101,101,fixed_update_scale,3072,1,marginal_gain_edge,marginal_gain_edge,marginal_gain_edge,candidate,False,-0.0011163727467647,0.0,0.6090209376865794,3072,3072,0
associative_recall,transformer_publication_20260622T101458Z_associative_recall_seed101,101,fixed_update_scale,3072,1,marginal_gain_soft,marginal_gain_soft,marginal_gain_soft,candidate,False,-0.0011163727467647,0.0,0.6090209376865794,3072,3072,0
associative_recall,transformer_publication_20260622T101458Z_associative_recall_seed101,101,standard,3072,1,uniform,uniform,uniform,cap_baseline,False,4.499129136090012e-05,0.0,1.0217541311436702,2816,3072,-256
associative_recall,transformer_publication_20260622T101458Z_associative_recall_seed101,101,standard,3072,1,effective_rank,effective_rank,effective_rank,candidate,False,-0.000464864060632,0.0,0.7752295292471629,3072,3072,0
associative_recall,transformer_publication_20260622T101458Z_associative_recall_seed101,101,standard,3072,1,soft_dimension,soft_dimension,soft_dimension,candidate,True,-0.000464864060632,0.0,0.7752295292471629,3072,3072,0
associative_recall,transformer_publication_20260622T101458Z_associative_recall_seed101,101,standard,3072,1,gradient_norm,gradient_norm,gradient_norm,candidate,False,-0.0007021587662166,0.0,0.6604930993994931,3072,3072,0
associative_recall,transformer_publication_20260622T101458Z_associative_recall_seed101,101,standard,3072,1,marginal_gain_edge,marginal_gain_edge,marginal_gain_edge,candidate,False,-0.0006128834211267999,0.0,0.7036593990596028,3072,3072,0
associative_recall,transformer_publication_20260622T101458Z_associative_recall_seed101,101,standard,3072,1,marginal_gain_soft,marginal_gain_soft,marginal_gain_soft,candidate,False,-0.0006128834211267999,0.0,0.7036593990596028,3072,3072,0
associative_recall,transformer_publication_20260622T101458Z_associative_recall_seed101,101,rslora,3072,1,uniform,uniform,uniform,cap_baseline,False,-1.9292288925500025e-05,0.0,0.9923273021117582,2816,3072,-256
associative_recall,transformer_publication_20260622T101458Z_associative_recall_seed101,101,rslora,3072,1,effective_rank,effective_rank,effective_rank,candidate,False,-0.0006334892823361001,0.0,0.7480562364800889,3072,3072,0
associative_recall,transformer_publication_20260622T101458Z_associative_recall_seed101,101,rslora,3072,1,soft_dimension,soft_dimension,soft_dimension,candidate,True,-0.0006334892823361001,0.0,0.7480562364800889,3072,3072,0
associative_recall,transformer_publication_20260622T101458Z_associative_recall_seed101,101,rslora,3072,1,gradient_norm,gradient_norm,gradient_norm,candidate,False,-0.0009429399215151,0.0,0.6249852377555436,3072,3072,0
associative_recall,transformer_publication_20260622T101458Z_associative_recall_seed101,101,rslora,3072,1,marginal_gain_edge,marginal_gain_edge,marginal_gain_edge,candidate,False,-0.0009099972812692,0.0,0.6380867897395456,3072,3072,0
associative_recall,transformer_publication_20260622T101458Z_associative_recall_seed101,101,rslora,3072,1,marginal_gain_soft,marginal_gain_soft,marginal_gain_soft,candidate,False,-0.0009099972812692,0.0,0.6380867897395456,3072,3072,0
associative_recall,transformer_publication_20260622T101458Z_associative_recall_seed101,101,fixed_update_scale,3072,2,uniform,uniform,uniform,cap_baseline,False,0.00022228399757289992,0.0,1.1024512596209344,2816,3072,-256
associative_recall,transformer_publication_20260622T101458Z_associative_recall_seed101,101,fixed_update_scale,3072,2,effective_rank,effective_rank,effective_rank,candidate,False,-0.00023129330656959982,0.0,0.8933963269570269,3072,3072,0
associative_recall,transformer_publication_20260622T101458Z_associative_recall_seed101,101,fixed_update_scale,3072,2,soft_dimension,soft_dimension,soft_dimension,candidate,True,-0.00023129330656959982,0.0,0.8933963269570269,3072,3072,0
associative_recall,transformer_publication_20260622T101458Z_associative_recall_seed101,101,fixed_update_scale,3072,2,gradient_norm,gradient_norm,gradient_norm,candidate,False,-0.0003131158300675998,0.0,0.8556841178494667,3072,3072,0
associative_recall,transformer_publication_20260622T101458Z_associative_recall_seed101,101,fixed_update_scale,3072,2,marginal_gain_edge,marginal_gain_edge,marginal_gain_edge,candidate,False,-0.00046483107144019986,0.0,0.785758177376764,3072,3072,0
associative_recall,transformer_publication_20260622T101458Z_associative_recall_seed101,101,fixed_update_scale,3072,2,marginal_gain_soft,marginal_gain_soft,marginal_gain_soft,candidate,False,-0.00046483107144019986,0.0,0.785758177376764,3072,3072,0
associative_recall,transformer_publication_20260622T101458Z_associative_recall_seed101,101,standard,3072,2,uniform,uniform,uniform,cap_baseline,False,0.00011899786477440012,0.0,1.0710254098332523,2816,3072,-256
associative_recall,transformer_publication_20260622T101458Z_associative_recall_seed101,101,standard,3072,2,effective_rank,effective_rank,effective_rank,candidate,False,-0.0003433210658841,0.0,0.7950843953793946,3072,3072,0
associative_recall,transformer_publication_20260622T101458Z_associative_recall_seed101,101,standard,3072,2,soft_dimension,soft_dimension,soft_dimension,candidate,True,-0.0003433210658841,0.0,0.7950843953793946,3072,3072,0
associative_recall,transformer_publication_20260622T101458Z_associative_recall_seed101,101,standard,3072,2,gradient_norm,gradient_norm,gradient_norm,candidate,False,-0.0001424682850484,0.0,0.9149659672214547,3072,3072,0
associative_recall,transformer_publication_20260622T101458Z_associative_recall_seed101,101,standard,3072,2,marginal_gain_edge,marginal_gain_edge,marginal_gain_edge,candidate,False,-0.00021228485275060003,0.0,0.873295048641523,3072,3072,0
associative_recall,transformer_publication_20260622T101458Z_associative_recall_seed101,101,standard,3072,2,marginal_gain_soft,marginal_gain_soft,marginal_gain_soft,candidate,False,-0.00021228485275060003,0.0,0.873295048641523,3072,3072,0
associative_recall,transformer_publication_20260622T101458Z_associative_recall_seed101,101,rslora,3072,2,uniform,uniform,uniform,cap_baseline,False,-0.00010352283425170005,0.0,0.9493406844285925,2816,3072,-256
associative_recall,transformer_publication_20260622T101458Z_associative_recall_seed101,101,rslora,3072,2,effective_rank,effective_rank,effective_rank,candidate,False,-0.00033098188578149996,0.0,0.8380326821476182,3072,3072,0
associative_recall,transformer_publication_20260622T101458Z_associative_recall_seed101,101,rslora,3072,2,soft_dimension,soft_dimension,soft_dimension,candidate,True,-0.00033098188578149996,0.0,0.8380326821476182,3072,3072,0
associative_recall,transformer_publication_20260622T101458Z_associative_recall_seed101,101,rslora,3072,2,gradient_norm,gradient_norm,gradient_norm,candidate,False,-0.0003514128184179,0.0,0.8280347230371762,3072,3072,0
associative_recall,transformer_publication_20260622T101458Z_associative_recall_seed101,101,rslora,3072,2,marginal_gain_edge,marginal_gain_edge,marginal_gain_edge,candidate,False,-0.0004972856258974,0.0,0.7566512776281765,3072,3072,0
associative_recall,transformer_publication_20260622T101458Z_associative_recall_seed101,101,rslora,3072,2,marginal_gain_soft,marginal_gain_soft,marginal_gain_soft,candidate,False,-0.0004972856258974,0.0,0.7566512776281765,3072,3072,0
associative_recall,transformer_publication_20260622T101458Z_associative_recall_seed101,101,fixed_update_scale,4096,0,uniform,uniform,uniform,cap_baseline,False,0.0008692414994584002,0.0,1.4293534464996656,2816,4096,-1280
associative_recall,transformer_publication_20260622T101458Z_associative_recall_seed101,101,fixed_update_scale,4096,0,effective_rank,effective_rank,effective_rank,candidate,False,-0.00039730823482389977,0.0,0.8037534332511427,4096,4096,0
associative_recall,transformer_publication_20260622T101458Z_associative_recall_seed101,101,fixed_update_scale,4096,0,soft_dimension,soft_dimension,soft_dimension,candidate,True,-0.00039730823482389977,0.0,0.8037534332511427,4096,4096,0
associative_recall,transformer_publication_20260622T101458Z_associative_recall_seed101,101,fixed_update_scale,4096,0,gradient_norm,gradient_norm,gradient_norm,candidate,False,-0.0006945107888895999,0.0,0.6569531010349305,4096,4096,0
associative_recall,transformer_publication_20260622T101458Z_associative_recall_seed101,101,fixed_update_scale,4096,0,marginal_gain_edge,marginal_gain_edge,marginal_gain_edge,candidate,False,-0.0007693761726840999,0.0,0.6199740675031483,4096,4096,0
associative_recall,transformer_publication_20260622T101458Z_associative_recall_seed101,101,fixed_update_scale,4096,0,marginal_gain_soft,marginal_gain_soft,marginal_gain_soft,candidate,False,-0.0007641160627826998,0.0,0.6225722480048159,4096,4096,0
associative_recall,transformer_publication_20260622T101458Z_associative_recall_seed101,101,standard,4096,0,uniform,uniform,uniform,cap_baseline,False,0.0008491173211950002,0.0,1.5088102873142029,2816,4096,-1280
associative_recall,transformer_publication_20260622T101458Z_associative_recall_seed101,101,standard,4096,0,effective_rank,effective_rank,effective_rank,candidate,False,-0.00033227019594059986,0.0,0.8008961899110077,4096,4096,0
associative_recall,transformer_publication_20260622T101458Z_associative_recall_seed101,101,standard,4096,0,soft_dimension,soft_dimension,soft_dimension,candidate,True,-0.00033227019594059986,0.0,0.8008961899110077,4096,4096,0
associative_recall,transformer_publication_20260622T101458Z_associative_recall_seed101,101,standard,4096,0,gradient_norm,gradient_norm,gradient_norm,candidate,False,-0.0003818377881543999,0.0,0.7711941685221578,4096,4096,0
associative_recall,transformer_publication_20260622T101458Z_associative_recall_seed101,101,standard,4096,0,marginal_gain_edge,marginal_gain_edge,marginal_gain_edge,candidate,False,-0.0005121579742991,0.0,0.6931033679931959,4096,4096,0
associative_recall,transformer_publication_20260622T101458Z_associative_recall_seed101,101,standard,4096,0,marginal_gain_soft,marginal_gain_soft,marginal_gain_soft,candidate,False,-0.0005616822454612999,0.0,0.6634273055574391,4096,4096,0
associative_recall,transformer_publication_20260622T101458Z_associative_recall_seed101,101,rslora,4096,0,uniform,uniform,uniform,cap_baseline,False,0.000337533201673,0.0,1.1826063093575223,2816,4096,-1280
associative_recall,transformer_publication_20260622T101458Z_associative_recall_seed101,101,rslora,4096,0,effective_rank,effective_rank,effective_rank,candidate,False,-0.00030457616958299997,0.0,0.8352235277296235,4096,4096,0
associative_recall,transformer_publication_20260622T101458Z_associative_recall_seed101,101,rslora,4096,0,soft_dimension,soft_dimension,soft_dimension,candidate,True,-0.00030457616958299997,0.0,0.8352235277296235,4096,4096,0
associative_recall,transformer_publication_20260622T101458Z_associative_recall_seed101,101,rslora,4096,0,gradient_norm,gradient_norm,gradient_norm,candidate,False,-0.0005227264773567,0.0,0.7172036636382815,4096,4096,0
associative_recall,transformer_publication_20260622T101458Z_associative_recall_seed101,101,rslora,4096,0,marginal_gain_edge,marginal_gain_edge,marginal_gain_edge,candidate,False,-0.0006871550722280999,0.0,0.6282473810756011,4096,4096,0
associative_recall,transformer_publication_20260622T101458Z_associative_recall_seed101,101,rslora,4096,0,marginal_gain_soft,marginal_gain_soft,marginal_gain_soft,candidate,False,-0.0006707694556099,0.0,0.6371120407960854,4096,4096,0
associative_recall,transformer_publication_20260622T101458Z_associative_recall_seed101,101,fixed_update_scale,4096,1,uniform,uniform,uniform,cap_baseline,False,0.0007638306997251,0.0,1.3735491800940993,2816,4096,-1280
associative_recall,transformer_publication_20260622T101458Z_associative_recall_seed101,101,fixed_update_scale,4096,1,effective_rank,effective_rank,effective_rank,candidate,False,-0.0008465472055832,0.0,0.585998553514065,4096,4096,0
associative_recall,transformer_publication_20260622T101458Z_associative_recall_seed101,101,fixed_update_scale,4096,1,soft_dimension,soft_dimension,soft_dimension,candidate,True,-0.0008465472055832,0.0,0.585998553514065,4096,4096,0
associative_recall,transformer_publication_20260622T101458Z_associative_recall_seed101,101,fixed_update_scale,4096,1,gradient_norm,gradient_norm,gradient_norm,candidate,False,-0.0008562278526369001,0.0,0.5812642612540243,4096,4096,0
associative_recall,transformer_publication_20260622T101458Z_associative_recall_seed101,101,fixed_update_scale,4096,1,marginal_gain_edge,marginal_gain_edge,marginal_gain_edge,candidate,False,-0.0010178806551266002,0.0,0.5022084287879119,4096,4096,0
associative_recall,transformer_publication_20260622T101458Z_associative_recall_seed101,101,fixed_update_scale,4096,1,marginal_gain_soft,marginal_gain_soft,marginal_gain_soft,candidate,False,-0.0010385761270299,0.0,0.4920873685007038,4096,4096,0
associative_recall,transformer_publication_20260622T101458Z_associative_recall_seed101,101,standard,4096,1,uniform,uniform,uniform,cap_baseline,False,0.0005820556834806,0.0,1.423908771637514,2816,4096,-1280
associative_recall,transformer_publication_20260622T101458Z_associative_recall_seed101,101,standard,4096,1,effective_rank,effective_rank,effective_rank,candidate,False,-0.00037588248960670014,0.0,0.7262463214921296,4096,4096,0
associative_recall,transformer_publication_20260622T101458Z_associative_recall_seed101,101,standard,4096,1,soft_dimension,soft_dimension,soft_dimension,candidate,True,-0.00037588248960670014,0.0,0.7262463214921296,4096,4096,0
associative_recall,transformer_publication_20260622T101458Z_associative_recall_seed101,101,standard,4096,1,gradient_norm,gradient_norm,gradient_norm,candidate,False,-0.00021395803196349998,0.0,0.8441752411568879,4096,4096,0
associative_recall,transformer_publication_20260622T101458Z_associative_recall_seed101,101,standard,4096,1,marginal_gain_edge,marginal_gain_edge,marginal_gain_edge,candidate,False,-0.0001968161668628001,0.0,0.8566595913396069,4096,4096,0
associative_recall,transformer_publication_20260622T101458Z_associative_recall_seed101,101,standard,4096,1,marginal_gain_soft,marginal_gain_soft,marginal_gain_soft,candidate,False,-0.00018947388161900014,0.0,0.8620069476270664,4096,4096,0
associative_recall,transformer_publication_20260622T101458Z_associative_recall_seed101,101,rslora,4096,1,uniform,uniform,uniform,cap_baseline,False,0.0004281416913726999,0.0,1.2325929437606085,2816,4096,-1280
associative_recall,transformer_publication_20260622T101458Z_associative_recall_seed101,101,rslora,4096,1,effective_rank,effective_rank,effective_rank,candidate,False,-0.0006442582671298,0.0,0.6499992177510614,4096,4096,0
associative_recall,transformer_publication_20260622T101458Z_associative_recall_seed101,101,rslora,4096,1,soft_dimension,soft_dimension,soft_dimension,candidate,True,-0.0006442582671298,0.0,0.6499992177510614,4096,4096,0
associative_recall,transformer_publication_20260622T101458Z_associative_recall_seed101,101,rslora,4096,1,gradient_norm,gradient_norm,gradient_norm,candidate,False,-0.0006794772489229,0.0,0.6308660970656071,4096,4096,0
associative_recall,transformer_publication_20260622T101458Z_associative_recall_seed101,101,rslora,4096,1,marginal_gain_edge,marginal_gain_edge,marginal_gain_edge,candidate,False,-0.0006966054206713999,0.0,0.6215610189372711,4096,4096,0
associative_recall,transformer_publication_20260622T101458Z_associative_recall_seed101,101,rslora,4096,1,marginal_gain_soft,marginal_gain_soft,marginal_gain_soft,candidate,False,-0.0007533418101957001,0.0,0.5907383167250778,4096,4096,0
associative_recall,transformer_publication_20260622T101458Z_associative_recall_seed101,101,fixed_update_scale,4096,2,uniform,uniform,uniform,cap_baseline,False,0.0015110324893611998,0.0,1.8992746763637214,2816,4096,-1280
associative_recall,transformer_publication_20260622T101458Z_associative_recall_seed101,101,fixed_update_scale,4096,2,effective_rank,effective_rank,effective_rank,candidate,False,-0.0001037785550579999,0.0,0.9382373131151326,4096,4096,0
associative_recall,transformer_publication_20260622T101458Z_associative_recall_seed101,101,fixed_update_scale,4096,2,soft_dimension,soft_dimension,soft_dimension,candidate,True,-0.0001037785550579999,0.0,0.9382373131151326,4096,4096,0
associative_recall,transformer_publication_20260622T101458Z_associative_recall_seed101,101,fixed_update_scale,4096,2,gradient_norm,gradient_norm,gradient_norm,candidate,False,-0.0004045400273754,0.0,0.7592423692041328,4096,4096,0
associative_recall,transformer_publication_20260622T101458Z_associative_recall_seed101,101,fixed_update_scale,4096,2,marginal_gain_edge,marginal_gain_edge,marginal_gain_edge,candidate,False,-0.0002621247258503001,0.0,0.8439992987142115,4096,4096,0
associative_recall,transformer_publication_20260622T101458Z_associative_recall_seed101,101,fixed_update_scale,4096,2,marginal_gain_soft,marginal_gain_soft,marginal_gain_soft,candidate,False,-0.0004303267051001,0.0,0.7438957062907638,4096,4096,0
associative_recall,transformer_publication_20260622T101458Z_associative_recall_seed101,101,standard,4096,2,uniform,uniform,uniform,cap_baseline,False,0.0004582352412399,0.0,1.2945338058592082,2816,4096,-1280
associative_recall,transformer_publication_20260622T101458Z_associative_recall_seed101,101,standard,4096,2,effective_rank,effective_rank,effective_rank,candidate,False,-0.0001338127476629,0.0,0.9139909498558225,4096,4096,0
associative_recall,transformer_publication_20260622T101458Z_associative_recall_seed101,101,standard,4096,2,soft_dimension,soft_dimension,soft_dimension,candidate,True,-0.0001338127476629,0.0,0.9139909498558225,4096,4096,0
associative_recall,transformer_publication_20260622T101458Z_associative_recall_seed101,101,standard,4096,2,gradient_norm,gradient_norm,gradient_norm,candidate,False,-0.0003085750504397001,0.0,0.80166129572819,4096,4096,0
associative_recall,transformer_publication_20260622T101458Z_associative_recall_seed101,101,standard,4096,2,marginal_gain_edge,marginal_gain_edge,marginal_gain_edge,candidate,False,-1.673659426160005e-05,0.0,0.9892424406476199,4096,4096,0
associative_recall,transformer_publication_20260622T101458Z_associative_recall_seed101,101,standard,4096,2,marginal_gain_soft,marginal_gain_soft,marginal_gain_soft,candidate,False,-0.00014008999278300005,0.0,0.9099562080264261,4096,4096,0
associative_recall,transformer_publication_20260622T101458Z_associative_recall_seed101,101,rslora,4096,2,uniform,uniform,uniform,cap_baseline,False,0.0009002104052342,0.0,1.5466938712213207,2816,4096,-1280
associative_recall,transformer_publication_20260622T101458Z_associative_recall_seed101,101,rslora,4096,2,effective_rank,effective_rank,effective_rank,candidate,False,-0.00019953462469860005,0.0,0.8788234886145406,4096,4096,0
associative_recall,transformer_publication_20260622T101458Z_associative_recall_seed101,101,rslora,4096,2,soft_dimension,soft_dimension,soft_dimension,candidate,True,-0.00019953462469860005,0.0,0.8788234886145406,4096,4096,0
associative_recall,transformer_publication_20260622T101458Z_associative_recall_seed101,101,rslora,4096,2,gradient_norm,gradient_norm,gradient_norm,candidate,False,-0.0004067706613569001,0.0,0.7529699431783325,4096,4096,0
associative_recall,transformer_publication_20260622T101458Z_associative_recall_seed101,101,rslora,4096,2,marginal_gain_edge,marginal_gain_edge,marginal_gain_edge,candidate,False,-0.00014466884022110008,0.0,0.9121432413514529,4096,4096,0
associative_recall,transformer_publication_20260622T101458Z_associative_recall_seed101,101,rslora,4096,2,marginal_gain_soft,marginal_gain_soft,marginal_gain_soft,candidate,False,-0.00010273513908030008,0.0,0.9376093960170809,4096,4096,0
associative_recall,transformer_publication_20260622T101458Z_associative_recall_seed101,101,fixed_update_scale,6144,0,uniform,uniform,uniform,cap_baseline,False,7.078793714759986e-05,0.0,1.0654791082164141,5632,6144,-512
associative_recall,transformer_publication_20260622T101458Z_associative_recall_seed101,101,fixed_update_scale,6144,0,effective_rank,effective_rank,effective_rank,candidate,False,-0.00019856583821820008,0.0,0.8163258525013629,6144,6144,0
associative_recall,transformer_publication_20260622T101458Z_associative_recall_seed101,101,fixed_update_scale,6144,0,soft_dimension,soft_dimension,soft_dimension,candidate,True,-0.00019856583821820008,0.0,0.8163258525013629,6144,6144,0
associative_recall,transformer_publication_20260622T101458Z_associative_recall_seed101,101,fixed_update_scale,6144,0,gradient_norm,gradient_norm,gradient_norm,candidate,False,-0.0002394939001533,0.0,0.7784672412107332,6144,6144,0
associative_recall,transformer_publication_20260622T101458Z_associative_recall_seed101,101,fixed_update_scale,6144,0,marginal_gain_edge,marginal_gain_edge,marginal_gain_edge,candidate,False,-0.0002060549813905,0.0,0.8093983668874687,6144,6144,0
associative_recall,transformer_publication_20260622T101458Z_associative_recall_seed101,101,fixed_update_scale,6144,0,marginal_gain_soft,marginal_gain_soft,marginal_gain_soft,candidate,False,-0.0002401074452791001,0.0,0.7778997096607723,6144,6144,0
associative_recall,transformer_publication_20260622T101458Z_associative_recall_seed101,101,standard,6144,0,uniform,uniform,uniform,cap_baseline,False,4.863204958389998e-05,0.0,1.0440814120798179,5632,6144,-512
associative_recall,transformer_publication_20260622T101458Z_associative_recall_seed101,101,standard,6144,0,effective_rank,effective_rank,effective_rank,candidate,False,-0.0001779756566974999,0.0,0.8386780254958456,6144,6144,0
associative_recall,transformer_publication_20260622T101458Z_associative_recall_seed101,101,standard,6144,0,soft_dimension,soft_dimension,soft_dimension,candidate,True,-0.0001779756566974999,0.0,0.8386780254958456,6144,6144,0
associative_recall,transformer_publication_20260622T101458Z_associative_recall_seed101,101,standard,6144,0,gradient_norm,gradient_norm,gradient_norm,candidate,False,-0.00011562047438929985,0.0,0.8951984582178486,6144,6144,0
associative_recall,transformer_publication_20260622T101458Z_associative_recall_seed101,101,standard,6144,0,marginal_gain_edge,marginal_gain_edge,marginal_gain_edge,candidate,False,-0.0002604620749479999,0.0,0.7639100931343795,6144,6144,0
associative_recall,transformer_publication_20260622T101458Z_associative_recall_seed101,101,standard,6144,0,marginal_gain_soft,marginal_gain_soft,marginal_gain_soft,candidate,False,-0.00010722699516919985,0.0,0.9028065360070913,6144,6144,0
associative_recall,transformer_publication_20260622T101458Z_associative_recall_seed101,101,rslora,6144,0,uniform,uniform,uniform,cap_baseline,False,9.968252561519983e-05,0.0,1.094738853747893,5632,6144,-512
associative_recall,transformer_publication_20260622T101458Z_associative_recall_seed101,101,rslora,6144,0,effective_rank,effective_rank,effective_rank,candidate,False,-0.00015838164836170013,0.0,0.8494731576283282,6144,6144,0
associative_recall,transformer_publication_20260622T101458Z_associative_recall_seed101,101,rslora,6144,0,soft_dimension,soft_dimension,soft_dimension,candidate,True,-0.00015838164836170013,0.0,0.8494731576283282,6144,6144,0
associative_recall,transformer_publication_20260622T101458Z_associative_recall_seed101,101,rslora,6144,0,gradient_norm,gradient_norm,gradient_norm,candidate,False,-0.0001476204852225001,0.0,0.8597006298408343,6144,6144,0
associative_recall,transformer_publication_20260622T101458Z_associative_recall_seed101,101,rslora,6144,0,marginal_gain_edge,marginal_gain_edge,marginal_gain_edge,candidate,False,-0.00016736809629950005,0.0,0.840932385094346,6144,6144,0
associative_recall,transformer_publication_20260622T101458Z_associative_recall_seed101,101,rslora,6144,0,marginal_gain_soft,marginal_gain_soft,marginal_gain_soft,candidate,False,-0.00014586390170740014,0.0,0.8613700970589446,6144,6144,0
associative_recall,transformer_publication_20260622T101458Z_associative_recall_seed101,101,fixed_update_scale,6144,1,uniform,uniform,uniform,cap_baseline,False,1.3870230759500078e-05,0.0,1.013240911703433,5632,6144,-512
associative_recall,transformer_publication_20260622T101458Z_associative_recall_seed101,101,fixed_update_scale,6144,1,effective_rank,effective_rank,effective_rank,candidate,False,-7.814726995999997e-05,0.0,0.9253984220344728,6144,6144,0
associative_recall,transformer_publication_20260622T101458Z_associative_recall_seed101,101,fixed_update_scale,6144,1,soft_dimension,soft_dimension,soft_dimension,candidate,True,-7.814726995999997e-05,0.0,0.9253984220344728,6144,6144,0
associative_recall,transformer_publication_20260622T101458Z_associative_recall_seed101,101,fixed_update_scale,6144,1,gradient_norm,gradient_norm,gradient_norm,candidate,False,-0.00019901027553709998,0.0,0.8100192035624372,6144,6144,0
associative_recall,transformer_publication_20260622T101458Z_associative_recall_seed101,101,fixed_update_scale,6144,1,marginal_gain_edge,marginal_gain_edge,marginal_gain_edge,candidate,False,-0.00028378503338900006,0.0,0.7290908395820402,6144,6144,0
associative_recall,transformer_publication_20260622T101458Z_associative_recall_seed101,101,fixed_update_scale,6144,1,marginal_gain_soft,marginal_gain_soft,marginal_gain_soft,candidate,False,-0.00023938377125889997,0.0,0.7714775310206784,6144,6144,0
associative_recall,transformer_publication_20260622T101458Z_associative_recall_seed101,101,standard,6144,1,uniform,uniform,uniform,cap_baseline,False,-1.372056431139996e-05,0.0,0.9872380991284605,5632,6144,-512
associative_recall,transformer_publication_20260622T101458Z_associative_recall_seed101,101,standard,6144,1,effective_rank,effective_rank,effective_rank,candidate,False,-8.383502427029995e-05,0.0,0.9220225753825781,6144,6144,0
associative_recall,transformer_publication_20260622T101458Z_associative_recall_seed101,101,standard,6144,1,soft_dimension,soft_dimension,soft_dimension,candidate,True,-8.383502427029995e-05,0.0,0.9220225753825781,6144,6144,0
associative_recall,transformer_publication_20260622T101458Z_associative_recall_seed101,101,standard,6144,1,gradient_norm,gradient_norm,gradient_norm,candidate,False,-0.00011768482363550003,0.0,0.8905378802770525,6144,6144,0
associative_recall,transformer_publication_20260622T101458Z_associative_recall_seed101,101,standard,6144,1,marginal_gain_edge,marginal_gain_edge,marginal_gain_edge,candidate,False,-0.00028321830905050005,0.0,0.736570311316974,6144,6144,0
associative_recall,transformer_publication_20260622T101458Z_associative_recall_seed101,101,standard,6144,1,marginal_gain_soft,marginal_gain_soft,marginal_gain_soft,candidate,False,-2.8509864932899955e-05,0.0,0.9734821351456844,6144,6144,0
associative_recall,transformer_publication_20260622T101458Z_associative_recall_seed101,101,rslora,6144,1,uniform,uniform,uniform,cap_baseline,False,1.3232493075001142e-06,0.0,1.00124825965979,5632,6144,-512
associative_recall,transformer_publication_20260622T101458Z_associative_recall_seed101,101,rslora,6144,1,effective_rank,effective_rank,effective_rank,candidate,False,-8.767125837039994e-05,0.0,0.9172971453478,6144,6144,0
associative_recall,transformer_publication_20260622T101458Z_associative_recall_seed101,101,rslora,6144,1,soft_dimension,soft_dimension,soft_dimension,candidate,True,-8.767125837039994e-05,0.0,0.9172971453478,6144,6144,0
associative_recall,transformer_publication_20260622T101458Z_associative_recall_seed101,101,rslora,6144,1,gradient_norm,gradient_norm,gradient_norm,candidate,False,-0.00014018484216649996,0.0,0.8677595503744706,6144,6144,0
associative_recall,transformer_publication_20260622T101458Z_associative_recall_seed101,101,rslora,6144,1,marginal_gain_edge,marginal_gain_edge,marginal_gain_edge,candidate,False,-0.0002530761848902,0.0,0.7612658546945866,6144,6144,0
associative_recall,transformer_publication_20260622T101458Z_associative_recall_seed101,101,rslora,6144,1,marginal_gain_soft,marginal_gain_soft,marginal_gain_soft,candidate,False,-0.00011757190077329993,0.0,0.8890909974195145,6144,6144,0
associative_recall,transformer_publication_20260622T101458Z_associative_recall_seed101,101,fixed_update_scale,6144,2,uniform,uniform,uniform,cap_baseline,False,3.357860259710008e-05,0.0,1.032651467169717,5632,6144,-512
associative_recall,transformer_publication_20260622T101458Z_associative_recall_seed101,101,fixed_update_scale,6144,2,effective_rank,effective_rank,effective_rank,candidate,False,-0.000196518994926,0.0,0.808907071326244,6144,6144,0
associative_recall,transformer_publication_20260622T101458Z_associative_recall_seed101,101,fixed_update_scale,6144,2,soft_dimension,soft_dimension,soft_dimension,candidate,True,-0.000196518994926,0.0,0.808907071326244,6144,6144,0
associative_recall,transformer_publication_20260622T101458Z_associative_recall_seed101,101,fixed_update_scale,6144,2,gradient_norm,gradient_norm,gradient_norm,candidate,False,-0.00014693190314570004,0.0,0.8571250188904475,6144,6144,0
associative_recall,transformer_publication_20260622T101458Z_associative_recall_seed101,101,fixed_update_scale,6144,2,marginal_gain_edge,marginal_gain_edge,marginal_gain_edge,candidate,False,-0.00017745210061550002,0.0,0.8274475115309092,6144,6144,0
associative_recall,transformer_publication_20260622T101458Z_associative_recall_seed101,101,fixed_update_scale,6144,2,marginal_gain_soft,marginal_gain_soft,marginal_gain_soft,candidate,False,-0.00017708168161330003,0.0,0.8278077029312034,6144,6144,0
associative_recall,transformer_publication_20260622T101458Z_associative_recall_seed101,101,standard,6144,2,uniform,uniform,uniform,cap_baseline,False,-3.114782157359998e-05,0.0,0.971505613660113,5632,6144,-512
associative_recall,transformer_publication_20260622T101458Z_associative_recall_seed101,101,standard,6144,2,effective_rank,effective_rank,effective_rank,candidate,False,-0.00018995335994990005,0.0,0.8262284759727901,6144,6144,0
associative_recall,transformer_publication_20260622T101458Z_associative_recall_seed101,101,standard,6144,2,soft_dimension,soft_dimension,soft_dimension,candidate,True,-0.00018995335994990005,0.0,0.8262284759727901,6144,6144,0
associative_recall,transformer_publication_20260622T101458Z_associative_recall_seed101,101,standard,6144,2,gradient_norm,gradient_norm,gradient_norm,candidate,False,-0.0001866295351647001,0.0,0.8292691492131895,6144,6144,0
associative_recall,transformer_publication_20260622T101458Z_associative_recall_seed101,101,standard,6144,2,marginal_gain_edge,marginal_gain_edge,marginal_gain_edge,candidate,False,-0.00021296631894080007,0.0,0.8051759557263511,6144,6144,0
associative_recall,transformer_publication_20260622T101458Z_associative_recall_seed101,101,standard,6144,2,marginal_gain_soft,marginal_gain_soft,marginal_gain_soft,candidate,False,4.919423372479995e-05,0.0,1.0450034522683038,6144,6144,0
associative_recall,transformer_publication_20260622T101458Z_associative_recall_seed101,101,rslora,6144,2,uniform,uniform,uniform,cap_baseline,False,6.655289325800022e-06,0.0,1.006306428892813,5632,6144,-512
associative_recall,transformer_publication_20260622T101458Z_associative_recall_seed101,101,rslora,6144,2,effective_rank,effective_rank,effective_rank,candidate,False,-0.00018674247985480004,0.0,0.8230462850192758,6144,6144,0
associative_recall,transformer_publication_20260622T101458Z_associative_recall_seed101,101,rslora,6144,2,soft_dimension,soft_dimension,soft_dimension,candidate,True,-0.00018674247985480004,0.0,0.8230462850192758,6144,6144,0
associative_recall,transformer_publication_20260622T101458Z_associative_recall_seed101,101,rslora,6144,2,gradient_norm,gradient_norm,gradient_norm,candidate,False,-0.0002017238512054,0.0,0.8088502150192645,6144,6144,0
associative_recall,transformer_publication_20260622T101458Z_associative_recall_seed101,101,rslora,6144,2,marginal_gain_edge,marginal_gain_edge,marginal_gain_edge,candidate,False,-0.00022130622528500007,0.0,0.790294320055131,6144,6144,0
associative_recall,transformer_publication_20260622T101458Z_associative_recall_seed101,101,rslora,6144,2,marginal_gain_soft,marginal_gain_soft,marginal_gain_soft,candidate,False,-4.5177599531600124e-05,0.0,0.9571905434840321,6144,6144,0
associative_recall,transformer_publication_20260622T101458Z_associative_recall_seed103,103,fixed_update_scale,512,0,uniform,uniform,uniform,cap_baseline,False,10.937257863581182,-0.994140625,20.554291704521038,0,512,-512
associative_recall,transformer_publication_20260622T101458Z_associative_recall_seed103,103,fixed_update_scale,512,0,effective_rank,effective_rank,effective_rank,candidate,False,-0.08170166239142423,0.0048828125,0.8539288220984581,512,512,0
associative_recall,transformer_publication_20260622T101458Z_associative_recall_seed103,103,fixed_update_scale,512,0,soft_dimension,soft_dimension,soft_dimension,candidate,True,-0.08170166239142423,0.0048828125,0.8539288220984581,512,512,0
associative_recall,transformer_publication_20260622T101458Z_associative_recall_seed103,103,fixed_update_scale,512,0,gradient_norm,gradient_norm,gradient_norm,candidate,False,-0.16664885729551315,0.0048828125,0.7020550846997615,512,512,0
associative_recall,transformer_publication_20260622T101458Z_associative_recall_seed103,103,fixed_update_scale,512,0,marginal_gain_edge,marginal_gain_edge,marginal_gain_edge,candidate,False,-0.22281321883201605,0.005859375,0.6016410391884163,512,512,0
associative_recall,transformer_publication_20260622T101458Z_associative_recall_seed103,103,fixed_update_scale,512,0,marginal_gain_soft,marginal_gain_soft,marginal_gain_soft,candidate,False,-0.22281321883201605,0.005859375,0.6016410391884163,512,512,0
associative_recall,transformer_publication_20260622T101458Z_associative_recall_seed103,103,standard,512,0,uniform,uniform,uniform,cap_baseline,False,10.53176821768284,-0.6513671875,11.915815084308893,0,512,-512
associative_recall,transformer_publication_20260622T101458Z_associative_recall_seed103,103,standard,512,0,effective_rank,effective_rank,effective_rank,candidate,False,-0.27082468569278706,0.2490234375,0.719299539432993,512,512,0
associative_recall,transformer_publication_20260622T101458Z_associative_recall_seed103,103,standard,512,0,soft_dimension,soft_dimension,soft_dimension,candidate,True,-0.27082468569278706,0.2490234375,0.719299539432993,512,512,0
associative_recall,transformer_publication_20260622T101458Z_associative_recall_seed103,103,standard,512,0,gradient_norm,gradient_norm,gradient_norm,candidate,False,-0.49777808412909497,0.3486328125,0.48407015735005915,512,512,0
associative_recall,transformer_publication_20260622T101458Z_associative_recall_seed103,103,standard,512,0,marginal_gain_edge,marginal_gain_edge,marginal_gain_edge,candidate,False,-0.640842605382204,0.3486328125,0.3357887076593909,512,512,0
associative_recall,transformer_publication_20260622T101458Z_associative_recall_seed103,103,standard,512,0,marginal_gain_soft,marginal_gain_soft,marginal_gain_soft,candidate,False,-0.640842605382204,0.3486328125,0.3357887076593909,512,512,0
associative_recall,transformer_publication_20260622T101458Z_associative_recall_seed103,103,rslora,512,0,uniform,uniform,uniform,cap_baseline,False,11.159169696271421,-1.0,34.072446568066475,0,512,-512
associative_recall,transformer_publication_20260622T101458Z_associative_recall_seed103,103,rslora,512,0,effective_rank,effective_rank,effective_rank,candidate,False,0.20026908814907074,-0.0009765625,1.593537771834278,512,512,0
associative_recall,transformer_publication_20260622T101458Z_associative_recall_seed103,103,rslora,512,0,soft_dimension,soft_dimension,soft_dimension,candidate,True,0.20026908814907074,-0.0009765625,1.593537771834278,512,512,0
associative_recall,transformer_publication_20260622T101458Z_associative_recall_seed103,103,rslora,512,0,gradient_norm,gradient_norm,gradient_norm,candidate,False,0.0698271244764328,0.0,1.2069467447941191,512,512,0
associative_recall,transformer_publication_20260622T101458Z_associative_recall_seed103,103,rslora,512,0,marginal_gain_edge,marginal_gain_edge,marginal_gain_edge,candidate,False,-0.006434649229049683,0.0,0.9809296212348934,512,512,0
associative_recall,transformer_publication_20260622T101458Z_associative_recall_seed103,103,rslora,512,0,marginal_gain_soft,marginal_gain_soft,marginal_gain_soft,candidate,False,-0.006434649229049683,0.0,0.9809296212348934,512,512,0
associative_recall,transformer_publication_20260622T101458Z_associative_recall_seed103,103,fixed_update_scale,512,1,uniform,uniform,uniform,cap_baseline,False,10.831319607794285,-0.9658203125,16.33841077699173,0,512,-512
associative_recall,transformer_publication_20260622T101458Z_associative_recall_seed103,103,fixed_update_scale,512,1,effective_rank,effective_rank,effective_rank,candidate,False,-0.1650991179049015,-0.04296875,0.7662004094568432,512,512,0
associative_recall,transformer_publication_20260622T101458Z_associative_recall_seed103,103,fixed_update_scale,512,1,soft_dimension,soft_dimension,soft_dimension,candidate,True,-0.1650991179049015,-0.04296875,0.7662004094568432,512,512,0
associative_recall,transformer_publication_20260622T101458Z_associative_recall_seed103,103,fixed_update_scale,512,1,gradient_norm,gradient_norm,gradient_norm,candidate,False,-0.3206278011202812,0.0341796875,0.5459536697109819,512,512,0
associative_recall,transformer_publication_20260622T101458Z_associative_recall_seed103,103,fixed_update_scale,512,1,marginal_gain_edge,marginal_gain_edge,marginal_gain_edge,candidate,False,-0.3604403845965862,0.0341796875,0.48957441200600166,512,512,0
associative_recall,transformer_publication_20260622T101458Z_associative_recall_seed103,103,fixed_update_scale,512,1,marginal_gain_soft,marginal_gain_soft,marginal_gain_soft,candidate,False,-0.3604403845965862,0.0341796875,0.48957441200600166,512,512,0
associative_recall,transformer_publication_20260622T101458Z_associative_recall_seed103,103,standard,512,1,uniform,uniform,uniform,cap_baseline,False,11.118375312536955,-0.9951171875,27.529115358810266,0,512,-512
associative_recall,transformer_publication_20260622T101458Z_associative_recall_seed103,103,standard,512,1,effective_rank,effective_rank,effective_rank,candidate,False,0.10970956459641457,0.00390625,1.261773650675498,512,512,0
associative_recall,transformer_publication_20260622T101458Z_associative_recall_seed103,103,standard,512,1,soft_dimension,soft_dimension,soft_dimension,candidate,True,0.10970956459641457,0.00390625,1.261773650675498,512,512,0
associative_recall,transformer_publication_20260622T101458Z_associative_recall_seed103,103,standard,512,1,gradient_norm,gradient_norm,gradient_norm,candidate,False,-0.016443930566310883,0.0048828125,0.9607637879921156,512,512,0
associative_recall,transformer_publication_20260622T101458Z_associative_recall_seed103,103,standard,512,1,marginal_gain_edge,marginal_gain_edge,marginal_gain_edge,candidate,False,-0.1089760921895504,0.0048828125,0.7399764588096769,512,512,0
associative_recall,transformer_publication_20260622T101458Z_associative_recall_seed103,103,standard,512,1,marginal_gain_soft,marginal_gain_soft,marginal_gain_soft,candidate,False,-0.1089760921895504,0.0048828125,0.7399764588096769,512,512,0
associative_recall,transformer_publication_20260622T101458Z_associative_recall_seed103,103,rslora,512,1,uniform,uniform,uniform,cap_baseline,False,10.318783774971962,-0.6552734375,9.467094498661693,0,512,-512
associative_recall,transformer_publication_20260622T101458Z_associative_recall_seed103,103,rslora,512,1,effective_rank,effective_rank,effective_rank,candidate,False,-0.6656439155340195,0.267578125,0.4538048225260889,512,512,0
associative_recall,transformer_publication_20260622T101458Z_associative_recall_seed103,103,rslora,512,1,soft_dimension,soft_dimension,soft_dimension,candidate,True,-0.6656439155340195,0.267578125,0.4538048225260889,512,512,0
associative_recall,transformer_publication_20260622T101458Z_associative_recall_seed103,103,rslora,512,1,gradient_norm,gradient_norm,gradient_norm,candidate,False,-0.8075360246002674,0.3447265625,0.33737502592618895,512,512,0
associative_recall,transformer_publication_20260622T101458Z_associative_recall_seed103,103,rslora,512,1,marginal_gain_edge,marginal_gain_edge,marginal_gain_edge,candidate,False,-0.902977466583252,0.3447265625,0.2590603983517137,512,512,0
associative_recall,transformer_publication_20260622T101458Z_associative_recall_seed103,103,rslora,512,1,marginal_gain_soft,marginal_gain_soft,marginal_gain_soft,candidate,False,-0.902977466583252,0.3447265625,0.2590603983517137,512,512,0
associative_recall,transformer_publication_20260622T101458Z_associative_recall_seed103,103,fixed_update_scale,512,2,uniform,uniform,uniform,cap_baseline,False,11.38889767602086,-1.0,53.80539899177639,0,512,-512
associative_recall,transformer_publication_20260622T101458Z_associative_recall_seed103,103,fixed_update_scale,512,2,effective_rank,effective_rank,effective_rank,candidate,False,0.23252039402723318,0.0,2.078096627927823,512,512,0
associative_recall,transformer_publication_20260622T101458Z_associative_recall_seed103,103,fixed_update_scale,512,2,soft_dimension,soft_dimension,soft_dimension,candidate,True,0.23252039402723318,0.0,2.078096627927823,512,512,0
associative_recall,transformer_publication_20260622T101458Z_associative_recall_seed103,103,fixed_update_scale,512,2,gradient_norm,gradient_norm,gradient_norm,candidate,False,0.172825999557972,0.0,1.8013195062790173,512,512,0
associative_recall,transformer_publication_20260622T101458Z_associative_recall_seed103,103,fixed_update_scale,512,2,marginal_gain_edge,marginal_gain_edge,marginal_gain_edge,candidate,False,0.06956934183835989,0.0,1.3225629870311908,512,512,0
associative_recall,transformer_publication_20260622T101458Z_associative_recall_seed103,103,fixed_update_scale,512,2,marginal_gain_soft,marginal_gain_soft,marginal_gain_soft,candidate,False,0.06956934183835989,0.0,1.3225629870311908,512,512,0
associative_recall,transformer_publication_20260622T101458Z_associative_recall_seed103,103,standard,512,2,uniform,uniform,uniform,cap_baseline,False,11.359182346612215,-1.0,47.28992768832871,0,512,-512
associative_recall,transformer_publication_20260622T101458Z_associative_recall_seed103,103,standard,512,2,effective_rank,effective_rank,effective_rank,candidate,False,0.24642707407474518,-0.0048828125,2.0042176532863256,512,512,0
associative_recall,transformer_publication_20260622T101458Z_associative_recall_seed103,103,standard,512,2,soft_dimension,soft_dimension,soft_dimension,candidate,True,0.24642707407474518,-0.0048828125,2.0042176532863256,512,512,0
associative_recall,transformer_publication_20260622T101458Z_associative_recall_seed103,103,standard,512,2,gradient_norm,gradient_norm,gradient_norm,candidate,False,0.11844037100672722,0.0,1.4826576457693161,512,512,0
associative_recall,transformer_publication_20260622T101458Z_associative_recall_seed103,103,standard,512,2,marginal_gain_edge,marginal_gain_edge,marginal_gain_edge,candidate,False,0.07496724277734751,0.0,1.305499827475854,512,512,0
associative_recall,transformer_publication_20260622T101458Z_associative_recall_seed103,103,standard,512,2,marginal_gain_soft,marginal_gain_soft,marginal_gain_soft,candidate,False,0.07496724277734751,0.0,1.305499827475854,512,512,0
associative_recall,transformer_publication_20260622T101458Z_associative_recall_seed103,103,rslora,512,2,uniform,uniform,uniform,cap_baseline,False,11.396163357421756,-1.0,55.68117679736972,0,512,-512
associative_recall,transformer_publication_20260622T101458Z_associative_recall_seed103,103,rslora,512,2,effective_rank,effective_rank,effective_rank,candidate,False,0.2570868637412787,-0.0009765625,2.23355657580698,512,512,0
associative_recall,transformer_publication_20260622T101458Z_associative_recall_seed103,103,rslora,512,2,soft_dimension,soft_dimension,soft_dimension,candidate,True,0.2570868637412787,-0.0009765625,2.23355657580698,512,512,0
associative_recall,transformer_publication_20260622T101458Z_associative_recall_seed103,103,rslora,512,2,gradient_norm,gradient_norm,gradient_norm,candidate,False,0.17220059596002102,0.0,1.8262544978499347,512,512,0
associative_recall,transformer_publication_20260622T101458Z_associative_recall_seed103,103,rslora,512,2,marginal_gain_edge,marginal_gain_edge,marginal_gain_edge,candidate,False,0.05296033434569841,0.0,1.2541147678195548,512,512,0
associative_recall,transformer_publication_20260622T101458Z_associative_recall_seed103,103,rslora,512,2,marginal_gain_soft,marginal_gain_soft,marginal_gain_soft,candidate,False,0.05296033434569841,0.0,1.2541147678195548,512,512,0
associative_recall,transformer_publication_20260622T101458Z_associative_recall_seed103,103,fixed_update_scale,1024,0,uniform,uniform,uniform,cap_baseline,False,11.513990467879921,-1.0,286.48102523986216,0,1024,-1024
associative_recall,transformer_publication_20260622T101458Z_associative_recall_seed103,103,fixed_update_scale,1024,0,effective_rank,effective_rank,effective_rank,candidate,False,-0.017876816913485496,0.0,0.5567573175673423,1024,1024,0
associative_recall,transformer_publication_20260622T101458Z_associative_recall_seed103,103,fixed_update_scale,1024,0,soft_dimension,soft_dimension,soft_dimension,candidate,True,-0.017876816913485496,0.0,0.5567573175673423,1024,1024,0
associative_recall,transformer_publication_20260622T101458Z_associative_recall_seed103,103,fixed_update_scale,1024,0,gradient_norm,gradient_norm,gradient_norm,candidate,False,-0.0286003679502755,0.0,0.29087466352702773,1024,1024,0
associative_recall,transformer_publication_20260622T101458Z_associative_recall_seed103,103,fixed_update_scale,1024,0,marginal_gain_edge,marginal_gain_edge,marginal_gain_edge,candidate,False,-0.023529291618615396,0.0,0.4166083154933464,1024,1024,0
associative_recall,transformer_publication_20260622T101458Z_associative_recall_seed103,103,fixed_update_scale,1024,0,marginal_gain_soft,marginal_gain_soft,marginal_gain_soft,candidate,False,-0.023529291618615396,0.0,0.4166083154933464,1024,1024,0
associative_recall,transformer_publication_20260622T101458Z_associative_recall_seed103,103,standard,1024,0,uniform,uniform,uniform,cap_baseline,False,11.056867092847824,-0.9228515625,23.226856925026013,0,1024,-1024
associative_recall,transformer_publication_20260622T101458Z_associative_recall_seed103,103,standard,1024,0,effective_rank,effective_rank,effective_rank,candidate,False,-0.4848865754902363,0.0771484375,0.025265977443214727,1024,1024,0
associative_recall,transformer_publication_20260622T101458Z_associative_recall_seed103,103,standard,1024,0,soft_dimension,soft_dimension,soft_dimension,candidate,True,-0.4848865754902363,0.0771484375,0.025265977443214727,1024,1024,0
associative_recall,transformer_publication_20260622T101458Z_associative_recall_seed103,103,standard,1024,0,gradient_norm,gradient_norm,gradient_norm,candidate,False,-0.4888402682263404,0.0771484375,0.017318141764901766,1024,1024,0
associative_recall,transformer_publication_20260622T101458Z_associative_recall_seed103,103,standard,1024,0,marginal_gain_edge,marginal_gain_edge,marginal_gain_edge,candidate,False,-0.4821901310933754,0.0771484375,0.030686453543002836,1024,1024,0
associative_recall,transformer_publication_20260622T101458Z_associative_recall_seed103,103,standard,1024,0,marginal_gain_soft,marginal_gain_soft,marginal_gain_soft,candidate,False,-0.4821901310933754,0.0771484375,0.030686453543002836,1024,1024,0
associative_recall,transformer_publication_20260622T101458Z_associative_recall_seed103,103,rslora,1024,0,uniform,uniform,uniform,cap_baseline,False,11.511252623982728,-1.0,268.2700872656942,0,1024,-1024
associative_recall,transformer_publication_20260622T101458Z_associative_recall_seed103,103,rslora,1024,0,effective_rank,effective_rank,effective_rank,candidate,False,-0.027057507075369403,0.0,0.3717745137345385,1024,1024,0
associative_recall,transformer_publication_20260622T101458Z_associative_recall_seed103,103,rslora,1024,0,soft_dimension,soft_dimension,soft_dimension,candidate,True,-0.027057507075369403,0.0,0.3717745137345385,1024,1024,0
associative_recall,transformer_publication_20260622T101458Z_associative_recall_seed103,103,rslora,1024,0,gradient_norm,gradient_norm,gradient_norm,candidate,False,-0.0334965713554993,0.0,0.2222712990735869,1024,1024,0
associative_recall,transformer_publication_20260622T101458Z_associative_recall_seed103,103,rslora,1024,0,marginal_gain_edge,marginal_gain_edge,marginal_gain_edge,candidate,False,-0.027215835405513703,0.0,0.36809842147971855,1024,1024,0
associative_recall,transformer_publication_20260622T101458Z_associative_recall_seed103,103,rslora,1024,0,marginal_gain_soft,marginal_gain_soft,marginal_gain_soft,candidate,False,-0.027215835405513703,0.0,0.36809842147971855,1024,1024,0
associative_recall,transformer_publication_20260622T101458Z_associative_recall_seed103,103,fixed_update_scale,1024,1,uniform,uniform,uniform,cap_baseline,False,11.499665316659957,-1.0,276.7070562419285,0,1024,-1024
associative_recall,transformer_publication_20260622T101458Z_associative_recall_seed103,103,fixed_update_scale,1024,1,effective_rank,effective_rank,effective_rank,candidate,False,-0.0218557806219906,0.0,0.47600275562553623,1024,1024,0
associative_recall,transformer_publication_20260622T101458Z_associative_recall_seed103,103,fixed_update_scale,1024,1,soft_dimension,soft_dimension,soft_dimension,candidate,True,-0.0218557806219906,0.0,0.47600275562553623,1024,1024,0
associative_recall,transformer_publication_20260622T101458Z_associative_recall_seed103,103,fixed_update_scale,1024,1,gradient_norm,gradient_norm,gradient_norm,candidate,False,-0.0237552032340318,0.0,0.4304636723126893,1024,1024,0
associative_recall,transformer_publication_20260622T101458Z_associative_recall_seed103,103,fixed_update_scale,1024,1,marginal_gain_edge,marginal_gain_edge,marginal_gain_edge,candidate,False,-0.0169115196913481,0.0,0.5945425208224028,1024,1024,0
associative_recall,transformer_publication_20260622T101458Z_associative_recall_seed103,103,fixed_update_scale,1024,1,marginal_gain_soft,marginal_gain_soft,marginal_gain_soft,candidate,False,-0.0169115196913481,0.0,0.5945425208224028,1024,1024,0
associative_recall,transformer_publication_20260622T101458Z_associative_recall_seed103,103,standard,1024,1,uniform,uniform,uniform,cap_baseline,False,11.513569469563663,-1.0,415.0741898656568,0,1024,-1024
associative_recall,transformer_publication_20260622T101458Z_associative_recall_seed103,103,standard,1024,1,effective_rank,effective_rank,effective_rank,candidate,False,-0.0118034828919918,0.0,0.5754993593416108,1024,1024,0
associative_recall,transformer_publication_20260622T101458Z_associative_recall_seed103,103,standard,1024,1,soft_dimension,soft_dimension,soft_dimension,candidate,True,-0.0118034828919918,0.0,0.5754993593416108,1024,1024,0
associative_recall,transformer_publication_20260622T101458Z_associative_recall_seed103,103,standard,1024,1,gradient_norm,gradient_norm,gradient_norm,candidate,False,-0.0148345360066742,0.0,0.46649051840659755,1024,1024,0
associative_recall,transformer_publication_20260622T101458Z_associative_recall_seed103,103,standard,1024,1,marginal_gain_edge,marginal_gain_edge,marginal_gain_edge,candidate,False,-0.0088409925810993,0.0,0.6820424065443441,1024,1024,0
associative_recall,transformer_publication_20260622T101458Z_associative_recall_seed103,103,standard,1024,1,marginal_gain_soft,marginal_gain_soft,marginal_gain_soft,candidate,False,-0.0088409925810993,0.0,0.6820424065443441,1024,1024,0
associative_recall,transformer_publication_20260622T101458Z_associative_recall_seed103,103,rslora,1024,1,uniform,uniform,uniform,cap_baseline,False,11.513018769910559,-1.0,407.01314363055917,0,1024,-1024
associative_recall,transformer_publication_20260622T101458Z_associative_recall_seed103,103,rslora,1024,1,effective_rank,effective_rank,effective_rank,candidate,False,-0.015654020709916998,0.0,0.4479520718317518,1024,1024,0
associative_recall,transformer_publication_20260622T101458Z_associative_recall_seed103,103,rslora,1024,1,soft_dimension,soft_dimension,soft_dimension,candidate,True,-0.015654020709916998,0.0,0.4479520718317518,1024,1024,0
associative_recall,transformer_publication_20260622T101458Z_associative_recall_seed103,103,rslora,1024,1,gradient_norm,gradient_norm,gradient_norm,candidate,False,-0.013088625855743899,0.0,0.5384221779101571,1024,1024,0
associative_recall,transformer_publication_20260622T101458Z_associative_recall_seed103,103,rslora,1024,1,marginal_gain_edge,marginal_gain_edge,marginal_gain_edge,candidate,False,-0.0074663972482084985,0.0,0.7366932618695592,1024,1024,0
associative_recall,transformer_publication_20260622T101458Z_associative_recall_seed103,103,rslora,1024,1,marginal_gain_soft,marginal_gain_soft,marginal_gain_soft,candidate,False,-0.0074663972482084985,0.0,0.7366932618695592,1024,1024,0
associative_recall,transformer_publication_20260622T101458Z_associative_recall_seed103,103,fixed_update_scale,1024,2,uniform,uniform,uniform,cap_baseline,False,11.527989557012916,-1.0,218.9615604574721,0,1024,-1024
associative_recall,transformer_publication_20260622T101458Z_associative_recall_seed103,103,fixed_update_scale,1024,2,effective_rank,effective_rank,effective_rank,candidate,False,-0.0314853943418711,0.0,0.4047005639245827,1024,1024,0
associative_recall,transformer_publication_20260622T101458Z_associative_recall_seed103,103,fixed_update_scale,1024,2,soft_dimension,soft_dimension,soft_dimension,candidate,True,-0.0314853943418711,0.0,0.4047005639245827,1024,1024,0
associative_recall,transformer_publication_20260622T101458Z_associative_recall_seed103,103,fixed_update_scale,1024,2,gradient_norm,gradient_norm,gradient_norm,candidate,False,-0.0364553118124604,0.0,0.3107335316092633,1024,1024,0
associative_recall,transformer_publication_20260622T101458Z_associative_recall_seed103,103,fixed_update_scale,1024,2,marginal_gain_edge,marginal_gain_edge,marginal_gain_edge,candidate,False,-0.0276735387742519,0.0,0.4767719328001169,1024,1024,0
associative_recall,transformer_publication_20260622T101458Z_associative_recall_seed103,103,fixed_update_scale,1024,2,marginal_gain_soft,marginal_gain_soft,marginal_gain_soft,candidate,False,-0.0276735387742519,0.0,0.4767719328001169,1024,1024,0
associative_recall,transformer_publication_20260622T101458Z_associative_recall_seed103,103,standard,1024,2,uniform,uniform,uniform,cap_baseline,False,11.513646692037582,-1.0,172.25024546080363,0,1024,-1024
associative_recall,transformer_publication_20260622T101458Z_associative_recall_seed103,103,standard,1024,2,effective_rank,effective_rank,effective_rank,candidate,False,-0.05768438917584721,0.0,0.14202111026631173,1024,1024,0
associative_recall,transformer_publication_20260622T101458Z_associative_recall_seed103,103,standard,1024,2,soft_dimension,soft_dimension,soft_dimension,candidate,True,-0.05768438917584721,0.0,0.14202111026631173,1024,1024,0
associative_recall,transformer_publication_20260622T101458Z_associative_recall_seed103,103,standard,1024,2,gradient_norm,gradient_norm,gradient_norm,candidate,False,-0.0572506333701313,0.0,0.14847265339471663,1024,1024,0
associative_recall,transformer_publication_20260622T101458Z_associative_recall_seed103,103,standard,1024,2,marginal_gain_edge,marginal_gain_edge,marginal_gain_edge,candidate,False,-0.043135874206200304,0.0,0.35841100186904734,1024,1024,0
associative_recall,transformer_publication_20260622T101458Z_associative_recall_seed103,103,standard,1024,2,marginal_gain_soft,marginal_gain_soft,marginal_gain_soft,candidate,False,-0.043135874206200304,0.0,0.35841100186904734,1024,1024,0
associative_recall,transformer_publication_20260622T101458Z_associative_recall_seed103,103,rslora,1024,2,uniform,uniform,uniform,cap_baseline,False,11.524693784303963,-0.994140625,206.11760822862277,0,1024,-1024
associative_recall,transformer_publication_20260622T101458Z_associative_recall_seed103,103,rslora,1024,2,effective_rank,effective_rank,effective_rank,candidate,False,-0.04257561650592839,0.005859375,0.24223508320463913,1024,1024,0
associative_recall,transformer_publication_20260622T101458Z_associative_recall_seed103,103,rslora,1024,2,soft_dimension,soft_dimension,soft_dimension,candidate,True,-0.04257561650592839,0.005859375,0.24223508320463913,1024,1024,0
associative_recall,transformer_publication_20260622T101458Z_associative_recall_seed103,103,rslora,1024,2,gradient_norm,gradient_norm,gradient_norm,candidate,False,-0.043819098151288996,0.005859375,0.22010347730288948,1024,1024,0
associative_recall,transformer_publication_20260622T101458Z_associative_recall_seed103,103,rslora,1024,2,marginal_gain_edge,marginal_gain_edge,marginal_gain_edge,candidate,False,-0.0314845552202314,0.005859375,0.4396348585234104,1024,1024,0
associative_recall,transformer_publication_20260622T101458Z_associative_recall_seed103,103,rslora,1024,2,marginal_gain_soft,marginal_gain_soft,marginal_gain_soft,candidate,False,-0.0314845552202314,0.005859375,0.4396348585234104,1024,1024,0
associative_recall,transformer_publication_20260622T101458Z_associative_recall_seed103,103,fixed_update_scale,1536,0,uniform,uniform,uniform,cap_baseline,False,0.0018941543530672997,0.0,1.1910878446756532,1408,1536,-128
associative_recall,transformer_publication_20260622T101458Z_associative_recall_seed103,103,fixed_update_scale,1536,0,effective_rank,effective_rank,effective_rank,candidate,False,-0.0044761357712559,0.0,0.5484342996547272,1536,1536,0
associative_recall,transformer_publication_20260622T101458Z_associative_recall_seed103,103,fixed_update_scale,1536,0,soft_dimension,soft_dimension,soft_dimension,candidate,True,-0.001034507993608701,0.0,0.8956358004941336,1472,1536,-64
associative_recall,transformer_publication_20260622T101458Z_associative_recall_seed103,103,fixed_update_scale,1536,0,gradient_norm,gradient_norm,gradient_norm,candidate,False,-0.0053448503022082,0.0,0.4607958307573628,1536,1536,0
associative_recall,transformer_publication_20260622T101458Z_associative_recall_seed103,103,fixed_update_scale,1536,0,marginal_gain_edge,marginal_gain_edge,marginal_gain_edge,candidate,False,-0.0052936535212211,0.0,0.46596071212899665,1536,1536,0
associative_recall,transformer_publication_20260622T101458Z_associative_recall_seed103,103,fixed_update_scale,1536,0,marginal_gain_soft,marginal_gain_soft,marginal_gain_soft,candidate,False,-0.0052936535212211,0.0,0.46596071212899665,1536,1536,0
associative_recall,transformer_publication_20260622T101458Z_associative_recall_seed103,103,standard,1536,0,uniform,uniform,uniform,cap_baseline,False,0.0497690619667992,0.0,8.81549375391007,1408,1536,-128
associative_recall,transformer_publication_20260622T101458Z_associative_recall_seed103,103,standard,1536,0,effective_rank,effective_rank,effective_rank,candidate,False,-0.0028088616381865003,0.0,0.5589098986135453,1536,1536,0
associative_recall,transformer_publication_20260622T101458Z_associative_recall_seed103,103,standard,1536,0,soft_dimension,soft_dimension,soft_dimension,candidate,True,-0.0002929324400611005,0.0,0.9539993006671006,1472,1536,-64
associative_recall,transformer_publication_20260622T101458Z_associative_recall_seed103,103,standard,1536,0,gradient_norm,gradient_norm,gradient_norm,candidate,False,-0.0030652743589599,0.0,0.5186440800822568,1536,1536,0
associative_recall,transformer_publication_20260622T101458Z_associative_recall_seed103,103,standard,1536,0,marginal_gain_edge,marginal_gain_edge,marginal_gain_edge,candidate,False,-0.0020463289110921002,0.0,0.6786543649596041,1536,1536,0
associative_recall,transformer_publication_20260622T101458Z_associative_recall_seed103,103,standard,1536,0,marginal_gain_soft,marginal_gain_soft,marginal_gain_soft,candidate,False,-0.0020463289110921002,0.0,0.6786543649596041,1536,1536,0
associative_recall,transformer_publication_20260622T101458Z_associative_recall_seed103,103,rslora,1536,0,uniform,uniform,uniform,cap_baseline,False,-0.0006583516951649999,0.0,0.9242538157060113,1408,1536,-128
associative_recall,transformer_publication_20260622T101458Z_associative_recall_seed103,103,rslora,1536,0,effective_rank,effective_rank,effective_rank,candidate,False,-0.004514163476415,0.0,0.48062614385457486,1536,1536,0
associative_recall,transformer_publication_20260622T101458Z_associative_recall_seed103,103,rslora,1536,0,soft_dimension,soft_dimension,soft_dimension,candidate,True,-0.0019501484930515003,0.0,0.7756270573309577,1472,1536,-64
associative_recall,transformer_publication_20260622T101458Z_associative_recall_seed103,103,rslora,1536,0,gradient_norm,gradient_norm,gradient_norm,candidate,False,-0.0049027319473680005,0.0,0.43591967582571567,1536,1536,0
associative_recall,transformer_publication_20260622T101458Z_associative_recall_seed103,103,rslora,1536,0,marginal_gain_edge,marginal_gain_edge,marginal_gain_edge,candidate,False,-0.0042063398868777005,0.0,0.5160425671954242,1536,1536,0
associative_recall,transformer_publication_20260622T101458Z_associative_recall_seed103,103,rslora,1536,0,marginal_gain_soft,marginal_gain_soft,marginal_gain_soft,candidate,False,-0.0042063398868777005,0.0,0.5160425671954242,1536,1536,0
associative_recall,transformer_publication_20260622T101458Z_associative_recall_seed103,103,fixed_update_scale,1536,1,uniform,uniform,uniform,cap_baseline,False,-0.0003079783637076998,0.0,0.9645546010068299,1408,1536,-128
associative_recall,transformer_publication_20260622T101458Z_associative_recall_seed103,103,fixed_update_scale,1536,1,effective_rank,effective_rank,effective_rank,candidate,False,-0.0035613746149466005,0.0,0.5901194399787832,1536,1536,0
associative_recall,transformer_publication_20260622T101458Z_associative_recall_seed103,103,fixed_update_scale,1536,1,soft_dimension,soft_dimension,soft_dimension,candidate,True,-0.0021607848466374006,0.0,0.7513140854915719,1472,1536,-64
associative_recall,transformer_publication_20260622T101458Z_associative_recall_seed103,103,fixed_update_scale,1536,1,gradient_norm,gradient_norm,gradient_norm,candidate,False,-0.0031915208091960008,0.0,0.6326861175731051,1536,1536,0
associative_recall,transformer_publication_20260622T101458Z_associative_recall_seed103,103,fixed_update_scale,1536,1,marginal_gain_edge,marginal_gain_edge,marginal_gain_edge,candidate,False,-0.004953190364176501,0.0,0.4299346011397345,1536,1536,0
associative_recall,transformer_publication_20260622T101458Z_associative_recall_seed103,103,fixed_update_scale,1536,1,marginal_gain_soft,marginal_gain_soft,marginal_gain_soft,candidate,False,-0.004953190364176501,0.0,0.4299346011397345,1536,1536,0
associative_recall,transformer_publication_20260622T101458Z_associative_recall_seed103,103,standard,1536,1,uniform,uniform,uniform,cap_baseline,False,0.0006282394751906005,0.0,1.1396617836783116,1408,1536,-128
associative_recall,transformer_publication_20260622T101458Z_associative_recall_seed103,103,standard,1536,1,effective_rank,effective_rank,effective_rank,candidate,False,-0.0013188321026973001,0.0,0.7068149151578831,1536,1536,0
associative_recall,transformer_publication_20260622T101458Z_associative_recall_seed103,103,standard,1536,1,soft_dimension,soft_dimension,soft_dimension,candidate,True,0.0005576296825892998,0.0,1.1239647605377943,1472,1536,-64
associative_recall,transformer_publication_20260622T101458Z_associative_recall_seed103,103,standard,1536,1,gradient_norm,gradient_norm,gradient_norm,candidate,False,-0.0013725385942962,0.0,0.6948756074447996,1536,1536,0
associative_recall,transformer_publication_20260622T101458Z_associative_recall_seed103,103,standard,1536,1,marginal_gain_edge,marginal_gain_edge,marginal_gain_edge,candidate,False,-0.0012350205797702,0.0,0.7254467701224939,1536,1536,0
associative_recall,transformer_publication_20260622T101458Z_associative_recall_seed103,103,standard,1536,1,marginal_gain_soft,marginal_gain_soft,marginal_gain_soft,candidate,False,-0.0012350205797702,0.0,0.7254467701224939,1536,1536,0
associative_recall,transformer_publication_20260622T101458Z_associative_recall_seed103,103,rslora,1536,1,uniform,uniform,uniform,cap_baseline,False,0.0005946720484644001,0.0,1.1077245683562644,1408,1536,-128
associative_recall,transformer_publication_20260622T101458Z_associative_recall_seed103,103,rslora,1536,1,effective_rank,effective_rank,effective_rank,candidate,False,-0.0006680599180980996,0.0,0.8789812527777696,1536,1536,0
associative_recall,transformer_publication_20260622T101458Z_associative_recall_seed103,103,rslora,1536,1,soft_dimension,soft_dimension,soft_dimension,candidate,True,-0.0003609245759434998,0.0,0.9346186788952316,1472,1536,-64
associative_recall,transformer_publication_20260622T101458Z_associative_recall_seed103,103,rslora,1536,1,gradient_norm,gradient_norm,gradient_norm,candidate,False,-0.0013768972712569,0.0,0.7505756919295536,1536,1536,0
associative_recall,transformer_publication_20260622T101458Z_associative_recall_seed103,103,rslora,1536,1,marginal_gain_edge,marginal_gain_edge,marginal_gain_edge,candidate,False,-0.0019778300193138,0.0,0.6417170007185966,1536,1536,0
associative_recall,transformer_publication_20260622T101458Z_associative_recall_seed103,103,rslora,1536,1,marginal_gain_soft,marginal_gain_soft,marginal_gain_soft,candidate,False,-0.0019778300193138,0.0,0.6417170007185966,1536,1536,0
associative_recall,transformer_publication_20260622T101458Z_associative_recall_seed103,103,fixed_update_scale,1536,2,uniform,uniform,uniform,cap_baseline,False,0.0004900699714198986,0.0,1.0386758685967032,1408,1536,-128
associative_recall,transformer_publication_20260622T101458Z_associative_recall_seed103,103,fixed_update_scale,1536,2,effective_rank,effective_rank,effective_rank,candidate,False,-0.0064025153405964,0.0,0.49471941469126207,1536,1536,0
associative_recall,transformer_publication_20260622T101458Z_associative_recall_seed103,103,fixed_update_scale,1536,2,soft_dimension,soft_dimension,soft_dimension,candidate,True,-0.0058933942345902,0.0,0.5348987811981577,1472,1536,-64
associative_recall,transformer_publication_20260622T101458Z_associative_recall_seed103,103,fixed_update_scale,1536,2,gradient_norm,gradient_norm,gradient_norm,candidate,False,-0.0067921331501566,0.0,0.46397113774251086,1536,1536,0
associative_recall,transformer_publication_20260622T101458Z_associative_recall_seed103,103,fixed_update_scale,1536,2,marginal_gain_edge,marginal_gain_edge,marginal_gain_edge,candidate,False,-0.007305610517505501,0.0,0.42344797912206245,1536,1536,0
associative_recall,transformer_publication_20260622T101458Z_associative_recall_seed103,103,fixed_update_scale,1536,2,marginal_gain_soft,marginal_gain_soft,marginal_gain_soft,candidate,False,-0.007305610517505501,0.0,0.42344797912206245,1536,1536,0
associative_recall,transformer_publication_20260622T101458Z_associative_recall_seed103,103,standard,1536,2,uniform,uniform,uniform,cap_baseline,False,-0.0022171111195348004,0.0,0.7351805538765205,1408,1536,-128
associative_recall,transformer_publication_20260622T101458Z_associative_recall_seed103,103,standard,1536,2,effective_rank,effective_rank,effective_rank,candidate,False,-0.003995697654318,0.0,0.5227400059608197,1536,1536,0
associative_recall,transformer_publication_20260622T101458Z_associative_recall_seed103,103,standard,1536,2,soft_dimension,soft_dimension,soft_dimension,candidate,True,-0.0034921938204205997,0.0,0.5828802511830506,1472,1536,-64
associative_recall,transformer_publication_20260622T101458Z_associative_recall_seed103,103,standard,1536,2,gradient_norm,gradient_norm,gradient_norm,candidate,False,-0.0048653119301889005,0.0,0.41887025904189995,1536,1536,0
associative_recall,transformer_publication_20260622T101458Z_associative_recall_seed103,103,standard,1536,2,marginal_gain_edge,marginal_gain_edge,marginal_gain_edge,candidate,False,-0.0028912768466398,0.0,0.6546558598842596,1536,1536,0
associative_recall,transformer_publication_20260622T101458Z_associative_recall_seed103,103,standard,1536,2,marginal_gain_soft,marginal_gain_soft,marginal_gain_soft,candidate,False,-0.0028912768466398,0.0,0.6546558598842596,1536,1536,0
associative_recall,transformer_publication_20260622T101458Z_associative_recall_seed103,103,rslora,1536,2,uniform,uniform,uniform,cap_baseline,False,-0.0012755570933222996,0.0,0.8804538322777462,1408,1536,-128
associative_recall,transformer_publication_20260622T101458Z_associative_recall_seed103,103,rslora,1536,2,effective_rank,effective_rank,effective_rank,candidate,False,-0.0053454903536477,0.0,0.4990166338141394,1536,1536,0
associative_recall,transformer_publication_20260622T101458Z_associative_recall_seed103,103,rslora,1536,2,soft_dimension,soft_dimension,soft_dimension,candidate,True,-0.0051954712253064,0.0,0.5130765390681835,1472,1536,-64
associative_recall,transformer_publication_20260622T101458Z_associative_recall_seed103,103,rslora,1536,2,gradient_norm,gradient_norm,gradient_norm,candidate,False,-0.0063358829938807,0.0,0.4061962925687288,1536,1536,0
associative_recall,transformer_publication_20260622T101458Z_associative_recall_seed103,103,rslora,1536,2,marginal_gain_edge,marginal_gain_edge,marginal_gain_edge,candidate,False,-0.0052779171965085005,0.0,0.5053496407953046,1536,1536,0
associative_recall,transformer_publication_20260622T101458Z_associative_recall_seed103,103,rslora,1536,2,marginal_gain_soft,marginal_gain_soft,marginal_gain_soft,candidate,False,-0.0052779171965085005,0.0,0.5053496407953046,1536,1536,0
associative_recall,transformer_publication_20260622T101458Z_associative_recall_seed103,103,fixed_update_scale,2048,0,uniform,uniform,uniform,cap_baseline,False,0.0036303209490142,0.0,1.7376076826843585,1408,2048,-640
associative_recall,transformer_publication_20260622T101458Z_associative_recall_seed103,103,fixed_update_scale,2048,0,effective_rank,effective_rank,effective_rank,candidate,False,-0.0018706624978221996,0.0,0.6199192717443205,2048,2048,0
associative_recall,transformer_publication_20260622T101458Z_associative_recall_seed103,103,fixed_update_scale,2048,0,soft_dimension,soft_dimension,soft_dimension,candidate,True,-0.0009622289508115995,0.0,0.8044945676737825,2048,2048,0
associative_recall,transformer_publication_20260622T101458Z_associative_recall_seed103,103,fixed_update_scale,2048,0,gradient_norm,gradient_norm,gradient_norm,candidate,False,-0.0023147297615651995,0.0,0.5296937985793646,2048,2048,0
associative_recall,transformer_publication_20260622T101458Z_associative_recall_seed103,103,fixed_update_scale,2048,0,marginal_gain_edge,marginal_gain_edge,marginal_gain_edge,candidate,False,-0.0020615760004147996,0.0,0.5811295150759134,2048,2048,0
associative_recall,transformer_publication_20260622T101458Z_associative_recall_seed103,103,fixed_update_scale,2048,0,marginal_gain_soft,marginal_gain_soft,marginal_gain_soft,candidate,False,-0.0020615760004147996,0.0,0.5811295150759134,2048,2048,0
associative_recall,transformer_publication_20260622T101458Z_associative_recall_seed103,103,standard,2048,0,uniform,uniform,uniform,cap_baseline,False,0.0013469514960888999,0.0,1.390786499345873,1408,2048,-640
associative_recall,transformer_publication_20260622T101458Z_associative_recall_seed103,103,standard,2048,0,effective_rank,effective_rank,effective_rank,candidate,False,-0.0011896115611308,0.0,0.6548620058661699,2048,2048,0
associative_recall,transformer_publication_20260622T101458Z_associative_recall_seed103,103,standard,2048,0,soft_dimension,soft_dimension,soft_dimension,candidate,True,-0.0012813963403460003,0.0,0.6282327971181998,2048,2048,0
associative_recall,transformer_publication_20260622T101458Z_associative_recall_seed103,103,standard,2048,0,gradient_norm,gradient_norm,gradient_norm,candidate,False,-0.0011803345696535,0.0,0.6575535081469888,2048,2048,0
associative_recall,transformer_publication_20260622T101458Z_associative_recall_seed103,103,standard,2048,0,marginal_gain_edge,marginal_gain_edge,marginal_gain_edge,candidate,False,-0.0014319808979053003,0.0,0.584544206790325,2048,2048,0
associative_recall,transformer_publication_20260622T101458Z_associative_recall_seed103,103,standard,2048,0,marginal_gain_soft,marginal_gain_soft,marginal_gain_soft,candidate,False,-0.0014319808979053003,0.0,0.584544206790325,2048,2048,0
associative_recall,transformer_publication_20260622T101458Z_associative_recall_seed103,103,rslora,2048,0,uniform,uniform,uniform,cap_baseline,False,0.0015986753860489002,0.0,1.384751913212085,1408,2048,-640
associative_recall,transformer_publication_20260622T101458Z_associative_recall_seed103,103,rslora,2048,0,effective_rank,effective_rank,effective_rank,candidate,False,-0.0015096219140104997,0.0,0.6366805139360149,2048,2048,0
associative_recall,transformer_publication_20260622T101458Z_associative_recall_seed103,103,rslora,2048,0,soft_dimension,soft_dimension,soft_dimension,candidate,True,-0.0012110089010092997,0.0,0.7085474664548689,2048,2048,0
associative_recall,transformer_publication_20260622T101458Z_associative_recall_seed103,103,rslora,2048,0,gradient_norm,gradient_norm,gradient_norm,candidate,False,-0.0017158667906186998,0.0,0.5870437261567802,2048,2048,0
associative_recall,transformer_publication_20260622T101458Z_associative_recall_seed103,103,rslora,2048,0,marginal_gain_edge,marginal_gain_edge,marginal_gain_edge,candidate,False,-0.0018103102047461995,0.0,0.564314106001907,2048,2048,0
associative_recall,transformer_publication_20260622T101458Z_associative_recall_seed103,103,rslora,2048,0,marginal_gain_soft,marginal_gain_soft,marginal_gain_soft,candidate,False,-0.0018103102047461995,0.0,0.564314106001907,2048,2048,0
associative_recall,transformer_publication_20260622T101458Z_associative_recall_seed103,103,fixed_update_scale,2048,1,uniform,uniform,uniform,cap_baseline,False,0.0037224894331303006,0.0,1.9344540329466293,1408,2048,-640
associative_recall,transformer_publication_20260622T101458Z_associative_recall_seed103,103,fixed_update_scale,2048,1,effective_rank,effective_rank,effective_rank,candidate,False,-0.0014408556162378997,0.0,0.6383029782424162,2048,2048,0
associative_recall,transformer_publication_20260622T101458Z_associative_recall_seed103,103,fixed_update_scale,2048,1,soft_dimension,soft_dimension,soft_dimension,candidate,True,-0.0008964866865425998,0.0,0.7749555466116566,2048,2048,0
associative_recall,transformer_publication_20260622T101458Z_associative_recall_seed103,103,fixed_update_scale,2048,1,gradient_norm,gradient_norm,gradient_norm,candidate,False,-0.0018190428090747,0.0,0.543366900141065,2048,2048,0
associative_recall,transformer_publication_20260622T101458Z_associative_recall_seed103,103,fixed_update_scale,2048,1,marginal_gain_edge,marginal_gain_edge,marginal_gain_edge,candidate,False,-0.0017114755173678999,0.0,0.57036944544152,2048,2048,0
associative_recall,transformer_publication_20260622T101458Z_associative_recall_seed103,103,fixed_update_scale,2048,1,marginal_gain_soft,marginal_gain_soft,marginal_gain_soft,candidate,False,-0.0017114755173678999,0.0,0.57036944544152,2048,2048,0
associative_recall,transformer_publication_20260622T101458Z_associative_recall_seed103,103,standard,2048,1,uniform,uniform,uniform,cap_baseline,False,0.0025568828568794002,0.0,2.0319374793166682,1408,2048,-640
associative_recall,transformer_publication_20260622T101458Z_associative_recall_seed103,103,standard,2048,1,effective_rank,effective_rank,effective_rank,candidate,False,-0.0005399977235355999,0.0,0.7820612359448623,2048,2048,0
associative_recall,transformer_publication_20260622T101458Z_associative_recall_seed103,103,standard,2048,1,soft_dimension,soft_dimension,soft_dimension,candidate,True,0.00023245820193550006,0.0,1.0938182718486267,2048,2048,0
associative_recall,transformer_publication_20260622T101458Z_associative_recall_seed103,103,standard,2048,1,gradient_norm,gradient_norm,gradient_norm,candidate,False,-0.0007129627629182999,0.0,0.712253928867708,2048,2048,0
associative_recall,transformer_publication_20260622T101458Z_associative_recall_seed103,103,standard,2048,1,marginal_gain_edge,marginal_gain_edge,marginal_gain_edge,candidate,False,-0.0008788630802883,0.0,0.6452978871139703,2048,2048,0
associative_recall,transformer_publication_20260622T101458Z_associative_recall_seed103,103,standard,2048,1,marginal_gain_soft,marginal_gain_soft,marginal_gain_soft,candidate,False,-0.0008788630802883,0.0,0.6452978871139703,2048,2048,0
associative_recall,transformer_publication_20260622T101458Z_associative_recall_seed103,103,rslora,2048,1,uniform,uniform,uniform,cap_baseline,False,0.0031085532682481997,0.0,1.9767107388220992,1408,2048,-640
associative_recall,transformer_publication_20260622T101458Z_associative_recall_seed103,103,rslora,2048,1,effective_rank,effective_rank,effective_rank,candidate,False,-0.0009977140289264999,0.0,0.6865171923287857,2048,2048,0
associative_recall,transformer_publication_20260622T101458Z_associative_recall_seed103,103,rslora,2048,1,soft_dimension,soft_dimension,soft_dimension,candidate,True,-0.0006867064221296,0.0,0.7842361127399765,2048,2048,0
associative_recall,transformer_publication_20260622T101458Z_associative_recall_seed103,103,rslora,2048,1,gradient_norm,gradient_norm,gradient_norm,candidate,False,-0.0012032587401336003,0.0,0.621934825735725,2048,2048,0
associative_recall,transformer_publication_20260622T101458Z_associative_recall_seed103,103,rslora,2048,1,marginal_gain_edge,marginal_gain_edge,marginal_gain_edge,candidate,False,-0.0012271035666344002,0.0,0.6144427559209441,2048,2048,0
associative_recall,transformer_publication_20260622T101458Z_associative_recall_seed103,103,rslora,2048,1,marginal_gain_soft,marginal_gain_soft,marginal_gain_soft,candidate,False,-0.0012271035666344002,0.0,0.6144427559209441,2048,2048,0
associative_recall,transformer_publication_20260622T101458Z_associative_recall_seed103,103,fixed_update_scale,2048,2,uniform,uniform,uniform,cap_baseline,False,0.0074508888064883,0.0,2.3131825092761376,1408,2048,-640
associative_recall,transformer_publication_20260622T101458Z_associative_recall_seed103,103,fixed_update_scale,2048,2,effective_rank,effective_rank,effective_rank,candidate,False,-0.0027683576627168995,0.0,0.5120905765048194,2048,2048,0
associative_recall,transformer_publication_20260622T101458Z_associative_recall_seed103,103,fixed_update_scale,2048,2,soft_dimension,soft_dimension,soft_dimension,candidate,True,-0.0010595177882350999,0.0,0.8132652004461964,2048,2048,0
associative_recall,transformer_publication_20260622T101458Z_associative_recall_seed103,103,fixed_update_scale,2048,2,gradient_norm,gradient_norm,gradient_norm,candidate,False,-0.0031852592655924,0.0,0.438613719286315,2048,2048,0
associative_recall,transformer_publication_20260622T101458Z_associative_recall_seed103,103,fixed_update_scale,2048,2,marginal_gain_edge,marginal_gain_edge,marginal_gain_edge,candidate,False,-0.0032645881874487,0.0,0.424632386942352,2048,2048,0
associative_recall,transformer_publication_20260622T101458Z_associative_recall_seed103,103,fixed_update_scale,2048,2,marginal_gain_soft,marginal_gain_soft,marginal_gain_soft,candidate,False,-0.0032645881874487,0.0,0.424632386942352,2048,2048,0
associative_recall,transformer_publication_20260622T101458Z_associative_recall_seed103,103,standard,2048,2,uniform,uniform,uniform,cap_baseline,False,-0.0348978679976426,0.0,0.17812994274240715,1408,2048,-640
associative_recall,transformer_publication_20260622T101458Z_associative_recall_seed103,103,standard,2048,2,effective_rank,effective_rank,effective_rank,candidate,False,-0.0403371686988976,0.0,0.05003047319648264,2048,2048,0
associative_recall,transformer_publication_20260622T101458Z_associative_recall_seed103,103,standard,2048,2,soft_dimension,soft_dimension,soft_dimension,candidate,True,-0.0403558497491758,0.0,0.04959052093742735,2048,2048,0
associative_recall,transformer_publication_20260622T101458Z_associative_recall_seed103,103,standard,2048,2,gradient_norm,gradient_norm,gradient_norm,candidate,False,-0.0401792350166943,0.0,0.05374992575570765,2048,2048,0
associative_recall,transformer_publication_20260622T101458Z_associative_recall_seed103,103,standard,2048,2,marginal_gain_edge,marginal_gain_edge,marginal_gain_edge,candidate,False,-0.0403775682498235,0.0,0.04907903452306874,2048,2048,0
associative_recall,transformer_publication_20260622T101458Z_associative_recall_seed103,103,standard,2048,2,marginal_gain_soft,marginal_gain_soft,marginal_gain_soft,candidate,False,-0.0403775682498235,0.0,0.04907903452306874,2048,2048,0
associative_recall,transformer_publication_20260622T101458Z_associative_recall_seed103,103,rslora,2048,2,uniform,uniform,uniform,cap_baseline,False,0.005217901838477701,0.0,2.051261450469896,1408,2048,-640
associative_recall,transformer_publication_20260622T101458Z_associative_recall_seed103,103,rslora,2048,2,effective_rank,effective_rank,effective_rank,candidate,False,-0.0024880230193956997,0.0,0.49873286827958196,2048,2048,0
associative_recall,transformer_publication_20260622T101458Z_associative_recall_seed103,103,rslora,2048,2,soft_dimension,soft_dimension,soft_dimension,candidate,True,-0.0016931082063819996,0.0,0.6588859959537103,2048,2048,0
associative_recall,transformer_publication_20260622T101458Z_associative_recall_seed103,103,rslora,2048,2,gradient_norm,gradient_norm,gradient_norm,candidate,False,-0.0024373959167859997,0.0,0.5089328151107184,2048,2048,0
associative_recall,transformer_publication_20260622T101458Z_associative_recall_seed103,103,rslora,2048,2,marginal_gain_edge,marginal_gain_edge,marginal_gain_edge,candidate,False,-0.0028234880592207996,0.0,0.431146034478323,2048,2048,0
associative_recall,transformer_publication_20260622T101458Z_associative_recall_seed103,103,rslora,2048,2,marginal_gain_soft,marginal_gain_soft,marginal_gain_soft,candidate,False,-0.0028234880592207996,0.0,0.431146034478323,2048,2048,0
associative_recall,transformer_publication_20260622T101458Z_associative_recall_seed103,103,fixed_update_scale,3072,0,uniform,uniform,uniform,cap_baseline,False,8.604969480069998e-05,0.0,1.0399674371593166,2816,3072,-256
associative_recall,transformer_publication_20260622T101458Z_associative_recall_seed103,103,fixed_update_scale,3072,0,effective_rank,effective_rank,effective_rank,candidate,False,-7.520284270870004e-05,0.0,0.9650705920907288,3072,3072,0
associative_recall,transformer_publication_20260622T101458Z_associative_recall_seed103,103,fixed_update_scale,3072,0,soft_dimension,soft_dimension,soft_dimension,candidate,True,-6.558286258960024e-05,0.0,0.9695387770363525,3072,3072,0
associative_recall,transformer_publication_20260622T101458Z_associative_recall_seed103,103,fixed_update_scale,3072,0,gradient_norm,gradient_norm,gradient_norm,candidate,False,-0.0005435571802082,0.0,0.7475344044765878,3072,3072,0
associative_recall,transformer_publication_20260622T101458Z_associative_recall_seed103,103,fixed_update_scale,3072,0,marginal_gain_edge,marginal_gain_edge,marginal_gain_edge,candidate,False,-0.00044387971865950007,0.0,0.7938315202290014,3072,3072,0
associative_recall,transformer_publication_20260622T101458Z_associative_recall_seed103,103,fixed_update_scale,3072,0,marginal_gain_soft,marginal_gain_soft,marginal_gain_soft,candidate,False,-0.00044387971865950007,0.0,0.7938315202290014,3072,3072,0
associative_recall,transformer_publication_20260622T101458Z_associative_recall_seed103,103,standard,3072,0,uniform,uniform,uniform,cap_baseline,False,-7.68308527766999e-05,0.0,0.9571606270798454,2816,3072,-256
associative_recall,transformer_publication_20260622T101458Z_associative_recall_seed103,103,standard,3072,0,effective_rank,effective_rank,effective_rank,candidate,False,-0.00037733315548389994,0.0,0.7896064513315456,3072,3072,0
associative_recall,transformer_publication_20260622T101458Z_associative_recall_seed103,103,standard,3072,0,soft_dimension,soft_dimension,soft_dimension,candidate,True,-0.0001661630667512998,0.0,0.9073507409477276,3072,3072,0
associative_recall,transformer_publication_20260622T101458Z_associative_recall_seed103,103,standard,3072,0,gradient_norm,gradient_norm,gradient_norm,candidate,False,-0.0005482995620694998,0.0,0.6942789444271783,3072,3072,0
associative_recall,transformer_publication_20260622T101458Z_associative_recall_seed103,103,standard,3072,0,marginal_gain_edge,marginal_gain_edge,marginal_gain_edge,candidate,False,-0.0003894809051415999,0.0,0.7828331049619645,3072,3072,0
associative_recall,transformer_publication_20260622T101458Z_associative_recall_seed103,103,standard,3072,0,marginal_gain_soft,marginal_gain_soft,marginal_gain_soft,candidate,False,-0.0003894809051415999,0.0,0.7828331049619645,3072,3072,0
associative_recall,transformer_publication_20260622T101458Z_associative_recall_seed103,103,rslora,3072,0,uniform,uniform,uniform,cap_baseline,False,0.00012316893844400013,0.0,1.0666677583534252,2816,3072,-256
associative_recall,transformer_publication_20260622T101458Z_associative_recall_seed103,103,rslora,3072,0,effective_rank,effective_rank,effective_rank,candidate,False,-0.00020809298439409987,0.0,0.8873653294906292,3072,3072,0
associative_recall,transformer_publication_20260622T101458Z_associative_recall_seed103,103,rslora,3072,0,soft_dimension,soft_dimension,soft_dimension,candidate,True,-3.172442666249994e-05,0.0,0.9828284920097926,3072,3072,0
associative_recall,transformer_publication_20260622T101458Z_associative_recall_seed103,103,rslora,3072,0,gradient_norm,gradient_norm,gradient_norm,candidate,False,-0.0004244330775690999,0.0,0.7702667392441451,3072,3072,0
associative_recall,transformer_publication_20260622T101458Z_associative_recall_seed103,103,rslora,3072,0,marginal_gain_edge,marginal_gain_edge,marginal_gain_edge,candidate,False,-0.00030618588789360006,0.0,0.8342704983643234,3072,3072,0
associative_recall,transformer_publication_20260622T101458Z_associative_recall_seed103,103,rslora,3072,0,marginal_gain_soft,marginal_gain_soft,marginal_gain_soft,candidate,False,-0.00030618588789360006,0.0,0.8342704983643234,3072,3072,0
associative_recall,transformer_publication_20260622T101458Z_associative_recall_seed103,103,fixed_update_scale,3072,1,uniform,uniform,uniform,cap_baseline,False,4.605262074620009e-05,0.0,1.0216587496561513,2816,3072,-256
associative_recall,transformer_publication_20260622T101458Z_associative_recall_seed103,103,fixed_update_scale,3072,1,effective_rank,effective_rank,effective_rank,candidate,False,-0.0005253919953248001,0.0,0.7529058387187534,3072,3072,0
associative_recall,transformer_publication_20260622T101458Z_associative_recall_seed103,103,fixed_update_scale,3072,1,soft_dimension,soft_dimension,soft_dimension,candidate,True,-0.00016498117474840002,0.0,0.9224086294340115,3072,3072,0
associative_recall,transformer_publication_20260622T101458Z_associative_recall_seed103,103,fixed_update_scale,3072,1,gradient_norm,gradient_norm,gradient_norm,candidate,False,-0.0007693527732045,0.0,0.6381700141684787,3072,3072,0
associative_recall,transformer_publication_20260622T101458Z_associative_recall_seed103,103,fixed_update_scale,3072,1,marginal_gain_edge,marginal_gain_edge,marginal_gain_edge,candidate,False,-0.0006551911792485,0.0,0.6918607128469946,3072,3072,0
associative_recall,transformer_publication_20260622T101458Z_associative_recall_seed103,103,fixed_update_scale,3072,1,marginal_gain_soft,marginal_gain_soft,marginal_gain_soft,candidate,False,-0.0006551911792485,0.0,0.6918607128469946,3072,3072,0
associative_recall,transformer_publication_20260622T101458Z_associative_recall_seed103,103,standard,3072,1,uniform,uniform,uniform,cap_baseline,False,0.0001068575220415,0.0,1.0632061186183837,2816,3072,-256
associative_recall,transformer_publication_20260622T101458Z_associative_recall_seed103,103,standard,3072,1,effective_rank,effective_rank,effective_rank,candidate,False,-0.0004833401762880001,0.0,0.7141047636906163,3072,3072,0
associative_recall,transformer_publication_20260622T101458Z_associative_recall_seed103,103,standard,3072,1,soft_dimension,soft_dimension,soft_dimension,candidate,True,-0.0003338380483910001,0.0,0.8025351245021715,3072,3072,0
associative_recall,transformer_publication_20260622T101458Z_associative_recall_seed103,103,standard,3072,1,gradient_norm,gradient_norm,gradient_norm,candidate,False,-0.0005566358886426,0.0,0.6707504223134639,3072,3072,0
associative_recall,transformer_publication_20260622T101458Z_associative_recall_seed103,103,standard,3072,1,marginal_gain_edge,marginal_gain_edge,marginal_gain_edge,candidate,False,-0.0002589111682028001,0.0,0.8468543000398706,3072,3072,0
associative_recall,transformer_publication_20260622T101458Z_associative_recall_seed103,103,standard,3072,1,marginal_gain_soft,marginal_gain_soft,marginal_gain_soft,candidate,False,-0.0002589111682028001,0.0,0.8468543000398706,3072,3072,0
associative_recall,transformer_publication_20260622T101458Z_associative_recall_seed103,103,rslora,3072,1,uniform,uniform,uniform,cap_baseline,False,-6.188760744410006e-05,0.0,0.9669445848195661,2816,3072,-256
associative_recall,transformer_publication_20260622T101458Z_associative_recall_seed103,103,rslora,3072,1,effective_rank,effective_rank,effective_rank,candidate,False,-0.0005452252953546,0.0,0.7087842098096956,3072,3072,0
associative_recall,transformer_publication_20260622T101458Z_associative_recall_seed103,103,rslora,3072,1,soft_dimension,soft_dimension,soft_dimension,candidate,True,-0.00017661787569519995,0.0,0.9056648422761469,3072,3072,0
associative_recall,transformer_publication_20260622T101458Z_associative_recall_seed103,103,rslora,3072,1,gradient_norm,gradient_norm,gradient_norm,candidate,False,-0.0005892150365981001,0.0,0.6852884047440827,3072,3072,0
associative_recall,transformer_publication_20260622T101458Z_associative_recall_seed103,103,rslora,3072,1,marginal_gain_edge,marginal_gain_edge,marginal_gain_edge,candidate,False,-0.00039698602631690004,0.0,0.7879617832602644,3072,3072,0
associative_recall,transformer_publication_20260622T101458Z_associative_recall_seed103,103,rslora,3072,1,marginal_gain_soft,marginal_gain_soft,marginal_gain_soft,candidate,False,-0.00039698602631690004,0.0,0.7879617832602644,3072,3072,0
associative_recall,transformer_publication_20260622T101458Z_associative_recall_seed103,103,fixed_update_scale,3072,2,uniform,uniform,uniform,cap_baseline,False,3.0100287403899643e-05,0.0,1.0094427324477755,2816,3072,-256
associative_recall,transformer_publication_20260622T101458Z_associative_recall_seed103,103,fixed_update_scale,3072,2,effective_rank,effective_rank,effective_rank,candidate,False,-0.0008570668578613003,0.0,0.7311303736059528,3072,3072,0
associative_recall,transformer_publication_20260622T101458Z_associative_recall_seed103,103,fixed_update_scale,3072,2,soft_dimension,soft_dimension,soft_dimension,candidate,True,-0.0010987893329002002,0.0,0.6552998465489013,3072,3072,0
associative_recall,transformer_publication_20260622T101458Z_associative_recall_seed103,103,fixed_update_scale,3072,2,gradient_norm,gradient_norm,gradient_norm,candidate,False,-0.0014189397916198002,0.0,0.5548657515465347,3072,3072,0
associative_recall,transformer_publication_20260622T101458Z_associative_recall_seed103,103,fixed_update_scale,3072,2,marginal_gain_edge,marginal_gain_edge,marginal_gain_edge,candidate,False,-0.0017187469056807,0.0,0.4608135477908311,3072,3072,0
associative_recall,transformer_publication_20260622T101458Z_associative_recall_seed103,103,fixed_update_scale,3072,2,marginal_gain_soft,marginal_gain_soft,marginal_gain_soft,candidate,False,-0.0017187469056807,0.0,0.4608135477908311,3072,3072,0
associative_recall,transformer_publication_20260622T101458Z_associative_recall_seed103,103,standard,3072,2,uniform,uniform,uniform,cap_baseline,False,-0.00019396468997,0.0,0.9200602691557913,2816,3072,-256
associative_recall,transformer_publication_20260622T101458Z_associative_recall_seed103,103,standard,3072,2,effective_rank,effective_rank,effective_rank,candidate,False,-0.0007828062807676,0.0,0.6773777567587346,3072,3072,0
associative_recall,transformer_publication_20260622T101458Z_associative_recall_seed103,103,standard,3072,2,soft_dimension,soft_dimension,soft_dimension,candidate,True,-0.0004802660696441,0.0,0.8020653122643437,3072,3072,0
associative_recall,transformer_publication_20260622T101458Z_associative_recall_seed103,103,standard,3072,2,gradient_norm,gradient_norm,gradient_norm,candidate,False,-0.0009699572838144999,0.0,0.6002461880535913,3072,3072,0
associative_recall,transformer_publication_20260622T101458Z_associative_recall_seed103,103,standard,3072,2,marginal_gain_edge,marginal_gain_edge,marginal_gain_edge,candidate,False,-0.0008345759997610001,0.0,0.6560416187077687,3072,3072,0
associative_recall,transformer_publication_20260622T101458Z_associative_recall_seed103,103,standard,3072,2,marginal_gain_soft,marginal_gain_soft,marginal_gain_soft,candidate,False,-0.0008345759997610001,0.0,0.6560416187077687,3072,3072,0
associative_recall,transformer_publication_20260622T101458Z_associative_recall_seed103,103,rslora,3072,2,uniform,uniform,uniform,cap_baseline,False,0.00011740304762499973,0.0,1.05036704203801,2816,3072,-256
associative_recall,transformer_publication_20260622T101458Z_associative_recall_seed103,103,rslora,3072,2,effective_rank,effective_rank,effective_rank,candidate,False,-0.00030006811721250025,0.0,0.871267877796639,3072,3072,0
associative_recall,transformer_publication_20260622T101458Z_associative_recall_seed103,103,rslora,3072,2,soft_dimension,soft_dimension,soft_dimension,candidate,True,-0.0005348522827262002,0.0,0.770543201789425,3072,3072,0
associative_recall,transformer_publication_20260622T101458Z_associative_recall_seed103,103,rslora,3072,2,gradient_norm,gradient_norm,gradient_norm,candidate,False,-0.0007239185943035001,0.0,0.6894319269475478,3072,3072,0
associative_recall,transformer_publication_20260622T101458Z_associative_recall_seed103,103,rslora,3072,2,marginal_gain_edge,marginal_gain_edge,marginal_gain_edge,candidate,False,-0.0006764331628801002,0.0,0.7098036359370352,3072,3072,0
associative_recall,transformer_publication_20260622T101458Z_associative_recall_seed103,103,rslora,3072,2,marginal_gain_soft,marginal_gain_soft,marginal_gain_soft,candidate,False,-0.0006764331628801002,0.0,0.7098036359370352,3072,3072,0
associative_recall,transformer_publication_20260622T101458Z_associative_recall_seed103,103,fixed_update_scale,4096,0,uniform,uniform,uniform,cap_baseline,False,0.0008652766409795001,0.0,1.5423911610174543,2816,4096,-1280
associative_recall,transformer_publication_20260622T101458Z_associative_recall_seed103,103,fixed_update_scale,4096,0,effective_rank,effective_rank,effective_rank,candidate,False,-0.0004682777507696999,0.0,0.7064641515907546,4096,4096,0
associative_recall,transformer_publication_20260622T101458Z_associative_recall_seed103,103,fixed_update_scale,4096,0,soft_dimension,soft_dimension,soft_dimension,candidate,True,-0.0004147306171945,0.0,0.7400297080538667,4096,4096,0
associative_recall,transformer_publication_20260622T101458Z_associative_recall_seed103,103,fixed_update_scale,4096,0,gradient_norm,gradient_norm,gradient_norm,candidate,False,-0.0005210255476413999,0.0,0.6733996524105068,4096,4096,0
associative_recall,transformer_publication_20260622T101458Z_associative_recall_seed103,103,fixed_update_scale,4096,0,marginal_gain_edge,marginal_gain_edge,marginal_gain_edge,candidate,False,-0.00043116220331290006,0.0,0.7297297107466142,4096,4096,0
associative_recall,transformer_publication_20260622T101458Z_associative_recall_seed103,103,fixed_update_scale,4096,0,marginal_gain_soft,marginal_gain_soft,marginal_gain_soft,candidate,False,-0.0003709621232701999,0.0,0.7674656090261998,4096,4096,0
associative_recall,transformer_publication_20260622T101458Z_associative_recall_seed103,103,standard,4096,0,uniform,uniform,uniform,cap_baseline,False,0.0004212114872643,0.0,1.302417675346036,2816,4096,-1280
associative_recall,transformer_publication_20260622T101458Z_associative_recall_seed103,103,standard,4096,0,effective_rank,effective_rank,effective_rank,candidate,False,-0.00043559633923,0.0,0.6872544166476608,4096,4096,0
associative_recall,transformer_publication_20260622T101458Z_associative_recall_seed103,103,standard,4096,0,soft_dimension,soft_dimension,soft_dimension,candidate,True,-0.00032185159216170005,0.0,0.7689198579551386,4096,4096,0
associative_recall,transformer_publication_20260622T101458Z_associative_recall_seed103,103,standard,4096,0,gradient_norm,gradient_norm,gradient_norm,candidate,False,-0.000401707016863,0.0,0.7115859707461599,4096,4096,0
associative_recall,transformer_publication_20260622T101458Z_associative_recall_seed103,103,standard,4096,0,marginal_gain_edge,marginal_gain_edge,marginal_gain_edge,candidate,False,-0.00022281802375799997,0.0,0.8400230981169555,4096,4096,0
associative_recall,transformer_publication_20260622T101458Z_associative_recall_seed103,103,standard,4096,0,marginal_gain_soft,marginal_gain_soft,marginal_gain_soft,candidate,False,-0.00018033130618279997,0.0,0.8705273335204722,4096,4096,0
associative_recall,transformer_publication_20260622T101458Z_associative_recall_seed103,103,rslora,4096,0,uniform,uniform,uniform,cap_baseline,False,0.00042688743269540005,0.0,1.2688117711143385,2816,4096,-1280
associative_recall,transformer_publication_20260622T101458Z_associative_recall_seed103,103,rslora,4096,0,effective_rank,effective_rank,effective_rank,candidate,False,-0.0005744895461248,0.0,0.6382429170954979,4096,4096,0
associative_recall,transformer_publication_20260622T101458Z_associative_recall_seed103,103,rslora,4096,0,soft_dimension,soft_dimension,soft_dimension,candidate,True,-0.00039228095556610005,0.0,0.7529799887189681,4096,4096,0
associative_recall,transformer_publication_20260622T101458Z_associative_recall_seed103,103,rslora,4096,0,gradient_norm,gradient_norm,gradient_norm,candidate,False,-0.0005354701570468,0.0,0.6628134953850229,4096,4096,0
associative_recall,transformer_publication_20260622T101458Z_associative_recall_seed103,103,rslora,4096,0,marginal_gain_edge,marginal_gain_edge,marginal_gain_edge,candidate,False,-0.00036716522299690005,0.0,0.7687954099229418,4096,4096,0
associative_recall,transformer_publication_20260622T101458Z_associative_recall_seed103,103,rslora,4096,0,marginal_gain_soft,marginal_gain_soft,marginal_gain_soft,candidate,False,-0.0003179864725098001,0.0,0.7997633560537437,4096,4096,0
associative_recall,transformer_publication_20260622T101458Z_associative_recall_seed103,103,fixed_update_scale,4096,1,uniform,uniform,uniform,cap_baseline,False,0.0013060707133263003,0.0,1.6268754299128354,2816,4096,-1280
associative_recall,transformer_publication_20260622T101458Z_associative_recall_seed103,103,fixed_update_scale,4096,1,effective_rank,effective_rank,effective_rank,candidate,False,-0.0006944384513189999,0.0,0.666690020473767,4096,4096,0
associative_recall,transformer_publication_20260622T101458Z_associative_recall_seed103,103,fixed_update_scale,4096,1,soft_dimension,soft_dimension,soft_dimension,candidate,True,-0.0006379066762746998,0.0,0.6938236055262768,4096,4096,0
associative_recall,transformer_publication_20260622T101458Z_associative_recall_seed103,103,fixed_update_scale,4096,1,gradient_norm,gradient_norm,gradient_norm,candidate,False,-0.0007790534436935,0.0,0.6260773192006897,4096,4096,0
associative_recall,transformer_publication_20260622T101458Z_associative_recall_seed103,103,fixed_update_scale,4096,1,marginal_gain_edge,marginal_gain_edge,marginal_gain_edge,candidate,False,-0.0007109860307537,0.0,0.658747670288358,4096,4096,0
associative_recall,transformer_publication_20260622T101458Z_associative_recall_seed103,103,fixed_update_scale,4096,1,marginal_gain_soft,marginal_gain_soft,marginal_gain_soft,candidate,False,-0.00029250718944239993,0.0,0.8596051743115009,4096,4096,0
associative_recall,transformer_publication_20260622T101458Z_associative_recall_seed103,103,standard,4096,1,uniform,uniform,uniform,cap_baseline,False,0.0003588761319405999,0.0,1.197703153386195,2816,4096,-1280
associative_recall,transformer_publication_20260622T101458Z_associative_recall_seed103,103,standard,4096,1,effective_rank,effective_rank,effective_rank,candidate,False,-0.0007399416208499999,0.0,0.5923696820607991,4096,4096,0
associative_recall,transformer_publication_20260622T101458Z_associative_recall_seed103,103,standard,4096,1,soft_dimension,soft_dimension,soft_dimension,candidate,True,-0.000766013385146,0.0,0.5780068711717373,4096,4096,0
associative_recall,transformer_publication_20260622T101458Z_associative_recall_seed103,103,standard,4096,1,gradient_norm,gradient_norm,gradient_norm,candidate,False,-0.0005941574054305,0.0,0.6726815126261654,4096,4096,0
associative_recall,transformer_publication_20260622T101458Z_associative_recall_seed103,103,standard,4096,1,marginal_gain_edge,marginal_gain_edge,marginal_gain_edge,candidate,False,-0.0003584424266592,0.0,0.8025357727895562,4096,4096,0
associative_recall,transformer_publication_20260622T101458Z_associative_recall_seed103,103,standard,4096,1,marginal_gain_soft,marginal_gain_soft,marginal_gain_soft,candidate,False,0.00011471874313429995,0.0,1.063198009707444,4096,4096,0
associative_recall,transformer_publication_20260622T101458Z_associative_recall_seed103,103,rslora,4096,1,uniform,uniform,uniform,cap_baseline,False,0.0010181849938817,0.0,1.532204956724428,2816,4096,-1280
associative_recall,transformer_publication_20260622T101458Z_associative_recall_seed103,103,rslora,4096,1,effective_rank,effective_rank,effective_rank,candidate,False,-0.0006432046648115,0.0,0.6637971362198966,4096,4096,0
associative_recall,transformer_publication_20260622T101458Z_associative_recall_seed103,103,rslora,4096,1,soft_dimension,soft_dimension,soft_dimension,candidate,True,-0.0006321620894596,0.0,0.6695690866734966,4096,4096,0
associative_recall,transformer_publication_20260622T101458Z_associative_recall_seed103,103,rslora,4096,1,gradient_norm,gradient_norm,gradient_norm,candidate,False,-0.0006474202964455,0.0,0.6615936269707711,4096,4096,0
associative_recall,transformer_publication_20260622T101458Z_associative_recall_seed103,103,rslora,4096,1,marginal_gain_edge,marginal_gain_edge,marginal_gain_edge,candidate,False,-0.00046051098615869997,0.0,0.7592910611210693,4096,4096,0
associative_recall,transformer_publication_20260622T101458Z_associative_recall_seed103,103,rslora,4096,1,marginal_gain_soft,marginal_gain_soft,marginal_gain_soft,candidate,False,-0.00010119187936659998,0.0,0.9471070384038461,4096,4096,0
associative_recall,transformer_publication_20260622T101458Z_associative_recall_seed103,103,fixed_update_scale,4096,2,uniform,uniform,uniform,cap_baseline,False,0.0007219005492515999,0.0,1.4591744150751507,2816,4096,-1280
associative_recall,transformer_publication_20260622T101458Z_associative_recall_seed103,103,fixed_update_scale,4096,2,effective_rank,effective_rank,effective_rank,candidate,False,-0.0003148309624520999,0.0,0.79974759240541,4096,4096,0
associative_recall,transformer_publication_20260622T101458Z_associative_recall_seed103,103,fixed_update_scale,4096,2,soft_dimension,soft_dimension,soft_dimension,candidate,True,-0.0002594464167487,0.0,0.8349756669704265,4096,4096,0
associative_recall,transformer_publication_20260622T101458Z_associative_recall_seed103,103,fixed_update_scale,4096,2,gradient_norm,gradient_norm,gradient_norm,candidate,False,-0.00044266902841630005,0.0,0.7184344957132066,4096,4096,0
associative_recall,transformer_publication_20260622T101458Z_associative_recall_seed103,103,fixed_update_scale,4096,2,marginal_gain_edge,marginal_gain_edge,marginal_gain_edge,candidate,False,-0.00045122286246620006,0.0,0.7129937161618063,4096,4096,0
associative_recall,transformer_publication_20260622T101458Z_associative_recall_seed103,103,fixed_update_scale,4096,2,marginal_gain_soft,marginal_gain_soft,marginal_gain_soft,candidate,False,-0.0004020086780655999,0.0,0.7442970506155252,4096,4096,0
associative_recall,transformer_publication_20260622T101458Z_associative_recall_seed103,103,standard,4096,2,uniform,uniform,uniform,cap_baseline,False,0.0003584827209124001,0.0,1.2510840041087756,2816,4096,-1280
associative_recall,transformer_publication_20260622T101458Z_associative_recall_seed103,103,standard,4096,2,effective_rank,effective_rank,effective_rank,candidate,False,-0.00029618261032740003,0.0,0.7925514636824984,4096,4096,0
associative_recall,transformer_publication_20260622T101458Z_associative_recall_seed103,103,standard,4096,2,soft_dimension,soft_dimension,soft_dimension,candidate,True,-0.0002779202623059999,0.0,0.8053425501091204,4096,4096,0
associative_recall,transformer_publication_20260622T101458Z_associative_recall_seed103,103,standard,4096,2,gradient_norm,gradient_norm,gradient_norm,candidate,False,-0.00031281037081499997,0.0,0.7809052547049437,4096,4096,0
associative_recall,transformer_publication_20260622T101458Z_associative_recall_seed103,103,standard,4096,2,marginal_gain_edge,marginal_gain_edge,marginal_gain_edge,candidate,False,-0.00023804223746990002,0.0,0.8332734197653009,4096,4096,0
associative_recall,transformer_publication_20260622T101458Z_associative_recall_seed103,103,standard,4096,2,marginal_gain_soft,marginal_gain_soft,marginal_gain_soft,candidate,False,-9.223079541699985e-05,0.0,0.9354008545893164,4096,4096,0
associative_recall,transformer_publication_20260622T101458Z_associative_recall_seed103,103,rslora,4096,2,uniform,uniform,uniform,cap_baseline,False,0.00046207515697460014,0.0,1.3085846778009045,2816,4096,-1280
associative_recall,transformer_publication_20260622T101458Z_associative_recall_seed103,103,rslora,4096,2,effective_rank,effective_rank,effective_rank,candidate,False,-0.0002949400950457001,0.0,0.8030320547935268,4096,4096,0
associative_recall,transformer_publication_20260622T101458Z_associative_recall_seed103,103,rslora,4096,2,soft_dimension,soft_dimension,soft_dimension,candidate,True,-0.0002421039389447,0.0,0.8383172848271372,4096,4096,0
associative_recall,transformer_publication_20260622T101458Z_associative_recall_seed103,103,rslora,4096,2,gradient_norm,gradient_norm,gradient_norm,candidate,False,-0.00036388002627070004,0.0,0.7569923442754984,4096,4096,0
associative_recall,transformer_publication_20260622T101458Z_associative_recall_seed103,103,rslora,4096,2,marginal_gain_edge,marginal_gain_edge,marginal_gain_edge,candidate,False,-0.00028322236903479997,0.0,0.8108574283308271,4096,4096,0
associative_recall,transformer_publication_20260622T101458Z_associative_recall_seed103,103,rslora,4096,2,marginal_gain_soft,marginal_gain_soft,marginal_gain_soft,candidate,False,-0.00022831014939589996,0.0,0.847529102513765,4096,4096,0
associative_recall,transformer_publication_20260622T101458Z_associative_recall_seed103,103,fixed_update_scale,6144,0,uniform,uniform,uniform,cap_baseline,False,1.778801379260001e-05,0.0,1.0194686990759234,5632,6144,-512
associative_recall,transformer_publication_20260622T101458Z_associative_recall_seed103,103,fixed_update_scale,6144,0,effective_rank,effective_rank,effective_rank,candidate,False,-0.0001282532030018,0.0,0.859628902705028,6144,6144,0
associative_recall,transformer_publication_20260622T101458Z_associative_recall_seed103,103,fixed_update_scale,6144,0,soft_dimension,soft_dimension,soft_dimension,candidate,True,-7.715207175349999e-05,0.0,0.9155582806733706,6144,6144,0
associative_recall,transformer_publication_20260622T101458Z_associative_recall_seed103,103,fixed_update_scale,6144,0,gradient_norm,gradient_norm,gradient_norm,candidate,False,-0.0001499933350714999,0.0,0.8358346728336807,6144,6144,0
associative_recall,transformer_publication_20260622T101458Z_associative_recall_seed103,103,fixed_update_scale,6144,0,marginal_gain_edge,marginal_gain_edge,marginal_gain_edge,candidate,False,-0.000138603936648,0.0,0.848300188834976,6144,6144,0
associative_recall,transformer_publication_20260622T101458Z_associative_recall_seed103,103,fixed_update_scale,6144,0,marginal_gain_soft,marginal_gain_soft,marginal_gain_soft,candidate,False,-0.00014136733807389992,0.0,0.8452756897866784,6144,6144,0
associative_recall,transformer_publication_20260622T101458Z_associative_recall_seed103,103,standard,6144,0,uniform,uniform,uniform,cap_baseline,False,3.557717718649992e-05,0.0,1.039711844284623,5632,6144,-512
associative_recall,transformer_publication_20260622T101458Z_associative_recall_seed103,103,standard,6144,0,effective_rank,effective_rank,effective_rank,candidate,False,-2.8021640901000058e-05,0.0,0.9687217725502294,6144,6144,0
associative_recall,transformer_publication_20260622T101458Z_associative_recall_seed103,103,standard,6144,0,soft_dimension,soft_dimension,soft_dimension,candidate,True,-3.471266245470004e-05,0.0,0.9612531416171823,6144,6144,0
associative_recall,transformer_publication_20260622T101458Z_associative_recall_seed103,103,standard,6144,0,gradient_norm,gradient_norm,gradient_norm,candidate,False,-6.304398994000544e-07,0.0,0.9992962923678698,6144,6144,0
associative_recall,transformer_publication_20260622T101458Z_associative_recall_seed103,103,standard,6144,0,marginal_gain_edge,marginal_gain_edge,marginal_gain_edge,candidate,False,1.2186312233099911e-05,0.0,1.0136025669284492,6144,6144,0
associative_recall,transformer_publication_20260622T101458Z_associative_recall_seed103,103,standard,6144,0,marginal_gain_soft,marginal_gain_soft,marginal_gain_soft,candidate,False,0.00018178968457509986,0.0,1.2029167072067897,6144,6144,0
associative_recall,transformer_publication_20260622T101458Z_associative_recall_seed103,103,rslora,6144,0,uniform,uniform,uniform,cap_baseline,False,6.766938895399967e-06,0.0,1.0073180343376207,5632,6144,-512
associative_recall,transformer_publication_20260622T101458Z_associative_recall_seed103,103,rslora,6144,0,effective_rank,effective_rank,effective_rank,candidate,False,-7.94930238044e-05,0.0,0.9140331120475533,6144,6144,0
associative_recall,transformer_publication_20260622T101458Z_associative_recall_seed103,103,rslora,6144,0,soft_dimension,soft_dimension,soft_dimension,candidate,True,-5.541357677430001e-05,0.0,0.9400735747916426,6144,6144,0
associative_recall,transformer_publication_20260622T101458Z_associative_recall_seed103,103,rslora,6144,0,gradient_norm,gradient_norm,gradient_norm,candidate,False,-5.858693475610001e-05,0.0,0.9366417804404092,6144,6144,0
associative_recall,transformer_publication_20260622T101458Z_associative_recall_seed103,103,rslora,6144,0,marginal_gain_edge,marginal_gain_edge,marginal_gain_edge,candidate,False,-2.9943614208600045e-05,0.0,0.9676177958219835,6144,6144,0
associative_recall,transformer_publication_20260622T101458Z_associative_recall_seed103,103,rslora,6144,0,marginal_gain_soft,marginal_gain_soft,marginal_gain_soft,candidate,False,7.411232218100029e-06,0.0,1.0080147985218257,6144,6144,0
associative_recall,transformer_publication_20260622T101458Z_associative_recall_seed103,103,fixed_update_scale,6144,1,uniform,uniform,uniform,cap_baseline,False,-3.155536251140019e-05,0.0,0.9704092965714765,5632,6144,-512
associative_recall,transformer_publication_20260622T101458Z_associative_recall_seed103,103,fixed_update_scale,6144,1,effective_rank,effective_rank,effective_rank,candidate,False,-0.00014931047917340011,0.0,0.8599856963647735,6144,6144,0
associative_recall,transformer_publication_20260622T101458Z_associative_recall_seed103,103,fixed_update_scale,6144,1,soft_dimension,soft_dimension,soft_dimension,candidate,True,-0.00017384056991430008,0.0,0.8369828663409857,6144,6144,0
associative_recall,transformer_publication_20260622T101458Z_associative_recall_seed103,103,fixed_update_scale,6144,1,gradient_norm,gradient_norm,gradient_norm,candidate,False,-0.00026633184461390005,0.0,0.750250163512007,6144,6144,0
associative_recall,transformer_publication_20260622T101458Z_associative_recall_seed103,103,fixed_update_scale,6144,1,marginal_gain_edge,marginal_gain_edge,marginal_gain_edge,candidate,False,-0.0002351039438508001,0.0,0.7795337931911913,6144,6144,0
associative_recall,transformer_publication_20260622T101458Z_associative_recall_seed103,103,fixed_update_scale,6144,1,marginal_gain_soft,marginal_gain_soft,marginal_gain_soft,candidate,False,-0.0001949527140823001,0.0,0.8171851791304577,6144,6144,0
associative_recall,transformer_publication_20260622T101458Z_associative_recall_seed103,103,standard,6144,1,uniform,uniform,uniform,cap_baseline,False,-2.3175176465900114e-05,0.0,0.9780955920835634,5632,6144,-512
associative_recall,transformer_publication_20260622T101458Z_associative_recall_seed103,103,standard,6144,1,effective_rank,effective_rank,effective_rank,candidate,False,-0.0001363964183839,0.0,0.8710826305457499,6144,6144,0
associative_recall,transformer_publication_20260622T101458Z_associative_recall_seed103,103,standard,6144,1,soft_dimension,soft_dimension,soft_dimension,candidate,True,-0.00016174365009649996,0.0,0.847125268072063,6144,6144,0
associative_recall,transformer_publication_20260622T101458Z_associative_recall_seed103,103,standard,6144,1,gradient_norm,gradient_norm,gradient_norm,candidate,False,-0.00016212891205220003,0.0,0.8467611312533098,6144,6144,0
associative_recall,transformer_publication_20260622T101458Z_associative_recall_seed103,103,standard,6144,1,marginal_gain_edge,marginal_gain_edge,marginal_gain_edge,candidate,False,-0.00014738149911869996,0.0,0.860699896685488,6144,6144,0
associative_recall,transformer_publication_20260622T101458Z_associative_recall_seed103,103,standard,6144,1,marginal_gain_soft,marginal_gain_soft,marginal_gain_soft,candidate,False,5.081591370979994e-05,0.0,1.048029515727041,6144,6144,0
associative_recall,transformer_publication_20260622T101458Z_associative_recall_seed103,103,rslora,6144,1,uniform,uniform,uniform,cap_baseline,False,-7.23635312169001e-05,0.0,0.9346429202197222,5632,6144,-512
associative_recall,transformer_publication_20260622T101458Z_associative_recall_seed103,103,rslora,6144,1,effective_rank,effective_rank,effective_rank,candidate,False,-0.00022502438514490001,0.0,0.7967631423577007,6144,6144,0
associative_recall,transformer_publication_20260622T101458Z_associative_recall_seed103,103,rslora,6144,1,soft_dimension,soft_dimension,soft_dimension,candidate,True,-0.00020590456551870004,0.0,0.8140317244138819,6144,6144,0
associative_recall,transformer_publication_20260622T101458Z_associative_recall_seed103,103,rslora,6144,1,gradient_norm,gradient_norm,gradient_norm,candidate,False,-0.00023839446657800004,0.0,0.784687591811767,6144,6144,0
associative_recall,transformer_publication_20260622T101458Z_associative_recall_seed103,103,rslora,6144,1,marginal_gain_edge,marginal_gain_edge,marginal_gain_edge,candidate,False,-0.00023931158648329994,0.0,0.7838592701722508,6144,6144,0
associative_recall,transformer_publication_20260622T101458Z_associative_recall_seed103,103,rslora,6144,1,marginal_gain_soft,marginal_gain_soft,marginal_gain_soft,candidate,False,-0.00016493021394120002,0.0,0.8510388179036812,6144,6144,0
associative_recall,transformer_publication_20260622T101458Z_associative_recall_seed103,103,fixed_update_scale,6144,2,uniform,uniform,uniform,cap_baseline,False,-1.2741875252700102e-05,0.0,0.9878712205546964,5632,6144,-512
associative_recall,transformer_publication_20260622T101458Z_associative_recall_seed103,103,fixed_update_scale,6144,2,effective_rank,effective_rank,effective_rank,candidate,False,-0.00022799757425680006,0.0,0.7829728954818526,6144,6144,0
associative_recall,transformer_publication_20260622T101458Z_associative_recall_seed103,103,fixed_update_scale,6144,2,soft_dimension,soft_dimension,soft_dimension,candidate,True,-0.00019170191808370006,0.0,0.8175221278213242,6144,6144,0
associative_recall,transformer_publication_20260622T101458Z_associative_recall_seed103,103,fixed_update_scale,6144,2,gradient_norm,gradient_norm,gradient_norm,candidate,False,-0.0002097677570419,0.0,0.8003255557412493,6144,6144,0
associative_recall,transformer_publication_20260622T101458Z_associative_recall_seed103,103,fixed_update_scale,6144,2,marginal_gain_edge,marginal_gain_edge,marginal_gain_edge,candidate,False,-0.00020176257385180003,0.0,0.80794555667568,6144,6144,0
associative_recall,transformer_publication_20260622T101458Z_associative_recall_seed103,103,fixed_update_scale,6144,2,marginal_gain_soft,marginal_gain_soft,marginal_gain_soft,candidate,False,-0.00030115441040840006,0.0,0.7133361180843547,6144,6144,0
associative_recall,transformer_publication_20260622T101458Z_associative_recall_seed103,103,standard,6144,2,uniform,uniform,uniform,cap_baseline,False,1.4563585864399951e-05,0.0,1.014232768152701,5632,6144,-512
associative_recall,transformer_publication_20260622T101458Z_associative_recall_seed103,103,standard,6144,2,effective_rank,effective_rank,effective_rank,candidate,False,-0.0001864960868261,0.0,0.8177402468117194,6144,6144,0
associative_recall,transformer_publication_20260622T101458Z_associative_recall_seed103,103,standard,6144,2,soft_dimension,soft_dimension,soft_dimension,candidate,True,-0.00012667180999409997,0.0,0.876205591128755,6144,6144,0
associative_recall,transformer_publication_20260622T101458Z_associative_recall_seed103,103,standard,6144,2,gradient_norm,gradient_norm,gradient_norm,candidate,False,-0.00011726146476570001,0.0,0.8854021765796014,6144,6144,0
associative_recall,transformer_publication_20260622T101458Z_associative_recall_seed103,103,standard,6144,2,marginal_gain_edge,marginal_gain_edge,marginal_gain_edge,candidate,False,-0.00018280620133739997,0.0,0.8213463150671385,6144,6144,0
associative_recall,transformer_publication_20260622T101458Z_associative_recall_seed103,103,standard,6144,2,marginal_gain_soft,marginal_gain_soft,marginal_gain_soft,candidate,False,-3.8502381357800094e-05,0.0,0.9623722157238764,6144,6144,0
associative_recall,transformer_publication_20260622T101458Z_associative_recall_seed103,103,rslora,6144,2,uniform,uniform,uniform,cap_baseline,False,3.4039454476399904e-05,0.0,1.0339116916179336,5632,6144,-512
associative_recall,transformer_publication_20260622T101458Z_associative_recall_seed103,103,rslora,6144,2,effective_rank,effective_rank,effective_rank,candidate,False,-0.0001912192456075,0.0,0.8094984720465689,6144,6144,0
associative_recall,transformer_publication_20260622T101458Z_associative_recall_seed103,103,rslora,6144,2,soft_dimension,soft_dimension,soft_dimension,candidate,True,-0.00015426016034330008,0.0,0.8463188359812913,6144,6144,0
associative_recall,transformer_publication_20260622T101458Z_associative_recall_seed103,103,rslora,6144,2,gradient_norm,gradient_norm,gradient_norm,candidate,False,-0.00017114284855780008,0.0,0.8294995148370943,6144,6144,0
associative_recall,transformer_publication_20260622T101458Z_associative_recall_seed103,103,rslora,6144,2,marginal_gain_edge,marginal_gain_edge,marginal_gain_edge,candidate,False,-0.00016533792950220003,0.0,0.8352826458510492,6144,6144,0
associative_recall,transformer_publication_20260622T101458Z_associative_recall_seed103,103,rslora,6144,2,marginal_gain_soft,marginal_gain_soft,marginal_gain_soft,candidate,False,-0.00014036828360990009,0.0,0.8601585712832782,6144,6144,0
associative_recall,transformer_publication_20260622T101458Z_associative_recall_seed107,107,fixed_update_scale,512,0,uniform,uniform,uniform,cap_baseline,False,10.338621452450752,-0.66796875,9.086176791081915,0,512,-512
associative_recall,transformer_publication_20260622T101458Z_associative_recall_seed107,107,fixed_update_scale,512,0,effective_rank,effective_rank,effective_rank,candidate,False,-0.4080582782626152,0.0712890625,0.6808441633856481,512,512,0
associative_recall,transformer_publication_20260622T101458Z_associative_recall_seed107,107,fixed_update_scale,512,0,soft_dimension,soft_dimension,soft_dimension,candidate,True,-0.4080582782626152,0.0712890625,0.6808441633856481,512,512,0
associative_recall,transformer_publication_20260622T101458Z_associative_recall_seed107,107,fixed_update_scale,512,0,gradient_norm,gradient_norm,gradient_norm,candidate,False,-0.8355331979691982,0.33203125,0.34650193116458283,512,512,0
associative_recall,transformer_publication_20260622T101458Z_associative_recall_seed107,107,fixed_update_scale,512,0,marginal_gain_edge,marginal_gain_edge,marginal_gain_edge,candidate,False,-0.7944811880588531,0.3310546875,0.37861006195271685,512,512,0
associative_recall,transformer_publication_20260622T101458Z_associative_recall_seed107,107,fixed_update_scale,512,0,marginal_gain_soft,marginal_gain_soft,marginal_gain_soft,candidate,False,-0.7944811880588531,0.3310546875,0.37861006195271685,512,512,0
associative_recall,transformer_publication_20260622T101458Z_associative_recall_seed107,107,standard,512,0,uniform,uniform,uniform,cap_baseline,False,10.616406105458736,-0.8291015625,11.60823449673963,0,512,-512
associative_recall,transformer_publication_20260622T101458Z_associative_recall_seed107,107,standard,512,0,effective_rank,effective_rank,effective_rank,candidate,False,-0.44178131222724915,0.1669921875,0.5585587335459695,512,512,0
associative_recall,transformer_publication_20260622T101458Z_associative_recall_seed107,107,standard,512,0,soft_dimension,soft_dimension,soft_dimension,candidate,True,-0.44178131222724915,0.1669921875,0.5585587335459695,512,512,0
associative_recall,transformer_publication_20260622T101458Z_associative_recall_seed107,107,standard,512,0,gradient_norm,gradient_norm,gradient_norm,candidate,False,-0.5669240690767765,0.1708984375,0.4335123009734947,512,512,0
associative_recall,transformer_publication_20260622T101458Z_associative_recall_seed107,107,standard,512,0,marginal_gain_edge,marginal_gain_edge,marginal_gain_edge,candidate,False,-0.43604734539985657,0.107421875,0.5642882868521708,512,512,0
associative_recall,transformer_publication_20260622T101458Z_associative_recall_seed107,107,standard,512,0,marginal_gain_soft,marginal_gain_soft,marginal_gain_soft,candidate,False,-0.43604734539985657,0.107421875,0.5642882868521708,512,512,0
associative_recall,transformer_publication_20260622T101458Z_associative_recall_seed107,107,rslora,512,0,uniform,uniform,uniform,cap_baseline,False,10.375976547598839,-0.6943359375,9.359633957713905,0,512,-512
associative_recall,transformer_publication_20260622T101458Z_associative_recall_seed107,107,rslora,512,0,effective_rank,effective_rank,effective_rank,candidate,False,-0.5970943048596382,0.1962890625,0.5189378268190749,512,512,0
associative_recall,transformer_publication_20260622T101458Z_associative_recall_seed107,107,rslora,512,0,soft_dimension,soft_dimension,soft_dimension,candidate,True,-0.5970943048596382,0.1962890625,0.5189378268190749,512,512,0
associative_recall,transformer_publication_20260622T101458Z_associative_recall_seed107,107,rslora,512,0,gradient_norm,gradient_norm,gradient_norm,candidate,False,-0.8139414265751839,0.3056640625,0.3442301687967274,512,512,0
associative_recall,transformer_publication_20260622T101458Z_associative_recall_seed107,107,rslora,512,0,marginal_gain_edge,marginal_gain_edge,marginal_gain_edge,candidate,False,-0.7645820491015911,0.3056640625,0.3839976380240313,512,512,0
associative_recall,transformer_publication_20260622T101458Z_associative_recall_seed107,107,rslora,512,0,marginal_gain_soft,marginal_gain_soft,marginal_gain_soft,candidate,False,-0.7645820491015911,0.3056640625,0.3839976380240313,512,512,0
associative_recall,transformer_publication_20260622T101458Z_associative_recall_seed107,107,fixed_update_scale,512,1,uniform,uniform,uniform,cap_baseline,False,11.324314292520283,-1.0,43.7899030271617,0,512,-512
associative_recall,transformer_publication_20260622T101458Z_associative_recall_seed107,107,fixed_update_scale,512,1,effective_rank,effective_rank,effective_rank,candidate,False,0.3847912587225437,-0.0126953125,2.453967120756477,512,512,0
associative_recall,transformer_publication_20260622T101458Z_associative_recall_seed107,107,fixed_update_scale,512,1,soft_dimension,soft_dimension,soft_dimension,candidate,True,0.3847912587225437,-0.0126953125,2.453967120756477,512,512,0
associative_recall,transformer_publication_20260622T101458Z_associative_recall_seed107,107,fixed_update_scale,512,1,gradient_norm,gradient_norm,gradient_norm,candidate,False,0.16028163209557533,0.0,1.6056380384051048,512,512,0
associative_recall,transformer_publication_20260622T101458Z_associative_recall_seed107,107,fixed_update_scale,512,1,marginal_gain_edge,marginal_gain_edge,marginal_gain_edge,candidate,False,0.19157353788614273,-0.001953125,1.7238772164891902,512,512,0
associative_recall,transformer_publication_20260622T101458Z_associative_recall_seed107,107,fixed_update_scale,512,1,marginal_gain_soft,marginal_gain_soft,marginal_gain_soft,candidate,False,0.19157353788614273,-0.001953125,1.7238772164891902,512,512,0
associative_recall,transformer_publication_20260622T101458Z_associative_recall_seed107,107,standard,512,1,uniform,uniform,uniform,cap_baseline,False,11.19439075514674,-1.0,29.370916787856324,0,512,-512
associative_recall,transformer_publication_20260622T101458Z_associative_recall_seed107,107,standard,512,1,effective_rank,effective_rank,effective_rank,candidate,False,0.20830403640866285,-0.076171875,1.5279230118716094,512,512,0
associative_recall,transformer_publication_20260622T101458Z_associative_recall_seed107,107,standard,512,1,soft_dimension,soft_dimension,soft_dimension,candidate,True,0.20830403640866285,-0.076171875,1.5279230118716094,512,512,0
associative_recall,transformer_publication_20260622T101458Z_associative_recall_seed107,107,standard,512,1,gradient_norm,gradient_norm,gradient_norm,candidate,False,0.033019900321960505,-0.0009765625,1.0836852013538072,512,512,0
associative_recall,transformer_publication_20260622T101458Z_associative_recall_seed107,107,standard,512,1,marginal_gain_edge,marginal_gain_edge,marginal_gain_edge,candidate,False,0.04158264398574829,0.0,1.105386506344378,512,512,0
associative_recall,transformer_publication_20260622T101458Z_associative_recall_seed107,107,standard,512,1,marginal_gain_soft,marginal_gain_soft,marginal_gain_soft,candidate,False,0.04158264398574829,0.0,1.105386506344378,512,512,0
associative_recall,transformer_publication_20260622T101458Z_associative_recall_seed107,107,rslora,512,1,uniform,uniform,uniform,cap_baseline,False,11.284711599349974,-0.9970703125,38.09002723087472,0,512,-512
associative_recall,transformer_publication_20260622T101458Z_associative_recall_seed107,107,rslora,512,1,effective_rank,effective_rank,effective_rank,candidate,False,0.3232958465814591,0.0009765625,2.062592663336272,512,512,0
associative_recall,transformer_publication_20260622T101458Z_associative_recall_seed107,107,rslora,512,1,soft_dimension,soft_dimension,soft_dimension,candidate,True,0.3232958465814591,0.0009765625,2.062592663336272,512,512,0
associative_recall,transformer_publication_20260622T101458Z_associative_recall_seed107,107,rslora,512,1,gradient_norm,gradient_norm,gradient_norm,candidate,False,0.11981397494673729,0.0029296875,1.3937985968263298,512,512,0
associative_recall,transformer_publication_20260622T101458Z_associative_recall_seed107,107,rslora,512,1,marginal_gain_edge,marginal_gain_edge,marginal_gain_edge,candidate,False,0.12354310229420662,0.0029296875,1.4060553065922226,512,512,0
associative_recall,transformer_publication_20260622T101458Z_associative_recall_seed107,107,rslora,512,1,marginal_gain_soft,marginal_gain_soft,marginal_gain_soft,candidate,False,0.12354310229420662,0.0029296875,1.4060553065922226,512,512,0
associative_recall,transformer_publication_20260622T101458Z_associative_recall_seed107,107,fixed_update_scale,512,2,uniform,uniform,uniform,cap_baseline,False,10.342831000685694,-0.6923828125,9.256192941911044,0,512,-512
associative_recall,transformer_publication_20260622T101458Z_associative_recall_seed107,107,fixed_update_scale,512,2,effective_rank,effective_rank,effective_rank,candidate,False,-0.6196523383259773,0.2470703125,0.505360837686854,512,512,0
associative_recall,transformer_publication_20260622T101458Z_associative_recall_seed107,107,fixed_update_scale,512,2,soft_dimension,soft_dimension,soft_dimension,candidate,True,-0.6196523383259773,0.2470703125,0.505360837686854,512,512,0
associative_recall,transformer_publication_20260622T101458Z_associative_recall_seed107,107,fixed_update_scale,512,2,gradient_norm,gradient_norm,gradient_norm,candidate,False,-0.7873884215950966,0.3076171875,0.37146505357334636,512,512,0
associative_recall,transformer_publication_20260622T101458Z_associative_recall_seed107,107,fixed_update_scale,512,2,marginal_gain_edge,marginal_gain_edge,marginal_gain_edge,candidate,False,-0.902814220637083,0.3076171875,0.2793260959415614,512,512,0
associative_recall,transformer_publication_20260622T101458Z_associative_recall_seed107,107,fixed_update_scale,512,2,marginal_gain_soft,marginal_gain_soft,marginal_gain_soft,candidate,False,-0.902814220637083,0.3076171875,0.2793260959415614,512,512,0
associative_recall,transformer_publication_20260622T101458Z_associative_recall_seed107,107,standard,512,2,uniform,uniform,uniform,cap_baseline,False,10.473187163472177,-0.7080078125,10.331231569125492,0,512,-512
associative_recall,transformer_publication_20260622T101458Z_associative_recall_seed107,107,standard,512,2,effective_rank,effective_rank,effective_rank,candidate,False,-0.5212230011820793,0.2314453125,0.5356091276447594,512,512,0
associative_recall,transformer_publication_20260622T101458Z_associative_recall_seed107,107,standard,512,2,soft_dimension,soft_dimension,soft_dimension,candidate,True,-0.5212230011820793,0.2314453125,0.5356091276447594,512,512,0
associative_recall,transformer_publication_20260622T101458Z_associative_recall_seed107,107,standard,512,2,gradient_norm,gradient_norm,gradient_norm,candidate,False,-0.6803352199494839,0.2919921875,0.39384588636761414,512,512,0
associative_recall,transformer_publication_20260622T101458Z_associative_recall_seed107,107,standard,512,2,marginal_gain_edge,marginal_gain_edge,marginal_gain_edge,candidate,False,-0.776179663836956,0.2919921875,0.3084519478684234,512,512,0
associative_recall,transformer_publication_20260622T101458Z_associative_recall_seed107,107,standard,512,2,marginal_gain_soft,marginal_gain_soft,marginal_gain_soft,candidate,False,-0.776179663836956,0.2919921875,0.3084519478684234,512,512,0
associative_recall,transformer_publication_20260622T101458Z_associative_recall_seed107,107,rslora,512,2,uniform,uniform,uniform,cap_baseline,False,10.332652911543848,-0.68359375,9.18159535072006,0,512,-512
associative_recall,transformer_publication_20260622T101458Z_associative_recall_seed107,107,rslora,512,2,effective_rank,effective_rank,effective_rank,candidate,False,-0.6506031975150108,0.2548828125,0.48483974623733983,512,512,0
associative_recall,transformer_publication_20260622T101458Z_associative_recall_seed107,107,rslora,512,2,soft_dimension,soft_dimension,soft_dimension,candidate,True,-0.6506031975150108,0.2548828125,0.48483974623733983,512,512,0
associative_recall,transformer_publication_20260622T101458Z_associative_recall_seed107,107,rslora,512,2,gradient_norm,gradient_norm,gradient_norm,candidate,False,-0.8176979050040245,0.314453125,0.3525309100047117,512,512,0
associative_recall,transformer_publication_20260622T101458Z_associative_recall_seed107,107,rslora,512,2,marginal_gain_edge,marginal_gain_edge,marginal_gain_edge,candidate,False,-0.9061650410294533,0.31640625,0.28248091268132136,512,512,0
associative_recall,transformer_publication_20260622T101458Z_associative_recall_seed107,107,rslora,512,2,marginal_gain_soft,marginal_gain_soft,marginal_gain_soft,candidate,False,-0.9061650410294533,0.31640625,0.28248091268132136,512,512,0
associative_recall,transformer_publication_20260622T101458Z_associative_recall_seed107,107,fixed_update_scale,1024,0,uniform,uniform,uniform,cap_baseline,False,11.567370435222983,-1.0,211.1944638658879,0,1024,-1024
associative_recall,transformer_publication_20260622T101458Z_associative_recall_seed107,107,fixed_update_scale,1024,0,effective_rank,effective_rank,effective_rank,candidate,False,-0.029344712616875802,0.0,0.46676764867659704,1024,1024,0
associative_recall,transformer_publication_20260622T101458Z_associative_recall_seed107,107,fixed_update_scale,1024,0,soft_dimension,soft_dimension,soft_dimension,candidate,True,-0.029344712616875802,0.0,0.46676764867659704,1024,1024,0
associative_recall,transformer_publication_20260622T101458Z_associative_recall_seed107,107,fixed_update_scale,1024,0,gradient_norm,gradient_norm,gradient_norm,candidate,False,-0.0204693567939103,0.0,0.628044636326838,960,1024,-64
associative_recall,transformer_publication_20260622T101458Z_associative_recall_seed107,107,fixed_update_scale,1024,0,marginal_gain_edge,marginal_gain_edge,marginal_gain_edge,candidate,False,-0.0246723203454167,0.0,0.5516712137495983,1024,1024,0
associative_recall,transformer_publication_20260622T101458Z_associative_recall_seed107,107,fixed_update_scale,1024,0,marginal_gain_soft,marginal_gain_soft,marginal_gain_soft,candidate,False,-0.0246723203454167,0.0,0.5516712137495983,1024,1024,0
associative_recall,transformer_publication_20260622T101458Z_associative_recall_seed107,107,standard,1024,0,uniform,uniform,uniform,cap_baseline,False,9.566770181059837,-0.3544921875,5.653931313603095,0,1024,-1024
associative_recall,transformer_publication_20260622T101458Z_associative_recall_seed107,107,standard,1024,0,effective_rank,effective_rank,effective_rank,candidate,False,-2.0364529327489436,0.6455078125,0.009330014934129285,1024,1024,0
associative_recall,transformer_publication_20260622T101458Z_associative_recall_seed107,107,standard,1024,0,soft_dimension,soft_dimension,soft_dimension,candidate,True,-2.0364529327489436,0.6455078125,0.009330014934129285,1024,1024,0
associative_recall,transformer_publication_20260622T101458Z_associative_recall_seed107,107,standard,1024,0,gradient_norm,gradient_norm,gradient_norm,candidate,False,-2.031639986205846,0.6455078125,0.011671361303248166,960,1024,-64
associative_recall,transformer_publication_20260622T101458Z_associative_recall_seed107,107,standard,1024,0,marginal_gain_edge,marginal_gain_edge,marginal_gain_edge,candidate,False,-2.02986292517744,0.6455078125,0.012535845325520998,1024,1024,0
associative_recall,transformer_publication_20260622T101458Z_associative_recall_seed107,107,standard,1024,0,marginal_gain_soft,marginal_gain_soft,marginal_gain_soft,candidate,False,-2.02986292517744,0.6455078125,0.012535845325520998,1024,1024,0
associative_recall,transformer_publication_20260622T101458Z_associative_recall_seed107,107,rslora,1024,0,uniform,uniform,uniform,cap_baseline,False,11.545760865323246,-1.0,151.64667447948224,0,1024,-1024
associative_recall,transformer_publication_20260622T101458Z_associative_recall_seed107,107,rslora,1024,0,effective_rank,effective_rank,effective_rank,candidate,False,-0.05309842876158649,0.0,0.3071828001354722,1024,1024,0
associative_recall,transformer_publication_20260622T101458Z_associative_recall_seed107,107,rslora,1024,0,soft_dimension,soft_dimension,soft_dimension,candidate,True,-0.05309842876158649,0.0,0.3071828001354722,1024,1024,0
associative_recall,transformer_publication_20260622T101458Z_associative_recall_seed107,107,rslora,1024,0,gradient_norm,gradient_norm,gradient_norm,candidate,False,-0.04598625609651209,0.0,0.3999809424852998,960,1024,-64
associative_recall,transformer_publication_20260622T101458Z_associative_recall_seed107,107,rslora,1024,0,marginal_gain_edge,marginal_gain_edge,marginal_gain_edge,candidate,False,-0.048406586050987195,0.0,0.3684009831359042,1024,1024,0
associative_recall,transformer_publication_20260622T101458Z_associative_recall_seed107,107,rslora,1024,0,marginal_gain_soft,marginal_gain_soft,marginal_gain_soft,candidate,False,-0.048406586050987195,0.0,0.3684009831359042,1024,1024,0
associative_recall,transformer_publication_20260622T101458Z_associative_recall_seed107,107,fixed_update_scale,1024,1,uniform,uniform,uniform,cap_baseline,False,11.549501178786159,-1.0,156.18610235234462,0,1024,-1024
associative_recall,transformer_publication_20260622T101458Z_associative_recall_seed107,107,fixed_update_scale,1024,1,effective_rank,effective_rank,effective_rank,candidate,False,-0.0542576476000249,0.0,0.27096134079620515,1024,1024,0
associative_recall,transformer_publication_20260622T101458Z_associative_recall_seed107,107,fixed_update_scale,1024,1,soft_dimension,soft_dimension,soft_dimension,candidate,True,-0.0542576476000249,0.0,0.27096134079620515,1024,1024,0
associative_recall,transformer_publication_20260622T101458Z_associative_recall_seed107,107,fixed_update_scale,1024,1,gradient_norm,gradient_norm,gradient_norm,candidate,False,-0.03750216355547299,0.0,0.49609818624516067,960,1024,-64
associative_recall,transformer_publication_20260622T101458Z_associative_recall_seed107,107,fixed_update_scale,1024,1,marginal_gain_edge,marginal_gain_edge,marginal_gain_edge,candidate,False,-0.043670537415891796,0.0,0.41321617407577577,1024,1024,0
associative_recall,transformer_publication_20260622T101458Z_associative_recall_seed107,107,fixed_update_scale,1024,1,marginal_gain_soft,marginal_gain_soft,marginal_gain_soft,candidate,False,-0.043670537415891796,0.0,0.41321617407577577,1024,1024,0
associative_recall,transformer_publication_20260622T101458Z_associative_recall_seed107,107,standard,1024,1,uniform,uniform,uniform,cap_baseline,False,10.634046196937561,-0.6875,11.742778854205167,0,1024,-1024
associative_recall,transformer_publication_20260622T101458Z_associative_recall_seed107,107,standard,1024,1,effective_rank,effective_rank,effective_rank,candidate,False,-0.9721302604302763,0.3125,0.017929750174410116,1024,1024,0
associative_recall,transformer_publication_20260622T101458Z_associative_recall_seed107,107,standard,1024,1,soft_dimension,soft_dimension,soft_dimension,candidate,True,-0.9721302604302763,0.3125,0.017929750174410116,1024,1024,0
associative_recall,transformer_publication_20260622T101458Z_associative_recall_seed107,107,standard,1024,1,gradient_norm,gradient_norm,gradient_norm,candidate,False,-0.9647286008112133,0.3125,0.02540709143935537,960,1024,-64
associative_recall,transformer_publication_20260622T101458Z_associative_recall_seed107,107,standard,1024,1,marginal_gain_edge,marginal_gain_edge,marginal_gain_edge,candidate,False,-0.9574732482433318,0.3125,0.03273662966991955,1024,1024,0
associative_recall,transformer_publication_20260622T101458Z_associative_recall_seed107,107,standard,1024,1,marginal_gain_soft,marginal_gain_soft,marginal_gain_soft,candidate,False,-0.9574732482433318,0.3125,0.03273662966991955,1024,1024,0
associative_recall,transformer_publication_20260622T101458Z_associative_recall_seed107,107,rslora,1024,1,uniform,uniform,uniform,cap_baseline,False,11.45991281978786,-1.0,70.87244188955034,0,1024,-1024
associative_recall,transformer_publication_20260622T101458Z_associative_recall_seed107,107,rslora,1024,1,effective_rank,effective_rank,effective_rank,candidate,False,-0.13853230932727462,0.0,0.15535214922565257,1024,1024,0
associative_recall,transformer_publication_20260622T101458Z_associative_recall_seed107,107,rslora,1024,1,soft_dimension,soft_dimension,soft_dimension,candidate,True,-0.13853230932727462,0.0,0.15535214922565257,1024,1024,0
associative_recall,transformer_publication_20260622T101458Z_associative_recall_seed107,107,rslora,1024,1,gradient_norm,gradient_norm,gradient_norm,candidate,False,-0.1343854235019535,0.0,0.18063620185404877,960,1024,-64
associative_recall,transformer_publication_20260622T101458Z_associative_recall_seed107,107,rslora,1024,1,marginal_gain_edge,marginal_gain_edge,marginal_gain_edge,candidate,False,-0.13648886769078672,0.0,0.16781125421584495,1024,1024,0
associative_recall,transformer_publication_20260622T101458Z_associative_recall_seed107,107,rslora,1024,1,marginal_gain_soft,marginal_gain_soft,marginal_gain_soft,candidate,False,-0.13648886769078672,0.0,0.16781125421584495,1024,1024,0
associative_recall,transformer_publication_20260622T101458Z_associative_recall_seed107,107,fixed_update_scale,1024,2,uniform,uniform,uniform,cap_baseline,False,11.572607337497175,-1.0,153.37456716357008,0,1024,-1024
associative_recall,transformer_publication_20260622T101458Z_associative_recall_seed107,107,fixed_update_scale,1024,2,effective_rank,effective_rank,effective_rank,candidate,False,-0.05409153527580199,0.0,0.2877858865774099,1024,1024,0
associative_recall,transformer_publication_20260622T101458Z_associative_recall_seed107,107,fixed_update_scale,1024,2,soft_dimension,soft_dimension,soft_dimension,candidate,True,-0.05409153527580199,0.0,0.2877858865774099,1024,1024,0
associative_recall,transformer_publication_20260622T101458Z_associative_recall_seed107,107,fixed_update_scale,1024,2,gradient_norm,gradient_norm,gradient_norm,candidate,False,-0.0442746512126178,0.0,0.41704314178349117,960,1024,-64
associative_recall,transformer_publication_20260622T101458Z_associative_recall_seed107,107,fixed_update_scale,1024,2,marginal_gain_edge,marginal_gain_edge,marginal_gain_edge,candidate,False,-0.04869513353332879,0.0,0.35883939731787917,1024,1024,0
associative_recall,transformer_publication_20260622T101458Z_associative_recall_seed107,107,fixed_update_scale,1024,2,marginal_gain_soft,marginal_gain_soft,marginal_gain_soft,candidate,False,-0.04869513353332879,0.0,0.35883939731787917,1024,1024,0
associative_recall,transformer_publication_20260622T101458Z_associative_recall_seed107,107,standard,1024,2,uniform,uniform,uniform,cap_baseline,False,11.587603745050728,-1.0,191.11027918082334,0,1024,-1024
associative_recall,transformer_publication_20260622T101458Z_associative_recall_seed107,107,standard,1024,2,effective_rank,effective_rank,effective_rank,candidate,False,-0.0433080992661416,0.0,0.2894721787674536,1024,1024,0
associative_recall,transformer_publication_20260622T101458Z_associative_recall_seed107,107,standard,1024,2,soft_dimension,soft_dimension,soft_dimension,candidate,True,-0.0433080992661416,0.0,0.2894721787674536,1024,1024,0
associative_recall,transformer_publication_20260622T101458Z_associative_recall_seed107,107,standard,1024,2,gradient_norm,gradient_norm,gradient_norm,candidate,False,-0.0410658093169331,0.0,0.3262599717941572,960,1024,-64
associative_recall,transformer_publication_20260622T101458Z_associative_recall_seed107,107,standard,1024,2,marginal_gain_edge,marginal_gain_edge,marginal_gain_edge,candidate,False,-0.0404083281755447,0.0,0.33704683731834834,1024,1024,0
associative_recall,transformer_publication_20260622T101458Z_associative_recall_seed107,107,standard,1024,2,marginal_gain_soft,marginal_gain_soft,marginal_gain_soft,candidate,False,-0.0404083281755447,0.0,0.33704683731834834,1024,1024,0
associative_recall,transformer_publication_20260622T101458Z_associative_recall_seed107,107,rslora,1024,2,uniform,uniform,uniform,cap_baseline,False,11.55895770341158,-1.0,130.00902886971494,0,1024,-1024
associative_recall,transformer_publication_20260622T101458Z_associative_recall_seed107,107,rslora,1024,2,effective_rank,effective_rank,effective_rank,candidate,False,-0.0722185610793531,0.0,0.19397175158226368,1024,1024,0
associative_recall,transformer_publication_20260622T101458Z_associative_recall_seed107,107,rslora,1024,2,soft_dimension,soft_dimension,soft_dimension,candidate,True,-0.0722185610793531,0.0,0.19397175158226368,1024,1024,0
associative_recall,transformer_publication_20260622T101458Z_associative_recall_seed107,107,rslora,1024,2,gradient_norm,gradient_norm,gradient_norm,candidate,False,-0.0629765400663018,0.0,0.2971215498841766,960,1024,-64
associative_recall,transformer_publication_20260622T101458Z_associative_recall_seed107,107,rslora,1024,2,marginal_gain_edge,marginal_gain_edge,marginal_gain_edge,candidate,False,-0.0651299692690373,0.0,0.27308721934046365,1024,1024,0
associative_recall,transformer_publication_20260622T101458Z_associative_recall_seed107,107,rslora,1024,2,marginal_gain_soft,marginal_gain_soft,marginal_gain_soft,candidate,False,-0.0651299692690373,0.0,0.27308721934046365,1024,1024,0
associative_recall,transformer_publication_20260622T101458Z_associative_recall_seed107,107,fixed_update_scale,1536,0,uniform,uniform,uniform,cap_baseline,False,0.0013962566154077979,0.0,1.0894049620924946,1408,1536,-128
associative_recall,transformer_publication_20260622T101458Z_associative_recall_seed107,107,fixed_update_scale,1536,0,effective_rank,effective_rank,effective_rank,candidate,False,-0.0039946452016011,0.0,0.7442152832931768,1472,1536,-64
associative_recall,transformer_publication_20260622T101458Z_associative_recall_seed107,107,fixed_update_scale,1536,0,soft_dimension,soft_dimension,soft_dimension,candidate,True,-0.0032240025466308015,0.0,0.7935609956745328,1536,1536,0
associative_recall,transformer_publication_20260622T101458Z_associative_recall_seed107,107,fixed_update_scale,1536,0,gradient_norm,gradient_norm,gradient_norm,candidate,False,-0.009719250141643002,0.0,0.37765795993935214,1536,1536,0
associative_recall,transformer_publication_20260622T101458Z_associative_recall_seed107,107,fixed_update_scale,1536,0,marginal_gain_edge,marginal_gain_edge,marginal_gain_edge,candidate,False,-0.0047901241341605,0.0,0.6932792569022976,1472,1536,-64
associative_recall,transformer_publication_20260622T101458Z_associative_recall_seed107,107,fixed_update_scale,1536,0,marginal_gain_soft,marginal_gain_soft,marginal_gain_soft,candidate,False,-0.0099683065200224,0.0,0.36171040715987907,1536,1536,0
associative_recall,transformer_publication_20260622T101458Z_associative_recall_seed107,107,standard,1536,0,uniform,uniform,uniform,cap_baseline,False,0.0007087192498147002,0.0,1.0789242221798296,1408,1536,-128
associative_recall,transformer_publication_20260622T101458Z_associative_recall_seed107,107,standard,1536,0,effective_rank,effective_rank,effective_rank,candidate,False,-0.0024274355382659,0.0,0.7296765089992927,1472,1536,-64
associative_recall,transformer_publication_20260622T101458Z_associative_recall_seed107,107,standard,1536,0,soft_dimension,soft_dimension,soft_dimension,candidate,True,-0.0017737217131071,0.0,0.8024752303439563,1536,1536,0
associative_recall,transformer_publication_20260622T101458Z_associative_recall_seed107,107,standard,1536,0,gradient_norm,gradient_norm,gradient_norm,candidate,False,-0.0051351517613512,0.0,0.42814046796952265,1536,1536,0
associative_recall,transformer_publication_20260622T101458Z_associative_recall_seed107,107,standard,1536,0,marginal_gain_edge,marginal_gain_edge,marginal_gain_edge,candidate,False,-0.0018705221009441006,0.0,0.7916953688984847,1472,1536,-64
associative_recall,transformer_publication_20260622T101458Z_associative_recall_seed107,107,standard,1536,0,marginal_gain_soft,marginal_gain_soft,marginal_gain_soft,candidate,False,-0.0035142145934515005,0.0,0.6086508819484123,1536,1536,0
associative_recall,transformer_publication_20260622T101458Z_associative_recall_seed107,107,rslora,1536,0,uniform,uniform,uniform,cap_baseline,False,-0.0038249338977039,0.0,0.7052315629501599,1408,1536,-128
associative_recall,transformer_publication_20260622T101458Z_associative_recall_seed107,107,rslora,1536,0,effective_rank,effective_rank,effective_rank,candidate,False,-0.0038764412747696007,0.0,0.7012621481994089,1472,1536,-64
associative_recall,transformer_publication_20260622T101458Z_associative_recall_seed107,107,rslora,1536,0,soft_dimension,soft_dimension,soft_dimension,candidate,True,-0.005495117395185,0.0,0.5765189126650199,1536,1536,0
associative_recall,transformer_publication_20260622T101458Z_associative_recall_seed107,107,rslora,1536,0,gradient_norm,gradient_norm,gradient_norm,candidate,False,-0.0083384716417641,0.0,0.3573958873635172,1536,1536,0
associative_recall,transformer_publication_20260622T101458Z_associative_recall_seed107,107,rslora,1536,0,marginal_gain_edge,marginal_gain_edge,marginal_gain_edge,candidate,False,-0.0046091740950942005,0.0,0.6447941113656587,1472,1536,-64
associative_recall,transformer_publication_20260622T101458Z_associative_recall_seed107,107,rslora,1536,0,marginal_gain_soft,marginal_gain_soft,marginal_gain_soft,candidate,False,-0.007288039254490301,0.0,0.4383474335351002,1536,1536,0
associative_recall,transformer_publication_20260622T101458Z_associative_recall_seed107,107,fixed_update_scale,1536,1,uniform,uniform,uniform,cap_baseline,False,0.0019706770544872,0.0,1.1451423017271756,1408,1536,-128
associative_recall,transformer_publication_20260622T101458Z_associative_recall_seed107,107,fixed_update_scale,1536,1,effective_rank,effective_rank,effective_rank,candidate,False,-0.004286145209334801,0.0,0.6843211931639201,1472,1536,-64
associative_recall,transformer_publication_20260622T101458Z_associative_recall_seed107,107,fixed_update_scale,1536,1,soft_dimension,soft_dimension,soft_dimension,candidate,True,-0.0018182159401476002,0.0,0.8660866091736508,1536,1536,0
associative_recall,transformer_publication_20260622T101458Z_associative_recall_seed107,107,fixed_update_scale,1536,1,gradient_norm,gradient_norm,gradient_norm,candidate,False,-0.0063299309113063005,0.0,0.5337943677026957,1536,1536,0
associative_recall,transformer_publication_20260622T101458Z_associative_recall_seed107,107,fixed_update_scale,1536,1,marginal_gain_edge,marginal_gain_edge,marginal_gain_edge,candidate,False,-0.004397307871840901,0.0,0.6761339538262932,1472,1536,-64
associative_recall,transformer_publication_20260622T101458Z_associative_recall_seed107,107,fixed_update_scale,1536,1,marginal_gain_soft,marginal_gain_soft,marginal_gain_soft,candidate,False,-0.0082886608433909,0.0,0.389531983281393,1536,1536,0
associative_recall,transformer_publication_20260622T101458Z_associative_recall_seed107,107,standard,1536,1,uniform,uniform,uniform,cap_baseline,False,3.996468149120025e-05,0.0,1.0044667214522884,1408,1536,-128
associative_recall,transformer_publication_20260622T101458Z_associative_recall_seed107,107,standard,1536,1,effective_rank,effective_rank,effective_rank,candidate,False,-0.0027540805167519007,0.0,0.6921854480883608,1472,1536,-64
associative_recall,transformer_publication_20260622T101458Z_associative_recall_seed107,107,standard,1536,1,soft_dimension,soft_dimension,soft_dimension,candidate,True,-0.0024754733312875006,0.0,0.7233244599768839,1536,1536,0
associative_recall,transformer_publication_20260622T101458Z_associative_recall_seed107,107,standard,1536,1,gradient_norm,gradient_norm,gradient_norm,candidate,False,-0.0033362022950314003,0.0,0.6271236050343175,1536,1536,0
associative_recall,transformer_publication_20260622T101458Z_associative_recall_seed107,107,standard,1536,1,marginal_gain_edge,marginal_gain_edge,marginal_gain_edge,candidate,False,-0.0024116302956827002,0.0,0.7304599867989346,1472,1536,-64
associative_recall,transformer_publication_20260622T101458Z_associative_recall_seed107,107,standard,1536,1,marginal_gain_soft,marginal_gain_soft,marginal_gain_soft,candidate,False,-0.0041246200562455,0.0,0.5390047361736806,1536,1536,0
associative_recall,transformer_publication_20260622T101458Z_associative_recall_seed107,107,rslora,1536,1,uniform,uniform,uniform,cap_baseline,False,0.0021295688347891008,0.0,1.2045908290675067,1408,1536,-128
associative_recall,transformer_publication_20260622T101458Z_associative_recall_seed107,107,rslora,1536,1,effective_rank,effective_rank,effective_rank,candidate,False,-0.002928905596490899,0.0,0.7186157054623327,1472,1536,-64
associative_recall,transformer_publication_20260622T101458Z_associative_recall_seed107,107,rslora,1536,1,soft_dimension,soft_dimension,soft_dimension,candidate,True,-0.0007769883377476989,0.0,0.9253535806879291,1536,1536,0
associative_recall,transformer_publication_20260622T101458Z_associative_recall_seed107,107,rslora,1536,1,gradient_norm,gradient_norm,gradient_norm,candidate,False,-0.0041910498403012995,0.0,0.5973596403727419,1536,1536,0
associative_recall,transformer_publication_20260622T101458Z_associative_recall_seed107,107,rslora,1536,1,marginal_gain_edge,marginal_gain_edge,marginal_gain_edge,candidate,False,-0.002491341962013399,0.0,0.7606530912866838,1472,1536,-64
associative_recall,transformer_publication_20260622T101458Z_associative_recall_seed107,107,rslora,1536,1,marginal_gain_soft,marginal_gain_soft,marginal_gain_soft,candidate,False,-0.005342867283616199,0.0,0.4867028342566115,1536,1536,0
associative_recall,transformer_publication_20260622T101458Z_associative_recall_seed107,107,fixed_update_scale,1536,2,uniform,uniform,uniform,cap_baseline,False,-0.003542342223227,0.0,0.8448142289136614,1408,1536,-128
associative_recall,transformer_publication_20260622T101458Z_associative_recall_seed107,107,fixed_update_scale,1536,2,effective_rank,effective_rank,effective_rank,candidate,False,-0.007404343108646601,0.0,0.6756245946061132,1472,1536,-64
associative_recall,transformer_publication_20260622T101458Z_associative_recall_seed107,107,fixed_update_scale,1536,2,soft_dimension,soft_dimension,soft_dimension,candidate,True,-0.005749027710408,0.0,0.748141980075644,1536,1536,0
associative_recall,transformer_publication_20260622T101458Z_associative_recall_seed107,107,fixed_update_scale,1536,2,gradient_norm,gradient_norm,gradient_norm,candidate,False,-0.0166884840000421,0.0,0.2688974992796462,1536,1536,0
associative_recall,transformer_publication_20260622T101458Z_associative_recall_seed107,107,fixed_update_scale,1536,2,marginal_gain_edge,marginal_gain_edge,marginal_gain_edge,candidate,False,-0.0136784166097641,0.0,0.4007649472973021,1472,1536,-64
associative_recall,transformer_publication_20260622T101458Z_associative_recall_seed107,107,fixed_update_scale,1536,2,marginal_gain_soft,marginal_gain_soft,marginal_gain_soft,candidate,False,-0.0168860264238902,0.0,0.2602434022344417,1536,1536,0
associative_recall,transformer_publication_20260622T101458Z_associative_recall_seed107,107,standard,1536,2,uniform,uniform,uniform,cap_baseline,False,0.004771996289491601,0.0,1.228315542741076,1408,1536,-128
associative_recall,transformer_publication_20260622T101458Z_associative_recall_seed107,107,standard,1536,2,effective_rank,effective_rank,effective_rank,candidate,False,-0.0086181518854574,0.0,0.5876656422625042,1472,1536,-64
associative_recall,transformer_publication_20260622T101458Z_associative_recall_seed107,107,standard,1536,2,soft_dimension,soft_dimension,soft_dimension,candidate,True,-0.0129924608045258,0.0,0.37837740011246,1536,1536,0
associative_recall,transformer_publication_20260622T101458Z_associative_recall_seed107,107,standard,1536,2,gradient_norm,gradient_norm,gradient_norm,candidate,False,-0.016547317267395598,0.0,0.20829575430858016,1536,1536,0
associative_recall,transformer_publication_20260622T101458Z_associative_recall_seed107,107,standard,1536,2,marginal_gain_edge,marginal_gain_edge,marginal_gain_edge,candidate,False,-0.015238367195706799,0.0,0.2709223004977931,1472,1536,-64
associative_recall,transformer_publication_20260622T101458Z_associative_recall_seed107,107,standard,1536,2,marginal_gain_soft,marginal_gain_soft,marginal_gain_soft,candidate,False,-0.015596345008816598,0.0,0.25379489851942,1536,1536,0
associative_recall,transformer_publication_20260622T101458Z_associative_recall_seed107,107,rslora,1536,2,uniform,uniform,uniform,cap_baseline,False,0.0074724699370562996,0.0,1.4541429710050209,1408,1536,-128
associative_recall,transformer_publication_20260622T101458Z_associative_recall_seed107,107,rslora,1536,2,effective_rank,effective_rank,effective_rank,candidate,False,-0.005673097097314901,0.0,0.6552147827590332,1472,1536,-64
associative_recall,transformer_publication_20260622T101458Z_associative_recall_seed107,107,rslora,1536,2,soft_dimension,soft_dimension,soft_dimension,candidate,True,-0.0002561158034951015,-0.0009765625,0.9844344382914407,1536,1536,0
associative_recall,transformer_publication_20260622T101458Z_associative_recall_seed107,107,rslora,1536,2,gradient_norm,gradient_norm,gradient_norm,candidate,False,-0.011617938696872502,0.0,0.2939141620915795,1536,1536,0
associative_recall,transformer_publication_20260622T101458Z_associative_recall_seed107,107,rslora,1536,2,marginal_gain_edge,marginal_gain_edge,marginal_gain_edge,candidate,False,-0.010288625722751,0.0,0.37470380039702034,1472,1536,-64
associative_recall,transformer_publication_20260622T101458Z_associative_recall_seed107,107,rslora,1536,2,marginal_gain_soft,marginal_gain_soft,marginal_gain_soft,candidate,False,-0.010901795874815401,0.0,0.3374380881310937,1536,1536,0
associative_recall,transformer_publication_20260622T101458Z_associative_recall_seed107,107,fixed_update_scale,2048,0,uniform,uniform,uniform,cap_baseline,False,0.011637035408057201,0.0,2.3661857916360423,1408,2048,-640
associative_recall,transformer_publication_20260622T101458Z_associative_recall_seed107,107,fixed_update_scale,2048,0,effective_rank,effective_rank,effective_rank,candidate,False,-0.0018153606215492004,0.0,0.7868770008090792,2048,2048,0
associative_recall,transformer_publication_20260622T101458Z_associative_recall_seed107,107,fixed_update_scale,2048,0,soft_dimension,soft_dimension,soft_dimension,candidate,True,-0.0018153606215492004,0.0,0.7868770008090792,2048,2048,0
associative_recall,transformer_publication_20260622T101458Z_associative_recall_seed107,107,fixed_update_scale,2048,0,gradient_norm,gradient_norm,gradient_norm,candidate,False,-0.0043641004594975,0.0,0.48765541807067586,2048,2048,0
associative_recall,transformer_publication_20260622T101458Z_associative_recall_seed107,107,fixed_update_scale,2048,0,marginal_gain_edge,marginal_gain_edge,marginal_gain_edge,candidate,False,-0.0048869103484322,0.0,0.42627763438748184,2048,2048,0
associative_recall,transformer_publication_20260622T101458Z_associative_recall_seed107,107,fixed_update_scale,2048,0,marginal_gain_soft,marginal_gain_soft,marginal_gain_soft,candidate,False,-0.0048869103484322,0.0,0.42627763438748184,2048,2048,0
associative_recall,transformer_publication_20260622T101458Z_associative_recall_seed107,107,standard,2048,0,uniform,uniform,uniform,cap_baseline,False,0.0047067108098417,0.0,1.8148012539410305,1408,2048,-640
associative_recall,transformer_publication_20260622T101458Z_associative_recall_seed107,107,standard,2048,0,effective_rank,effective_rank,effective_rank,candidate,False,-0.0021380867110566,0.0,0.6298655677844452,2048,2048,0
associative_recall,transformer_publication_20260622T101458Z_associative_recall_seed107,107,standard,2048,0,soft_dimension,soft_dimension,soft_dimension,candidate,True,-0.0021380867110566,0.0,0.6298655677844452,2048,2048,0
associative_recall,transformer_publication_20260622T101458Z_associative_recall_seed107,107,standard,2048,0,gradient_norm,gradient_norm,gradient_norm,candidate,False,-0.0028060080367141,0.0,0.514238507685125,2048,2048,0
associative_recall,transformer_publication_20260622T101458Z_associative_recall_seed107,107,standard,2048,0,marginal_gain_edge,marginal_gain_edge,marginal_gain_edge,candidate,False,-0.0027997150318697,0.0,0.5153279198979069,2048,2048,0
associative_recall,transformer_publication_20260622T101458Z_associative_recall_seed107,107,standard,2048,0,marginal_gain_soft,marginal_gain_soft,marginal_gain_soft,candidate,False,-0.0027997150318697,0.0,0.5153279198979069,2048,2048,0
associative_recall,transformer_publication_20260622T101458Z_associative_recall_seed107,107,rslora,2048,0,uniform,uniform,uniform,cap_baseline,False,0.0065090528223663005,0.0,1.9043386984798933,1408,2048,-640
associative_recall,transformer_publication_20260622T101458Z_associative_recall_seed107,107,rslora,2048,0,effective_rank,effective_rank,effective_rank,candidate,False,-0.0033741330844351,0.0,0.5312130343156909,2048,2048,0
associative_recall,transformer_publication_20260622T101458Z_associative_recall_seed107,107,rslora,2048,0,soft_dimension,soft_dimension,soft_dimension,candidate,True,-0.0033741330844351,0.0,0.5312130343156909,2048,2048,0
associative_recall,transformer_publication_20260622T101458Z_associative_recall_seed107,107,rslora,2048,0,gradient_norm,gradient_norm,gradient_norm,candidate,False,-0.003653929597931,0.0,0.49233935764423514,2048,2048,0
associative_recall,transformer_publication_20260622T101458Z_associative_recall_seed107,107,rslora,2048,0,marginal_gain_edge,marginal_gain_edge,marginal_gain_edge,candidate,False,-0.0038346705550794,0.0,0.4672280171143279,2048,2048,0
associative_recall,transformer_publication_20260622T101458Z_associative_recall_seed107,107,rslora,2048,0,marginal_gain_soft,marginal_gain_soft,marginal_gain_soft,candidate,False,-0.0038346705550794,0.0,0.4672280171143279,2048,2048,0
associative_recall,transformer_publication_20260622T101458Z_associative_recall_seed107,107,fixed_update_scale,2048,1,uniform,uniform,uniform,cap_baseline,False,0.015027733985334699,0.0,2.6026893971241893,1408,2048,-640
associative_recall,transformer_publication_20260622T101458Z_associative_recall_seed107,107,fixed_update_scale,2048,1,effective_rank,effective_rank,effective_rank,candidate,False,0.00021168775856499934,0.0,1.0225762398032996,2048,2048,0
associative_recall,transformer_publication_20260622T101458Z_associative_recall_seed107,107,fixed_update_scale,2048,1,soft_dimension,soft_dimension,soft_dimension,candidate,True,0.00021168775856499934,0.0,1.0225762398032996,2048,2048,0
associative_recall,transformer_publication_20260622T101458Z_associative_recall_seed107,107,fixed_update_scale,2048,1,gradient_norm,gradient_norm,gradient_norm,candidate,False,-0.005125243042130001,0.0,0.4533991159730174,2048,2048,0
associative_recall,transformer_publication_20260622T101458Z_associative_recall_seed107,107,fixed_update_scale,2048,1,marginal_gain_edge,marginal_gain_edge,marginal_gain_edge,candidate,False,-0.0055781110422686,0.0,0.40510129922784,2048,2048,0
associative_recall,transformer_publication_20260622T101458Z_associative_recall_seed107,107,fixed_update_scale,2048,1,marginal_gain_soft,marginal_gain_soft,marginal_gain_soft,candidate,False,-0.0055781110422686,0.0,0.40510129922784,2048,2048,0
associative_recall,transformer_publication_20260622T101458Z_associative_recall_seed107,107,standard,2048,1,uniform,uniform,uniform,cap_baseline,False,0.013065847801044599,0.0,2.898218196465399,1408,2048,-640
associative_recall,transformer_publication_20260622T101458Z_associative_recall_seed107,107,standard,2048,1,effective_rank,effective_rank,effective_rank,candidate,False,-0.0007487281691282996,0.0,0.8912240937988016,2048,2048,0
associative_recall,transformer_publication_20260622T101458Z_associative_recall_seed107,107,standard,2048,1,soft_dimension,soft_dimension,soft_dimension,candidate,True,-0.0007487281691282996,0.0,0.8912240937988016,2048,2048,0
associative_recall,transformer_publication_20260622T101458Z_associative_recall_seed107,107,standard,2048,1,gradient_norm,gradient_norm,gradient_norm,candidate,False,-0.0036314149037935,0.0,0.4724247554188284,2048,2048,0
associative_recall,transformer_publication_20260622T101458Z_associative_recall_seed107,107,standard,2048,1,marginal_gain_edge,marginal_gain_edge,marginal_gain_edge,candidate,False,-0.003886910242727,0.0,0.4353061612900272,2048,2048,0
associative_recall,transformer_publication_20260622T101458Z_associative_recall_seed107,107,standard,2048,1,marginal_gain_soft,marginal_gain_soft,marginal_gain_soft,candidate,False,-0.003886910242727,0.0,0.4353061612900272,2048,2048,0
associative_recall,transformer_publication_20260622T101458Z_associative_recall_seed107,107,rslora,2048,1,uniform,uniform,uniform,cap_baseline,False,0.0352976695285179,0.0,5.877236994845716,1408,2048,-640
associative_recall,transformer_publication_20260622T101458Z_associative_recall_seed107,107,rslora,2048,1,effective_rank,effective_rank,effective_rank,candidate,False,-0.0014374305028468995,0.0,0.8013837933311586,2048,2048,0
associative_recall,transformer_publication_20260622T101458Z_associative_recall_seed107,107,rslora,2048,1,soft_dimension,soft_dimension,soft_dimension,candidate,True,-0.0014374305028468995,0.0,0.8013837933311586,2048,2048,0
associative_recall,transformer_publication_20260622T101458Z_associative_recall_seed107,107,rslora,2048,1,gradient_norm,gradient_norm,gradient_norm,candidate,False,-0.0036447878228500997,0.0,0.49638335206222073,2048,2048,0
associative_recall,transformer_publication_20260622T101458Z_associative_recall_seed107,107,rslora,2048,1,marginal_gain_edge,marginal_gain_edge,marginal_gain_edge,candidate,False,-0.0036125525657553,0.0,0.5008374418234186,2048,2048,0
associative_recall,transformer_publication_20260622T101458Z_associative_recall_seed107,107,rslora,2048,1,marginal_gain_soft,marginal_gain_soft,marginal_gain_soft,candidate,False,-0.0036125525657553,0.0,0.5008374418234186,2048,2048,0
associative_recall,transformer_publication_20260622T101458Z_associative_recall_seed107,107,fixed_update_scale,2048,2,uniform,uniform,uniform,cap_baseline,False,0.009449974400922701,0.0,2.3325638494040346,1408,2048,-640
associative_recall,transformer_publication_20260622T101458Z_associative_recall_seed107,107,fixed_update_scale,2048,2,effective_rank,effective_rank,effective_rank,candidate,False,-0.0022274702205321998,0.0,0.6858990124655342,2048,2048,0
associative_recall,transformer_publication_20260622T101458Z_associative_recall_seed107,107,fixed_update_scale,2048,2,soft_dimension,soft_dimension,soft_dimension,candidate,True,-0.0022274702205321998,0.0,0.6858990124655342,2048,2048,0
associative_recall,transformer_publication_20260622T101458Z_associative_recall_seed107,107,fixed_update_scale,2048,2,gradient_norm,gradient_norm,gradient_norm,candidate,False,-0.0035595881636254,0.0,0.4980538248706202,2048,2048,0
associative_recall,transformer_publication_20260622T101458Z_associative_recall_seed107,107,fixed_update_scale,2048,2,marginal_gain_edge,marginal_gain_edge,marginal_gain_edge,candidate,False,-0.0039167094801087,0.0,0.4476952803913085,2048,2048,0
associative_recall,transformer_publication_20260622T101458Z_associative_recall_seed107,107,fixed_update_scale,2048,2,marginal_gain_soft,marginal_gain_soft,marginal_gain_soft,candidate,False,-0.0039167094801087,0.0,0.4476952803913085,2048,2048,0
associative_recall,transformer_publication_20260622T101458Z_associative_recall_seed107,107,standard,2048,2,uniform,uniform,uniform,cap_baseline,False,0.007032803900074201,0.0,2.545441763763427,1408,2048,-640
associative_recall,transformer_publication_20260622T101458Z_associative_recall_seed107,107,standard,2048,2,effective_rank,effective_rank,effective_rank,candidate,False,-0.0014721976185682996,0.0,0.6764881096393851,2048,2048,0
associative_recall,transformer_publication_20260622T101458Z_associative_recall_seed107,107,standard,2048,2,soft_dimension,soft_dimension,soft_dimension,candidate,True,-0.0014721976185682996,0.0,0.6764881096393851,2048,2048,0
associative_recall,transformer_publication_20260622T101458Z_associative_recall_seed107,107,standard,2048,2,gradient_norm,gradient_norm,gradient_norm,candidate,False,-0.0016976996266749,0.0,0.6269345850292674,2048,2048,0
associative_recall,transformer_publication_20260622T101458Z_associative_recall_seed107,107,standard,2048,2,marginal_gain_edge,marginal_gain_edge,marginal_gain_edge,candidate,False,-0.0023321549233514998,0.0,0.48751455758977236,2048,2048,0
associative_recall,transformer_publication_20260622T101458Z_associative_recall_seed107,107,standard,2048,2,marginal_gain_soft,marginal_gain_soft,marginal_gain_soft,candidate,False,-0.0023321549233514998,0.0,0.48751455758977236,2048,2048,0
associative_recall,transformer_publication_20260622T101458Z_associative_recall_seed107,107,rslora,2048,2,uniform,uniform,uniform,cap_baseline,False,0.0091596551937983,0.0,2.5314573518200705,1408,2048,-640
associative_recall,transformer_publication_20260622T101458Z_associative_recall_seed107,107,rslora,2048,2,effective_rank,effective_rank,effective_rank,candidate,False,-0.0019388207001611,0.0,0.6758370099855926,2048,2048,0
associative_recall,transformer_publication_20260622T101458Z_associative_recall_seed107,107,rslora,2048,2,soft_dimension,soft_dimension,soft_dimension,candidate,True,-0.0019388207001611,0.0,0.6758370099855926,2048,2048,0
associative_recall,transformer_publication_20260622T101458Z_associative_recall_seed107,107,rslora,2048,2,gradient_norm,gradient_norm,gradient_norm,candidate,False,-0.0027476268005557,0.0,0.5406078968324161,2048,2048,0
associative_recall,transformer_publication_20260622T101458Z_associative_recall_seed107,107,rslora,2048,2,marginal_gain_edge,marginal_gain_edge,marginal_gain_edge,candidate,False,-0.003164667810779,0.0,0.4708803243852161,2048,2048,0
associative_recall,transformer_publication_20260622T101458Z_associative_recall_seed107,107,rslora,2048,2,marginal_gain_soft,marginal_gain_soft,marginal_gain_soft,candidate,False,-0.003164667810779,0.0,0.4708803243852161,2048,2048,0
associative_recall,transformer_publication_20260622T101458Z_associative_recall_seed107,107,fixed_update_scale,3072,0,uniform,uniform,uniform,cap_baseline,False,-0.00011446230928419988,0.0,0.967851125335867,2816,3072,-256
associative_recall,transformer_publication_20260622T101458Z_associative_recall_seed107,107,fixed_update_scale,3072,0,effective_rank,effective_rank,effective_rank,candidate,False,-0.0009255403419956999,0.0,0.7400447305537123,3072,3072,0
associative_recall,transformer_publication_20260622T101458Z_associative_recall_seed107,107,fixed_update_scale,3072,0,soft_dimension,soft_dimension,soft_dimension,candidate,True,-0.00032169430050999967,0.0,0.9096461550362107,3072,3072,0
associative_recall,transformer_publication_20260622T101458Z_associative_recall_seed107,107,fixed_update_scale,3072,0,gradient_norm,gradient_norm,gradient_norm,candidate,False,-0.0014759622281417997,0.0,0.5854484766360112,3072,3072,0
associative_recall,transformer_publication_20260622T101458Z_associative_recall_seed107,107,fixed_update_scale,3072,0,marginal_gain_edge,marginal_gain_edge,marginal_gain_edge,candidate,False,-0.0015135497378650996,0.0,0.5748913233985127,3072,3072,0
associative_recall,transformer_publication_20260622T101458Z_associative_recall_seed107,107,fixed_update_scale,3072,0,marginal_gain_soft,marginal_gain_soft,marginal_gain_soft,candidate,False,-0.0017112147907027999,0.0,0.5193734062002823,3008,3072,-64
associative_recall,transformer_publication_20260622T101458Z_associative_recall_seed107,107,standard,3072,0,uniform,uniform,uniform,cap_baseline,False,-0.00012876978144049991,0.0,0.9533165416930334,2816,3072,-256
associative_recall,transformer_publication_20260622T101458Z_associative_recall_seed107,107,standard,3072,0,effective_rank,effective_rank,effective_rank,candidate,False,-0.0008763271471252999,0.0,0.6823013801961754,3072,3072,0
associative_recall,transformer_publication_20260622T101458Z_associative_recall_seed107,107,standard,3072,0,soft_dimension,soft_dimension,soft_dimension,candidate,True,-0.0007073599699652,0.0,0.7435577718896266,3072,3072,0
associative_recall,transformer_publication_20260622T101458Z_associative_recall_seed107,107,standard,3072,0,gradient_norm,gradient_norm,gradient_norm,candidate,False,-0.0010046814422822,0.0,0.6357685499044199,3072,3072,0
associative_recall,transformer_publication_20260622T101458Z_associative_recall_seed107,107,standard,3072,0,marginal_gain_edge,marginal_gain_edge,marginal_gain_edge,candidate,False,-0.0011077012313762998,0.0,0.5984203461941485,3072,3072,0
associative_recall,transformer_publication_20260622T101458Z_associative_recall_seed107,107,standard,3072,0,marginal_gain_soft,marginal_gain_soft,marginal_gain_soft,candidate,False,-0.0007216227822936998,0.0,0.7383870136788948,3008,3072,-64
associative_recall,transformer_publication_20260622T101458Z_associative_recall_seed107,107,rslora,3072,0,uniform,uniform,uniform,cap_baseline,False,3.17533849738998e-05,0.0,1.010356348397501,2816,3072,-256
associative_recall,transformer_publication_20260622T101458Z_associative_recall_seed107,107,rslora,3072,0,effective_rank,effective_rank,effective_rank,candidate,False,-0.0008882775437087003,0.0,0.7102887857818818,3072,3072,0
associative_recall,transformer_publication_20260622T101458Z_associative_recall_seed107,107,rslora,3072,0,soft_dimension,soft_dimension,soft_dimension,candidate,True,-0.0003840287972707002,0.0,0.8747492268154157,3072,3072,0
associative_recall,transformer_publication_20260622T101458Z_associative_recall_seed107,107,rslora,3072,0,gradient_norm,gradient_norm,gradient_norm,candidate,False,-0.0011683865159284003,0.0,0.6189314042631041,3072,3072,0
associative_recall,transformer_publication_20260622T101458Z_associative_recall_seed107,107,rslora,3072,0,marginal_gain_edge,marginal_gain_edge,marginal_gain_edge,candidate,False,-0.0011703478812705001,0.0,0.6182917060755166,3072,3072,0
associative_recall,transformer_publication_20260622T101458Z_associative_recall_seed107,107,rslora,3072,0,marginal_gain_soft,marginal_gain_soft,marginal_gain_soft,candidate,False,-0.0009879752469714002,0.0,0.6777724367290834,3008,3072,-64
associative_recall,transformer_publication_20260622T101458Z_associative_recall_seed107,107,fixed_update_scale,3072,1,uniform,uniform,uniform,cap_baseline,False,-1.6539735952400027e-05,0.0,0.995219150861778,2816,3072,-256
associative_recall,transformer_publication_20260622T101458Z_associative_recall_seed107,107,fixed_update_scale,3072,1,effective_rank,effective_rank,effective_rank,candidate,False,-0.0009718241344672,0.0,0.719091974071291,3072,3072,0
associative_recall,transformer_publication_20260622T101458Z_associative_recall_seed107,107,fixed_update_scale,3072,1,soft_dimension,soft_dimension,soft_dimension,candidate,True,-0.0010986991983373,0.0,0.6824184418268295,3072,3072,0
associative_recall,transformer_publication_20260622T101458Z_associative_recall_seed107,107,fixed_update_scale,3072,1,gradient_norm,gradient_norm,gradient_norm,candidate,False,-0.0016025515942601001,0.0,0.5367787351367699,3072,3072,0
associative_recall,transformer_publication_20260622T101458Z_associative_recall_seed107,107,fixed_update_scale,3072,1,marginal_gain_edge,marginal_gain_edge,marginal_gain_edge,candidate,False,-0.0016267759492621,0.0,0.5297766289925974,3072,3072,0
associative_recall,transformer_publication_20260622T101458Z_associative_recall_seed107,107,fixed_update_scale,3072,1,marginal_gain_soft,marginal_gain_soft,marginal_gain_soft,candidate,False,-0.001574271635036,0.0,0.5449531231121639,3008,3072,-64
associative_recall,transformer_publication_20260622T101458Z_associative_recall_seed107,107,standard,3072,1,uniform,uniform,uniform,cap_baseline,False,-0.00011518801329659994,0.0,0.9525143997449419,2816,3072,-256
associative_recall,transformer_publication_20260622T101458Z_associative_recall_seed107,107,standard,3072,1,effective_rank,effective_rank,effective_rank,candidate,False,-0.0006882370362291002,0.0,0.716278214652864,3072,3072,0
associative_recall,transformer_publication_20260622T101458Z_associative_recall_seed107,107,standard,3072,1,soft_dimension,soft_dimension,soft_dimension,candidate,True,-0.0008567358891014001,0.0,0.646815525420372,3072,3072,0
associative_recall,transformer_publication_20260622T101458Z_associative_recall_seed107,107,standard,3072,1,gradient_norm,gradient_norm,gradient_norm,candidate,False,-0.0007466615352314,0.0,0.6921930487981358,3072,3072,0
associative_recall,transformer_publication_20260622T101458Z_associative_recall_seed107,107,standard,3072,1,marginal_gain_edge,marginal_gain_edge,marginal_gain_edge,candidate,False,-0.0007888110267231,0.0,0.6748171617883031,3072,3072,0
associative_recall,transformer_publication_20260622T101458Z_associative_recall_seed107,107,standard,3072,1,marginal_gain_soft,marginal_gain_soft,marginal_gain_soft,candidate,False,-0.00034153630258510013,0.0,0.8592036109227231,3008,3072,-64
associative_recall,transformer_publication_20260622T101458Z_associative_recall_seed107,107,rslora,3072,1,uniform,uniform,uniform,cap_baseline,False,-0.00017574697267260008,0.0,0.9408363725795719,2816,3072,-256
associative_recall,transformer_publication_20260622T101458Z_associative_recall_seed107,107,rslora,3072,1,effective_rank,effective_rank,effective_rank,candidate,False,-0.0009237822960131,0.0,0.6890170524830461,3072,3072,0
associative_recall,transformer_publication_20260622T101458Z_associative_recall_seed107,107,rslora,3072,1,soft_dimension,soft_dimension,soft_dimension,candidate,True,-0.0009342221019323998,0.0,0.6855025863254887,3072,3072,0
associative_recall,transformer_publication_20260622T101458Z_associative_recall_seed107,107,rslora,3072,1,gradient_norm,gradient_norm,gradient_norm,candidate,False,-0.0011774837039410999,0.0,0.6036107701076892,3072,3072,0
associative_recall,transformer_publication_20260622T101458Z_associative_recall_seed107,107,rslora,3072,1,marginal_gain_edge,marginal_gain_edge,marginal_gain_edge,candidate,False,-0.0011842472886200999,0.0,0.6013338705520972,3072,3072,0
associative_recall,transformer_publication_20260622T101458Z_associative_recall_seed107,107,rslora,3072,1,marginal_gain_soft,marginal_gain_soft,marginal_gain_soft,candidate,False,-0.0009443220042158001,0.0,0.6821025456500172,3008,3072,-64
associative_recall,transformer_publication_20260622T101458Z_associative_recall_seed107,107,fixed_update_scale,3072,2,uniform,uniform,uniform,cap_baseline,False,6.401364225890006e-05,0.0,1.0217928704525863,2816,3072,-256
associative_recall,transformer_publication_20260622T101458Z_associative_recall_seed107,107,fixed_update_scale,3072,2,effective_rank,effective_rank,effective_rank,candidate,False,-0.0004663688014261997,0.0,0.8412289238049716,3072,3072,0
associative_recall,transformer_publication_20260622T101458Z_associative_recall_seed107,107,fixed_update_scale,3072,2,soft_dimension,soft_dimension,soft_dimension,candidate,True,-0.00047826080117379993,0.0,0.8371803991346602,3072,3072,0
associative_recall,transformer_publication_20260622T101458Z_associative_recall_seed107,107,fixed_update_scale,3072,2,gradient_norm,gradient_norm,gradient_norm,candidate,False,-0.0008490238978993998,0.0,0.7109574277426938,3072,3072,0
associative_recall,transformer_publication_20260622T101458Z_associative_recall_seed107,107,fixed_update_scale,3072,2,marginal_gain_edge,marginal_gain_edge,marginal_gain_edge,candidate,False,-0.0009951966494554999,0.0,0.661194225307243,3072,3072,0
associative_recall,transformer_publication_20260622T101458Z_associative_recall_seed107,107,fixed_update_scale,3072,2,marginal_gain_soft,marginal_gain_soft,marginal_gain_soft,candidate,False,-0.0008009068842511997,0.0,0.727338433540794,3008,3072,-64
associative_recall,transformer_publication_20260622T101458Z_associative_recall_seed107,107,standard,3072,2,uniform,uniform,uniform,cap_baseline,False,1.6021862393199998e-05,0.0,1.0076622950894298,2816,3072,-256
associative_recall,transformer_publication_20260622T101458Z_associative_recall_seed107,107,standard,3072,2,effective_rank,effective_rank,effective_rank,candidate,False,-0.0003927067882614,0.0,0.8121919149325488,3072,3072,0
associative_recall,transformer_publication_20260622T101458Z_associative_recall_seed107,107,standard,3072,2,soft_dimension,soft_dimension,soft_dimension,candidate,True,-0.0002754023735178999,0.0,0.8682915754463629,3072,3072,0
associative_recall,transformer_publication_20260622T101458Z_associative_recall_seed107,107,standard,3072,2,gradient_norm,gradient_norm,gradient_norm,candidate,False,-0.0003155511949443999,0.0,0.849090804043331,3072,3072,0
associative_recall,transformer_publication_20260622T101458Z_associative_recall_seed107,107,standard,3072,2,marginal_gain_edge,marginal_gain_edge,marginal_gain_edge,candidate,False,-0.00038731508539060003,0.0,0.8147704427850991,3072,3072,0
associative_recall,transformer_publication_20260622T101458Z_associative_recall_seed107,107,standard,3072,2,marginal_gain_soft,marginal_gain_soft,marginal_gain_soft,candidate,False,7.474698941219984e-05,0.0,1.0357469984367014,3008,3072,-64
associative_recall,transformer_publication_20260622T101458Z_associative_recall_seed107,107,rslora,3072,2,uniform,uniform,uniform,cap_baseline,False,0.0001237238466274002,0.0,1.0522353601691314,2816,3072,-256
associative_recall,transformer_publication_20260622T101458Z_associative_recall_seed107,107,rslora,3072,2,effective_rank,effective_rank,effective_rank,candidate,False,-0.00030891160713509983,0.0,0.8695796364324025,3072,3072,0
associative_recall,transformer_publication_20260622T101458Z_associative_recall_seed107,107,rslora,3072,2,soft_dimension,soft_dimension,soft_dimension,candidate,True,-0.00020034229964950015,0.0,0.9154168540296085,3072,3072,0
associative_recall,transformer_publication_20260622T101458Z_associative_recall_seed107,107,rslora,3072,2,gradient_norm,gradient_norm,gradient_norm,candidate,False,-0.0005445088609122,0.0,0.7701120904308083,3072,3072,0
associative_recall,transformer_publication_20260622T101458Z_associative_recall_seed107,107,rslora,3072,2,marginal_gain_edge,marginal_gain_edge,marginal_gain_edge,candidate,False,-0.0006258003122639,0.0,0.7357913967587519,3072,3072,0
associative_recall,transformer_publication_20260622T101458Z_associative_recall_seed107,107,rslora,3072,2,marginal_gain_soft,marginal_gain_soft,marginal_gain_soft,candidate,False,-1.338782021780005e-05,0.0,0.9943477540504994,3008,3072,-64
associative_recall,transformer_publication_20260622T101458Z_associative_recall_seed107,107,fixed_update_scale,4096,0,uniform,uniform,uniform,cap_baseline,False,0.0009844549495029002,0.0,1.5467091796380426,2816,4096,-1280
associative_recall,transformer_publication_20260622T101458Z_associative_recall_seed107,107,fixed_update_scale,4096,0,effective_rank,effective_rank,effective_rank,candidate,False,-0.0002465130673954001,0.0,0.8631009403590797,4096,4096,0
associative_recall,transformer_publication_20260622T101458Z_associative_recall_seed107,107,fixed_update_scale,4096,0,soft_dimension,soft_dimension,soft_dimension,candidate,True,-0.0002465130673954001,0.0,0.8631009403590797,4096,4096,0
associative_recall,transformer_publication_20260622T101458Z_associative_recall_seed107,107,fixed_update_scale,4096,0,gradient_norm,gradient_norm,gradient_norm,candidate,False,-0.0005494293145602001,0.0,0.6948788261118757,4096,4096,0
associative_recall,transformer_publication_20260622T101458Z_associative_recall_seed107,107,fixed_update_scale,4096,0,marginal_gain_edge,marginal_gain_edge,marginal_gain_edge,candidate,False,-0.0005406328564277001,0.0,0.6997638687557953,4096,4096,0
associative_recall,transformer_publication_20260622T101458Z_associative_recall_seed107,107,fixed_update_scale,4096,0,marginal_gain_soft,marginal_gain_soft,marginal_gain_soft,candidate,False,-0.0007217178208520001,0.0,0.5991997826133229,4096,4096,0
associative_recall,transformer_publication_20260622T101458Z_associative_recall_seed107,107,standard,4096,0,uniform,uniform,uniform,cap_baseline,False,0.0005590821674558999,0.0,1.3549113401406587,2816,4096,-1280
associative_recall,transformer_publication_20260622T101458Z_associative_recall_seed107,107,standard,4096,0,effective_rank,effective_rank,effective_rank,candidate,False,-0.0002153897949029001,0.0,0.8632682542720524,4096,4096,0
associative_recall,transformer_publication_20260622T101458Z_associative_recall_seed107,107,standard,4096,0,soft_dimension,soft_dimension,soft_dimension,candidate,True,-0.0002153897949029001,0.0,0.8632682542720524,4096,4096,0
associative_recall,transformer_publication_20260622T101458Z_associative_recall_seed107,107,standard,4096,0,gradient_norm,gradient_norm,gradient_norm,candidate,False,-0.00011916144285350019,0.0,0.9243550414625481,4096,4096,0
associative_recall,transformer_publication_20260622T101458Z_associative_recall_seed107,107,standard,4096,0,marginal_gain_edge,marginal_gain_edge,marginal_gain_edge,candidate,False,-0.0002961362479255,0.0,0.8120095421863799,4096,4096,0
associative_recall,transformer_publication_20260622T101458Z_associative_recall_seed107,107,standard,4096,0,marginal_gain_soft,marginal_gain_soft,marginal_gain_soft,candidate,False,-0.00016352480452040013,0.0,0.8961927049423332,4096,4096,0
associative_recall,transformer_publication_20260622T101458Z_associative_recall_seed107,107,rslora,4096,0,uniform,uniform,uniform,cap_baseline,False,0.0006793433276470998,0.0,1.398629644468954,2816,4096,-1280
associative_recall,transformer_publication_20260622T101458Z_associative_recall_seed107,107,rslora,4096,0,effective_rank,effective_rank,effective_rank,candidate,False,-0.00020547916938080013,0.0,0.8794275517215436,4096,4096,0
associative_recall,transformer_publication_20260622T101458Z_associative_recall_seed107,107,rslora,4096,0,soft_dimension,soft_dimension,soft_dimension,candidate,True,-0.00020547916938080013,0.0,0.8794275517215436,4096,4096,0
associative_recall,transformer_publication_20260622T101458Z_associative_recall_seed107,107,rslora,4096,0,gradient_norm,gradient_norm,gradient_norm,candidate,False,-0.00035449123242869995,0.0,0.7919892516794969,4096,4096,0
associative_recall,transformer_publication_20260622T101458Z_associative_recall_seed107,107,rslora,4096,0,marginal_gain_edge,marginal_gain_edge,marginal_gain_edge,candidate,False,-0.0003834121598629001,0.0,0.775018835467804,4096,4096,0
associative_recall,transformer_publication_20260622T101458Z_associative_recall_seed107,107,rslora,4096,0,marginal_gain_soft,marginal_gain_soft,marginal_gain_soft,candidate,False,-0.00042072821815959996,0.0,0.7531222679349828,4096,4096,0
associative_recall,transformer_publication_20260622T101458Z_associative_recall_seed107,107,fixed_update_scale,4096,1,uniform,uniform,uniform,cap_baseline,False,0.0009686996927485,0.0,1.5544034669892517,2816,4096,-1280
associative_recall,transformer_publication_20260622T101458Z_associative_recall_seed107,107,fixed_update_scale,4096,1,effective_rank,effective_rank,effective_rank,candidate,False,-0.00043028935033359995,0.0,0.7537380166224174,4096,4096,0
associative_recall,transformer_publication_20260622T101458Z_associative_recall_seed107,107,fixed_update_scale,4096,1,soft_dimension,soft_dimension,soft_dimension,candidate,True,-0.00043028935033359995,0.0,0.7537380166224174,4096,4096,0
associative_recall,transformer_publication_20260622T101458Z_associative_recall_seed107,107,fixed_update_scale,4096,1,gradient_norm,gradient_norm,gradient_norm,candidate,False,-0.0005059469403932001,0.0,0.710437878770527,4096,4096,0
associative_recall,transformer_publication_20260622T101458Z_associative_recall_seed107,107,fixed_update_scale,4096,1,marginal_gain_edge,marginal_gain_edge,marginal_gain_edge,candidate,False,-0.0005333555309335,0.0,0.6947514717915829,4096,4096,0
associative_recall,transformer_publication_20260622T101458Z_associative_recall_seed107,107,fixed_update_scale,4096,1,marginal_gain_soft,marginal_gain_soft,marginal_gain_soft,candidate,False,-0.0005633943219436001,0.0,0.6775597559225363,4096,4096,0
associative_recall,transformer_publication_20260622T101458Z_associative_recall_seed107,107,standard,4096,1,uniform,uniform,uniform,cap_baseline,False,0.0005364314129110998,0.0,1.3384640559158685,2816,4096,-1280
associative_recall,transformer_publication_20260622T101458Z_associative_recall_seed107,107,standard,4096,1,effective_rank,effective_rank,effective_rank,candidate,False,-0.0005934237851761002,0.0,0.6255763246271036,4096,4096,0
associative_recall,transformer_publication_20260622T101458Z_associative_recall_seed107,107,standard,4096,1,soft_dimension,soft_dimension,soft_dimension,candidate,True,-0.0005934237851761002,0.0,0.6255763246271036,4096,4096,0
associative_recall,transformer_publication_20260622T101458Z_associative_recall_seed107,107,standard,4096,1,gradient_norm,gradient_norm,gradient_norm,candidate,False,-0.00037889640952920014,0.0,0.76093343444362,4096,4096,0
associative_recall,transformer_publication_20260622T101458Z_associative_recall_seed107,107,standard,4096,1,marginal_gain_edge,marginal_gain_edge,marginal_gain_edge,candidate,False,-0.0003198285849066,0.0,0.7982025708415023,4096,4096,0
associative_recall,transformer_publication_20260622T101458Z_associative_recall_seed107,107,standard,4096,1,marginal_gain_soft,marginal_gain_soft,marginal_gain_soft,candidate,False,-0.00019623761181720013,0.0,0.8761829072267611,4096,4096,0
associative_recall,transformer_publication_20260622T101458Z_associative_recall_seed107,107,rslora,4096,1,uniform,uniform,uniform,cap_baseline,False,0.0008199216390493999,0.0,1.5069744888058776,2816,4096,-1280
associative_recall,transformer_publication_20260622T101458Z_associative_recall_seed107,107,rslora,4096,1,effective_rank,effective_rank,effective_rank,candidate,False,-0.0005002411344322,0.0,0.6906905717204067,4096,4096,0
associative_recall,transformer_publication_20260622T101458Z_associative_recall_seed107,107,rslora,4096,1,soft_dimension,soft_dimension,soft_dimension,candidate,True,-0.0005002411344322,0.0,0.6906905717204067,4096,4096,0
associative_recall,transformer_publication_20260622T101458Z_associative_recall_seed107,107,rslora,4096,1,gradient_norm,gradient_norm,gradient_norm,candidate,False,-0.0003966841031798,0.0,0.7547220236068432,4096,4096,0
associative_recall,transformer_publication_20260622T101458Z_associative_recall_seed107,107,rslora,4096,1,marginal_gain_edge,marginal_gain_edge,marginal_gain_edge,candidate,False,-0.0003791466151597,0.0,0.7655658147699079,4096,4096,0
associative_recall,transformer_publication_20260622T101458Z_associative_recall_seed107,107,rslora,4096,1,marginal_gain_soft,marginal_gain_soft,marginal_gain_soft,candidate,False,-0.0003261391830165,0.0,0.7983414051847035,4096,4096,0
associative_recall,transformer_publication_20260622T101458Z_associative_recall_seed107,107,fixed_update_scale,4096,2,uniform,uniform,uniform,cap_baseline,False,0.0010500476346350998,0.0,1.511462367789137,2816,4096,-1280
associative_recall,transformer_publication_20260622T101458Z_associative_recall_seed107,107,fixed_update_scale,4096,2,effective_rank,effective_rank,effective_rank,candidate,False,-0.00026729055389300015,0.0,0.869806802022566,4096,4096,0
associative_recall,transformer_publication_20260622T101458Z_associative_recall_seed107,107,fixed_update_scale,4096,2,soft_dimension,soft_dimension,soft_dimension,candidate,True,-0.00026729055389300015,0.0,0.869806802022566,4096,4096,0
associative_recall,transformer_publication_20260622T101458Z_associative_recall_seed107,107,fixed_update_scale,4096,2,gradient_norm,gradient_norm,gradient_norm,candidate,False,-0.0006854066450615,0.0,0.6661487593337746,4096,4096,0
associative_recall,transformer_publication_20260622T101458Z_associative_recall_seed107,107,fixed_update_scale,4096,2,marginal_gain_edge,marginal_gain_edge,marginal_gain_edge,candidate,False,-0.0007428484823322002,0.0,0.6381697066398078,4096,4096,0
associative_recall,transformer_publication_20260622T101458Z_associative_recall_seed107,107,fixed_update_scale,4096,2,marginal_gain_soft,marginal_gain_soft,marginal_gain_soft,candidate,False,-0.0007309650536627002,0.0,0.6439579455389582,4096,4096,0
associative_recall,transformer_publication_20260622T101458Z_associative_recall_seed107,107,standard,4096,2,uniform,uniform,uniform,cap_baseline,False,0.0008580562716816002,0.0,1.4602164759982927,2816,4096,-1280
associative_recall,transformer_publication_20260622T101458Z_associative_recall_seed107,107,standard,4096,2,effective_rank,effective_rank,effective_rank,candidate,False,-0.0005900002433918,0.0,0.6835547483153117,4096,4096,0
associative_recall,transformer_publication_20260622T101458Z_associative_recall_seed107,107,standard,4096,2,soft_dimension,soft_dimension,soft_dimension,candidate,True,-0.0005900002433918,0.0,0.6835547483153117,4096,4096,0
associative_recall,transformer_publication_20260622T101458Z_associative_recall_seed107,107,standard,4096,2,gradient_norm,gradient_norm,gradient_norm,candidate,False,-0.0004981849051546,0.0,0.7327996904020413,4096,4096,0
associative_recall,transformer_publication_20260622T101458Z_associative_recall_seed107,107,standard,4096,2,marginal_gain_edge,marginal_gain_edge,marginal_gain_edge,candidate,False,-0.0004669732443289001,0.0,0.7495399917427763,4096,4096,0
associative_recall,transformer_publication_20260622T101458Z_associative_recall_seed107,107,standard,4096,2,marginal_gain_soft,marginal_gain_soft,marginal_gain_soft,candidate,False,-0.00035952335747420003,0.0,0.8071704874418216,4096,4096,0
associative_recall,transformer_publication_20260622T101458Z_associative_recall_seed107,107,rslora,4096,2,uniform,uniform,uniform,cap_baseline,False,0.0005962500581518002,0.0,1.2521485989140848,2816,4096,-1280
associative_recall,transformer_publication_20260622T101458Z_associative_recall_seed107,107,rslora,4096,2,effective_rank,effective_rank,effective_rank,candidate,False,-0.0008911764016374998,0.0,0.6231297959874038,4096,4096,0
associative_recall,transformer_publication_20260622T101458Z_associative_recall_seed107,107,rslora,4096,2,soft_dimension,soft_dimension,soft_dimension,candidate,True,-0.0008911764016374998,0.0,0.6231297959874038,4096,4096,0
associative_recall,transformer_publication_20260622T101458Z_associative_recall_seed107,107,rslora,4096,2,gradient_norm,gradient_norm,gradient_norm,candidate,False,-0.0009474523540120997,0.0,0.5993312196186305,4096,4096,0
associative_recall,transformer_publication_20260622T101458Z_associative_recall_seed107,107,rslora,4096,2,marginal_gain_edge,marginal_gain_edge,marginal_gain_edge,candidate,False,-0.0009712395112728997,0.0,0.5892718522551262,4096,4096,0
associative_recall,transformer_publication_20260622T101458Z_associative_recall_seed107,107,rslora,4096,2,marginal_gain_soft,marginal_gain_soft,marginal_gain_soft,candidate,False,-0.0009807813621591998,0.0,0.5852366923433847,4096,4096,0
associative_recall,transformer_publication_20260622T101458Z_associative_recall_seed107,107,fixed_update_scale,6144,0,uniform,uniform,uniform,cap_baseline,False,8.228681690530012e-05,0.0,1.0689842719910014,5632,6144,-512
associative_recall,transformer_publication_20260622T101458Z_associative_recall_seed107,107,fixed_update_scale,6144,0,effective_rank,effective_rank,effective_rank,candidate,False,-0.00020976512314519998,0.0,0.8241456547538134,6144,6144,0
associative_recall,transformer_publication_20260622T101458Z_associative_recall_seed107,107,fixed_update_scale,6144,0,soft_dimension,soft_dimension,soft_dimension,candidate,True,-0.00012674329627769998,0.0,0.8937461144776183,6144,6144,0
associative_recall,transformer_publication_20260622T101458Z_associative_recall_seed107,107,fixed_update_scale,6144,0,gradient_norm,gradient_norm,gradient_norm,candidate,False,-0.00016288440383509998,0.0,0.8634476038830843,6144,6144,0
associative_recall,transformer_publication_20260622T101458Z_associative_recall_seed107,107,fixed_update_scale,6144,0,marginal_gain_edge,marginal_gain_edge,marginal_gain_edge,candidate,False,-0.00014813002781009993,0.0,0.8758167770634915,6144,6144,0
associative_recall,transformer_publication_20260622T101458Z_associative_recall_seed107,107,fixed_update_scale,6144,0,marginal_gain_soft,marginal_gain_soft,marginal_gain_soft,candidate,False,-0.00020732225675599994,0.0,0.8261936056379046,6144,6144,0
associative_recall,transformer_publication_20260622T101458Z_associative_recall_seed107,107,standard,6144,0,uniform,uniform,uniform,cap_baseline,False,1.777766738090018e-05,0.0,1.0141390684539777,5632,6144,-512
associative_recall,transformer_publication_20260622T101458Z_associative_recall_seed107,107,standard,6144,0,effective_rank,effective_rank,effective_rank,candidate,False,-0.00016698073886799994,0.0,0.8671956198321626,6144,6144,0
associative_recall,transformer_publication_20260622T101458Z_associative_recall_seed107,107,standard,6144,0,soft_dimension,soft_dimension,soft_dimension,candidate,True,-0.00017413879686499988,0.0,0.8615026191786652,6144,6144,0
associative_recall,transformer_publication_20260622T101458Z_associative_recall_seed107,107,standard,6144,0,gradient_norm,gradient_norm,gradient_norm,candidate,False,-0.0002358667406952,0.0,0.8124086855011696,6144,6144,0
associative_recall,transformer_publication_20260622T101458Z_associative_recall_seed107,107,standard,6144,0,marginal_gain_edge,marginal_gain_edge,marginal_gain_edge,candidate,False,-7.562432438139983e-05,0.0,0.9398538921724225,6144,6144,0
associative_recall,transformer_publication_20260622T101458Z_associative_recall_seed107,107,standard,6144,0,marginal_gain_soft,marginal_gain_soft,marginal_gain_soft,candidate,False,-5.800250801260001e-05,0.0,0.9538690080244365,6144,6144,0
associative_recall,transformer_publication_20260622T101458Z_associative_recall_seed107,107,rslora,6144,0,uniform,uniform,uniform,cap_baseline,False,4.4049942516800064e-05,0.0,1.0357817952921806,5632,6144,-512
associative_recall,transformer_publication_20260622T101458Z_associative_recall_seed107,107,rslora,6144,0,effective_rank,effective_rank,effective_rank,candidate,False,-0.00014853887842029997,0.0,0.8793417780616123,6144,6144,0
associative_recall,transformer_publication_20260622T101458Z_associative_recall_seed107,107,rslora,6144,0,soft_dimension,soft_dimension,soft_dimension,candidate,True,-0.0001815835712477001,0.0,0.8524995538341443,6144,6144,0
associative_recall,transformer_publication_20260622T101458Z_associative_recall_seed107,107,rslora,6144,0,gradient_norm,gradient_norm,gradient_norm,candidate,False,-0.00021077205019530009,0.0,0.8287897345036237,6144,6144,0
associative_recall,transformer_publication_20260622T101458Z_associative_recall_seed107,107,rslora,6144,0,marginal_gain_edge,marginal_gain_edge,marginal_gain_edge,candidate,False,-0.00014096565428189998,0.0,0.8854935126687273,6144,6144,0
associative_recall,transformer_publication_20260622T101458Z_associative_recall_seed107,107,rslora,6144,0,marginal_gain_soft,marginal_gain_soft,marginal_gain_soft,candidate,False,-0.00010904061491599998,0.0,0.911426241703499,6144,6144,0
associative_recall,transformer_publication_20260622T101458Z_associative_recall_seed107,107,fixed_update_scale,6144,1,uniform,uniform,uniform,cap_baseline,False,3.2509866287000044e-05,0.0,1.0259942926516046,5632,6144,-512
associative_recall,transformer_publication_20260622T101458Z_associative_recall_seed107,107,fixed_update_scale,6144,1,effective_rank,effective_rank,effective_rank,candidate,False,-0.00034894607961179994,0.0,0.7209891165659341,6144,6144,0
associative_recall,transformer_publication_20260622T101458Z_associative_recall_seed107,107,fixed_update_scale,6144,1,soft_dimension,soft_dimension,soft_dimension,candidate,True,-0.0002441482938593,0.0,0.8047835034158106,6144,6144,0
associative_recall,transformer_publication_20260622T101458Z_associative_recall_seed107,107,fixed_update_scale,6144,1,gradient_norm,gradient_norm,gradient_norm,candidate,False,-0.00033207167143699994,0.0,0.7344815837617706,6144,6144,0
associative_recall,transformer_publication_20260622T101458Z_associative_recall_seed107,107,fixed_update_scale,6144,1,marginal_gain_edge,marginal_gain_edge,marginal_gain_edge,candidate,False,-0.00035563779238139987,0.0,0.7156385458026512,6144,6144,0
associative_recall,transformer_publication_20260622T101458Z_associative_recall_seed107,107,fixed_update_scale,6144,1,marginal_gain_soft,marginal_gain_soft,marginal_gain_soft,candidate,False,-0.0003027907005161999,0.0,0.7578941109164197,6144,6144,0
associative_recall,transformer_publication_20260622T101458Z_associative_recall_seed107,107,standard,6144,1,uniform,uniform,uniform,cap_baseline,False,0.00013516821491069988,0.0,1.11774279268361,5632,6144,-512
associative_recall,transformer_publication_20260622T101458Z_associative_recall_seed107,107,standard,6144,1,effective_rank,effective_rank,effective_rank,candidate,False,-0.00016200385289260005,0.0,0.8588811276550377,6144,6144,0
associative_recall,transformer_publication_20260622T101458Z_associative_recall_seed107,107,standard,6144,1,soft_dimension,soft_dimension,soft_dimension,candidate,True,-9.460411092729998e-05,0.0,0.9175919262728343,6144,6144,0
associative_recall,transformer_publication_20260622T101458Z_associative_recall_seed107,107,standard,6144,1,gradient_norm,gradient_norm,gradient_norm,candidate,False,-0.00015961511235210017,0.0,0.8609619199657214,6144,6144,0
associative_recall,transformer_publication_20260622T101458Z_associative_recall_seed107,107,standard,6144,1,marginal_gain_edge,marginal_gain_edge,marginal_gain_edge,candidate,False,-6.838618719480017e-05,0.0,0.940429925285175,6144,6144,0
associative_recall,transformer_publication_20260622T101458Z_associative_recall_seed107,107,standard,6144,1,marginal_gain_soft,marginal_gain_soft,marginal_gain_soft,candidate,False,4.1640247218399954e-05,0.0,1.0362721295000414,6144,6144,0
associative_recall,transformer_publication_20260622T101458Z_associative_recall_seed107,107,rslora,6144,1,uniform,uniform,uniform,cap_baseline,False,-1.5013807569600086e-05,0.0,0.9884347052173953,5632,6144,-512
associative_recall,transformer_publication_20260622T101458Z_associative_recall_seed107,107,rslora,6144,1,effective_rank,effective_rank,effective_rank,candidate,False,-0.00034381094883420007,0.0,0.7351587893796052,6144,6144,0
associative_recall,transformer_publication_20260622T101458Z_associative_recall_seed107,107,rslora,6144,1,soft_dimension,soft_dimension,soft_dimension,candidate,True,-0.00024754338664930006,0.0,0.8093147108212406,6144,6144,0
associative_recall,transformer_publication_20260622T101458Z_associative_recall_seed107,107,rslora,6144,1,gradient_norm,gradient_norm,gradient_norm,candidate,False,-0.00033378969965270006,0.0,0.7428782636260086,6144,6144,0
associative_recall,transformer_publication_20260622T101458Z_associative_recall_seed107,107,rslora,6144,1,marginal_gain_edge,marginal_gain_edge,marginal_gain_edge,candidate,False,-0.00032132813794299997,0.0,0.7524775364258091,6144,6144,0
associative_recall,transformer_publication_20260622T101458Z_associative_recall_seed107,107,rslora,6144,1,marginal_gain_soft,marginal_gain_soft,marginal_gain_soft,candidate,False,-0.0002510877675376,0.0,0.8065844367315408,6144,6144,0
associative_recall,transformer_publication_20260622T101458Z_associative_recall_seed107,107,fixed_update_scale,6144,2,uniform,uniform,uniform,cap_baseline,False,-1.706485636530008e-05,0.0,0.985094524332914,5632,6144,-512
associative_recall,transformer_publication_20260622T101458Z_associative_recall_seed107,107,fixed_update_scale,6144,2,effective_rank,effective_rank,effective_rank,candidate,False,-1.0022340575200142e-05,0.0,0.9912458827444536,6144,6144,0
associative_recall,transformer_publication_20260622T101458Z_associative_recall_seed107,107,fixed_update_scale,6144,2,soft_dimension,soft_dimension,soft_dimension,candidate,True,-0.0002732776119956001,0.0,0.7613028373187738,6144,6144,0
associative_recall,transformer_publication_20260622T101458Z_associative_recall_seed107,107,fixed_update_scale,6144,2,gradient_norm,gradient_norm,gradient_norm,candidate,False,-0.00032807478419270006,0.0,0.7134396792983029,6144,6144,0
associative_recall,transformer_publication_20260622T101458Z_associative_recall_seed107,107,fixed_update_scale,6144,2,marginal_gain_edge,marginal_gain_edge,marginal_gain_edge,candidate,False,-0.00024506831687180004,0.0,0.785942538529998,6144,6144,0
associative_recall,transformer_publication_20260622T101458Z_associative_recall_seed107,107,fixed_update_scale,6144,2,marginal_gain_soft,marginal_gain_soft,marginal_gain_soft,candidate,False,-0.0002309690244147,0.0,0.7982577116638175,6144,6144,0
associative_recall,transformer_publication_20260622T101458Z_associative_recall_seed107,107,standard,6144,2,uniform,uniform,uniform,cap_baseline,False,-4.190515028000552e-07,0.0,0.999628574803098,5632,6144,-512
associative_recall,transformer_publication_20260622T101458Z_associative_recall_seed107,107,standard,6144,2,effective_rank,effective_rank,effective_rank,candidate,False,-8.27020412544001e-05,0.0,0.9266972633390743,6144,6144,0
associative_recall,transformer_publication_20260622T101458Z_associative_recall_seed107,107,standard,6144,2,soft_dimension,soft_dimension,soft_dimension,candidate,True,-0.00015663968952140002,0.0,0.8611628233417341,6144,6144,0
associative_recall,transformer_publication_20260622T101458Z_associative_recall_seed107,107,standard,6144,2,gradient_norm,gradient_norm,gradient_norm,candidate,False,1.6210091416699957e-05,0.0,1.0143677718753366,6144,6144,0
associative_recall,transformer_publication_20260622T101458Z_associative_recall_seed107,107,standard,6144,2,marginal_gain_edge,marginal_gain_edge,marginal_gain_edge,candidate,False,-2.597685670480002e-05,0.0,0.9769754814097863,6144,6144,0
associative_recall,transformer_publication_20260622T101458Z_associative_recall_seed107,107,standard,6144,2,marginal_gain_soft,marginal_gain_soft,marginal_gain_soft,candidate,False,0.0001618458190933,0.0,1.1434516159059953,6144,6144,0
associative_recall,transformer_publication_20260622T101458Z_associative_recall_seed107,107,rslora,6144,2,uniform,uniform,uniform,cap_baseline,False,-5.003565456720006e-05,0.0,0.9575192292590878,5632,6144,-512
associative_recall,transformer_publication_20260622T101458Z_associative_recall_seed107,107,rslora,6144,2,effective_rank,effective_rank,effective_rank,candidate,False,-5.587370833390012e-05,0.0,0.952562663270664,6144,6144,0
associative_recall,transformer_publication_20260622T101458Z_associative_recall_seed107,107,rslora,6144,2,soft_dimension,soft_dimension,soft_dimension,candidate,True,-0.00023605152819080005,0.0,0.7995898936697674,6144,6144,0
associative_recall,transformer_publication_20260622T101458Z_associative_recall_seed107,107,rslora,6144,2,gradient_norm,gradient_norm,gradient_norm,candidate,False,-0.00018585551151780008,0.0,0.8422068134410249,6144,6144,0
associative_recall,transformer_publication_20260622T101458Z_associative_recall_seed107,107,rslora,6144,2,marginal_gain_edge,marginal_gain_edge,marginal_gain_edge,candidate,False,-0.00020009408035550008,0.0,0.8301181262097892,6144,6144,0
associative_recall,transformer_publication_20260622T101458Z_associative_recall_seed107,107,rslora,6144,2,marginal_gain_soft,marginal_gain_soft,marginal_gain_soft,candidate,False,-9.929663792720002e-05,0.0,0.9156961621144872,6144,6144,0
associative_recall,transformer_publication_20260622T101458Z_associative_recall_seed109,109,fixed_update_scale,512,0,uniform,uniform,uniform,cap_baseline,False,11.285033971071245,-0.9990234375,36.78038358779077,0,512,-512
associative_recall,transformer_publication_20260622T101458Z_associative_recall_seed109,109,fixed_update_scale,512,0,effective_rank,effective_rank,effective_rank,candidate,False,0.2539260610938072,-0.228515625,1.805099204146282,512,512,0
associative_recall,transformer_publication_20260622T101458Z_associative_recall_seed109,109,fixed_update_scale,512,0,soft_dimension,soft_dimension,soft_dimension,candidate,True,0.35335061699151993,-0.1904296875,2.1203351845771157,512,512,0
associative_recall,transformer_publication_20260622T101458Z_associative_recall_seed109,109,fixed_update_scale,512,0,gradient_norm,gradient_norm,gradient_norm,candidate,False,0.036368623375892584,0.0009765625,1.115310534136195,512,512,0
associative_recall,transformer_publication_20260622T101458Z_associative_recall_seed109,109,fixed_update_scale,512,0,marginal_gain_edge,marginal_gain_edge,marginal_gain_edge,candidate,False,0.01935069635510439,0.0009765625,1.0613534119659167,512,512,0
associative_recall,transformer_publication_20260622T101458Z_associative_recall_seed109,109,fixed_update_scale,512,0,marginal_gain_soft,marginal_gain_soft,marginal_gain_soft,candidate,False,0.01935069635510439,0.0009765625,1.0613534119659167,512,512,0
associative_recall,transformer_publication_20260622T101458Z_associative_recall_seed109,109,standard,512,0,uniform,uniform,uniform,cap_baseline,False,10.973236925899984,-0.9228515625,18.495754205384472,0,512,-512
associative_recall,transformer_publication_20260622T101458Z_associative_recall_seed109,109,standard,512,0,effective_rank,effective_rank,effective_rank,candidate,False,-0.18748487159609795,-0.0830078125,0.7010736893020862,512,512,0
associative_recall,transformer_publication_20260622T101458Z_associative_recall_seed109,109,standard,512,0,soft_dimension,soft_dimension,soft_dimension,candidate,True,0.0330410972237587,-0.1064453125,1.0526808014450741,512,512,0
associative_recall,transformer_publication_20260622T101458Z_associative_recall_seed109,109,standard,512,0,gradient_norm,gradient_norm,gradient_norm,candidate,False,-0.30839373916387564,0.0771484375,0.5082963126262678,512,512,0
associative_recall,transformer_publication_20260622T101458Z_associative_recall_seed109,109,standard,512,0,marginal_gain_edge,marginal_gain_edge,marginal_gain_edge,candidate,False,-0.12601330876350403,0.0771484375,0.7990840905357863,512,512,0
associative_recall,transformer_publication_20260622T101458Z_associative_recall_seed109,109,standard,512,0,marginal_gain_soft,marginal_gain_soft,marginal_gain_soft,candidate,False,-0.12601330876350403,0.0771484375,0.7990840905357863,512,512,0
associative_recall,transformer_publication_20260622T101458Z_associative_recall_seed109,109,rslora,512,0,uniform,uniform,uniform,cap_baseline,False,11.143897585570814,-1.0,25.409807163307725,0,512,-512
associative_recall,transformer_publication_20260622T101458Z_associative_recall_seed109,109,rslora,512,0,effective_rank,effective_rank,effective_rank,candidate,False,0.05684660375118261,-0.1884765625,1.1245178919494043,512,512,0
associative_recall,transformer_publication_20260622T101458Z_associative_recall_seed109,109,rslora,512,0,soft_dimension,soft_dimension,soft_dimension,candidate,True,0.18525872379541403,-0.1884765625,1.4057942643893127,512,512,0
associative_recall,transformer_publication_20260622T101458Z_associative_recall_seed109,109,rslora,512,0,gradient_norm,gradient_norm,gradient_norm,candidate,False,-0.12468382343649859,0.0,0.7268901600092241,512,512,0
associative_recall,transformer_publication_20260622T101458Z_associative_recall_seed109,109,rslora,512,0,marginal_gain_edge,marginal_gain_edge,marginal_gain_edge,candidate,False,-0.18130624294281,0.0,0.6028633255326957,512,512,0
associative_recall,transformer_publication_20260622T101458Z_associative_recall_seed109,109,rslora,512,0,marginal_gain_soft,marginal_gain_soft,marginal_gain_soft,candidate,False,-0.18130624294281,0.0,0.6028633255326957,512,512,0
associative_recall,transformer_publication_20260622T101458Z_associative_recall_seed109,109,fixed_update_scale,512,1,uniform,uniform,uniform,cap_baseline,False,11.370842877775429,-1.0,47.46225452713739,0,512,-512
associative_recall,transformer_publication_20260622T101458Z_associative_recall_seed109,109,fixed_update_scale,512,1,effective_rank,effective_rank,effective_rank,candidate,False,0.061638653278350886,0.0,1.2518609067166173,512,512,0
associative_recall,transformer_publication_20260622T101458Z_associative_recall_seed109,109,fixed_update_scale,512,1,soft_dimension,soft_dimension,soft_dimension,candidate,True,0.2127406112849713,-0.0625,1.869276669814903,512,512,0
associative_recall,transformer_publication_20260622T101458Z_associative_recall_seed109,109,fixed_update_scale,512,1,gradient_norm,gradient_norm,gradient_norm,candidate,False,0.1486491523683071,-0.001953125,1.607393385593127,512,512,0
associative_recall,transformer_publication_20260622T101458Z_associative_recall_seed109,109,fixed_update_scale,512,1,marginal_gain_edge,marginal_gain_edge,marginal_gain_edge,candidate,False,-0.004511658102273913,0.0,0.9815649719778484,512,512,0
associative_recall,transformer_publication_20260622T101458Z_associative_recall_seed109,109,fixed_update_scale,512,1,marginal_gain_soft,marginal_gain_soft,marginal_gain_soft,candidate,False,-0.004511658102273913,0.0,0.9815649719778484,512,512,0
associative_recall,transformer_publication_20260622T101458Z_associative_recall_seed109,109,standard,512,1,uniform,uniform,uniform,cap_baseline,False,10.887757107615469,-0.8369140625,15.959436141267487,0,512,-512
associative_recall,transformer_publication_20260622T101458Z_associative_recall_seed109,109,standard,512,1,effective_rank,effective_rank,effective_rank,candidate,False,-0.4110416993498803,0.1630859375,0.4352416212039022,512,512,0
associative_recall,transformer_publication_20260622T101458Z_associative_recall_seed109,109,standard,512,1,soft_dimension,soft_dimension,soft_dimension,candidate,True,-0.26207534968852997,0.1630859375,0.6399167046880843,512,512,0
associative_recall,transformer_publication_20260622T101458Z_associative_recall_seed109,109,standard,512,1,gradient_norm,gradient_norm,gradient_norm,candidate,False,-0.31164074689149857,0.1591796875,0.5718154064183292,512,512,0
associative_recall,transformer_publication_20260622T101458Z_associative_recall_seed109,109,standard,512,1,marginal_gain_edge,marginal_gain_edge,marginal_gain_edge,candidate,False,-0.43454986810684204,0.1630859375,0.40294213602601064,512,512,0
associative_recall,transformer_publication_20260622T101458Z_associative_recall_seed109,109,standard,512,1,marginal_gain_soft,marginal_gain_soft,marginal_gain_soft,candidate,False,-0.43454986810684204,0.1630859375,0.40294213602601064,512,512,0
associative_recall,transformer_publication_20260622T101458Z_associative_recall_seed109,109,rslora,512,1,uniform,uniform,uniform,cap_baseline,False,10.878529660403727,-0.8427734375,15.75963201975014,0,512,-512
associative_recall,transformer_publication_20260622T101458Z_associative_recall_seed109,109,rslora,512,1,effective_rank,effective_rank,effective_rank,candidate,False,-0.33043351769447327,0.068359375,0.5516786477207598,512,512,0
associative_recall,transformer_publication_20260622T101458Z_associative_recall_seed109,109,rslora,512,1,soft_dimension,soft_dimension,soft_dimension,candidate,True,-0.26234798878431326,0.1572265625,0.6440548588407033,512,512,0
associative_recall,transformer_publication_20260622T101458Z_associative_recall_seed109,109,rslora,512,1,gradient_norm,gradient_norm,gradient_norm,candidate,False,-0.32827064394950867,0.1572265625,0.5546131638343714,512,512,0
associative_recall,transformer_publication_20260622T101458Z_associative_recall_seed109,109,rslora,512,1,marginal_gain_edge,marginal_gain_edge,marginal_gain_edge,candidate,False,-0.4900058005005121,0.1572265625,0.33517621142724807,512,512,0
associative_recall,transformer_publication_20260622T101458Z_associative_recall_seed109,109,rslora,512,1,marginal_gain_soft,marginal_gain_soft,marginal_gain_soft,candidate,False,-0.4900058005005121,0.1572265625,0.33517621142724807,512,512,0
associative_recall,transformer_publication_20260622T101458Z_associative_recall_seed109,109,fixed_update_scale,512,2,uniform,uniform,uniform,cap_baseline,False,11.29729375243187,-1.0,35.58883304358315,0,512,-512
associative_recall,transformer_publication_20260622T101458Z_associative_recall_seed109,109,fixed_update_scale,512,2,effective_rank,effective_rank,effective_rank,candidate,False,-0.035610042512416895,0.0,0.8909730204305126,512,512,0
associative_recall,transformer_publication_20260622T101458Z_associative_recall_seed109,109,fixed_update_scale,512,2,soft_dimension,soft_dimension,soft_dimension,candidate,True,0.2240818366408348,-0.07421875,1.6860695495326814,512,512,0
associative_recall,transformer_publication_20260622T101458Z_associative_recall_seed109,109,fixed_update_scale,512,2,gradient_norm,gradient_norm,gradient_norm,candidate,False,0.058998532593250275,0.0,1.1806353307618518,512,512,0
associative_recall,transformer_publication_20260622T101458Z_associative_recall_seed109,109,fixed_update_scale,512,2,marginal_gain_edge,marginal_gain_edge,marginal_gain_edge,candidate,False,-0.03270895406603819,0.0,0.899855259497268,512,512,0
associative_recall,transformer_publication_20260622T101458Z_associative_recall_seed109,109,fixed_update_scale,512,2,marginal_gain_soft,marginal_gain_soft,marginal_gain_soft,candidate,False,-0.03270895406603819,0.0,0.899855259497268,512,512,0
associative_recall,transformer_publication_20260622T101458Z_associative_recall_seed109,109,standard,512,2,uniform,uniform,uniform,cap_baseline,False,10.900248683989048,-0.9287109375,16.062626969366512,0,512,-512
associative_recall,transformer_publication_20260622T101458Z_associative_recall_seed109,109,standard,512,2,effective_rank,effective_rank,effective_rank,candidate,False,-0.4382661171257496,0.0712890625,0.39437720854254854,512,512,0
associative_recall,transformer_publication_20260622T101458Z_associative_recall_seed109,109,standard,512,2,soft_dimension,soft_dimension,soft_dimension,candidate,True,-0.19737064838409424,-0.00390625,0.7272612270141671,512,512,0
associative_recall,transformer_publication_20260622T101458Z_associative_recall_seed109,109,standard,512,2,gradient_norm,gradient_norm,gradient_norm,candidate,False,-0.3001211471855641,0.0712890625,0.5852743348585572,512,512,0
associative_recall,transformer_publication_20260622T101458Z_associative_recall_seed109,109,standard,512,2,marginal_gain_edge,marginal_gain_edge,marginal_gain_edge,candidate,False,-0.4365846104919911,0.0712890625,0.3967008167376554,512,512,0
associative_recall,transformer_publication_20260622T101458Z_associative_recall_seed109,109,standard,512,2,marginal_gain_soft,marginal_gain_soft,marginal_gain_soft,candidate,False,-0.4365846104919911,0.0712890625,0.3967008167376554,512,512,0
associative_recall,transformer_publication_20260622T101458Z_associative_recall_seed109,109,rslora,512,2,uniform,uniform,uniform,cap_baseline,False,11.244599230587482,-0.9990234375,30.644776637844803,0,512,-512
associative_recall,transformer_publication_20260622T101458Z_associative_recall_seed109,109,rslora,512,2,effective_rank,effective_rank,effective_rank,candidate,False,-0.0925854779779911,0.0009765625,0.7559116373752479,512,512,0
associative_recall,transformer_publication_20260622T101458Z_associative_recall_seed109,109,rslora,512,2,soft_dimension,soft_dimension,soft_dimension,candidate,True,0.09125063940882688,-0.0732421875,1.2405692517681541,512,512,0
associative_recall,transformer_publication_20260622T101458Z_associative_recall_seed109,109,rslora,512,2,gradient_norm,gradient_norm,gradient_norm,candidate,False,0.006943646818399485,0.0009765625,1.0183059311196794,512,512,0
associative_recall,transformer_publication_20260622T101458Z_associative_recall_seed109,109,rslora,512,2,marginal_gain_edge,marginal_gain_edge,marginal_gain_edge,candidate,False,-0.11782306432723999,0.0009765625,0.6893763527590868,512,512,0
associative_recall,transformer_publication_20260622T101458Z_associative_recall_seed109,109,rslora,512,2,marginal_gain_soft,marginal_gain_soft,marginal_gain_soft,candidate,False,-0.11782306432723999,0.0009765625,0.6893763527590868,512,512,0
associative_recall,transformer_publication_20260622T101458Z_associative_recall_seed109,109,fixed_update_scale,1024,0,uniform,uniform,uniform,cap_baseline,False,11.567633881466463,-1.0,411.3747600480688,0,1024,-1024
associative_recall,transformer_publication_20260622T101458Z_associative_recall_seed109,109,fixed_update_scale,1024,0,effective_rank,effective_rank,effective_rank,candidate,False,-0.0034618575591594015,0.0,0.8771867280968498,1024,1024,0
associative_recall,transformer_publication_20260622T101458Z_associative_recall_seed109,109,fixed_update_scale,1024,0,soft_dimension,soft_dimension,soft_dimension,candidate,True,-0.0034618575591594015,0.0,0.8771867280968498,1024,1024,0
associative_recall,transformer_publication_20260622T101458Z_associative_recall_seed109,109,fixed_update_scale,1024,0,gradient_norm,gradient_norm,gradient_norm,candidate,False,-0.009791459422558501,0.0,0.6526370170229271,1024,1024,0
associative_recall,transformer_publication_20260622T101458Z_associative_recall_seed109,109,fixed_update_scale,1024,0,marginal_gain_edge,marginal_gain_edge,marginal_gain_edge,candidate,False,-0.009290909161791202,0.0,0.6703945978090452,1024,1024,0
associative_recall,transformer_publication_20260622T101458Z_associative_recall_seed109,109,fixed_update_scale,1024,0,marginal_gain_soft,marginal_gain_soft,marginal_gain_soft,candidate,False,-0.009290909161791202,0.0,0.6703945978090452,1024,1024,0
associative_recall,transformer_publication_20260622T101458Z_associative_recall_seed109,109,standard,1024,0,uniform,uniform,uniform,cap_baseline,False,11.575327886268497,-1.0,565.8162468074659,0,1024,-1024
associative_recall,transformer_publication_20260622T101458Z_associative_recall_seed109,109,standard,1024,0,effective_rank,effective_rank,effective_rank,candidate,False,-0.0084173971554264,0.0,0.589274471019032,1024,1024,0
associative_recall,transformer_publication_20260622T101458Z_associative_recall_seed109,109,standard,1024,0,soft_dimension,soft_dimension,soft_dimension,candidate,True,-0.0084173971554264,0.0,0.589274471019032,1024,1024,0
associative_recall,transformer_publication_20260622T101458Z_associative_recall_seed109,109,standard,1024,0,gradient_norm,gradient_norm,gradient_norm,candidate,False,-0.008048909599892799,0.0,0.6072547615262791,1024,1024,0
associative_recall,transformer_publication_20260622T101458Z_associative_recall_seed109,109,standard,1024,0,marginal_gain_edge,marginal_gain_edge,marginal_gain_edge,candidate,False,-0.007350427797064199,0.0,0.6413370678085023,1024,1024,0
associative_recall,transformer_publication_20260622T101458Z_associative_recall_seed109,109,standard,1024,0,marginal_gain_soft,marginal_gain_soft,marginal_gain_soft,candidate,False,-0.007350427797064199,0.0,0.6413370678085023,1024,1024,0
associative_recall,transformer_publication_20260622T101458Z_associative_recall_seed109,109,rslora,1024,0,uniform,uniform,uniform,cap_baseline,False,11.56951547623612,-1.0,440.79882223707017,0,1024,-1024
associative_recall,transformer_publication_20260622T101458Z_associative_recall_seed109,109,rslora,1024,0,effective_rank,effective_rank,effective_rank,candidate,False,-0.0085944598540664,0.0,0.6732937235490982,1024,1024,0
associative_recall,transformer_publication_20260622T101458Z_associative_recall_seed109,109,rslora,1024,0,soft_dimension,soft_dimension,soft_dimension,candidate,True,-0.0085944598540664,0.0,0.6732937235490982,1024,1024,0
associative_recall,transformer_publication_20260622T101458Z_associative_recall_seed109,109,rslora,1024,0,gradient_norm,gradient_norm,gradient_norm,candidate,False,-0.0120642820838839,0.0,0.5413933226048921,1024,1024,0
associative_recall,transformer_publication_20260622T101458Z_associative_recall_seed109,109,rslora,1024,0,marginal_gain_edge,marginal_gain_edge,marginal_gain_edge,candidate,False,-0.0086523867212236,0.0,0.6710917153488457,1024,1024,0
associative_recall,transformer_publication_20260622T101458Z_associative_recall_seed109,109,rslora,1024,0,marginal_gain_soft,marginal_gain_soft,marginal_gain_soft,candidate,False,-0.0086523867212236,0.0,0.6710917153488457,1024,1024,0
associative_recall,transformer_publication_20260622T101458Z_associative_recall_seed109,109,fixed_update_scale,1024,1,uniform,uniform,uniform,cap_baseline,False,11.607848416315392,-1.0,519.5881207396668,0,1024,-1024
associative_recall,transformer_publication_20260622T101458Z_associative_recall_seed109,109,fixed_update_scale,1024,1,effective_rank,effective_rank,effective_rank,candidate,False,-0.004832815844565599,0.0,0.7840908326136034,1024,1024,0
associative_recall,transformer_publication_20260622T101458Z_associative_recall_seed109,109,fixed_update_scale,1024,1,soft_dimension,soft_dimension,soft_dimension,candidate,True,-0.004832815844565599,0.0,0.7840908326136034,1024,1024,0
associative_recall,transformer_publication_20260622T101458Z_associative_recall_seed109,109,fixed_update_scale,1024,1,gradient_norm,gradient_norm,gradient_norm,candidate,False,-0.0096146850846708,0.0,0.5704577376669578,1024,1024,0
associative_recall,transformer_publication_20260622T101458Z_associative_recall_seed109,109,fixed_update_scale,1024,1,marginal_gain_edge,marginal_gain_edge,marginal_gain_edge,candidate,False,-0.0057592280209064,0.0,0.7427027706465243,1024,1024,0
associative_recall,transformer_publication_20260622T101458Z_associative_recall_seed109,109,fixed_update_scale,1024,1,marginal_gain_soft,marginal_gain_soft,marginal_gain_soft,candidate,False,-0.0057592280209064,0.0,0.7427027706465243,1024,1024,0
associative_recall,transformer_publication_20260622T101458Z_associative_recall_seed109,109,standard,1024,1,uniform,uniform,uniform,cap_baseline,False,11.609095925465226,-1.0,550.2556722809989,0,1024,-1024
associative_recall,transformer_publication_20260622T101458Z_associative_recall_seed109,109,standard,1024,1,effective_rank,effective_rank,effective_rank,candidate,False,-0.008935188758187,0.0,0.5772536345771515,1024,1024,0
associative_recall,transformer_publication_20260622T101458Z_associative_recall_seed109,109,standard,1024,1,soft_dimension,soft_dimension,soft_dimension,candidate,True,-0.008935188758187,0.0,0.5772536345771515,1024,1024,0
associative_recall,transformer_publication_20260622T101458Z_associative_recall_seed109,109,standard,1024,1,gradient_norm,gradient_norm,gradient_norm,candidate,False,-0.012416244368068898,0.0,0.4125560946886952,1024,1024,0
associative_recall,transformer_publication_20260622T101458Z_associative_recall_seed109,109,standard,1024,1,marginal_gain_edge,marginal_gain_edge,marginal_gain_edge,candidate,False,-0.005685050738975399,0.0,0.731025879565864,1024,1024,0
associative_recall,transformer_publication_20260622T101458Z_associative_recall_seed109,109,standard,1024,1,marginal_gain_soft,marginal_gain_soft,marginal_gain_soft,candidate,False,-0.005685050738975399,0.0,0.731025879565864,1024,1024,0
associative_recall,transformer_publication_20260622T101458Z_associative_recall_seed109,109,rslora,1024,1,uniform,uniform,uniform,cap_baseline,False,11.608862982597202,-1.0,544.2573489637588,0,1024,-1024
associative_recall,transformer_publication_20260622T101458Z_associative_recall_seed109,109,rslora,1024,1,effective_rank,effective_rank,effective_rank,candidate,False,-0.008201834047213198,0.0,0.6161806175325465,1024,1024,0
associative_recall,transformer_publication_20260622T101458Z_associative_recall_seed109,109,rslora,1024,1,soft_dimension,soft_dimension,soft_dimension,candidate,True,-0.008201834047213198,0.0,0.6161806175325465,1024,1024,0
associative_recall,transformer_publication_20260622T101458Z_associative_recall_seed109,109,rslora,1024,1,gradient_norm,gradient_norm,gradient_norm,candidate,False,-0.010905666509643199,0.0,0.4896499781595209,1024,1024,0
associative_recall,transformer_publication_20260622T101458Z_associative_recall_seed109,109,rslora,1024,1,marginal_gain_edge,marginal_gain_edge,marginal_gain_edge,candidate,False,-0.006146444589830899,0.0,0.7123662155001912,1024,1024,0
associative_recall,transformer_publication_20260622T101458Z_associative_recall_seed109,109,rslora,1024,1,marginal_gain_soft,marginal_gain_soft,marginal_gain_soft,candidate,False,-0.006146444589830899,0.0,0.7123662155001912,1024,1024,0
associative_recall,transformer_publication_20260622T101458Z_associative_recall_seed109,109,fixed_update_scale,1024,2,uniform,uniform,uniform,cap_baseline,False,11.537598258350046,-0.9990234375,214.00836955781025,0,1024,-1024
associative_recall,transformer_publication_20260622T101458Z_associative_recall_seed109,109,fixed_update_scale,1024,2,effective_rank,effective_rank,effective_rank,candidate,False,-0.0293894617352634,0.0009765625,0.45740862298793883,1024,1024,0
associative_recall,transformer_publication_20260622T101458Z_associative_recall_seed109,109,fixed_update_scale,1024,2,soft_dimension,soft_dimension,soft_dimension,candidate,True,-0.0293894617352634,0.0009765625,0.45740862298793883,1024,1024,0
associative_recall,transformer_publication_20260622T101458Z_associative_recall_seed109,109,fixed_update_scale,1024,2,gradient_norm,gradient_norm,gradient_norm,candidate,False,-0.0370865599252283,0.0009765625,0.31530397529107385,1024,1024,0
associative_recall,transformer_publication_20260622T101458Z_associative_recall_seed109,109,fixed_update_scale,1024,2,marginal_gain_edge,marginal_gain_edge,marginal_gain_edge,candidate,False,-0.0366230374202132,0.0009765625,0.3238615772144345,1024,1024,0
associative_recall,transformer_publication_20260622T101458Z_associative_recall_seed109,109,fixed_update_scale,1024,2,marginal_gain_soft,marginal_gain_soft,marginal_gain_soft,candidate,False,-0.0366230374202132,0.0009765625,0.3238615772144345,1024,1024,0
associative_recall,transformer_publication_20260622T101458Z_associative_recall_seed109,109,standard,1024,2,uniform,uniform,uniform,cap_baseline,False,11.573508148780094,-1.0,634.9873413969533,0,1024,-1024
associative_recall,transformer_publication_20260622T101458Z_associative_recall_seed109,109,standard,1024,2,effective_rank,effective_rank,effective_rank,candidate,False,-0.003350456245243499,0.0,0.8164647382554753,1024,1024,0
associative_recall,transformer_publication_20260622T101458Z_associative_recall_seed109,109,standard,1024,2,soft_dimension,soft_dimension,soft_dimension,candidate,True,-0.003350456245243499,0.0,0.8164647382554753,1024,1024,0
associative_recall,transformer_publication_20260622T101458Z_associative_recall_seed109,109,standard,1024,2,gradient_norm,gradient_norm,gradient_norm,candidate,False,-0.006268598255701299,0.0,0.6566112978598847,1024,1024,0
associative_recall,transformer_publication_20260622T101458Z_associative_recall_seed109,109,standard,1024,2,marginal_gain_edge,marginal_gain_edge,marginal_gain_edge,candidate,False,-0.0041583062848076,0.0,0.772211371666309,1024,1024,0
associative_recall,transformer_publication_20260622T101458Z_associative_recall_seed109,109,standard,1024,2,marginal_gain_soft,marginal_gain_soft,marginal_gain_soft,candidate,False,-0.0041583062848076,0.0,0.772211371666309,1024,1024,0
associative_recall,transformer_publication_20260622T101458Z_associative_recall_seed109,109,rslora,1024,2,uniform,uniform,uniform,cap_baseline,False,11.558617838658394,-0.9990234375,349.7244414193435,0,1024,-1024
associative_recall,transformer_publication_20260622T101458Z_associative_recall_seed109,109,rslora,1024,2,effective_rank,effective_rank,effective_rank,candidate,False,-0.014516874216496903,0.0009765625,0.5620247227682075,1024,1024,0
associative_recall,transformer_publication_20260622T101458Z_associative_recall_seed109,109,rslora,1024,2,soft_dimension,soft_dimension,soft_dimension,candidate,True,-0.014516874216496903,0.0009765625,0.5620247227682075,1024,1024,0
associative_recall,transformer_publication_20260622T101458Z_associative_recall_seed109,109,rslora,1024,2,gradient_norm,gradient_norm,gradient_norm,candidate,False,-0.019967568456195302,0.0009765625,0.3975768337023396,1024,1024,0
associative_recall,transformer_publication_20260622T101458Z_associative_recall_seed109,109,rslora,1024,2,marginal_gain_edge,marginal_gain_edge,marginal_gain_edge,candidate,False,-0.019631998729892103,0.0009765625,0.4077009996706046,1024,1024,0
associative_recall,transformer_publication_20260622T101458Z_associative_recall_seed109,109,rslora,1024,2,marginal_gain_soft,marginal_gain_soft,marginal_gain_soft,candidate,False,-0.019631998729892103,0.0009765625,0.4077009996706046,1024,1024,0
associative_recall,transformer_publication_20260622T101458Z_associative_recall_seed109,109,fixed_update_scale,1536,0,uniform,uniform,uniform,cap_baseline,False,0.0014519008109346015,0.0,1.1393152064194678,1408,1536,-128
associative_recall,transformer_publication_20260622T101458Z_associative_recall_seed109,109,fixed_update_scale,1536,0,effective_rank,effective_rank,effective_rank,candidate,False,-0.0036430986365303996,0.0,0.650431327861848,1536,1536,0
associative_recall,transformer_publication_20260622T101458Z_associative_recall_seed109,109,fixed_update_scale,1536,0,soft_dimension,soft_dimension,soft_dimension,candidate,True,-0.0036430986365303996,0.0,0.650431327861848,1536,1536,0
associative_recall,transformer_publication_20260622T101458Z_associative_recall_seed109,109,fixed_update_scale,1536,0,gradient_norm,gradient_norm,gradient_norm,candidate,False,-0.004666842054575699,0.0,0.5521993931928779,1536,1536,0
associative_recall,transformer_publication_20260622T101458Z_associative_recall_seed109,109,fixed_update_scale,1536,0,marginal_gain_edge,marginal_gain_edge,marginal_gain_edge,candidate,False,-0.005597439070697899,0.0,0.4629051973235673,1536,1536,0
associative_recall,transformer_publication_20260622T101458Z_associative_recall_seed109,109,fixed_update_scale,1536,0,marginal_gain_soft,marginal_gain_soft,marginal_gain_soft,candidate,False,-0.005597439070697899,0.0,0.4629051973235673,1536,1536,0
associative_recall,transformer_publication_20260622T101458Z_associative_recall_seed109,109,standard,1536,0,uniform,uniform,uniform,cap_baseline,False,-0.00033037568209689974,0.0,0.9511410860257266,1408,1536,-128
associative_recall,transformer_publication_20260622T101458Z_associative_recall_seed109,109,standard,1536,0,effective_rank,effective_rank,effective_rank,candidate,False,-0.0021326671121642002,0.0,0.6846020920558226,1536,1536,0
associative_recall,transformer_publication_20260622T101458Z_associative_recall_seed109,109,standard,1536,0,soft_dimension,soft_dimension,soft_dimension,candidate,True,-0.0021326671121642002,0.0,0.6846020920558226,1536,1536,0
associative_recall,transformer_publication_20260622T101458Z_associative_recall_seed109,109,standard,1536,0,gradient_norm,gradient_norm,gradient_norm,candidate,False,-0.0031058394815772997,0.0,0.5406806485115955,1536,1536,0
associative_recall,transformer_publication_20260622T101458Z_associative_recall_seed109,109,standard,1536,0,marginal_gain_edge,marginal_gain_edge,marginal_gain_edge,candidate,False,-0.0024982342729345,0.0,0.630538747119143,1536,1536,0
associative_recall,transformer_publication_20260622T101458Z_associative_recall_seed109,109,standard,1536,0,marginal_gain_soft,marginal_gain_soft,marginal_gain_soft,candidate,False,-0.0024982342729345,0.0,0.630538747119143,1536,1536,0
associative_recall,transformer_publication_20260622T101458Z_associative_recall_seed109,109,rslora,1536,0,uniform,uniform,uniform,cap_baseline,False,-0.003745642607100301,0.0,0.6968120349437644,1408,1536,-128
associative_recall,transformer_publication_20260622T101458Z_associative_recall_seed109,109,rslora,1536,0,effective_rank,effective_rank,effective_rank,candidate,False,-0.0053707078332082,0.0,0.56527246465659,1536,1536,0
associative_recall,transformer_publication_20260622T101458Z_associative_recall_seed109,109,rslora,1536,0,soft_dimension,soft_dimension,soft_dimension,candidate,True,-0.0053707078332082,0.0,0.56527246465659,1536,1536,0
associative_recall,transformer_publication_20260622T101458Z_associative_recall_seed109,109,rslora,1536,0,gradient_norm,gradient_norm,gradient_norm,candidate,False,-0.0086580990173389,0.0,0.29917728473444793,1536,1536,0
associative_recall,transformer_publication_20260622T101458Z_associative_recall_seed109,109,rslora,1536,0,marginal_gain_edge,marginal_gain_edge,marginal_gain_edge,candidate,False,-0.007862768834456801,0.0,0.36355463329373894,1536,1536,0
associative_recall,transformer_publication_20260622T101458Z_associative_recall_seed109,109,rslora,1536,0,marginal_gain_soft,marginal_gain_soft,marginal_gain_soft,candidate,False,-0.007862768834456801,0.0,0.36355463329373894,1536,1536,0
associative_recall,transformer_publication_20260622T101458Z_associative_recall_seed109,109,fixed_update_scale,1536,1,uniform,uniform,uniform,cap_baseline,False,-0.0009986426448449007,0.0,0.9406616280610256,1408,1536,-128
associative_recall,transformer_publication_20260622T101458Z_associative_recall_seed109,109,fixed_update_scale,1536,1,effective_rank,effective_rank,effective_rank,candidate,False,-0.005754599929787201,0.0,0.6580672848727163,1536,1536,0
associative_recall,transformer_publication_20260622T101458Z_associative_recall_seed109,109,fixed_update_scale,1536,1,soft_dimension,soft_dimension,soft_dimension,candidate,True,-0.005754599929787201,0.0,0.6580672848727163,1536,1536,0
associative_recall,transformer_publication_20260622T101458Z_associative_recall_seed109,109,fixed_update_scale,1536,1,gradient_norm,gradient_norm,gradient_norm,candidate,False,-0.011789965443313101,0.0,0.29945175260203116,1536,1536,0
associative_recall,transformer_publication_20260622T101458Z_associative_recall_seed109,109,fixed_update_scale,1536,1,marginal_gain_edge,marginal_gain_edge,marginal_gain_edge,candidate,False,-0.0124539791140705,0.0,0.25999670792577895,1536,1536,0
associative_recall,transformer_publication_20260622T101458Z_associative_recall_seed109,109,fixed_update_scale,1536,1,marginal_gain_soft,marginal_gain_soft,marginal_gain_soft,candidate,False,-0.0124539791140705,0.0,0.25999670792577895,1536,1536,0
associative_recall,transformer_publication_20260622T101458Z_associative_recall_seed109,109,standard,1536,1,uniform,uniform,uniform,cap_baseline,False,-0.004951970884576501,0.0,0.6515552081901813,1408,1536,-128
associative_recall,transformer_publication_20260622T101458Z_associative_recall_seed109,109,standard,1536,1,effective_rank,effective_rank,effective_rank,candidate,False,-0.0084653545054607,0.0,0.4043364234150121,1536,1536,0
associative_recall,transformer_publication_20260622T101458Z_associative_recall_seed109,109,standard,1536,1,soft_dimension,soft_dimension,soft_dimension,candidate,True,-0.0084653545054607,0.0,0.4043364234150121,1536,1536,0
associative_recall,transformer_publication_20260622T101458Z_associative_recall_seed109,109,standard,1536,1,gradient_norm,gradient_norm,gradient_norm,candidate,False,-0.0106689163658303,0.0,0.24928307767180358,1536,1536,0
associative_recall,transformer_publication_20260622T101458Z_associative_recall_seed109,109,standard,1536,1,marginal_gain_edge,marginal_gain_edge,marginal_gain_edge,candidate,False,-0.0098298240918666,0.0,0.30832569717127456,1536,1536,0
associative_recall,transformer_publication_20260622T101458Z_associative_recall_seed109,109,standard,1536,1,marginal_gain_soft,marginal_gain_soft,marginal_gain_soft,candidate,False,-0.0098298240918666,0.0,0.30832569717127456,1536,1536,0
associative_recall,transformer_publication_20260622T101458Z_associative_recall_seed109,109,rslora,1536,1,uniform,uniform,uniform,cap_baseline,False,0.0011373215820639996,0.0,1.078509707127386,1408,1536,-128
associative_recall,transformer_publication_20260622T101458Z_associative_recall_seed109,109,rslora,1536,1,effective_rank,effective_rank,effective_rank,candidate,False,-0.006095674005337101,0.0,0.5792134885592053,1536,1536,0
associative_recall,transformer_publication_20260622T101458Z_associative_recall_seed109,109,rslora,1536,1,soft_dimension,soft_dimension,soft_dimension,candidate,True,-0.006095674005337101,0.0,0.5792134885592053,1536,1536,0
associative_recall,transformer_publication_20260622T101458Z_associative_recall_seed109,109,rslora,1536,1,gradient_norm,gradient_norm,gradient_norm,candidate,False,-0.0103260457399301,0.0,0.28718944614181713,1536,1536,0
associative_recall,transformer_publication_20260622T101458Z_associative_recall_seed109,109,rslora,1536,1,marginal_gain_edge,marginal_gain_edge,marginal_gain_edge,candidate,False,-0.010093509743455801,0.0,0.3032414874181646,1536,1536,0
associative_recall,transformer_publication_20260622T101458Z_associative_recall_seed109,109,rslora,1536,1,marginal_gain_soft,marginal_gain_soft,marginal_gain_soft,candidate,False,-0.010093509743455801,0.0,0.3032414874181646,1536,1536,0
associative_recall,transformer_publication_20260622T101458Z_associative_recall_seed109,109,fixed_update_scale,1536,2,uniform,uniform,uniform,cap_baseline,False,-9.53224953263998e-05,0.0,0.9926348922329016,1408,1536,-128
associative_recall,transformer_publication_20260622T101458Z_associative_recall_seed109,109,fixed_update_scale,1536,2,effective_rank,effective_rank,effective_rank,candidate,False,-0.004467503400519499,0.0,0.6548176389839867,1536,1536,0
associative_recall,transformer_publication_20260622T101458Z_associative_recall_seed109,109,fixed_update_scale,1536,2,soft_dimension,soft_dimension,soft_dimension,candidate,True,-0.004467503400519499,0.0,0.6548176389839867,1536,1536,0
associative_recall,transformer_publication_20260622T101458Z_associative_recall_seed109,109,fixed_update_scale,1536,2,gradient_norm,gradient_norm,gradient_norm,candidate,False,-0.0073869992047548,0.0,0.4292423311811768,1536,1536,0
associative_recall,transformer_publication_20260622T101458Z_associative_recall_seed109,109,fixed_update_scale,1536,2,marginal_gain_edge,marginal_gain_edge,marginal_gain_edge,candidate,False,-0.0077938971226103,0.0,0.3978032988210607,1536,1536,0
associative_recall,transformer_publication_20260622T101458Z_associative_recall_seed109,109,fixed_update_scale,1536,2,marginal_gain_soft,marginal_gain_soft,marginal_gain_soft,candidate,False,-0.0077938971226103,0.0,0.3978032988210607,1536,1536,0
associative_recall,transformer_publication_20260622T101458Z_associative_recall_seed109,109,standard,1536,2,uniform,uniform,uniform,cap_baseline,False,4.897179314870045e-05,0.0,1.0078162850406283,1408,1536,-128
associative_recall,transformer_publication_20260622T101458Z_associative_recall_seed109,109,standard,1536,2,effective_rank,effective_rank,effective_rank,candidate,False,-0.0019390570232644998,0.0,0.6905111814499795,1536,1536,0
associative_recall,transformer_publication_20260622T101458Z_associative_recall_seed109,109,standard,1536,2,soft_dimension,soft_dimension,soft_dimension,candidate,True,-0.0019390570232644998,0.0,0.6905111814499795,1536,1536,0
associative_recall,transformer_publication_20260622T101458Z_associative_recall_seed109,109,standard,1536,2,gradient_norm,gradient_norm,gradient_norm,candidate,False,-0.0025117071345448,0.0,0.5991117000235363,1536,1536,0
associative_recall,transformer_publication_20260622T101458Z_associative_recall_seed109,109,standard,1536,2,marginal_gain_edge,marginal_gain_edge,marginal_gain_edge,candidate,False,-0.0016488771652802998,0.0,0.736826179068434,1536,1536,0
associative_recall,transformer_publication_20260622T101458Z_associative_recall_seed109,109,standard,1536,2,marginal_gain_soft,marginal_gain_soft,marginal_gain_soft,candidate,False,-0.0016488771652802998,0.0,0.736826179068434,1536,1536,0
associative_recall,transformer_publication_20260622T101458Z_associative_recall_seed109,109,rslora,1536,2,uniform,uniform,uniform,cap_baseline,False,0.001658941153436901,0.0,1.191087706146607,1408,1536,-128
associative_recall,transformer_publication_20260622T101458Z_associative_recall_seed109,109,rslora,1536,2,effective_rank,effective_rank,effective_rank,candidate,False,-0.0013564551481977,0.0,0.8437546128608273,1536,1536,0
associative_recall,transformer_publication_20260622T101458Z_associative_recall_seed109,109,rslora,1536,2,soft_dimension,soft_dimension,soft_dimension,candidate,True,-0.0013564551481977,0.0,0.8437546128608273,1536,1536,0
associative_recall,transformer_publication_20260622T101458Z_associative_recall_seed109,109,rslora,1536,2,gradient_norm,gradient_norm,gradient_norm,candidate,False,-0.0041930673760361995,0.0,0.517015040018172,1536,1536,0
associative_recall,transformer_publication_20260622T101458Z_associative_recall_seed109,109,rslora,1536,2,marginal_gain_edge,marginal_gain_edge,marginal_gain_edge,candidate,False,-0.0038646140601486002,0.0,0.5548484439211245,1536,1536,0
associative_recall,transformer_publication_20260622T101458Z_associative_recall_seed109,109,rslora,1536,2,marginal_gain_soft,marginal_gain_soft,marginal_gain_soft,candidate,False,-0.0038646140601486002,0.0,0.5548484439211245,1536,1536,0
associative_recall,transformer_publication_20260622T101458Z_associative_recall_seed109,109,fixed_update_scale,2048,0,uniform,uniform,uniform,cap_baseline,False,0.006503997719846601,0.0,2.034561410772883,1408,2048,-640
associative_recall,transformer_publication_20260622T101458Z_associative_recall_seed109,109,fixed_update_scale,2048,0,effective_rank,effective_rank,effective_rank,candidate,False,-0.0030329428846017,0.0,0.5175635348222237,2048,2048,0
associative_recall,transformer_publication_20260622T101458Z_associative_recall_seed109,109,fixed_update_scale,2048,0,soft_dimension,soft_dimension,soft_dimension,candidate,True,-0.0010670151677913998,0.0,0.830274737960337,2048,2048,0
associative_recall,transformer_publication_20260622T101458Z_associative_recall_seed109,109,fixed_update_scale,2048,0,gradient_norm,gradient_norm,gradient_norm,candidate,False,-0.0030331847374327997,0.0,0.5175250643895883,2048,2048,0
associative_recall,transformer_publication_20260622T101458Z_associative_recall_seed109,109,fixed_update_scale,2048,0,marginal_gain_edge,marginal_gain_edge,marginal_gain_edge,candidate,False,-0.0031091929413378998,0.0,0.5054347842189139,2048,2048,0
associative_recall,transformer_publication_20260622T101458Z_associative_recall_seed109,109,fixed_update_scale,2048,0,marginal_gain_soft,marginal_gain_soft,marginal_gain_soft,candidate,False,-0.0031091929413378998,0.0,0.5054347842189139,2048,2048,0
associative_recall,transformer_publication_20260622T101458Z_associative_recall_seed109,109,standard,2048,0,uniform,uniform,uniform,cap_baseline,False,0.0183186197536997,-0.0009765625,4.281685510990723,1408,2048,-640
associative_recall,transformer_publication_20260622T101458Z_associative_recall_seed109,109,standard,2048,0,effective_rank,effective_rank,effective_rank,candidate,False,-0.0028171309677419002,0.0,0.4953256302219645,2048,2048,0
associative_recall,transformer_publication_20260622T101458Z_associative_recall_seed109,109,standard,2048,0,soft_dimension,soft_dimension,soft_dimension,candidate,True,-0.0026028334686999,0.0,0.5337159132838556,2048,2048,0
associative_recall,transformer_publication_20260622T101458Z_associative_recall_seed109,109,standard,2048,0,gradient_norm,gradient_norm,gradient_norm,candidate,False,-0.0021412493661046,0.0,0.6164063060076153,2048,2048,0
associative_recall,transformer_publication_20260622T101458Z_associative_recall_seed109,109,standard,2048,0,marginal_gain_edge,marginal_gain_edge,marginal_gain_edge,candidate,False,-0.0028866962820757,0.0,0.48286336575083055,2048,2048,0
associative_recall,transformer_publication_20260622T101458Z_associative_recall_seed109,109,standard,2048,0,marginal_gain_soft,marginal_gain_soft,marginal_gain_soft,candidate,False,-0.0028866962820757,0.0,0.48286336575083055,2048,2048,0
associative_recall,transformer_publication_20260622T101458Z_associative_recall_seed109,109,rslora,2048,0,uniform,uniform,uniform,cap_baseline,False,0.0040782338473946,0.0,1.6868218379851436,1408,2048,-640
associative_recall,transformer_publication_20260622T101458Z_associative_recall_seed109,109,rslora,2048,0,effective_rank,effective_rank,effective_rank,candidate,False,-0.0027040967543144,0.0,0.5445987718251175,2048,2048,0
associative_recall,transformer_publication_20260622T101458Z_associative_recall_seed109,109,rslora,2048,0,soft_dimension,soft_dimension,soft_dimension,candidate,True,-0.0015785114374011998,0.0,0.7341603823407328,2048,2048,0
associative_recall,transformer_publication_20260622T101458Z_associative_recall_seed109,109,rslora,2048,0,gradient_norm,gradient_norm,gradient_norm,candidate,False,-0.0026852433511521,0.0,0.5477739033886198,2048,2048,0
associative_recall,transformer_publication_20260622T101458Z_associative_recall_seed109,109,rslora,2048,0,marginal_gain_edge,marginal_gain_edge,marginal_gain_edge,candidate,False,-0.0028195045015308997,0.0,0.5251627698627485,2048,2048,0
associative_recall,transformer_publication_20260622T101458Z_associative_recall_seed109,109,rslora,2048,0,marginal_gain_soft,marginal_gain_soft,marginal_gain_soft,candidate,False,-0.0028195045015308997,0.0,0.5251627698627485,2048,2048,0
associative_recall,transformer_publication_20260622T101458Z_associative_recall_seed109,109,fixed_update_scale,2048,1,uniform,uniform,uniform,cap_baseline,False,0.010110735660418901,0.0,2.5689985864470626,1408,2048,-640
associative_recall,transformer_publication_20260622T101458Z_associative_recall_seed109,109,fixed_update_scale,2048,1,effective_rank,effective_rank,effective_rank,candidate,False,-0.0025553201849106,0.0,0.6034617170598378,2048,2048,0
associative_recall,transformer_publication_20260622T101458Z_associative_recall_seed109,109,fixed_update_scale,2048,1,soft_dimension,soft_dimension,soft_dimension,candidate,True,-0.0022994519677013003,0.0,0.6431677171573112,2048,2048,0
associative_recall,transformer_publication_20260622T101458Z_associative_recall_seed109,109,fixed_update_scale,2048,1,gradient_norm,gradient_norm,gradient_norm,candidate,False,-0.0031557990878355,0.0,0.5102785322230762,2048,2048,0
associative_recall,transformer_publication_20260622T101458Z_associative_recall_seed109,109,fixed_update_scale,2048,1,marginal_gain_edge,marginal_gain_edge,marginal_gain_edge,candidate,False,-0.0029047366406303,0.0,0.5492387659790617,2048,2048,0
associative_recall,transformer_publication_20260622T101458Z_associative_recall_seed109,109,fixed_update_scale,2048,1,marginal_gain_soft,marginal_gain_soft,marginal_gain_soft,candidate,False,-0.0029047366406303,0.0,0.5492387659790617,2048,2048,0
associative_recall,transformer_publication_20260622T101458Z_associative_recall_seed109,109,standard,2048,1,uniform,uniform,uniform,cap_baseline,False,0.0020448549767025006,0.0,1.3496228742341978,1408,2048,-640
associative_recall,transformer_publication_20260622T101458Z_associative_recall_seed109,109,standard,2048,1,effective_rank,effective_rank,effective_rank,candidate,False,-0.00314381471253,0.0,0.46248044561724033,2048,2048,0
associative_recall,transformer_publication_20260622T101458Z_associative_recall_seed109,109,standard,2048,1,soft_dimension,soft_dimension,soft_dimension,candidate,True,-0.002977871481562,0.0,0.4908528974692047,2048,2048,0
associative_recall,transformer_publication_20260622T101458Z_associative_recall_seed109,109,standard,2048,1,gradient_norm,gradient_norm,gradient_norm,candidate,False,-0.003580716176657,0.0,0.38778040703967115,2048,2048,0
associative_recall,transformer_publication_20260622T101458Z_associative_recall_seed109,109,standard,2048,1,marginal_gain_edge,marginal_gain_edge,marginal_gain_edge,candidate,False,-0.0034392511006444,0.0,0.41196766092456133,2048,2048,0
associative_recall,transformer_publication_20260622T101458Z_associative_recall_seed109,109,standard,2048,1,marginal_gain_soft,marginal_gain_soft,marginal_gain_soft,candidate,False,-0.0034392511006444,0.0,0.41196766092456133,2048,2048,0
associative_recall,transformer_publication_20260622T101458Z_associative_recall_seed109,109,rslora,2048,1,uniform,uniform,uniform,cap_baseline,False,0.0035290449741297,0.0,1.690131395300004,1408,2048,-640
associative_recall,transformer_publication_20260622T101458Z_associative_recall_seed109,109,rslora,2048,1,effective_rank,effective_rank,effective_rank,candidate,False,-0.0016699138795957004,0.0,0.6734357300049902,2048,2048,0
associative_recall,transformer_publication_20260622T101458Z_associative_recall_seed109,109,rslora,2048,1,soft_dimension,soft_dimension,soft_dimension,candidate,True,-0.0018814147333614003,0.0,0.6320751408409315,2048,2048,0
associative_recall,transformer_publication_20260622T101458Z_associative_recall_seed109,109,rslora,2048,1,gradient_norm,gradient_norm,gradient_norm,candidate,False,-0.0026368998805992,0.0,0.4843343150328868,2048,2048,0
associative_recall,transformer_publication_20260622T101458Z_associative_recall_seed109,109,rslora,2048,1,marginal_gain_edge,marginal_gain_edge,marginal_gain_edge,candidate,False,-0.0021192713174969006,0.0,0.5855604895700995,2048,2048,0
associative_recall,transformer_publication_20260622T101458Z_associative_recall_seed109,109,rslora,2048,1,marginal_gain_soft,marginal_gain_soft,marginal_gain_soft,candidate,False,-0.0021192713174969006,0.0,0.5855604895700995,2048,2048,0
associative_recall,transformer_publication_20260622T101458Z_associative_recall_seed109,109,fixed_update_scale,2048,2,uniform,uniform,uniform,cap_baseline,False,0.004731823981273999,0.0,1.814274339239717,1408,2048,-640
associative_recall,transformer_publication_20260622T101458Z_associative_recall_seed109,109,fixed_update_scale,2048,2,effective_rank,effective_rank,effective_rank,candidate,False,-0.0028548918198794,0.0,0.5087169008329686,2048,2048,0
associative_recall,transformer_publication_20260622T101458Z_associative_recall_seed109,109,fixed_update_scale,2048,2,soft_dimension,soft_dimension,soft_dimension,candidate,True,-0.0025755133247003,0.0,0.556793655264248,2048,2048,0
associative_recall,transformer_publication_20260622T101458Z_associative_recall_seed109,109,fixed_update_scale,2048,2,gradient_norm,gradient_norm,gradient_norm,candidate,False,-0.0032794020953588,0.0,0.43566519277399923,2048,2048,0
associative_recall,transformer_publication_20260622T101458Z_associative_recall_seed109,109,fixed_update_scale,2048,2,marginal_gain_edge,marginal_gain_edge,marginal_gain_edge,candidate,False,-0.0032802907226141,0.0,0.4355122736514783,2048,2048,0
associative_recall,transformer_publication_20260622T101458Z_associative_recall_seed109,109,fixed_update_scale,2048,2,marginal_gain_soft,marginal_gain_soft,marginal_gain_soft,candidate,False,-0.0032802907226141,0.0,0.4355122736514783,2048,2048,0
associative_recall,transformer_publication_20260622T101458Z_associative_recall_seed109,109,standard,2048,2,uniform,uniform,uniform,cap_baseline,False,0.0007209136965684992,0.0,1.15625046757676,1408,2048,-640
associative_recall,transformer_publication_20260622T101458Z_associative_recall_seed109,109,standard,2048,2,effective_rank,effective_rank,effective_rank,candidate,False,-0.0021251595171634004,0.0,0.5393940081696981,2048,2048,0
associative_recall,transformer_publication_20260622T101458Z_associative_recall_seed109,109,standard,2048,2,soft_dimension,soft_dimension,soft_dimension,candidate,True,-0.0028033315174980002,0.0,0.392407354074856,2048,2048,0
associative_recall,transformer_publication_20260622T101458Z_associative_recall_seed109,109,standard,2048,2,gradient_norm,gradient_norm,gradient_norm,candidate,False,-0.0026872421003645004,0.0,0.4175685152431948,2048,2048,0
associative_recall,transformer_publication_20260622T101458Z_associative_recall_seed109,109,standard,2048,2,marginal_gain_edge,marginal_gain_edge,marginal_gain_edge,candidate,False,-0.0027350494056009003,0.0,0.4072067842449787,2048,2048,0
associative_recall,transformer_publication_20260622T101458Z_associative_recall_seed109,109,standard,2048,2,marginal_gain_soft,marginal_gain_soft,marginal_gain_soft,candidate,False,-0.0027350494056009003,0.0,0.4072067842449787,2048,2048,0
associative_recall,transformer_publication_20260622T101458Z_associative_recall_seed109,109,rslora,2048,2,uniform,uniform,uniform,cap_baseline,False,0.0023407629341818,0.0,1.4543843706604804,1408,2048,-640
associative_recall,transformer_publication_20260622T101458Z_associative_recall_seed109,109,rslora,2048,2,effective_rank,effective_rank,effective_rank,candidate,False,-0.0024918983690440997,0.0,0.5162775112193229,2048,2048,0
associative_recall,transformer_publication_20260622T101458Z_associative_recall_seed109,109,rslora,2048,2,soft_dimension,soft_dimension,soft_dimension,candidate,True,-0.0027083280729129997,0.0,0.4742645959648017,2048,2048,0
associative_recall,transformer_publication_20260622T101458Z_associative_recall_seed109,109,rslora,2048,2,gradient_norm,gradient_norm,gradient_norm,candidate,False,-0.0029802374483552,0.0,0.4214820742353319,2048,2048,0
associative_recall,transformer_publication_20260622T101458Z_associative_recall_seed109,109,rslora,2048,2,marginal_gain_edge,marginal_gain_edge,marginal_gain_edge,candidate,False,-0.0029525075224228997,0.0,0.42686495379105854,2048,2048,0
associative_recall,transformer_publication_20260622T101458Z_associative_recall_seed109,109,rslora,2048,2,marginal_gain_soft,marginal_gain_soft,marginal_gain_soft,candidate,False,-0.0029525075224228997,0.0,0.42686495379105854,2048,2048,0
associative_recall,transformer_publication_20260622T101458Z_associative_recall_seed109,109,fixed_update_scale,3072,0,uniform,uniform,uniform,cap_baseline,False,7.73932843002997e-05,0.0,1.0237794419609503,2816,3072,-256
associative_recall,transformer_publication_20260622T101458Z_associative_recall_seed109,109,fixed_update_scale,3072,0,effective_rank,effective_rank,effective_rank,candidate,False,-0.0005809296562802003,0.0,0.8215066957062014,3072,3072,0
associative_recall,transformer_publication_20260622T101458Z_associative_recall_seed109,109,fixed_update_scale,3072,0,soft_dimension,soft_dimension,soft_dimension,candidate,True,-0.0005809296562802003,0.0,0.8215066957062014,3072,3072,0
associative_recall,transformer_publication_20260622T101458Z_associative_recall_seed109,109,fixed_update_scale,3072,0,gradient_norm,gradient_norm,gradient_norm,candidate,False,-0.0017004340188578,0.0,0.47753383997817966,3072,3072,0
associative_recall,transformer_publication_20260622T101458Z_associative_recall_seed109,109,fixed_update_scale,3072,0,marginal_gain_edge,marginal_gain_edge,marginal_gain_edge,candidate,False,-0.0018036744440906001,0.0,0.4458127452857595,3072,3072,0
associative_recall,transformer_publication_20260622T101458Z_associative_recall_seed109,109,fixed_update_scale,3072,0,marginal_gain_soft,marginal_gain_soft,marginal_gain_soft,candidate,False,-0.0018036744440906001,0.0,0.4458127452857595,3072,3072,0
associative_recall,transformer_publication_20260622T101458Z_associative_recall_seed109,109,standard,3072,0,uniform,uniform,uniform,cap_baseline,False,-5.939760012550017e-05,0.0,0.9724081023908384,2816,3072,-256
associative_recall,transformer_publication_20260622T101458Z_associative_recall_seed109,109,standard,3072,0,effective_rank,effective_rank,effective_rank,candidate,False,-0.00023186020553110013,0.0,0.8922942503209524,3072,3072,0
associative_recall,transformer_publication_20260622T101458Z_associative_recall_seed109,109,standard,3072,0,soft_dimension,soft_dimension,soft_dimension,candidate,True,-0.00023186020553110013,0.0,0.8922942503209524,3072,3072,0
associative_recall,transformer_publication_20260622T101458Z_associative_recall_seed109,109,standard,3072,0,gradient_norm,gradient_norm,gradient_norm,candidate,False,-0.0008438319200650001,0.0,0.6080157466197008,3072,3072,0
associative_recall,transformer_publication_20260622T101458Z_associative_recall_seed109,109,standard,3072,0,marginal_gain_edge,marginal_gain_edge,marginal_gain_edge,candidate,False,-0.0007943293458084002,0.0,0.6310111194528136,3072,3072,0
associative_recall,transformer_publication_20260622T101458Z_associative_recall_seed109,109,standard,3072,0,marginal_gain_soft,marginal_gain_soft,marginal_gain_soft,candidate,False,-0.0007943293458084002,0.0,0.6310111194528136,3072,3072,0
associative_recall,transformer_publication_20260622T101458Z_associative_recall_seed109,109,rslora,3072,0,uniform,uniform,uniform,cap_baseline,False,0.0001857960887719002,0.0,1.0721405844739973,2816,3072,-256
associative_recall,transformer_publication_20260622T101458Z_associative_recall_seed109,109,rslora,3072,0,effective_rank,effective_rank,effective_rank,candidate,False,-0.00033349287696179996,0.0,0.8705119616835674,3072,3072,0
associative_recall,transformer_publication_20260622T101458Z_associative_recall_seed109,109,rslora,3072,0,soft_dimension,soft_dimension,soft_dimension,candidate,True,-0.00033349287696179996,0.0,0.8705119616835674,3072,3072,0
associative_recall,transformer_publication_20260622T101458Z_associative_recall_seed109,109,rslora,3072,0,gradient_norm,gradient_norm,gradient_norm,candidate,False,-0.0011135503445985,0.0,0.5676325953277742,3072,3072,0
associative_recall,transformer_publication_20260622T101458Z_associative_recall_seed109,109,rslora,3072,0,marginal_gain_edge,marginal_gain_edge,marginal_gain_edge,candidate,False,-0.0010843876516447,0.0,0.578955835383197,3072,3072,0
associative_recall,transformer_publication_20260622T101458Z_associative_recall_seed109,109,rslora,3072,0,marginal_gain_soft,marginal_gain_soft,marginal_gain_soft,candidate,False,-0.0010843876516447,0.0,0.578955835383197,3072,3072,0
associative_recall,transformer_publication_20260622T101458Z_associative_recall_seed109,109,fixed_update_scale,3072,1,uniform,uniform,uniform,cap_baseline,False,-1.3066455721899833e-05,0.0,0.9950257679865165,2816,3072,-256
associative_recall,transformer_publication_20260622T101458Z_associative_recall_seed109,109,fixed_update_scale,3072,1,effective_rank,effective_rank,effective_rank,candidate,False,-0.0003364923468325001,0.0,0.8719016817161016,3072,3072,0
associative_recall,transformer_publication_20260622T101458Z_associative_recall_seed109,109,fixed_update_scale,3072,1,soft_dimension,soft_dimension,soft_dimension,candidate,True,-0.0003364923468325001,0.0,0.8719016817161016,3072,3072,0
associative_recall,transformer_publication_20260622T101458Z_associative_recall_seed109,109,fixed_update_scale,3072,1,gradient_norm,gradient_norm,gradient_norm,candidate,False,-0.0011084608413512,0.0,0.5780231824073998,3072,3072,0
associative_recall,transformer_publication_20260622T101458Z_associative_recall_seed109,109,fixed_update_scale,3072,1,marginal_gain_edge,marginal_gain_edge,marginal_gain_edge,candidate,False,-0.0008244208729592999,0.0,0.6861535533323763,3072,3072,0
associative_recall,transformer_publication_20260622T101458Z_associative_recall_seed109,109,fixed_update_scale,3072,1,marginal_gain_soft,marginal_gain_soft,marginal_gain_soft,candidate,False,-0.0008244208729592999,0.0,0.6861535533323763,3072,3072,0
associative_recall,transformer_publication_20260622T101458Z_associative_recall_seed109,109,standard,3072,1,uniform,uniform,uniform,cap_baseline,False,8.66674236020006e-06,0.0,1.0048720386542522,2816,3072,-256
associative_recall,transformer_publication_20260622T101458Z_associative_recall_seed109,109,standard,3072,1,effective_rank,effective_rank,effective_rank,candidate,False,-0.00018951037782239982,0.0,0.8934660974378658,3072,3072,0
associative_recall,transformer_publication_20260622T101458Z_associative_recall_seed109,109,standard,3072,1,soft_dimension,soft_dimension,soft_dimension,candidate,True,-0.00018951037782239982,0.0,0.8934660974378658,3072,3072,0
associative_recall,transformer_publication_20260622T101458Z_associative_recall_seed109,109,standard,3072,1,gradient_norm,gradient_norm,gradient_norm,candidate,False,-0.00032546246075069985,0.0,0.8170401722604278,3072,3072,0
associative_recall,transformer_publication_20260622T101458Z_associative_recall_seed109,109,standard,3072,1,marginal_gain_edge,marginal_gain_edge,marginal_gain_edge,candidate,False,-0.0007081097137415998,0.0,0.6019337193357029,3072,3072,0
associative_recall,transformer_publication_20260622T101458Z_associative_recall_seed109,109,standard,3072,1,marginal_gain_soft,marginal_gain_soft,marginal_gain_soft,candidate,False,-0.0007081097137415998,0.0,0.6019337193357029,3072,3072,0
associative_recall,transformer_publication_20260622T101458Z_associative_recall_seed109,109,rslora,3072,1,uniform,uniform,uniform,cap_baseline,False,0.00012037658598280021,0.0,1.0560046681976223,2816,3072,-256
associative_recall,transformer_publication_20260622T101458Z_associative_recall_seed109,109,rslora,3072,1,effective_rank,effective_rank,effective_rank,candidate,False,-0.0002640122984302999,0.0,0.8771694590525002,3072,3072,0
associative_recall,transformer_publication_20260622T101458Z_associative_recall_seed109,109,rslora,3072,1,soft_dimension,soft_dimension,soft_dimension,candidate,True,-0.0002640122984302999,0.0,0.8771694590525002,3072,3072,0
associative_recall,transformer_publication_20260622T101458Z_associative_recall_seed109,109,rslora,3072,1,gradient_norm,gradient_norm,gradient_norm,candidate,False,-0.0006506271456600998,0.0,0.697298630663389,3072,3072,0
associative_recall,transformer_publication_20260622T101458Z_associative_recall_seed109,109,rslora,3072,1,marginal_gain_edge,marginal_gain_edge,marginal_gain_edge,candidate,False,-0.0006495644774986,0.0,0.6977930322723321,3072,3072,0
associative_recall,transformer_publication_20260622T101458Z_associative_recall_seed109,109,rslora,3072,1,marginal_gain_soft,marginal_gain_soft,marginal_gain_soft,candidate,False,-0.0006495644774986,0.0,0.6977930322723321,3072,3072,0
associative_recall,transformer_publication_20260622T101458Z_associative_recall_seed109,109,fixed_update_scale,3072,2,uniform,uniform,uniform,cap_baseline,False,0.00035295748966740004,0.0,1.1262353274202765,2816,3072,-256
associative_recall,transformer_publication_20260622T101458Z_associative_recall_seed109,109,fixed_update_scale,3072,2,effective_rank,effective_rank,effective_rank,candidate,False,3.426845069039999e-05,0.0,1.0122561192770398,3072,3072,0
associative_recall,transformer_publication_20260622T101458Z_associative_recall_seed109,109,fixed_update_scale,3072,2,soft_dimension,soft_dimension,soft_dimension,candidate,True,3.426845069039999e-05,0.0,1.0122561192770398,3072,3072,0
associative_recall,transformer_publication_20260622T101458Z_associative_recall_seed109,109,fixed_update_scale,3072,2,gradient_norm,gradient_norm,gradient_norm,candidate,False,-0.0011349538981448998,0.0,0.5940834770945121,3072,3072,0
associative_recall,transformer_publication_20260622T101458Z_associative_recall_seed109,109,fixed_update_scale,3072,2,marginal_gain_edge,marginal_gain_edge,marginal_gain_edge,candidate,False,-0.0011793359881267,0.0,0.5782102123970322,3072,3072,0
associative_recall,transformer_publication_20260622T101458Z_associative_recall_seed109,109,fixed_update_scale,3072,2,marginal_gain_soft,marginal_gain_soft,marginal_gain_soft,candidate,False,-0.0011793359881267,0.0,0.5782102123970322,3072,3072,0
associative_recall,transformer_publication_20260622T101458Z_associative_recall_seed109,109,standard,3072,2,uniform,uniform,uniform,cap_baseline,False,0.00012196316674819999,0.0,1.0658052081607892,2816,3072,-256
associative_recall,transformer_publication_20260622T101458Z_associative_recall_seed109,109,standard,3072,2,effective_rank,effective_rank,effective_rank,candidate,False,8.365874236919988e-05,0.0,1.0451380617841843,3072,3072,0
associative_recall,transformer_publication_20260622T101458Z_associative_recall_seed109,109,standard,3072,2,soft_dimension,soft_dimension,soft_dimension,candidate,True,8.365874236919988e-05,0.0,1.0451380617841843,3072,3072,0
associative_recall,transformer_publication_20260622T101458Z_associative_recall_seed109,109,standard,3072,2,gradient_norm,gradient_norm,gradient_norm,candidate,False,-0.00032040648511610014,0.0,0.8271247294467048,3072,3072,0
associative_recall,transformer_publication_20260622T101458Z_associative_recall_seed109,109,standard,3072,2,marginal_gain_edge,marginal_gain_edge,marginal_gain_edge,candidate,False,-0.0005961185815977,0.0,0.6783643095169967,3072,3072,0
associative_recall,transformer_publication_20260622T101458Z_associative_recall_seed109,109,standard,3072,2,marginal_gain_soft,marginal_gain_soft,marginal_gain_soft,candidate,False,-0.0005961185815977,0.0,0.6783643095169967,3072,3072,0
associative_recall,transformer_publication_20260622T101458Z_associative_recall_seed109,109,rslora,3072,2,uniform,uniform,uniform,cap_baseline,False,0.00018980377353729986,0.0,1.080227512427842,2816,3072,-256
associative_recall,transformer_publication_20260622T101458Z_associative_recall_seed109,109,rslora,3072,2,effective_rank,effective_rank,effective_rank,candidate,False,-0.0001379436580464001,0.0,0.9416930636624845,3072,3072,0
associative_recall,transformer_publication_20260622T101458Z_associative_recall_seed109,109,rslora,3072,2,soft_dimension,soft_dimension,soft_dimension,candidate,True,-0.0001379436580464001,0.0,0.9416930636624845,3072,3072,0
associative_recall,transformer_publication_20260622T101458Z_associative_recall_seed109,109,rslora,3072,2,gradient_norm,gradient_norm,gradient_norm,candidate,False,-0.0007547357090516001,0.0,0.6809833263627176,3072,3072,0
associative_recall,transformer_publication_20260622T101458Z_associative_recall_seed109,109,rslora,3072,2,marginal_gain_edge,marginal_gain_edge,marginal_gain_edge,candidate,False,-0.0007772614189889,0.0,0.6714620105307879,3072,3072,0
associative_recall,transformer_publication_20260622T101458Z_associative_recall_seed109,109,rslora,3072,2,marginal_gain_soft,marginal_gain_soft,marginal_gain_soft,candidate,False,-0.0007772614189889,0.0,0.6714620105307879,3072,3072,0
associative_recall,transformer_publication_20260622T101458Z_associative_recall_seed109,109,fixed_update_scale,4096,0,uniform,uniform,uniform,cap_baseline,False,0.0009198227198795,0.0,1.4367633776255053,2816,4096,-1280
associative_recall,transformer_publication_20260622T101458Z_associative_recall_seed109,109,fixed_update_scale,4096,0,effective_rank,effective_rank,effective_rank,candidate,False,-0.0010099009086842999,0.0,0.5204644086179934,4096,4096,0
associative_recall,transformer_publication_20260622T101458Z_associative_recall_seed109,109,fixed_update_scale,4096,0,soft_dimension,soft_dimension,soft_dimension,candidate,True,-0.0009318557858933,0.0,0.5575229098929564,4096,4096,0
associative_recall,transformer_publication_20260622T101458Z_associative_recall_seed109,109,fixed_update_scale,4096,0,gradient_norm,gradient_norm,gradient_norm,candidate,False,-0.0008570647332817,0.0,0.5930362670310456,4096,4096,0
associative_recall,transformer_publication_20260622T101458Z_associative_recall_seed109,109,fixed_update_scale,4096,0,marginal_gain_edge,marginal_gain_edge,marginal_gain_edge,candidate,False,-0.0008816957997623998,0.0,0.5813405918121968,4096,4096,0
associative_recall,transformer_publication_20260622T101458Z_associative_recall_seed109,109,fixed_update_scale,4096,0,marginal_gain_soft,marginal_gain_soft,marginal_gain_soft,candidate,False,-0.0009830969938774998,0.0,0.5331918267514985,4096,4096,0
associative_recall,transformer_publication_20260622T101458Z_associative_recall_seed109,109,standard,4096,0,uniform,uniform,uniform,cap_baseline,False,0.0003139774198644,0.0,1.1869772572036201,2816,4096,-1280
associative_recall,transformer_publication_20260622T101458Z_associative_recall_seed109,109,standard,4096,0,effective_rank,effective_rank,effective_rank,candidate,False,-0.0004463347431737999,0.0,0.734202395480027,4096,4096,0
associative_recall,transformer_publication_20260622T101458Z_associative_recall_seed109,109,standard,4096,0,soft_dimension,soft_dimension,soft_dimension,candidate,True,-0.0006499872833956,0.0,0.6129249054947046,4096,4096,0
associative_recall,transformer_publication_20260622T101458Z_associative_recall_seed109,109,standard,4096,0,gradient_norm,gradient_norm,gradient_norm,candidate,False,-0.0004302947781980001,0.0,0.7437543838303753,4096,4096,0
associative_recall,transformer_publication_20260622T101458Z_associative_recall_seed109,109,standard,4096,0,marginal_gain_edge,marginal_gain_edge,marginal_gain_edge,candidate,False,-0.00043736571387850004,0.0,0.739543558223954,4096,4096,0
associative_recall,transformer_publication_20260622T101458Z_associative_recall_seed109,109,standard,4096,0,marginal_gain_soft,marginal_gain_soft,marginal_gain_soft,candidate,False,-0.0005815128824906001,0.0,0.653702218956951,4096,4096,0
associative_recall,transformer_publication_20260622T101458Z_associative_recall_seed109,109,rslora,4096,0,uniform,uniform,uniform,cap_baseline,False,0.0006931671232451001,0.0,1.4197374679450354,2816,4096,-1280
associative_recall,transformer_publication_20260622T101458Z_associative_recall_seed109,109,rslora,4096,0,effective_rank,effective_rank,effective_rank,candidate,False,-0.0005191832024138,0.0,0.6856160145614586,4096,4096,0
associative_recall,transformer_publication_20260622T101458Z_associative_recall_seed109,109,rslora,4096,0,soft_dimension,soft_dimension,soft_dimension,candidate,True,-0.0005483494605869001,0.0,0.6679548027923605,4096,4096,0
associative_recall,transformer_publication_20260622T101458Z_associative_recall_seed109,109,rslora,4096,0,gradient_norm,gradient_norm,gradient_norm,candidate,False,-0.0004024970985483001,0.0,0.7562736209862777,4096,4096,0
associative_recall,transformer_publication_20260622T101458Z_associative_recall_seed109,109,rslora,4096,0,marginal_gain_edge,marginal_gain_edge,marginal_gain_edge,candidate,False,-0.00043664383701980006,0.0,0.7355965503867524,4096,4096,0
associative_recall,transformer_publication_20260622T101458Z_associative_recall_seed109,109,rslora,4096,0,marginal_gain_soft,marginal_gain_soft,marginal_gain_soft,candidate,False,-0.0005128395132487,0.0,0.6894573450837775,4096,4096,0
associative_recall,transformer_publication_20260622T101458Z_associative_recall_seed109,109,fixed_update_scale,4096,1,uniform,uniform,uniform,cap_baseline,False,0.0010376914433437,0.0,1.5598837731195974,2816,4096,-1280
associative_recall,transformer_publication_20260622T101458Z_associative_recall_seed109,109,fixed_update_scale,4096,1,effective_rank,effective_rank,effective_rank,candidate,False,-0.00044813605200030014,0.0,0.7582093354683809,4096,4096,0
associative_recall,transformer_publication_20260622T101458Z_associative_recall_seed109,109,fixed_update_scale,4096,1,soft_dimension,soft_dimension,soft_dimension,candidate,True,-0.00027616933220990015,0.0,0.8509935407780124,4096,4096,0
associative_recall,transformer_publication_20260622T101458Z_associative_recall_seed109,109,fixed_update_scale,4096,1,gradient_norm,gradient_norm,gradient_norm,candidate,False,-0.0006924137560418001,0.0,0.6264099229310185,4096,4096,0
associative_recall,transformer_publication_20260622T101458Z_associative_recall_seed109,109,fixed_update_scale,4096,1,marginal_gain_edge,marginal_gain_edge,marginal_gain_edge,candidate,False,-0.0006761045515304,0.0,0.6352095126520233,4096,4096,0
associative_recall,transformer_publication_20260622T101458Z_associative_recall_seed109,109,fixed_update_scale,4096,1,marginal_gain_soft,marginal_gain_soft,marginal_gain_soft,candidate,False,-0.0005432960606413001,0.0,0.7068659953745859,4096,4096,0
associative_recall,transformer_publication_20260622T101458Z_associative_recall_seed109,109,standard,4096,1,uniform,uniform,uniform,cap_baseline,False,0.0003127917152596,0.0,1.167325300362194,2816,4096,-1280
associative_recall,transformer_publication_20260622T101458Z_associative_recall_seed109,109,standard,4096,1,effective_rank,effective_rank,effective_rank,candidate,False,-0.0006154248985694999,0.0,0.6707836206018126,4096,4096,0
associative_recall,transformer_publication_20260622T101458Z_associative_recall_seed109,109,standard,4096,1,soft_dimension,soft_dimension,soft_dimension,candidate,True,-0.0006325295835268,0.0,0.6616336130777783,4096,4096,0
associative_recall,transformer_publication_20260622T101458Z_associative_recall_seed109,109,standard,4096,1,gradient_norm,gradient_norm,gradient_norm,candidate,False,-0.0007083715900081001,0.0,0.6210625688478417,4096,4096,0
associative_recall,transformer_publication_20260622T101458Z_associative_recall_seed109,109,standard,4096,1,marginal_gain_edge,marginal_gain_edge,marginal_gain_edge,candidate,False,-0.0007562548562418999,0.0,0.5954478178361537,4096,4096,0
associative_recall,transformer_publication_20260622T101458Z_associative_recall_seed109,109,standard,4096,1,marginal_gain_soft,marginal_gain_soft,marginal_gain_soft,candidate,False,-0.0006799701804993999,0.0,0.6362556642685717,4096,4096,0
associative_recall,transformer_publication_20260622T101458Z_associative_recall_seed109,109,rslora,4096,1,uniform,uniform,uniform,cap_baseline,False,0.0006450793734984,0.0,1.3432686252147534,2816,4096,-1280
associative_recall,transformer_publication_20260622T101458Z_associative_recall_seed109,109,rslora,4096,1,effective_rank,effective_rank,effective_rank,candidate,False,-0.0005653826374328,0.0,0.6991407125307347,4096,4096,0
associative_recall,transformer_publication_20260622T101458Z_associative_recall_seed109,109,rslora,4096,1,soft_dimension,soft_dimension,soft_dimension,candidate,True,-0.0006055238482077,0.0,0.677780212097388,4096,4096,0
associative_recall,transformer_publication_20260622T101458Z_associative_recall_seed109,109,rslora,4096,1,gradient_norm,gradient_norm,gradient_norm,candidate,False,-0.0007182347908384001,0.0,0.6178028947113512,4096,4096,0
associative_recall,transformer_publication_20260622T101458Z_associative_recall_seed109,109,rslora,4096,1,marginal_gain_edge,marginal_gain_edge,marginal_gain_edge,candidate,False,-0.0007636242080479999,0.0,0.5936496455377798,4096,4096,0
associative_recall,transformer_publication_20260622T101458Z_associative_recall_seed109,109,rslora,4096,1,marginal_gain_soft,marginal_gain_soft,marginal_gain_soft,candidate,False,-0.0006299366359599,0.0,0.664789339293767,4096,4096,0
associative_recall,transformer_publication_20260622T101458Z_associative_recall_seed109,109,fixed_update_scale,4096,2,uniform,uniform,uniform,cap_baseline,False,0.0009411850624018998,0.0,1.4876420390833909,2816,4096,-1280
associative_recall,transformer_publication_20260622T101458Z_associative_recall_seed109,109,fixed_update_scale,4096,2,effective_rank,effective_rank,effective_rank,candidate,False,-0.000516039392096,0.0,0.7326322829998424,4096,4096,0
associative_recall,transformer_publication_20260622T101458Z_associative_recall_seed109,109,fixed_update_scale,4096,2,soft_dimension,soft_dimension,soft_dimension,candidate,True,-0.0003661169612315001,0.0,0.8103093337857218,4096,4096,0
associative_recall,transformer_publication_20260622T101458Z_associative_recall_seed109,109,fixed_update_scale,4096,2,gradient_norm,gradient_norm,gradient_norm,candidate,False,-0.00048079634143510016,0.0,0.7508922339641532,4096,4096,0
associative_recall,transformer_publication_20260622T101458Z_associative_recall_seed109,109,fixed_update_scale,4096,2,marginal_gain_edge,marginal_gain_edge,marginal_gain_edge,candidate,False,-0.0006516262656078001,0.0,0.6623826986051394,4096,4096,0
associative_recall,transformer_publication_20260622T101458Z_associative_recall_seed109,109,fixed_update_scale,4096,2,marginal_gain_soft,marginal_gain_soft,marginal_gain_soft,candidate,False,-0.0007543800456915001,0.0,0.6091444303354872,4096,4096,0
associative_recall,transformer_publication_20260622T101458Z_associative_recall_seed109,109,standard,4096,2,uniform,uniform,uniform,cap_baseline,False,0.0003783506545005,0.0,1.2577442555478355,2816,4096,-1280
associative_recall,transformer_publication_20260622T101458Z_associative_recall_seed109,109,standard,4096,2,effective_rank,effective_rank,effective_rank,candidate,False,-0.0003599541960283999,0.0,0.7547879852113829,4096,4096,0
associative_recall,transformer_publication_20260622T101458Z_associative_recall_seed109,109,standard,4096,2,soft_dimension,soft_dimension,soft_dimension,candidate,True,-0.00018332658510190002,0.0,0.8751122176289147,4096,4096,0
associative_recall,transformer_publication_20260622T101458Z_associative_recall_seed109,109,standard,4096,2,gradient_norm,gradient_norm,gradient_norm,candidate,False,-1.8653168808700077e-05,0.0,0.987292880160195,4096,4096,0
associative_recall,transformer_publication_20260622T101458Z_associative_recall_seed109,109,standard,4096,2,marginal_gain_edge,marginal_gain_edge,marginal_gain_edge,candidate,False,-3.25006694766e-05,0.0,0.9778595312062782,4096,4096,0
associative_recall,transformer_publication_20260622T101458Z_associative_recall_seed109,109,standard,4096,2,marginal_gain_soft,marginal_gain_soft,marginal_gain_soft,candidate,False,-0.00034317931567789993,0.0,0.7662155564245257,4096,4096,0
associative_recall,transformer_publication_20260622T101458Z_associative_recall_seed109,109,rslora,4096,2,uniform,uniform,uniform,cap_baseline,False,0.0003878856514347999,0.0,1.1979092758565835,2816,4096,-1280
associative_recall,transformer_publication_20260622T101458Z_associative_recall_seed109,109,rslora,4096,2,effective_rank,effective_rank,effective_rank,candidate,False,-0.0007269530178746,0.0,0.6290897979413824,4096,4096,0
associative_recall,transformer_publication_20260622T101458Z_associative_recall_seed109,109,rslora,4096,2,soft_dimension,soft_dimension,soft_dimension,candidate,True,-0.0005835866031702001,0.0,0.7022390449200936,4096,4096,0
associative_recall,transformer_publication_20260622T101458Z_associative_recall_seed109,109,rslora,4096,2,gradient_norm,gradient_norm,gradient_norm,candidate,False,-0.0005106391472509001,0.0,0.7394587206754765,4096,4096,0
associative_recall,transformer_publication_20260622T101458Z_associative_recall_seed109,109,rslora,4096,2,marginal_gain_edge,marginal_gain_edge,marginal_gain_edge,candidate,False,-0.0006119314493843999,0.0,0.6877767724236296,4096,4096,0
associative_recall,transformer_publication_20260622T101458Z_associative_recall_seed109,109,rslora,4096,2,marginal_gain_soft,marginal_gain_soft,marginal_gain_soft,candidate,False,-0.0007707539916737001,0.0,0.6067414100226037,4096,4096,0
associative_recall,transformer_publication_20260622T101458Z_associative_recall_seed109,109,fixed_update_scale,6144,0,uniform,uniform,uniform,cap_baseline,False,1.1156094842599933e-05,0.0,1.0099307843472667,5632,6144,-512
associative_recall,transformer_publication_20260622T101458Z_associative_recall_seed109,109,fixed_update_scale,6144,0,effective_rank,effective_rank,effective_rank,candidate,False,-0.00014924487913960008,0.0,0.867147175550199,6144,6144,0
associative_recall,transformer_publication_20260622T101458Z_associative_recall_seed109,109,fixed_update_scale,6144,0,soft_dimension,soft_dimension,soft_dimension,candidate,True,-0.00014924487913960008,0.0,0.867147175550199,6144,6144,0
associative_recall,transformer_publication_20260622T101458Z_associative_recall_seed109,109,fixed_update_scale,6144,0,gradient_norm,gradient_norm,gradient_norm,candidate,False,-0.00025088344409590006,0.0,0.7766719076193063,6144,6144,0
associative_recall,transformer_publication_20260622T101458Z_associative_recall_seed109,109,fixed_update_scale,6144,0,marginal_gain_edge,marginal_gain_edge,marginal_gain_edge,candidate,False,-0.00021385517902670003,0.0,0.8096332368607453,6144,6144,0
associative_recall,transformer_publication_20260622T101458Z_associative_recall_seed109,109,fixed_update_scale,6144,0,marginal_gain_soft,marginal_gain_soft,marginal_gain_soft,candidate,False,-0.00021385517902670003,0.0,0.8096332368607453,6144,6144,0
associative_recall,transformer_publication_20260622T101458Z_associative_recall_seed109,109,standard,6144,0,uniform,uniform,uniform,cap_baseline,False,3.6506753531300026e-05,0.0,1.0332473675177933,5632,6144,-512
associative_recall,transformer_publication_20260622T101458Z_associative_recall_seed109,109,standard,6144,0,effective_rank,effective_rank,effective_rank,candidate,False,-0.0001352260951535,0.0,0.8768471241982718,6144,6144,0
associative_recall,transformer_publication_20260622T101458Z_associative_recall_seed109,109,standard,6144,0,soft_dimension,soft_dimension,soft_dimension,candidate,True,-0.0001352260951535,0.0,0.8768471241982718,6144,6144,0
associative_recall,transformer_publication_20260622T101458Z_associative_recall_seed109,109,standard,6144,0,gradient_norm,gradient_norm,gradient_norm,candidate,False,-0.00018639487825559996,0.0,0.8302467784355303,6144,6144,0
associative_recall,transformer_publication_20260622T101458Z_associative_recall_seed109,109,standard,6144,0,marginal_gain_edge,marginal_gain_edge,marginal_gain_edge,candidate,False,1.2981909095000684e-06,0.0,1.0011822861827306,6144,6144,0
associative_recall,transformer_publication_20260622T101458Z_associative_recall_seed109,109,standard,6144,0,marginal_gain_soft,marginal_gain_soft,marginal_gain_soft,candidate,False,1.2981909095000684e-06,0.0,1.0011822861827306,6144,6144,0
associative_recall,transformer_publication_20260622T101458Z_associative_recall_seed109,109,rslora,6144,0,uniform,uniform,uniform,cap_baseline,False,3.6716330214399883e-05,0.0,1.0334446162498334,5632,6144,-512
associative_recall,transformer_publication_20260622T101458Z_associative_recall_seed109,109,rslora,6144,0,effective_rank,effective_rank,effective_rank,candidate,False,-0.00015025985339890008,0.0,0.863129482022375,6144,6144,0
associative_recall,transformer_publication_20260622T101458Z_associative_recall_seed109,109,rslora,6144,0,soft_dimension,soft_dimension,soft_dimension,candidate,True,-0.00015025985339890008,0.0,0.863129482022375,6144,6144,0
associative_recall,transformer_publication_20260622T101458Z_associative_recall_seed109,109,rslora,6144,0,gradient_norm,gradient_norm,gradient_norm,candidate,False,-0.00016010491526680006,0.0,0.8541616926435049,6144,6144,0
associative_recall,transformer_publication_20260622T101458Z_associative_recall_seed109,109,rslora,6144,0,marginal_gain_edge,marginal_gain_edge,marginal_gain_edge,candidate,False,-4.8020912800000046e-05,0.0,0.9562581284353731,6144,6144,0
associative_recall,transformer_publication_20260622T101458Z_associative_recall_seed109,109,rslora,6144,0,marginal_gain_soft,marginal_gain_soft,marginal_gain_soft,candidate,False,-4.8020912800000046e-05,0.0,0.9562581284353731,6144,6144,0
associative_recall,transformer_publication_20260622T101458Z_associative_recall_seed109,109,fixed_update_scale,6144,1,uniform,uniform,uniform,cap_baseline,False,3.3969859941800074e-05,0.0,1.031297690733885,5632,6144,-512
associative_recall,transformer_publication_20260622T101458Z_associative_recall_seed109,109,fixed_update_scale,6144,1,effective_rank,effective_rank,effective_rank,candidate,False,-7.173381163739991e-05,0.0,0.9339089812075585,6144,6144,0
associative_recall,transformer_publication_20260622T101458Z_associative_recall_seed109,109,fixed_update_scale,6144,1,soft_dimension,soft_dimension,soft_dimension,candidate,True,-7.173381163739991e-05,0.0,0.9339089812075585,6144,6144,0
associative_recall,transformer_publication_20260622T101458Z_associative_recall_seed109,109,fixed_update_scale,6144,1,gradient_norm,gradient_norm,gradient_norm,candidate,False,-0.00023223315656659995,0.0,0.7860349873438358,6144,6144,0
associative_recall,transformer_publication_20260622T101458Z_associative_recall_seed109,109,fixed_update_scale,6144,1,marginal_gain_edge,marginal_gain_edge,marginal_gain_edge,candidate,False,-0.0002555131941335999,0.0,0.7645862260803655,6144,6144,0
associative_recall,transformer_publication_20260622T101458Z_associative_recall_seed109,109,fixed_update_scale,6144,1,marginal_gain_soft,marginal_gain_soft,marginal_gain_soft,candidate,False,-0.0002555131941335999,0.0,0.7645862260803655,6144,6144,0
associative_recall,transformer_publication_20260622T101458Z_associative_recall_seed109,109,standard,6144,1,uniform,uniform,uniform,cap_baseline,False,-1.9472659914800084e-05,0.0,0.9829010450102814,5632,6144,-512
associative_recall,transformer_publication_20260622T101458Z_associative_recall_seed109,109,standard,6144,1,effective_rank,effective_rank,effective_rank,candidate,False,-0.00017383038357370007,0.0,0.8473594302176914,6144,6144,0
associative_recall,transformer_publication_20260622T101458Z_associative_recall_seed109,109,standard,6144,1,soft_dimension,soft_dimension,soft_dimension,candidate,True,-0.00017383038357370007,0.0,0.8473594302176914,6144,6144,0
associative_recall,transformer_publication_20260622T101458Z_associative_recall_seed109,109,standard,6144,1,gradient_norm,gradient_norm,gradient_norm,candidate,False,-0.0001298644056078001,0.0,0.8859659832827146,6144,6144,0
associative_recall,transformer_publication_20260622T101458Z_associative_recall_seed109,109,standard,6144,1,marginal_gain_edge,marginal_gain_edge,marginal_gain_edge,candidate,False,-3.0405979487099994e-05,0.0,0.9733004901773551,6144,6144,0
associative_recall,transformer_publication_20260622T101458Z_associative_recall_seed109,109,standard,6144,1,marginal_gain_soft,marginal_gain_soft,marginal_gain_soft,candidate,False,-3.0405979487099994e-05,0.0,0.9733004901773551,6144,6144,0
associative_recall,transformer_publication_20260622T101458Z_associative_recall_seed109,109,rslora,6144,1,uniform,uniform,uniform,cap_baseline,False,-2.305235830140002e-05,0.0,0.9798211385224409,5632,6144,-512
associative_recall,transformer_publication_20260622T101458Z_associative_recall_seed109,109,rslora,6144,1,effective_rank,effective_rank,effective_rank,candidate,False,-0.00016238955140580012,0.0,0.8578524496115614,6144,6144,0
associative_recall,transformer_publication_20260622T101458Z_associative_recall_seed109,109,rslora,6144,1,soft_dimension,soft_dimension,soft_dimension,candidate,True,-0.00016238955140580012,0.0,0.8578524496115614,6144,6144,0
associative_recall,transformer_publication_20260622T101458Z_associative_recall_seed109,109,rslora,6144,1,gradient_norm,gradient_norm,gradient_norm,candidate,False,-0.00018830420594899997,0.0,0.8351680796469375,6144,6144,0
associative_recall,transformer_publication_20260622T101458Z_associative_recall_seed109,109,rslora,6144,1,marginal_gain_edge,marginal_gain_edge,marginal_gain_edge,candidate,False,-0.00017844276590039997,0.0,0.8438002824831162,6144,6144,0
associative_recall,transformer_publication_20260622T101458Z_associative_recall_seed109,109,rslora,6144,1,marginal_gain_soft,marginal_gain_soft,marginal_gain_soft,candidate,False,-0.00017844276590039997,0.0,0.8438002824831162,6144,6144,0
associative_recall,transformer_publication_20260622T101458Z_associative_recall_seed109,109,fixed_update_scale,6144,2,uniform,uniform,uniform,cap_baseline,False,7.786380592700011e-06,0.0,1.007663350620987,5632,6144,-512
associative_recall,transformer_publication_20260622T101458Z_associative_recall_seed109,109,fixed_update_scale,6144,2,effective_rank,effective_rank,effective_rank,candidate,False,-0.00014410392759600004,0.0,0.858173009926485,6144,6144,0
associative_recall,transformer_publication_20260622T101458Z_associative_recall_seed109,109,fixed_update_scale,6144,2,soft_dimension,soft_dimension,soft_dimension,candidate,True,-0.00014410392759600004,0.0,0.858173009926485,6144,6144,0
associative_recall,transformer_publication_20260622T101458Z_associative_recall_seed109,109,fixed_update_scale,6144,2,gradient_norm,gradient_norm,gradient_norm,candidate,False,-0.00013443315401680006,0.0,0.8676909788764061,6144,6144,0
associative_recall,transformer_publication_20260622T101458Z_associative_recall_seed109,109,fixed_update_scale,6144,2,marginal_gain_edge,marginal_gain_edge,marginal_gain_edge,candidate,False,-0.00019703563884830003,0.0,0.8060776547783545,6144,6144,0
associative_recall,transformer_publication_20260622T101458Z_associative_recall_seed109,109,fixed_update_scale,6144,2,marginal_gain_soft,marginal_gain_soft,marginal_gain_soft,candidate,False,-0.00019703563884830003,0.0,0.8060776547783545,6144,6144,0
associative_recall,transformer_publication_20260622T101458Z_associative_recall_seed109,109,standard,6144,2,uniform,uniform,uniform,cap_baseline,False,-2.965546445920001e-05,0.0,0.9718504299136277,5632,6144,-512
associative_recall,transformer_publication_20260622T101458Z_associative_recall_seed109,109,standard,6144,2,effective_rank,effective_rank,effective_rank,candidate,False,-0.0001425009249942001,0.0,0.8647352233846844,6144,6144,0
associative_recall,transformer_publication_20260622T101458Z_associative_recall_seed109,109,standard,6144,2,soft_dimension,soft_dimension,soft_dimension,candidate,True,-0.0001425009249942001,0.0,0.8647352233846844,6144,6144,0
associative_recall,transformer_publication_20260622T101458Z_associative_recall_seed109,109,standard,6144,2,gradient_norm,gradient_norm,gradient_norm,candidate,False,-0.00016691920609440008,0.0,0.8415568942722035,6144,6144,0
associative_recall,transformer_publication_20260622T101458Z_associative_recall_seed109,109,standard,6144,2,marginal_gain_edge,marginal_gain_edge,marginal_gain_edge,candidate,False,-0.00011956908565480013,0.0,0.8865025917421073,6144,6144,0
associative_recall,transformer_publication_20260622T101458Z_associative_recall_seed109,109,standard,6144,2,marginal_gain_soft,marginal_gain_soft,marginal_gain_soft,candidate,False,-0.00011956908565480013,0.0,0.8865025917421073,6144,6144,0
associative_recall,transformer_publication_20260622T101458Z_associative_recall_seed109,109,rslora,6144,2,uniform,uniform,uniform,cap_baseline,False,-2.2971216822099873e-05,0.0,0.9780560230674433,5632,6144,-512
associative_recall,transformer_publication_20260622T101458Z_associative_recall_seed109,109,rslora,6144,2,effective_rank,effective_rank,effective_rank,candidate,False,-0.0001356520660920999,0.0,0.8704140998610549,6144,6144,0
associative_recall,transformer_publication_20260622T101458Z_associative_recall_seed109,109,rslora,6144,2,soft_dimension,soft_dimension,soft_dimension,candidate,True,-0.0001356520660920999,0.0,0.8704140998610549,6144,6144,0
associative_recall,transformer_publication_20260622T101458Z_associative_recall_seed109,109,rslora,6144,2,gradient_norm,gradient_norm,gradient_norm,candidate,False,-0.00020675410632979997,0.0,0.8024916409457427,6144,6144,0
associative_recall,transformer_publication_20260622T101458Z_associative_recall_seed109,109,rslora,6144,2,marginal_gain_edge,marginal_gain_edge,marginal_gain_edge,candidate,False,-0.0001349810627289999,0.0,0.8710550969155674,6144,6144,0
associative_recall,transformer_publication_20260622T101458Z_associative_recall_seed109,109,rslora,6144,2,marginal_gain_soft,marginal_gain_soft,marginal_gain_soft,candidate,False,-0.0001349810627289999,0.0,0.8710550969155674,6144,6144,0
associative_recall,transformer_publication_20260622T101458Z_associative_recall_seed113,113,fixed_update_scale,512,0,uniform,uniform,uniform,cap_baseline,False,11.26030068099499,-0.96875,20.521085102923013,0,512,-512
associative_recall,transformer_publication_20260622T101458Z_associative_recall_seed113,113,fixed_update_scale,512,0,effective_rank,effective_rank,effective_rank,candidate,False,-0.1962387040257454,0.0283203125,0.6597966119821768,512,512,0
associative_recall,transformer_publication_20260622T101458Z_associative_recall_seed113,113,fixed_update_scale,512,0,soft_dimension,soft_dimension,soft_dimension,candidate,True,-0.1962387040257454,0.0283203125,0.6597966119821768,512,512,0
associative_recall,transformer_publication_20260622T101458Z_associative_recall_seed113,113,fixed_update_scale,512,0,gradient_norm,gradient_norm,gradient_norm,candidate,False,-0.13052479177713394,0.0302734375,0.7737195799199927,512,512,0
associative_recall,transformer_publication_20260622T101458Z_associative_recall_seed113,113,fixed_update_scale,512,0,marginal_gain_edge,marginal_gain_edge,marginal_gain_edge,candidate,False,-0.2671387121081353,0.03125,0.5368829233708027,512,512,0
associative_recall,transformer_publication_20260622T101458Z_associative_recall_seed113,113,fixed_update_scale,512,0,marginal_gain_soft,marginal_gain_soft,marginal_gain_soft,candidate,False,-0.2671387121081353,0.03125,0.5368829233708027,512,512,0
associative_recall,transformer_publication_20260622T101458Z_associative_recall_seed113,113,standard,512,0,uniform,uniform,uniform,cap_baseline,False,11.138486899435522,-0.921875,16.943067765372742,0,512,-512
associative_recall,transformer_publication_20260622T101458Z_associative_recall_seed113,113,standard,512,0,effective_rank,effective_rank,effective_rank,candidate,False,-0.4208420142531395,0.0771484375,0.3976279891217729,512,512,0
associative_recall,transformer_publication_20260622T101458Z_associative_recall_seed113,113,standard,512,0,soft_dimension,soft_dimension,soft_dimension,candidate,True,-0.4208420142531395,0.0771484375,0.3976279891217729,512,512,0
associative_recall,transformer_publication_20260622T101458Z_associative_recall_seed113,113,standard,512,0,gradient_norm,gradient_norm,gradient_norm,candidate,False,-0.2660596407949925,0.078125,0.6191756635238972,512,512,0
associative_recall,transformer_publication_20260622T101458Z_associative_recall_seed113,113,standard,512,0,marginal_gain_edge,marginal_gain_edge,marginal_gain_edge,candidate,False,-0.277302622795105,0.078125,0.6030830267473757,512,512,0
associative_recall,transformer_publication_20260622T101458Z_associative_recall_seed113,113,standard,512,0,marginal_gain_soft,marginal_gain_soft,marginal_gain_soft,candidate,False,-0.277302622795105,0.078125,0.6030830267473757,512,512,0
associative_recall,transformer_publication_20260622T101458Z_associative_recall_seed113,113,rslora,512,0,uniform,uniform,uniform,cap_baseline,False,10.605747282505037,-0.6064453125,9.612888529510782,0,512,-512
associative_recall,transformer_publication_20260622T101458Z_associative_recall_seed113,113,rslora,512,0,effective_rank,effective_rank,effective_rank,candidate,False,-0.9047288820147514,0.3896484375,0.26527298806412364,512,512,0
associative_recall,transformer_publication_20260622T101458Z_associative_recall_seed113,113,rslora,512,0,soft_dimension,soft_dimension,soft_dimension,candidate,True,-0.9047288820147514,0.3896484375,0.26527298806412364,512,512,0
associative_recall,transformer_publication_20260622T101458Z_associative_recall_seed113,113,rslora,512,0,gradient_norm,gradient_norm,gradient_norm,candidate,False,-0.7496893294155598,0.392578125,0.39118004096974973,512,512,0
associative_recall,transformer_publication_20260622T101458Z_associative_recall_seed113,113,rslora,512,0,marginal_gain_edge,marginal_gain_edge,marginal_gain_edge,candidate,False,-0.8184665478765965,0.3935546875,0.3353263137220829,512,512,0
associative_recall,transformer_publication_20260622T101458Z_associative_recall_seed113,113,rslora,512,0,marginal_gain_soft,marginal_gain_soft,marginal_gain_soft,candidate,False,-0.8184665478765965,0.3935546875,0.3353263137220829,512,512,0
associative_recall,transformer_publication_20260622T101458Z_associative_recall_seed113,113,fixed_update_scale,512,1,uniform,uniform,uniform,cap_baseline,False,10.158432707190514,-0.349609375,7.100860785672478,0,512,-512
associative_recall,transformer_publication_20260622T101458Z_associative_recall_seed113,113,fixed_update_scale,512,1,effective_rank,effective_rank,effective_rank,candidate,False,-1.135373454540968,0.5244140625,0.31812755121176595,512,512,0
associative_recall,transformer_publication_20260622T101458Z_associative_recall_seed113,113,fixed_update_scale,512,1,soft_dimension,soft_dimension,soft_dimension,candidate,True,-1.135373454540968,0.5244140625,0.31812755121176595,512,512,0
associative_recall,transformer_publication_20260622T101458Z_associative_recall_seed113,113,fixed_update_scale,512,1,gradient_norm,gradient_norm,gradient_norm,candidate,False,-1.154537871479988,0.650390625,0.30661795685270843,512,512,0
associative_recall,transformer_publication_20260622T101458Z_associative_recall_seed113,113,fixed_update_scale,512,1,marginal_gain_edge,marginal_gain_edge,marginal_gain_edge,candidate,False,-1.3052539005875587,0.650390625,0.216102270205122,512,512,0
associative_recall,transformer_publication_20260622T101458Z_associative_recall_seed113,113,fixed_update_scale,512,1,marginal_gain_soft,marginal_gain_soft,marginal_gain_soft,candidate,False,-1.3052539005875587,0.650390625,0.216102270205122,512,512,0
associative_recall,transformer_publication_20260622T101458Z_associative_recall_seed113,113,standard,512,1,uniform,uniform,uniform,cap_baseline,False,9.37048664689064,-0.1640625,4.819967362637126,0,512,-512
associative_recall,transformer_publication_20260622T101458Z_associative_recall_seed113,113,standard,512,1,effective_rank,effective_rank,effective_rank,candidate,False,-1.939303401857615,0.7763671875,0.20942465631649745,512,512,0
associative_recall,transformer_publication_20260622T101458Z_associative_recall_seed113,113,standard,512,1,soft_dimension,soft_dimension,soft_dimension,candidate,True,-1.939303401857615,0.7763671875,0.20942465631649745,512,512,0
associative_recall,transformer_publication_20260622T101458Z_associative_recall_seed113,113,standard,512,1,gradient_norm,gradient_norm,gradient_norm,candidate,False,-1.9410947449505334,0.8349609375,0.20869439838987158,512,512,0
associative_recall,transformer_publication_20260622T101458Z_associative_recall_seed113,113,standard,512,1,marginal_gain_edge,marginal_gain_edge,marginal_gain_edge,candidate,False,-1.990780327469111,0.8359375,0.18843960151893646,512,512,0
associative_recall,transformer_publication_20260622T101458Z_associative_recall_seed113,113,standard,512,1,marginal_gain_soft,marginal_gain_soft,marginal_gain_soft,candidate,False,-1.990780327469111,0.8359375,0.18843960151893646,512,512,0
associative_recall,transformer_publication_20260622T101458Z_associative_recall_seed113,113,rslora,512,1,uniform,uniform,uniform,cap_baseline,False,10.540842026472092,-0.63671875,9.217874461809354,0,512,-512
associative_recall,transformer_publication_20260622T101458Z_associative_recall_seed113,113,rslora,512,1,effective_rank,effective_rank,effective_rank,candidate,False,-0.8397299870848658,0.294921875,0.3453278591644125,512,512,0
associative_recall,transformer_publication_20260622T101458Z_associative_recall_seed113,113,rslora,512,1,soft_dimension,soft_dimension,soft_dimension,candidate,True,-0.8397299870848658,0.294921875,0.3453278591644125,512,512,0
associative_recall,transformer_publication_20260622T101458Z_associative_recall_seed113,113,rslora,512,1,gradient_norm,gradient_norm,gradient_norm,candidate,False,-0.7937544882297518,0.3623046875,0.3811713787771278,512,512,0
associative_recall,transformer_publication_20260622T101458Z_associative_recall_seed113,113,rslora,512,1,marginal_gain_edge,marginal_gain_edge,marginal_gain_edge,candidate,False,-0.8919821567833426,0.36328125,0.30459090761340274,512,512,0
associative_recall,transformer_publication_20260622T101458Z_associative_recall_seed113,113,rslora,512,1,marginal_gain_soft,marginal_gain_soft,marginal_gain_soft,candidate,False,-0.8919821567833426,0.36328125,0.30459090761340274,512,512,0
associative_recall,transformer_publication_20260622T101458Z_associative_recall_seed113,113,fixed_update_scale,512,2,uniform,uniform,uniform,cap_baseline,False,11.266359008848667,-0.990234375,21.49430458702416,0,512,-512
associative_recall,transformer_publication_20260622T101458Z_associative_recall_seed113,113,fixed_update_scale,512,2,effective_rank,effective_rank,effective_rank,candidate,False,0.10235365480184555,-0.1259765625,1.1861885437395197,512,512,0
associative_recall,transformer_publication_20260622T101458Z_associative_recall_seed113,113,fixed_update_scale,512,2,soft_dimension,soft_dimension,soft_dimension,candidate,True,0.10235365480184555,-0.1259765625,1.1861885437395197,512,512,0
associative_recall,transformer_publication_20260622T101458Z_associative_recall_seed113,113,fixed_update_scale,512,2,gradient_norm,gradient_norm,gradient_norm,candidate,False,-0.12482759729027754,0.0068359375,0.7729297639349083,512,512,0
associative_recall,transformer_publication_20260622T101458Z_associative_recall_seed113,113,fixed_update_scale,512,2,marginal_gain_edge,marginal_gain_edge,marginal_gain_edge,candidate,False,-0.12879885733127594,0.009765625,0.765705760793292,512,512,0
associative_recall,transformer_publication_20260622T101458Z_associative_recall_seed113,113,fixed_update_scale,512,2,marginal_gain_soft,marginal_gain_soft,marginal_gain_soft,candidate,False,-0.12879885733127594,0.009765625,0.765705760793292,512,512,0
associative_recall,transformer_publication_20260622T101458Z_associative_recall_seed113,113,standard,512,2,uniform,uniform,uniform,cap_baseline,False,11.287945784628391,-0.9990234375,22.372838369002142,0,512,-512
associative_recall,transformer_publication_20260622T101458Z_associative_recall_seed113,113,standard,512,2,effective_rank,effective_rank,effective_rank,candidate,False,0.11944583803415298,-0.205078125,1.2261613086085534,512,512,0
associative_recall,transformer_publication_20260622T101458Z_associative_recall_seed113,113,standard,512,2,soft_dimension,soft_dimension,soft_dimension,candidate,True,0.11944583803415298,-0.205078125,1.2261613086085534,512,512,0
associative_recall,transformer_publication_20260622T101458Z_associative_recall_seed113,113,standard,512,2,gradient_norm,gradient_norm,gradient_norm,candidate,False,-0.10338260978460312,-0.0068359375,0.8042531518798677,512,512,0
associative_recall,transformer_publication_20260622T101458Z_associative_recall_seed113,113,standard,512,2,marginal_gain_edge,marginal_gain_edge,marginal_gain_edge,candidate,False,-0.12072870135307312,0.0009765625,0.7714096905007674,512,512,0
associative_recall,transformer_publication_20260622T101458Z_associative_recall_seed113,113,standard,512,2,marginal_gain_soft,marginal_gain_soft,marginal_gain_soft,candidate,False,-0.12072870135307312,0.0009765625,0.7714096905007674,512,512,0
associative_recall,transformer_publication_20260622T101458Z_associative_recall_seed113,113,rslora,512,2,uniform,uniform,uniform,cap_baseline,False,11.13308484852314,-0.9228515625,17.300142301696397,0,512,-512
associative_recall,transformer_publication_20260622T101458Z_associative_recall_seed113,113,rslora,512,2,effective_rank,effective_rank,effective_rank,candidate,False,-0.11384700983762741,-0.0517578125,0.8333146215783914,512,512,0
associative_recall,transformer_publication_20260622T101458Z_associative_recall_seed113,113,rslora,512,2,soft_dimension,soft_dimension,soft_dimension,candidate,True,-0.11384700983762741,-0.0517578125,0.8333146215783914,512,512,0
associative_recall,transformer_publication_20260622T101458Z_associative_recall_seed113,113,rslora,512,2,gradient_norm,gradient_norm,gradient_norm,candidate,False,-0.24180072918534284,0.076171875,0.64597536549828,512,512,0
associative_recall,transformer_publication_20260622T101458Z_associative_recall_seed113,113,rslora,512,2,marginal_gain_edge,marginal_gain_edge,marginal_gain_edge,candidate,False,-0.2744277119636536,0.0771484375,0.598205635059909,512,512,0
associative_recall,transformer_publication_20260622T101458Z_associative_recall_seed113,113,rslora,512,2,marginal_gain_soft,marginal_gain_soft,marginal_gain_soft,candidate,False,-0.2744277119636536,0.0771484375,0.598205635059909,512,512,0
associative_recall,transformer_publication_20260622T101458Z_associative_recall_seed113,113,fixed_update_scale,1024,0,uniform,uniform,uniform,cap_baseline,False,11.441126510500908,-0.9990234375,34.56700081338009,0,1024,-1024
associative_recall,transformer_publication_20260622T101458Z_associative_recall_seed113,113,fixed_update_scale,1024,0,effective_rank,effective_rank,effective_rank,candidate,False,-0.3148702150210738,0.0009765625,0.07620558569815049,1024,1024,0
associative_recall,transformer_publication_20260622T101458Z_associative_recall_seed113,113,fixed_update_scale,1024,0,soft_dimension,soft_dimension,soft_dimension,candidate,True,-0.3148702150210738,0.0009765625,0.07620558569815049,1024,1024,0
associative_recall,transformer_publication_20260622T101458Z_associative_recall_seed113,113,fixed_update_scale,1024,0,gradient_norm,gradient_norm,gradient_norm,candidate,False,-0.312193201854825,0.0009765625,0.08405964648896755,960,1024,-64
associative_recall,transformer_publication_20260622T101458Z_associative_recall_seed113,113,fixed_update_scale,1024,0,marginal_gain_edge,marginal_gain_edge,marginal_gain_edge,candidate,False,-0.3181877159513533,0.0009765625,0.06647240458850417,1024,1024,0
associative_recall,transformer_publication_20260622T101458Z_associative_recall_seed113,113,fixed_update_scale,1024,0,marginal_gain_soft,marginal_gain_soft,marginal_gain_soft,candidate,False,-0.3181877159513533,0.0009765625,0.06647240458850417,1024,1024,0
associative_recall,transformer_publication_20260622T101458Z_associative_recall_seed113,113,standard,1024,0,uniform,uniform,uniform,cap_baseline,False,10.09937672317028,-0.244140625,7.0022650710248735,0,1024,-1024
associative_recall,transformer_publication_20260622T101458Z_associative_recall_seed113,113,standard,1024,0,effective_rank,effective_rank,effective_rank,candidate,False,-1.6658923856448384,0.755859375,0.009926260548135906,1024,1024,0
associative_recall,transformer_publication_20260622T101458Z_associative_recall_seed113,113,standard,1024,0,soft_dimension,soft_dimension,soft_dimension,candidate,True,-1.6658923856448384,0.755859375,0.009926260548135906,1024,1024,0
associative_recall,transformer_publication_20260622T101458Z_associative_recall_seed113,113,standard,1024,0,gradient_norm,gradient_norm,gradient_norm,candidate,False,-1.644898556172848,0.755859375,0.022403320549045088,960,1024,-64
associative_recall,transformer_publication_20260622T101458Z_associative_recall_seed113,113,standard,1024,0,marginal_gain_edge,marginal_gain_edge,marginal_gain_edge,candidate,False,-1.6623174773994835,0.755859375,0.012050901254327609,1024,1024,0
associative_recall,transformer_publication_20260622T101458Z_associative_recall_seed113,113,standard,1024,0,marginal_gain_soft,marginal_gain_soft,marginal_gain_soft,candidate,False,-1.6623174773994835,0.755859375,0.012050901254327609,1024,1024,0
associative_recall,transformer_publication_20260622T101458Z_associative_recall_seed113,113,rslora,1024,0,uniform,uniform,uniform,cap_baseline,False,10.270579308271408,-0.384765625,7.795445228032108,0,1024,-1024
associative_recall,transformer_publication_20260622T101458Z_associative_recall_seed113,113,rslora,1024,0,effective_rank,effective_rank,effective_rank,candidate,False,-1.4903060484211892,0.615234375,0.013951129621759005,1024,1024,0
associative_recall,transformer_publication_20260622T101458Z_associative_recall_seed113,113,rslora,1024,0,soft_dimension,soft_dimension,soft_dimension,candidate,True,-1.4903060484211892,0.615234375,0.013951129621759005,1024,1024,0
associative_recall,transformer_publication_20260622T101458Z_associative_recall_seed113,113,rslora,1024,0,gradient_norm,gradient_norm,gradient_norm,candidate,False,-1.4838698524981737,0.615234375,0.01820958628315803,960,1024,-64
associative_recall,transformer_publication_20260622T101458Z_associative_recall_seed113,113,rslora,1024,0,marginal_gain_edge,marginal_gain_edge,marginal_gain_edge,candidate,False,-1.4902243912220001,0.615234375,0.014005157443161168,1024,1024,0
associative_recall,transformer_publication_20260622T101458Z_associative_recall_seed113,113,rslora,1024,0,marginal_gain_soft,marginal_gain_soft,marginal_gain_soft,candidate,False,-1.4902243912220001,0.615234375,0.014005157443161168,1024,1024,0
associative_recall,transformer_publication_20260622T101458Z_associative_recall_seed113,113,fixed_update_scale,1024,1,uniform,uniform,uniform,cap_baseline,False,11.675346456468104,-1.0,85.97860186138155,0,1024,-1024
associative_recall,transformer_publication_20260622T101458Z_associative_recall_seed113,113,fixed_update_scale,1024,1,effective_rank,effective_rank,effective_rank,candidate,False,-0.11651300895027819,0.0,0.15196412918675392,1024,1024,0
associative_recall,transformer_publication_20260622T101458Z_associative_recall_seed113,113,fixed_update_scale,1024,1,soft_dimension,soft_dimension,soft_dimension,candidate,True,-0.11651300895027819,0.0,0.15196412918675392,1024,1024,0
associative_recall,transformer_publication_20260622T101458Z_associative_recall_seed113,113,fixed_update_scale,1024,1,gradient_norm,gradient_norm,gradient_norm,candidate,False,-0.1078545395284892,0.0,0.2149844968021005,960,1024,-64
associative_recall,transformer_publication_20260622T101458Z_associative_recall_seed113,113,fixed_update_scale,1024,1,marginal_gain_edge,marginal_gain_edge,marginal_gain_edge,candidate,False,-0.12123352801427249,0.0,0.11760599586592205,1024,1024,0
associative_recall,transformer_publication_20260622T101458Z_associative_recall_seed113,113,fixed_update_scale,1024,1,marginal_gain_soft,marginal_gain_soft,marginal_gain_soft,candidate,False,-0.12123352801427249,0.0,0.11760599586592205,1024,1024,0
associative_recall,transformer_publication_20260622T101458Z_associative_recall_seed113,113,standard,1024,1,uniform,uniform,uniform,cap_baseline,False,11.769862555433063,-1.0,275.5125080903283,0,1024,-1024
associative_recall,transformer_publication_20260622T101458Z_associative_recall_seed113,113,standard,1024,1,effective_rank,effective_rank,effective_rank,candidate,False,-0.0298239417606965,0.0,0.304406061216962,1024,1024,0
associative_recall,transformer_publication_20260622T101458Z_associative_recall_seed113,113,standard,1024,1,soft_dimension,soft_dimension,soft_dimension,candidate,True,-0.0298239417606965,0.0,0.304406061216962,1024,1024,0
associative_recall,transformer_publication_20260622T101458Z_associative_recall_seed113,113,standard,1024,1,gradient_norm,gradient_norm,gradient_norm,candidate,False,-0.023219253635033996,0.0,0.45844944906375507,960,1024,-64
associative_recall,transformer_publication_20260622T101458Z_associative_recall_seed113,113,standard,1024,1,marginal_gain_edge,marginal_gain_edge,marginal_gain_edge,candidate,False,-0.025788792641833497,0.0,0.3985192167377321,1024,1024,0
associative_recall,transformer_publication_20260622T101458Z_associative_recall_seed113,113,standard,1024,1,marginal_gain_soft,marginal_gain_soft,marginal_gain_soft,candidate,False,-0.025788792641833497,0.0,0.3985192167377321,1024,1024,0
associative_recall,transformer_publication_20260622T101458Z_associative_recall_seed113,113,rslora,1024,1,uniform,uniform,uniform,cap_baseline,False,11.74982113437727,-1.0,187.7513525245831,0,1024,-1024
associative_recall,transformer_publication_20260622T101458Z_associative_recall_seed113,113,rslora,1024,1,effective_rank,effective_rank,effective_rank,candidate,False,-0.045908380998298505,0.0,0.27033338247488975,1024,1024,0
associative_recall,transformer_publication_20260622T101458Z_associative_recall_seed113,113,rslora,1024,1,soft_dimension,soft_dimension,soft_dimension,candidate,True,-0.045908380998298505,0.0,0.27033338247488975,1024,1024,0
associative_recall,transformer_publication_20260622T101458Z_associative_recall_seed113,113,rslora,1024,1,gradient_norm,gradient_norm,gradient_norm,candidate,False,-0.037479561753571006,0.0,0.404300817054184,960,1024,-64
associative_recall,transformer_publication_20260622T101458Z_associative_recall_seed113,113,rslora,1024,1,marginal_gain_edge,marginal_gain_edge,marginal_gain_edge,candidate,False,-0.046406072564423105,0.0,0.2624230856243349,1024,1024,0
associative_recall,transformer_publication_20260622T101458Z_associative_recall_seed113,113,rslora,1024,1,marginal_gain_soft,marginal_gain_soft,marginal_gain_soft,candidate,False,-0.046406072564423105,0.0,0.2624230856243349,1024,1024,0
associative_recall,transformer_publication_20260622T101458Z_associative_recall_seed113,113,fixed_update_scale,1024,2,uniform,uniform,uniform,cap_baseline,False,11.7623531781137,-1.0,122.9896792018325,0,1024,-1024
associative_recall,transformer_publication_20260622T101458Z_associative_recall_seed113,113,fixed_update_scale,1024,2,effective_rank,effective_rank,effective_rank,candidate,False,-0.07638790411874649,0.0,0.20776601609911738,1024,1024,0
associative_recall,transformer_publication_20260622T101458Z_associative_recall_seed113,113,fixed_update_scale,1024,2,soft_dimension,soft_dimension,soft_dimension,candidate,True,-0.07638790411874649,0.0,0.20776601609911738,1024,1024,0
associative_recall,transformer_publication_20260622T101458Z_associative_recall_seed113,113,fixed_update_scale,1024,2,gradient_norm,gradient_norm,gradient_norm,candidate,False,-0.0659055232536048,0.0,0.3164808505923911,960,1024,-64
associative_recall,transformer_publication_20260622T101458Z_associative_recall_seed113,113,fixed_update_scale,1024,2,marginal_gain_edge,marginal_gain_edge,marginal_gain_edge,candidate,False,-0.0758797395974398,0.0,0.21303629033737984,1024,1024,0
associative_recall,transformer_publication_20260622T101458Z_associative_recall_seed113,113,fixed_update_scale,1024,2,marginal_gain_soft,marginal_gain_soft,marginal_gain_soft,candidate,False,-0.0758797395974398,0.0,0.21303629033737984,1024,1024,0
associative_recall,transformer_publication_20260622T101458Z_associative_recall_seed113,113,standard,1024,2,uniform,uniform,uniform,cap_baseline,False,11.811743712052705,-1.0,252.15149531892644,0,1024,-1024
associative_recall,transformer_publication_20260622T101458Z_associative_recall_seed113,113,standard,1024,2,effective_rank,effective_rank,effective_rank,candidate,False,-0.0349069553194568,0.0,0.2577781706720618,1024,1024,0
associative_recall,transformer_publication_20260622T101458Z_associative_recall_seed113,113,standard,1024,2,soft_dimension,soft_dimension,soft_dimension,candidate,True,-0.0349069553194568,0.0,0.2577781706720618,1024,1024,0
associative_recall,transformer_publication_20260622T101458Z_associative_recall_seed113,113,standard,1024,2,gradient_norm,gradient_norm,gradient_norm,candidate,False,-0.028590420028194802,0.0,0.392085798936672,960,1024,-64
associative_recall,transformer_publication_20260622T101458Z_associative_recall_seed113,113,standard,1024,2,marginal_gain_edge,marginal_gain_edge,marginal_gain_edge,candidate,False,-0.0276016800198704,0.0,0.41310924286044526,1024,1024,0
associative_recall,transformer_publication_20260622T101458Z_associative_recall_seed113,113,standard,1024,2,marginal_gain_soft,marginal_gain_soft,marginal_gain_soft,candidate,False,-0.0276016800198704,0.0,0.41310924286044526,1024,1024,0
associative_recall,transformer_publication_20260622T101458Z_associative_recall_seed113,113,rslora,1024,2,uniform,uniform,uniform,cap_baseline,False,11.82132391817868,-1.0,316.6549336898462,0,1024,-1024
associative_recall,transformer_publication_20260622T101458Z_associative_recall_seed113,113,rslora,1024,2,effective_rank,effective_rank,effective_rank,candidate,False,-0.022851897287182496,0.0,0.38980488371693917,1024,1024,0
associative_recall,transformer_publication_20260622T101458Z_associative_recall_seed113,113,rslora,1024,2,soft_dimension,soft_dimension,soft_dimension,candidate,True,-0.022851897287182496,0.0,0.38980488371693917,1024,1024,0
associative_recall,transformer_publication_20260622T101458Z_associative_recall_seed113,113,rslora,1024,2,gradient_norm,gradient_norm,gradient_norm,candidate,False,-0.014653068967163597,0.0,0.6087313447125815,960,1024,-64
associative_recall,transformer_publication_20260622T101458Z_associative_recall_seed113,113,rslora,1024,2,marginal_gain_edge,marginal_gain_edge,marginal_gain_edge,candidate,False,-0.017577825114130998,0.0,0.5306340254935169,1024,1024,0
associative_recall,transformer_publication_20260622T101458Z_associative_recall_seed113,113,rslora,1024,2,marginal_gain_soft,marginal_gain_soft,marginal_gain_soft,candidate,False,-0.017577825114130998,0.0,0.5306340254935169,1024,1024,0
associative_recall,transformer_publication_20260622T101458Z_associative_recall_seed113,113,fixed_update_scale,1536,0,uniform,uniform,uniform,cap_baseline,False,-0.0007675670785829009,0.0,0.9420927981969286,1408,1536,-128
associative_recall,transformer_publication_20260622T101458Z_associative_recall_seed113,113,fixed_update_scale,1536,0,effective_rank,effective_rank,effective_rank,candidate,False,-0.004713705624453701,0.0,0.6443861253931664,1472,1536,-64
associative_recall,transformer_publication_20260622T101458Z_associative_recall_seed113,113,fixed_update_scale,1536,0,soft_dimension,soft_dimension,soft_dimension,candidate,True,-0.005813213007059,0.0,0.5614365074834982,1536,1536,0
associative_recall,transformer_publication_20260622T101458Z_associative_recall_seed113,113,fixed_update_scale,1536,0,gradient_norm,gradient_norm,gradient_norm,candidate,False,-0.0067337790969759,0.0,0.49198667328750895,1536,1536,0
associative_recall,transformer_publication_20260622T101458Z_associative_recall_seed113,113,fixed_update_scale,1536,0,marginal_gain_edge,marginal_gain_edge,marginal_gain_edge,candidate,False,-0.0082684539956972,0.0,0.3762069173000141,1536,1536,0
associative_recall,transformer_publication_20260622T101458Z_associative_recall_seed113,113,fixed_update_scale,1536,0,marginal_gain_soft,marginal_gain_soft,marginal_gain_soft,candidate,False,-0.0076885391026735,0.0,0.41995716359891533,1536,1536,0
associative_recall,transformer_publication_20260622T101458Z_associative_recall_seed113,113,standard,1536,0,uniform,uniform,uniform,cap_baseline,False,-0.0003388262703084002,0.0,0.9575157083375011,1408,1536,-128
associative_recall,transformer_publication_20260622T101458Z_associative_recall_seed113,113,standard,1536,0,effective_rank,effective_rank,effective_rank,candidate,False,-0.0022029127576389,0.0,0.7237841445488103,1472,1536,-64
associative_recall,transformer_publication_20260622T101458Z_associative_recall_seed113,113,standard,1536,0,soft_dimension,soft_dimension,soft_dimension,candidate,True,-0.0035648816847243005,0.0,0.5530114205776421,1536,1536,0
associative_recall,transformer_publication_20260622T101458Z_associative_recall_seed113,113,standard,1536,0,gradient_norm,gradient_norm,gradient_norm,candidate,False,-0.0035426134127192,0.0,0.5558035646514279,1536,1536,0
associative_recall,transformer_publication_20260622T101458Z_associative_recall_seed113,113,standard,1536,0,marginal_gain_edge,marginal_gain_edge,marginal_gain_edge,candidate,False,-0.003092976869084,0.0,0.6121819854997542,1536,1536,0
associative_recall,transformer_publication_20260622T101458Z_associative_recall_seed113,113,standard,1536,0,marginal_gain_soft,marginal_gain_soft,marginal_gain_soft,candidate,False,-0.0030028749606572005,0.0,0.6234795621412222,1536,1536,0
associative_recall,transformer_publication_20260622T101458Z_associative_recall_seed113,113,rslora,1536,0,uniform,uniform,uniform,cap_baseline,False,-0.0007396384608000985,0.0,0.917786253752553,1408,1536,-128
associative_recall,transformer_publication_20260622T101458Z_associative_recall_seed113,113,rslora,1536,0,effective_rank,effective_rank,effective_rank,candidate,False,-0.0016352275270036997,0.0,0.8182379796522546,1472,1536,-64
associative_recall,transformer_publication_20260622T101458Z_associative_recall_seed113,113,rslora,1536,0,soft_dimension,soft_dimension,soft_dimension,candidate,True,-0.004526367760263399,0.0,0.4968762845804802,1536,1536,0
associative_recall,transformer_publication_20260622T101458Z_associative_recall_seed113,113,rslora,1536,0,gradient_norm,gradient_norm,gradient_norm,candidate,False,-0.0037513433489948997,0.0,0.5830233194638195,1536,1536,0
associative_recall,transformer_publication_20260622T101458Z_associative_recall_seed113,113,rslora,1536,0,marginal_gain_edge,marginal_gain_edge,marginal_gain_edge,candidate,False,-0.0040419597644358995,0.0,0.5507201531187875,1536,1536,0
associative_recall,transformer_publication_20260622T101458Z_associative_recall_seed113,113,rslora,1536,0,marginal_gain_soft,marginal_gain_soft,marginal_gain_soft,candidate,False,-0.003803867963142699,0.0,0.5771850004361407,1536,1536,0
associative_recall,transformer_publication_20260622T101458Z_associative_recall_seed113,113,fixed_update_scale,1536,1,uniform,uniform,uniform,cap_baseline,False,-0.0017862099921331018,0.0,0.8941705698359255,1408,1536,-128
associative_recall,transformer_publication_20260622T101458Z_associative_recall_seed113,113,fixed_update_scale,1536,1,effective_rank,effective_rank,effective_rank,candidate,False,-0.005371995619498202,0.0,0.6817198214323753,1472,1536,-64
associative_recall,transformer_publication_20260622T101458Z_associative_recall_seed113,113,fixed_update_scale,1536,1,soft_dimension,soft_dimension,soft_dimension,candidate,True,-0.007762427674606401,0.0,0.540091421998818,1536,1536,0
associative_recall,transformer_publication_20260622T101458Z_associative_recall_seed113,113,fixed_update_scale,1536,1,gradient_norm,gradient_norm,gradient_norm,candidate,False,-0.0113635392626747,0.0,0.3267326405559947,1536,1536,0
associative_recall,transformer_publication_20260622T101458Z_associative_recall_seed113,113,fixed_update_scale,1536,1,marginal_gain_edge,marginal_gain_edge,marginal_gain_edge,candidate,False,-0.012400742212776102,0.0,0.26528040500856936,1536,1536,0
associative_recall,transformer_publication_20260622T101458Z_associative_recall_seed113,113,fixed_update_scale,1536,1,marginal_gain_soft,marginal_gain_soft,marginal_gain_soft,candidate,False,-0.012551024672575302,0.0,0.2563764647360084,1536,1536,0
associative_recall,transformer_publication_20260622T101458Z_associative_recall_seed113,113,standard,1536,1,uniform,uniform,uniform,cap_baseline,False,0.0019025992369279994,0.0,1.200059565425793,1408,1536,-128
associative_recall,transformer_publication_20260622T101458Z_associative_recall_seed113,113,standard,1536,1,effective_rank,effective_rank,effective_rank,candidate,False,-0.0043334187939763,0.0,0.5443381538769795,1472,1536,-64
associative_recall,transformer_publication_20260622T101458Z_associative_recall_seed113,113,standard,1536,1,soft_dimension,soft_dimension,soft_dimension,candidate,True,0.015101131168194198,0.0,2.587893908664044,1536,1536,0
associative_recall,transformer_publication_20260622T101458Z_associative_recall_seed113,113,standard,1536,1,gradient_norm,gradient_norm,gradient_norm,candidate,False,-0.0059793931432068,0.0,0.37126286475789855,1536,1536,0
associative_recall,transformer_publication_20260622T101458Z_associative_recall_seed113,113,standard,1536,1,marginal_gain_edge,marginal_gain_edge,marginal_gain_edge,candidate,False,-0.0055605973175261005,0.0,0.41529952222187266,1536,1536,0
associative_recall,transformer_publication_20260622T101458Z_associative_recall_seed113,113,standard,1536,1,marginal_gain_soft,marginal_gain_soft,marginal_gain_soft,candidate,False,-0.0057429976004641,0.0,0.3961200120918059,1536,1536,0
associative_recall,transformer_publication_20260622T101458Z_associative_recall_seed113,113,rslora,1536,1,uniform,uniform,uniform,cap_baseline,False,-0.0025251328479498,0.0,0.8208709596676957,1408,1536,-128
associative_recall,transformer_publication_20260622T101458Z_associative_recall_seed113,113,rslora,1536,1,effective_rank,effective_rank,effective_rank,candidate,False,-0.005580349010415301,0.0,0.6041386243236225,1472,1536,-64
associative_recall,transformer_publication_20260622T101458Z_associative_recall_seed113,113,rslora,1536,1,soft_dimension,soft_dimension,soft_dimension,candidate,True,-0.0056548039428889006,0.0,0.5988569059329125,1536,1536,0
associative_recall,transformer_publication_20260622T101458Z_associative_recall_seed113,113,rslora,1536,1,gradient_norm,gradient_norm,gradient_norm,candidate,False,-0.0095773447537794,0.0,0.3205978940596955,1536,1536,0
associative_recall,transformer_publication_20260622T101458Z_associative_recall_seed113,113,rslora,1536,1,marginal_gain_edge,marginal_gain_edge,marginal_gain_edge,candidate,False,-0.009583867911715,0.0,0.3201351512689989,1536,1536,0
associative_recall,transformer_publication_20260622T101458Z_associative_recall_seed113,113,rslora,1536,1,marginal_gain_soft,marginal_gain_soft,marginal_gain_soft,candidate,False,-0.010188518150243901,0.0,0.27724219335895467,1536,1536,0
associative_recall,transformer_publication_20260622T101458Z_associative_recall_seed113,113,fixed_update_scale,1536,2,uniform,uniform,uniform,cap_baseline,False,0.0007709736237303012,0.0,1.0481293342687514,1408,1536,-128
associative_recall,transformer_publication_20260622T101458Z_associative_recall_seed113,113,fixed_update_scale,1536,2,effective_rank,effective_rank,effective_rank,candidate,False,-0.001699340064078599,0.0,0.893915818306994,1472,1536,-64
associative_recall,transformer_publication_20260622T101458Z_associative_recall_seed113,113,fixed_update_scale,1536,2,soft_dimension,soft_dimension,soft_dimension,candidate,True,-0.006460310076363399,0.0,0.5967042015773991,1536,1536,0
associative_recall,transformer_publication_20260622T101458Z_associative_recall_seed113,113,fixed_update_scale,1536,2,gradient_norm,gradient_norm,gradient_norm,candidate,False,-0.008013296988792698,0.0,0.49975636325621053,1536,1536,0
associative_recall,transformer_publication_20260622T101458Z_associative_recall_seed113,113,fixed_update_scale,1536,2,marginal_gain_edge,marginal_gain_edge,marginal_gain_edge,candidate,False,-0.011082406213972698,0.0,0.3081620216867901,1536,1536,0
associative_recall,transformer_publication_20260622T101458Z_associative_recall_seed113,113,fixed_update_scale,1536,2,marginal_gain_soft,marginal_gain_soft,marginal_gain_soft,candidate,False,-0.011306976666673997,0.0,0.294142830819209,1536,1536,0
associative_recall,transformer_publication_20260622T101458Z_associative_recall_seed113,113,standard,1536,2,uniform,uniform,uniform,cap_baseline,False,-0.0036452409112826007,0.0,0.746565331048002,1408,1536,-128
associative_recall,transformer_publication_20260622T101458Z_associative_recall_seed113,113,standard,1536,2,effective_rank,effective_rank,effective_rank,candidate,False,-0.0072330622933805,0.0,0.4971227437510913,1472,1536,-64
associative_recall,transformer_publication_20260622T101458Z_associative_recall_seed113,113,standard,1536,2,soft_dimension,soft_dimension,soft_dimension,candidate,True,-0.0027498836861923007,0.0,0.8088148688583023,1536,1536,0
associative_recall,transformer_publication_20260622T101458Z_associative_recall_seed113,113,standard,1536,2,gradient_norm,gradient_norm,gradient_norm,candidate,False,-0.0089564094669186,0.0,0.3773073650025535,1536,1536,0
associative_recall,transformer_publication_20260622T101458Z_associative_recall_seed113,113,standard,1536,2,marginal_gain_edge,marginal_gain_edge,marginal_gain_edge,candidate,False,-0.0091231260448694,0.0,0.36571642718250574,1536,1536,0
associative_recall,transformer_publication_20260622T101458Z_associative_recall_seed113,113,standard,1536,2,marginal_gain_soft,marginal_gain_soft,marginal_gain_soft,candidate,False,-0.0103338519693352,0.0,0.28154094157636284,1536,1536,0
associative_recall,transformer_publication_20260622T101458Z_associative_recall_seed113,113,rslora,1536,2,uniform,uniform,uniform,cap_baseline,False,0.0027922289445997013,0.0,1.215242305743021,1408,1536,-128
associative_recall,transformer_publication_20260622T101458Z_associative_recall_seed113,113,rslora,1536,2,effective_rank,effective_rank,effective_rank,candidate,False,-0.0019743614830076,0.0,0.8478039851299908,1472,1536,-64
associative_recall,transformer_publication_20260622T101458Z_associative_recall_seed113,113,rslora,1536,2,soft_dimension,soft_dimension,soft_dimension,candidate,True,-0.0037394827231763995,0.0,0.7117375044838702,1536,1536,0
associative_recall,transformer_publication_20260622T101458Z_associative_recall_seed113,113,rslora,1536,2,gradient_norm,gradient_norm,gradient_norm,candidate,False,-0.004535726038739,0.0,0.6503581367548633,1536,1536,0
associative_recall,transformer_publication_20260622T101458Z_associative_recall_seed113,113,rslora,1536,2,marginal_gain_edge,marginal_gain_edge,marginal_gain_edge,candidate,False,-0.0081802867352962,0.0,0.369412819120881,1536,1536,0
associative_recall,transformer_publication_20260622T101458Z_associative_recall_seed113,113,rslora,1536,2,marginal_gain_soft,marginal_gain_soft,marginal_gain_soft,candidate,False,-0.0081515435595065,0.0,0.3716285211833202,1536,1536,0
associative_recall,transformer_publication_20260622T101458Z_associative_recall_seed113,113,fixed_update_scale,2048,0,uniform,uniform,uniform,cap_baseline,False,0.004023140529170601,0.0,1.5096396076609062,1408,2048,-640
associative_recall,transformer_publication_20260622T101458Z_associative_recall_seed113,113,fixed_update_scale,2048,0,effective_rank,effective_rank,effective_rank,candidate,False,-0.0038703051104675987,0.0,0.5097211335957624,2048,2048,0
associative_recall,transformer_publication_20260622T101458Z_associative_recall_seed113,113,fixed_update_scale,2048,0,soft_dimension,soft_dimension,soft_dimension,candidate,True,-0.0038703051104675987,0.0,0.5097211335957624,2048,2048,0
associative_recall,transformer_publication_20260622T101458Z_associative_recall_seed113,113,fixed_update_scale,2048,0,gradient_norm,gradient_norm,gradient_norm,candidate,False,-0.004476220783544699,0.0,0.43296551850759935,2048,2048,0
associative_recall,transformer_publication_20260622T101458Z_associative_recall_seed113,113,fixed_update_scale,2048,0,marginal_gain_edge,marginal_gain_edge,marginal_gain_edge,candidate,False,-0.004976526455720899,0.0,0.36958826766844716,1984,2048,-64
associative_recall,transformer_publication_20260622T101458Z_associative_recall_seed113,113,fixed_update_scale,2048,0,marginal_gain_soft,marginal_gain_soft,marginal_gain_soft,candidate,False,-0.004976526455720899,0.0,0.36958826766844716,1984,2048,-64
associative_recall,transformer_publication_20260622T101458Z_associative_recall_seed113,113,standard,2048,0,uniform,uniform,uniform,cap_baseline,False,0.0019097378826701,0.0,1.4686882645806847,1408,2048,-640
associative_recall,transformer_publication_20260622T101458Z_associative_recall_seed113,113,standard,2048,0,effective_rank,effective_rank,effective_rank,candidate,False,-0.0013575192424468002,0.0,0.6668373478627869,2048,2048,0
associative_recall,transformer_publication_20260622T101458Z_associative_recall_seed113,113,standard,2048,0,soft_dimension,soft_dimension,soft_dimension,candidate,True,-0.0013575192424468002,0.0,0.6668373478627869,2048,2048,0
associative_recall,transformer_publication_20260622T101458Z_associative_recall_seed113,113,standard,2048,0,gradient_norm,gradient_norm,gradient_norm,candidate,False,-0.0015781882393639001,0.0,0.6126807171804483,2048,2048,0
associative_recall,transformer_publication_20260622T101458Z_associative_recall_seed113,113,standard,2048,0,marginal_gain_edge,marginal_gain_edge,marginal_gain_edge,candidate,False,-0.0019374501716811002,0.0,0.5245105797413622,1984,2048,-64
associative_recall,transformer_publication_20260622T101458Z_associative_recall_seed113,113,standard,2048,0,marginal_gain_soft,marginal_gain_soft,marginal_gain_soft,candidate,False,-0.0019374501716811002,0.0,0.5245105797413622,1984,2048,-64
associative_recall,transformer_publication_20260622T101458Z_associative_recall_seed113,113,rslora,2048,0,uniform,uniform,uniform,cap_baseline,False,0.0038013737648726004,0.0,1.5839945420602963,1408,2048,-640
associative_recall,transformer_publication_20260622T101458Z_associative_recall_seed113,113,rslora,2048,0,effective_rank,effective_rank,effective_rank,candidate,False,-0.0030776671483181005,0.0,0.5271865046513563,2048,2048,0
associative_recall,transformer_publication_20260622T101458Z_associative_recall_seed113,113,rslora,2048,0,soft_dimension,soft_dimension,soft_dimension,candidate,True,-0.0030776671483181005,0.0,0.5271865046513563,2048,2048,0
associative_recall,transformer_publication_20260622T101458Z_associative_recall_seed113,113,rslora,2048,0,gradient_norm,gradient_norm,gradient_norm,candidate,False,-0.0038076672644820004,0.0,0.41503860499398404,2048,2048,0
associative_recall,transformer_publication_20260622T101458Z_associative_recall_seed113,113,rslora,2048,0,marginal_gain_edge,marginal_gain_edge,marginal_gain_edge,candidate,False,-0.0040144877275452,0.0,0.3832653490380967,1984,2048,-64
associative_recall,transformer_publication_20260622T101458Z_associative_recall_seed113,113,rslora,2048,0,marginal_gain_soft,marginal_gain_soft,marginal_gain_soft,candidate,False,-0.0040144877275452,0.0,0.3832653490380967,1984,2048,-64
associative_recall,transformer_publication_20260622T101458Z_associative_recall_seed113,113,fixed_update_scale,2048,1,uniform,uniform,uniform,cap_baseline,False,0.0056108444696292,0.0,1.5884567658303985,1408,2048,-640
associative_recall,transformer_publication_20260622T101458Z_associative_recall_seed113,113,fixed_update_scale,2048,1,effective_rank,effective_rank,effective_rank,candidate,False,-0.0054894650238566,0.0,0.4242733243519713,2048,2048,0
associative_recall,transformer_publication_20260622T101458Z_associative_recall_seed113,113,fixed_update_scale,2048,1,soft_dimension,soft_dimension,soft_dimension,candidate,True,-0.0054894650238566,0.0,0.4242733243519713,2048,2048,0
associative_recall,transformer_publication_20260622T101458Z_associative_recall_seed113,113,fixed_update_scale,2048,1,gradient_norm,gradient_norm,gradient_norm,candidate,False,-0.006537614361150199,0.0,0.31434502880400567,2048,2048,0
associative_recall,transformer_publication_20260622T101458Z_associative_recall_seed113,113,fixed_update_scale,2048,1,marginal_gain_edge,marginal_gain_edge,marginal_gain_edge,candidate,False,-0.006375584198394799,0.0,0.3313385038607678,1984,2048,-64
associative_recall,transformer_publication_20260622T101458Z_associative_recall_seed113,113,fixed_update_scale,2048,1,marginal_gain_soft,marginal_gain_soft,marginal_gain_soft,candidate,False,-0.006375584198394799,0.0,0.3313385038607678,1984,2048,-64
associative_recall,transformer_publication_20260622T101458Z_associative_recall_seed113,113,standard,2048,1,uniform,uniform,uniform,cap_baseline,False,0.004195161163807,0.0,2.0720102174293538,1408,2048,-640
associative_recall,transformer_publication_20260622T101458Z_associative_recall_seed113,113,standard,2048,1,effective_rank,effective_rank,effective_rank,candidate,False,-0.0005570019420701997,0.0,0.8576665473120028,2048,2048,0
associative_recall,transformer_publication_20260622T101458Z_associative_recall_seed113,113,standard,2048,1,soft_dimension,soft_dimension,soft_dimension,candidate,True,-0.0005570019420701997,0.0,0.8576665473120028,2048,2048,0
associative_recall,transformer_publication_20260622T101458Z_associative_recall_seed113,113,standard,2048,1,gradient_norm,gradient_norm,gradient_norm,candidate,False,-0.0018655073654371998,0.0,0.5232977045812497,2048,2048,0
associative_recall,transformer_publication_20260622T101458Z_associative_recall_seed113,113,standard,2048,1,marginal_gain_edge,marginal_gain_edge,marginal_gain_edge,candidate,False,-0.0009787994204088998,0.0,0.7498825578991409,1984,2048,-64
associative_recall,transformer_publication_20260622T101458Z_associative_recall_seed113,113,standard,2048,1,marginal_gain_soft,marginal_gain_soft,marginal_gain_soft,candidate,False,-0.0009787994204088998,0.0,0.7498825578991409,1984,2048,-64
associative_recall,transformer_publication_20260622T101458Z_associative_recall_seed113,113,rslora,2048,1,uniform,uniform,uniform,cap_baseline,False,0.0040173567249439995,0.0,1.6186524563606597,1408,2048,-640
associative_recall,transformer_publication_20260622T101458Z_associative_recall_seed113,113,rslora,2048,1,effective_rank,effective_rank,effective_rank,candidate,False,-0.0036058756522833997,0.0,0.44471353122187135,2048,2048,0
associative_recall,transformer_publication_20260622T101458Z_associative_recall_seed113,113,rslora,2048,1,soft_dimension,soft_dimension,soft_dimension,candidate,True,-0.0036058756522833997,0.0,0.44471353122187135,2048,2048,0
associative_recall,transformer_publication_20260622T101458Z_associative_recall_seed113,113,rslora,2048,1,gradient_norm,gradient_norm,gradient_norm,candidate,False,-0.0040103888022713,0.0,0.38242056821055426,2048,2048,0
associative_recall,transformer_publication_20260622T101458Z_associative_recall_seed113,113,rslora,2048,1,marginal_gain_edge,marginal_gain_edge,marginal_gain_edge,candidate,False,-0.0032974328205455,0.0,0.49221215496038173,1984,2048,-64
associative_recall,transformer_publication_20260622T101458Z_associative_recall_seed113,113,rslora,2048,1,marginal_gain_soft,marginal_gain_soft,marginal_gain_soft,candidate,False,-0.0032974328205455,0.0,0.49221215496038173,1984,2048,-64
associative_recall,transformer_publication_20260622T101458Z_associative_recall_seed113,113,fixed_update_scale,2048,2,uniform,uniform,uniform,cap_baseline,False,0.0101937066065147,0.0,2.4886941425424416,1408,2048,-640
associative_recall,transformer_publication_20260622T101458Z_associative_recall_seed113,113,fixed_update_scale,2048,2,effective_rank,effective_rank,effective_rank,candidate,False,-0.001837280462496,0.0,0.7316826186681246,2048,2048,0
associative_recall,transformer_publication_20260622T101458Z_associative_recall_seed113,113,fixed_update_scale,2048,2,soft_dimension,soft_dimension,soft_dimension,candidate,True,-0.001837280462496,0.0,0.7316826186681246,2048,2048,0
associative_recall,transformer_publication_20260622T101458Z_associative_recall_seed113,113,fixed_update_scale,2048,2,gradient_norm,gradient_norm,gradient_norm,candidate,False,-0.0034615375334397,0.0,0.49447528272697683,2048,2048,0
associative_recall,transformer_publication_20260622T101458Z_associative_recall_seed113,113,fixed_update_scale,2048,2,marginal_gain_edge,marginal_gain_edge,marginal_gain_edge,candidate,False,-0.0027402730192989007,0.0,0.5998091224059519,1984,2048,-64
associative_recall,transformer_publication_20260622T101458Z_associative_recall_seed113,113,fixed_update_scale,2048,2,marginal_gain_soft,marginal_gain_soft,marginal_gain_soft,candidate,False,-0.0027402730192989007,0.0,0.5998091224059519,1984,2048,-64
associative_recall,transformer_publication_20260622T101458Z_associative_recall_seed113,113,standard,2048,2,uniform,uniform,uniform,cap_baseline,False,0.005480756051838401,0.0,2.402254122530414,1408,2048,-640
associative_recall,transformer_publication_20260622T101458Z_associative_recall_seed113,113,standard,2048,2,effective_rank,effective_rank,effective_rank,candidate,False,-0.0013580051600001002,0.0,0.6525537141196114,2048,2048,0
associative_recall,transformer_publication_20260622T101458Z_associative_recall_seed113,113,standard,2048,2,soft_dimension,soft_dimension,soft_dimension,candidate,True,-0.0013580051600001002,0.0,0.6525537141196114,2048,2048,0
associative_recall,transformer_publication_20260622T101458Z_associative_recall_seed113,113,standard,2048,2,gradient_norm,gradient_norm,gradient_norm,candidate,False,-0.001360024762107,0.0,0.6520369979305518,2048,2048,0
associative_recall,transformer_publication_20260622T101458Z_associative_recall_seed113,113,standard,2048,2,marginal_gain_edge,marginal_gain_edge,marginal_gain_edge,candidate,False,-0.0017095148214139,0.0,0.5626197949367943,1984,2048,-64
associative_recall,transformer_publication_20260622T101458Z_associative_recall_seed113,113,standard,2048,2,marginal_gain_soft,marginal_gain_soft,marginal_gain_soft,candidate,False,-0.0017095148214139,0.0,0.5626197949367943,1984,2048,-64
associative_recall,transformer_publication_20260622T101458Z_associative_recall_seed113,113,rslora,2048,2,uniform,uniform,uniform,cap_baseline,False,0.0052843486191705,0.0,1.8711979357893809,1408,2048,-640
associative_recall,transformer_publication_20260622T101458Z_associative_recall_seed113,113,rslora,2048,2,effective_rank,effective_rank,effective_rank,candidate,False,-0.0021487690974026996,0.0,0.6457457035756478,2048,2048,0
associative_recall,transformer_publication_20260622T101458Z_associative_recall_seed113,113,rslora,2048,2,soft_dimension,soft_dimension,soft_dimension,candidate,True,-0.0021487690974026996,0.0,0.6457457035756478,2048,2048,0
associative_recall,transformer_publication_20260622T101458Z_associative_recall_seed113,113,rslora,2048,2,gradient_norm,gradient_norm,gradient_norm,candidate,False,-0.0033167496148962,0.0,0.4531879657702497,2048,2048,0
associative_recall,transformer_publication_20260622T101458Z_associative_recall_seed113,113,rslora,2048,2,marginal_gain_edge,marginal_gain_edge,marginal_gain_edge,candidate,False,-0.0030221789493225,0.0,0.5017520129757869,1984,2048,-64
associative_recall,transformer_publication_20260622T101458Z_associative_recall_seed113,113,rslora,2048,2,marginal_gain_soft,marginal_gain_soft,marginal_gain_soft,candidate,False,-0.0030221789493225,0.0,0.5017520129757869,1984,2048,-64
associative_recall,transformer_publication_20260622T101458Z_associative_recall_seed113,113,fixed_update_scale,3072,0,uniform,uniform,uniform,cap_baseline,False,0.0005151437362655,0.0,1.16195956591527,2816,3072,-256
associative_recall,transformer_publication_20260622T101458Z_associative_recall_seed113,113,fixed_update_scale,3072,0,effective_rank,effective_rank,effective_rank,candidate,False,-0.0006758271483704999,0.0,0.7875220761154165,3072,3072,0
associative_recall,transformer_publication_20260622T101458Z_associative_recall_seed113,113,fixed_update_scale,3072,0,soft_dimension,soft_dimension,soft_dimension,candidate,True,-0.0006846683099866,0.0,0.7847424427883942,3072,3072,0
associative_recall,transformer_publication_20260622T101458Z_associative_recall_seed113,113,fixed_update_scale,3072,0,gradient_norm,gradient_norm,gradient_norm,candidate,False,-0.0015050028887345,0.0,0.5268318385705058,3072,3072,0
associative_recall,transformer_publication_20260622T101458Z_associative_recall_seed113,113,fixed_update_scale,3072,0,marginal_gain_edge,marginal_gain_edge,marginal_gain_edge,candidate,False,-0.0017490292375441998,0.0,0.4501107241653841,3008,3072,-64
associative_recall,transformer_publication_20260622T101458Z_associative_recall_seed113,113,fixed_update_scale,3072,0,marginal_gain_soft,marginal_gain_soft,marginal_gain_soft,candidate,False,-0.0017490292375441998,0.0,0.4501107241653841,3008,3072,-64
associative_recall,transformer_publication_20260622T101458Z_associative_recall_seed113,113,standard,3072,0,uniform,uniform,uniform,cap_baseline,False,-0.00014319783076639997,0.0,0.9395751529920722,2816,3072,-256
associative_recall,transformer_publication_20260622T101458Z_associative_recall_seed113,113,standard,3072,0,effective_rank,effective_rank,effective_rank,candidate,False,-0.000689282460371,0.0,0.7091451246834217,3072,3072,0
associative_recall,transformer_publication_20260622T101458Z_associative_recall_seed113,113,standard,3072,0,soft_dimension,soft_dimension,soft_dimension,candidate,True,-0.00027375289937480026,0.0,0.8844851421689255,3072,3072,0
associative_recall,transformer_publication_20260622T101458Z_associative_recall_seed113,113,standard,3072,0,gradient_norm,gradient_norm,gradient_norm,candidate,False,-0.0008880301029421001,0.0,0.6252800561186896,3072,3072,0
associative_recall,transformer_publication_20260622T101458Z_associative_recall_seed113,113,standard,3072,0,marginal_gain_edge,marginal_gain_edge,marginal_gain_edge,candidate,False,-0.0009229854185833,0.0,0.6105300449737656,3008,3072,-64
associative_recall,transformer_publication_20260622T101458Z_associative_recall_seed113,113,standard,3072,0,marginal_gain_soft,marginal_gain_soft,marginal_gain_soft,candidate,False,-0.0009229854185833,0.0,0.6105300449737656,3008,3072,-64
associative_recall,transformer_publication_20260622T101458Z_associative_recall_seed113,113,rslora,3072,0,uniform,uniform,uniform,cap_baseline,False,-0.00046755644143560036,0.0,0.837993851071898,2816,3072,-256
associative_recall,transformer_publication_20260622T101458Z_associative_recall_seed113,113,rslora,3072,0,effective_rank,effective_rank,effective_rank,candidate,False,-0.0008364836685360003,0.0,0.7101622696830415,3072,3072,0
associative_recall,transformer_publication_20260622T101458Z_associative_recall_seed113,113,rslora,3072,0,soft_dimension,soft_dimension,soft_dimension,candidate,True,-0.0006191905413289,0.0,0.7854533353333801,3072,3072,0
associative_recall,transformer_publication_20260622T101458Z_associative_recall_seed113,113,rslora,3072,0,gradient_norm,gradient_norm,gradient_norm,candidate,False,-0.0013790491066175002,0.0,0.5221658496247816,3072,3072,0
associative_recall,transformer_publication_20260622T101458Z_associative_recall_seed113,113,rslora,3072,0,marginal_gain_edge,marginal_gain_edge,marginal_gain_edge,candidate,False,-0.0014857325877529002,0.0,0.48520051581412443,3008,3072,-64
associative_recall,transformer_publication_20260622T101458Z_associative_recall_seed113,113,rslora,3072,0,marginal_gain_soft,marginal_gain_soft,marginal_gain_soft,candidate,False,-0.0014857325877529002,0.0,0.48520051581412443,3008,3072,-64
associative_recall,transformer_publication_20260622T101458Z_associative_recall_seed113,113,fixed_update_scale,3072,1,uniform,uniform,uniform,cap_baseline,False,0.0006318401137832999,0.0,1.2445532759174545,2816,3072,-256
associative_recall,transformer_publication_20260622T101458Z_associative_recall_seed113,113,fixed_update_scale,3072,1,effective_rank,effective_rank,effective_rank,candidate,False,-0.0005412369791884001,0.0,0.7905146042158604,3072,3072,0
associative_recall,transformer_publication_20260622T101458Z_associative_recall_seed113,113,fixed_update_scale,3072,1,soft_dimension,soft_dimension,soft_dimension,candidate,True,-0.0003547720843926003,0.0,0.8626857118602792,3072,3072,0
associative_recall,transformer_publication_20260622T101458Z_associative_recall_seed113,113,fixed_update_scale,3072,1,gradient_norm,gradient_norm,gradient_norm,candidate,False,-0.0011571378272492003,0.0,0.5521306099934472,3072,3072,0
associative_recall,transformer_publication_20260622T101458Z_associative_recall_seed113,113,fixed_update_scale,3072,1,marginal_gain_edge,marginal_gain_edge,marginal_gain_edge,candidate,False,-0.0009862218721537002,0.0,0.6182835113578269,3008,3072,-64
associative_recall,transformer_publication_20260622T101458Z_associative_recall_seed113,113,fixed_update_scale,3072,1,marginal_gain_soft,marginal_gain_soft,marginal_gain_soft,candidate,False,-0.0009862218721537002,0.0,0.6182835113578269,3008,3072,-64
associative_recall,transformer_publication_20260622T101458Z_associative_recall_seed113,113,standard,3072,1,uniform,uniform,uniform,cap_baseline,False,0.0003160012129229,0.0,1.1681155303473398,2816,3072,-256
associative_recall,transformer_publication_20260622T101458Z_associative_recall_seed113,113,standard,3072,1,effective_rank,effective_rank,effective_rank,candidate,False,-0.00039342571108129994,0.0,0.790693929751309,3072,3072,0
associative_recall,transformer_publication_20260622T101458Z_associative_recall_seed113,113,standard,3072,1,soft_dimension,soft_dimension,soft_dimension,candidate,True,0.00015952490502969992,0.0,1.0848687059287345,3072,3072,0
associative_recall,transformer_publication_20260622T101458Z_associative_recall_seed113,113,standard,3072,1,gradient_norm,gradient_norm,gradient_norm,candidate,False,-0.0005484928551596001,0.0,0.7081967933478126,3072,3072,0
associative_recall,transformer_publication_20260622T101458Z_associative_recall_seed113,113,standard,3072,1,marginal_gain_edge,marginal_gain_edge,marginal_gain_edge,candidate,False,-0.00015205839008559994,0.0,0.9191035481903659,3008,3072,-64
associative_recall,transformer_publication_20260622T101458Z_associative_recall_seed113,113,standard,3072,1,marginal_gain_soft,marginal_gain_soft,marginal_gain_soft,candidate,False,-0.00015205839008559994,0.0,0.9191035481903659,3008,3072,-64
associative_recall,transformer_publication_20260622T101458Z_associative_recall_seed113,113,rslora,3072,1,uniform,uniform,uniform,cap_baseline,False,-0.00031766665051699994,0.0,0.8953528072213571,2816,3072,-256
associative_recall,transformer_publication_20260622T101458Z_associative_recall_seed113,113,rslora,3072,1,effective_rank,effective_rank,effective_rank,candidate,False,-0.0013064981758362,0.0,0.5696074288907472,3072,3072,0
associative_recall,transformer_publication_20260622T101458Z_associative_recall_seed113,113,rslora,3072,1,soft_dimension,soft_dimension,soft_dimension,candidate,True,-0.0008071899355855,0.0,0.7340918202753686,3072,3072,0
associative_recall,transformer_publication_20260622T101458Z_associative_recall_seed113,113,rslora,3072,1,gradient_norm,gradient_norm,gradient_norm,candidate,False,-0.0016752309311415003,0.0,0.44813780762129984,3072,3072,0
associative_recall,transformer_publication_20260622T101458Z_associative_recall_seed113,113,rslora,3072,1,marginal_gain_edge,marginal_gain_edge,marginal_gain_edge,candidate,False,-0.0013185716525186,0.0,0.5656301292911975,3008,3072,-64
associative_recall,transformer_publication_20260622T101458Z_associative_recall_seed113,113,rslora,3072,1,marginal_gain_soft,marginal_gain_soft,marginal_gain_soft,candidate,False,-0.0013185716525186,0.0,0.5656301292911975,3008,3072,-64
associative_recall,transformer_publication_20260622T101458Z_associative_recall_seed113,113,fixed_update_scale,3072,2,uniform,uniform,uniform,cap_baseline,False,-0.00015322363469749993,0.0,0.9443733645875956,2816,3072,-256
associative_recall,transformer_publication_20260622T101458Z_associative_recall_seed113,113,fixed_update_scale,3072,2,effective_rank,effective_rank,effective_rank,candidate,False,-0.0008447417058050999,0.0,0.6933231679352686,3072,3072,0
associative_recall,transformer_publication_20260622T101458Z_associative_recall_seed113,113,fixed_update_scale,3072,2,soft_dimension,soft_dimension,soft_dimension,candidate,True,-0.0003817725810223,0.0,0.8614004672522846,3072,3072,0
associative_recall,transformer_publication_20260622T101458Z_associative_recall_seed113,113,fixed_update_scale,3072,2,gradient_norm,gradient_norm,gradient_norm,candidate,False,-0.0012505796476034998,0.0,0.5459868952413761,3072,3072,0
associative_recall,transformer_publication_20260622T101458Z_associative_recall_seed113,113,fixed_update_scale,3072,2,marginal_gain_edge,marginal_gain_edge,marginal_gain_edge,candidate,False,-0.0013814011908835,0.0,0.4984931629167807,3008,3072,-64
associative_recall,transformer_publication_20260622T101458Z_associative_recall_seed113,113,fixed_update_scale,3072,2,marginal_gain_soft,marginal_gain_soft,marginal_gain_soft,candidate,False,-0.0013814011908835,0.0,0.4984931629167807,3008,3072,-64
associative_recall,transformer_publication_20260622T101458Z_associative_recall_seed113,113,standard,3072,2,uniform,uniform,uniform,cap_baseline,False,0.00019296990649310028,0.0,1.0999792476271604,2816,3072,-256
associative_recall,transformer_publication_20260622T101458Z_associative_recall_seed113,113,standard,3072,2,effective_rank,effective_rank,effective_rank,candidate,False,-0.00021095684496679986,0.0,0.8907015760909109,3072,3072,0
associative_recall,transformer_publication_20260622T101458Z_associative_recall_seed113,113,standard,3072,2,soft_dimension,soft_dimension,soft_dimension,candidate,True,-0.00024289505381599997,0.0,0.8741541353560712,3072,3072,0
associative_recall,transformer_publication_20260622T101458Z_associative_recall_seed113,113,standard,3072,2,gradient_norm,gradient_norm,gradient_norm,candidate,False,-0.0005189458461244999,0.0,0.7311300181584389,3072,3072,0
associative_recall,transformer_publication_20260622T101458Z_associative_recall_seed113,113,standard,3072,2,marginal_gain_edge,marginal_gain_edge,marginal_gain_edge,candidate,False,-0.0006929013470653,0.0,0.6410022857014155,3008,3072,-64
associative_recall,transformer_publication_20260622T101458Z_associative_recall_seed113,113,standard,3072,2,marginal_gain_soft,marginal_gain_soft,marginal_gain_soft,candidate,False,-0.0006929013470653,0.0,0.6410022857014155,3008,3072,-64
associative_recall,transformer_publication_20260622T101458Z_associative_recall_seed113,113,rslora,3072,2,uniform,uniform,uniform,cap_baseline,False,-0.00033657220774330025,0.0,0.876354972746208,2816,3072,-256
associative_recall,transformer_publication_20260622T101458Z_associative_recall_seed113,113,rslora,3072,2,effective_rank,effective_rank,effective_rank,candidate,False,-0.0006122473569121004,0.0,0.7750814256499892,3072,3072,0
associative_recall,transformer_publication_20260622T101458Z_associative_recall_seed113,113,rslora,3072,2,soft_dimension,soft_dimension,soft_dimension,candidate,True,-0.0006301311368588003,0.0,0.7685115413635331,3072,3072,0
associative_recall,transformer_publication_20260622T101458Z_associative_recall_seed113,113,rslora,3072,2,gradient_norm,gradient_norm,gradient_norm,candidate,False,-0.0012374887883197002,0.0,0.545389276244847,3072,3072,0
associative_recall,transformer_publication_20260622T101458Z_associative_recall_seed113,113,rslora,3072,2,marginal_gain_edge,marginal_gain_edge,marginal_gain_edge,candidate,False,-0.0014531794004142003,0.0,0.4661519803622597,3008,3072,-64
associative_recall,transformer_publication_20260622T101458Z_associative_recall_seed113,113,rslora,3072,2,marginal_gain_soft,marginal_gain_soft,marginal_gain_soft,candidate,False,-0.0014531794004142003,0.0,0.4661519803622597,3008,3072,-64
associative_recall,transformer_publication_20260622T101458Z_associative_recall_seed113,113,fixed_update_scale,4096,0,uniform,uniform,uniform,cap_baseline,False,0.0018765266868286,0.0,1.799403270938214,2816,4096,-1280
associative_recall,transformer_publication_20260622T101458Z_associative_recall_seed113,113,fixed_update_scale,4096,0,effective_rank,effective_rank,effective_rank,candidate,False,-0.0007739069696981002,0.0,0.6703144339374638,4096,4096,0
associative_recall,transformer_publication_20260622T101458Z_associative_recall_seed113,113,fixed_update_scale,4096,0,soft_dimension,soft_dimension,soft_dimension,candidate,True,-0.0007739069696981002,0.0,0.6703144339374638,4096,4096,0
associative_recall,transformer_publication_20260622T101458Z_associative_recall_seed113,113,fixed_update_scale,4096,0,gradient_norm,gradient_norm,gradient_norm,candidate,False,-0.0011551978677744002,0.0,0.5078839216294851,4096,4096,0
associative_recall,transformer_publication_20260622T101458Z_associative_recall_seed113,113,fixed_update_scale,4096,0,marginal_gain_edge,marginal_gain_edge,marginal_gain_edge,candidate,False,-0.0011567117617232003,0.0,0.5072390004658167,4096,4096,0
associative_recall,transformer_publication_20260622T101458Z_associative_recall_seed113,113,fixed_update_scale,4096,0,marginal_gain_soft,marginal_gain_soft,marginal_gain_soft,candidate,False,-0.0012780223187292001,0.0,0.4555605155550446,4096,4096,0
associative_recall,transformer_publication_20260622T101458Z_associative_recall_seed113,113,standard,4096,0,uniform,uniform,uniform,cap_baseline,False,0.0011551848147064,0.0,1.728048315505026,2816,4096,-1280
associative_recall,transformer_publication_20260622T101458Z_associative_recall_seed113,113,standard,4096,0,effective_rank,effective_rank,effective_rank,candidate,False,-5.8985940995700094e-05,0.0,0.9628244637276391,4096,4096,0
associative_recall,transformer_publication_20260622T101458Z_associative_recall_seed113,113,standard,4096,0,soft_dimension,soft_dimension,soft_dimension,candidate,True,-5.8985940995700094e-05,0.0,0.9628244637276391,4096,4096,0
associative_recall,transformer_publication_20260622T101458Z_associative_recall_seed113,113,standard,4096,0,gradient_norm,gradient_norm,gradient_norm,candidate,False,-0.00034943845821550014,0.0,0.7797685031540791,4096,4096,0
associative_recall,transformer_publication_20260622T101458Z_associative_recall_seed113,113,standard,4096,0,marginal_gain_edge,marginal_gain_edge,marginal_gain_edge,candidate,False,-6.578206375709998e-05,0.0,0.9585412480331356,4096,4096,0
associative_recall,transformer_publication_20260622T101458Z_associative_recall_seed113,113,standard,4096,0,marginal_gain_soft,marginal_gain_soft,marginal_gain_soft,candidate,False,-0.0004231766506564,0.0,0.7332954487029374,4096,4096,0
associative_recall,transformer_publication_20260622T101458Z_associative_recall_seed113,113,rslora,4096,0,uniform,uniform,uniform,cap_baseline,False,0.0014165890461299998,0.0,1.9018614277149988,2816,4096,-1280
associative_recall,transformer_publication_20260622T101458Z_associative_recall_seed113,113,rslora,4096,0,effective_rank,effective_rank,effective_rank,candidate,False,-1.7044178093800037e-05,0.0,0.9891489441966979,4096,4096,0
associative_recall,transformer_publication_20260622T101458Z_associative_recall_seed113,113,rslora,4096,0,soft_dimension,soft_dimension,soft_dimension,candidate,True,-1.7044178093800037e-05,0.0,0.9891489441966979,4096,4096,0
associative_recall,transformer_publication_20260622T101458Z_associative_recall_seed113,113,rslora,4096,0,gradient_norm,gradient_norm,gradient_norm,candidate,False,-0.0003810747730313001,0.0,0.7573914327439756,4096,4096,0
associative_recall,transformer_publication_20260622T101458Z_associative_recall_seed113,113,rslora,4096,0,marginal_gain_edge,marginal_gain_edge,marginal_gain_edge,candidate,False,-0.00027050361677540013,0.0,0.8277857797265887,4096,4096,0
associative_recall,transformer_publication_20260622T101458Z_associative_recall_seed113,113,rslora,4096,0,marginal_gain_soft,marginal_gain_soft,marginal_gain_soft,candidate,False,-0.0003965647047152001,0.0,0.7475298769583976,4096,4096,0
associative_recall,transformer_publication_20260622T101458Z_associative_recall_seed113,113,fixed_update_scale,4096,1,uniform,uniform,uniform,cap_baseline,False,0.0007254378870129004,0.0,1.1625449381377377,2816,4096,-1280
associative_recall,transformer_publication_20260622T101458Z_associative_recall_seed113,113,fixed_update_scale,4096,1,effective_rank,effective_rank,effective_rank,candidate,False,-0.0023731416731607,0.0,0.4682629989945178,4096,4096,0
associative_recall,transformer_publication_20260622T101458Z_associative_recall_seed113,113,fixed_update_scale,4096,1,soft_dimension,soft_dimension,soft_dimension,candidate,True,-0.0023731416731607,0.0,0.4682629989945178,4096,4096,0
associative_recall,transformer_publication_20260622T101458Z_associative_recall_seed113,113,fixed_update_scale,4096,1,gradient_norm,gradient_norm,gradient_norm,candidate,False,-0.0032111555774463,0.0,0.2804937624144539,4096,4096,0
associative_recall,transformer_publication_20260622T101458Z_associative_recall_seed113,113,fixed_update_scale,4096,1,marginal_gain_edge,marginal_gain_edge,marginal_gain_edge,candidate,False,-0.0029478398064384,0.0,0.3394935010211703,4096,4096,0
associative_recall,transformer_publication_20260622T101458Z_associative_recall_seed113,113,fixed_update_scale,4096,1,marginal_gain_soft,marginal_gain_soft,marginal_gain_soft,candidate,False,-0.0029563652788056,0.0,0.3375832446045561,4096,4096,0
associative_recall,transformer_publication_20260622T101458Z_associative_recall_seed113,113,standard,4096,1,uniform,uniform,uniform,cap_baseline,False,0.0005854417686350999,0.0,1.1784151920043535,2816,4096,-1280
associative_recall,transformer_publication_20260622T101458Z_associative_recall_seed113,113,standard,4096,1,effective_rank,effective_rank,effective_rank,candidate,False,-0.0014564814773620999,0.0,0.5561327593004206,4096,4096,0
associative_recall,transformer_publication_20260622T101458Z_associative_recall_seed113,113,standard,4096,1,soft_dimension,soft_dimension,soft_dimension,candidate,True,-0.0014564814773620999,0.0,0.5561327593004206,4096,4096,0
associative_recall,transformer_publication_20260622T101458Z_associative_recall_seed113,113,standard,4096,1,gradient_norm,gradient_norm,gradient_norm,candidate,False,-0.0017472015897509999,0.0,0.4675349047395477,4096,4096,0
associative_recall,transformer_publication_20260622T101458Z_associative_recall_seed113,113,standard,4096,1,marginal_gain_edge,marginal_gain_edge,marginal_gain_edge,candidate,False,-0.0017223805771208998,0.0,0.4750991852049922,4096,4096,0
associative_recall,transformer_publication_20260622T101458Z_associative_recall_seed113,113,standard,4096,1,marginal_gain_soft,marginal_gain_soft,marginal_gain_soft,candidate,False,-0.0018052867089863999,0.0,0.44983328477290163,4096,4096,0
associative_recall,transformer_publication_20260622T101458Z_associative_recall_seed113,113,rslora,4096,1,uniform,uniform,uniform,cap_baseline,False,0.0008199136063921997,0.0,1.2451109798629154,2816,4096,-1280
associative_recall,transformer_publication_20260622T101458Z_associative_recall_seed113,113,rslora,4096,1,effective_rank,effective_rank,effective_rank,candidate,False,-0.0014404471730812998,0.0,0.5693821699236007,4096,4096,0
associative_recall,transformer_publication_20260622T101458Z_associative_recall_seed113,113,rslora,4096,1,soft_dimension,soft_dimension,soft_dimension,candidate,True,-0.0014404471730812998,0.0,0.5693821699236007,4096,4096,0
associative_recall,transformer_publication_20260622T101458Z_associative_recall_seed113,113,rslora,4096,1,gradient_norm,gradient_norm,gradient_norm,candidate,False,-0.0017787347314879,0.0,0.46825200905051495,4096,4096,0
associative_recall,transformer_publication_20260622T101458Z_associative_recall_seed113,113,rslora,4096,1,marginal_gain_edge,marginal_gain_edge,marginal_gain_edge,candidate,False,-0.0018102429748978,0.0,0.45883270394842884,4096,4096,0
associative_recall,transformer_publication_20260622T101458Z_associative_recall_seed113,113,rslora,4096,1,marginal_gain_soft,marginal_gain_soft,marginal_gain_soft,candidate,False,-0.0018001431017183,0.0,0.4618520340244494,4096,4096,0
associative_recall,transformer_publication_20260622T101458Z_associative_recall_seed113,113,fixed_update_scale,4096,2,uniform,uniform,uniform,cap_baseline,False,0.0006952585245016997,0.0,1.3322416373164991,2816,4096,-1280
associative_recall,transformer_publication_20260622T101458Z_associative_recall_seed113,113,fixed_update_scale,4096,2,effective_rank,effective_rank,effective_rank,candidate,False,-0.0008173934620573,0.0,0.6093940130250711,4096,4096,0
associative_recall,transformer_publication_20260622T101458Z_associative_recall_seed113,113,fixed_update_scale,4096,2,soft_dimension,soft_dimension,soft_dimension,candidate,True,-0.0008173934620573,0.0,0.6093940130250711,4096,4096,0
associative_recall,transformer_publication_20260622T101458Z_associative_recall_seed113,113,fixed_update_scale,4096,2,gradient_norm,gradient_norm,gradient_norm,candidate,False,-0.0009340663236799,0.0,0.5536398133859135,4096,4096,0
associative_recall,transformer_publication_20260622T101458Z_associative_recall_seed113,113,fixed_update_scale,4096,2,marginal_gain_edge,marginal_gain_edge,marginal_gain_edge,candidate,False,-0.0009484541515122002,0.0,0.5467643342540937,4096,4096,0
associative_recall,transformer_publication_20260622T101458Z_associative_recall_seed113,113,fixed_update_scale,4096,2,marginal_gain_soft,marginal_gain_soft,marginal_gain_soft,candidate,False,-0.0007406743825414,0.0,0.6460555880989558,4096,4096,0
associative_recall,transformer_publication_20260622T101458Z_associative_recall_seed113,113,standard,4096,2,uniform,uniform,uniform,cap_baseline,False,0.0003675179614219999,0.0,1.2644088148213866,2816,4096,-1280
associative_recall,transformer_publication_20260622T101458Z_associative_recall_seed113,113,standard,4096,2,effective_rank,effective_rank,effective_rank,candidate,False,-0.0003097224544035,0.0,0.7771718509333837,4096,4096,0
associative_recall,transformer_publication_20260622T101458Z_associative_recall_seed113,113,standard,4096,2,soft_dimension,soft_dimension,soft_dimension,candidate,True,-0.0003097224544035,0.0,0.7771718509333837,4096,4096,0
associative_recall,transformer_publication_20260622T101458Z_associative_recall_seed113,113,standard,4096,2,gradient_norm,gradient_norm,gradient_norm,candidate,False,-0.00021086486231070012,0.0,0.8482944122912477,4096,4096,0
associative_recall,transformer_publication_20260622T101458Z_associative_recall_seed113,113,standard,4096,2,marginal_gain_edge,marginal_gain_edge,marginal_gain_edge,candidate,False,-0.00016975701146290005,0.0,0.8778692338332091,4096,4096,0
associative_recall,transformer_publication_20260622T101458Z_associative_recall_seed113,113,standard,4096,2,marginal_gain_soft,marginal_gain_soft,marginal_gain_soft,candidate,False,0.00012628309195859984,0.0,1.0908536892933332,4096,4096,0
associative_recall,transformer_publication_20260622T101458Z_associative_recall_seed113,113,rslora,4096,2,uniform,uniform,uniform,cap_baseline,False,0.0002606518246466001,0.0,1.1389087521425063,2816,4096,-1280
associative_recall,transformer_publication_20260622T101458Z_associative_recall_seed113,113,rslora,4096,2,effective_rank,effective_rank,effective_rank,candidate,False,-0.0005411321035354,0.0,0.7116153499087641,4096,4096,0
associative_recall,transformer_publication_20260622T101458Z_associative_recall_seed113,113,rslora,4096,2,soft_dimension,soft_dimension,soft_dimension,candidate,True,-0.0005411321035354,0.0,0.7116153499087641,4096,4096,0
associative_recall,transformer_publication_20260622T101458Z_associative_recall_seed113,113,rslora,4096,2,gradient_norm,gradient_norm,gradient_norm,candidate,False,-0.0007609139283885999,0.0,0.5944873801531182,4096,4096,0
associative_recall,transformer_publication_20260622T101458Z_associative_recall_seed113,113,rslora,4096,2,marginal_gain_edge,marginal_gain_edge,marginal_gain_edge,candidate,False,-0.0006409158668248,0.0,0.6584377515497012,4096,4096,0
associative_recall,transformer_publication_20260622T101458Z_associative_recall_seed113,113,rslora,4096,2,marginal_gain_soft,marginal_gain_soft,marginal_gain_soft,candidate,False,-0.00042390404269099994,0.0,0.7740895093360375,4096,4096,0
associative_recall,transformer_publication_20260622T101458Z_associative_recall_seed113,113,fixed_update_scale,6144,0,uniform,uniform,uniform,cap_baseline,False,5.4946620366500085e-05,0.0,1.0409698956193227,5632,6144,-512
associative_recall,transformer_publication_20260622T101458Z_associative_recall_seed113,113,fixed_update_scale,6144,0,effective_rank,effective_rank,effective_rank,candidate,False,-0.00035834477603199997,0.0,0.7328070776358152,6144,6144,0
associative_recall,transformer_publication_20260622T101458Z_associative_recall_seed113,113,fixed_update_scale,6144,0,soft_dimension,soft_dimension,soft_dimension,candidate,True,-0.00027818049420599996,0.0,0.7925800397743851,6144,6144,0
associative_recall,transformer_publication_20260622T101458Z_associative_recall_seed113,113,fixed_update_scale,6144,0,gradient_norm,gradient_norm,gradient_norm,candidate,False,-0.00038204013981159995,0.0,0.7151390832398583,6144,6144,0
associative_recall,transformer_publication_20260622T101458Z_associative_recall_seed113,113,fixed_update_scale,6144,0,marginal_gain_edge,marginal_gain_edge,marginal_gain_edge,candidate,False,-0.00038578606472589993,0.0,0.7123460060366923,6144,6144,0
associative_recall,transformer_publication_20260622T101458Z_associative_recall_seed113,113,fixed_update_scale,6144,0,marginal_gain_soft,marginal_gain_soft,marginal_gain_soft,candidate,False,-0.0004002601926914,0.0,0.7015536496010852,6144,6144,0
associative_recall,transformer_publication_20260622T101458Z_associative_recall_seed113,113,standard,6144,0,uniform,uniform,uniform,cap_baseline,False,9.897976997309994e-05,0.0,1.07630774274696,5632,6144,-512
associative_recall,transformer_publication_20260622T101458Z_associative_recall_seed113,113,standard,6144,0,effective_rank,effective_rank,effective_rank,candidate,False,-0.00012451603834050013,0.0,0.9040052545672742,6144,6144,0
associative_recall,transformer_publication_20260622T101458Z_associative_recall_seed113,113,standard,6144,0,soft_dimension,soft_dimension,soft_dimension,candidate,True,-9.694338950790005e-05,0.0,0.925262190146556,6144,6144,0
associative_recall,transformer_publication_20260622T101458Z_associative_recall_seed113,113,standard,6144,0,gradient_norm,gradient_norm,gradient_norm,candidate,False,-0.0003068393998546001,0.0,0.7634443685300565,6144,6144,0
associative_recall,transformer_publication_20260622T101458Z_associative_recall_seed113,113,standard,6144,0,marginal_gain_edge,marginal_gain_edge,marginal_gain_edge,candidate,False,-0.0001299451687373002,0.0,0.8998197054821298,6144,6144,0
associative_recall,transformer_publication_20260622T101458Z_associative_recall_seed113,113,standard,6144,0,marginal_gain_soft,marginal_gain_soft,marginal_gain_soft,candidate,False,-9.017497359310018e-05,0.0,0.9304802517824978,6144,6144,0
associative_recall,transformer_publication_20260622T101458Z_associative_recall_seed113,113,rslora,6144,0,uniform,uniform,uniform,cap_baseline,False,-3.9196718717e-05,0.0,0.9726907238656651,5632,6144,-512
associative_recall,transformer_publication_20260622T101458Z_associative_recall_seed113,113,rslora,6144,0,effective_rank,effective_rank,effective_rank,candidate,False,-0.0003882219752995,0.0,0.7295166158826258,6144,6144,0
associative_recall,transformer_publication_20260622T101458Z_associative_recall_seed113,113,rslora,6144,0,soft_dimension,soft_dimension,soft_dimension,candidate,True,-0.00023115353542380013,0.0,0.838949893385375,6144,6144,0
associative_recall,transformer_publication_20260622T101458Z_associative_recall_seed113,113,rslora,6144,0,gradient_norm,gradient_norm,gradient_norm,candidate,False,-0.00036253905273039995,0.0,0.7474105122937073,6144,6144,0
associative_recall,transformer_publication_20260622T101458Z_associative_recall_seed113,113,rslora,6144,0,marginal_gain_edge,marginal_gain_edge,marginal_gain_edge,candidate,False,-0.00041365005017720007,0.0,0.7118002778540939,6144,6144,0
associative_recall,transformer_publication_20260622T101458Z_associative_recall_seed113,113,rslora,6144,0,marginal_gain_soft,marginal_gain_soft,marginal_gain_soft,candidate,False,-0.0003420029242989001,0.0,0.761718516137477,6144,6144,0
associative_recall,transformer_publication_20260622T101458Z_associative_recall_seed113,113,fixed_update_scale,6144,1,uniform,uniform,uniform,cap_baseline,False,8.495707879779997e-05,0.0,1.0805336997087935,5632,6144,-512
associative_recall,transformer_publication_20260622T101458Z_associative_recall_seed113,113,fixed_update_scale,6144,1,effective_rank,effective_rank,effective_rank,candidate,False,9.853683877799864e-06,0.0,1.0093406415294575,6144,6144,0
associative_recall,transformer_publication_20260622T101458Z_associative_recall_seed113,113,fixed_update_scale,6144,1,soft_dimension,soft_dimension,soft_dimension,candidate,True,0.00020913523621859985,0.0,1.1982463915954755,6144,6144,0
associative_recall,transformer_publication_20260622T101458Z_associative_recall_seed113,113,fixed_update_scale,6144,1,gradient_norm,gradient_norm,gradient_norm,candidate,False,-0.0003389951962163001,0.0,0.6786549429296759,6144,6144,0
associative_recall,transformer_publication_20260622T101458Z_associative_recall_seed113,113,fixed_update_scale,6144,1,marginal_gain_edge,marginal_gain_edge,marginal_gain_edge,candidate,False,-0.0003137434905511001,0.0,0.7025918921510128,6144,6144,0
associative_recall,transformer_publication_20260622T101458Z_associative_recall_seed113,113,fixed_update_scale,6144,1,marginal_gain_soft,marginal_gain_soft,marginal_gain_soft,candidate,False,-0.00031641440727980005,0.0,0.7000600394929399,6144,6144,0
associative_recall,transformer_publication_20260622T101458Z_associative_recall_seed113,113,standard,6144,1,uniform,uniform,uniform,cap_baseline,False,5.701367626900159e-06,0.0,1.0050268563677829,5632,6144,-512
associative_recall,transformer_publication_20260622T101458Z_associative_recall_seed113,113,standard,6144,1,effective_rank,effective_rank,effective_rank,candidate,False,9.859126294030005e-05,0.0,1.0869272340167744,6144,6144,0
associative_recall,transformer_publication_20260622T101458Z_associative_recall_seed113,113,standard,6144,1,soft_dimension,soft_dimension,soft_dimension,candidate,True,0.00016461973427790016,0.0,1.1451440800998698,6144,6144,0
associative_recall,transformer_publication_20260622T101458Z_associative_recall_seed113,113,standard,6144,1,gradient_norm,gradient_norm,gradient_norm,candidate,False,-9.060745651369982e-05,0.0,0.9201120328400663,6144,6144,0
associative_recall,transformer_publication_20260622T101458Z_associative_recall_seed113,113,standard,6144,1,marginal_gain_edge,marginal_gain_edge,marginal_gain_edge,candidate,False,-4.0915358113199993e-05,0.0,0.9639252119963214,6144,6144,0
associative_recall,transformer_publication_20260622T101458Z_associative_recall_seed113,113,standard,6144,1,marginal_gain_soft,marginal_gain_soft,marginal_gain_soft,candidate,False,-0.0001124214177252998,0.0,0.9008788142512972,6144,6144,0
associative_recall,transformer_publication_20260622T101458Z_associative_recall_seed113,113,rslora,6144,1,uniform,uniform,uniform,cap_baseline,False,-1.1719414033000038e-05,0.0,0.9898233843805102,5632,6144,-512
associative_recall,transformer_publication_20260622T101458Z_associative_recall_seed113,113,rslora,6144,1,effective_rank,effective_rank,effective_rank,candidate,False,0.0001378928136546,0.0,1.119739959463961,6144,6144,0
associative_recall,transformer_publication_20260622T101458Z_associative_recall_seed113,113,rslora,6144,1,soft_dimension,soft_dimension,soft_dimension,candidate,True,-4.368403460840013e-05,0.0,0.9620667357884636,6144,6144,0
associative_recall,transformer_publication_20260622T101458Z_associative_recall_seed113,113,rslora,6144,1,gradient_norm,gradient_norm,gradient_norm,candidate,False,-0.0002973322407343001,0.0,0.741809964498711,6144,6144,0
associative_recall,transformer_publication_20260622T101458Z_associative_recall_seed113,113,rslora,6144,1,marginal_gain_edge,marginal_gain_edge,marginal_gain_edge,candidate,False,-0.0002493001520634001,0.0,0.7835188846229257,6144,6144,0
associative_recall,transformer_publication_20260622T101458Z_associative_recall_seed113,113,rslora,6144,1,marginal_gain_soft,marginal_gain_soft,marginal_gain_soft,candidate,False,-0.0002196712084697001,0.0,0.8092473356628489,6144,6144,0
associative_recall,transformer_publication_20260622T101458Z_associative_recall_seed113,113,fixed_update_scale,6144,2,uniform,uniform,uniform,cap_baseline,False,-1.8813763745100052e-05,0.0,0.984286768969992,5632,6144,-512
associative_recall,transformer_publication_20260622T101458Z_associative_recall_seed113,113,fixed_update_scale,6144,2,effective_rank,effective_rank,effective_rank,candidate,False,-0.00016848930681590013,0.0,0.8592779499118745,6144,6144,0
associative_recall,transformer_publication_20260622T101458Z_associative_recall_seed113,113,fixed_update_scale,6144,2,soft_dimension,soft_dimension,soft_dimension,candidate,True,-0.00021790055325250006,0.0,0.8180097411016536,6144,6144,0
associative_recall,transformer_publication_20260622T101458Z_associative_recall_seed113,113,fixed_update_scale,6144,2,gradient_norm,gradient_norm,gradient_norm,candidate,False,-0.00024767612194410006,0.0,0.7931412248260181,6144,6144,0
associative_recall,transformer_publication_20260622T101458Z_associative_recall_seed113,113,fixed_update_scale,6144,2,marginal_gain_edge,marginal_gain_edge,marginal_gain_edge,candidate,False,-0.0002552885998739,0.0,0.7867832931520362,6144,6144,0
associative_recall,transformer_publication_20260622T101458Z_associative_recall_seed113,113,fixed_update_scale,6144,2,marginal_gain_soft,marginal_gain_soft,marginal_gain_soft,candidate,False,-0.00018969200027639998,0.0,0.8415694878881582,6144,6144,0
associative_recall,transformer_publication_20260622T101458Z_associative_recall_seed113,113,standard,6144,2,uniform,uniform,uniform,cap_baseline,False,-8.591935329599993e-05,0.0,0.9320487003804295,5632,6144,-512
associative_recall,transformer_publication_20260622T101458Z_associative_recall_seed113,113,standard,6144,2,effective_rank,effective_rank,effective_rank,candidate,False,-0.0001003831566777,0.0,0.9206096683169256,6144,6144,0
associative_recall,transformer_publication_20260622T101458Z_associative_recall_seed113,113,standard,6144,2,soft_dimension,soft_dimension,soft_dimension,candidate,True,-0.00012068561045449982,0.0,0.9045530051010489,6144,6144,0
associative_recall,transformer_publication_20260622T101458Z_associative_recall_seed113,113,standard,6144,2,gradient_norm,gradient_norm,gradient_norm,candidate,False,-0.0002356144832447,0.0,0.8136588587845405,6144,6144,0
associative_recall,transformer_publication_20260622T101458Z_associative_recall_seed113,113,standard,6144,2,marginal_gain_edge,marginal_gain_edge,marginal_gain_edge,candidate,False,-0.0002654238924150998,0.0,0.7900834009125302,6144,6144,0
associative_recall,transformer_publication_20260622T101458Z_associative_recall_seed113,113,standard,6144,2,marginal_gain_soft,marginal_gain_soft,marginal_gain_soft,candidate,False,-8.300198533099982e-05,0.0,0.9343559680341711,6144,6144,0
associative_recall,transformer_publication_20260622T101458Z_associative_recall_seed113,113,rslora,6144,2,uniform,uniform,uniform,cap_baseline,False,1.3621756807e-06,0.0,1.0011571870223446,5632,6144,-512
associative_recall,transformer_publication_20260622T101458Z_associative_recall_seed113,113,rslora,6144,2,effective_rank,effective_rank,effective_rank,candidate,False,-0.00015462398005179991,0.0,0.8686447970005983,6144,6144,0
associative_recall,transformer_publication_20260622T101458Z_associative_recall_seed113,113,rslora,6144,2,soft_dimension,soft_dimension,soft_dimension,candidate,True,-7.762751192790006e-05,0.0,0.9340543582941545,6144,6144,0
associative_recall,transformer_publication_20260622T101458Z_associative_recall_seed113,113,rslora,6144,2,gradient_norm,gradient_norm,gradient_norm,candidate,False,-0.00022665150027019996,0.0,0.8074564254642952,6144,6144,0
associative_recall,transformer_publication_20260622T101458Z_associative_recall_seed113,113,rslora,6144,2,marginal_gain_edge,marginal_gain_edge,marginal_gain_edge,candidate,False,-0.00019165137928210002,0.0,0.8371895108230818,6144,6144,0
associative_recall,transformer_publication_20260622T101458Z_associative_recall_seed113,113,rslora,6144,2,marginal_gain_soft,marginal_gain_soft,marginal_gain_soft,candidate,False,-9.911610686689988e-05,0.0,0.9157995006101224,6144,6144,0
modular,transformer_publication_20260622T101458Z_modular_seed101,101,fixed_update_scale,512,0,uniform,uniform,uniform,cap_baseline,False,7.193228099785908,-0.9521331945889698,34.311789974317485,0,512,-512
modular,transformer_publication_20260622T101458Z_modular_seed101,101,fixed_update_scale,512,0,effective_rank,effective_rank,effective_rank,candidate,False,0.1896273376697308,-0.04578563995837659,1.878162899634875,448,512,-64
modular,transformer_publication_20260622T101458Z_modular_seed101,101,fixed_update_scale,512,0,soft_dimension,soft_dimension,soft_dimension,candidate,True,0.12517793709169941,-0.032258064516129004,1.5796981677727036,512,512,0
modular,transformer_publication_20260622T101458Z_modular_seed101,101,fixed_update_scale,512,0,gradient_norm,gradient_norm,gradient_norm,candidate,False,0.07124454597094551,-0.02913631633714886,1.32993300355238,448,512,-64
modular,transformer_publication_20260622T101458Z_modular_seed101,101,fixed_update_scale,512,0,marginal_gain_edge,marginal_gain_edge,marginal_gain_edge,candidate,False,-0.07514047154402759,0.020811654526534995,0.6520249918502758,512,512,0
modular,transformer_publication_20260622T101458Z_modular_seed101,101,fixed_update_scale,512,0,marginal_gain_soft,marginal_gain_soft,marginal_gain_soft,candidate,False,-0.09695732555546939,0.03537981269510937,0.550991290617984,512,512,0
modular,transformer_publication_20260622T101458Z_modular_seed101,101,standard,512,0,uniform,uniform,uniform,cap_baseline,False,7.1600176122787715,-0.9261186264308012,29.738137577437925,0,512,-512
modular,transformer_publication_20260622T101458Z_modular_seed101,101,standard,512,0,effective_rank,effective_rank,effective_rank,candidate,False,0.2364195517800229,-0.06243496357960454,1.9489163257641966,448,512,-64
modular,transformer_publication_20260622T101458Z_modular_seed101,101,standard,512,0,soft_dimension,soft_dimension,soft_dimension,candidate,True,0.08487419529772453,-0.003121748178980255,1.3406592599796774,512,512,0
modular,transformer_publication_20260622T101458Z_modular_seed101,101,standard,512,0,gradient_norm,gradient_norm,gradient_norm,candidate,False,0.05132584258309261,-0.010405827263267442,1.2060063543560748,448,512,-64
modular,transformer_publication_20260622T101458Z_modular_seed101,101,standard,512,0,marginal_gain_edge,marginal_gain_edge,marginal_gain_edge,candidate,False,-0.04061647466578669,0.02289281997918835,0.8369777980916991,512,512,0
modular,transformer_publication_20260622T101458Z_modular_seed101,101,standard,512,0,marginal_gain_soft,marginal_gain_soft,marginal_gain_soft,candidate,False,-0.12071807642198878,0.0593132154006244,0.5154742800702894,512,512,0
modular,transformer_publication_20260622T101458Z_modular_seed101,101,rslora,512,0,uniform,uniform,uniform,cap_baseline,False,7.221551093580075,-0.9521331945889698,39.49165755075117,0,512,-512
modular,transformer_publication_20260622T101458Z_modular_seed101,101,rslora,512,0,effective_rank,effective_rank,effective_rank,candidate,False,0.24852765087158452,-0.060353798126951075,2.3246795744124857,448,512,-64
modular,transformer_publication_20260622T101458Z_modular_seed101,101,rslora,512,0,soft_dimension,soft_dimension,soft_dimension,candidate,True,0.16058996775644008,-0.03433922996878258,1.8559621007822371,512,512,0
modular,transformer_publication_20260622T101458Z_modular_seed101,101,rslora,512,0,gradient_norm,gradient_norm,gradient_norm,candidate,False,0.11033705165309288,-0.032258064516129004,1.5881085590000197,448,512,-64
modular,transformer_publication_20260622T101458Z_modular_seed101,101,rslora,512,0,marginal_gain_edge,marginal_gain_edge,marginal_gain_edge,candidate,False,-0.0380287347022254,0.015608740894901163,0.797302682723144,512,512,0
modular,transformer_publication_20260622T101458Z_modular_seed101,101,rslora,512,0,marginal_gain_soft,marginal_gain_soft,marginal_gain_soft,candidate,False,-0.05862285055677552,0.030176899063475537,0.6875337916965961,512,512,0
modular,transformer_publication_20260622T101458Z_modular_seed101,101,fixed_update_scale,512,1,uniform,uniform,uniform,cap_baseline,False,7.235241478566821,-0.9625390218522372,42.600251128319194,0,512,-512
modular,transformer_publication_20260622T101458Z_modular_seed101,101,fixed_update_scale,512,1,effective_rank,effective_rank,effective_rank,candidate,False,0.19817358340668761,-0.05098855359001031,2.139432714324571,448,512,-64
modular,transformer_publication_20260622T101458Z_modular_seed101,101,fixed_update_scale,512,1,soft_dimension,soft_dimension,soft_dimension,candidate,True,0.16192289561994622,-0.03537981269510915,1.9310032209939,512,512,0
modular,transformer_publication_20260622T101458Z_modular_seed101,101,fixed_update_scale,512,1,gradient_norm,gradient_norm,gradient_norm,candidate,False,0.0685808450975974,-0.02393340270551514,1.3943172300612057,448,512,-64
modular,transformer_publication_20260622T101458Z_modular_seed101,101,fixed_update_scale,512,1,marginal_gain_edge,marginal_gain_edge,marginal_gain_edge,candidate,False,0.03539188355052392,0.0010405827263267886,1.2034916523474022,512,512,0
modular,transformer_publication_20260622T101458Z_modular_seed101,101,fixed_update_scale,512,1,marginal_gain_soft,marginal_gain_soft,marginal_gain_soft,candidate,False,-0.036001504692525194,0.013527575442247586,0.7930032272394766,512,512,0
modular,transformer_publication_20260622T101458Z_modular_seed101,101,standard,512,1,uniform,uniform,uniform,cap_baseline,False,7.246064025935844,-0.9708636836628513,45.42699477172519,0,512,-512
modular,transformer_publication_20260622T101458Z_modular_seed101,101,standard,512,1,effective_rank,effective_rank,effective_rank,candidate,False,0.2663666078904169,-0.085327783558793,2.6331442633894415,448,512,-64
modular,transformer_publication_20260622T101458Z_modular_seed101,101,standard,512,1,soft_dimension,soft_dimension,soft_dimension,candidate,True,0.18615504508522127,-0.054110301768990676,2.1413519374283014,512,512,0
modular,transformer_publication_20260622T101458Z_modular_seed101,101,standard,512,1,gradient_norm,gradient_norm,gradient_norm,candidate,False,0.11837373307976837,-0.04994797086368363,1.7257718399700799,448,512,-64
modular,transformer_publication_20260622T101458Z_modular_seed101,101,standard,512,1,marginal_gain_edge,marginal_gain_edge,marginal_gain_edge,candidate,False,0.002572825265724582,-0.006243496357960399,1.015774480355098,512,512,0
modular,transformer_publication_20260622T101458Z_modular_seed101,101,standard,512,1,marginal_gain_soft,marginal_gain_soft,marginal_gain_soft,candidate,False,-0.0005703761196782231,-0.0010405827263268996,0.9965029156799938,512,512,0
modular,transformer_publication_20260622T101458Z_modular_seed101,101,rslora,512,1,uniform,uniform,uniform,cap_baseline,False,7.252914286832035,-0.9656607700312176,47.41858732282078,0,512,-512
modular,transformer_publication_20260622T101458Z_modular_seed101,101,rslora,512,1,effective_rank,effective_rank,effective_rank,candidate,False,0.2196313575080728,-0.06451612903225823,2.4056387465970124,448,512,-64
modular,transformer_publication_20260622T101458Z_modular_seed101,101,rslora,512,1,soft_dimension,soft_dimension,soft_dimension,candidate,True,0.18378875360404537,-0.0468262226847036,2.1762463984457314,512,512,0
modular,transformer_publication_20260622T101458Z_modular_seed101,101,rslora,512,1,gradient_norm,gradient_norm,gradient_norm,candidate,False,0.100590157490243,-0.031217481789802437,1.643776118760201,448,512,-64
modular,transformer_publication_20260622T101458Z_modular_seed101,101,rslora,512,1,marginal_gain_edge,marginal_gain_edge,marginal_gain_edge,candidate,False,0.0828534517278284,-0.02393340270551525,1.5302613586662372,512,512,0
modular,transformer_publication_20260622T101458Z_modular_seed101,101,rslora,512,1,marginal_gain_soft,marginal_gain_soft,marginal_gain_soft,candidate,False,-0.0159455796821929,0.011446409989594009,0.8979484309866064,512,512,0
modular,transformer_publication_20260622T101458Z_modular_seed101,101,fixed_update_scale,512,2,uniform,uniform,uniform,cap_baseline,False,7.266864683606994,-0.9791883454734652,52.067279866090196,0,512,-512
modular,transformer_publication_20260622T101458Z_modular_seed101,101,fixed_update_scale,512,2,effective_rank,effective_rank,effective_rank,candidate,False,0.2346122496209954,-0.06763787721123837,2.648717835414746,448,512,-64
modular,transformer_publication_20260622T101458Z_modular_seed101,101,fixed_update_scale,512,2,soft_dimension,soft_dimension,soft_dimension,candidate,True,0.18389481842579877,-0.06659729448491158,2.2923053568974354,512,512,0
modular,transformer_publication_20260622T101458Z_modular_seed101,101,fixed_update_scale,512,2,gradient_norm,gradient_norm,gradient_norm,candidate,False,0.1363180529376595,-0.060353798126951186,1.9579636422667757,448,512,-64
modular,transformer_publication_20260622T101458Z_modular_seed101,101,fixed_update_scale,512,2,marginal_gain_edge,marginal_gain_edge,marginal_gain_edge,candidate,False,-0.025416443983052206,0.007284079084287187,0.8213880793719308,512,512,0
modular,transformer_publication_20260622T101458Z_modular_seed101,101,fixed_update_scale,512,2,marginal_gain_soft,marginal_gain_soft,marginal_gain_soft,candidate,False,-0.025379640874951995,0.004162330905306932,0.8216467101161548,512,512,0
modular,transformer_publication_20260622T101458Z_modular_seed101,101,standard,512,2,uniform,uniform,uniform,cap_baseline,False,7.2044586599431355,-0.95525494276795,36.194201420548865,0,512,-512
modular,transformer_publication_20260622T101458Z_modular_seed101,101,standard,512,2,effective_rank,effective_rank,effective_rank,candidate,False,0.2801770647284144,-0.09157127991675329,2.3686813284522064,448,512,-64
modular,transformer_publication_20260622T101458Z_modular_seed101,101,standard,512,2,soft_dimension,soft_dimension,soft_dimension,candidate,True,0.12548024715171519,-0.042663891779396335,1.6129783375830453,512,512,0
modular,transformer_publication_20260622T101458Z_modular_seed101,101,standard,512,2,gradient_norm,gradient_norm,gradient_norm,candidate,False,0.040606184553405394,-0.02809573361082196,1.198363583656653,448,512,-64
modular,transformer_publication_20260622T101458Z_modular_seed101,101,standard,512,2,marginal_gain_edge,marginal_gain_edge,marginal_gain_edge,candidate,False,-0.0692009490436867,0.015608740894901274,0.6619493213726246,512,512,0
modular,transformer_publication_20260622T101458Z_modular_seed101,101,standard,512,2,marginal_gain_soft,marginal_gain_soft,marginal_gain_soft,candidate,False,-0.06550505192917411,0.02289281997918846,0.6800039946822232,512,512,0
modular,transformer_publication_20260622T101458Z_modular_seed101,101,rslora,512,2,uniform,uniform,uniform,cap_baseline,False,7.263438241817949,-0.9760665972944848,50.84302898251576,0,512,-512
modular,transformer_publication_20260622T101458Z_modular_seed101,101,rslora,512,2,effective_rank,effective_rank,effective_rank,candidate,False,0.2195235790682882,-0.06347554630593111,2.506410566121603,448,512,-64
modular,transformer_publication_20260622T101458Z_modular_seed101,101,rslora,512,2,soft_dimension,soft_dimension,soft_dimension,candidate,True,0.1738516417924125,-0.05202913631633699,2.193001459092512,512,512,0
modular,transformer_publication_20260622T101458Z_modular_seed101,101,rslora,512,2,gradient_norm,gradient_norm,gradient_norm,candidate,False,0.09183198754732871,-0.042663891779396335,1.6301677338551885,448,512,-64
modular,transformer_publication_20260622T101458Z_modular_seed101,101,rslora,512,2,marginal_gain_edge,marginal_gain_edge,marginal_gain_edge,candidate,False,-0.02679508293394489,0.010405827263267664,0.8161272869952485,512,512,0
modular,transformer_publication_20260622T101458Z_modular_seed101,101,rslora,512,2,marginal_gain_soft,marginal_gain_soft,marginal_gain_soft,candidate,False,-0.01493193923992861,0.0041623309053072655,0.8975343280244303,512,512,0
modular,transformer_publication_20260622T101458Z_modular_seed101,101,fixed_update_scale,1024,0,uniform,uniform,uniform,cap_baseline,False,7.3888888065485165,-1.0,365.4209684396208,0,960,-960
modular,transformer_publication_20260622T101458Z_modular_seed101,101,fixed_update_scale,1024,0,effective_rank,effective_rank,effective_rank,candidate,False,0.0064301403582436994,0.0,1.317135368781987,1024,960,64
modular,transformer_publication_20260622T101458Z_modular_seed101,101,fixed_update_scale,1024,0,soft_dimension,soft_dimension,soft_dimension,candidate,True,0.0064301403582436994,0.0,1.317135368781987,1024,960,64
modular,transformer_publication_20260622T101458Z_modular_seed101,101,fixed_update_scale,1024,0,gradient_norm,gradient_norm,gradient_norm,candidate,False,0.0276114526849228,-0.0010405827263267886,2.3618004805467585,1024,960,64
modular,transformer_publication_20260622T101458Z_modular_seed101,101,fixed_update_scale,1024,0,marginal_gain_edge,marginal_gain_edge,marginal_gain_edge,candidate,False,0.0096139694727825,0.0,1.4741622397559009,1024,960,64
modular,transformer_publication_20260622T101458Z_modular_seed101,101,fixed_update_scale,1024,0,marginal_gain_soft,marginal_gain_soft,marginal_gain_soft,candidate,False,0.0096139694727825,0.0,1.4741622397559009,1024,960,64
modular,transformer_publication_20260622T101458Z_modular_seed101,101,standard,1024,0,uniform,uniform,uniform,cap_baseline,False,7.337657313844292,-0.9864724245577524,103.61426070736866,0,960,-960
modular,transformer_publication_20260622T101458Z_modular_seed101,101,standard,1024,0,effective_rank,effective_rank,effective_rank,candidate,False,-0.012868363856028804,0.012486992715920797,0.8200409766876937,1024,960,64
modular,transformer_publication_20260622T101458Z_modular_seed101,101,standard,1024,0,soft_dimension,soft_dimension,soft_dimension,candidate,True,-0.012868363856028804,0.012486992715920797,0.8200409766876937,1024,960,64
modular,transformer_publication_20260622T101458Z_modular_seed101,101,standard,1024,0,gradient_norm,gradient_norm,gradient_norm,candidate,False,0.0010080601977384002,0.003121748178980144,1.014097326641881,1024,960,64
modular,transformer_publication_20260622T101458Z_modular_seed101,101,standard,1024,0,marginal_gain_edge,marginal_gain_edge,marginal_gain_edge,candidate,False,0.002215885122100192,0.0010405827263267886,1.0309882846651557,1024,960,64
modular,transformer_publication_20260622T101458Z_modular_seed101,101,standard,1024,0,marginal_gain_soft,marginal_gain_soft,marginal_gain_soft,candidate,False,0.002215885122100192,0.0010405827263267886,1.0309882846651557,1024,960,64
modular,transformer_publication_20260622T101458Z_modular_seed101,101,rslora,1024,0,uniform,uniform,uniform,cap_baseline,False,7.380653560946576,-1.0,259.87091487636746,0,960,-960
modular,transformer_publication_20260622T101458Z_modular_seed101,101,rslora,1024,0,effective_rank,effective_rank,effective_rank,candidate,False,0.0002573417803964015,0.0,1.0090260708725889,1024,960,64
modular,transformer_publication_20260622T101458Z_modular_seed101,101,rslora,1024,0,soft_dimension,soft_dimension,soft_dimension,candidate,True,0.0002573417803964015,0.0,1.0090260708725889,1024,960,64
modular,transformer_publication_20260622T101458Z_modular_seed101,101,rslora,1024,0,gradient_norm,gradient_norm,gradient_norm,candidate,False,0.0190997910351491,-0.003121748178980366,1.6699109148516067,1024,960,64
modular,transformer_publication_20260622T101458Z_modular_seed101,101,rslora,1024,0,marginal_gain_edge,marginal_gain_edge,marginal_gain_edge,candidate,False,0.0061592525830657,-0.0010405827263267886,1.216031187206727,1024,960,64
modular,transformer_publication_20260622T101458Z_modular_seed101,101,rslora,1024,0,marginal_gain_soft,marginal_gain_soft,marginal_gain_soft,candidate,False,0.0061592525830657,-0.0010405827263267886,1.216031187206727,1024,960,64
modular,transformer_publication_20260622T101458Z_modular_seed101,101,fixed_update_scale,1024,1,uniform,uniform,uniform,cap_baseline,False,7.388399717329181,-1.0,356.8139227378834,0,960,-960
modular,transformer_publication_20260622T101458Z_modular_seed101,101,fixed_update_scale,1024,1,effective_rank,effective_rank,effective_rank,candidate,False,0.000335743071261399,0.0,1.0161688679264862,1024,960,64
modular,transformer_publication_20260622T101458Z_modular_seed101,101,fixed_update_scale,1024,1,soft_dimension,soft_dimension,soft_dimension,candidate,True,0.000335743071261399,0.0,1.0161688679264862,1024,960,64
modular,transformer_publication_20260622T101458Z_modular_seed101,101,fixed_update_scale,1024,1,gradient_norm,gradient_norm,gradient_norm,candidate,False,0.017196958024019902,-0.0010405827263267886,1.8281789464278142,1024,960,64
modular,transformer_publication_20260622T101458Z_modular_seed101,101,fixed_update_scale,1024,1,marginal_gain_edge,marginal_gain_edge,marginal_gain_edge,candidate,False,0.006513844342063101,0.0,1.3136966861737776,1024,960,64
modular,transformer_publication_20260622T101458Z_modular_seed101,101,fixed_update_scale,1024,1,marginal_gain_soft,marginal_gain_soft,marginal_gain_soft,candidate,False,0.006513844342063101,0.0,1.3136966861737776,1024,960,64
modular,transformer_publication_20260622T101458Z_modular_seed101,101,standard,1024,1,uniform,uniform,uniform,cap_baseline,False,7.326432736476149,-0.9823100936524454,89.55646477675974,0,960,-960
modular,transformer_publication_20260622T101458Z_modular_seed101,101,standard,1024,1,effective_rank,effective_rank,effective_rank,candidate,False,-0.0158338404486381,0.010405827263267442,0.8086123241138121,1024,960,64
modular,transformer_publication_20260622T101458Z_modular_seed101,101,standard,1024,1,soft_dimension,soft_dimension,soft_dimension,candidate,True,-0.0158338404486381,0.010405827263267442,0.8086123241138121,1024,960,64
modular,transformer_publication_20260622T101458Z_modular_seed101,101,standard,1024,1,gradient_norm,gradient_norm,gradient_norm,candidate,False,-0.0029054095660425022,0.005202913631633832,0.9648815720894675,1024,960,64
modular,transformer_publication_20260622T101458Z_modular_seed101,101,standard,1024,1,marginal_gain_edge,marginal_gain_edge,marginal_gain_edge,candidate,False,-0.007855460912175302,0.01248699271592102,0.9050490364688917,1024,960,64
modular,transformer_publication_20260622T101458Z_modular_seed101,101,standard,1024,1,marginal_gain_soft,marginal_gain_soft,marginal_gain_soft,candidate,False,-0.007855460912175302,0.01248699271592102,0.9050490364688917,1024,960,64
modular,transformer_publication_20260622T101458Z_modular_seed101,101,rslora,1024,1,uniform,uniform,uniform,cap_baseline,False,7.390624311484172,-1.0,399.62719041895133,0,960,-960
modular,transformer_publication_20260622T101458Z_modular_seed101,101,rslora,1024,1,effective_rank,effective_rank,effective_rank,candidate,False,0.0078849262101469,0.0,1.4252882908589366,1024,960,64
modular,transformer_publication_20260622T101458Z_modular_seed101,101,rslora,1024,1,soft_dimension,soft_dimension,soft_dimension,candidate,True,0.0078849262101469,0.0,1.4252882908589366,1024,960,64
modular,transformer_publication_20260622T101458Z_modular_seed101,101,rslora,1024,1,gradient_norm,gradient_norm,gradient_norm,candidate,False,0.028745557070088603,-0.003121748178980366,2.5504455603393965,1024,960,64
modular,transformer_publication_20260622T101458Z_modular_seed101,101,rslora,1024,1,marginal_gain_edge,marginal_gain_edge,marginal_gain_edge,candidate,False,0.016861896221521202,-0.0010405827263267886,1.9094780133088793,1024,960,64
modular,transformer_publication_20260622T101458Z_modular_seed101,101,rslora,1024,1,marginal_gain_soft,marginal_gain_soft,marginal_gain_soft,candidate,False,0.016861896221521202,-0.0010405827263267886,1.9094780133088793,1024,960,64
modular,transformer_publication_20260622T101458Z_modular_seed101,101,fixed_update_scale,1024,2,uniform,uniform,uniform,cap_baseline,False,7.3897462893164985,-1.0,381.5574779231415,0,960,-960
modular,transformer_publication_20260622T101458Z_modular_seed101,101,fixed_update_scale,1024,2,effective_rank,effective_rank,effective_rank,candidate,False,0.004796845778342201,0.0,1.2470281738943192,1024,960,64
modular,transformer_publication_20260622T101458Z_modular_seed101,101,fixed_update_scale,1024,2,soft_dimension,soft_dimension,soft_dimension,candidate,True,0.004796845778342201,0.0,1.2470281738943192,1024,960,64
modular,transformer_publication_20260622T101458Z_modular_seed101,101,fixed_update_scale,1024,2,gradient_norm,gradient_norm,gradient_norm,candidate,False,0.0190154120023677,0.0,1.9792565197742138,1024,960,64
modular,transformer_publication_20260622T101458Z_modular_seed101,101,fixed_update_scale,1024,2,marginal_gain_edge,marginal_gain_edge,marginal_gain_edge,candidate,False,0.0090350840845446,0.0,1.46528915573309,1024,960,64
modular,transformer_publication_20260622T101458Z_modular_seed101,101,fixed_update_scale,1024,2,marginal_gain_soft,marginal_gain_soft,marginal_gain_soft,candidate,False,0.0090350840845446,0.0,1.46528915573309,1024,960,64
modular,transformer_publication_20260622T101458Z_modular_seed101,101,standard,1024,2,uniform,uniform,uniform,cap_baseline,False,7.323667244053408,-0.9895941727367326,86.65967336106809,0,960,-960
modular,transformer_publication_20260622T101458Z_modular_seed101,101,standard,1024,2,effective_rank,effective_rank,effective_rank,candidate,False,-0.014072139168877298,0.0010405827263266776,0.8354082996225312,1024,960,64
modular,transformer_publication_20260622T101458Z_modular_seed101,101,standard,1024,2,soft_dimension,soft_dimension,soft_dimension,candidate,True,-0.014072139168877298,0.0010405827263266776,0.8354082996225312,1024,960,64
modular,transformer_publication_20260622T101458Z_modular_seed101,101,standard,1024,2,gradient_norm,gradient_norm,gradient_norm,candidate,False,-0.006905676508235106,0.002081165452653466,0.9192292639301805,1024,960,64
modular,transformer_publication_20260622T101458Z_modular_seed101,101,standard,1024,2,marginal_gain_edge,marginal_gain_edge,marginal_gain_edge,candidate,False,-0.022940799814884394,0.005202913631633832,0.731677948587813,1024,960,64
modular,transformer_publication_20260622T101458Z_modular_seed101,101,standard,1024,2,marginal_gain_soft,marginal_gain_soft,marginal_gain_soft,candidate,False,-0.022940799814884394,0.005202913631633832,0.731677948587813,1024,960,64
modular,transformer_publication_20260622T101458Z_modular_seed101,101,rslora,1024,2,uniform,uniform,uniform,cap_baseline,False,7.373094685429961,-0.9979188345473464,205.41175628579134,0,960,-960
modular,transformer_publication_20260622T101458Z_modular_seed101,101,rslora,1024,2,effective_rank,effective_rank,effective_rank,candidate,False,-0.0048868477646877954,0.0010405827263267886,0.864516980060609,1024,960,64
modular,transformer_publication_20260622T101458Z_modular_seed101,101,rslora,1024,2,soft_dimension,soft_dimension,soft_dimension,candidate,True,-0.0048868477646877954,0.0010405827263267886,0.864516980060609,1024,960,64
modular,transformer_publication_20260622T101458Z_modular_seed101,101,rslora,1024,2,gradient_norm,gradient_norm,gradient_norm,candidate,False,0.019071256026672104,0.0010405827263267886,1.5287317070119375,1024,960,64
modular,transformer_publication_20260622T101458Z_modular_seed101,101,rslora,1024,2,marginal_gain_edge,marginal_gain_edge,marginal_gain_edge,candidate,False,-0.007948510397252796,0.0020811654526535772,0.7796354123365542,1024,960,64
modular,transformer_publication_20260622T101458Z_modular_seed101,101,rslora,1024,2,marginal_gain_soft,marginal_gain_soft,marginal_gain_soft,candidate,False,-0.007948510397252796,0.0020811654526535772,0.7796354123365542,1024,960,64
modular,transformer_publication_20260622T101458Z_modular_seed101,101,fixed_update_scale,1536,0,uniform,uniform,uniform,cap_baseline,False,0.0063458785461213,0.0,1.5296739641633512,1152,1536,-384
modular,transformer_publication_20260622T101458Z_modular_seed101,101,fixed_update_scale,1536,0,effective_rank,effective_rank,effective_rank,candidate,False,0.0026399105027489003,0.0,1.2203464580774452,1472,1536,-64
modular,transformer_publication_20260622T101458Z_modular_seed101,101,fixed_update_scale,1536,0,soft_dimension,soft_dimension,soft_dimension,candidate,True,0.0016991732473428008,0.0,1.1418255680721268,1536,1536,0
modular,transformer_publication_20260622T101458Z_modular_seed101,101,fixed_update_scale,1536,0,gradient_norm,gradient_norm,gradient_norm,candidate,False,0.011982945446215702,0.0,2.0001852652426932,1472,1536,-64
modular,transformer_publication_20260622T101458Z_modular_seed101,101,fixed_update_scale,1536,0,marginal_gain_edge,marginal_gain_edge,marginal_gain_edge,candidate,False,0.005080663507007699,0.0,1.4240697581553434,1536,1536,0
modular,transformer_publication_20260622T101458Z_modular_seed101,101,fixed_update_scale,1536,0,marginal_gain_soft,marginal_gain_soft,marginal_gain_soft,candidate,False,0.004300507296237301,0.0,1.3589521499593928,1536,1536,0
modular,transformer_publication_20260622T101458Z_modular_seed101,101,standard,1536,0,uniform,uniform,uniform,cap_baseline,False,0.030061831723018705,-0.007284079084287187,1.954188830166279,1152,1536,-384
modular,transformer_publication_20260622T101458Z_modular_seed101,101,standard,1536,0,effective_rank,effective_rank,effective_rank,candidate,False,0.014098582426851705,0.0010405827263267886,1.4475013364731062,1472,1536,-64
modular,transformer_publication_20260622T101458Z_modular_seed101,101,standard,1536,0,soft_dimension,soft_dimension,soft_dimension,candidate,True,-0.003210806837315096,0.0010405827263267886,0.8980861828974428,1536,1536,0
modular,transformer_publication_20260622T101458Z_modular_seed101,101,standard,1536,0,gradient_norm,gradient_norm,gradient_norm,candidate,False,0.011506091194706101,-0.004162330905306821,1.365213397440995,1472,1536,-64
modular,transformer_publication_20260622T101458Z_modular_seed101,101,standard,1536,0,marginal_gain_edge,marginal_gain_edge,marginal_gain_edge,candidate,False,-0.007656269558510596,0.0,0.7569833082433567,1536,1536,0
modular,transformer_publication_20260622T101458Z_modular_seed101,101,standard,1536,0,marginal_gain_soft,marginal_gain_soft,marginal_gain_soft,candidate,False,-0.014830844598927896,0.0010405827263267886,0.5292560217681955,1536,1536,0
modular,transformer_publication_20260622T101458Z_modular_seed101,101,rslora,1536,0,uniform,uniform,uniform,cap_baseline,False,0.011864059244192399,0.0,2.0472289059849444,1152,1536,-384
modular,transformer_publication_20260622T101458Z_modular_seed101,101,rslora,1536,0,effective_rank,effective_rank,effective_rank,candidate,False,0.0055493710167187,0.0,1.48983755215043,1472,1536,-64
modular,transformer_publication_20260622T101458Z_modular_seed101,101,rslora,1536,0,soft_dimension,soft_dimension,soft_dimension,candidate,True,0.0023066149772563004,0.0,1.2036026480854811,1536,1536,0
modular,transformer_publication_20260622T101458Z_modular_seed101,101,rslora,1536,0,gradient_norm,gradient_norm,gradient_norm,candidate,False,0.0150983062186099,0.0,2.332712723200568,1472,1536,-64
modular,transformer_publication_20260622T101458Z_modular_seed101,101,rslora,1536,0,marginal_gain_edge,marginal_gain_edge,marginal_gain_edge,candidate,False,0.004725986496621901,0.0,1.4171582058627752,1536,1536,0
modular,transformer_publication_20260622T101458Z_modular_seed101,101,rslora,1536,0,marginal_gain_soft,marginal_gain_soft,marginal_gain_soft,candidate,False,0.005649758278005599,0.0,1.4986986375216753,1536,1536,0
modular,transformer_publication_20260622T101458Z_modular_seed101,101,fixed_update_scale,1536,1,uniform,uniform,uniform,cap_baseline,False,0.003408831581046899,0.0,1.2663187055567209,1152,1536,-384
modular,transformer_publication_20260622T101458Z_modular_seed101,101,fixed_update_scale,1536,1,effective_rank,effective_rank,effective_rank,candidate,False,0.0018386910441762997,0.0,1.143649754222642,1472,1536,-64
modular,transformer_publication_20260622T101458Z_modular_seed101,101,fixed_update_scale,1536,1,soft_dimension,soft_dimension,soft_dimension,candidate,True,0.00023580007700870105,0.0,1.0184221396059252,1536,1536,0
modular,transformer_publication_20260622T101458Z_modular_seed101,101,fixed_update_scale,1536,1,gradient_norm,gradient_norm,gradient_norm,candidate,False,0.003951900371163299,0.0,1.308746550339723,1472,1536,-64
modular,transformer_publication_20260622T101458Z_modular_seed101,101,fixed_update_scale,1536,1,marginal_gain_edge,marginal_gain_edge,marginal_gain_edge,candidate,False,0.0029194298084984013,0.0,1.228083655375024,1536,1536,0
modular,transformer_publication_20260622T101458Z_modular_seed101,101,fixed_update_scale,1536,1,marginal_gain_soft,marginal_gain_soft,marginal_gain_soft,candidate,False,0.0031039227627829985,0.0,1.2424973697522887,1536,1536,0
modular,transformer_publication_20260622T101458Z_modular_seed101,101,standard,1536,1,uniform,uniform,uniform,cap_baseline,False,0.004661547746916399,-0.0020811654526535772,1.1233928762662446,1152,1536,-384
modular,transformer_publication_20260622T101458Z_modular_seed101,101,standard,1536,1,effective_rank,effective_rank,effective_rank,candidate,False,-0.0067287331755184025,0.0010405827263267886,0.8218879682816628,1472,1536,-64
modular,transformer_publication_20260622T101458Z_modular_seed101,101,standard,1536,1,soft_dimension,soft_dimension,soft_dimension,candidate,True,-0.0146841986393643,0.0010405827263267886,0.6113038835707262,1536,1536,0
modular,transformer_publication_20260622T101458Z_modular_seed101,101,standard,1536,1,gradient_norm,gradient_norm,gradient_norm,candidate,False,0.018460359811999998,-0.007284079084287187,1.488652485779917,1472,1536,-64
modular,transformer_publication_20260622T101458Z_modular_seed101,101,standard,1536,1,marginal_gain_edge,marginal_gain_edge,marginal_gain_edge,candidate,False,0.0015909562253711013,-0.0020811654526535772,1.0421131940120292,1536,1536,0
modular,transformer_publication_20260622T101458Z_modular_seed101,101,standard,1536,1,marginal_gain_soft,marginal_gain_soft,marginal_gain_soft,candidate,False,-0.011366292469893402,0.0,0.6991300751405439,1536,1536,0
modular,transformer_publication_20260622T101458Z_modular_seed101,101,rslora,1536,1,uniform,uniform,uniform,cap_baseline,False,0.0037077859850382,0.0,1.2699651737240778,1152,1536,-384
modular,transformer_publication_20260622T101458Z_modular_seed101,101,rslora,1536,1,effective_rank,effective_rank,effective_rank,candidate,False,-0.0007563731230942009,0.0,0.9449282125774459,1472,1536,-64
modular,transformer_publication_20260622T101458Z_modular_seed101,101,rslora,1536,1,soft_dimension,soft_dimension,soft_dimension,candidate,True,-8.07377698751003e-05,0.0,0.9941214551869014,1536,1536,0
modular,transformer_publication_20260622T101458Z_modular_seed101,101,rslora,1536,1,gradient_norm,gradient_norm,gradient_norm,candidate,False,0.011270195753560799,0.0,1.8205868318160379,1472,1536,-64
modular,transformer_publication_20260622T101458Z_modular_seed101,101,rslora,1536,1,marginal_gain_edge,marginal_gain_edge,marginal_gain_edge,candidate,False,0.0014040670449711,0.0,1.1022306047990442,1536,1536,0
modular,transformer_publication_20260622T101458Z_modular_seed101,101,rslora,1536,1,marginal_gain_soft,marginal_gain_soft,marginal_gain_soft,candidate,False,0.0011989499319202002,0.0,1.0872959572001761,1536,1536,0
modular,transformer_publication_20260622T101458Z_modular_seed101,101,fixed_update_scale,1536,2,uniform,uniform,uniform,cap_baseline,False,0.0142543602174654,0.0,2.2353764468521535,1152,1536,-384
modular,transformer_publication_20260622T101458Z_modular_seed101,101,fixed_update_scale,1536,2,effective_rank,effective_rank,effective_rank,candidate,False,0.007539270291614698,0.0,1.6534026643511524,1472,1536,-64
modular,transformer_publication_20260622T101458Z_modular_seed101,101,fixed_update_scale,1536,2,soft_dimension,soft_dimension,soft_dimension,candidate,True,0.0022217825105517,0.0,1.1925542600081467,1536,1536,0
modular,transformer_publication_20260622T101458Z_modular_seed101,101,fixed_update_scale,1536,2,gradient_norm,gradient_norm,gradient_norm,candidate,False,0.0065566017617095,0.0,1.5682381576046285,1472,1536,-64
modular,transformer_publication_20260622T101458Z_modular_seed101,101,fixed_update_scale,1536,2,marginal_gain_edge,marginal_gain_edge,marginal_gain_edge,candidate,False,0.005628098501134798,0.0,1.4877679687332985,1536,1536,0
modular,transformer_publication_20260622T101458Z_modular_seed101,101,fixed_update_scale,1536,2,marginal_gain_soft,marginal_gain_soft,marginal_gain_soft,candidate,False,0.004213514230936098,0.0,1.3651708080869858,1536,1536,0
modular,transformer_publication_20260622T101458Z_modular_seed101,101,standard,1536,2,uniform,uniform,uniform,cap_baseline,False,0.0505291163091791,-0.013527575442247586,2.643407884971356,1152,1536,-384
modular,transformer_publication_20260622T101458Z_modular_seed101,101,standard,1536,2,effective_rank,effective_rank,effective_rank,candidate,False,0.0045692321924836014,-0.0010405827263267886,1.1486096089123254,1472,1536,-64
modular,transformer_publication_20260622T101458Z_modular_seed101,101,standard,1536,2,soft_dimension,soft_dimension,soft_dimension,candidate,True,0.004695492751051401,0.0,1.1527161045858607,1536,1536,0
modular,transformer_publication_20260622T101458Z_modular_seed101,101,standard,1536,2,gradient_norm,gradient_norm,gradient_norm,candidate,False,-0.0051060832753917,0.0010405827263267886,0.8339298580890734,1472,1536,-64
modular,transformer_publication_20260622T101458Z_modular_seed101,101,standard,1536,2,marginal_gain_edge,marginal_gain_edge,marginal_gain_edge,candidate,False,0.027621498934219096,-0.008324661810613976,1.898361033378639,1536,1536,0
modular,transformer_publication_20260622T101458Z_modular_seed101,101,standard,1536,2,marginal_gain_soft,marginal_gain_soft,marginal_gain_soft,candidate,False,-0.009304343068605902,0.0010405827263267886,0.6973857474596721,1536,1536,0
modular,transformer_publication_20260622T101458Z_modular_seed101,101,rslora,1536,2,uniform,uniform,uniform,cap_baseline,False,0.0255646126288591,-0.0020811654526535772,3.3255959908550285,1152,1536,-384
modular,transformer_publication_20260622T101458Z_modular_seed101,101,rslora,1536,2,effective_rank,effective_rank,effective_rank,candidate,False,0.0028636269523345005,0.0,1.2605022597579147,1472,1536,-64
modular,transformer_publication_20260622T101458Z_modular_seed101,101,rslora,1536,2,soft_dimension,soft_dimension,soft_dimension,candidate,True,0.0047862829241231,0.0,1.4354050085184225,1536,1536,0
modular,transformer_publication_20260622T101458Z_modular_seed101,101,rslora,1536,2,gradient_norm,gradient_norm,gradient_norm,candidate,False,0.005921883760533802,0.0,1.5387098694489987,1472,1536,-64
modular,transformer_publication_20260622T101458Z_modular_seed101,101,rslora,1536,2,marginal_gain_edge,marginal_gain_edge,marginal_gain_edge,candidate,False,0.0042915946826277,0.0,1.3904035446649812,1536,1536,0
modular,transformer_publication_20260622T101458Z_modular_seed101,101,rslora,1536,2,marginal_gain_soft,marginal_gain_soft,marginal_gain_soft,candidate,False,0.005320315800692501,0.0,1.4839856279381192,1536,1536,0
modular,transformer_publication_20260622T101458Z_modular_seed101,101,fixed_update_scale,2048,0,uniform,uniform,uniform,cap_baseline,False,0.0091948568875224,0.0,1.9171689524295832,1152,1920,-768
modular,transformer_publication_20260622T101458Z_modular_seed101,101,fixed_update_scale,2048,0,effective_rank,effective_rank,effective_rank,candidate,False,-0.0005108139765498988,0.0,0.9490473070446124,2048,1920,128
modular,transformer_publication_20260622T101458Z_modular_seed101,101,fixed_update_scale,2048,0,soft_dimension,soft_dimension,soft_dimension,candidate,True,0.00038492616409440024,0.0,1.038395630405546,2048,1920,128
modular,transformer_publication_20260622T101458Z_modular_seed101,101,fixed_update_scale,2048,0,gradient_norm,gradient_norm,gradient_norm,candidate,False,0.0029000067612414016,0.0,1.2892699903634042,2048,1920,128
modular,transformer_publication_20260622T101458Z_modular_seed101,101,fixed_update_scale,2048,0,marginal_gain_edge,marginal_gain_edge,marginal_gain_edge,candidate,False,0.0022748421962905004,0.0,1.226911050344424,2048,1920,128
modular,transformer_publication_20260622T101458Z_modular_seed101,101,fixed_update_scale,2048,0,marginal_gain_soft,marginal_gain_soft,marginal_gain_soft,candidate,False,0.0022748421962905004,0.0,1.226911050344424,2048,1920,128
modular,transformer_publication_20260622T101458Z_modular_seed101,101,standard,2048,0,uniform,uniform,uniform,cap_baseline,False,0.0478620563142398,-0.007284079084287187,6.024481993167692,1152,1920,-768
modular,transformer_publication_20260622T101458Z_modular_seed101,101,standard,2048,0,effective_rank,effective_rank,effective_rank,candidate,False,-0.0006637839652776003,0.0,0.9303170227582036,2048,1920,128
modular,transformer_publication_20260622T101458Z_modular_seed101,101,standard,2048,0,soft_dimension,soft_dimension,soft_dimension,candidate,True,-8.599177336279969e-05,0.0,0.9909727213978184,2048,1920,128
modular,transformer_publication_20260622T101458Z_modular_seed101,101,standard,2048,0,gradient_norm,gradient_norm,gradient_norm,candidate,False,0.0200468108870097,0.0,3.104482090382959,2048,1920,128
modular,transformer_publication_20260622T101458Z_modular_seed101,101,standard,2048,0,marginal_gain_edge,marginal_gain_edge,marginal_gain_edge,candidate,False,0.0015413177283975007,0.0,1.1618050658174355,2048,1920,128
modular,transformer_publication_20260622T101458Z_modular_seed101,101,standard,2048,0,marginal_gain_soft,marginal_gain_soft,marginal_gain_soft,candidate,False,0.0015413177283975007,0.0,1.1618050658174355,2048,1920,128
modular,transformer_publication_20260622T101458Z_modular_seed101,101,rslora,2048,0,uniform,uniform,uniform,cap_baseline,False,0.0344173442562664,-0.0020811654526535772,4.58280876891148,1152,1920,-768
modular,transformer_publication_20260622T101458Z_modular_seed101,101,rslora,2048,0,effective_rank,effective_rank,effective_rank,candidate,False,-0.00037133302655880003,0.0,0.9613446286315633,2048,1920,128
modular,transformer_publication_20260622T101458Z_modular_seed101,101,rslora,2048,0,soft_dimension,soft_dimension,soft_dimension,candidate,True,-0.0002764738809304997,0.0,0.9712193643531217,2048,1920,128
modular,transformer_publication_20260622T101458Z_modular_seed101,101,rslora,2048,0,gradient_norm,gradient_norm,gradient_norm,candidate,False,0.0017655962752518,0.0,1.1837966860612104,2048,1920,128
modular,transformer_publication_20260622T101458Z_modular_seed101,101,rslora,2048,0,marginal_gain_edge,marginal_gain_edge,marginal_gain_edge,candidate,False,0.0022629677772552995,0.0,1.2355725280761085,2048,1920,128
modular,transformer_publication_20260622T101458Z_modular_seed101,101,rslora,2048,0,marginal_gain_soft,marginal_gain_soft,marginal_gain_soft,candidate,False,0.0022629677772552995,0.0,1.2355725280761085,2048,1920,128
modular,transformer_publication_20260622T101458Z_modular_seed101,101,fixed_update_scale,2048,1,uniform,uniform,uniform,cap_baseline,False,0.008537398044574202,0.0,1.8223287218090174,1152,1920,-768
modular,transformer_publication_20260622T101458Z_modular_seed101,101,fixed_update_scale,2048,1,effective_rank,effective_rank,effective_rank,candidate,False,-0.0007892355601943988,0.0,0.9239802260557183,2048,1920,128
modular,transformer_publication_20260622T101458Z_modular_seed101,101,fixed_update_scale,2048,1,soft_dimension,soft_dimension,soft_dimension,candidate,True,-0.00030752575329270025,0.0,0.9703788837877532,2048,1920,128
modular,transformer_publication_20260622T101458Z_modular_seed101,101,fixed_update_scale,2048,1,gradient_norm,gradient_norm,gradient_norm,candidate,False,0.0021918870510609003,0.0,1.2111242403877567,2048,1920,128
modular,transformer_publication_20260622T101458Z_modular_seed101,101,fixed_update_scale,2048,1,marginal_gain_edge,marginal_gain_edge,marginal_gain_edge,candidate,False,0.0015372292969170007,0.0,1.1480671038484043,2048,1920,128
modular,transformer_publication_20260622T101458Z_modular_seed101,101,fixed_update_scale,2048,1,marginal_gain_soft,marginal_gain_soft,marginal_gain_soft,candidate,False,0.0015372292969170007,0.0,1.1480671038484043,2048,1920,128
modular,transformer_publication_20260622T101458Z_modular_seed101,101,standard,2048,1,uniform,uniform,uniform,cap_baseline,False,0.0620782560563252,-0.010405827263267442,7.607541572634786,1152,1920,-768
modular,transformer_publication_20260622T101458Z_modular_seed101,101,standard,2048,1,effective_rank,effective_rank,effective_rank,candidate,False,-5.690346914850007e-05,0.0,0.9939432570772493,2048,1920,128
modular,transformer_publication_20260622T101458Z_modular_seed101,101,standard,2048,1,soft_dimension,soft_dimension,soft_dimension,candidate,True,0.019961646690181703,-0.0010405827263267886,3.1246958072396436,2048,1920,128
modular,transformer_publication_20260622T101458Z_modular_seed101,101,standard,2048,1,gradient_norm,gradient_norm,gradient_norm,candidate,False,0.0004274546712420002,0.0,1.045497806962969,2048,1920,128
modular,transformer_publication_20260622T101458Z_modular_seed101,101,standard,2048,1,marginal_gain_edge,marginal_gain_edge,marginal_gain_edge,candidate,False,0.0013724332655956004,0.0,1.1460802933939034,2048,1920,128
modular,transformer_publication_20260622T101458Z_modular_seed101,101,standard,2048,1,marginal_gain_soft,marginal_gain_soft,marginal_gain_soft,candidate,False,0.0013724332655956004,0.0,1.1460802933939034,2048,1920,128
modular,transformer_publication_20260622T101458Z_modular_seed101,101,rslora,2048,1,uniform,uniform,uniform,cap_baseline,False,0.029719219764967903,-0.0020811654526535772,3.994142917452542,1152,1920,-768
modular,transformer_publication_20260622T101458Z_modular_seed101,101,rslora,2048,1,effective_rank,effective_rank,effective_rank,candidate,False,-0.0010794649001415989,0.0,0.8912463984263997,2048,1920,128
modular,transformer_publication_20260622T101458Z_modular_seed101,101,rslora,2048,1,soft_dimension,soft_dimension,soft_dimension,candidate,True,-0.0008466800027424996,0.0,0.9146989404968017,2048,1920,128
modular,transformer_publication_20260622T101458Z_modular_seed101,101,rslora,2048,1,gradient_norm,gradient_norm,gradient_norm,candidate,False,0.0006156611798039009,0.0,1.0620264453656096,2048,1920,128
modular,transformer_publication_20260622T101458Z_modular_seed101,101,rslora,2048,1,marginal_gain_edge,marginal_gain_edge,marginal_gain_edge,candidate,False,0.0019213589040115008,0.0,1.1935724827174523,2048,1920,128
modular,transformer_publication_20260622T101458Z_modular_seed101,101,rslora,2048,1,marginal_gain_soft,marginal_gain_soft,marginal_gain_soft,candidate,False,0.0019213589040115008,0.0,1.1935724827174523,2048,1920,128
modular,transformer_publication_20260622T101458Z_modular_seed101,101,fixed_update_scale,2048,2,uniform,uniform,uniform,cap_baseline,False,0.0103565106152883,0.0,2.041299815832403,1152,1920,-768
modular,transformer_publication_20260622T101458Z_modular_seed101,101,fixed_update_scale,2048,2,effective_rank,effective_rank,effective_rank,candidate,False,0.0006870039419875004,0.0,1.0690751069391728,2048,1920,128
modular,transformer_publication_20260622T101458Z_modular_seed101,101,fixed_update_scale,2048,2,soft_dimension,soft_dimension,soft_dimension,candidate,True,-0.0005745624359716987,0.0,0.9422303726625504,2048,1920,128
modular,transformer_publication_20260622T101458Z_modular_seed101,101,fixed_update_scale,2048,2,gradient_norm,gradient_norm,gradient_norm,candidate,False,0.002229333275679101,0.0,1.2241492734016837,2048,1920,128
modular,transformer_publication_20260622T101458Z_modular_seed101,101,fixed_update_scale,2048,2,marginal_gain_edge,marginal_gain_edge,marginal_gain_edge,candidate,False,0.0018488694966987008,0.0,1.1858953790447992,2048,1920,128
modular,transformer_publication_20260622T101458Z_modular_seed101,101,fixed_update_scale,2048,2,marginal_gain_soft,marginal_gain_soft,marginal_gain_soft,candidate,False,0.0018488694966987008,0.0,1.1858953790447992,2048,1920,128
modular,transformer_publication_20260622T101458Z_modular_seed101,101,standard,2048,2,uniform,uniform,uniform,cap_baseline,False,0.055875308582952705,-0.014568158168574374,3.609839891797764,1152,1920,-768
modular,transformer_publication_20260622T101458Z_modular_seed101,101,standard,2048,2,effective_rank,effective_rank,effective_rank,candidate,False,-0.013049876666264401,0.0,0.3904626288355101,2048,1920,128
modular,transformer_publication_20260622T101458Z_modular_seed101,101,standard,2048,2,soft_dimension,soft_dimension,soft_dimension,candidate,True,-0.011934496198745,0.0,0.4425601386746288,2048,1920,128
modular,transformer_publication_20260622T101458Z_modular_seed101,101,standard,2048,2,gradient_norm,gradient_norm,gradient_norm,candidate,False,-0.010487725847748701,0.0,0.5101363019578216,2048,1920,128
modular,transformer_publication_20260622T101458Z_modular_seed101,101,standard,2048,2,marginal_gain_edge,marginal_gain_edge,marginal_gain_edge,candidate,False,-0.010839439300543102,0.0,0.49370836942619156,2048,1920,128
modular,transformer_publication_20260622T101458Z_modular_seed101,101,standard,2048,2,marginal_gain_soft,marginal_gain_soft,marginal_gain_soft,candidate,False,-0.010839439300543102,0.0,0.49370836942619156,2048,1920,128
modular,transformer_publication_20260622T101458Z_modular_seed101,101,rslora,2048,2,uniform,uniform,uniform,cap_baseline,False,0.022176146606113202,0.0,3.463206324023543,1152,1920,-768
modular,transformer_publication_20260622T101458Z_modular_seed101,101,rslora,2048,2,effective_rank,effective_rank,effective_rank,candidate,False,3.861531646270032e-05,0.0,1.0042891803253535,2048,1920,128
modular,transformer_publication_20260622T101458Z_modular_seed101,101,rslora,2048,2,soft_dimension,soft_dimension,soft_dimension,candidate,True,-0.00022231839775540066,0.0,0.9753060758018742,2048,1920,128
modular,transformer_publication_20260622T101458Z_modular_seed101,101,rslora,2048,2,gradient_norm,gradient_norm,gradient_norm,candidate,False,0.0023337807971499994,0.0,1.2592237380339062,2048,1920,128
modular,transformer_publication_20260622T101458Z_modular_seed101,101,rslora,2048,2,marginal_gain_edge,marginal_gain_edge,marginal_gain_edge,candidate,False,0.0019512282806553993,0.0,1.216731875284367,2048,1920,128
modular,transformer_publication_20260622T101458Z_modular_seed101,101,rslora,2048,2,marginal_gain_soft,marginal_gain_soft,marginal_gain_soft,candidate,False,0.0019512282806553993,0.0,1.216731875284367,2048,1920,128
modular,transformer_publication_20260622T101458Z_modular_seed101,101,fixed_update_scale,3072,0,uniform,uniform,uniform,cap_baseline,False,0.0007999630394885,0.0,1.1035932485822042,2304,3072,-768
modular,transformer_publication_20260622T101458Z_modular_seed101,101,fixed_update_scale,3072,0,effective_rank,effective_rank,effective_rank,candidate,False,7.80837999950039e-06,0.0,1.0010111660294079,3072,3072,0
modular,transformer_publication_20260622T101458Z_modular_seed101,101,fixed_update_scale,3072,0,soft_dimension,soft_dimension,soft_dimension,candidate,True,-0.0005615153873259997,0.0,0.9272851366493274,3072,3072,0
modular,transformer_publication_20260622T101458Z_modular_seed101,101,fixed_update_scale,3072,0,gradient_norm,gradient_norm,gradient_norm,candidate,False,-0.0003519948827768,0.0,0.9544175273216668,3072,3072,0
modular,transformer_publication_20260622T101458Z_modular_seed101,101,fixed_update_scale,3072,0,marginal_gain_edge,marginal_gain_edge,marginal_gain_edge,candidate,False,0.0007911121567690006,0.0,1.1024470810113634,3072,3072,0
modular,transformer_publication_20260622T101458Z_modular_seed101,101,fixed_update_scale,3072,0,marginal_gain_soft,marginal_gain_soft,marginal_gain_soft,candidate,False,0.0007911121567690006,0.0,1.1024470810113634,3072,3072,0
modular,transformer_publication_20260622T101458Z_modular_seed101,101,standard,3072,0,uniform,uniform,uniform,cap_baseline,False,0.019946735663849302,-0.0020811654526535772,4.085194603001045,2304,3072,-768
modular,transformer_publication_20260622T101458Z_modular_seed101,101,standard,3072,0,effective_rank,effective_rank,effective_rank,candidate,False,0.0002440781934375004,0.0,1.037751977957395,3072,3072,0
modular,transformer_publication_20260622T101458Z_modular_seed101,101,standard,3072,0,soft_dimension,soft_dimension,soft_dimension,candidate,True,0.00016506673801110032,0.0,1.0255311454379878,3072,3072,0
modular,transformer_publication_20260622T101458Z_modular_seed101,101,standard,3072,0,gradient_norm,gradient_norm,gradient_norm,candidate,False,0.0005794531766530999,0.0,1.0896249814219958,3072,3072,0
modular,transformer_publication_20260622T101458Z_modular_seed101,101,standard,3072,0,marginal_gain_edge,marginal_gain_edge,marginal_gain_edge,candidate,False,0.0011687439897376,0.0,1.1807715663452327,3072,3072,0
modular,transformer_publication_20260622T101458Z_modular_seed101,101,standard,3072,0,marginal_gain_soft,marginal_gain_soft,marginal_gain_soft,candidate,False,0.0011687439897376,0.0,1.1807715663452327,3072,3072,0
modular,transformer_publication_20260622T101458Z_modular_seed101,101,rslora,3072,0,uniform,uniform,uniform,cap_baseline,False,0.0007100197448782998,0.0,1.0969904013560472,2304,3072,-768
modular,transformer_publication_20260622T101458Z_modular_seed101,101,rslora,3072,0,effective_rank,effective_rank,effective_rank,candidate,False,-2.9109348131200335e-05,0.0,0.9960235931763533,3072,3072,0
modular,transformer_publication_20260622T101458Z_modular_seed101,101,rslora,3072,0,soft_dimension,soft_dimension,soft_dimension,candidate,True,-0.00035637966478320026,0.0,0.9513176823999722,3072,3072,0
modular,transformer_publication_20260622T101458Z_modular_seed101,101,rslora,3072,0,gradient_norm,gradient_norm,gradient_norm,candidate,False,-0.0002693764712277998,0.0,0.9632025274666999,3072,3072,0
modular,transformer_publication_20260622T101458Z_modular_seed101,101,rslora,3072,0,marginal_gain_edge,marginal_gain_edge,marginal_gain_edge,candidate,False,0.0005798097598122996,0.0,1.07920340486304,3072,3072,0
modular,transformer_publication_20260622T101458Z_modular_seed101,101,rslora,3072,0,marginal_gain_soft,marginal_gain_soft,marginal_gain_soft,candidate,False,0.0005798097598122996,0.0,1.07920340486304,3072,3072,0
modular,transformer_publication_20260622T101458Z_modular_seed101,101,fixed_update_scale,3072,1,uniform,uniform,uniform,cap_baseline,False,0.002153548203664599,0.0,1.2852071180124582,2304,3072,-768
modular,transformer_publication_20260622T101458Z_modular_seed101,101,fixed_update_scale,3072,1,effective_rank,effective_rank,effective_rank,candidate,False,0.00010846994437360008,0.0,1.0143653158880415,3072,3072,0
modular,transformer_publication_20260622T101458Z_modular_seed101,101,fixed_update_scale,3072,1,soft_dimension,soft_dimension,soft_dimension,candidate,True,0.0006724640884040005,0.0,1.0890583940931606,3072,3072,0
modular,transformer_publication_20260622T101458Z_modular_seed101,101,fixed_update_scale,3072,1,gradient_norm,gradient_norm,gradient_norm,candidate,False,-0.0003194461821827005,0.0,0.9576938538801334,3072,3072,0
modular,transformer_publication_20260622T101458Z_modular_seed101,101,fixed_update_scale,3072,1,marginal_gain_edge,marginal_gain_edge,marginal_gain_edge,candidate,False,0.0018866313834607993,0.0,1.2498577457950943,3072,3072,0
modular,transformer_publication_20260622T101458Z_modular_seed101,101,fixed_update_scale,3072,1,marginal_gain_soft,marginal_gain_soft,marginal_gain_soft,candidate,False,0.0018866313834607993,0.0,1.2498577457950943,3072,3072,0
modular,transformer_publication_20260622T101458Z_modular_seed101,101,standard,3072,1,uniform,uniform,uniform,cap_baseline,False,-0.0009765779070409,0.0,0.8996568052757311,2304,3072,-768
modular,transformer_publication_20260622T101458Z_modular_seed101,101,standard,3072,1,effective_rank,effective_rank,effective_rank,candidate,False,-0.0022819935141613996,0.0,0.7655255992378025,3072,3072,0
modular,transformer_publication_20260622T101458Z_modular_seed101,101,standard,3072,1,soft_dimension,soft_dimension,soft_dimension,candidate,True,-0.0023606353580882004,0.0,0.7574451646900526,3072,3072,0
modular,transformer_publication_20260622T101458Z_modular_seed101,101,standard,3072,1,gradient_norm,gradient_norm,gradient_norm,candidate,False,-0.0026631421369813996,0.0,0.7263626505342001,3072,3072,0
modular,transformer_publication_20260622T101458Z_modular_seed101,101,standard,3072,1,marginal_gain_edge,marginal_gain_edge,marginal_gain_edge,candidate,False,-0.0013430775458170008,0.0,0.8619990369042168,3072,3072,0
modular,transformer_publication_20260622T101458Z_modular_seed101,101,standard,3072,1,marginal_gain_soft,marginal_gain_soft,marginal_gain_soft,candidate,False,-0.0013430775458170008,0.0,0.8619990369042168,3072,3072,0
modular,transformer_publication_20260622T101458Z_modular_seed101,101,rslora,3072,1,uniform,uniform,uniform,cap_baseline,False,0.0019298236105789006,0.0,1.259923524217866,2304,3072,-768
modular,transformer_publication_20260622T101458Z_modular_seed101,101,rslora,3072,1,effective_rank,effective_rank,effective_rank,candidate,False,0.00018085305783489998,0.0,1.0243586843379553,3072,3072,0
modular,transformer_publication_20260622T101458Z_modular_seed101,101,rslora,3072,1,soft_dimension,soft_dimension,soft_dimension,candidate,True,0.0004513914978886008,0.0,1.0607968874927336,3072,3072,0
modular,transformer_publication_20260622T101458Z_modular_seed101,101,rslora,3072,1,gradient_norm,gradient_norm,gradient_norm,candidate,False,-0.00026362481246950016,0.0,0.9644929775173642,3072,3072,0
modular,transformer_publication_20260622T101458Z_modular_seed101,101,rslora,3072,1,marginal_gain_edge,marginal_gain_edge,marginal_gain_edge,candidate,False,0.0015566973267637004,0.0,1.2096679992383215,3072,3072,0
modular,transformer_publication_20260622T101458Z_modular_seed101,101,rslora,3072,1,marginal_gain_soft,marginal_gain_soft,marginal_gain_soft,candidate,False,0.0015566973267637004,0.0,1.2096679992383215,3072,3072,0
modular,transformer_publication_20260622T101458Z_modular_seed101,101,fixed_update_scale,3072,2,uniform,uniform,uniform,cap_baseline,False,0.0004695472103987989,0.0,1.0605167099203292,2304,3072,-768
modular,transformer_publication_20260622T101458Z_modular_seed101,101,fixed_update_scale,3072,2,effective_rank,effective_rank,effective_rank,candidate,False,-0.0004976385313742006,0.0,0.9358627929601088,3072,3072,0
modular,transformer_publication_20260622T101458Z_modular_seed101,101,fixed_update_scale,3072,2,soft_dimension,soft_dimension,soft_dimension,candidate,True,-0.0001477873089464005,0.0,0.9809527103827976,3072,3072,0
modular,transformer_publication_20260622T101458Z_modular_seed101,101,fixed_update_scale,3072,2,gradient_norm,gradient_norm,gradient_norm,candidate,False,-0.00010357668301580036,0.0,0.9866507138329,3072,3072,0
modular,transformer_publication_20260622T101458Z_modular_seed101,101,fixed_update_scale,3072,2,marginal_gain_edge,marginal_gain_edge,marginal_gain_edge,candidate,False,0.000875504614744599,0.0,1.112837767174485,3072,3072,0
modular,transformer_publication_20260622T101458Z_modular_seed101,101,fixed_update_scale,3072,2,marginal_gain_soft,marginal_gain_soft,marginal_gain_soft,candidate,False,0.000875504614744599,0.0,1.112837767174485,3072,3072,0
modular,transformer_publication_20260622T101458Z_modular_seed101,101,standard,3072,2,uniform,uniform,uniform,cap_baseline,False,0.0005835384706134004,0.0,1.0888367275857869,2304,3072,-768
modular,transformer_publication_20260622T101458Z_modular_seed101,101,standard,3072,2,effective_rank,effective_rank,effective_rank,candidate,False,0.025450221867117397,-0.0020811654526535772,4.874490784866902,3072,3072,0
modular,transformer_publication_20260622T101458Z_modular_seed101,101,standard,3072,2,soft_dimension,soft_dimension,soft_dimension,candidate,True,0.0008515363910917007,0.0,1.129636194037522,3072,3072,0
modular,transformer_publication_20260622T101458Z_modular_seed101,101,standard,3072,2,gradient_norm,gradient_norm,gradient_norm,candidate,False,0.0006272266633444001,0.0,1.095487730513288,3072,3072,0
modular,transformer_publication_20260622T101458Z_modular_seed101,101,standard,3072,2,marginal_gain_edge,marginal_gain_edge,marginal_gain_edge,candidate,False,0.0010130981232440005,0.0,1.154232028434549,3072,3072,0
modular,transformer_publication_20260622T101458Z_modular_seed101,101,standard,3072,2,marginal_gain_soft,marginal_gain_soft,marginal_gain_soft,candidate,False,0.0010130981232440005,0.0,1.154232028434549,3072,3072,0
modular,transformer_publication_20260622T101458Z_modular_seed101,101,rslora,3072,2,uniform,uniform,uniform,cap_baseline,False,0.0004938069525544002,0.0,1.0696578977234725,2304,3072,-768
modular,transformer_publication_20260622T101458Z_modular_seed101,101,rslora,3072,2,effective_rank,effective_rank,effective_rank,candidate,False,-0.00011762030350969972,0.0,0.9834081253216461,3072,3072,0
modular,transformer_publication_20260622T101458Z_modular_seed101,101,rslora,3072,2,soft_dimension,soft_dimension,soft_dimension,candidate,True,0.00025928596181949964,0.0,1.0365756596097444,3072,3072,0
modular,transformer_publication_20260622T101458Z_modular_seed101,101,rslora,3072,2,gradient_norm,gradient_norm,gradient_norm,candidate,False,0.00035204285025039993,0.0,1.049660225985418,3072,3072,0
modular,transformer_publication_20260622T101458Z_modular_seed101,101,rslora,3072,2,marginal_gain_edge,marginal_gain_edge,marginal_gain_edge,candidate,False,0.0016529513818563995,0.0,1.2331703061360626,3072,3072,0
modular,transformer_publication_20260622T101458Z_modular_seed101,101,rslora,3072,2,marginal_gain_soft,marginal_gain_soft,marginal_gain_soft,candidate,False,0.0016529513818563995,0.0,1.2331703061360626,3072,3072,0
modular,transformer_publication_20260622T101458Z_modular_seed101,101,fixed_update_scale,4096,0,uniform,uniform,uniform,cap_baseline,False,0.0020217051473712996,0.0,1.2889216277115545,2304,3840,-1536
modular,transformer_publication_20260622T101458Z_modular_seed101,101,fixed_update_scale,4096,0,effective_rank,effective_rank,effective_rank,candidate,False,-0.0003730948785713997,0.0,0.9466810579436605,4096,3840,256
modular,transformer_publication_20260622T101458Z_modular_seed101,101,fixed_update_scale,4096,0,soft_dimension,soft_dimension,soft_dimension,candidate,True,-0.0003730948785713997,0.0,0.9466810579436605,4096,3840,256
modular,transformer_publication_20260622T101458Z_modular_seed101,101,fixed_update_scale,4096,0,gradient_norm,gradient_norm,gradient_norm,candidate,False,0.0007774804531752002,0.0,1.1111096335374968,4096,3840,256
modular,transformer_publication_20260622T101458Z_modular_seed101,101,fixed_update_scale,4096,0,marginal_gain_edge,marginal_gain_edge,marginal_gain_edge,candidate,False,0.0011802071591103993,0.0,1.1686632563063766,4096,3840,256
modular,transformer_publication_20260622T101458Z_modular_seed101,101,fixed_update_scale,4096,0,marginal_gain_soft,marginal_gain_soft,marginal_gain_soft,candidate,False,0.0011802071591103993,0.0,1.1686632563063766,4096,3840,256
modular,transformer_publication_20260622T101458Z_modular_seed101,101,standard,4096,0,uniform,uniform,uniform,cap_baseline,False,0.0015513419641742,0.0,1.2327773002835152,2304,3840,-1536
modular,transformer_publication_20260622T101458Z_modular_seed101,101,standard,4096,0,effective_rank,effective_rank,effective_rank,candidate,False,-0.00014635133358360027,0.0,0.978040129699826,4096,3840,256
modular,transformer_publication_20260622T101458Z_modular_seed101,101,standard,4096,0,soft_dimension,soft_dimension,soft_dimension,candidate,True,-0.00014635133358360027,0.0,0.978040129699826,4096,3840,256
modular,transformer_publication_20260622T101458Z_modular_seed101,101,standard,4096,0,gradient_norm,gradient_norm,gradient_norm,candidate,False,0.0011104076953447001,0.0,1.1666155570502925,4096,3840,256
modular,transformer_publication_20260622T101458Z_modular_seed101,101,standard,4096,0,marginal_gain_edge,marginal_gain_edge,marginal_gain_edge,candidate,False,0.0011768473441150992,0.0,1.176584759476136,4096,3840,256
modular,transformer_publication_20260622T101458Z_modular_seed101,101,standard,4096,0,marginal_gain_soft,marginal_gain_soft,marginal_gain_soft,candidate,False,0.0011768473441150992,0.0,1.176584759476136,4096,3840,256
modular,transformer_publication_20260622T101458Z_modular_seed101,101,rslora,4096,0,uniform,uniform,uniform,cap_baseline,False,0.0013658712723687008,0.0,1.1997818670487506,2304,3840,-1536
modular,transformer_publication_20260622T101458Z_modular_seed101,101,rslora,4096,0,effective_rank,effective_rank,effective_rank,candidate,False,-0.00011526095767139949,0.0,0.9831411277275892,4096,3840,256
modular,transformer_publication_20260622T101458Z_modular_seed101,101,rslora,4096,0,soft_dimension,soft_dimension,soft_dimension,candidate,True,-0.00011526095767139949,0.0,0.9831411277275892,4096,3840,256
modular,transformer_publication_20260622T101458Z_modular_seed101,101,rslora,4096,0,gradient_norm,gradient_norm,gradient_norm,candidate,False,0.0009380845516788004,0.0,1.137210795025339,4096,3840,256
modular,transformer_publication_20260622T101458Z_modular_seed101,101,rslora,4096,0,marginal_gain_edge,marginal_gain_edge,marginal_gain_edge,candidate,False,0.0008511273810615002,0.0,1.1244918322280077,4096,3840,256
modular,transformer_publication_20260622T101458Z_modular_seed101,101,rslora,4096,0,marginal_gain_soft,marginal_gain_soft,marginal_gain_soft,candidate,False,0.0008511273810615002,0.0,1.1244918322280077,4096,3840,256
modular,transformer_publication_20260622T101458Z_modular_seed101,101,fixed_update_scale,4096,1,uniform,uniform,uniform,cap_baseline,False,0.0019843084442077996,0.0,1.2934167558527119,2304,3840,-1536
modular,transformer_publication_20260622T101458Z_modular_seed101,101,fixed_update_scale,4096,1,effective_rank,effective_rank,effective_rank,candidate,False,-0.0002470136994184007,0.0,0.9634744494757923,4096,3840,256
modular,transformer_publication_20260622T101458Z_modular_seed101,101,fixed_update_scale,4096,1,soft_dimension,soft_dimension,soft_dimension,candidate,True,-0.0002470136994184007,0.0,0.9634744494757923,4096,3840,256
modular,transformer_publication_20260622T101458Z_modular_seed101,101,fixed_update_scale,4096,1,gradient_norm,gradient_norm,gradient_norm,candidate,False,0.00038102737692859937,0.0,1.0563419548789412,4096,3840,256
modular,transformer_publication_20260622T101458Z_modular_seed101,101,fixed_update_scale,4096,1,marginal_gain_edge,marginal_gain_edge,marginal_gain_edge,candidate,False,0.0013755617908451992,0.0,1.203402288249537,4096,3840,256
modular,transformer_publication_20260622T101458Z_modular_seed101,101,fixed_update_scale,4096,1,marginal_gain_soft,marginal_gain_soft,marginal_gain_soft,candidate,False,0.0013755617908451992,0.0,1.203402288249537,4096,3840,256
modular,transformer_publication_20260622T101458Z_modular_seed101,101,standard,4096,1,uniform,uniform,uniform,cap_baseline,False,0.0014467101484055998,0.0,1.221422720862663,2304,3840,-1536
modular,transformer_publication_20260622T101458Z_modular_seed101,101,standard,4096,1,effective_rank,effective_rank,effective_rank,candidate,False,-0.0003443736336838001,0.0,0.9472927268481074,4096,3840,256
modular,transformer_publication_20260622T101458Z_modular_seed101,101,standard,4096,1,soft_dimension,soft_dimension,soft_dimension,candidate,True,-0.0003443736336838001,0.0,0.9472927268481074,4096,3840,256
modular,transformer_publication_20260622T101458Z_modular_seed101,101,standard,4096,1,gradient_norm,gradient_norm,gradient_norm,candidate,False,0.0006100896234225994,0.0,1.0933757909538324,4096,3840,256
modular,transformer_publication_20260622T101458Z_modular_seed101,101,standard,4096,1,marginal_gain_edge,marginal_gain_edge,marginal_gain_edge,candidate,False,0.0014842728494000998,0.0,1.2271717891651968,4096,3840,256
modular,transformer_publication_20260622T101458Z_modular_seed101,101,standard,4096,1,marginal_gain_soft,marginal_gain_soft,marginal_gain_soft,candidate,False,0.0014842728494000998,0.0,1.2271717891651968,4096,3840,256
modular,transformer_publication_20260622T101458Z_modular_seed101,101,rslora,4096,1,uniform,uniform,uniform,cap_baseline,False,0.0017813273044604006,0.0,1.2704742868138257,2304,3840,-1536
modular,transformer_publication_20260622T101458Z_modular_seed101,101,rslora,4096,1,effective_rank,effective_rank,effective_rank,candidate,False,-5.458196882900026e-05,0.0,0.9917123489574589,4096,3840,256
modular,transformer_publication_20260622T101458Z_modular_seed101,101,rslora,4096,1,soft_dimension,soft_dimension,soft_dimension,candidate,True,-5.458196882900026e-05,0.0,0.9917123489574589,4096,3840,256
modular,transformer_publication_20260622T101458Z_modular_seed101,101,rslora,4096,1,gradient_norm,gradient_norm,gradient_norm,candidate,False,0.0005578524026046998,0.0,1.0847035412100143,4096,3840,256
modular,transformer_publication_20260622T101458Z_modular_seed101,101,rslora,4096,1,marginal_gain_edge,marginal_gain_edge,marginal_gain_edge,candidate,False,0.0013312094497932997,0.0,1.2021290111205793,4096,3840,256
modular,transformer_publication_20260622T101458Z_modular_seed101,101,rslora,4096,1,marginal_gain_soft,marginal_gain_soft,marginal_gain_soft,candidate,False,0.0013312094497932997,0.0,1.2021290111205793,4096,3840,256
modular,transformer_publication_20260622T101458Z_modular_seed101,101,fixed_update_scale,4096,2,uniform,uniform,uniform,cap_baseline,False,0.002018795580807601,0.0,1.2892924311017084,2304,3840,-1536
modular,transformer_publication_20260622T101458Z_modular_seed101,101,fixed_update_scale,4096,2,effective_rank,effective_rank,effective_rank,candidate,False,-0.0001948066293208997,0.0,0.9720843041629664,4096,3840,256
modular,transformer_publication_20260622T101458Z_modular_seed101,101,fixed_update_scale,4096,2,soft_dimension,soft_dimension,soft_dimension,candidate,True,-0.0001948066293208997,0.0,0.9720843041629664,4096,3840,256
modular,transformer_publication_20260622T101458Z_modular_seed101,101,fixed_update_scale,4096,2,gradient_norm,gradient_norm,gradient_norm,candidate,False,0.0005077320489253008,0.0,1.0727577572381513,4096,3840,256
modular,transformer_publication_20260622T101458Z_modular_seed101,101,fixed_update_scale,4096,2,marginal_gain_edge,marginal_gain_edge,marginal_gain_edge,candidate,False,0.0005395585917223004,0.0,1.0773184854400741,4096,3840,256
modular,transformer_publication_20260622T101458Z_modular_seed101,101,fixed_update_scale,4096,2,marginal_gain_soft,marginal_gain_soft,marginal_gain_soft,candidate,False,0.0005395585917223004,0.0,1.0773184854400741,4096,3840,256
modular,transformer_publication_20260622T101458Z_modular_seed101,101,standard,4096,2,uniform,uniform,uniform,cap_baseline,False,0.0014867036415382,0.0,1.225915820897976,2304,3840,-1536
modular,transformer_publication_20260622T101458Z_modular_seed101,101,standard,4096,2,effective_rank,effective_rank,effective_rank,candidate,False,6.040060140660025e-05,0.0,1.0091783265125962,4096,3840,256
modular,transformer_publication_20260622T101458Z_modular_seed101,101,standard,4096,2,soft_dimension,soft_dimension,soft_dimension,candidate,True,6.040060140660025e-05,0.0,1.0091783265125962,4096,3840,256
modular,transformer_publication_20260622T101458Z_modular_seed101,101,standard,4096,2,gradient_norm,gradient_norm,gradient_norm,candidate,False,0.0009053367772503002,0.0,1.1375727451706616,4096,3840,256
modular,transformer_publication_20260622T101458Z_modular_seed101,101,standard,4096,2,marginal_gain_edge,marginal_gain_edge,marginal_gain_edge,candidate,False,0.0008623547077713997,0.0,1.131041295836097,4096,3840,256
modular,transformer_publication_20260622T101458Z_modular_seed101,101,standard,4096,2,marginal_gain_soft,marginal_gain_soft,marginal_gain_soft,candidate,False,0.0008623547077713997,0.0,1.131041295836097,4096,3840,256
modular,transformer_publication_20260622T101458Z_modular_seed101,101,rslora,4096,2,uniform,uniform,uniform,cap_baseline,False,0.0017567230761633005,0.0,1.2573690339896235,2304,3840,-1536
modular,transformer_publication_20260622T101458Z_modular_seed101,101,rslora,4096,2,effective_rank,effective_rank,effective_rank,candidate,False,-0.0001552607054928004,0.0,0.9772535020849723,4096,3840,256
modular,transformer_publication_20260622T101458Z_modular_seed101,101,rslora,4096,2,soft_dimension,soft_dimension,soft_dimension,candidate,True,-0.0001552607054928004,0.0,0.9772535020849723,4096,3840,256
modular,transformer_publication_20260622T101458Z_modular_seed101,101,rslora,4096,2,gradient_norm,gradient_norm,gradient_norm,candidate,False,0.0006604255172235002,0.0,1.096755760595536,4096,3840,256
modular,transformer_publication_20260622T101458Z_modular_seed101,101,rslora,4096,2,marginal_gain_edge,marginal_gain_edge,marginal_gain_edge,candidate,False,0.0007576928003986995,0.0,1.1110059216193608,4096,3840,256
modular,transformer_publication_20260622T101458Z_modular_seed101,101,rslora,4096,2,marginal_gain_soft,marginal_gain_soft,marginal_gain_soft,candidate,False,0.0007576928003986995,0.0,1.1110059216193608,4096,3840,256
modular,transformer_publication_20260622T101458Z_modular_seed103,103,fixed_update_scale,512,0,uniform,uniform,uniform,cap_baseline,False,8.590689317244768,-0.5359001040582726,6.761748577664832,0,512,-512
modular,transformer_publication_20260622T101458Z_modular_seed103,103,fixed_update_scale,512,0,effective_rank,effective_rank,effective_rank,candidate,False,0.12851726028847277,-0.030176899063475537,1.0861961263325002,512,512,0
modular,transformer_publication_20260622T101458Z_modular_seed103,103,fixed_update_scale,512,0,soft_dimension,soft_dimension,soft_dimension,candidate,True,0.12851726028847277,-0.030176899063475537,1.0861961263325002,512,512,0
modular,transformer_publication_20260622T101458Z_modular_seed103,103,fixed_update_scale,512,0,gradient_norm,gradient_norm,gradient_norm,candidate,False,-0.10986590596317125,0.027055150884495394,0.9263132789418365,512,512,0
modular,transformer_publication_20260622T101458Z_modular_seed103,103,fixed_update_scale,512,0,marginal_gain_edge,marginal_gain_edge,marginal_gain_edge,candidate,False,-0.13599803172338776,0.0457856399583767,0.9087865435577456,512,512,0
modular,transformer_publication_20260622T101458Z_modular_seed103,103,fixed_update_scale,512,0,marginal_gain_soft,marginal_gain_soft,marginal_gain_soft,candidate,False,-0.13599803172338776,0.0457856399583767,0.9087865435577456,512,512,0
modular,transformer_publication_20260622T101458Z_modular_seed103,103,standard,512,0,uniform,uniform,uniform,cap_baseline,False,7.99667923706007,-0.3080124869927159,4.835344063388381,0,512,-512
modular,transformer_publication_20260622T101458Z_modular_seed103,103,standard,512,0,effective_rank,effective_rank,effective_rank,candidate,False,-0.4579644297461851,0.18418314255983353,0.7803524307027445,512,512,0
modular,transformer_publication_20260622T101458Z_modular_seed103,103,standard,512,0,soft_dimension,soft_dimension,soft_dimension,candidate,True,-0.4579644297461851,0.18418314255983353,0.7803524307027445,512,512,0
modular,transformer_publication_20260622T101458Z_modular_seed103,103,standard,512,0,gradient_norm,gradient_norm,gradient_norm,candidate,False,-0.4431436773889643,0.1633714880332987,0.7874607168904388,512,512,0
modular,transformer_publication_20260622T101458Z_modular_seed103,103,standard,512,0,marginal_gain_edge,marginal_gain_edge,marginal_gain_edge,candidate,False,-0.6817184247533936,0.25806451612903225,0.6730361896769468,512,512,0
modular,transformer_publication_20260622T101458Z_modular_seed103,103,standard,512,0,marginal_gain_soft,marginal_gain_soft,marginal_gain_soft,candidate,False,-0.6817184247533936,0.25806451612903225,0.6730361896769468,512,512,0
modular,transformer_publication_20260622T101458Z_modular_seed103,103,rslora,512,0,uniform,uniform,uniform,cap_baseline,False,8.701944906803373,-0.5671175858480749,7.306987016156085,0,512,-512
modular,transformer_publication_20260622T101458Z_modular_seed103,103,rslora,512,0,effective_rank,effective_rank,effective_rank,candidate,False,0.2997056125478119,-0.07700312174817903,1.2172203372064934,512,512,0
modular,transformer_publication_20260622T101458Z_modular_seed103,103,rslora,512,0,soft_dimension,soft_dimension,soft_dimension,candidate,True,0.2997056125478119,-0.07700312174817903,1.2172203372064934,512,512,0
modular,transformer_publication_20260622T101458Z_modular_seed103,103,rslora,512,0,gradient_norm,gradient_norm,gradient_norm,candidate,False,-0.025470292034804,-0.013527575442247697,0.9815396669501297,512,512,0
modular,transformer_publication_20260622T101458Z_modular_seed103,103,rslora,512,0,marginal_gain_edge,marginal_gain_edge,marginal_gain_edge,candidate,False,-0.054724214476427724,0.014568158168574374,0.9603370379991342,512,512,0
modular,transformer_publication_20260622T101458Z_modular_seed103,103,rslora,512,0,marginal_gain_soft,marginal_gain_soft,marginal_gain_soft,candidate,False,-0.054724214476427724,0.014568158168574374,0.9603370379991342,512,512,0
modular,transformer_publication_20260622T101458Z_modular_seed103,103,fixed_update_scale,512,1,uniform,uniform,uniform,cap_baseline,False,8.75684815105613,-0.6045785639958376,7.60980171774589,0,512,-512
modular,transformer_publication_20260622T101458Z_modular_seed103,103,fixed_update_scale,512,1,effective_rank,effective_rank,effective_rank,candidate,False,0.3037040423404165,-0.13111342351716965,1.2292404146012226,512,512,0
modular,transformer_publication_20260622T101458Z_modular_seed103,103,fixed_update_scale,512,1,soft_dimension,soft_dimension,soft_dimension,candidate,True,0.3037040423404165,-0.13111342351716965,1.2292404146012226,512,512,0
modular,transformer_publication_20260622T101458Z_modular_seed103,103,fixed_update_scale,512,1,gradient_norm,gradient_norm,gradient_norm,candidate,False,0.23456605540105868,-0.08012486992715917,1.177054014089282,512,512,0
modular,transformer_publication_20260622T101458Z_modular_seed103,103,fixed_update_scale,512,1,marginal_gain_edge,marginal_gain_edge,marginal_gain_edge,candidate,False,0.13639422385923328,-0.048907388137356844,1.1029524275862481,512,512,0
modular,transformer_publication_20260622T101458Z_modular_seed103,103,fixed_update_scale,512,1,marginal_gain_soft,marginal_gain_soft,marginal_gain_soft,candidate,False,0.13639422385923328,-0.048907388137356844,1.1029524275862481,512,512,0
modular,transformer_publication_20260622T101458Z_modular_seed103,103,standard,512,1,uniform,uniform,uniform,cap_baseline,False,8.287492290123692,-0.4672216441207076,5.6190883973991745,0,512,-512
modular,transformer_publication_20260622T101458Z_modular_seed103,103,standard,512,1,effective_rank,effective_rank,effective_rank,candidate,False,-0.10410629822237794,-0.014568158168574485,0.9419756691914839,512,512,0
modular,transformer_publication_20260622T101458Z_modular_seed103,103,standard,512,1,soft_dimension,soft_dimension,soft_dimension,candidate,True,-0.10410629822237794,-0.014568158168574485,0.9419756691914839,512,512,0
modular,transformer_publication_20260622T101458Z_modular_seed103,103,standard,512,1,gradient_norm,gradient_norm,gradient_norm,candidate,False,-0.3011164838888143,0.08740894901144641,0.8321707449847053,512,512,0
modular,transformer_publication_20260622T101458Z_modular_seed103,103,standard,512,1,marginal_gain_edge,marginal_gain_edge,marginal_gain_edge,candidate,False,-0.3524737488342746,0.06451612903225806,0.8035464352023078,512,512,0
modular,transformer_publication_20260622T101458Z_modular_seed103,103,standard,512,1,marginal_gain_soft,marginal_gain_soft,marginal_gain_soft,candidate,False,-0.3524737488342746,0.06451612903225806,0.8035464352023078,512,512,0
modular,transformer_publication_20260622T101458Z_modular_seed103,103,rslora,512,1,uniform,uniform,uniform,cap_baseline,False,8.61894498345259,-0.5411030176899063,6.892365713109555,0,512,-512
modular,transformer_publication_20260622T101458Z_modular_seed103,103,rslora,512,1,effective_rank,effective_rank,effective_rank,candidate,False,0.14275001115034858,-0.07284079084287204,1.097591442208206,512,512,0
modular,transformer_publication_20260622T101458Z_modular_seed103,103,rslora,512,1,soft_dimension,soft_dimension,soft_dimension,candidate,True,0.14275001115034858,-0.07284079084287204,1.097591442208206,512,512,0
modular,transformer_publication_20260622T101458Z_modular_seed103,103,rslora,512,1,gradient_norm,gradient_norm,gradient_norm,candidate,False,-0.026429863303558454,0.007284079084287187,0.9819311504330225,512,512,0
modular,transformer_publication_20260622T101458Z_modular_seed103,103,rslora,512,1,marginal_gain_edge,marginal_gain_edge,marginal_gain_edge,candidate,False,0.057831630994576555,-0.01664932362122784,1.0395367553987034,512,512,0
modular,transformer_publication_20260622T101458Z_modular_seed103,103,rslora,512,1,marginal_gain_soft,marginal_gain_soft,marginal_gain_soft,candidate,False,0.057831630994576555,-0.01664932362122784,1.0395367553987034,512,512,0
modular,transformer_publication_20260622T101458Z_modular_seed103,103,fixed_update_scale,512,2,uniform,uniform,uniform,cap_baseline,False,8.62469918720432,-0.554630593132154,6.91958651813919,0,512,-512
modular,transformer_publication_20260622T101458Z_modular_seed103,103,fixed_update_scale,512,2,effective_rank,effective_rank,effective_rank,candidate,False,0.11257703272038522,-0.05619146722164414,1.077267562691624,512,512,0
modular,transformer_publication_20260622T101458Z_modular_seed103,103,fixed_update_scale,512,2,soft_dimension,soft_dimension,soft_dimension,candidate,True,0.11257703272038522,-0.05619146722164414,1.077267562691624,512,512,0
modular,transformer_publication_20260622T101458Z_modular_seed103,103,fixed_update_scale,512,2,gradient_norm,gradient_norm,gradient_norm,candidate,False,0.09287826216059591,-0.012486992715920908,1.0637472561744241,512,512,0
modular,transformer_publication_20260622T101458Z_modular_seed103,103,fixed_update_scale,512,2,marginal_gain_edge,marginal_gain_edge,marginal_gain_edge,candidate,False,-0.017024611955378743,0.01144640998959412,0.9883151097539579,512,512,0
modular,transformer_publication_20260622T101458Z_modular_seed103,103,fixed_update_scale,512,2,marginal_gain_soft,marginal_gain_soft,marginal_gain_soft,candidate,False,-0.017024611955378743,0.01144640998959412,0.9883151097539579,512,512,0
modular,transformer_publication_20260622T101458Z_modular_seed103,103,standard,512,2,uniform,uniform,uniform,cap_baseline,False,7.629408723233766,-0.2174817898022892,4.111165483249113,0,512,-512
modular,transformer_publication_20260622T101458Z_modular_seed103,103,standard,512,2,effective_rank,effective_rank,effective_rank,candidate,False,-0.9292322979013083,0.29136316337148815,0.6210721490976244,512,512,0
modular,transformer_publication_20260622T101458Z_modular_seed103,103,standard,512,2,soft_dimension,soft_dimension,soft_dimension,candidate,True,-0.9292322979013083,0.29136316337148815,0.6210721490976244,512,512,0
modular,transformer_publication_20260622T101458Z_modular_seed103,103,standard,512,2,gradient_norm,gradient_norm,gradient_norm,candidate,False,-0.19955192768362862,0.014568158168574402,0.918625532849683,512,512,0
modular,transformer_publication_20260622T101458Z_modular_seed103,103,standard,512,2,marginal_gain_edge,marginal_gain_edge,marginal_gain_edge,candidate,False,-0.6021715572547712,0.198751300728408,0.7544429153179072,512,512,0
modular,transformer_publication_20260622T101458Z_modular_seed103,103,standard,512,2,marginal_gain_soft,marginal_gain_soft,marginal_gain_soft,candidate,False,-0.6021715572547712,0.198751300728408,0.7544429153179072,512,512,0
modular,transformer_publication_20260622T101458Z_modular_seed103,103,rslora,512,2,uniform,uniform,uniform,cap_baseline,False,8.476821849547116,-0.5015608740894901,6.281989543127755,0,512,-512
modular,transformer_publication_20260622T101458Z_modular_seed103,103,rslora,512,2,effective_rank,effective_rank,effective_rank,candidate,False,-0.07791267585059725,-0.0020811654526535217,0.951451859385019,512,512,0
modular,transformer_publication_20260622T101458Z_modular_seed103,103,rslora,512,2,soft_dimension,soft_dimension,soft_dimension,candidate,True,-0.07791267585059725,-0.0020811654526535217,0.951451859385019,512,512,0
modular,transformer_publication_20260622T101458Z_modular_seed103,103,rslora,512,2,gradient_norm,gradient_norm,gradient_norm,candidate,False,0.5409574432998245,-0.19979188345473464,1.3370758061807626,512,512,0
modular,transformer_publication_20260622T101458Z_modular_seed103,103,rslora,512,2,marginal_gain_edge,marginal_gain_edge,marginal_gain_edge,candidate,False,-1.657468099125481e-05,0.006243496357960399,0.9999896721562361,512,512,0
modular,transformer_publication_20260622T101458Z_modular_seed103,103,rslora,512,2,marginal_gain_soft,marginal_gain_soft,marginal_gain_soft,candidate,False,-1.657468099125481e-05,0.006243496357960399,0.9999896721562361,512,512,0
modular,transformer_publication_20260622T101458Z_modular_seed103,103,fixed_update_scale,1024,0,uniform,uniform,uniform,cap_baseline,False,9.439846058355782,-0.8199791883454735,15.70771026153909,0,960,-960
modular,transformer_publication_20260622T101458Z_modular_seed103,103,fixed_update_scale,1024,0,effective_rank,effective_rank,effective_rank,candidate,False,-0.002562549496292532,-0.007284079084287187,0.9960074311287139,1024,960,64
modular,transformer_publication_20260622T101458Z_modular_seed103,103,fixed_update_scale,1024,0,soft_dimension,soft_dimension,soft_dimension,candidate,True,-0.04521661928615517,0.012486992715920908,0.9295504469717035,1024,960,64
modular,transformer_publication_20260622T101458Z_modular_seed103,103,fixed_update_scale,1024,0,gradient_norm,gradient_norm,gradient_norm,candidate,False,-0.06686042331383957,0.032258064516129004,0.8958284141515878,1024,960,64
modular,transformer_publication_20260622T101458Z_modular_seed103,103,fixed_update_scale,1024,0,marginal_gain_edge,marginal_gain_edge,marginal_gain_edge,candidate,False,-0.07533629776659923,0.026014568158168605,0.8826226155724863,1024,960,64
modular,transformer_publication_20260622T101458Z_modular_seed103,103,fixed_update_scale,1024,0,marginal_gain_soft,marginal_gain_soft,marginal_gain_soft,candidate,False,-0.07533629776659923,0.026014568158168605,0.8826226155724863,1024,960,64
modular,transformer_publication_20260622T101458Z_modular_seed103,103,standard,1024,0,uniform,uniform,uniform,cap_baseline,False,9.229756001007049,-0.7242455775234131,11.83406663230265,0,960,-960
modular,transformer_publication_20260622T101458Z_modular_seed103,103,standard,1024,0,effective_rank,effective_rank,effective_rank,candidate,False,-0.12156860668378855,0.05827263267429761,0.8573004112931422,1024,960,64
modular,transformer_publication_20260622T101458Z_modular_seed103,103,standard,1024,0,soft_dimension,soft_dimension,soft_dimension,candidate,True,-0.15520910315533454,0.060353798126951075,0.8178125439782635,1024,960,64
modular,transformer_publication_20260622T101458Z_modular_seed103,103,standard,1024,0,gradient_norm,gradient_norm,gradient_norm,candidate,False,-0.24046319288964324,0.09677419354838712,0.7177396396937915,1024,960,64
modular,transformer_publication_20260622T101458Z_modular_seed103,103,standard,1024,0,marginal_gain_edge,marginal_gain_edge,marginal_gain_edge,candidate,False,-0.17564034617034008,0.06659729448491158,0.7938299546030746,1024,960,64
modular,transformer_publication_20260622T101458Z_modular_seed103,103,standard,1024,0,marginal_gain_soft,marginal_gain_soft,marginal_gain_soft,candidate,False,-0.17564034617034008,0.06659729448491158,0.7938299546030746,1024,960,64
modular,transformer_publication_20260622T101458Z_modular_seed103,103,rslora,1024,0,uniform,uniform,uniform,cap_baseline,False,9.476847450889483,-0.8116545265348595,16.668655862420472,0,960,-960
modular,transformer_publication_20260622T101458Z_modular_seed103,103,rslora,1024,0,effective_rank,effective_rank,effective_rank,candidate,False,0.038107779904285155,-0.003121748178980144,1.0630059407514325,1024,960,64
modular,transformer_publication_20260622T101458Z_modular_seed103,103,rslora,1024,0,soft_dimension,soft_dimension,soft_dimension,candidate,True,0.05909148537777709,-0.003121748178980144,1.097699594045564,1024,960,64
modular,transformer_publication_20260622T101458Z_modular_seed103,103,rslora,1024,0,gradient_norm,gradient_norm,gradient_norm,candidate,False,0.03770898228257302,-0.0010405827263266776,1.0623465840691877,1024,960,64
modular,transformer_publication_20260622T101458Z_modular_seed103,103,rslora,1024,0,marginal_gain_edge,marginal_gain_edge,marginal_gain_edge,candidate,False,-0.01946094908153606,0.021852237252861673,0.9678240136823077,1024,960,64
modular,transformer_publication_20260622T101458Z_modular_seed103,103,rslora,1024,0,marginal_gain_soft,marginal_gain_soft,marginal_gain_soft,candidate,False,-0.01946094908153606,0.021852237252861673,0.9678240136823077,1024,960,64
modular,transformer_publication_20260622T101458Z_modular_seed103,103,fixed_update_scale,1024,1,uniform,uniform,uniform,cap_baseline,False,9.399437909257772,-0.7804370447450573,14.777361045526073,0,960,-960
modular,transformer_publication_20260622T101458Z_modular_seed103,103,fixed_update_scale,1024,1,effective_rank,effective_rank,effective_rank,candidate,False,0.03422838585929999,0.006243496357960399,1.0501707479257547,1024,960,64
modular,transformer_publication_20260622T101458Z_modular_seed103,103,fixed_update_scale,1024,1,soft_dimension,soft_dimension,soft_dimension,candidate,True,0.08533144511987967,-0.015608740894901163,1.1250757906273472,1024,960,64
modular,transformer_publication_20260622T101458Z_modular_seed103,103,fixed_update_scale,1024,1,gradient_norm,gradient_norm,gradient_norm,candidate,False,0.004287887500302512,0.02289281997918835,1.0062850326566954,1024,960,64
modular,transformer_publication_20260622T101458Z_modular_seed103,103,fixed_update_scale,1024,1,marginal_gain_edge,marginal_gain_edge,marginal_gain_edge,candidate,False,-0.08558777666240769,0.048907388137356844,0.874548487734523,1024,960,64
modular,transformer_publication_20260622T101458Z_modular_seed103,103,fixed_update_scale,1024,1,marginal_gain_soft,marginal_gain_soft,marginal_gain_soft,candidate,False,-0.08558777666240769,0.048907388137356844,0.874548487734523,1024,960,64
modular,transformer_publication_20260622T101458Z_modular_seed103,103,standard,1024,1,uniform,uniform,uniform,cap_baseline,False,9.303052287630186,-0.7460978147762747,12.94807502314612,0,960,-960
modular,transformer_publication_20260622T101458Z_modular_seed103,103,standard,1024,1,effective_rank,effective_rank,effective_rank,candidate,False,-0.05075138218072894,0.03329864724245579,0.9348190998958497,1024,960,64
modular,transformer_publication_20260622T101458Z_modular_seed103,103,standard,1024,1,soft_dimension,soft_dimension,soft_dimension,candidate,True,-0.006793382574690754,0.008324661810613976,0.9912751382929167,1024,960,64
modular,transformer_publication_20260622T101458Z_modular_seed103,103,standard,1024,1,gradient_norm,gradient_norm,gradient_norm,candidate,False,-0.0534470178086105,0.030176899063475537,0.9313570472575108,1024,960,64
modular,transformer_publication_20260622T101458Z_modular_seed103,103,standard,1024,1,marginal_gain_edge,marginal_gain_edge,marginal_gain_edge,candidate,False,-0.06929723597466009,0.018730489073881418,0.91100033099644,1024,960,64
modular,transformer_publication_20260622T101458Z_modular_seed103,103,standard,1024,1,marginal_gain_soft,marginal_gain_soft,marginal_gain_soft,candidate,False,-0.06929723597466009,0.018730489073881418,0.91100033099644,1024,960,64
modular,transformer_publication_20260622T101458Z_modular_seed103,103,rslora,1024,1,uniform,uniform,uniform,cap_baseline,False,9.51233460888282,-0.8366285119667014,17.70761671852615,0,960,-960
modular,transformer_publication_20260622T101458Z_modular_seed103,103,rslora,1024,1,effective_rank,effective_rank,effective_rank,candidate,False,0.08983631101780953,-0.03850156087408951,1.1577899341861093,1024,960,64
modular,transformer_publication_20260622T101458Z_modular_seed103,103,rslora,1024,1,soft_dimension,soft_dimension,soft_dimension,candidate,True,0.22137827282765654,-0.10093652445369417,1.3888323407757197,1024,960,64
modular,transformer_publication_20260622T101458Z_modular_seed103,103,rslora,1024,1,gradient_norm,gradient_norm,gradient_norm,candidate,False,0.12746830605567439,-0.04682622268470349,1.2238873724384383,1024,960,64
modular,transformer_publication_20260622T101458Z_modular_seed103,103,rslora,1024,1,marginal_gain_edge,marginal_gain_edge,marginal_gain_edge,candidate,False,0.08237221567241271,-0.019771071800208206,1.1446798776848408,1024,960,64
modular,transformer_publication_20260622T101458Z_modular_seed103,103,rslora,1024,1,marginal_gain_soft,marginal_gain_soft,marginal_gain_soft,candidate,False,0.08237221567241271,-0.019771071800208206,1.1446798776848408,1024,960,64
modular,transformer_publication_20260622T101458Z_modular_seed103,103,fixed_update_scale,1024,2,uniform,uniform,uniform,cap_baseline,False,9.47275964780851,-0.813735691987513,16.55675510043931,0,960,-960
modular,transformer_publication_20260622T101458Z_modular_seed103,103,fixed_update_scale,1024,2,effective_rank,effective_rank,effective_rank,candidate,False,0.03854151446911103,0.031217481789802215,1.063295272348086,1024,960,64
modular,transformer_publication_20260622T101458Z_modular_seed103,103,fixed_update_scale,1024,2,soft_dimension,soft_dimension,soft_dimension,candidate,True,0.005450966578988692,0.020811654526534773,1.0089519163668028,1024,960,64
modular,transformer_publication_20260622T101458Z_modular_seed103,103,fixed_update_scale,1024,2,gradient_norm,gradient_norm,gradient_norm,candidate,False,0.12161226029450645,-0.00624349635796051,1.1997192181530965,1024,960,64
modular,transformer_publication_20260622T101458Z_modular_seed103,103,fixed_update_scale,1024,2,marginal_gain_edge,marginal_gain_edge,marginal_gain_edge,candidate,False,0.004029163212731501,0.007284079084287187,1.006616942442392,1024,960,64
modular,transformer_publication_20260622T101458Z_modular_seed103,103,fixed_update_scale,1024,2,marginal_gain_soft,marginal_gain_soft,marginal_gain_soft,candidate,False,0.004029163212731501,0.007284079084287187,1.006616942442392,1024,960,64
modular,transformer_publication_20260622T101458Z_modular_seed103,103,standard,1024,2,uniform,uniform,uniform,cap_baseline,False,9.431671726157836,-0.8064516129032258,15.510172977569852,0,960,-960
modular,transformer_publication_20260622T101458Z_modular_seed103,103,standard,1024,2,effective_rank,effective_rank,effective_rank,candidate,False,0.14061726559957521,-0.037460978147762725,1.2163328948169303,1024,960,64
modular,transformer_publication_20260622T101458Z_modular_seed103,103,standard,1024,2,soft_dimension,soft_dimension,soft_dimension,candidate,True,0.113080514271227,-0.01144640998959412,1.1739689283202477,1024,960,64
modular,transformer_publication_20260622T101458Z_modular_seed103,103,standard,1024,2,gradient_norm,gradient_norm,gradient_norm,candidate,False,0.12253651323725356,-0.024973985431841816,1.1885165275854166,1024,960,64
modular,transformer_publication_20260622T101458Z_modular_seed103,103,standard,1024,2,marginal_gain_edge,marginal_gain_edge,marginal_gain_edge,candidate,False,0.09354830861215657,-0.03537981269510926,1.143919570054252,1024,960,64
modular,transformer_publication_20260622T101458Z_modular_seed103,103,standard,1024,2,marginal_gain_soft,marginal_gain_soft,marginal_gain_soft,candidate,False,0.09354830861215657,-0.03537981269510926,1.143919570054252,1024,960,64
modular,transformer_publication_20260622T101458Z_modular_seed103,103,rslora,1024,2,uniform,uniform,uniform,cap_baseline,False,9.365122735624382,-0.7658688865764828,14.069684633796975,0,960,-960
modular,transformer_publication_20260622T101458Z_modular_seed103,103,rslora,1024,2,effective_rank,effective_rank,effective_rank,candidate,False,-0.04120817132348442,0.05723204994797093,0.9424911110364097,1024,960,64
modular,transformer_publication_20260622T101458Z_modular_seed103,103,rslora,1024,2,soft_dimension,soft_dimension,soft_dimension,candidate,True,-0.10916448966769587,0.07388137356919877,0.8476533096849957,1024,960,64
modular,transformer_publication_20260622T101458Z_modular_seed103,103,rslora,1024,2,gradient_norm,gradient_norm,gradient_norm,candidate,False,0.029517212035628737,0.031217481789802326,1.0411933365386763,1024,960,64
modular,transformer_publication_20260622T101458Z_modular_seed103,103,rslora,1024,2,marginal_gain_edge,marginal_gain_edge,marginal_gain_edge,candidate,False,-0.013430777126991034,0.007284079084287298,0.9812564099380291,1024,960,64
modular,transformer_publication_20260622T101458Z_modular_seed103,103,rslora,1024,2,marginal_gain_soft,marginal_gain_soft,marginal_gain_soft,candidate,False,-0.013430777126991034,0.007284079084287298,0.9812564099380291,1024,960,64
modular,transformer_publication_20260622T101458Z_modular_seed103,103,fixed_update_scale,1536,0,uniform,uniform,uniform,cap_baseline,False,0.07909995277143789,-0.01144640998959412,1.2041023686093568,1152,1536,-384
modular,transformer_publication_20260622T101458Z_modular_seed103,103,fixed_update_scale,1536,0,effective_rank,effective_rank,effective_rank,candidate,False,-0.05435005425786632,0.05202913631633699,0.8597600324726979,1536,1536,0
modular,transformer_publication_20260622T101458Z_modular_seed103,103,fixed_update_scale,1536,0,soft_dimension,soft_dimension,soft_dimension,candidate,True,-0.0279936057968021,0.0447450572320498,0.9277678298297666,1536,1536,0
modular,transformer_publication_20260622T101458Z_modular_seed103,103,fixed_update_scale,1536,0,gradient_norm,gradient_norm,gradient_norm,candidate,False,0.0017415702839174707,0.03329864724245579,1.004493790547187,1472,1536,-64
modular,transformer_publication_20260622T101458Z_modular_seed103,103,fixed_update_scale,1536,0,marginal_gain_edge,marginal_gain_edge,marginal_gain_edge,candidate,False,0.06657221013996029,-0.031217481789802326,1.1717769138546446,1472,1536,-64
modular,transformer_publication_20260622T101458Z_modular_seed103,103,fixed_update_scale,1536,0,marginal_gain_soft,marginal_gain_soft,marginal_gain_soft,candidate,False,0.00788584857031649,0.004162330905307043,1.020347930881161,1472,1536,-64
modular,transformer_publication_20260622T101458Z_modular_seed103,103,standard,1536,0,uniform,uniform,uniform,cap_baseline,False,0.11618202453349313,-0.06139438085327786,1.2456242075030672,1152,1536,-384
modular,transformer_publication_20260622T101458Z_modular_seed103,103,standard,1536,0,effective_rank,effective_rank,effective_rank,candidate,False,-0.05177127477653809,0.03850156087408951,0.8905486594034618,1536,1536,0
modular,transformer_publication_20260622T101458Z_modular_seed103,103,standard,1536,0,soft_dimension,soft_dimension,soft_dimension,candidate,True,-0.11074197552826853,0.0593132154006244,0.7658767775335718,1536,1536,0
modular,transformer_publication_20260622T101458Z_modular_seed103,103,standard,1536,0,gradient_norm,gradient_norm,gradient_norm,candidate,False,-0.07037146524385651,0.04890738813735673,0.851225390065664,1472,1536,-64
modular,transformer_publication_20260622T101458Z_modular_seed103,103,standard,1536,0,marginal_gain_edge,marginal_gain_edge,marginal_gain_edge,candidate,False,-0.030738091679691104,0.005202913631633499,0.935015597814753,1472,1536,-64
modular,transformer_publication_20260622T101458Z_modular_seed103,103,standard,1536,0,marginal_gain_soft,marginal_gain_soft,marginal_gain_soft,candidate,False,0.09288266794242428,-0.04578563995837681,1.1963662777932709,1472,1536,-64
modular,transformer_publication_20260622T101458Z_modular_seed103,103,rslora,1536,0,uniform,uniform,uniform,cap_baseline,False,0.1455902417542163,-0.04578563995837681,1.3777871979058156,1152,1536,-384
modular,transformer_publication_20260622T101458Z_modular_seed103,103,rslora,1536,0,effective_rank,effective_rank,effective_rank,candidate,False,-0.0017493571562772203,0.037460978147762614,0.9954606522371042,1536,1536,0
modular,transformer_publication_20260622T101458Z_modular_seed103,103,rslora,1536,0,soft_dimension,soft_dimension,soft_dimension,candidate,True,-0.015423645989331713,0.0385015608740894,0.959977702285585,1536,1536,0
modular,transformer_publication_20260622T101458Z_modular_seed103,103,rslora,1536,0,gradient_norm,gradient_norm,gradient_norm,candidate,False,0.022932259088748463,0.023933402705515028,1.0595061440821982,1472,1536,-64
modular,transformer_publication_20260622T101458Z_modular_seed103,103,rslora,1536,0,marginal_gain_edge,marginal_gain_edge,marginal_gain_edge,candidate,False,0.07208503145457057,-0.015608740894901163,1.1870510119088125,1472,1536,-64
modular,transformer_publication_20260622T101458Z_modular_seed103,103,rslora,1536,0,marginal_gain_soft,marginal_gain_soft,marginal_gain_soft,candidate,False,0.0748188205365708,-0.031217481789802326,1.1941448288055376,1472,1536,-64
modular,transformer_publication_20260622T101458Z_modular_seed103,103,fixed_update_scale,1536,1,uniform,uniform,uniform,cap_baseline,False,0.17759057442181808,-0.055150884495317465,1.545085455218857,1152,1536,-384
modular,transformer_publication_20260622T101458Z_modular_seed103,103,fixed_update_scale,1536,1,effective_rank,effective_rank,effective_rank,candidate,False,0.08096019308103108,0.0010405827263267886,1.2484941773731812,1536,1536,0
modular,transformer_publication_20260622T101458Z_modular_seed103,103,fixed_update_scale,1536,1,soft_dimension,soft_dimension,soft_dimension,candidate,True,0.0327964854290036,0.02289281997918824,1.1006634909980377,1536,1536,0
modular,transformer_publication_20260622T101458Z_modular_seed103,103,fixed_update_scale,1536,1,gradient_norm,gradient_norm,gradient_norm,candidate,False,0.04918523611933079,0.01664932362122784,1.1509661022688746,1472,1536,-64
modular,transformer_publication_20260622T101458Z_modular_seed103,103,fixed_update_scale,1536,1,marginal_gain_edge,marginal_gain_edge,marginal_gain_edge,candidate,False,0.056814254198560565,-0.006243496357960399,1.1743821355022181,1472,1536,-64
modular,transformer_publication_20260622T101458Z_modular_seed103,103,fixed_update_scale,1536,1,marginal_gain_soft,marginal_gain_soft,marginal_gain_soft,candidate,False,0.0648185269951696,-0.014568158168574374,1.1989499522078075,1472,1536,-64
modular,transformer_publication_20260622T101458Z_modular_seed103,103,standard,1536,1,uniform,uniform,uniform,cap_baseline,False,0.142762522295536,-0.08012486992715917,1.2618543825173636,1152,1536,-384
modular,transformer_publication_20260622T101458Z_modular_seed103,103,standard,1536,1,effective_rank,effective_rank,effective_rank,candidate,False,-0.054091043855595766,0.020811654526534884,0.9007864482864384,1536,1536,0
modular,transformer_publication_20260622T101458Z_modular_seed103,103,standard,1536,1,soft_dimension,soft_dimension,soft_dimension,candidate,True,-0.12266404810482717,0.0468262226847036,0.7750101493228237,1536,1536,0
modular,transformer_publication_20260622T101458Z_modular_seed103,103,standard,1536,1,gradient_norm,gradient_norm,gradient_norm,candidate,False,-0.000862677003044765,0.0010405827263267886,0.9984176816834562,1472,1536,-64
modular,transformer_publication_20260622T101458Z_modular_seed103,103,standard,1536,1,marginal_gain_edge,marginal_gain_edge,marginal_gain_edge,candidate,False,-0.07586727557271639,0.026014568158168605,0.8608445810641895,1472,1536,-64
modular,transformer_publication_20260622T101458Z_modular_seed103,103,standard,1536,1,marginal_gain_soft,marginal_gain_soft,marginal_gain_soft,candidate,False,-0.13439379410738755,0.04786680541103017,0.7534955014502707,1472,1536,-64
modular,transformer_publication_20260622T101458Z_modular_seed103,103,rslora,1536,1,uniform,uniform,uniform,cap_baseline,False,0.14954536824519138,-0.0655567117585849,1.4158814753231206,1152,1536,-384
modular,transformer_publication_20260622T101458Z_modular_seed103,103,rslora,1536,1,effective_rank,effective_rank,effective_rank,candidate,False,0.1053966025159957,-0.037460978147762836,1.2931049959135477,1536,1536,0
modular,transformer_publication_20260622T101458Z_modular_seed103,103,rslora,1536,1,soft_dimension,soft_dimension,soft_dimension,candidate,True,0.03667387273259509,0.004162330905306932,1.1019890116077495,1536,1536,0
modular,transformer_publication_20260622T101458Z_modular_seed103,103,rslora,1536,1,gradient_norm,gradient_norm,gradient_norm,candidate,False,0.11610388817821898,-0.013527575442247586,1.3228816570710538,1472,1536,-64
modular,transformer_publication_20260622T101458Z_modular_seed103,103,rslora,1536,1,marginal_gain_edge,marginal_gain_edge,marginal_gain_edge,candidate,False,0.08026156933449058,-0.024973985431841927,1.2232051735086098,1472,1536,-64
modular,transformer_publication_20260622T101458Z_modular_seed103,103,rslora,1536,1,marginal_gain_soft,marginal_gain_soft,marginal_gain_soft,candidate,False,0.01836707986480368,0.0,1.0510783340278929,1472,1536,-64
modular,transformer_publication_20260622T101458Z_modular_seed103,103,fixed_update_scale,1536,2,uniform,uniform,uniform,cap_baseline,False,0.1319582939892232,-0.05306971904266378,1.3853355621494436,1152,1536,-384
modular,transformer_publication_20260622T101458Z_modular_seed103,103,fixed_update_scale,1536,2,effective_rank,effective_rank,effective_rank,candidate,False,0.07156159000763912,-0.009365244536940653,1.208969248391114,1536,1536,0
modular,transformer_publication_20260622T101458Z_modular_seed103,103,fixed_update_scale,1536,2,soft_dimension,soft_dimension,soft_dimension,candidate,True,-0.008006503691162126,0.01248699271592102,0.9766199569014016,1536,1536,0
modular,transformer_publication_20260622T101458Z_modular_seed103,103,fixed_update_scale,1536,2,gradient_norm,gradient_norm,gradient_norm,candidate,False,0.0670808157675224,-0.004162330905306821,1.195884798687474,1472,1536,-64
modular,transformer_publication_20260622T101458Z_modular_seed103,103,fixed_update_scale,1536,2,marginal_gain_edge,marginal_gain_edge,marginal_gain_edge,candidate,False,0.09057989266859018,-0.04058272632674287,1.264505191797478,1472,1536,-64
modular,transformer_publication_20260622T101458Z_modular_seed103,103,fixed_update_scale,1536,2,marginal_gain_soft,marginal_gain_soft,marginal_gain_soft,candidate,False,0.07986224048095497,-0.024973985431841594,1.2332082387542542,1472,1536,-64
modular,transformer_publication_20260622T101458Z_modular_seed103,103,standard,1536,2,uniform,uniform,uniform,cap_baseline,False,0.3053515149701026,-0.11446409989594175,1.6693328765965085,1152,1536,-384
modular,transformer_publication_20260622T101458Z_modular_seed103,103,standard,1536,2,effective_rank,effective_rank,effective_rank,candidate,False,0.001919518338281856,0.014568158168574374,1.004207599006567,1536,1536,0
modular,transformer_publication_20260622T101458Z_modular_seed103,103,standard,1536,2,soft_dimension,soft_dimension,soft_dimension,candidate,True,-0.01360827786741342,0.012486992715920908,0.9701705499269841,1536,1536,0
modular,transformer_publication_20260622T101458Z_modular_seed103,103,standard,1536,2,gradient_norm,gradient_norm,gradient_norm,candidate,False,0.021166128776075877,0.018730489073881418,1.0463963175735025,1472,1536,-64
modular,transformer_publication_20260622T101458Z_modular_seed103,103,standard,1536,2,marginal_gain_edge,marginal_gain_edge,marginal_gain_edge,candidate,False,-0.02005936703126221,0.01144640998959412,0.9560297127097781,1472,1536,-64
modular,transformer_publication_20260622T101458Z_modular_seed103,103,standard,1536,2,marginal_gain_soft,marginal_gain_soft,marginal_gain_soft,candidate,False,-0.033082361182858844,0.031217481789802215,0.9274832090572872,1472,1536,-64
modular,transformer_publication_20260622T101458Z_modular_seed103,103,rslora,1536,2,uniform,uniform,uniform,cap_baseline,False,0.11134691215454601,-0.06347554630593133,1.2509325309436097,1152,1536,-384
modular,transformer_publication_20260622T101458Z_modular_seed103,103,rslora,1536,2,effective_rank,effective_rank,effective_rank,candidate,False,-0.03097369662184618,0.03329864724245579,0.9301973630376775,1536,1536,0
modular,transformer_publication_20260622T101458Z_modular_seed103,103,rslora,1536,2,soft_dimension,soft_dimension,soft_dimension,candidate,True,-0.055260105262065706,0.024973985431841816,0.8754652661191531,1536,1536,0
modular,transformer_publication_20260622T101458Z_modular_seed103,103,rslora,1536,2,gradient_norm,gradient_norm,gradient_norm,candidate,False,-0.027680175981710187,0.019771071800208206,0.9376196745679447,1472,1536,-64
modular,transformer_publication_20260622T101458Z_modular_seed103,103,rslora,1536,2,marginal_gain_edge,marginal_gain_edge,marginal_gain_edge,candidate,False,-0.011718167536712787,0.0,0.9735918187481724,1472,1536,-64
modular,transformer_publication_20260622T101458Z_modular_seed103,103,rslora,1536,2,marginal_gain_soft,marginal_gain_soft,marginal_gain_soft,candidate,False,0.01651933931907429,-0.015608740894901163,1.037228150692658,1472,1536,-64
modular,transformer_publication_20260622T101458Z_modular_seed103,103,fixed_update_scale,2048,0,uniform,uniform,uniform,cap_baseline,False,0.2244854013703988,-0.09469302809573354,1.8951938209072525,1152,1920,-768
modular,transformer_publication_20260622T101458Z_modular_seed103,103,fixed_update_scale,2048,0,effective_rank,effective_rank,effective_rank,candidate,False,0.0023353659895777867,0.013527575442247697,1.0093128782124121,2048,1920,128
modular,transformer_publication_20260622T101458Z_modular_seed103,103,fixed_update_scale,2048,0,soft_dimension,soft_dimension,soft_dimension,candidate,True,0.0023353659895777867,0.013527575442247697,1.0093128782124121,2048,1920,128
modular,transformer_publication_20260622T101458Z_modular_seed103,103,fixed_update_scale,2048,0,gradient_norm,gradient_norm,gradient_norm,candidate,False,-0.00886017433004252,0.019771071800208206,0.9646677544998656,2048,1920,128
modular,transformer_publication_20260622T101458Z_modular_seed103,103,fixed_update_scale,2048,0,marginal_gain_edge,marginal_gain_edge,marginal_gain_edge,candidate,False,-0.016840597562313597,-0.004162330905306932,0.932843744911081,1984,1920,64
modular,transformer_publication_20260622T101458Z_modular_seed103,103,fixed_update_scale,2048,0,marginal_gain_soft,marginal_gain_soft,marginal_gain_soft,candidate,False,-0.016840597562313597,-0.004162330905306932,0.932843744911081,1984,1920,64
modular,transformer_publication_20260622T101458Z_modular_seed103,103,standard,2048,0,uniform,uniform,uniform,cap_baseline,False,0.37367598481406533,-0.13839750260145678,1.8214497230910451,1152,1920,-768
modular,transformer_publication_20260622T101458Z_modular_seed103,103,standard,2048,0,effective_rank,effective_rank,effective_rank,candidate,False,-0.15830189461018368,0.06763787721123837,0.6520058746696624,2048,1920,128
modular,transformer_publication_20260622T101458Z_modular_seed103,103,standard,2048,0,soft_dimension,soft_dimension,soft_dimension,candidate,True,-0.15830189461018368,0.06763787721123837,0.6520058746696624,2048,1920,128
modular,transformer_publication_20260622T101458Z_modular_seed103,103,standard,2048,0,gradient_norm,gradient_norm,gradient_norm,candidate,False,-0.1701114331832414,0.09365244536940676,0.6260450353732909,2048,1920,128
modular,transformer_publication_20260622T101458Z_modular_seed103,103,standard,2048,0,marginal_gain_edge,marginal_gain_edge,marginal_gain_edge,candidate,False,-0.1527999300862451,0.06347554630593122,0.6641008109736236,1984,1920,64
modular,transformer_publication_20260622T101458Z_modular_seed103,103,standard,2048,0,marginal_gain_soft,marginal_gain_soft,marginal_gain_soft,candidate,False,-0.1527999300862451,0.06347554630593122,0.6641008109736236,1984,1920,64
modular,transformer_publication_20260622T101458Z_modular_seed103,103,rslora,2048,0,uniform,uniform,uniform,cap_baseline,False,0.2469097090871476,-0.09053069719042661,1.7789167590415675,1152,1920,-768
modular,transformer_publication_20260622T101458Z_modular_seed103,103,rslora,2048,0,effective_rank,effective_rank,effective_rank,candidate,False,-0.03509136014128578,0.0447450572320498,0.8892986079297376,2048,1920,128
modular,transformer_publication_20260622T101458Z_modular_seed103,103,rslora,2048,0,soft_dimension,soft_dimension,soft_dimension,candidate,True,-0.03509136014128578,0.0447450572320498,0.8892986079297376,2048,1920,128
modular,transformer_publication_20260622T101458Z_modular_seed103,103,rslora,2048,0,gradient_norm,gradient_norm,gradient_norm,candidate,False,-0.06450278692637468,0.0457856399583767,0.7965154876752645,2048,1920,128
modular,transformer_publication_20260622T101458Z_modular_seed103,103,rslora,2048,0,marginal_gain_edge,marginal_gain_edge,marginal_gain_edge,candidate,False,-0.03685247237550848,0.019771071800208095,0.8837428934993057,1984,1920,64
modular,transformer_publication_20260622T101458Z_modular_seed103,103,rslora,2048,0,marginal_gain_soft,marginal_gain_soft,marginal_gain_soft,candidate,False,-0.03685247237550848,0.019771071800208095,0.8837428934993057,1984,1920,64
modular,transformer_publication_20260622T101458Z_modular_seed103,103,fixed_update_scale,2048,1,uniform,uniform,uniform,cap_baseline,False,0.31286099329823386,-0.10822060353798124,2.5004424036257635,1152,1920,-768
modular,transformer_publication_20260622T101458Z_modular_seed103,103,fixed_update_scale,2048,1,effective_rank,effective_rank,effective_rank,candidate,False,-0.02322898600463691,0.007284079084287409,0.8885966728317506,2048,1920,128
modular,transformer_publication_20260622T101458Z_modular_seed103,103,fixed_update_scale,2048,1,soft_dimension,soft_dimension,soft_dimension,candidate,True,-0.02322898600463691,0.007284079084287409,0.8885966728317506,2048,1920,128
modular,transformer_publication_20260622T101458Z_modular_seed103,103,fixed_update_scale,2048,1,gradient_norm,gradient_norm,gradient_norm,candidate,False,-0.007330016945328921,0.0010405827263267886,0.9648461505919249,2048,1920,128
modular,transformer_publication_20260622T101458Z_modular_seed103,103,fixed_update_scale,2048,1,marginal_gain_edge,marginal_gain_edge,marginal_gain_edge,candidate,False,-0.003191458927729207,0.0010405827263267886,0.9846941600034166,1984,1920,64
modular,transformer_publication_20260622T101458Z_modular_seed103,103,fixed_update_scale,2048,1,marginal_gain_soft,marginal_gain_soft,marginal_gain_soft,candidate,False,-0.003191458927729207,0.0010405827263267886,0.9846941600034166,1984,1920,64
modular,transformer_publication_20260622T101458Z_modular_seed103,103,standard,2048,1,uniform,uniform,uniform,cap_baseline,False,0.30041309704269514,-0.12174817898022894,2.180996411174969,1152,1920,-768
modular,transformer_publication_20260622T101458Z_modular_seed103,103,standard,2048,1,effective_rank,effective_rank,effective_rank,candidate,False,-0.05557976259959477,0.014568158168574485,0.7815025349751998,2048,1920,128
modular,transformer_publication_20260622T101458Z_modular_seed103,103,standard,2048,1,soft_dimension,soft_dimension,soft_dimension,candidate,True,-0.05557976259959477,0.014568158168574485,0.7815025349751998,2048,1920,128
modular,transformer_publication_20260622T101458Z_modular_seed103,103,standard,2048,1,gradient_norm,gradient_norm,gradient_norm,candidate,False,-0.014004034814923877,0.008324661810614087,0.9449467582432203,2048,1920,128
modular,transformer_publication_20260622T101458Z_modular_seed103,103,standard,2048,1,marginal_gain_edge,marginal_gain_edge,marginal_gain_edge,candidate,False,0.007819593510940415,0.004162330905307043,1.0307407099230272,1984,1920,64
modular,transformer_publication_20260622T101458Z_modular_seed103,103,standard,2048,1,marginal_gain_soft,marginal_gain_soft,marginal_gain_soft,candidate,False,0.007819593510940415,0.004162330905307043,1.0307407099230272,1984,1920,64
modular,transformer_publication_20260622T101458Z_modular_seed103,103,rslora,2048,1,uniform,uniform,uniform,cap_baseline,False,0.22159756302957598,-0.0707596253902184,1.8966816113595073,1152,1920,-768
modular,transformer_publication_20260622T101458Z_modular_seed103,103,rslora,2048,1,effective_rank,effective_rank,effective_rank,candidate,False,-0.0688418812669899,0.016649323621228063,0.7214353435138384,2048,1920,128
modular,transformer_publication_20260622T101458Z_modular_seed103,103,rslora,2048,1,soft_dimension,soft_dimension,soft_dimension,candidate,True,-0.0688418812669899,0.016649323621228063,0.7214353435138384,2048,1920,128
modular,transformer_publication_20260622T101458Z_modular_seed103,103,rslora,2048,1,gradient_norm,gradient_norm,gradient_norm,candidate,False,-0.057016508016080186,0.016649323621228063,0.769286026511368,2048,1920,128
modular,transformer_publication_20260622T101458Z_modular_seed103,103,rslora,2048,1,marginal_gain_edge,marginal_gain_edge,marginal_gain_edge,candidate,False,0.03900506999440548,-0.013527575442247586,1.1578317402755276,1984,1920,64
modular,transformer_publication_20260622T101458Z_modular_seed103,103,rslora,2048,1,marginal_gain_soft,marginal_gain_soft,marginal_gain_soft,candidate,False,0.03900506999440548,-0.013527575442247586,1.1578317402755276,1984,1920,64
modular,transformer_publication_20260622T101458Z_modular_seed103,103,fixed_update_scale,2048,2,uniform,uniform,uniform,cap_baseline,False,0.2054608798392977,-0.06347554630593144,1.839422204949332,1152,1920,-768
modular,transformer_publication_20260622T101458Z_modular_seed103,103,fixed_update_scale,2048,2,effective_rank,effective_rank,effective_rank,candidate,False,-0.027858907006037492,0.013527575442247586,0.8861808381002876,2048,1920,128
modular,transformer_publication_20260622T101458Z_modular_seed103,103,fixed_update_scale,2048,2,soft_dimension,soft_dimension,soft_dimension,candidate,True,-0.027858907006037492,0.013527575442247586,0.8861808381002876,2048,1920,128
modular,transformer_publication_20260622T101458Z_modular_seed103,103,fixed_update_scale,2048,2,gradient_norm,gradient_norm,gradient_norm,candidate,False,0.008209615744239424,0.009365244536940653,1.033540855832051,2048,1920,128
modular,transformer_publication_20260622T101458Z_modular_seed103,103,fixed_update_scale,2048,2,marginal_gain_edge,marginal_gain_edge,marginal_gain_edge,candidate,False,-0.02098910550855329,0.005202913631633832,0.9142478060072333,1984,1920,64
modular,transformer_publication_20260622T101458Z_modular_seed103,103,fixed_update_scale,2048,2,marginal_gain_soft,marginal_gain_soft,marginal_gain_soft,candidate,False,-0.02098910550855329,0.005202913631633832,0.9142478060072333,1984,1920,64
modular,transformer_publication_20260622T101458Z_modular_seed103,103,standard,2048,2,uniform,uniform,uniform,cap_baseline,False,0.3323336056318293,-0.12799167533818934,2.0127457241382065,1152,1920,-768
modular,transformer_publication_20260622T101458Z_modular_seed103,103,standard,2048,2,effective_rank,effective_rank,effective_rank,candidate,False,-0.03696536751120949,0.031217481789802437,0.8873525961450668,2048,1920,128
modular,transformer_publication_20260622T101458Z_modular_seed103,103,standard,2048,2,soft_dimension,soft_dimension,soft_dimension,candidate,True,-0.03696536751120949,0.031217481789802437,0.8873525961450668,2048,1920,128
modular,transformer_publication_20260622T101458Z_modular_seed103,103,standard,2048,2,gradient_norm,gradient_norm,gradient_norm,candidate,False,-0.06673404834893198,0.030176899063475537,0.7966362083927022,2048,1920,128
modular,transformer_publication_20260622T101458Z_modular_seed103,103,standard,2048,2,marginal_gain_edge,marginal_gain_edge,marginal_gain_edge,candidate,False,-0.032703487111428065,0.007284079084287187,0.9003401516571287,1984,1920,64
modular,transformer_publication_20260622T101458Z_modular_seed103,103,standard,2048,2,marginal_gain_soft,marginal_gain_soft,marginal_gain_soft,candidate,False,-0.032703487111428065,0.007284079084287187,0.9003401516571287,1984,1920,64
modular,transformer_publication_20260622T101458Z_modular_seed103,103,rslora,2048,2,uniform,uniform,uniform,cap_baseline,False,0.20533392717141147,-0.08116545265348574,1.6947770652890226,1152,1920,-768
modular,transformer_publication_20260622T101458Z_modular_seed103,103,rslora,2048,2,effective_rank,effective_rank,effective_rank,candidate,False,-0.012012786271668796,0.006243496357960621,0.9593529987628058,2048,1920,128
modular,transformer_publication_20260622T101458Z_modular_seed103,103,rslora,2048,2,soft_dimension,soft_dimension,soft_dimension,candidate,True,-0.012012786271668796,0.006243496357960621,0.9593529987628058,2048,1920,128
modular,transformer_publication_20260622T101458Z_modular_seed103,103,rslora,2048,2,gradient_norm,gradient_norm,gradient_norm,candidate,False,-0.011980180933869933,0.014568158168574596,0.9594633236429692,2048,1920,128
modular,transformer_publication_20260622T101458Z_modular_seed103,103,rslora,2048,2,marginal_gain_edge,marginal_gain_edge,marginal_gain_edge,candidate,False,-0.017285931743022398,-0.0010405827263265666,0.9415105477567879,1984,1920,64
modular,transformer_publication_20260622T101458Z_modular_seed103,103,rslora,2048,2,marginal_gain_soft,marginal_gain_soft,marginal_gain_soft,candidate,False,-0.017285931743022398,-0.0010405827263265666,0.9415105477567879,1984,1920,64
modular,transformer_publication_20260622T101458Z_modular_seed103,103,fixed_update_scale,3072,0,uniform,uniform,uniform,cap_baseline,False,0.0396343474116459,0.003121748178980144,1.217813590426945,2304,3072,-768
modular,transformer_publication_20260622T101458Z_modular_seed103,103,fixed_update_scale,3072,0,effective_rank,effective_rank,effective_rank,candidate,False,-0.0662045744126595,0.014568158168574374,0.6361676929926676,3072,3072,0
modular,transformer_publication_20260622T101458Z_modular_seed103,103,fixed_update_scale,3072,0,soft_dimension,soft_dimension,soft_dimension,candidate,True,-0.0537240777036774,0.017689906347554407,0.7047552181072176,3072,3072,0
modular,transformer_publication_20260622T101458Z_modular_seed103,103,fixed_update_scale,3072,0,gradient_norm,gradient_norm,gradient_norm,candidate,False,-0.04951788364104262,0.017689906347554407,0.7278706795856065,3072,3072,0
modular,transformer_publication_20260622T101458Z_modular_seed103,103,fixed_update_scale,3072,0,marginal_gain_edge,marginal_gain_edge,marginal_gain_edge,candidate,False,-0.08435593887341761,0.019771071800207984,0.536415480012265,3072,3072,0
modular,transformer_publication_20260622T101458Z_modular_seed103,103,fixed_update_scale,3072,0,marginal_gain_soft,marginal_gain_soft,marginal_gain_soft,candidate,False,-0.03861057907187862,0.006243496357960399,0.7878126068593164,3072,3072,0
modular,transformer_publication_20260622T101458Z_modular_seed103,103,standard,3072,0,uniform,uniform,uniform,cap_baseline,False,0.07725508653720628,-0.011446409989594009,1.396525797135145,2304,3072,-768
modular,transformer_publication_20260622T101458Z_modular_seed103,103,standard,3072,0,effective_rank,effective_rank,effective_rank,candidate,False,-0.0475486852499995,0.00624349635796051,0.7559477159810846,3072,3072,0
modular,transformer_publication_20260622T101458Z_modular_seed103,103,standard,3072,0,soft_dimension,soft_dimension,soft_dimension,candidate,True,-0.025445555285410204,0.01873048907388153,0.8693960547408824,3072,3072,0
modular,transformer_publication_20260622T101458Z_modular_seed103,103,standard,3072,0,gradient_norm,gradient_norm,gradient_norm,candidate,False,-0.020242491401693208,0.014568158168574374,0.8961017274222838,3072,3072,0
modular,transformer_publication_20260622T101458Z_modular_seed103,103,standard,3072,0,marginal_gain_edge,marginal_gain_edge,marginal_gain_edge,candidate,False,-0.0772489684941121,0.01768990634755474,0.6035056048349203,3072,3072,0
modular,transformer_publication_20260622T101458Z_modular_seed103,103,standard,3072,0,marginal_gain_soft,marginal_gain_soft,marginal_gain_soft,candidate,False,-0.053253281361478694,0.013527575442247586,0.7266678378289976,3072,3072,0
modular,transformer_publication_20260622T101458Z_modular_seed103,103,rslora,3072,0,uniform,uniform,uniform,cap_baseline,False,0.0795724609329847,-0.013527575442247586,1.4724624161065891,2304,3072,-768
modular,transformer_publication_20260622T101458Z_modular_seed103,103,rslora,3072,0,effective_rank,effective_rank,effective_rank,candidate,False,-0.05626179302706309,0.01248699271592102,0.6659449468272463,3072,3072,0
modular,transformer_publication_20260622T101458Z_modular_seed103,103,rslora,3072,0,soft_dimension,soft_dimension,soft_dimension,candidate,True,-0.030474388566833377,0.015608740894901052,0.8190579619777878,3072,3072,0
modular,transformer_publication_20260622T101458Z_modular_seed103,103,rslora,3072,0,gradient_norm,gradient_norm,gradient_norm,candidate,False,-0.014682406984060287,0.01248699271592102,0.9128230370581152,3072,3072,0
modular,transformer_publication_20260622T101458Z_modular_seed103,103,rslora,3072,0,marginal_gain_edge,marginal_gain_edge,marginal_gain_edge,candidate,False,-0.053593075966983886,0.015608740894901052,0.6817904855390851,3072,3072,0
modular,transformer_publication_20260622T101458Z_modular_seed103,103,rslora,3072,0,marginal_gain_soft,marginal_gain_soft,marginal_gain_soft,candidate,False,0.00021906696360760036,-0.004162330905306932,1.0013007126548763,3072,3072,0
modular,transformer_publication_20260622T101458Z_modular_seed103,103,fixed_update_scale,3072,1,uniform,uniform,uniform,cap_baseline,False,0.025371219222428992,0.004162330905307043,1.1534622363576057,2304,3072,-768
modular,transformer_publication_20260622T101458Z_modular_seed103,103,fixed_update_scale,3072,1,effective_rank,effective_rank,effective_rank,candidate,False,-0.030708967833067508,0.01144640998959423,0.8142514619190959,3072,3072,0
modular,transformer_publication_20260622T101458Z_modular_seed103,103,fixed_update_scale,3072,1,soft_dimension,soft_dimension,soft_dimension,candidate,True,-0.029095549380618008,0.02289281997918824,0.8240105043097211,3072,3072,0
modular,transformer_publication_20260622T101458Z_modular_seed103,103,fixed_update_scale,3072,1,gradient_norm,gradient_norm,gradient_norm,candidate,False,-0.021266399309985,0.020811654526534995,0.8713664814933678,3072,3072,0
modular,transformer_publication_20260622T101458Z_modular_seed103,103,fixed_update_scale,3072,1,marginal_gain_edge,marginal_gain_edge,marginal_gain_edge,candidate,False,-0.0716870610411284,0.023933402705515028,0.5663883312493598,3072,3072,0
modular,transformer_publication_20260622T101458Z_modular_seed103,103,fixed_update_scale,3072,1,marginal_gain_soft,marginal_gain_soft,marginal_gain_soft,candidate,False,-0.007753669548853398,0.010405827263267442,0.9531005798927864,3072,3072,0
modular,transformer_publication_20260622T101458Z_modular_seed103,103,standard,3072,1,uniform,uniform,uniform,cap_baseline,False,0.0781612501525234,-0.032258064516129004,1.368970397825394,2304,3072,-768
modular,transformer_publication_20260622T101458Z_modular_seed103,103,standard,3072,1,effective_rank,effective_rank,effective_rank,candidate,False,-0.058124817558927594,0.02185223725286156,0.7256142012007778,3072,3072,0
modular,transformer_publication_20260622T101458Z_modular_seed103,103,standard,3072,1,soft_dimension,soft_dimension,soft_dimension,candidate,True,-0.04616638171437129,0.028095733610822182,0.7820655606957352,3072,3072,0
modular,transformer_publication_20260622T101458Z_modular_seed103,103,standard,3072,1,gradient_norm,gradient_norm,gradient_norm,candidate,False,-0.03900181192761279,0.026014568158168605,0.8158868488571904,3072,3072,0
modular,transformer_publication_20260622T101458Z_modular_seed103,103,standard,3072,1,marginal_gain_edge,marginal_gain_edge,marginal_gain_edge,candidate,False,-0.09601673339643779,0.029136316337148638,0.5467404596261478,3072,3072,0
modular,transformer_publication_20260622T101458Z_modular_seed103,103,standard,3072,1,marginal_gain_soft,marginal_gain_soft,marginal_gain_soft,candidate,False,-0.05431674892212668,0.019771071800208206,0.7435906869545882,3072,3072,0
modular,transformer_publication_20260622T101458Z_modular_seed103,103,rslora,3072,1,uniform,uniform,uniform,cap_baseline,False,0.07719421716994229,-0.008324661810613976,1.454592524532192,2304,3072,-768
modular,transformer_publication_20260622T101458Z_modular_seed103,103,rslora,3072,1,effective_rank,effective_rank,effective_rank,candidate,False,-0.04216978636170021,0.007284079084287187,0.7516644336330819,3072,3072,0
modular,transformer_publication_20260622T101458Z_modular_seed103,103,rslora,3072,1,soft_dimension,soft_dimension,soft_dimension,candidate,True,-0.031169818557263917,0.020811654526534773,0.816442642640409,3072,3072,0
modular,transformer_publication_20260622T101458Z_modular_seed103,103,rslora,3072,1,gradient_norm,gradient_norm,gradient_norm,candidate,False,-0.027743291005135506,0.019771071800207984,0.8366212760589197,3072,3072,0
modular,transformer_publication_20260622T101458Z_modular_seed103,103,rslora,3072,1,marginal_gain_edge,marginal_gain_edge,marginal_gain_edge,candidate,False,-0.0628476646592168,0.015608740894901163,0.6298935388451541,3072,3072,0
modular,transformer_publication_20260622T101458Z_modular_seed103,103,rslora,3072,1,marginal_gain_soft,marginal_gain_soft,marginal_gain_soft,candidate,False,-0.025573443470214507,0.012486992715920797,0.849399389561621,3072,3072,0
modular,transformer_publication_20260622T101458Z_modular_seed103,103,fixed_update_scale,3072,2,uniform,uniform,uniform,cap_baseline,False,0.0820259752680434,0.0,1.6196314214807794,2304,3072,-768
modular,transformer_publication_20260622T101458Z_modular_seed103,103,fixed_update_scale,3072,2,effective_rank,effective_rank,effective_rank,candidate,False,-0.00898847837508901,-0.004162330905306821,0.9321002449004042,3072,3072,0
modular,transformer_publication_20260622T101458Z_modular_seed103,103,fixed_update_scale,3072,2,soft_dimension,soft_dimension,soft_dimension,candidate,True,0.003737124937133879,0.006243496357960399,1.0282305700051784,3072,3072,0
modular,transformer_publication_20260622T101458Z_modular_seed103,103,fixed_update_scale,3072,2,gradient_norm,gradient_norm,gradient_norm,candidate,False,0.0026894314418101917,0.006243496357960399,1.020316201323036,3072,3072,0
modular,transformer_publication_20260622T101458Z_modular_seed103,103,fixed_update_scale,3072,2,marginal_gain_edge,marginal_gain_edge,marginal_gain_edge,candidate,False,-0.0013105655777094216,0.008324661810613976,0.9900998725195744,3072,3072,0
modular,transformer_publication_20260622T101458Z_modular_seed103,103,fixed_update_scale,3072,2,marginal_gain_soft,marginal_gain_soft,marginal_gain_soft,candidate,False,0.031147018989836878,-0.012486992715920797,1.2352873170784529,3072,3072,0
modular,transformer_publication_20260622T101458Z_modular_seed103,103,standard,3072,2,uniform,uniform,uniform,cap_baseline,False,0.09731306876836038,-0.02913631633714886,1.5595937782792344,2304,3072,-768
modular,transformer_publication_20260622T101458Z_modular_seed103,103,standard,3072,2,effective_rank,effective_rank,effective_rank,candidate,False,-0.015015327564511405,-0.015608740894901274,0.9136551339889798,3072,3072,0
modular,transformer_publication_20260622T101458Z_modular_seed103,103,standard,3072,2,soft_dimension,soft_dimension,soft_dimension,candidate,True,-0.014811153109810488,0.010405827263267553,0.9148292286504703,3072,3072,0
modular,transformer_publication_20260622T101458Z_modular_seed103,103,standard,3072,2,gradient_norm,gradient_norm,gradient_norm,candidate,False,-0.0221305899205739,0.007284079084287187,0.8727391851275296,3072,3072,0
modular,transformer_publication_20260622T101458Z_modular_seed103,103,standard,3072,2,marginal_gain_edge,marginal_gain_edge,marginal_gain_edge,candidate,False,-0.047284419265547606,0.011446409989594009,0.7280933880162432,3072,3072,0
modular,transformer_publication_20260622T101458Z_modular_seed103,103,standard,3072,2,marginal_gain_soft,marginal_gain_soft,marginal_gain_soft,candidate,False,0.021572305232627598,-0.012486992715920797,1.1240504275952283,3072,3072,0
modular,transformer_publication_20260622T101458Z_modular_seed103,103,rslora,3072,2,uniform,uniform,uniform,cap_baseline,False,0.0679989419296059,0.002081165452653466,1.378556412919608,2304,3072,-768
modular,transformer_publication_20260622T101458Z_modular_seed103,103,rslora,3072,2,effective_rank,effective_rank,effective_rank,candidate,False,-0.041101354528044004,0.013527575442247808,0.7711849494308213,3072,3072,0
modular,transformer_publication_20260622T101458Z_modular_seed103,103,rslora,3072,2,soft_dimension,soft_dimension,soft_dimension,candidate,True,-0.028796594702366285,0.02185223725286145,0.8396866879765177,3072,3072,0
modular,transformer_publication_20260622T101458Z_modular_seed103,103,rslora,3072,2,gradient_norm,gradient_norm,gradient_norm,candidate,False,-0.041667924122061106,0.023933402705515028,0.7680308039824632,3072,3072,0
modular,transformer_publication_20260622T101458Z_modular_seed103,103,rslora,3072,2,marginal_gain_edge,marginal_gain_edge,marginal_gain_edge,candidate,False,-0.05944114492413399,0.02289281997918824,0.6690856362793242,3072,3072,0
modular,transformer_publication_20260622T101458Z_modular_seed103,103,rslora,3072,2,marginal_gain_soft,marginal_gain_soft,marginal_gain_soft,candidate,False,-0.016815063251913093,0.003121748178980255,0.9063889841955158,3072,3072,0
modular,transformer_publication_20260622T101458Z_modular_seed103,103,fixed_update_scale,4096,0,uniform,uniform,uniform,cap_baseline,False,0.07783479811807831,-0.004162330905306932,1.5589875358457315,2304,3840,-1536
modular,transformer_publication_20260622T101458Z_modular_seed103,103,fixed_update_scale,4096,0,effective_rank,effective_rank,effective_rank,candidate,False,-0.027529716600240395,0.002081165452653466,0.8022893510746393,4096,3840,256
modular,transformer_publication_20260622T101458Z_modular_seed103,103,fixed_update_scale,4096,0,soft_dimension,soft_dimension,soft_dimension,candidate,True,-0.027529716600240395,0.002081165452653466,0.8022893510746393,4096,3840,256
modular,transformer_publication_20260622T101458Z_modular_seed103,103,fixed_update_scale,4096,0,gradient_norm,gradient_norm,gradient_norm,candidate,False,-0.036158766640150594,0.004162330905307043,0.7403179509409685,4096,3840,256
modular,transformer_publication_20260622T101458Z_modular_seed103,103,fixed_update_scale,4096,0,marginal_gain_edge,marginal_gain_edge,marginal_gain_edge,candidate,False,-0.027529716600240395,0.002081165452653466,0.8022893510746393,4096,3840,256
modular,transformer_publication_20260622T101458Z_modular_seed103,103,fixed_update_scale,4096,0,marginal_gain_soft,marginal_gain_soft,marginal_gain_soft,candidate,False,-0.027529716600240395,0.002081165452653466,0.8022893510746393,4096,3840,256
modular,transformer_publication_20260622T101458Z_modular_seed103,103,standard,4096,0,uniform,uniform,uniform,cap_baseline,False,0.08980572279484539,-0.005202913631633721,1.6261828795939572,2304,3840,-1536
modular,transformer_publication_20260622T101458Z_modular_seed103,103,standard,4096,0,effective_rank,effective_rank,effective_rank,candidate,False,-0.0631244916635547,0.009365244536940653,0.559855711499733,4096,3840,256
modular,transformer_publication_20260622T101458Z_modular_seed103,103,standard,4096,0,soft_dimension,soft_dimension,soft_dimension,candidate,True,-0.0631244916635547,0.009365244536940653,0.559855711499733,4096,3840,256
modular,transformer_publication_20260622T101458Z_modular_seed103,103,standard,4096,0,gradient_norm,gradient_norm,gradient_norm,candidate,False,-0.040334032327091804,0.004162330905307043,0.718765355678828,4096,3840,256
modular,transformer_publication_20260622T101458Z_modular_seed103,103,standard,4096,0,marginal_gain_edge,marginal_gain_edge,marginal_gain_edge,candidate,False,-0.0631244916635547,0.009365244536940653,0.559855711499733,4096,3840,256
modular,transformer_publication_20260622T101458Z_modular_seed103,103,standard,4096,0,marginal_gain_soft,marginal_gain_soft,marginal_gain_soft,candidate,False,-0.0631244916635547,0.009365244536940653,0.559855711499733,4096,3840,256
modular,transformer_publication_20260622T101458Z_modular_seed103,103,rslora,4096,0,uniform,uniform,uniform,cap_baseline,False,0.14265683347613212,-0.033298647242456014,2.2885205235002632,2304,3840,-1536
modular,transformer_publication_20260622T101458Z_modular_seed103,103,rslora,4096,0,effective_rank,effective_rank,effective_rank,candidate,False,-0.023622787922899888,0.004162330905306821,0.7866316928586298,4096,3840,256
modular,transformer_publication_20260622T101458Z_modular_seed103,103,rslora,4096,0,soft_dimension,soft_dimension,soft_dimension,candidate,True,-0.023622787922899888,0.004162330905306821,0.7866316928586298,4096,3840,256
modular,transformer_publication_20260622T101458Z_modular_seed103,103,rslora,4096,0,gradient_norm,gradient_norm,gradient_norm,candidate,False,-0.0076299773124080955,-0.0020811654526535772,0.9310836913920139,4096,3840,256
modular,transformer_publication_20260622T101458Z_modular_seed103,103,rslora,4096,0,marginal_gain_edge,marginal_gain_edge,marginal_gain_edge,candidate,False,-0.023622787922899888,0.004162330905306821,0.7866316928586298,4096,3840,256
modular,transformer_publication_20260622T101458Z_modular_seed103,103,rslora,4096,0,marginal_gain_soft,marginal_gain_soft,marginal_gain_soft,candidate,False,-0.023622787922899888,0.004162330905306821,0.7866316928586298,4096,3840,256
modular,transformer_publication_20260622T101458Z_modular_seed103,103,fixed_update_scale,4096,1,uniform,uniform,uniform,cap_baseline,False,0.1077990871345339,-0.002081165452653244,1.8708040715788548,2304,3840,-1536
modular,transformer_publication_20260622T101458Z_modular_seed103,103,fixed_update_scale,4096,1,effective_rank,effective_rank,effective_rank,candidate,False,-0.0365851067401988,0.008324661810613976,0.7044644740938059,4096,3840,256
modular,transformer_publication_20260622T101458Z_modular_seed103,103,fixed_update_scale,4096,1,soft_dimension,soft_dimension,soft_dimension,candidate,True,-0.0365851067401988,0.008324661810613976,0.7044644740938059,4096,3840,256
modular,transformer_publication_20260622T101458Z_modular_seed103,103,fixed_update_scale,4096,1,gradient_norm,gradient_norm,gradient_norm,candidate,False,-0.0341755066543787,0.007284079084287187,0.7239292916667991,4096,3840,256
modular,transformer_publication_20260622T101458Z_modular_seed103,103,fixed_update_scale,4096,1,marginal_gain_edge,marginal_gain_edge,marginal_gain_edge,candidate,False,-0.0365851067401988,0.008324661810613976,0.7044644740938059,4096,3840,256
modular,transformer_publication_20260622T101458Z_modular_seed103,103,fixed_update_scale,4096,1,marginal_gain_soft,marginal_gain_soft,marginal_gain_soft,candidate,False,-0.0365851067401988,0.008324661810613976,0.7044644740938059,4096,3840,256
modular,transformer_publication_20260622T101458Z_modular_seed103,103,standard,4096,1,uniform,uniform,uniform,cap_baseline,False,0.1295960569884105,-0.018730489073881196,1.9563018708158075,2304,3840,-1536
modular,transformer_publication_20260622T101458Z_modular_seed103,103,standard,4096,1,effective_rank,effective_rank,effective_rank,candidate,False,-0.029690961932044388,0.007284079084287187,0.7809075129155038,4096,3840,256
modular,transformer_publication_20260622T101458Z_modular_seed103,103,standard,4096,1,soft_dimension,soft_dimension,soft_dimension,candidate,True,-0.029690961932044388,0.007284079084287187,0.7809075129155038,4096,3840,256
modular,transformer_publication_20260622T101458Z_modular_seed103,103,standard,4096,1,gradient_norm,gradient_norm,gradient_norm,candidate,False,-0.04590085887667049,0.006243496357960399,0.6612931115663666,4096,3840,256
modular,transformer_publication_20260622T101458Z_modular_seed103,103,standard,4096,1,marginal_gain_edge,marginal_gain_edge,marginal_gain_edge,candidate,False,-0.029690961932044388,0.007284079084287187,0.7809075129155038,4096,3840,256
modular,transformer_publication_20260622T101458Z_modular_seed103,103,standard,4096,1,marginal_gain_soft,marginal_gain_soft,marginal_gain_soft,candidate,False,-0.029690961932044388,0.007284079084287187,0.7809075129155038,4096,3840,256
modular,transformer_publication_20260622T101458Z_modular_seed103,103,rslora,4096,1,uniform,uniform,uniform,cap_baseline,False,0.0753045821723283,-0.010405827263267331,1.4491303860081812,2304,3840,-1536
modular,transformer_publication_20260622T101458Z_modular_seed103,103,rslora,4096,1,effective_rank,effective_rank,effective_rank,candidate,False,-0.0778171875272779,0.01144640998959423,0.5358839732724759,4096,3840,256
modular,transformer_publication_20260622T101458Z_modular_seed103,103,rslora,4096,1,soft_dimension,soft_dimension,soft_dimension,candidate,True,-0.0778171875272779,0.01144640998959423,0.5358839732724759,4096,3840,256
modular,transformer_publication_20260622T101458Z_modular_seed103,103,rslora,4096,1,gradient_norm,gradient_norm,gradient_norm,candidate,False,-0.0780504508938303,0.014568158168574263,0.5344927476280458,4096,3840,256
modular,transformer_publication_20260622T101458Z_modular_seed103,103,rslora,4096,1,marginal_gain_edge,marginal_gain_edge,marginal_gain_edge,candidate,False,-0.0778171875272779,0.01144640998959423,0.5358839732724759,4096,3840,256
modular,transformer_publication_20260622T101458Z_modular_seed103,103,rslora,4096,1,marginal_gain_soft,marginal_gain_soft,marginal_gain_soft,candidate,False,-0.0778171875272779,0.01144640998959423,0.5358839732724759,4096,3840,256
modular,transformer_publication_20260622T101458Z_modular_seed103,103,fixed_update_scale,4096,2,uniform,uniform,uniform,cap_baseline,False,0.0631269766841546,-0.014568158168574374,1.4889343586491839,2304,3840,-1536
modular,transformer_publication_20260622T101458Z_modular_seed103,103,fixed_update_scale,4096,2,effective_rank,effective_rank,effective_rank,candidate,False,-0.0404404924482758,0.01040582726326722,0.6867781845852595,4096,3840,256
modular,transformer_publication_20260622T101458Z_modular_seed103,103,fixed_update_scale,4096,2,soft_dimension,soft_dimension,soft_dimension,candidate,True,-0.0404404924482758,0.01040582726326722,0.6867781845852595,4096,3840,256
modular,transformer_publication_20260622T101458Z_modular_seed103,103,fixed_update_scale,4096,2,gradient_norm,gradient_norm,gradient_norm,candidate,False,-0.0457884681398488,0.01040582726326722,0.6453567637889899,4096,3840,256
modular,transformer_publication_20260622T101458Z_modular_seed103,103,fixed_update_scale,4096,2,marginal_gain_edge,marginal_gain_edge,marginal_gain_edge,candidate,False,-0.0404404924482758,0.01040582726326722,0.6867781845852595,4096,3840,256
modular,transformer_publication_20260622T101458Z_modular_seed103,103,fixed_update_scale,4096,2,marginal_gain_soft,marginal_gain_soft,marginal_gain_soft,candidate,False,-0.0404404924482758,0.01040582726326722,0.6867781845852595,4096,3840,256
modular,transformer_publication_20260622T101458Z_modular_seed103,103,standard,4096,2,uniform,uniform,uniform,cap_baseline,False,0.10963022928301179,-0.02185223725286156,1.9489882640271072,2304,3840,-1536
modular,transformer_publication_20260622T101458Z_modular_seed103,103,standard,4096,2,effective_rank,effective_rank,effective_rank,candidate,False,0.00041378372417649745,-0.0020811654526535772,1.0035818213704109,4096,3840,256
modular,transformer_publication_20260622T101458Z_modular_seed103,103,standard,4096,2,soft_dimension,soft_dimension,soft_dimension,candidate,True,0.00041378372417649745,-0.0020811654526535772,1.0035818213704109,4096,3840,256
modular,transformer_publication_20260622T101458Z_modular_seed103,103,standard,4096,2,gradient_norm,gradient_norm,gradient_norm,candidate,False,-0.0322003868426914,0.00520291363163361,0.7212649338535843,4096,3840,256
modular,transformer_publication_20260622T101458Z_modular_seed103,103,standard,4096,2,marginal_gain_edge,marginal_gain_edge,marginal_gain_edge,candidate,False,0.00041378372417649745,-0.0020811654526535772,1.0035818213704109,4096,3840,256
modular,transformer_publication_20260622T101458Z_modular_seed103,103,standard,4096,2,marginal_gain_soft,marginal_gain_soft,marginal_gain_soft,candidate,False,0.00041378372417649745,-0.0020811654526535772,1.0035818213704109,4096,3840,256
modular,transformer_publication_20260622T101458Z_modular_seed103,103,rslora,4096,2,uniform,uniform,uniform,cap_baseline,False,0.09015622272947951,-0.018730489073881196,1.833402537571499,2304,3840,-1536
modular,transformer_publication_20260622T101458Z_modular_seed103,103,rslora,4096,2,effective_rank,effective_rank,effective_rank,candidate,False,-0.0178587762919971,0.00520291363163361,0.8349137859919962,4096,3840,256
modular,transformer_publication_20260622T101458Z_modular_seed103,103,rslora,4096,2,soft_dimension,soft_dimension,soft_dimension,candidate,True,-0.0178587762919971,0.00520291363163361,0.8349137859919962,4096,3840,256
modular,transformer_publication_20260622T101458Z_modular_seed103,103,rslora,4096,2,gradient_norm,gradient_norm,gradient_norm,candidate,False,-0.024855598497216996,0.006243496357960399,0.7702352845616098,4096,3840,256
modular,transformer_publication_20260622T101458Z_modular_seed103,103,rslora,4096,2,marginal_gain_edge,marginal_gain_edge,marginal_gain_edge,candidate,False,-0.0178587762919971,0.00520291363163361,0.8349137859919962,4096,3840,256
modular,transformer_publication_20260622T101458Z_modular_seed103,103,rslora,4096,2,marginal_gain_soft,marginal_gain_soft,marginal_gain_soft,candidate,False,-0.0178587762919971,0.00520291363163361,0.8349137859919962,4096,3840,256
modular,transformer_publication_20260622T101458Z_modular_seed107,107,fixed_update_scale,512,0,uniform,uniform,uniform,cap_baseline,False,8.932082011473913,-0.0967741935483871,3.91080190252623,0,512,-512
modular,transformer_publication_20260622T101458Z_modular_seed107,107,fixed_update_scale,512,0,effective_rank,effective_rank,effective_rank,candidate,False,-1.0006519580854953,0.1498439125910509,0.6739058576018132,512,512,0
modular,transformer_publication_20260622T101458Z_modular_seed107,107,fixed_update_scale,512,0,soft_dimension,soft_dimension,soft_dimension,candidate,True,-1.0006519580854953,0.1498439125910509,0.6739058576018132,512,512,0
modular,transformer_publication_20260622T101458Z_modular_seed107,107,fixed_update_scale,512,0,gradient_norm,gradient_norm,gradient_norm,candidate,False,0.20706099575689763,-0.013527575442247697,1.067477385408455,448,512,-64
modular,transformer_publication_20260622T101458Z_modular_seed107,107,fixed_update_scale,512,0,marginal_gain_edge,marginal_gain_edge,marginal_gain_edge,candidate,False,0.3027529282326755,-0.03329864724245579,1.0986616332410544,448,512,-64
modular,transformer_publication_20260622T101458Z_modular_seed107,107,fixed_update_scale,512,0,marginal_gain_soft,marginal_gain_soft,marginal_gain_soft,candidate,False,0.3027529282326755,-0.03329864724245579,1.0986616332410544,448,512,-64
modular,transformer_publication_20260622T101458Z_modular_seed107,107,standard,512,0,uniform,uniform,uniform,cap_baseline,False,8.745132746979301,-0.0697190426638917,3.686224774984388,0,512,-512
modular,transformer_publication_20260622T101458Z_modular_seed107,107,standard,512,0,effective_rank,effective_rank,effective_rank,candidate,False,-1.0731692031320499,0.1508844953173778,0.6703567819254295,512,512,0
modular,transformer_publication_20260622T101458Z_modular_seed107,107,standard,512,0,soft_dimension,soft_dimension,soft_dimension,candidate,True,-1.0731692031320499,0.1508844953173778,0.6703567819254295,512,512,0
modular,transformer_publication_20260622T101458Z_modular_seed107,107,standard,512,0,gradient_norm,gradient_norm,gradient_norm,candidate,False,0.06136911791147481,0.004162330905307002,1.0188506280833398,448,512,-64
modular,transformer_publication_20260622T101458Z_modular_seed107,107,standard,512,0,marginal_gain_edge,marginal_gain_edge,marginal_gain_edge,candidate,False,0.08145087541824303,0.005202913631633693,1.025019101004296,448,512,-64
modular,transformer_publication_20260622T101458Z_modular_seed107,107,standard,512,0,marginal_gain_soft,marginal_gain_soft,marginal_gain_soft,candidate,False,0.08145087541824303,0.005202913631633693,1.025019101004296,448,512,-64
modular,transformer_publication_20260622T101458Z_modular_seed107,107,rslora,512,0,uniform,uniform,uniform,cap_baseline,False,8.927015092692939,-0.0770031217481789,3.9043549690892116,0,512,-512
modular,transformer_publication_20260622T101458Z_modular_seed107,107,rslora,512,0,effective_rank,effective_rank,effective_rank,candidate,False,-0.9750693459664621,0.16545265348595217,0.68276658314577,512,512,0
modular,transformer_publication_20260622T101458Z_modular_seed107,107,rslora,512,0,soft_dimension,soft_dimension,soft_dimension,candidate,True,-0.9750693459664621,0.16545265348595217,0.68276658314577,512,512,0
modular,transformer_publication_20260622T101458Z_modular_seed107,107,rslora,512,0,gradient_norm,gradient_norm,gradient_norm,candidate,False,0.22969095615144797,0.0,1.0747286817515698,448,512,-64
modular,transformer_publication_20260622T101458Z_modular_seed107,107,rslora,512,0,marginal_gain_edge,marginal_gain_edge,marginal_gain_edge,candidate,False,0.22078108365776394,-0.002081165452653508,1.0718299040322217,448,512,-64
modular,transformer_publication_20260622T101458Z_modular_seed107,107,rslora,512,0,marginal_gain_soft,marginal_gain_soft,marginal_gain_soft,candidate,False,0.22078108365776394,-0.002081165452653508,1.0718299040322217,448,512,-64
modular,transformer_publication_20260622T101458Z_modular_seed107,107,fixed_update_scale,512,1,uniform,uniform,uniform,cap_baseline,False,8.875926960519402,-0.1019771071800208,3.8405207476295233,0,512,-512
modular,transformer_publication_20260622T101458Z_modular_seed107,107,fixed_update_scale,512,1,effective_rank,effective_rank,effective_rank,candidate,False,-0.6192230084188028,0.0770031217481789,0.8018330017082236,512,512,0
modular,transformer_publication_20260622T101458Z_modular_seed107,107,fixed_update_scale,512,1,soft_dimension,soft_dimension,soft_dimension,candidate,True,-0.6192230084188028,0.0770031217481789,0.8018330017082236,512,512,0
modular,transformer_publication_20260622T101458Z_modular_seed107,107,fixed_update_scale,512,1,gradient_norm,gradient_norm,gradient_norm,candidate,False,-0.5262561851684064,0.0738813735691987,0.8315847325931862,448,512,-64
modular,transformer_publication_20260622T101458Z_modular_seed107,107,fixed_update_scale,512,1,marginal_gain_edge,marginal_gain_edge,marginal_gain_edge,candidate,False,0.25459386208303014,-0.0561914672216442,1.0814764644507233,448,512,-64
modular,transformer_publication_20260622T101458Z_modular_seed107,107,fixed_update_scale,512,1,marginal_gain_soft,marginal_gain_soft,marginal_gain_soft,candidate,False,0.25459386208303014,-0.0561914672216442,1.0814764644507233,448,512,-64
modular,transformer_publication_20260622T101458Z_modular_seed107,107,standard,512,1,uniform,uniform,uniform,cap_baseline,False,8.707719115883457,-0.0613943808532778,3.644343002865728,0,512,-512
modular,transformer_publication_20260622T101458Z_modular_seed107,107,standard,512,1,effective_rank,effective_rank,effective_rank,candidate,False,-0.9493325892894,0.1446409989594173,0.7117085477297075,512,512,0
modular,transformer_publication_20260622T101458Z_modular_seed107,107,standard,512,1,soft_dimension,soft_dimension,soft_dimension,candidate,True,-0.9493325892894,0.1446409989594173,0.7117085477297075,512,512,0
modular,transformer_publication_20260622T101458Z_modular_seed107,107,standard,512,1,gradient_norm,gradient_norm,gradient_norm,candidate,False,-0.10886925862061236,0.020811654526534794,0.9669387978149789,448,512,-64
modular,transformer_publication_20260622T101458Z_modular_seed107,107,standard,512,1,marginal_gain_edge,marginal_gain_edge,marginal_gain_edge,candidate,False,0.074291469899475,-0.008324661810614004,1.0225606873610502,448,512,-64
modular,transformer_publication_20260622T101458Z_modular_seed107,107,standard,512,1,marginal_gain_soft,marginal_gain_soft,marginal_gain_soft,candidate,False,0.074291469899475,-0.008324661810614004,1.0225606873610502,448,512,-64
modular,transformer_publication_20260622T101458Z_modular_seed107,107,rslora,512,1,uniform,uniform,uniform,cap_baseline,False,8.703242732136358,-0.0665972944849115,3.63939568332336,0,512,-512
modular,transformer_publication_20260622T101458Z_modular_seed107,107,rslora,512,1,effective_rank,effective_rank,effective_rank,candidate,False,-0.9357565019927092,0.1290322580645161,0.716217075862819,512,512,0
modular,transformer_publication_20260622T101458Z_modular_seed107,107,rslora,512,1,soft_dimension,soft_dimension,soft_dimension,candidate,True,-0.9357565019927092,0.1290322580645161,0.716217075862819,512,512,0
modular,transformer_publication_20260622T101458Z_modular_seed107,107,rslora,512,1,gradient_norm,gradient_norm,gradient_norm,candidate,False,-0.11877144362998449,0.036420395421436005,0.9639806856746009,448,512,-64
modular,transformer_publication_20260622T101458Z_modular_seed107,107,rslora,512,1,marginal_gain_edge,marginal_gain_edge,marginal_gain_edge,candidate,False,0.15035442259011456,-0.0104058272632674,1.045597351029587,448,512,-64
modular,transformer_publication_20260622T101458Z_modular_seed107,107,rslora,512,1,marginal_gain_soft,marginal_gain_soft,marginal_gain_soft,candidate,False,0.15035442259011456,-0.0104058272632674,1.045597351029587,448,512,-64
modular,transformer_publication_20260622T101458Z_modular_seed107,107,fixed_update_scale,512,2,uniform,uniform,uniform,cap_baseline,False,8.860328946227712,-0.0884495317377731,3.82144501725497,0,512,-512
modular,transformer_publication_20260622T101458Z_modular_seed107,107,fixed_update_scale,512,2,effective_rank,effective_rank,effective_rank,candidate,False,-0.9805003100701843,0.1602497398543184,0.6877737010608074,512,512,0
modular,transformer_publication_20260622T101458Z_modular_seed107,107,fixed_update_scale,512,2,soft_dimension,soft_dimension,soft_dimension,candidate,True,-0.9805003100701843,0.1602497398543184,0.6877737010608074,512,512,0
modular,transformer_publication_20260622T101458Z_modular_seed107,107,fixed_update_scale,512,2,gradient_norm,gradient_norm,gradient_norm,candidate,False,-0.5152670582921148,0.072840790842872,0.8359205755230038,448,512,-64
modular,transformer_publication_20260622T101458Z_modular_seed107,107,fixed_update_scale,512,2,marginal_gain_edge,marginal_gain_edge,marginal_gain_edge,candidate,False,0.24512095208222595,-0.029136316337148804,1.0780552610489296,448,512,-64
modular,transformer_publication_20260622T101458Z_modular_seed107,107,fixed_update_scale,512,2,marginal_gain_soft,marginal_gain_soft,marginal_gain_soft,candidate,False,0.24512095208222595,-0.029136316337148804,1.0780552610489296,448,512,-64
modular,transformer_publication_20260622T101458Z_modular_seed107,107,standard,512,2,uniform,uniform,uniform,cap_baseline,False,8.566892401112728,-0.0353798126951092,3.494880993686394,0,512,-512
modular,transformer_publication_20260622T101458Z_modular_seed107,107,standard,512,2,effective_rank,effective_rank,effective_rank,candidate,False,-1.1597746363787698,0.190426638917794,0.6622462893446505,512,512,0
modular,transformer_publication_20260622T101458Z_modular_seed107,107,standard,512,2,soft_dimension,soft_dimension,soft_dimension,candidate,True,-1.1597746363787698,0.190426638917794,0.6622462893446505,512,512,0
modular,transformer_publication_20260622T101458Z_modular_seed107,107,standard,512,2,gradient_norm,gradient_norm,gradient_norm,candidate,False,-0.7405433133787223,0.10197710718002079,0.7843363321208346,448,512,-64
modular,transformer_publication_20260622T101458Z_modular_seed107,107,standard,512,2,marginal_gain_edge,marginal_gain_edge,marginal_gain_edge,candidate,False,0.05198542682238827,-0.0010405827263267053,1.0151393816164898,448,512,-64
modular,transformer_publication_20260622T101458Z_modular_seed107,107,standard,512,2,marginal_gain_soft,marginal_gain_soft,marginal_gain_soft,candidate,False,0.05198542682238827,-0.0010405827263267053,1.0151393816164898,448,512,-64
modular,transformer_publication_20260622T101458Z_modular_seed107,107,rslora,512,2,uniform,uniform,uniform,cap_baseline,False,8.851568584759702,-0.0926118626430801,3.8108143246331747,0,512,-512
modular,transformer_publication_20260622T101458Z_modular_seed107,107,rslora,512,2,effective_rank,effective_rank,effective_rank,candidate,False,-0.786890940909331,0.0946930280957336,0.7501228954560408,512,512,0
modular,transformer_publication_20260622T101458Z_modular_seed107,107,rslora,512,2,soft_dimension,soft_dimension,soft_dimension,candidate,True,-0.786890940909331,0.0946930280957336,0.7501228954560408,512,512,0
modular,transformer_publication_20260622T101458Z_modular_seed107,107,rslora,512,2,gradient_norm,gradient_norm,gradient_norm,candidate,False,0.176196711120447,-0.036420395421436005,1.0559512401477993,448,512,-64
modular,transformer_publication_20260622T101458Z_modular_seed107,107,rslora,512,2,marginal_gain_edge,marginal_gain_edge,marginal_gain_edge,candidate,False,0.2180963279553434,-0.028095733610822113,1.069256457417306,448,512,-64
modular,transformer_publication_20260622T101458Z_modular_seed107,107,rslora,512,2,marginal_gain_soft,marginal_gain_soft,marginal_gain_soft,candidate,False,0.2180963279553434,-0.028095733610822113,1.069256457417306,448,512,-64
modular,transformer_publication_20260622T101458Z_modular_seed107,107,fixed_update_scale,1024,0,uniform,uniform,uniform,cap_baseline,False,8.953686087734372,-0.1259105098855359,3.938530625994281,0,960,-960
modular,transformer_publication_20260622T101458Z_modular_seed107,107,fixed_update_scale,1024,0,effective_rank,effective_rank,effective_rank,candidate,False,-1.3680703035874622,0.299687825182102,0.5510098917682409,1024,960,64
modular,transformer_publication_20260622T101458Z_modular_seed107,107,fixed_update_scale,1024,0,soft_dimension,soft_dimension,soft_dimension,candidate,True,-1.3680703035874622,0.299687825182102,0.5510098917682409,1024,960,64
modular,transformer_publication_20260622T101458Z_modular_seed107,107,fixed_update_scale,1024,0,gradient_norm,gradient_norm,gradient_norm,candidate,False,-1.3482454019084062,0.3069719042663892,0.5575162713945085,1024,960,64
modular,transformer_publication_20260622T101458Z_modular_seed107,107,fixed_update_scale,1024,0,marginal_gain_edge,marginal_gain_edge,marginal_gain_edge,candidate,False,-1.6492335867063068,0.37565036420395426,0.45873427363129904,1024,960,64
modular,transformer_publication_20260622T101458Z_modular_seed107,107,fixed_update_scale,1024,0,marginal_gain_soft,marginal_gain_soft,marginal_gain_soft,candidate,False,-1.3482454019084062,0.3069719042663892,0.5575162713945085,1024,960,64
modular,transformer_publication_20260622T101458Z_modular_seed107,107,standard,1024,0,uniform,uniform,uniform,cap_baseline,False,8.595026454369808,-0.0489073881373569,3.523752150219418,0,960,-960
modular,transformer_publication_20260622T101458Z_modular_seed107,107,standard,1024,0,effective_rank,effective_rank,effective_rank,candidate,False,-0.06482130779063944,0.002081165452653501,0.9809665606283866,1024,960,64
modular,transformer_publication_20260622T101458Z_modular_seed107,107,standard,1024,0,soft_dimension,soft_dimension,soft_dimension,candidate,True,-0.06482130779063944,0.002081165452653501,0.9809665606283866,1024,960,64
modular,transformer_publication_20260622T101458Z_modular_seed107,107,standard,1024,0,gradient_norm,gradient_norm,gradient_norm,candidate,False,-0.16682646500332465,0.027055150884495296,0.9510148512048396,1024,960,64
modular,transformer_publication_20260622T101458Z_modular_seed107,107,standard,1024,0,marginal_gain_edge,marginal_gain_edge,marginal_gain_edge,candidate,False,-0.04880147347465158,0.006243496357960399,0.9856704543878501,1024,960,64
modular,transformer_publication_20260622T101458Z_modular_seed107,107,standard,1024,0,marginal_gain_soft,marginal_gain_soft,marginal_gain_soft,candidate,False,-0.16682646500332465,0.027055150884495296,0.9510148512048396,1024,960,64
modular,transformer_publication_20260622T101458Z_modular_seed107,107,rslora,1024,0,uniform,uniform,uniform,cap_baseline,False,8.58909344028112,-0.0457856399583766,3.517624072162872,0,960,-960
modular,transformer_publication_20260622T101458Z_modular_seed107,107,rslora,1024,0,effective_rank,effective_rank,effective_rank,candidate,False,-0.6256936206777928,0.1238293444328825,0.8165974870142293,1024,960,64
modular,transformer_publication_20260622T101458Z_modular_seed107,107,rslora,1024,0,soft_dimension,soft_dimension,soft_dimension,candidate,True,-0.6256936206777928,0.1238293444328825,0.8165974870142293,1024,960,64
modular,transformer_publication_20260622T101458Z_modular_seed107,107,rslora,1024,0,gradient_norm,gradient_norm,gradient_norm,candidate,False,-1.229181085987468,0.1935483870967743,0.6397040138582932,1024,960,64
modular,transformer_publication_20260622T101458Z_modular_seed107,107,rslora,1024,0,marginal_gain_edge,marginal_gain_edge,marginal_gain_edge,candidate,False,-1.8199291241652755,0.3662851196670136,0.466544705272315,1024,960,64
modular,transformer_publication_20260622T101458Z_modular_seed107,107,rslora,1024,0,marginal_gain_soft,marginal_gain_soft,marginal_gain_soft,candidate,False,-1.229181085987468,0.1935483870967743,0.6397040138582932,1024,960,64
modular,transformer_publication_20260622T101458Z_modular_seed107,107,fixed_update_scale,1024,1,uniform,uniform,uniform,cap_baseline,False,9.153844826427386,-0.1768990634755463,4.215445573677626,0,960,-960
modular,transformer_publication_20260622T101458Z_modular_seed107,107,fixed_update_scale,1024,1,effective_rank,effective_rank,effective_rank,candidate,False,-1.3331612534627209,0.2799167533818938,0.5317041600847999,1024,960,64
modular,transformer_publication_20260622T101458Z_modular_seed107,107,fixed_update_scale,1024,1,soft_dimension,soft_dimension,soft_dimension,candidate,True,-1.3331612534627209,0.2799167533818938,0.5317041600847999,1024,960,64
modular,transformer_publication_20260622T101458Z_modular_seed107,107,fixed_update_scale,1024,1,gradient_norm,gradient_norm,gradient_norm,candidate,False,-1.3373549316973887,0.3173777315296566,0.5302310584130128,1024,960,64
modular,transformer_publication_20260622T101458Z_modular_seed107,107,fixed_update_scale,1024,1,marginal_gain_edge,marginal_gain_edge,marginal_gain_edge,candidate,False,-1.5175117853404827,0.35691987513007284,0.4669478622699052,1024,960,64
modular,transformer_publication_20260622T101458Z_modular_seed107,107,fixed_update_scale,1024,1,marginal_gain_soft,marginal_gain_soft,marginal_gain_soft,candidate,False,-1.3373549316973887,0.3173777315296566,0.5302310584130128,1024,960,64
modular,transformer_publication_20260622T101458Z_modular_seed107,107,standard,1024,1,uniform,uniform,uniform,cap_baseline,False,8.623031641764648,-0.0541103017689906,3.5529687285327247,0,960,-960
modular,transformer_publication_20260622T101458Z_modular_seed107,107,standard,1024,1,effective_rank,effective_rank,effective_rank,candidate,False,-1.324592514539236,0.2372528616024974,0.6078359203405211,1024,960,64
modular,transformer_publication_20260622T101458Z_modular_seed107,107,standard,1024,1,soft_dimension,soft_dimension,soft_dimension,candidate,True,-1.324592514539236,0.2372528616024974,0.6078359203405211,1024,960,64
modular,transformer_publication_20260622T101458Z_modular_seed107,107,standard,1024,1,gradient_norm,gradient_norm,gradient_norm,candidate,False,-1.8901841273292914,0.4484911550468262,0.44038463863817223,1024,960,64
modular,transformer_publication_20260622T101458Z_modular_seed107,107,standard,1024,1,marginal_gain_edge,marginal_gain_edge,marginal_gain_edge,candidate,False,-1.957524877309055,0.41415192507804366,0.42044747083032047,1024,960,64
modular,transformer_publication_20260622T101458Z_modular_seed107,107,standard,1024,1,marginal_gain_soft,marginal_gain_soft,marginal_gain_soft,candidate,False,-1.8901841273292914,0.4484911550468262,0.44038463863817223,1024,960,64
modular,transformer_publication_20260622T101458Z_modular_seed107,107,rslora,1024,1,uniform,uniform,uniform,cap_baseline,False,8.64703138239302,-0.0530697190426638,3.578394862167173,0,960,-960
modular,transformer_publication_20260622T101458Z_modular_seed107,107,rslora,1024,1,effective_rank,effective_rank,effective_rank,candidate,False,-1.7258880338113094,0.36420395421436014,0.48537010654130824,1024,960,64
modular,transformer_publication_20260622T101458Z_modular_seed107,107,rslora,1024,1,soft_dimension,soft_dimension,soft_dimension,candidate,True,-1.7258880338113094,0.36420395421436014,0.48537010654130824,1024,960,64
modular,transformer_publication_20260622T101458Z_modular_seed107,107,rslora,1024,1,gradient_norm,gradient_norm,gradient_norm,candidate,False,-1.8404487450834865,0.45369406867846007,0.45121008834687293,1024,960,64
modular,transformer_publication_20260622T101458Z_modular_seed107,107,rslora,1024,1,marginal_gain_edge,marginal_gain_edge,marginal_gain_edge,candidate,False,-1.965076884915752,0.48074921956295535,0.4140481374744296,1024,960,64
modular,transformer_publication_20260622T101458Z_modular_seed107,107,rslora,1024,1,marginal_gain_soft,marginal_gain_soft,marginal_gain_soft,candidate,False,-1.8404487450834865,0.45369406867846007,0.45121008834687293,1024,960,64
modular,transformer_publication_20260622T101458Z_modular_seed107,107,fixed_update_scale,1024,2,uniform,uniform,uniform,cap_baseline,False,10.419682526935775,-0.4526534859521331,7.590573422356598,0,960,-960
modular,transformer_publication_20260622T101458Z_modular_seed107,107,fixed_update_scale,1024,2,effective_rank,effective_rank,effective_rank,candidate,False,-0.10205785950314383,0.052029136316337266,0.9354471871244403,1024,960,64
modular,transformer_publication_20260622T101458Z_modular_seed107,107,fixed_update_scale,1024,2,soft_dimension,soft_dimension,soft_dimension,candidate,True,-0.10205785950314383,0.052029136316337266,0.9354471871244403,1024,960,64
modular,transformer_publication_20260622T101458Z_modular_seed107,107,fixed_update_scale,1024,2,gradient_norm,gradient_norm,gradient_norm,candidate,False,-0.008210110614748967,-0.0020811654526534107,0.9948070071547482,1024,960,64
modular,transformer_publication_20260622T101458Z_modular_seed107,107,fixed_update_scale,1024,2,marginal_gain_edge,marginal_gain_edge,marginal_gain_edge,candidate,False,-0.12700826568484458,0.05931321540062445,0.9196657577543004,1024,960,64
modular,transformer_publication_20260622T101458Z_modular_seed107,107,fixed_update_scale,1024,2,marginal_gain_soft,marginal_gain_soft,marginal_gain_soft,candidate,False,-0.008210110614748967,-0.0020811654526534107,0.9948070071547482,1024,960,64
modular,transformer_publication_20260622T101458Z_modular_seed107,107,standard,1024,2,uniform,uniform,uniform,cap_baseline,False,9.689221869398233,-0.2268470343392299,5.1918216416481,0,960,-960
modular,transformer_publication_20260622T101458Z_modular_seed107,107,standard,1024,2,effective_rank,effective_rank,effective_rank,candidate,False,-0.6558220589942414,0.17377731529656618,0.7162734905839229,1024,960,64
modular,transformer_publication_20260622T101458Z_modular_seed107,107,standard,1024,2,soft_dimension,soft_dimension,soft_dimension,candidate,True,-0.6558220589942414,0.17377731529656618,0.7162734905839229,1024,960,64
modular,transformer_publication_20260622T101458Z_modular_seed107,107,standard,1024,2,gradient_norm,gradient_norm,gradient_norm,candidate,False,-0.7117093474013996,0.20915712799167538,0.6920951253657566,1024,960,64
modular,transformer_publication_20260622T101458Z_modular_seed107,107,standard,1024,2,marginal_gain_edge,marginal_gain_edge,marginal_gain_edge,candidate,False,-0.8486849471508029,0.22268470343392308,0.6328357450825247,1024,960,64
modular,transformer_publication_20260622T101458Z_modular_seed107,107,standard,1024,2,marginal_gain_soft,marginal_gain_soft,marginal_gain_soft,candidate,False,-0.7117093474013996,0.20915712799167538,0.6920951253657566,1024,960,64
modular,transformer_publication_20260622T101458Z_modular_seed107,107,rslora,1024,2,uniform,uniform,uniform,cap_baseline,False,10.144005774459286,-0.3870967741935484,6.463534463621011,0,960,-960
modular,transformer_publication_20260622T101458Z_modular_seed107,107,rslora,1024,2,effective_rank,effective_rank,effective_rank,candidate,False,-0.2761525998626615,0.07388137356919872,0.8512649460071293,1024,960,64
modular,transformer_publication_20260622T101458Z_modular_seed107,107,rslora,1024,2,soft_dimension,soft_dimension,soft_dimension,candidate,True,-0.2761525998626615,0.07388137356919872,0.8512649460071293,1024,960,64
modular,transformer_publication_20260622T101458Z_modular_seed107,107,rslora,1024,2,gradient_norm,gradient_norm,gradient_norm,candidate,False,-0.2935934390535464,0.06555671175858474,0.8418713565206376,1024,960,64
modular,transformer_publication_20260622T101458Z_modular_seed107,107,rslora,1024,2,marginal_gain_edge,marginal_gain_edge,marginal_gain_edge,candidate,False,-0.44552063445767054,0.1238293444328824,0.7600437741525705,1024,960,64
modular,transformer_publication_20260622T101458Z_modular_seed107,107,rslora,1024,2,marginal_gain_soft,marginal_gain_soft,marginal_gain_soft,candidate,False,-0.2935934390535464,0.06555671175858474,0.8418713565206376,1024,960,64
modular,transformer_publication_20260622T101458Z_modular_seed107,107,fixed_update_scale,1536,0,uniform,uniform,uniform,cap_baseline,False,-1.1039816741516633,0.2559833506763788,0.6216907750473921,1152,1536,-384
modular,transformer_publication_20260622T101458Z_modular_seed107,107,fixed_update_scale,1536,0,effective_rank,effective_rank,effective_rank,candidate,False,-2.003617130258701,0.6337148803329865,0.31340631697315074,1536,1536,0
modular,transformer_publication_20260622T101458Z_modular_seed107,107,fixed_update_scale,1536,0,soft_dimension,soft_dimension,soft_dimension,candidate,True,-2.003617130258701,0.6337148803329865,0.31340631697315074,1536,1536,0
modular,transformer_publication_20260622T101458Z_modular_seed107,107,fixed_update_scale,1536,0,gradient_norm,gradient_norm,gradient_norm,candidate,False,-2.054330358458111,0.6680541103017691,0.29602805562682344,1472,1536,-64
modular,transformer_publication_20260622T101458Z_modular_seed107,107,fixed_update_scale,1536,0,marginal_gain_edge,marginal_gain_edge,marginal_gain_edge,candidate,False,-2.1234793901815623,0.6909469302809574,0.2723322668197999,1536,1536,0
modular,transformer_publication_20260622T101458Z_modular_seed107,107,fixed_update_scale,1536,0,marginal_gain_soft,marginal_gain_soft,marginal_gain_soft,candidate,False,-2.1234793901815623,0.6909469302809574,0.2723322668197999,1536,1536,0
modular,transformer_publication_20260622T101458Z_modular_seed107,107,standard,1536,0,uniform,uniform,uniform,cap_baseline,False,2.0994446178380715,-0.4911550468262228,2.6366241918089823,1152,1536,-384
modular,transformer_publication_20260622T101458Z_modular_seed107,107,standard,1536,0,effective_rank,effective_rank,effective_rank,candidate,False,2.163579902837477,-0.5098855359001042,2.6866209186036527,1536,1536,0
modular,transformer_publication_20260622T101458Z_modular_seed107,107,standard,1536,0,soft_dimension,soft_dimension,soft_dimension,candidate,True,2.163579902837477,-0.5098855359001042,2.6866209186036527,1536,1536,0
modular,transformer_publication_20260622T101458Z_modular_seed107,107,standard,1536,0,gradient_norm,gradient_norm,gradient_norm,candidate,False,-0.36087858918802296,0.19771071800208107,0.7186767279533124,1472,1536,-64
modular,transformer_publication_20260622T101458Z_modular_seed107,107,standard,1536,0,marginal_gain_edge,marginal_gain_edge,marginal_gain_edge,candidate,False,-0.40510604818207163,0.20499479708636836,0.6841991672132545,1536,1536,0
modular,transformer_publication_20260622T101458Z_modular_seed107,107,standard,1536,0,marginal_gain_soft,marginal_gain_soft,marginal_gain_soft,candidate,False,-0.40510604818207163,0.20499479708636836,0.6841991672132545,1536,1536,0
modular,transformer_publication_20260622T101458Z_modular_seed107,107,rslora,1536,0,uniform,uniform,uniform,cap_baseline,False,1.4639119169094312,-0.3069719042663892,1.7484150325256944,1152,1536,-384
modular,transformer_publication_20260622T101458Z_modular_seed107,107,rslora,1536,0,effective_rank,effective_rank,effective_rank,candidate,False,-1.0024629038652941,0.400624349635796,0.48749764372021104,1536,1536,0
modular,transformer_publication_20260622T101458Z_modular_seed107,107,rslora,1536,0,soft_dimension,soft_dimension,soft_dimension,candidate,True,-1.0024629038652941,0.400624349635796,0.48749764372021104,1536,1536,0
modular,transformer_publication_20260622T101458Z_modular_seed107,107,rslora,1536,0,gradient_norm,gradient_norm,gradient_norm,candidate,False,-1.0910237063106214,0.41103017689906346,0.44222153449736223,1472,1536,-64
modular,transformer_publication_20260622T101458Z_modular_seed107,107,rslora,1536,0,marginal_gain_edge,marginal_gain_edge,marginal_gain_edge,candidate,False,-1.16455116883525,0.449531737773153,0.4046311182836072,1536,1536,0
modular,transformer_publication_20260622T101458Z_modular_seed107,107,rslora,1536,0,marginal_gain_soft,marginal_gain_soft,marginal_gain_soft,candidate,False,-1.16455116883525,0.449531737773153,0.4046311182836072,1536,1536,0
modular,transformer_publication_20260622T101458Z_modular_seed107,107,fixed_update_scale,1536,1,uniform,uniform,uniform,cap_baseline,False,0.03198829563053551,-0.04682622268470349,1.021555643822639,1152,1536,-384
modular,transformer_publication_20260622T101458Z_modular_seed107,107,fixed_update_scale,1536,1,effective_rank,effective_rank,effective_rank,candidate,False,-0.5200963024666354,0.21644120707596248,0.6495277279249458,1536,1536,0
modular,transformer_publication_20260622T101458Z_modular_seed107,107,fixed_update_scale,1536,1,soft_dimension,soft_dimension,soft_dimension,candidate,True,-0.5200963024666354,0.21644120707596248,0.6495277279249458,1536,1536,0
modular,transformer_publication_20260622T101458Z_modular_seed107,107,fixed_update_scale,1536,1,gradient_norm,gradient_norm,gradient_norm,candidate,False,-0.5227353409723485,0.21331945889698223,0.6477493845358383,1472,1536,-64
modular,transformer_publication_20260622T101458Z_modular_seed107,107,fixed_update_scale,1536,1,marginal_gain_edge,marginal_gain_edge,marginal_gain_edge,candidate,False,-0.6525250690660664,0.27055150884495316,0.5602892340189504,1536,1536,0
modular,transformer_publication_20260622T101458Z_modular_seed107,107,fixed_update_scale,1536,1,marginal_gain_soft,marginal_gain_soft,marginal_gain_soft,candidate,False,-0.6525250690660664,0.27055150884495316,0.5602892340189504,1536,1536,0
modular,transformer_publication_20260622T101458Z_modular_seed107,107,standard,1536,1,uniform,uniform,uniform,cap_baseline,False,1.4113496860778048,-0.3069719042663892,1.740671194269268,1152,1536,-384
modular,transformer_publication_20260622T101458Z_modular_seed107,107,standard,1536,1,effective_rank,effective_rank,effective_rank,candidate,False,1.531123399734497,-0.33506763787721117,1.8035280046056947,1536,1536,0
modular,transformer_publication_20260622T101458Z_modular_seed107,107,standard,1536,1,soft_dimension,soft_dimension,soft_dimension,candidate,True,1.531123399734497,-0.33506763787721117,1.8035280046056947,1536,1536,0
modular,transformer_publication_20260622T101458Z_modular_seed107,107,standard,1536,1,gradient_norm,gradient_norm,gradient_norm,candidate,False,-0.8789531194704752,0.3048907388137358,0.5387285921222741,1472,1536,-64
modular,transformer_publication_20260622T101458Z_modular_seed107,107,standard,1536,1,marginal_gain_edge,marginal_gain_edge,marginal_gain_edge,candidate,False,1.3654627675940665,-0.2976066597294485,1.7165899059465006,1536,1536,0
modular,transformer_publication_20260622T101458Z_modular_seed107,107,standard,1536,1,marginal_gain_soft,marginal_gain_soft,marginal_gain_soft,candidate,False,1.3654627675940665,-0.2976066597294485,1.7165899059465006,1536,1536,0
modular,transformer_publication_20260622T101458Z_modular_seed107,107,rslora,1536,1,uniform,uniform,uniform,cap_baseline,False,0.6869121703099261,-0.222684703433923,1.5138882348290186,1152,1536,-384
modular,transformer_publication_20260622T101458Z_modular_seed107,107,rslora,1536,1,effective_rank,effective_rank,effective_rank,candidate,False,-0.3358079450559668,0.14151925078043703,0.7487775590749681,1536,1536,0
modular,transformer_publication_20260622T101458Z_modular_seed107,107,rslora,1536,1,soft_dimension,soft_dimension,soft_dimension,candidate,True,-0.3358079450559668,0.14151925078043703,0.7487775590749681,1536,1536,0
modular,transformer_publication_20260622T101458Z_modular_seed107,107,rslora,1536,1,gradient_norm,gradient_norm,gradient_norm,candidate,False,-0.3887833666975121,0.1706555671175859,0.7091459335289921,1472,1536,-64
modular,transformer_publication_20260622T101458Z_modular_seed107,107,rslora,1536,1,marginal_gain_edge,marginal_gain_edge,marginal_gain_edge,candidate,False,-0.4665336731693377,0.18522372528616027,0.6509798833741455,1536,1536,0
modular,transformer_publication_20260622T101458Z_modular_seed107,107,rslora,1536,1,marginal_gain_soft,marginal_gain_soft,marginal_gain_soft,candidate,False,-0.4665336731693377,0.18522372528616027,0.6509798833741455,1536,1536,0
modular,transformer_publication_20260622T101458Z_modular_seed107,107,fixed_update_scale,1536,2,uniform,uniform,uniform,cap_baseline,False,0.04101388672760198,0.022892819979188406,1.0284075131763368,1152,1536,-384
modular,transformer_publication_20260622T101458Z_modular_seed107,107,fixed_update_scale,1536,2,effective_rank,effective_rank,effective_rank,candidate,False,-0.5874737623951066,0.2851196670135276,0.5930971195968169,1536,1536,0
modular,transformer_publication_20260622T101458Z_modular_seed107,107,fixed_update_scale,1536,2,soft_dimension,soft_dimension,soft_dimension,candidate,True,-0.5874737623951066,0.2851196670135276,0.5930971195968169,1536,1536,0
modular,transformer_publication_20260622T101458Z_modular_seed107,107,fixed_update_scale,1536,2,gradient_norm,gradient_norm,gradient_norm,candidate,False,-0.14615657029365292,0.06035379812695113,0.8987673437535751,1472,1536,-64
modular,transformer_publication_20260622T101458Z_modular_seed107,107,fixed_update_scale,1536,2,marginal_gain_edge,marginal_gain_edge,marginal_gain_edge,candidate,False,-0.5974610057135155,0.26847034339229975,0.5861796394748453,1536,1536,0
modular,transformer_publication_20260622T101458Z_modular_seed107,107,fixed_update_scale,1536,2,marginal_gain_soft,marginal_gain_soft,marginal_gain_soft,candidate,False,-0.5974610057135155,0.26847034339229975,0.5861796394748453,1536,1536,0
modular,transformer_publication_20260622T101458Z_modular_seed107,107,standard,1536,2,uniform,uniform,uniform,cap_baseline,False,1.8754478728982091,-0.4713839750260146,2.335698337358861,1152,1536,-384
modular,transformer_publication_20260622T101458Z_modular_seed107,107,standard,1536,2,effective_rank,effective_rank,effective_rank,candidate,False,2.042166636712097,-0.5098855359001041,2.4544358287339794,1536,1536,0
modular,transformer_publication_20260622T101458Z_modular_seed107,107,standard,1536,2,soft_dimension,soft_dimension,soft_dimension,candidate,True,2.042166636712097,-0.5098855359001041,2.4544358287339794,1536,1536,0
modular,transformer_publication_20260622T101458Z_modular_seed107,107,standard,1536,2,gradient_norm,gradient_norm,gradient_norm,candidate,False,1.794848499635504,-0.4308012486992716,2.2782952762474933,1472,1536,-64
modular,transformer_publication_20260622T101458Z_modular_seed107,107,standard,1536,2,marginal_gain_edge,marginal_gain_edge,marginal_gain_edge,candidate,False,1.9048483098830942,-0.4703433922996878,2.3566373969647403,1536,1536,0
modular,transformer_publication_20260622T101458Z_modular_seed107,107,standard,1536,2,marginal_gain_soft,marginal_gain_soft,marginal_gain_soft,candidate,False,1.9048483098830942,-0.4703433922996878,2.3566373969647403,1536,1536,0
modular,transformer_publication_20260622T101458Z_modular_seed107,107,rslora,1536,2,uniform,uniform,uniform,cap_baseline,False,-0.13659030850298337,0.027055150884495283,0.9227083933647067,1152,1536,-384
modular,transformer_publication_20260622T101458Z_modular_seed107,107,rslora,1536,2,effective_rank,effective_rank,effective_rank,candidate,False,-0.5632721939890739,0.17481789802289283,0.6812642615456773,1536,1536,0
modular,transformer_publication_20260622T101458Z_modular_seed107,107,rslora,1536,2,soft_dimension,soft_dimension,soft_dimension,candidate,True,-0.5632721939890739,0.17481789802289283,0.6812642615456773,1536,1536,0
modular,transformer_publication_20260622T101458Z_modular_seed107,107,rslora,1536,2,gradient_norm,gradient_norm,gradient_norm,candidate,False,1.3873879790430137,-0.2944849115504683,1.7850736051627343,1472,1536,-64
modular,transformer_publication_20260622T101458Z_modular_seed107,107,rslora,1536,2,marginal_gain_edge,marginal_gain_edge,marginal_gain_edge,candidate,False,1.3631982984453535,-0.303850156087409,1.7713855236445135,1536,1536,0
modular,transformer_publication_20260622T101458Z_modular_seed107,107,rslora,1536,2,marginal_gain_soft,marginal_gain_soft,marginal_gain_soft,candidate,False,1.3631982984453535,-0.303850156087409,1.7713855236445135,1536,1536,0
modular,transformer_publication_20260622T101458Z_modular_seed107,107,fixed_update_scale,2048,0,uniform,uniform,uniform,cap_baseline,False,0.6347180209844592,-0.24557752341311134,1.7128479211199719,1152,1920,-768
modular,transformer_publication_20260622T101458Z_modular_seed107,107,fixed_update_scale,2048,0,effective_rank,effective_rank,effective_rank,candidate,False,-0.10479974783918233,0.06451612903225801,0.8823000451993035,2048,1920,128
modular,transformer_publication_20260622T101458Z_modular_seed107,107,fixed_update_scale,2048,0,soft_dimension,soft_dimension,soft_dimension,candidate,True,-0.1859346104710209,0.09365244536940687,0.7911779780051901,2048,1920,128
modular,transformer_publication_20260622T101458Z_modular_seed107,107,fixed_update_scale,2048,0,gradient_norm,gradient_norm,gradient_norm,candidate,False,-0.28644270945289996,0.13943808532778357,0.678297947745726,2048,1920,128
modular,transformer_publication_20260622T101458Z_modular_seed107,107,fixed_update_scale,2048,0,marginal_gain_edge,marginal_gain_edge,marginal_gain_edge,candidate,False,-0.5380915675959652,0.24973985431841828,0.3956726567523088,2048,1920,128
modular,transformer_publication_20260622T101458Z_modular_seed107,107,fixed_update_scale,2048,0,marginal_gain_soft,marginal_gain_soft,marginal_gain_soft,candidate,False,-0.5380915675959652,0.24973985431841828,0.3956726567523088,2048,1920,128
modular,transformer_publication_20260622T101458Z_modular_seed107,107,standard,2048,0,uniform,uniform,uniform,cap_baseline,False,2.472846258505326,-0.6462018730489074,3.530169088120616,1152,1920,-768
modular,transformer_publication_20260622T101458Z_modular_seed107,107,standard,2048,0,effective_rank,effective_rank,effective_rank,candidate,False,1.7677344011218445,-0.5317377731529658,2.8087120953606455,2048,1920,128
modular,transformer_publication_20260622T101458Z_modular_seed107,107,standard,2048,0,soft_dimension,soft_dimension,soft_dimension,candidate,True,-0.03983831988661157,0.018730489073881307,0.9592381915563603,2048,1920,128
modular,transformer_publication_20260622T101458Z_modular_seed107,107,standard,2048,0,gradient_norm,gradient_norm,gradient_norm,candidate,False,-0.3009242683990193,0.1498439125910509,0.6921000328468782,2048,1920,128
modular,transformer_publication_20260622T101458Z_modular_seed107,107,standard,2048,0,marginal_gain_edge,marginal_gain_edge,marginal_gain_edge,candidate,False,-0.6148953263518964,0.27055150884495316,0.3708508396693538,2048,1920,128
modular,transformer_publication_20260622T101458Z_modular_seed107,107,standard,2048,0,marginal_gain_soft,marginal_gain_soft,marginal_gain_soft,candidate,False,-0.6148953263518964,0.27055150884495316,0.3708508396693538,2048,1920,128
modular,transformer_publication_20260622T101458Z_modular_seed107,107,rslora,2048,0,uniform,uniform,uniform,cap_baseline,False,0.6765015850950354,-0.2559833506763788,1.7315040917456523,1152,1920,-768
modular,transformer_publication_20260622T101458Z_modular_seed107,107,rslora,2048,0,effective_rank,effective_rank,effective_rank,candidate,False,-0.19456509372818365,0.117585848074922,0.7896159221074867,2048,1920,128
modular,transformer_publication_20260622T101458Z_modular_seed107,107,rslora,2048,0,soft_dimension,soft_dimension,soft_dimension,candidate,True,-0.1928079961862078,0.09781477627471391,0.7915158792840408,2048,1920,128
modular,transformer_publication_20260622T101458Z_modular_seed107,107,rslora,2048,0,gradient_norm,gradient_norm,gradient_norm,candidate,False,-0.2652152492029982,0.13423517169614985,0.7132216032308603,2048,1920,128
modular,transformer_publication_20260622T101458Z_modular_seed107,107,rslora,2048,0,marginal_gain_edge,marginal_gain_edge,marginal_gain_edge,candidate,False,-0.5236164849953151,0.2414151925078044,0.4338112286525671,2048,1920,128
modular,transformer_publication_20260622T101458Z_modular_seed107,107,rslora,2048,0,marginal_gain_soft,marginal_gain_soft,marginal_gain_soft,candidate,False,-0.5236164849953151,0.2414151925078044,0.4338112286525671,2048,1920,128
modular,transformer_publication_20260622T101458Z_modular_seed107,107,fixed_update_scale,2048,1,uniform,uniform,uniform,cap_baseline,False,0.5747003501337349,-0.1935483870967742,1.529483268301058,1152,1920,-768
modular,transformer_publication_20260622T101458Z_modular_seed107,107,fixed_update_scale,2048,1,effective_rank,effective_rank,effective_rank,candidate,False,-0.21181580148303936,0.09573361082206033,0.8048497398323329,2048,1920,128
modular,transformer_publication_20260622T101458Z_modular_seed107,107,fixed_update_scale,2048,1,soft_dimension,soft_dimension,soft_dimension,candidate,True,-0.29224551220218076,0.14255983350676382,0.7307481909292051,2048,1920,128
modular,transformer_publication_20260622T101458Z_modular_seed107,107,fixed_update_scale,2048,1,gradient_norm,gradient_norm,gradient_norm,candidate,False,-0.2643449825005032,0.13527575442247664,0.7564535235435619,2048,1920,128
modular,transformer_publication_20260622T101458Z_modular_seed107,107,fixed_update_scale,2048,1,marginal_gain_edge,marginal_gain_edge,marginal_gain_edge,candidate,False,-0.7489006083912212,0.35796045785639974,0.310022446181979,2048,1920,128
modular,transformer_publication_20260622T101458Z_modular_seed107,107,fixed_update_scale,2048,1,marginal_gain_soft,marginal_gain_soft,marginal_gain_soft,candidate,False,-0.7489006083912212,0.35796045785639974,0.310022446181979,2048,1920,128
modular,transformer_publication_20260622T101458Z_modular_seed107,107,standard,2048,1,uniform,uniform,uniform,cap_baseline,False,2.1210596322020923,-0.5587929240374611,2.994378409864152,1152,1920,-768
modular,transformer_publication_20260622T101458Z_modular_seed107,107,standard,2048,1,effective_rank,effective_rank,effective_rank,candidate,False,-0.05852949954220432,0.006243496357960399,0.9449662006409802,2048,1920,128
modular,transformer_publication_20260622T101458Z_modular_seed107,107,standard,2048,1,soft_dimension,soft_dimension,soft_dimension,candidate,True,-0.168514349023956,0.0718002081165452,0.8415502448194871,2048,1920,128
modular,transformer_publication_20260622T101458Z_modular_seed107,107,standard,2048,1,gradient_norm,gradient_norm,gradient_norm,candidate,False,-0.1804755968928462,0.0655567117585848,0.8303033877568304,2048,1920,128
modular,transformer_publication_20260622T101458Z_modular_seed107,107,standard,2048,1,marginal_gain_edge,marginal_gain_edge,marginal_gain_edge,candidate,False,-0.5452905110898549,0.27679500520291356,0.4872772052654018,2048,1920,128
modular,transformer_publication_20260622T101458Z_modular_seed107,107,standard,2048,1,marginal_gain_soft,marginal_gain_soft,marginal_gain_soft,candidate,False,-0.5452905110898549,0.27679500520291356,0.4872772052654018,2048,1920,128
modular,transformer_publication_20260622T101458Z_modular_seed107,107,rslora,2048,1,uniform,uniform,uniform,cap_baseline,False,0.5480465095075436,-0.20083246618106138,1.5656908062371413,1152,1920,-768
modular,transformer_publication_20260622T101458Z_modular_seed107,107,rslora,2048,1,effective_rank,effective_rank,effective_rank,candidate,False,-0.20271407776394934,0.10301768990634752,0.7907595649337338,2048,1920,128
modular,transformer_publication_20260622T101458Z_modular_seed107,107,rslora,2048,1,soft_dimension,soft_dimension,soft_dimension,candidate,True,-0.18918624870734946,0.10301768990634752,0.8047229209498912,2048,1920,128
modular,transformer_publication_20260622T101458Z_modular_seed107,107,rslora,2048,1,gradient_norm,gradient_norm,gradient_norm,candidate,False,-0.15571858297401608,0.07075962539021852,0.8392680744781501,2048,1920,128
modular,transformer_publication_20260622T101458Z_modular_seed107,107,rslora,2048,1,marginal_gain_edge,marginal_gain_edge,marginal_gain_edge,candidate,False,-0.5833600332784107,0.2965660770031219,0.39785875500180096,2048,1920,128
modular,transformer_publication_20260622T101458Z_modular_seed107,107,rslora,2048,1,marginal_gain_soft,marginal_gain_soft,marginal_gain_soft,candidate,False,-0.5833600332784107,0.2965660770031219,0.39785875500180096,2048,1920,128
modular,transformer_publication_20260622T101458Z_modular_seed107,107,fixed_update_scale,2048,2,uniform,uniform,uniform,cap_baseline,False,-1.2645491150737926,0.2861602497398544,0.5358133990185111,1152,1920,-768
modular,transformer_publication_20260622T101458Z_modular_seed107,107,fixed_update_scale,2048,2,effective_rank,effective_rank,effective_rank,candidate,False,-2.027625459289948,0.6253902185223725,0.25570580154460226,2048,1920,128
modular,transformer_publication_20260622T101458Z_modular_seed107,107,fixed_update_scale,2048,2,soft_dimension,soft_dimension,soft_dimension,candidate,True,-2.029575763272197,0.6305931321540064,0.2549898902639651,2048,1920,128
modular,transformer_publication_20260622T101458Z_modular_seed107,107,fixed_update_scale,2048,2,gradient_norm,gradient_norm,gradient_norm,candidate,False,0.4021984662523379,-0.0832466181061394,1.1476377127184547,2048,1920,128
modular,transformer_publication_20260622T101458Z_modular_seed107,107,fixed_update_scale,2048,2,marginal_gain_edge,marginal_gain_edge,marginal_gain_edge,candidate,False,-2.4174519548431026,0.7700312174817898,0.11260955183287405,2048,1920,128
modular,transformer_publication_20260622T101458Z_modular_seed107,107,fixed_update_scale,2048,2,marginal_gain_soft,marginal_gain_soft,marginal_gain_soft,candidate,False,-2.4174519548431026,0.7700312174817898,0.11260955183287405,2048,1920,128
modular,transformer_publication_20260622T101458Z_modular_seed107,107,standard,2048,2,uniform,uniform,uniform,cap_baseline,False,-1.3562486406171481,0.331945889698231,0.5310392714887171,1152,1920,-768
modular,transformer_publication_20260622T101458Z_modular_seed107,107,standard,2048,2,effective_rank,effective_rank,effective_rank,candidate,False,-2.110588184690624,0.6566077003121749,0.2702053716128115,2048,1920,128
modular,transformer_publication_20260622T101458Z_modular_seed107,107,standard,2048,2,soft_dimension,soft_dimension,soft_dimension,candidate,True,-2.0745595181273617,0.6243496357960459,0.28266328619631237,2048,1920,128
modular,transformer_publication_20260622T101458Z_modular_seed107,107,standard,2048,2,gradient_norm,gradient_norm,gradient_norm,candidate,False,0.2398296439560843,-0.029136316337148804,1.0829277767954615,2048,1920,128
modular,transformer_publication_20260622T101458Z_modular_seed107,107,standard,2048,2,marginal_gain_edge,marginal_gain_edge,marginal_gain_edge,candidate,False,-0.5679860467345113,0.10405827263267431,0.8036030103302785,2048,1920,128
modular,transformer_publication_20260622T101458Z_modular_seed107,107,standard,2048,2,marginal_gain_soft,marginal_gain_soft,marginal_gain_soft,candidate,False,-0.5679860467345113,0.10405827263267431,0.8036030103302785,2048,1920,128
modular,transformer_publication_20260622T101458Z_modular_seed107,107,rslora,2048,2,uniform,uniform,uniform,cap_baseline,False,-1.7442602488550514,0.3829344432882414,0.46273715964830375,1152,1920,-768
modular,transformer_publication_20260622T101458Z_modular_seed107,107,rslora,2048,2,effective_rank,effective_rank,effective_rank,candidate,False,-2.4454490478527537,0.7211238293444329,0.24675867477508348,2048,1920,128
modular,transformer_publication_20260622T101458Z_modular_seed107,107,rslora,2048,2,soft_dimension,soft_dimension,soft_dimension,candidate,True,-2.500440931903212,0.7273673257023934,0.22982020711199583,2048,1920,128
modular,transformer_publication_20260622T101458Z_modular_seed107,107,rslora,2048,2,gradient_norm,gradient_norm,gradient_norm,candidate,False,-0.1534492542790824,0.044745057232049995,0.952734930319059,2048,1920,128
modular,transformer_publication_20260622T101458Z_modular_seed107,107,rslora,2048,2,marginal_gain_edge,marginal_gain_edge,marginal_gain_edge,candidate,False,-2.9130992246530063,0.8917793964620189,0.10271419377312287,2048,1920,128
modular,transformer_publication_20260622T101458Z_modular_seed107,107,rslora,2048,2,marginal_gain_soft,marginal_gain_soft,marginal_gain_soft,candidate,False,-2.9130992246530063,0.8917793964620189,0.10271419377312287,2048,1920,128
modular,transformer_publication_20260622T101458Z_modular_seed107,107,fixed_update_scale,3072,0,uniform,uniform,uniform,cap_baseline,False,-0.6285574345013106,0.27055150884495316,0.5438848639112249,2304,3072,-768
modular,transformer_publication_20260622T101458Z_modular_seed107,107,fixed_update_scale,3072,0,effective_rank,effective_rank,effective_rank,candidate,False,-1.0978024757925604,0.4526534859521333,0.2033753828049364,3072,3072,0
modular,transformer_publication_20260622T101458Z_modular_seed107,107,fixed_update_scale,3072,0,soft_dimension,soft_dimension,soft_dimension,candidate,True,-1.0978024757925604,0.4526534859521333,0.2033753828049364,3072,3072,0
modular,transformer_publication_20260622T101458Z_modular_seed107,107,fixed_update_scale,3072,0,gradient_norm,gradient_norm,gradient_norm,candidate,False,-1.0594518852035413,0.4443288241415193,0.23120463735742378,3072,3072,0
modular,transformer_publication_20260622T101458Z_modular_seed107,107,fixed_update_scale,3072,0,marginal_gain_edge,marginal_gain_edge,marginal_gain_edge,candidate,False,-1.1356068508899175,0.4568158168574402,0.17594249163889256,3072,3072,0
modular,transformer_publication_20260622T101458Z_modular_seed107,107,fixed_update_scale,3072,0,marginal_gain_soft,marginal_gain_soft,marginal_gain_soft,candidate,False,-1.119173054020313,0.4568158168574402,0.18786773996815923,3072,3072,0
modular,transformer_publication_20260622T101458Z_modular_seed107,107,standard,3072,0,uniform,uniform,uniform,cap_baseline,False,0.19200954880104104,-0.07908428720083249,1.312869438421862,2304,3072,-768
modular,transformer_publication_20260622T101458Z_modular_seed107,107,standard,3072,0,effective_rank,effective_rank,effective_rank,candidate,False,-0.22250715363286167,0.0978147762747138,0.6374363221170021,3072,3072,0
modular,transformer_publication_20260622T101458Z_modular_seed107,107,standard,3072,0,soft_dimension,soft_dimension,soft_dimension,candidate,True,-0.22250715363286167,0.0978147762747138,0.6374363221170021,3072,3072,0
modular,transformer_publication_20260622T101458Z_modular_seed107,107,standard,3072,0,gradient_norm,gradient_norm,gradient_norm,candidate,False,-0.2847555593260866,0.10197710718002073,0.5360058263239202,3072,3072,0
modular,transformer_publication_20260622T101458Z_modular_seed107,107,standard,3072,0,marginal_gain_edge,marginal_gain_edge,marginal_gain_edge,candidate,False,-0.2523849078383332,0.10613943808532778,0.5887520965774771,3072,3072,0
modular,transformer_publication_20260622T101458Z_modular_seed107,107,standard,3072,0,marginal_gain_soft,marginal_gain_soft,marginal_gain_soft,candidate,False,-0.3351096152701066,0.12695109261186255,0.45395654646340144,3072,3072,0
modular,transformer_publication_20260622T101458Z_modular_seed107,107,rslora,3072,0,uniform,uniform,uniform,cap_baseline,False,-0.017701071643432376,0.018730489073881418,0.9761161045495815,2304,3072,-768
modular,transformer_publication_20260622T101458Z_modular_seed107,107,rslora,3072,0,effective_rank,effective_rank,effective_rank,candidate,False,-0.44574092082004774,0.17169614984391257,0.39856581763571985,3072,3072,0
modular,transformer_publication_20260622T101458Z_modular_seed107,107,rslora,3072,0,soft_dimension,soft_dimension,soft_dimension,candidate,True,-0.44574092082004774,0.17169614984391257,0.39856581763571985,3072,3072,0
modular,transformer_publication_20260622T101458Z_modular_seed107,107,rslora,3072,0,gradient_norm,gradient_norm,gradient_norm,candidate,False,-0.41447322025631517,0.15816857440166499,0.44075504246247,3072,3072,0
modular,transformer_publication_20260622T101458Z_modular_seed107,107,rslora,3072,0,marginal_gain_edge,marginal_gain_edge,marginal_gain_edge,candidate,False,-0.45967397217820016,0.17481789802289283,0.3797660777868111,3072,3072,0
modular,transformer_publication_20260622T101458Z_modular_seed107,107,rslora,3072,0,marginal_gain_soft,marginal_gain_soft,marginal_gain_soft,candidate,False,-0.46955573354129615,0.1768990634755464,0.36643270679004786,3072,3072,0
modular,transformer_publication_20260622T101458Z_modular_seed107,107,fixed_update_scale,3072,1,uniform,uniform,uniform,cap_baseline,False,-1.6061828374614577,0.5026014568158169,0.3488742202246006,2304,3072,-768
modular,transformer_publication_20260622T101458Z_modular_seed107,107,fixed_update_scale,3072,1,effective_rank,effective_rank,effective_rank,candidate,False,-2.1954840885302778,0.7398543184183144,0.10997910338270406,3072,3072,0
modular,transformer_publication_20260622T101458Z_modular_seed107,107,fixed_update_scale,3072,1,soft_dimension,soft_dimension,soft_dimension,candidate,True,-2.1954840885302778,0.7398543184183144,0.10997910338270406,3072,3072,0
modular,transformer_publication_20260622T101458Z_modular_seed107,107,fixed_update_scale,3072,1,gradient_norm,gradient_norm,gradient_norm,candidate,False,-2.1339952379123974,0.72528616024974,0.134905889345215,3072,3072,0
modular,transformer_publication_20260622T101458Z_modular_seed107,107,fixed_update_scale,3072,1,marginal_gain_edge,marginal_gain_edge,marginal_gain_edge,candidate,False,-2.2529468453885615,0.7502601456815816,0.08668444383664098,3072,3072,0
modular,transformer_publication_20260622T101458Z_modular_seed107,107,fixed_update_scale,3072,1,marginal_gain_soft,marginal_gain_soft,marginal_gain_soft,candidate,False,-2.242181858135064,0.7460978147762748,0.09104843064824464,3072,3072,0
modular,transformer_publication_20260622T101458Z_modular_seed107,107,standard,3072,1,uniform,uniform,uniform,cap_baseline,False,0.9231702386402563,-0.3558792924037461,2.1750460247506513,2304,3072,-768
modular,transformer_publication_20260622T101458Z_modular_seed107,107,standard,3072,1,effective_rank,effective_rank,effective_rank,candidate,False,2.3935756496658684,-0.7127991675338189,4.046633691552358,3072,3072,0
modular,transformer_publication_20260622T101458Z_modular_seed107,107,standard,3072,1,soft_dimension,soft_dimension,soft_dimension,candidate,True,2.3935756496658684,-0.7127991675338189,4.046633691552358,3072,3072,0
modular,transformer_publication_20260622T101458Z_modular_seed107,107,standard,3072,1,gradient_norm,gradient_norm,gradient_norm,candidate,False,-0.35286273287064585,0.14672216441207098,0.5508629565950754,3072,3072,0
modular,transformer_publication_20260622T101458Z_modular_seed107,107,standard,3072,1,marginal_gain_edge,marginal_gain_edge,marginal_gain_edge,candidate,False,0.04873335870073936,-0.054110301768990565,1.0620296636711293,3072,3072,0
modular,transformer_publication_20260622T101458Z_modular_seed107,107,standard,3072,1,marginal_gain_soft,marginal_gain_soft,marginal_gain_soft,candidate,False,-0.38681534053631805,0.16441207075962538,0.5076467923410918,3072,3072,0
modular,transformer_publication_20260622T101458Z_modular_seed107,107,rslora,3072,1,uniform,uniform,uniform,cap_baseline,False,-1.9848561258395432,0.5920915712799169,0.287753606737528,2304,3072,-768
modular,transformer_publication_20260622T101458Z_modular_seed107,107,rslora,3072,1,effective_rank,effective_rank,effective_rank,candidate,False,-2.488870511659102,0.8033298647242455,0.10689292682273531,3072,3072,0
modular,transformer_publication_20260622T101458Z_modular_seed107,107,rslora,3072,1,soft_dimension,soft_dimension,soft_dimension,candidate,True,-2.488870511659102,0.8033298647242455,0.10689292682273531,3072,3072,0
modular,transformer_publication_20260622T101458Z_modular_seed107,107,rslora,3072,1,gradient_norm,gradient_norm,gradient_norm,candidate,False,-2.390285956934017,0.7596253902185224,0.1422690392876269,3072,3072,0
modular,transformer_publication_20260622T101458Z_modular_seed107,107,rslora,3072,1,marginal_gain_edge,marginal_gain_edge,marginal_gain_edge,candidate,False,-2.4810894019397813,0.7929240374609783,0.10968510266914422,3072,3072,0
modular,transformer_publication_20260622T101458Z_modular_seed107,107,rslora,3072,1,marginal_gain_soft,marginal_gain_soft,marginal_gain_soft,candidate,False,-2.516444094471331,0.8022892819979188,0.09699841373855535,3072,3072,0
modular,transformer_publication_20260622T101458Z_modular_seed107,107,fixed_update_scale,3072,2,uniform,uniform,uniform,cap_baseline,False,-1.2880361327023462,0.4765868886576483,0.38273913270243465,2304,3072,-768
modular,transformer_publication_20260622T101458Z_modular_seed107,107,fixed_update_scale,3072,2,effective_rank,effective_rank,effective_rank,candidate,False,-1.8228820353343262,0.6826222684703435,0.12642687767545746,3072,3072,0
modular,transformer_publication_20260622T101458Z_modular_seed107,107,fixed_update_scale,3072,2,soft_dimension,soft_dimension,soft_dimension,candidate,True,-1.8228820353343262,0.6826222684703435,0.12642687767545746,3072,3072,0
modular,transformer_publication_20260622T101458Z_modular_seed107,107,fixed_update_scale,3072,2,gradient_norm,gradient_norm,gradient_norm,candidate,False,-1.7999684411826913,0.6711758584807493,0.1374076759930238,3072,3072,0
modular,transformer_publication_20260622T101458Z_modular_seed107,107,fixed_update_scale,3072,2,marginal_gain_edge,marginal_gain_edge,marginal_gain_edge,candidate,False,-1.8336164988538601,0.6878251821019773,0.12128263979748728,3072,3072,0
modular,transformer_publication_20260622T101458Z_modular_seed107,107,fixed_update_scale,3072,2,marginal_gain_soft,marginal_gain_soft,marginal_gain_soft,candidate,False,-1.834024861594517,0.6826222684703435,0.1210869416077627,3072,3072,0
modular,transformer_publication_20260622T101458Z_modular_seed107,107,standard,3072,2,uniform,uniform,uniform,cap_baseline,False,1.4470376892094805,-0.5525494276795005,3.0625622758284594,2304,3072,-768
modular,transformer_publication_20260622T101458Z_modular_seed107,107,standard,3072,2,effective_rank,effective_rank,effective_rank,candidate,False,-0.11565765412863538,0.08532778355879289,0.835145196220245,3072,3072,0
modular,transformer_publication_20260622T101458Z_modular_seed107,107,standard,3072,2,soft_dimension,soft_dimension,soft_dimension,candidate,True,-0.11565765412863538,0.08532778355879289,0.835145196220245,3072,3072,0
modular,transformer_publication_20260622T101458Z_modular_seed107,107,standard,3072,2,gradient_norm,gradient_norm,gradient_norm,candidate,False,-0.32973473420624433,0.1560874089490113,0.5300064200983856,3072,3072,0
modular,transformer_publication_20260622T101458Z_modular_seed107,107,standard,3072,2,marginal_gain_edge,marginal_gain_edge,marginal_gain_edge,candidate,False,-0.23000144003333212,0.12799167533818934,0.6721631391245008,3072,3072,0
modular,transformer_publication_20260622T101458Z_modular_seed107,107,standard,3072,2,marginal_gain_soft,marginal_gain_soft,marginal_gain_soft,candidate,False,-0.42873318637571034,0.1893860561914673,0.3888971218867417,3072,3072,0
modular,transformer_publication_20260622T101458Z_modular_seed107,107,rslora,3072,2,uniform,uniform,uniform,cap_baseline,False,-0.789345214877987,0.31737773152965654,0.4882059069414888,2304,3072,-768
modular,transformer_publication_20260622T101458Z_modular_seed107,107,rslora,3072,2,effective_rank,effective_rank,effective_rank,candidate,False,-1.2437235116338383,0.5026014568158168,0.1935970033712327,3072,3072,0
modular,transformer_publication_20260622T101458Z_modular_seed107,107,rslora,3072,2,soft_dimension,soft_dimension,soft_dimension,candidate,True,-1.2437235116338383,0.5026014568158168,0.1935970033712327,3072,3072,0
modular,transformer_publication_20260622T101458Z_modular_seed107,107,rslora,3072,2,gradient_norm,gradient_norm,gradient_norm,candidate,False,-1.2067147481888068,0.4911550468262226,0.2175926723960898,3072,3072,0
modular,transformer_publication_20260622T101458Z_modular_seed107,107,rslora,3072,2,marginal_gain_edge,marginal_gain_edge,marginal_gain_edge,candidate,False,-1.2833716599861864,0.5171696149843914,0.16789001516762916,3072,3072,0
modular,transformer_publication_20260622T101458Z_modular_seed107,107,rslora,3072,2,marginal_gain_soft,marginal_gain_soft,marginal_gain_soft,candidate,False,-1.3016068822201283,0.5119667013527576,0.1560666977533552,3072,3072,0
modular,transformer_publication_20260622T101458Z_modular_seed107,107,fixed_update_scale,4096,0,uniform,uniform,uniform,cap_baseline,False,-0.32221209792019057,0.15920915712799166,0.6792254088467942,2304,3840,-1536
modular,transformer_publication_20260622T101458Z_modular_seed107,107,fixed_update_scale,4096,0,effective_rank,effective_rank,effective_rank,candidate,False,-0.7036143157720318,0.27887617065556713,0.29952476667334593,4096,3840,256
modular,transformer_publication_20260622T101458Z_modular_seed107,107,fixed_update_scale,4096,0,soft_dimension,soft_dimension,soft_dimension,candidate,True,-0.7615083991923021,0.29136316337148815,0.2418889700685684,4096,3840,256
modular,transformer_publication_20260622T101458Z_modular_seed107,107,fixed_update_scale,4096,0,gradient_norm,gradient_norm,gradient_norm,candidate,False,0.28132146522480284,-0.085327783558793,1.2800663866210849,4096,3840,256
modular,transformer_publication_20260622T101458Z_modular_seed107,107,fixed_update_scale,4096,0,marginal_gain_edge,marginal_gain_edge,marginal_gain_edge,candidate,False,-0.5638785545213166,0.23621227887617058,0.43863711525990534,4096,3840,256
modular,transformer_publication_20260622T101458Z_modular_seed107,107,fixed_update_scale,4096,0,marginal_gain_soft,marginal_gain_soft,marginal_gain_soft,candidate,False,0.28132146522480284,-0.085327783558793,1.2800663866210849,4096,3840,256
modular,transformer_publication_20260622T101458Z_modular_seed107,107,standard,4096,0,uniform,uniform,uniform,cap_baseline,False,0.34072028889740413,-0.14568158168574397,1.5801285496839579,2304,3840,-1536
modular,transformer_publication_20260622T101458Z_modular_seed107,107,standard,4096,0,effective_rank,effective_rank,effective_rank,candidate,False,-0.16536952162880558,0.08428720083246621,0.7184330259436458,4096,3840,256
modular,transformer_publication_20260622T101458Z_modular_seed107,107,standard,4096,0,soft_dimension,soft_dimension,soft_dimension,candidate,True,-0.28426808661526376,0.12695109261186255,0.5159899830350164,4096,3840,256
modular,transformer_publication_20260622T101458Z_modular_seed107,107,standard,4096,0,gradient_norm,gradient_norm,gradient_norm,candidate,False,-0.32771315829562847,0.13839750260145678,0.442018085128946,4096,3840,256
modular,transformer_publication_20260622T101458Z_modular_seed107,107,standard,4096,0,marginal_gain_edge,marginal_gain_edge,marginal_gain_edge,candidate,False,-0.07852065699653743,0.04474505723204991,0.8663065383894729,4096,3840,256
modular,transformer_publication_20260622T101458Z_modular_seed107,107,standard,4096,0,marginal_gain_soft,marginal_gain_soft,marginal_gain_soft,candidate,False,-0.32771315829562847,0.13839750260145678,0.442018085128946,4096,3840,256
modular,transformer_publication_20260622T101458Z_modular_seed107,107,rslora,4096,0,uniform,uniform,uniform,cap_baseline,False,0.35902361898963087,-0.16545265348595217,1.7732117033390304,2304,3840,-1536
modular,transformer_publication_20260622T101458Z_modular_seed107,107,rslora,4096,0,effective_rank,effective_rank,effective_rank,candidate,False,-0.16251936601426425,0.060353798126950964,0.6499899472488524,4096,3840,256
modular,transformer_publication_20260622T101458Z_modular_seed107,107,rslora,4096,0,soft_dimension,soft_dimension,soft_dimension,candidate,True,-0.2288416409002507,0.08116545265348596,0.5071548901062913,4096,3840,256
modular,transformer_publication_20260622T101458Z_modular_seed107,107,rslora,4096,0,gradient_norm,gradient_norm,gradient_norm,candidate,False,-0.12964552243964117,0.0385015608740894,0.7207887449913745,4096,3840,256
modular,transformer_publication_20260622T101458Z_modular_seed107,107,rslora,4096,0,marginal_gain_edge,marginal_gain_edge,marginal_gain_edge,candidate,False,-0.033194919468584994,0.03537981269510937,0.9285097167235455,4096,3840,256
modular,transformer_publication_20260622T101458Z_modular_seed107,107,rslora,4096,0,marginal_gain_soft,marginal_gain_soft,marginal_gain_soft,candidate,False,-0.12964552243964117,0.0385015608740894,0.7207887449913745,4096,3840,256
modular,transformer_publication_20260622T101458Z_modular_seed107,107,fixed_update_scale,4096,1,uniform,uniform,uniform,cap_baseline,False,0.05445640075963443,0.002081165452653466,1.0762462064008325,2304,3840,-1536
modular,transformer_publication_20260622T101458Z_modular_seed107,107,fixed_update_scale,4096,1,effective_rank,effective_rank,effective_rank,candidate,False,-0.48250521445001454,0.20291363163371479,0.3244285032200736,4096,3840,256
modular,transformer_publication_20260622T101458Z_modular_seed107,107,fixed_update_scale,4096,1,soft_dimension,soft_dimension,soft_dimension,candidate,True,-0.48174837620833916,0.20291363163371479,0.32548817745454117,4096,3840,256
modular,transformer_publication_20260622T101458Z_modular_seed107,107,fixed_update_scale,4096,1,gradient_norm,gradient_norm,gradient_norm,candidate,False,-0.5080458447414681,0.20291363163371479,0.28866822267187764,4096,3840,256
modular,transformer_publication_20260622T101458Z_modular_seed107,107,fixed_update_scale,4096,1,marginal_gain_edge,marginal_gain_edge,marginal_gain_edge,candidate,False,-0.5086085639901763,0.21227887617065544,0.2878803408547868,4096,3840,256
modular,transformer_publication_20260622T101458Z_modular_seed107,107,fixed_update_scale,4096,1,marginal_gain_soft,marginal_gain_soft,marginal_gain_soft,candidate,False,-0.5080458447414681,0.20291363163371479,0.28866822267187764,4096,3840,256
modular,transformer_publication_20260622T101458Z_modular_seed107,107,standard,4096,1,uniform,uniform,uniform,cap_baseline,False,0.3972610637126927,-0.149843912591051,1.8258261624983632,2304,3840,-1536
modular,transformer_publication_20260622T101458Z_modular_seed107,107,standard,4096,1,effective_rank,effective_rank,effective_rank,candidate,False,-0.2003168428043421,0.08740894901144625,0.583581416132597,4096,3840,256
modular,transformer_publication_20260622T101458Z_modular_seed107,107,standard,4096,1,soft_dimension,soft_dimension,soft_dimension,candidate,True,-0.24433936881101087,0.09365244536940687,0.4920674042236315,4096,3840,256
modular,transformer_publication_20260622T101458Z_modular_seed107,107,standard,4096,1,gradient_norm,gradient_norm,gradient_norm,candidate,False,-0.26805812605772006,0.09573361082206033,0.44276085982378505,4096,3840,256
modular,transformer_publication_20260622T101458Z_modular_seed107,107,standard,4096,1,marginal_gain_edge,marginal_gain_edge,marginal_gain_edge,candidate,False,-0.24826292702918487,0.08949011446409993,0.4839111127502821,4096,3840,256
modular,transformer_publication_20260622T101458Z_modular_seed107,107,standard,4096,1,marginal_gain_soft,marginal_gain_soft,marginal_gain_soft,candidate,False,-0.26805812605772006,0.09573361082206033,0.44276085982378505,4096,3840,256
modular,transformer_publication_20260622T101458Z_modular_seed107,107,rslora,4096,1,uniform,uniform,uniform,cap_baseline,False,0.24281663012678245,-0.08220603537981264,1.4384790348073144,2304,3840,-1536
modular,transformer_publication_20260622T101458Z_modular_seed107,107,rslora,4096,1,effective_rank,effective_rank,effective_rank,candidate,False,-0.3056783402623545,0.12799167533818956,0.44800509120913273,4096,3840,256
modular,transformer_publication_20260622T101458Z_modular_seed107,107,rslora,4096,1,soft_dimension,soft_dimension,soft_dimension,candidate,True,-0.29945987348253844,0.12799167533818956,0.4592344180891385,4096,3840,256
modular,transformer_publication_20260622T101458Z_modular_seed107,107,rslora,4096,1,gradient_norm,gradient_norm,gradient_norm,candidate,False,-0.3449024790810745,0.13527575442247675,0.3771740178950837,4096,3840,256
modular,transformer_publication_20260622T101458Z_modular_seed107,107,rslora,4096,1,marginal_gain_edge,marginal_gain_edge,marginal_gain_edge,candidate,False,-0.306504618799029,0.1238293444328823,0.4465129948273739,4096,3840,256
modular,transformer_publication_20260622T101458Z_modular_seed107,107,rslora,4096,1,marginal_gain_soft,marginal_gain_soft,marginal_gain_soft,candidate,False,-0.3449024790810745,0.13527575442247675,0.3771740178950837,4096,3840,256
modular,transformer_publication_20260622T101458Z_modular_seed107,107,fixed_update_scale,4096,2,uniform,uniform,uniform,cap_baseline,False,-2.484905829724858,0.7419354838709677,0.214736766187642,2304,3840,-1536
modular,transformer_publication_20260622T101458Z_modular_seed107,107,fixed_update_scale,4096,2,effective_rank,effective_rank,effective_rank,candidate,False,-2.8847139197383287,0.8834547346514047,0.08839210156786334,4096,3840,256
modular,transformer_publication_20260622T101458Z_modular_seed107,107,fixed_update_scale,4096,2,soft_dimension,soft_dimension,soft_dimension,candidate,True,-2.9129836732186334,0.9042663891779397,0.07945848413597845,4096,3840,256
modular,transformer_publication_20260622T101458Z_modular_seed107,107,fixed_update_scale,4096,2,gradient_norm,gradient_norm,gradient_norm,candidate,False,-2.910022698195494,0.8928199791883455,0.0803941915555895,4096,3840,256
modular,transformer_publication_20260622T101458Z_modular_seed107,107,fixed_update_scale,4096,2,marginal_gain_edge,marginal_gain_edge,marginal_gain_edge,candidate,False,-2.9412585398440054,0.9084287200832467,0.0705232508823661,4096,3840,256
modular,transformer_publication_20260622T101458Z_modular_seed107,107,fixed_update_scale,4096,2,marginal_gain_soft,marginal_gain_soft,marginal_gain_soft,candidate,False,-2.910022698195494,0.8928199791883455,0.0803941915555895,4096,3840,256
modular,transformer_publication_20260622T101458Z_modular_seed107,107,standard,4096,2,uniform,uniform,uniform,cap_baseline,False,-1.5999461140766602,0.45369406867845996,0.4327449818355621,2304,3840,-1536
modular,transformer_publication_20260622T101458Z_modular_seed107,107,standard,4096,2,effective_rank,effective_rank,effective_rank,candidate,False,-2.3474294288969686,0.7523413111342353,0.1677275180625965,4096,3840,256
modular,transformer_publication_20260622T101458Z_modular_seed107,107,standard,4096,2,soft_dimension,soft_dimension,soft_dimension,candidate,True,-2.5019441476163458,0.7877211238293444,0.11294489207121036,4096,3840,256
modular,transformer_publication_20260622T101458Z_modular_seed107,107,standard,4096,2,gradient_norm,gradient_norm,gradient_norm,candidate,False,-2.440420543334983,0.7804370447450573,0.13475785999376252,4096,3840,256
modular,transformer_publication_20260622T101458Z_modular_seed107,107,standard,4096,2,marginal_gain_edge,marginal_gain_edge,marginal_gain_edge,candidate,False,-2.434168316168046,0.7845993756503641,0.13697456417145032,4096,3840,256
modular,transformer_publication_20260622T101458Z_modular_seed107,107,standard,4096,2,marginal_gain_soft,marginal_gain_soft,marginal_gain_soft,candidate,False,-2.440420543334983,0.7804370447450573,0.13475785999376252,4096,3840,256
modular,transformer_publication_20260622T101458Z_modular_seed107,107,rslora,4096,2,uniform,uniform,uniform,cap_baseline,False,-2.544582317076414,0.7034339229968783,0.24006849148514994,2304,3840,-1536
modular,transformer_publication_20260622T101458Z_modular_seed107,107,rslora,4096,2,effective_rank,effective_rank,effective_rank,candidate,False,-3.0282675279973077,0.8959417273673257,0.0956174240094657,4096,3840,256
modular,transformer_publication_20260622T101458Z_modular_seed107,107,rslora,4096,2,soft_dimension,soft_dimension,soft_dimension,candidate,True,-3.109111611974599,0.9167533818938607,0.07147359251339885,4096,3840,256
modular,transformer_publication_20260622T101458Z_modular_seed107,107,rslora,4096,2,gradient_norm,gradient_norm,gradient_norm,candidate,False,-2.8645332119467355,0.8449531737773154,0.1445161626971251,4096,3840,256
modular,transformer_publication_20260622T101458Z_modular_seed107,107,rslora,4096,2,marginal_gain_edge,marginal_gain_edge,marginal_gain_edge,candidate,False,-3.1173406539951976,0.9209157127991677,0.0690160149870682,4096,3840,256
modular,transformer_publication_20260622T101458Z_modular_seed107,107,rslora,4096,2,marginal_gain_soft,marginal_gain_soft,marginal_gain_soft,candidate,False,-2.8645332119467355,0.8449531737773154,0.1445161626971251,4096,3840,256
modular,transformer_publication_20260622T101458Z_modular_seed109,109,fixed_update_scale,512,0,uniform,uniform,uniform,cap_baseline,False,8.90154240828523,-0.2996878251821019,4.769298308137569,0,512,-512
modular,transformer_publication_20260622T101458Z_modular_seed109,109,fixed_update_scale,512,0,effective_rank,effective_rank,effective_rank,candidate,False,-0.4646826110446858,0.1446409989594173,0.8032332713484098,512,512,0
modular,transformer_publication_20260622T101458Z_modular_seed109,109,fixed_update_scale,512,0,soft_dimension,soft_dimension,soft_dimension,candidate,True,-0.4646826110446858,0.1446409989594173,0.8032332713484098,512,512,0
modular,transformer_publication_20260622T101458Z_modular_seed109,109,fixed_update_scale,512,0,gradient_norm,gradient_norm,gradient_norm,candidate,False,-0.17618349737232775,0.04994797086368369,0.9253962821152022,512,512,0
modular,transformer_publication_20260622T101458Z_modular_seed109,109,fixed_update_scale,512,0,marginal_gain_edge,marginal_gain_edge,marginal_gain_edge,candidate,False,-0.2539964436740454,0.0718002081165453,0.8924469129616867,448,512,-64
modular,transformer_publication_20260622T101458Z_modular_seed109,109,fixed_update_scale,512,0,marginal_gain_soft,marginal_gain_soft,marginal_gain_soft,candidate,False,-0.2539964436740454,0.0718002081165453,0.8924469129616867,448,512,-64
modular,transformer_publication_20260622T101458Z_modular_seed109,109,standard,512,0,uniform,uniform,uniform,cap_baseline,False,8.937530990941962,-0.3215400624349636,4.843102951938598,0,512,-512
modular,transformer_publication_20260622T101458Z_modular_seed109,109,standard,512,0,effective_rank,effective_rank,effective_rank,candidate,False,-0.39786679315517404,0.1144640998959417,0.8289188536741688,512,512,0
modular,transformer_publication_20260622T101458Z_modular_seed109,109,standard,512,0,soft_dimension,soft_dimension,soft_dimension,candidate,True,-0.39786679315517404,0.1144640998959417,0.8289188536741688,512,512,0
modular,transformer_publication_20260622T101458Z_modular_seed109,109,standard,512,0,gradient_norm,gradient_norm,gradient_norm,candidate,False,-0.18852251154078914,0.0457856399583767,0.9189360661973015,512,512,0
modular,transformer_publication_20260622T101458Z_modular_seed109,109,standard,512,0,marginal_gain_edge,marginal_gain_edge,marginal_gain_edge,candidate,False,-0.11815153001870637,0.022892819979188295,0.9491953097280286,448,512,-64
modular,transformer_publication_20260622T101458Z_modular_seed109,109,standard,512,0,marginal_gain_soft,marginal_gain_soft,marginal_gain_soft,candidate,False,-0.11815153001870637,0.022892819979188295,0.9491953097280286,448,512,-64
modular,transformer_publication_20260622T101458Z_modular_seed109,109,rslora,512,0,uniform,uniform,uniform,cap_baseline,False,8.869605932225793,-0.2892819979188345,4.7056622904505545,0,512,-512
modular,transformer_publication_20260622T101458Z_modular_seed109,109,rslora,512,0,effective_rank,effective_rank,effective_rank,candidate,False,-0.5692395042554397,0.17273673257023936,0.7621755260298467,512,512,0
modular,transformer_publication_20260622T101458Z_modular_seed109,109,rslora,512,0,soft_dimension,soft_dimension,soft_dimension,candidate,True,-0.5692395042554397,0.17273673257023936,0.7621755260298467,512,512,0
modular,transformer_publication_20260622T101458Z_modular_seed109,109,rslora,512,0,gradient_norm,gradient_norm,gradient_norm,candidate,False,-0.3111103866152405,0.09781477627471385,0.8700201523430837,512,512,0
modular,transformer_publication_20260622T101458Z_modular_seed109,109,rslora,512,0,marginal_gain_edge,marginal_gain_edge,marginal_gain_edge,candidate,False,-0.20229908678211617,0.07075962539021857,0.9154807887735605,448,512,-64
modular,transformer_publication_20260622T101458Z_modular_seed109,109,rslora,512,0,marginal_gain_soft,marginal_gain_soft,marginal_gain_soft,candidate,False,-0.20229908678211617,0.07075962539021857,0.9154807887735605,448,512,-64
modular,transformer_publication_20260622T101458Z_modular_seed109,109,fixed_update_scale,512,1,uniform,uniform,uniform,cap_baseline,False,8.980001956689618,-0.3069719042663891,4.933194665599545,0,512,-512
modular,transformer_publication_20260622T101458Z_modular_seed109,109,fixed_update_scale,512,1,effective_rank,effective_rank,effective_rank,candidate,False,-0.5757951585112702,0.1800208116545266,0.7478046823533839,512,512,0
modular,transformer_publication_20260622T101458Z_modular_seed109,109,fixed_update_scale,512,1,soft_dimension,soft_dimension,soft_dimension,candidate,True,-0.5757951585112702,0.1800208116545266,0.7478046823533839,512,512,0
modular,transformer_publication_20260622T101458Z_modular_seed109,109,fixed_update_scale,512,1,gradient_norm,gradient_norm,gradient_norm,candidate,False,0.06271792971504819,0.023933402705515194,1.0274701306060308,512,512,0
modular,transformer_publication_20260622T101458Z_modular_seed109,109,fixed_update_scale,512,1,marginal_gain_edge,marginal_gain_edge,marginal_gain_edge,candidate,False,-0.17494422290377232,0.0593132154006244,0.9233753302481204,448,512,-64
modular,transformer_publication_20260622T101458Z_modular_seed109,109,fixed_update_scale,512,1,marginal_gain_soft,marginal_gain_soft,marginal_gain_soft,candidate,False,-0.17494422290377232,0.0593132154006244,0.9233753302481204,448,512,-64
modular,transformer_publication_20260622T101458Z_modular_seed109,109,standard,512,1,uniform,uniform,uniform,cap_baseline,False,8.942980497610307,-0.3028095733610822,4.854478287306506,0,512,-512
modular,transformer_publication_20260622T101458Z_modular_seed109,109,standard,512,1,effective_rank,effective_rank,effective_rank,candidate,False,-0.5888945906268941,0.1727367325702393,0.7461828957705811,512,512,0
modular,transformer_publication_20260622T101458Z_modular_seed109,109,standard,512,1,soft_dimension,soft_dimension,soft_dimension,candidate,True,-0.5888945906268941,0.1727367325702393,0.7461828957705811,512,512,0
modular,transformer_publication_20260622T101458Z_modular_seed109,109,standard,512,1,gradient_norm,gradient_norm,gradient_norm,candidate,False,-0.12123617346899573,0.062434963579604486,0.9477464813439727,512,512,0
modular,transformer_publication_20260622T101458Z_modular_seed109,109,standard,512,1,marginal_gain_edge,marginal_gain_edge,marginal_gain_edge,candidate,False,-0.2743701396449918,0.06971904266389178,0.8817448225197999,448,512,-64
modular,transformer_publication_20260622T101458Z_modular_seed109,109,standard,512,1,marginal_gain_soft,marginal_gain_soft,marginal_gain_soft,candidate,False,-0.2743701396449918,0.06971904266389178,0.8817448225197999,448,512,-64
modular,transformer_publication_20260622T101458Z_modular_seed109,109,rslora,512,1,uniform,uniform,uniform,cap_baseline,False,9.023805861170407,-0.3152965660770031,5.029693791481437,0,512,-512
modular,transformer_publication_20260622T101458Z_modular_seed109,109,rslora,512,1,effective_rank,effective_rank,effective_rank,candidate,False,-0.3886348910932118,0.1144640998959417,0.8264502104893183,512,512,0
modular,transformer_publication_20260622T101458Z_modular_seed109,109,rslora,512,1,soft_dimension,soft_dimension,soft_dimension,candidate,True,-0.3886348910932118,0.1144640998959417,0.8264502104893183,512,512,0
modular,transformer_publication_20260622T101458Z_modular_seed109,109,rslora,512,1,gradient_norm,gradient_norm,gradient_norm,candidate,False,0.08923451064404553,-0.030176899063475537,1.0398487909713912,512,512,0
modular,transformer_publication_20260622T101458Z_modular_seed109,109,rslora,512,1,marginal_gain_edge,marginal_gain_edge,marginal_gain_edge,candidate,False,-0.1064764468404431,0.07075962539021846,0.9524516059661454,448,512,-64
modular,transformer_publication_20260622T101458Z_modular_seed109,109,rslora,512,1,marginal_gain_soft,marginal_gain_soft,marginal_gain_soft,candidate,False,-0.1064764468404431,0.07075962539021846,0.9524516059661454,448,512,-64
modular,transformer_publication_20260622T101458Z_modular_seed109,109,fixed_update_scale,512,2,uniform,uniform,uniform,cap_baseline,False,9.436085549527226,-0.4349635796045785,6.164661407735151,0,512,-512
modular,transformer_publication_20260622T101458Z_modular_seed109,109,fixed_update_scale,512,2,effective_rank,effective_rank,effective_rank,candidate,False,0.10978379222282397,-0.03642039542143599,1.0600880642626689,512,512,0
modular,transformer_publication_20260622T101458Z_modular_seed109,109,fixed_update_scale,512,2,soft_dimension,soft_dimension,soft_dimension,candidate,True,0.10978379222282397,-0.03642039542143599,1.0600880642626689,512,512,0
modular,transformer_publication_20260622T101458Z_modular_seed109,109,fixed_update_scale,512,2,gradient_norm,gradient_norm,gradient_norm,candidate,False,0.17346646770850405,-0.04162330905306971,1.0949435617775989,512,512,0
modular,transformer_publication_20260622T101458Z_modular_seed109,109,fixed_update_scale,512,2,marginal_gain_edge,marginal_gain_edge,marginal_gain_edge,candidate,False,0.37474403607113405,-0.11862643080124868,1.2051089989293777,448,512,-64
modular,transformer_publication_20260622T101458Z_modular_seed109,109,fixed_update_scale,512,2,marginal_gain_soft,marginal_gain_soft,marginal_gain_soft,candidate,False,0.37474403607113405,-0.11862643080124868,1.2051089989293777,448,512,-64
modular,transformer_publication_20260622T101458Z_modular_seed109,109,standard,512,2,uniform,uniform,uniform,cap_baseline,False,9.352982415493022,-0.4183142559833507,5.896461363768778,0,512,-512
modular,transformer_publication_20260622T101458Z_modular_seed109,109,standard,512,2,effective_rank,effective_rank,effective_rank,candidate,False,0.14296760060412583,-0.054110301768990676,1.074846214985846,512,512,0
modular,transformer_publication_20260622T101458Z_modular_seed109,109,standard,512,2,soft_dimension,soft_dimension,soft_dimension,candidate,True,0.14296760060412583,-0.054110301768990676,1.074846214985846,512,512,0
modular,transformer_publication_20260622T101458Z_modular_seed109,109,standard,512,2,gradient_norm,gradient_norm,gradient_norm,candidate,False,0.08087679957748084,-0.034339229968782525,1.0423405184318986,512,512,0
modular,transformer_publication_20260622T101458Z_modular_seed109,109,standard,512,2,marginal_gain_edge,marginal_gain_edge,marginal_gain_edge,candidate,False,0.3596630784897099,-0.1019771071800209,1.1882903537679934,448,512,-64
modular,transformer_publication_20260622T101458Z_modular_seed109,109,standard,512,2,marginal_gain_soft,marginal_gain_soft,marginal_gain_soft,candidate,False,0.3596630784897099,-0.1019771071800209,1.1882903537679934,448,512,-64
modular,transformer_publication_20260622T101458Z_modular_seed109,109,rslora,512,2,uniform,uniform,uniform,cap_baseline,False,9.459784729299635,-0.441207075962539,6.245675905668644,0,512,-512
modular,transformer_publication_20260622T101458Z_modular_seed109,109,rslora,512,2,effective_rank,effective_rank,effective_rank,candidate,False,0.18514249699420904,-0.0426638917793965,1.1026659235267562,512,512,0
modular,transformer_publication_20260622T101458Z_modular_seed109,109,rslora,512,2,soft_dimension,soft_dimension,soft_dimension,candidate,True,0.18514249699420904,-0.0426638917793965,1.1026659235267562,512,512,0
modular,transformer_publication_20260622T101458Z_modular_seed109,109,rslora,512,2,gradient_norm,gradient_norm,gradient_norm,candidate,False,0.07468741642200771,-0.016649323621227896,1.0414159509960195,512,512,0
modular,transformer_publication_20260622T101458Z_modular_seed109,109,rslora,512,2,marginal_gain_edge,marginal_gain_edge,marginal_gain_edge,candidate,False,0.2915471361777531,-0.0915712799167534,1.1616698298511454,448,512,-64
modular,transformer_publication_20260622T101458Z_modular_seed109,109,rslora,512,2,marginal_gain_soft,marginal_gain_soft,marginal_gain_soft,candidate,False,0.2915471361777531,-0.0915712799167534,1.1616698298511454,448,512,-64
modular,transformer_publication_20260622T101458Z_modular_seed109,109,fixed_update_scale,1024,0,uniform,uniform,uniform,cap_baseline,False,10.368562935666413,-0.7096774193548387,12.590544067874296,0,960,-960
modular,transformer_publication_20260622T101458Z_modular_seed109,109,fixed_update_scale,1024,0,effective_rank,effective_rank,effective_rank,candidate,False,0.22110432417410097,-0.054110301768990676,1.2471624494964566,1024,960,64
modular,transformer_publication_20260622T101458Z_modular_seed109,109,fixed_update_scale,1024,0,soft_dimension,soft_dimension,soft_dimension,candidate,True,0.26961714531703007,-0.06451612903225812,1.3013927217919379,1024,960,64
modular,transformer_publication_20260622T101458Z_modular_seed109,109,fixed_update_scale,1024,0,gradient_norm,gradient_norm,gradient_norm,candidate,False,-0.13504977938287843,0.08012486992715917,0.849034005097318,1024,960,64
modular,transformer_publication_20260622T101458Z_modular_seed109,109,fixed_update_scale,1024,0,marginal_gain_edge,marginal_gain_edge,marginal_gain_edge,candidate,False,-0.011241869115184433,0.013527575442247586,0.9874332267457616,1024,960,64
modular,transformer_publication_20260622T101458Z_modular_seed109,109,fixed_update_scale,1024,0,marginal_gain_soft,marginal_gain_soft,marginal_gain_soft,candidate,False,0.06550748067889578,0.002081165452653466,1.0732278278383585,1024,960,64
modular,transformer_publication_20260622T101458Z_modular_seed109,109,standard,1024,0,uniform,uniform,uniform,cap_baseline,False,10.132059958425197,-0.6628511966701353,9.957912078737216,0,960,-960
modular,transformer_publication_20260622T101458Z_modular_seed109,109,standard,1024,0,effective_rank,effective_rank,effective_rank,candidate,False,-0.2365527924588271,0.05202913631633721,0.7908599904144962,1024,960,64
modular,transformer_publication_20260622T101458Z_modular_seed109,109,standard,1024,0,soft_dimension,soft_dimension,soft_dimension,candidate,True,-0.13906674442132494,0.04058272632674298,0.8770489244325325,1024,960,64
modular,transformer_publication_20260622T101458Z_modular_seed109,109,standard,1024,0,gradient_norm,gradient_norm,gradient_norm,candidate,False,-0.33089469461609755,0.12070759625390215,0.7074508447586891,1024,960,64
modular,transformer_publication_20260622T101458Z_modular_seed109,109,standard,1024,0,marginal_gain_edge,marginal_gain_edge,marginal_gain_edge,candidate,False,-0.3753255263947797,0.10822060353798124,0.668168854098178,1024,960,64
modular,transformer_publication_20260622T101458Z_modular_seed109,109,standard,1024,0,marginal_gain_soft,marginal_gain_soft,marginal_gain_soft,candidate,False,-0.40722431916972235,0.1383975026014569,0.6399666343848821,1024,960,64
modular,transformer_publication_20260622T101458Z_modular_seed109,109,rslora,1024,0,uniform,uniform,uniform,cap_baseline,False,10.316408672392306,-0.7117585848074922,11.896941948028719,0,960,-960
modular,transformer_publication_20260622T101458Z_modular_seed109,109,rslora,1024,0,effective_rank,effective_rank,effective_rank,candidate,False,0.7826035365105667,-0.2663891779396462,1.8266428343905494,1024,960,64
modular,transformer_publication_20260622T101458Z_modular_seed109,109,rslora,1024,0,soft_dimension,soft_dimension,soft_dimension,candidate,True,0.17250188654841037,-0.04058272632674298,1.1822090519420616,1024,960,64
modular,transformer_publication_20260622T101458Z_modular_seed109,109,rslora,1024,0,gradient_norm,gradient_norm,gradient_norm,candidate,False,-0.30532732081835035,0.11342351716961496,0.677491053741557,1024,960,64
modular,transformer_publication_20260622T101458Z_modular_seed109,109,rslora,1024,0,marginal_gain_edge,marginal_gain_edge,marginal_gain_edge,candidate,False,-0.2452778021081058,0.08740894901144636,0.7409197274372511,1024,960,64
modular,transformer_publication_20260622T101458Z_modular_seed109,109,rslora,1024,0,marginal_gain_soft,marginal_gain_soft,marginal_gain_soft,candidate,False,0.018829049850725754,-0.012486992715920908,1.0198886133416734,1024,960,64
modular,transformer_publication_20260622T101458Z_modular_seed109,109,fixed_update_scale,1024,1,uniform,uniform,uniform,cap_baseline,False,10.180541893073844,-0.6867845993756504,10.403859293918376,0,960,-960
modular,transformer_publication_20260622T101458Z_modular_seed109,109,fixed_update_scale,1024,1,effective_rank,effective_rank,effective_rank,candidate,False,-0.34608827774780215,0.11446409989594175,0.6803151048934771,1024,960,64
modular,transformer_publication_20260622T101458Z_modular_seed109,109,fixed_update_scale,1024,1,soft_dimension,soft_dimension,soft_dimension,candidate,True,-0.5719485944689374,0.2018730489073881,0.471685872694119,1024,960,64
modular,transformer_publication_20260622T101458Z_modular_seed109,109,fixed_update_scale,1024,1,gradient_norm,gradient_norm,gradient_norm,candidate,False,-0.532659511784485,0.1758584807492195,0.5079775563031297,1024,960,64
modular,transformer_publication_20260622T101458Z_modular_seed109,109,fixed_update_scale,1024,1,marginal_gain_edge,marginal_gain_edge,marginal_gain_edge,candidate,False,-0.18095038423429044,0.026014568158168494,0.8328544815794717,1024,960,64
modular,transformer_publication_20260622T101458Z_modular_seed109,109,fixed_update_scale,1024,1,marginal_gain_soft,marginal_gain_soft,marginal_gain_soft,candidate,False,-0.15737895724924744,0.02289281997918835,0.8546276234271586,1024,960,64
modular,transformer_publication_20260622T101458Z_modular_seed109,109,standard,1024,1,uniform,uniform,uniform,cap_baseline,False,10.150361771638137,-0.6503642039542143,10.121690322143499,0,960,-960
modular,transformer_publication_20260622T101458Z_modular_seed109,109,standard,1024,1,effective_rank,effective_rank,effective_rank,candidate,False,-0.512220488006441,0.1966701352757544,0.5396896412788722,1024,960,64
modular,transformer_publication_20260622T101458Z_modular_seed109,109,standard,1024,1,soft_dimension,soft_dimension,soft_dimension,candidate,True,-0.5475610559118155,0.2091571279916753,0.5079306041633426,1024,960,64
modular,transformer_publication_20260622T101458Z_modular_seed109,109,standard,1024,1,gradient_norm,gradient_norm,gradient_norm,candidate,False,-0.2572931646060249,0.09053069719042661,0.7687817811481132,1024,960,64
modular,transformer_publication_20260622T101458Z_modular_seed109,109,standard,1024,1,marginal_gain_edge,marginal_gain_edge,marginal_gain_edge,candidate,False,-0.27104934221996113,0.08428720083246621,0.7564197003638263,1024,960,64
modular,transformer_publication_20260622T101458Z_modular_seed109,109,standard,1024,1,marginal_gain_soft,marginal_gain_soft,marginal_gain_soft,candidate,False,-0.2881590935491747,0.09885535900104059,0.7410439081876248,1024,960,64
modular,transformer_publication_20260622T101458Z_modular_seed109,109,rslora,1024,1,uniform,uniform,uniform,cap_baseline,False,10.096303485930896,-0.6399583766909469,9.652760757761056,0,960,-960
modular,transformer_publication_20260622T101458Z_modular_seed109,109,rslora,1024,1,effective_rank,effective_rank,effective_rank,candidate,False,-0.625089399710406,0.22060353798126953,0.46428422685157417,1024,960,64
modular,transformer_publication_20260622T101458Z_modular_seed109,109,rslora,1024,1,soft_dimension,soft_dimension,soft_dimension,candidate,True,-0.6326939378022899,0.23829344432882416,0.45776696547229373,1024,960,64
modular,transformer_publication_20260622T101458Z_modular_seed109,109,rslora,1024,1,gradient_norm,gradient_norm,gradient_norm,candidate,False,-0.6673818375764106,0.25806451612903225,0.4280386497225829,1024,960,64
modular,transformer_publication_20260622T101458Z_modular_seed109,109,rslora,1024,1,marginal_gain_edge,marginal_gain_edge,marginal_gain_edge,candidate,False,-0.2685346099762216,0.06243496357960465,0.7698597572328538,1024,960,64
modular,transformer_publication_20260622T101458Z_modular_seed109,109,rslora,1024,1,marginal_gain_soft,marginal_gain_soft,marginal_gain_soft,candidate,False,-0.27946164791591444,0.10093652445369405,0.7604950382329848,1024,960,64
modular,transformer_publication_20260622T101458Z_modular_seed109,109,fixed_update_scale,1024,2,uniform,uniform,uniform,cap_baseline,False,10.27172191867471,-0.6888657648283039,11.360700927554365,0,960,-960
modular,transformer_publication_20260622T101458Z_modular_seed109,109,fixed_update_scale,1024,2,effective_rank,effective_rank,effective_rank,candidate,False,0.03545234751626947,0.0010405827263266776,1.0357594542282142,1024,960,64
modular,transformer_publication_20260622T101458Z_modular_seed109,109,fixed_update_scale,1024,2,soft_dimension,soft_dimension,soft_dimension,candidate,True,-0.1519530339245989,0.07700312174817892,0.8467306696976452,1024,960,64
modular,transformer_publication_20260622T101458Z_modular_seed109,109,fixed_update_scale,1024,2,gradient_norm,gradient_norm,gradient_norm,candidate,False,-0.3302938980316892,0.15192507804370448,0.6668449240744247,1024,960,64
modular,transformer_publication_20260622T101458Z_modular_seed109,109,fixed_update_scale,1024,2,marginal_gain_edge,marginal_gain_edge,marginal_gain_edge,candidate,False,0.1059040952547533,-0.05098855359001042,1.1068214917250503,1024,960,64
modular,transformer_publication_20260622T101458Z_modular_seed109,109,fixed_update_scale,1024,2,marginal_gain_soft,marginal_gain_soft,marginal_gain_soft,candidate,False,0.07782760606720107,-0.02913631633714886,1.078501789354693,1024,960,64
modular,transformer_publication_20260622T101458Z_modular_seed109,109,standard,1024,2,uniform,uniform,uniform,cap_baseline,False,9.979877079562764,-0.5993756503642039,8.776991914784308,0,960,-960
modular,transformer_publication_20260622T101458Z_modular_seed109,109,standard,1024,2,effective_rank,effective_rank,effective_rank,candidate,False,-0.6517392940253298,0.2362122788761707,0.492120876863116,1024,960,64
modular,transformer_publication_20260622T101458Z_modular_seed109,109,standard,1024,2,soft_dimension,soft_dimension,soft_dimension,candidate,True,-0.5340052043610135,0.20083246618106143,0.5838672036078532,1024,960,64
modular,transformer_publication_20260622T101458Z_modular_seed109,109,standard,1024,2,gradient_norm,gradient_norm,gradient_norm,candidate,False,-0.5306328633077186,0.1893860561914672,0.5864951587315769,1024,960,64
modular,transformer_publication_20260622T101458Z_modular_seed109,109,standard,1024,2,marginal_gain_edge,marginal_gain_edge,marginal_gain_edge,candidate,False,-0.4365224271361463,0.15296566077003126,0.6598323446876997,1024,960,64
modular,transformer_publication_20260622T101458Z_modular_seed109,109,standard,1024,2,marginal_gain_soft,marginal_gain_soft,marginal_gain_soft,candidate,False,-0.473577809259373,0.1508844953173778,0.6309562969293838,1024,960,64
modular,transformer_publication_20260622T101458Z_modular_seed109,109,rslora,1024,2,uniform,uniform,uniform,cap_baseline,False,10.373593310907902,-0.7232049947970863,12.661743931714868,0,960,-960
modular,transformer_publication_20260622T101458Z_modular_seed109,109,rslora,1024,2,effective_rank,effective_rank,effective_rank,candidate,False,0.16822813204746456,-0.04058272632674298,1.1891180171855558,1024,960,64
modular,transformer_publication_20260622T101458Z_modular_seed109,109,rslora,1024,2,soft_dimension,soft_dimension,soft_dimension,candidate,True,0.09057434676961273,-0.042663891779396446,1.101821500723275,1024,960,64
modular,transformer_publication_20260622T101458Z_modular_seed109,109,rslora,1024,2,gradient_norm,gradient_norm,gradient_norm,candidate,False,-0.16988173719499422,0.08949011446409993,0.8090230397060442,1024,960,64
modular,transformer_publication_20260622T101458Z_modular_seed109,109,rslora,1024,2,marginal_gain_edge,marginal_gain_edge,marginal_gain_edge,candidate,False,0.03612552299459815,-0.006243496357960399,1.040611443492709,1024,960,64
modular,transformer_publication_20260622T101458Z_modular_seed109,109,rslora,1024,2,marginal_gain_soft,marginal_gain_soft,marginal_gain_soft,candidate,False,0.1107683034146616,-0.024973985431841816,1.1245230607617898,1024,960,64
modular,transformer_publication_20260622T101458Z_modular_seed109,109,fixed_update_scale,1536,0,uniform,uniform,uniform,cap_baseline,False,0.31868651313910745,-0.11966701352757536,1.615417977073113,1152,1536,-384
modular,transformer_publication_20260622T101458Z_modular_seed109,109,fixed_update_scale,1536,0,effective_rank,effective_rank,effective_rank,candidate,False,0.004764793504661302,0.010405827263267442,1.0092013293908355,1536,1536,0
modular,transformer_publication_20260622T101458Z_modular_seed109,109,fixed_update_scale,1536,0,soft_dimension,soft_dimension,soft_dimension,candidate,True,-0.03457901604341801,0.01664932362122795,0.9332241961135957,1536,1536,0
modular,transformer_publication_20260622T101458Z_modular_seed109,109,fixed_update_scale,1536,0,gradient_norm,gradient_norm,gradient_norm,candidate,False,-0.06711268083858202,0.014568158168574485,0.8703981857569071,1536,1536,0
modular,transformer_publication_20260622T101458Z_modular_seed109,109,fixed_update_scale,1536,0,marginal_gain_edge,marginal_gain_edge,marginal_gain_edge,candidate,False,-0.16466713714550002,0.06347554630593122,0.6820100247283772,1536,1536,0
modular,transformer_publication_20260622T101458Z_modular_seed109,109,fixed_update_scale,1536,0,marginal_gain_soft,marginal_gain_soft,marginal_gain_soft,candidate,False,-0.029463575112087914,0.005202913631633721,0.9431026634474864,1472,1536,-64
modular,transformer_publication_20260622T101458Z_modular_seed109,109,standard,1536,0,uniform,uniform,uniform,cap_baseline,False,0.18548487426090932,-0.0593132154006244,1.3242069056040575,1152,1536,-384
modular,transformer_publication_20260622T101458Z_modular_seed109,109,standard,1536,0,effective_rank,effective_rank,effective_rank,candidate,False,-0.13294654579117937,0.07284079084287198,0.7676242421736373,1536,1536,0
modular,transformer_publication_20260622T101458Z_modular_seed109,109,standard,1536,0,soft_dimension,soft_dimension,soft_dimension,candidate,True,-0.19719999786718329,0.09053069719042661,0.6553163628657124,1536,1536,0
modular,transformer_publication_20260622T101458Z_modular_seed109,109,standard,1536,0,gradient_norm,gradient_norm,gradient_norm,candidate,False,0.009616573941074957,0.0,1.0168087003987343,1536,1536,0
modular,transformer_publication_20260622T101458Z_modular_seed109,109,standard,1536,0,marginal_gain_edge,marginal_gain_edge,marginal_gain_edge,candidate,False,-0.14054077472944787,0.060353798126950964,0.7543503756422805,1536,1536,0
modular,transformer_publication_20260622T101458Z_modular_seed109,109,standard,1536,0,marginal_gain_soft,marginal_gain_soft,marginal_gain_soft,candidate,False,-0.11389766250515088,0.04474505723204991,0.8009195689758061,1472,1536,-64
modular,transformer_publication_20260622T101458Z_modular_seed109,109,rslora,1536,0,uniform,uniform,uniform,cap_baseline,False,0.30799487161834826,-0.13007284079084291,1.5404491127981097,1152,1536,-384
modular,transformer_publication_20260622T101458Z_modular_seed109,109,rslora,1536,0,effective_rank,effective_rank,effective_rank,candidate,False,0.09405924911677654,-0.024973985431841927,1.165048974577114,1536,1536,0
modular,transformer_publication_20260622T101458Z_modular_seed109,109,rslora,1536,0,soft_dimension,soft_dimension,soft_dimension,candidate,True,-0.1078713894758711,0.04058272632674309,0.8107143913396874,1536,1536,0
modular,transformer_publication_20260622T101458Z_modular_seed109,109,rslora,1536,0,gradient_norm,gradient_norm,gradient_norm,candidate,False,0.002901377092415003,-0.015608740894901163,1.0050911454052764,1536,1536,0
modular,transformer_publication_20260622T101458Z_modular_seed109,109,rslora,1536,0,marginal_gain_edge,marginal_gain_edge,marginal_gain_edge,candidate,False,-0.19173399138028868,0.05723204994797082,0.6635578216278836,1536,1536,0
modular,transformer_publication_20260622T101458Z_modular_seed109,109,rslora,1536,0,marginal_gain_soft,marginal_gain_soft,marginal_gain_soft,candidate,False,-0.09248671403908709,0.02809573361082207,0.8377104063928207,1472,1536,-64
modular,transformer_publication_20260622T101458Z_modular_seed109,109,fixed_update_scale,1536,1,uniform,uniform,uniform,cap_baseline,False,0.10142828178331337,-0.042663891779396446,1.2358088953304796,1152,1536,-384
modular,transformer_publication_20260622T101458Z_modular_seed109,109,fixed_update_scale,1536,1,effective_rank,effective_rank,effective_rank,candidate,False,-0.16583345124922477,0.054110301768990565,0.6144566164350221,1536,1536,0
modular,transformer_publication_20260622T101458Z_modular_seed109,109,fixed_update_scale,1536,1,soft_dimension,soft_dimension,soft_dimension,candidate,True,-0.1912441354760518,0.06347554630593133,0.5553797468305376,1536,1536,0
modular,transformer_publication_20260622T101458Z_modular_seed109,109,fixed_update_scale,1536,1,gradient_norm,gradient_norm,gradient_norm,candidate,False,-0.09008045992295527,0.032258064516129004,0.7905734636156654,1536,1536,0
modular,transformer_publication_20260622T101458Z_modular_seed109,109,fixed_update_scale,1536,1,marginal_gain_edge,marginal_gain_edge,marginal_gain_edge,candidate,False,-0.1994413600131699,0.06867845993756516,0.5363221582675839,1536,1536,0
modular,transformer_publication_20260622T101458Z_modular_seed109,109,fixed_update_scale,1536,1,marginal_gain_soft,marginal_gain_soft,marginal_gain_soft,candidate,False,-0.09569526921946098,0.031217481789802215,0.777519688530242,1472,1536,-64
modular,transformer_publication_20260622T101458Z_modular_seed109,109,standard,1536,1,uniform,uniform,uniform,cap_baseline,False,0.059218346049212556,-0.015608740894901163,1.128110416818103,1152,1536,-384
modular,transformer_publication_20260622T101458Z_modular_seed109,109,standard,1536,1,effective_rank,effective_rank,effective_rank,candidate,False,-0.18875377889602418,0.06763787721123815,0.591658212300185,1536,1536,0
modular,transformer_publication_20260622T101458Z_modular_seed109,109,standard,1536,1,soft_dimension,soft_dimension,soft_dimension,candidate,True,-0.184675552036214,0.07388137356919855,0.6004808724679459,1536,1536,0
modular,transformer_publication_20260622T101458Z_modular_seed109,109,standard,1536,1,gradient_norm,gradient_norm,gradient_norm,candidate,False,-0.04717157004278988,0.004162330905307043,0.8979510590328871,1536,1536,0
modular,transformer_publication_20260622T101458Z_modular_seed109,109,standard,1536,1,marginal_gain_edge,marginal_gain_edge,marginal_gain_edge,candidate,False,-0.1963187104457375,0.07596253902185224,0.5752925655253022,1536,1536,0
modular,transformer_publication_20260622T101458Z_modular_seed109,109,standard,1536,1,marginal_gain_soft,marginal_gain_soft,marginal_gain_soft,candidate,False,-0.10004726052284241,0.03537981269510937,0.7835620698281707,1472,1536,-64
modular,transformer_publication_20260622T101458Z_modular_seed109,109,rslora,1536,1,uniform,uniform,uniform,cap_baseline,False,0.14677242055519812,-0.060353798126950964,1.4092993694264635,1152,1536,-384
modular,transformer_publication_20260622T101458Z_modular_seed109,109,rslora,1536,1,effective_rank,effective_rank,effective_rank,candidate,False,-0.0883020111102839,0.03537981269510937,0.7537551174136594,1536,1536,0
modular,transformer_publication_20260622T101458Z_modular_seed109,109,rslora,1536,1,soft_dimension,soft_dimension,soft_dimension,candidate,True,-0.058683859570093366,0.02497398543184204,0.8363502718924146,1536,1536,0
modular,transformer_publication_20260622T101458Z_modular_seed109,109,rslora,1536,1,gradient_norm,gradient_norm,gradient_norm,candidate,False,-0.020046709355404868,0.009365244536940764,0.9440964081180563,1536,1536,0
modular,transformer_publication_20260622T101458Z_modular_seed109,109,rslora,1536,1,marginal_gain_edge,marginal_gain_edge,marginal_gain_edge,candidate,False,-0.125421108117833,0.0405827263267432,0.6502423256957095,1536,1536,0
modular,transformer_publication_20260622T101458Z_modular_seed109,109,rslora,1536,1,marginal_gain_soft,marginal_gain_soft,marginal_gain_soft,candidate,False,-0.010902007493218513,0.0,0.969597934165167,1472,1536,-64
modular,transformer_publication_20260622T101458Z_modular_seed109,109,fixed_update_scale,1536,2,uniform,uniform,uniform,cap_baseline,False,0.11399903319752802,-0.05098855359001042,1.2140701097630326,1152,1536,-384
modular,transformer_publication_20260622T101458Z_modular_seed109,109,fixed_update_scale,1536,2,effective_rank,effective_rank,effective_rank,candidate,False,-0.20375596016304298,0.07804370447450559,0.6173821870805083,1536,1536,0
modular,transformer_publication_20260622T101458Z_modular_seed109,109,fixed_update_scale,1536,2,soft_dimension,soft_dimension,soft_dimension,candidate,True,-0.260243536468351,0.09989594172736727,0.5113084659203259,1536,1536,0
modular,transformer_publication_20260622T101458Z_modular_seed109,109,fixed_update_scale,1536,2,gradient_norm,gradient_norm,gradient_norm,candidate,False,-0.10106794767151511,0.0385015608740894,0.8102121917641418,1536,1536,0
modular,transformer_publication_20260622T101458Z_modular_seed109,109,fixed_update_scale,1536,2,marginal_gain_edge,marginal_gain_edge,marginal_gain_edge,candidate,False,-0.2891965062511575,0.0978147762747138,0.4569398871216633,1536,1536,0
modular,transformer_publication_20260622T101458Z_modular_seed109,109,fixed_update_scale,1536,2,marginal_gain_soft,marginal_gain_soft,marginal_gain_soft,candidate,False,-0.17403198349116122,0.05723204994797082,0.6731985810469224,1472,1536,-64
modular,transformer_publication_20260622T101458Z_modular_seed109,109,standard,1536,2,uniform,uniform,uniform,cap_baseline,False,0.22873509618667853,-0.09885535900104059,1.5781513903376552,1152,1536,-384
modular,transformer_publication_20260622T101458Z_modular_seed109,109,standard,1536,2,effective_rank,effective_rank,effective_rank,candidate,False,-0.09704279586378173,0.0645161290322579,0.7547143910739911,1536,1536,0
modular,transformer_publication_20260622T101458Z_modular_seed109,109,standard,1536,2,soft_dimension,soft_dimension,soft_dimension,candidate,True,-0.07211260849553763,0.03850156087408951,0.8177279938337761,1536,1536,0
modular,transformer_publication_20260622T101458Z_modular_seed109,109,standard,1536,2,gradient_norm,gradient_norm,gradient_norm,candidate,False,0.010593100529431465,0.006243496357960399,1.0267751468890416,1536,1536,0
modular,transformer_publication_20260622T101458Z_modular_seed109,109,standard,1536,2,marginal_gain_edge,marginal_gain_edge,marginal_gain_edge,candidate,False,-0.14385599328997734,0.07388137356919877,0.6363892384003613,1536,1536,0
modular,transformer_publication_20260622T101458Z_modular_seed109,109,standard,1536,2,marginal_gain_soft,marginal_gain_soft,marginal_gain_soft,candidate,False,-0.03328888374114264,0.026014568158168716,0.9158589357794799,1472,1536,-64
modular,transformer_publication_20260622T101458Z_modular_seed109,109,rslora,1536,2,uniform,uniform,uniform,cap_baseline,False,0.2691573626541075,-0.08220603537981264,1.6111966510751925,1152,1536,-384
modular,transformer_publication_20260622T101458Z_modular_seed109,109,rslora,1536,2,effective_rank,effective_rank,effective_rank,candidate,False,-0.14612181954527742,0.07596253902185213,0.6681897687121499,1536,1536,0
modular,transformer_publication_20260622T101458Z_modular_seed109,109,rslora,1536,2,soft_dimension,soft_dimension,soft_dimension,candidate,True,-0.14158256223248888,0.07075962539021863,0.6784974149180248,1536,1536,0
modular,transformer_publication_20260622T101458Z_modular_seed109,109,rslora,1536,2,gradient_norm,gradient_norm,gradient_norm,candidate,False,-0.05236563895917212,0.027055150884495394,0.8810892525931421,1536,1536,0
modular,transformer_publication_20260622T101458Z_modular_seed109,109,rslora,1536,2,marginal_gain_edge,marginal_gain_edge,marginal_gain_edge,candidate,False,-0.2133595140555895,0.08428720083246621,0.5155078828982695,1536,1536,0
modular,transformer_publication_20260622T101458Z_modular_seed109,109,rslora,1536,2,marginal_gain_soft,marginal_gain_soft,marginal_gain_soft,candidate,False,-0.07661731638843877,0.03017689906347576,0.82601907401225,1472,1536,-64
modular,transformer_publication_20260622T101458Z_modular_seed109,109,fixed_update_scale,2048,0,uniform,uniform,uniform,cap_baseline,False,0.3016929003748264,-0.10718002081165434,2.2042544854409996,1152,1920,-768
modular,transformer_publication_20260622T101458Z_modular_seed109,109,fixed_update_scale,2048,0,effective_rank,effective_rank,effective_rank,candidate,False,-0.08784173356134611,0.02497398543184204,0.6493659561801509,2048,1920,128
modular,transformer_publication_20260622T101458Z_modular_seed109,109,fixed_update_scale,2048,0,soft_dimension,soft_dimension,soft_dimension,candidate,True,-0.08784173356134611,0.02497398543184204,0.6493659561801509,2048,1920,128
modular,transformer_publication_20260622T101458Z_modular_seed109,109,fixed_update_scale,2048,0,gradient_norm,gradient_norm,gradient_norm,candidate,False,-0.05918255197145941,0.021852237252861673,0.7637635702301001,2048,1920,128
modular,transformer_publication_20260622T101458Z_modular_seed109,109,fixed_update_scale,2048,0,marginal_gain_edge,marginal_gain_edge,marginal_gain_edge,candidate,False,-0.08649309652466933,0.02289281997918846,0.6547492522359483,2048,1920,128
modular,transformer_publication_20260622T101458Z_modular_seed109,109,fixed_update_scale,2048,0,marginal_gain_soft,marginal_gain_soft,marginal_gain_soft,candidate,False,-0.056299012158217226,0.01977107180020843,0.7752736712292629,1984,1920,64
modular,transformer_publication_20260622T101458Z_modular_seed109,109,standard,2048,0,uniform,uniform,uniform,cap_baseline,False,0.10976935313718,-0.032258064516129004,1.2813441383140642,1152,1920,-768
modular,transformer_publication_20260622T101458Z_modular_seed109,109,standard,2048,0,effective_rank,effective_rank,effective_rank,candidate,False,-0.1622154792377282,0.07492195629552556,0.5842339148131187,2048,1920,128
modular,transformer_publication_20260622T101458Z_modular_seed109,109,standard,2048,0,soft_dimension,soft_dimension,soft_dimension,candidate,True,-0.1622154792377282,0.07492195629552556,0.5842339148131187,2048,1920,128
modular,transformer_publication_20260622T101458Z_modular_seed109,109,standard,2048,0,gradient_norm,gradient_norm,gradient_norm,candidate,False,-0.1772920197025174,0.07388137356919877,0.5455920155525633,2048,1920,128
modular,transformer_publication_20260622T101458Z_modular_seed109,109,standard,2048,0,marginal_gain_edge,marginal_gain_edge,marginal_gain_edge,candidate,False,-0.215789040234657,0.07908428720083238,0.44692229800637223,2048,1920,128
modular,transformer_publication_20260622T101458Z_modular_seed109,109,standard,2048,0,marginal_gain_soft,marginal_gain_soft,marginal_gain_soft,candidate,False,-0.1752725936526687,0.06867845993756516,0.5507679017689431,1984,1920,64
modular,transformer_publication_20260622T101458Z_modular_seed109,109,rslora,2048,0,uniform,uniform,uniform,cap_baseline,False,0.1928628322113069,-0.06243496357960465,1.6124558848417418,1152,1920,-768
modular,transformer_publication_20260622T101458Z_modular_seed109,109,rslora,2048,0,effective_rank,effective_rank,effective_rank,candidate,False,-0.1107844048248493,0.04578563995837681,0.648192656378034,2048,1920,128
modular,transformer_publication_20260622T101458Z_modular_seed109,109,rslora,2048,0,soft_dimension,soft_dimension,soft_dimension,candidate,True,-0.1107844048248493,0.04578563995837681,0.648192656378034,2048,1920,128
modular,transformer_publication_20260622T101458Z_modular_seed109,109,rslora,2048,0,gradient_norm,gradient_norm,gradient_norm,candidate,False,-0.11357305421417391,0.03954214360041619,0.6393370116191677,2048,1920,128
modular,transformer_publication_20260622T101458Z_modular_seed109,109,rslora,2048,0,marginal_gain_edge,marginal_gain_edge,marginal_gain_edge,candidate,False,-0.15261589310109672,0.04682622268470338,0.5153524358299608,2048,1920,128
modular,transformer_publication_20260622T101458Z_modular_seed109,109,rslora,2048,0,marginal_gain_soft,marginal_gain_soft,marginal_gain_soft,candidate,False,-0.08855798276108331,0.02913631633714886,0.7187749600591046,1984,1920,64
modular,transformer_publication_20260622T101458Z_modular_seed109,109,fixed_update_scale,2048,1,uniform,uniform,uniform,cap_baseline,False,0.5482800701530369,-0.1883454734651404,2.5121118867770105,1152,1920,-768
modular,transformer_publication_20260622T101458Z_modular_seed109,109,fixed_update_scale,2048,1,effective_rank,effective_rank,effective_rank,candidate,False,-0.09315411627106562,0.055150884495317465,0.7430885159178426,2048,1920,128
modular,transformer_publication_20260622T101458Z_modular_seed109,109,fixed_update_scale,2048,1,soft_dimension,soft_dimension,soft_dimension,candidate,True,-0.09315411627106562,0.055150884495317465,0.7430885159178426,2048,1920,128
modular,transformer_publication_20260622T101458Z_modular_seed109,109,fixed_update_scale,2048,1,gradient_norm,gradient_norm,gradient_norm,candidate,False,-0.08826942234828244,0.04266389177939667,0.7565601048848577,2048,1920,128
modular,transformer_publication_20260622T101458Z_modular_seed109,109,fixed_update_scale,2048,1,marginal_gain_edge,marginal_gain_edge,marginal_gain_edge,candidate,False,-0.13821127210645842,0.048907388137357066,0.6188245409314007,2048,1920,128
modular,transformer_publication_20260622T101458Z_modular_seed109,109,fixed_update_scale,2048,1,marginal_gain_soft,marginal_gain_soft,marginal_gain_soft,candidate,False,-0.14819699910379222,0.05619146722164425,0.5912847171939376,1984,1920,64
modular,transformer_publication_20260622T101458Z_modular_seed109,109,standard,2048,1,uniform,uniform,uniform,cap_baseline,False,0.5176096257136342,-0.1831425598335068,2.122929505902491,1152,1920,-768
modular,transformer_publication_20260622T101458Z_modular_seed109,109,standard,2048,1,effective_rank,effective_rank,effective_rank,candidate,False,-0.16259103089291893,0.0728407908428721,0.6472664786072333,2048,1920,128
modular,transformer_publication_20260622T101458Z_modular_seed109,109,standard,2048,1,soft_dimension,soft_dimension,soft_dimension,candidate,True,-0.16259103089291893,0.0728407908428721,0.6472664786072333,2048,1920,128
modular,transformer_publication_20260622T101458Z_modular_seed109,109,standard,2048,1,gradient_norm,gradient_norm,gradient_norm,candidate,False,-0.2044015228748322,0.07492195629552545,0.5565606014936477,2048,1920,128
modular,transformer_publication_20260622T101458Z_modular_seed109,109,standard,2048,1,marginal_gain_edge,marginal_gain_edge,marginal_gain_edge,candidate,False,-0.2411922416441399,0.09261186264308008,0.4767448840164911,2048,1920,128
modular,transformer_publication_20260622T101458Z_modular_seed109,109,standard,2048,1,marginal_gain_soft,marginal_gain_soft,marginal_gain_soft,candidate,False,-0.23484697869739482,0.08636836628511968,0.4905106306943782,1984,1920,64
modular,transformer_publication_20260622T101458Z_modular_seed109,109,rslora,2048,1,uniform,uniform,uniform,cap_baseline,False,0.6994925605891025,-0.2497398543184185,2.924527678601497,1152,1920,-768
modular,transformer_publication_20260622T101458Z_modular_seed109,109,rslora,2048,1,effective_rank,effective_rank,effective_rank,candidate,False,-0.1266176107026536,0.06139438085327775,0.6516344702931179,2048,1920,128
modular,transformer_publication_20260622T101458Z_modular_seed109,109,rslora,2048,1,soft_dimension,soft_dimension,soft_dimension,candidate,True,-0.1266176107026536,0.06139438085327775,0.6516344702931179,2048,1920,128
modular,transformer_publication_20260622T101458Z_modular_seed109,109,rslora,2048,1,gradient_norm,gradient_norm,gradient_norm,candidate,False,-0.04258478559266771,0.031217481789801993,0.8828356394650181,2048,1920,128
modular,transformer_publication_20260622T101458Z_modular_seed109,109,rslora,2048,1,marginal_gain_edge,marginal_gain_edge,marginal_gain_edge,candidate,False,-0.1756101751643835,0.06763787721123815,0.5168402613699242,2048,1920,128
modular,transformer_publication_20260622T101458Z_modular_seed109,109,rslora,2048,1,marginal_gain_soft,marginal_gain_soft,marginal_gain_soft,candidate,False,-0.1203141539017443,0.041623309053069546,0.668977295317593,1984,1920,64
modular,transformer_publication_20260622T101458Z_modular_seed109,109,fixed_update_scale,2048,2,uniform,uniform,uniform,cap_baseline,False,0.18773660941377013,-0.06243496357960465,1.576489997976007,1152,1920,-768
modular,transformer_publication_20260622T101458Z_modular_seed109,109,fixed_update_scale,2048,2,effective_rank,effective_rank,effective_rank,candidate,False,-0.01795187276186233,0.023933402705515028,0.9448744966446994,2048,1920,128
modular,transformer_publication_20260622T101458Z_modular_seed109,109,fixed_update_scale,2048,2,soft_dimension,soft_dimension,soft_dimension,candidate,True,-0.01795187276186233,0.023933402705515028,0.9448744966446994,2048,1920,128
modular,transformer_publication_20260622T101458Z_modular_seed109,109,fixed_update_scale,2048,2,gradient_norm,gradient_norm,gradient_norm,candidate,False,-0.13628878527389732,0.04578563995837681,0.5814928063735522,2048,1920,128
modular,transformer_publication_20260622T101458Z_modular_seed109,109,fixed_update_scale,2048,2,marginal_gain_edge,marginal_gain_edge,marginal_gain_edge,candidate,False,-0.1661807324244999,0.04682622268470338,0.4897024592155842,2048,1920,128
modular,transformer_publication_20260622T101458Z_modular_seed109,109,fixed_update_scale,2048,2,marginal_gain_soft,marginal_gain_soft,marginal_gain_soft,candidate,False,-0.14131656358877162,0.043704474505723234,0.5660538149077081,1984,1920,64
modular,transformer_publication_20260622T101458Z_modular_seed109,109,standard,2048,2,uniform,uniform,uniform,cap_baseline,False,0.3415479265874433,-0.13215400624349638,1.9923058281656507,1152,1920,-768
modular,transformer_publication_20260622T101458Z_modular_seed109,109,standard,2048,2,effective_rank,effective_rank,effective_rank,candidate,False,-0.05437506380239948,0.01768990634755463,0.8420230705040275,2048,1920,128
modular,transformer_publication_20260622T101458Z_modular_seed109,109,standard,2048,2,soft_dimension,soft_dimension,soft_dimension,candidate,True,-0.05437506380239948,0.01768990634755463,0.8420230705040275,2048,1920,128
modular,transformer_publication_20260622T101458Z_modular_seed109,109,standard,2048,2,gradient_norm,gradient_norm,gradient_norm,candidate,False,-0.1297102870107565,0.03433922996878247,0.6231501825824729,2048,1920,128
modular,transformer_publication_20260622T101458Z_modular_seed109,109,standard,2048,2,marginal_gain_edge,marginal_gain_edge,marginal_gain_edge,candidate,False,-0.1421357959850025,0.03642039542143605,0.5870501099037643,2048,1920,128
modular,transformer_publication_20260622T101458Z_modular_seed109,109,standard,2048,2,marginal_gain_soft,marginal_gain_soft,marginal_gain_soft,candidate,False,-0.0762352863410013,0.015608740894901052,0.7785121411689051,1984,1920,64
modular,transformer_publication_20260622T101458Z_modular_seed109,109,rslora,2048,2,uniform,uniform,uniform,cap_baseline,False,0.22553505743083307,-0.06555671175858468,1.86566885620131,1152,1920,-768
modular,transformer_publication_20260622T101458Z_modular_seed109,109,rslora,2048,2,effective_rank,effective_rank,effective_rank,candidate,False,-0.0053214320096959256,0.015608740894901274,0.9795748030764607,2048,1920,128
modular,transformer_publication_20260622T101458Z_modular_seed109,109,rslora,2048,2,soft_dimension,soft_dimension,soft_dimension,candidate,True,-0.0053214320096959256,0.015608740894901274,0.9795748030764607,2048,1920,128
modular,transformer_publication_20260622T101458Z_modular_seed109,109,rslora,2048,2,gradient_norm,gradient_norm,gradient_norm,candidate,False,-0.07501563994246882,0.027055150884495616,0.712068252421814,2048,1920,128
modular,transformer_publication_20260622T101458Z_modular_seed109,109,rslora,2048,2,marginal_gain_edge,marginal_gain_edge,marginal_gain_edge,candidate,False,-0.07908450450038812,0.021852237252861784,0.6964507720707948,2048,1920,128
modular,transformer_publication_20260622T101458Z_modular_seed109,109,rslora,2048,2,marginal_gain_soft,marginal_gain_soft,marginal_gain_soft,candidate,False,-0.0604208001050939,0.010405827263267664,0.7680874737898107,1984,1920,64
modular,transformer_publication_20260622T101458Z_modular_seed109,109,fixed_update_scale,3072,0,uniform,uniform,uniform,cap_baseline,False,-0.0710412402958081,0.02289281997918846,0.7150354491826997,2304,3072,-768
modular,transformer_publication_20260622T101458Z_modular_seed109,109,fixed_update_scale,3072,0,effective_rank,effective_rank,effective_rank,candidate,False,-0.1813113848823166,0.037460978147762836,0.2727137485787854,3072,3072,0
modular,transformer_publication_20260622T101458Z_modular_seed109,109,fixed_update_scale,3072,0,soft_dimension,soft_dimension,soft_dimension,candidate,True,-0.1813113848823166,0.037460978147762836,0.2727137485787854,3072,3072,0
modular,transformer_publication_20260622T101458Z_modular_seed109,109,fixed_update_scale,3072,0,gradient_norm,gradient_norm,gradient_norm,candidate,False,-0.0671412441782599,0.01248699271592102,0.7306793292331992,3072,3072,0
modular,transformer_publication_20260622T101458Z_modular_seed109,109,fixed_update_scale,3072,0,marginal_gain_edge,marginal_gain_edge,marginal_gain_edge,candidate,False,-0.18922393000321258,0.037460978147762836,0.24097451011941978,3072,3072,0
modular,transformer_publication_20260622T101458Z_modular_seed109,109,fixed_update_scale,3072,0,marginal_gain_soft,marginal_gain_soft,marginal_gain_soft,candidate,False,-0.1935096159771193,0.037460978147762836,0.2237835295929946,3072,3072,0
modular,transformer_publication_20260622T101458Z_modular_seed109,109,standard,3072,0,uniform,uniform,uniform,cap_baseline,False,0.052465331355937395,-0.0041623309053072655,1.3225648506562615,2304,3072,-768
modular,transformer_publication_20260622T101458Z_modular_seed109,109,standard,3072,0,effective_rank,effective_rank,effective_rank,candidate,False,-0.075394813680748,0.019771071800207984,0.5364611985351556,3072,3072,0
modular,transformer_publication_20260622T101458Z_modular_seed109,109,standard,3072,0,soft_dimension,soft_dimension,soft_dimension,candidate,True,-0.075394813680748,0.019771071800207984,0.5364611985351556,3072,3072,0
modular,transformer_publication_20260622T101458Z_modular_seed109,109,standard,3072,0,gradient_norm,gradient_norm,gradient_norm,candidate,False,0.029275004623087603,-0.007284079084287187,1.1799871886854854,3072,3072,0
modular,transformer_publication_20260622T101458Z_modular_seed109,109,standard,3072,0,marginal_gain_edge,marginal_gain_edge,marginal_gain_edge,candidate,False,-0.0975514303284245,0.019771071800207984,0.40023894366137597,3072,3072,0
modular,transformer_publication_20260622T101458Z_modular_seed109,109,standard,3072,0,marginal_gain_soft,marginal_gain_soft,marginal_gain_soft,candidate,False,-0.1007198631205246,0.019771071800207984,0.38075893612145395,3072,3072,0
modular,transformer_publication_20260622T101458Z_modular_seed109,109,rslora,3072,0,uniform,uniform,uniform,cap_baseline,False,-0.030092158997344187,-0.0041623309053072655,0.875852583357442,2304,3072,-768
modular,transformer_publication_20260622T101458Z_modular_seed109,109,rslora,3072,0,effective_rank,effective_rank,effective_rank,candidate,False,-0.16310002924593378,0.026014568158168383,0.32711882563842026,3072,3072,0
modular,transformer_publication_20260622T101458Z_modular_seed109,109,rslora,3072,0,soft_dimension,soft_dimension,soft_dimension,candidate,True,-0.16310002924593378,0.026014568158168383,0.32711882563842026,3072,3072,0
modular,transformer_publication_20260622T101458Z_modular_seed109,109,rslora,3072,0,gradient_norm,gradient_norm,gradient_norm,candidate,False,-0.082950123359956,0.013527575442247586,0.6577831611806616,3072,3072,0
modular,transformer_publication_20260622T101458Z_modular_seed109,109,rslora,3072,0,marginal_gain_edge,marginal_gain_edge,marginal_gain_edge,candidate,False,-0.1785844635067199,0.02705515088449517,0.2632366524843514,3072,3072,0
modular,transformer_publication_20260622T101458Z_modular_seed109,109,rslora,3072,0,marginal_gain_soft,marginal_gain_soft,marginal_gain_soft,candidate,False,-0.18809071315392367,0.02705515088449517,0.2240179199313386,3072,3072,0
modular,transformer_publication_20260622T101458Z_modular_seed109,109,fixed_update_scale,3072,1,uniform,uniform,uniform,cap_baseline,False,-0.017275951872507023,0.00520291363163361,0.8953363481639994,2304,3072,-768
modular,transformer_publication_20260622T101458Z_modular_seed109,109,fixed_update_scale,3072,1,effective_rank,effective_rank,effective_rank,candidate,False,-0.1021622055123921,0.011446409989594009,0.38106625976637043,3072,3072,0
modular,transformer_publication_20260622T101458Z_modular_seed109,109,fixed_update_scale,3072,1,soft_dimension,soft_dimension,soft_dimension,candidate,True,-0.1021622055123921,0.011446409989594009,0.38106625976637043,3072,3072,0
modular,transformer_publication_20260622T101458Z_modular_seed109,109,fixed_update_scale,3072,1,gradient_norm,gradient_norm,gradient_norm,candidate,False,-0.03598918783615082,0.004162330905306821,0.7819651355050516,3072,3072,0
modular,transformer_publication_20260622T101458Z_modular_seed109,109,fixed_update_scale,3072,1,marginal_gain_edge,marginal_gain_edge,marginal_gain_edge,candidate,False,-0.1014821367506926,0.011446409989594009,0.38518634997178075,3072,3072,0
modular,transformer_publication_20260622T101458Z_modular_seed109,109,fixed_update_scale,3072,1,marginal_gain_soft,marginal_gain_soft,marginal_gain_soft,candidate,False,-0.10661353529057811,0.011446409989594009,0.354098574654171,3072,3072,0
modular,transformer_publication_20260622T101458Z_modular_seed109,109,standard,3072,1,uniform,uniform,uniform,cap_baseline,False,0.06798914696684,-0.007284079084287076,1.4646482495508282,2304,3072,-768
modular,transformer_publication_20260622T101458Z_modular_seed109,109,standard,3072,1,effective_rank,effective_rank,effective_rank,candidate,False,-0.074585957881005,0.009365244536940764,0.49026813371576083,3072,3072,0
modular,transformer_publication_20260622T101458Z_modular_seed109,109,standard,3072,1,soft_dimension,soft_dimension,soft_dimension,candidate,True,-0.074585957881005,0.009365244536940764,0.49026813371576083,3072,3072,0
modular,transformer_publication_20260622T101458Z_modular_seed109,109,standard,3072,1,gradient_norm,gradient_norm,gradient_norm,candidate,False,-0.011696136751358499,0.0041623309053071544,0.9200668090353241,3072,3072,0
modular,transformer_publication_20260622T101458Z_modular_seed109,109,standard,3072,1,marginal_gain_edge,marginal_gain_edge,marginal_gain_edge,candidate,False,-0.0802408224291533,0.008324661810613976,0.4516219227988089,3072,3072,0
modular,transformer_publication_20260622T101458Z_modular_seed109,109,standard,3072,1,marginal_gain_soft,marginal_gain_soft,marginal_gain_soft,candidate,False,-0.0824772914509123,0.008324661810613976,0.43633755077040554,3072,3072,0
modular,transformer_publication_20260622T101458Z_modular_seed109,109,rslora,3072,1,uniform,uniform,uniform,cap_baseline,False,0.052772210118177704,-0.006243496357960621,1.3506445972569594,2304,3072,-768
modular,transformer_publication_20260622T101458Z_modular_seed109,109,rslora,3072,1,effective_rank,effective_rank,effective_rank,candidate,False,-0.0843954661882382,0.01040582726326722,0.4392348892415498,3072,3072,0
modular,transformer_publication_20260622T101458Z_modular_seed109,109,rslora,3072,1,soft_dimension,soft_dimension,soft_dimension,candidate,True,-0.0843954661882382,0.01040582726326722,0.4392348892415498,3072,3072,0
modular,transformer_publication_20260622T101458Z_modular_seed109,109,rslora,3072,1,gradient_norm,gradient_norm,gradient_norm,candidate,False,-0.011580351178033299,0.004162330905306821,0.9230544340321849,3072,3072,0
modular,transformer_publication_20260622T101458Z_modular_seed109,109,rslora,3072,1,marginal_gain_edge,marginal_gain_edge,marginal_gain_edge,candidate,False,-0.09262258637382509,0.011446409989594009,0.38456984418091034,3072,3072,0
modular,transformer_publication_20260622T101458Z_modular_seed109,109,rslora,3072,1,marginal_gain_soft,marginal_gain_soft,marginal_gain_soft,candidate,False,-0.089138587264191,0.011446409989594009,0.4077192529683291,3072,3072,0
modular,transformer_publication_20260622T101458Z_modular_seed109,109,fixed_update_scale,3072,2,uniform,uniform,uniform,cap_baseline,False,0.021243835106476483,0.0,1.1359305069827268,2304,3072,-768
modular,transformer_publication_20260622T101458Z_modular_seed109,109,fixed_update_scale,3072,2,effective_rank,effective_rank,effective_rank,candidate,False,-0.07335115693176202,0.011446409989594009,0.5306563104293597,3072,3072,0
modular,transformer_publication_20260622T101458Z_modular_seed109,109,fixed_update_scale,3072,2,soft_dimension,soft_dimension,soft_dimension,candidate,True,-0.07335115693176202,0.011446409989594009,0.5306563104293597,3072,3072,0
modular,transformer_publication_20260622T101458Z_modular_seed109,109,fixed_update_scale,3072,2,gradient_norm,gradient_norm,gradient_norm,candidate,False,-0.008689336222863026,0.002081165452653244,0.9444005344516605,3072,3072,0
modular,transformer_publication_20260622T101458Z_modular_seed109,109,fixed_update_scale,3072,2,marginal_gain_edge,marginal_gain_edge,marginal_gain_edge,candidate,False,-0.06943303985476622,0.008324661810613643,0.5557267197045358,3072,3072,0
modular,transformer_publication_20260622T101458Z_modular_seed109,109,fixed_update_scale,3072,2,marginal_gain_soft,marginal_gain_soft,marginal_gain_soft,candidate,False,-0.07434651185055802,0.01040582726326722,0.5242874463301254,3072,3072,0
modular,transformer_publication_20260622T101458Z_modular_seed109,109,standard,3072,2,uniform,uniform,uniform,cap_baseline,False,0.0556723829765845,-0.009365244536940653,1.3729524880108297,2304,3072,-768
modular,transformer_publication_20260622T101458Z_modular_seed109,109,standard,3072,2,effective_rank,effective_rank,effective_rank,candidate,False,-0.0427847578656413,0.008324661810613976,0.7133824520922136,3072,3072,0
modular,transformer_publication_20260622T101458Z_modular_seed109,109,standard,3072,2,soft_dimension,soft_dimension,soft_dimension,candidate,True,-0.0427847578656413,0.008324661810613976,0.7133824520922136,3072,3072,0
modular,transformer_publication_20260622T101458Z_modular_seed109,109,standard,3072,2,gradient_norm,gradient_norm,gradient_norm,candidate,False,-0.0027997626629381878,0.0020811654526535772,0.9812442292721366,3072,3072,0
modular,transformer_publication_20260622T101458Z_modular_seed109,109,standard,3072,2,marginal_gain_edge,marginal_gain_edge,marginal_gain_edge,candidate,False,-0.06237702037553759,0.008324661810613976,0.5821327613451802,3072,3072,0
modular,transformer_publication_20260622T101458Z_modular_seed109,109,standard,3072,2,marginal_gain_soft,marginal_gain_soft,marginal_gain_soft,candidate,False,-0.06785631276721389,0.009365244536940764,0.5454266672145593,3072,3072,0
modular,transformer_publication_20260622T101458Z_modular_seed109,109,rslora,3072,2,uniform,uniform,uniform,cap_baseline,False,0.03692594903999019,-0.003121748178980144,1.2582404284343593,2304,3072,-768
modular,transformer_publication_20260622T101458Z_modular_seed109,109,rslora,3072,2,effective_rank,effective_rank,effective_rank,candidate,False,-0.05808546722059321,0.010405827263267442,0.593781166609661,3072,3072,0
modular,transformer_publication_20260622T101458Z_modular_seed109,109,rslora,3072,2,soft_dimension,soft_dimension,soft_dimension,candidate,True,-0.05808546722059321,0.010405827263267442,0.593781166609661,3072,3072,0
modular,transformer_publication_20260622T101458Z_modular_seed109,109,rslora,3072,2,gradient_norm,gradient_norm,gradient_norm,candidate,False,0.018785458573689684,-0.004162330905306932,1.1313754960001652,3072,3072,0
modular,transformer_publication_20260622T101458Z_modular_seed109,109,rslora,3072,2,marginal_gain_edge,marginal_gain_edge,marginal_gain_edge,candidate,False,-0.0532573071869553,0.008324661810613865,0.6275467474018029,3072,3072,0
modular,transformer_publication_20260622T101458Z_modular_seed109,109,rslora,3072,2,marginal_gain_soft,marginal_gain_soft,marginal_gain_soft,candidate,False,-0.07228426842268991,0.010405827263267442,0.4944823103578483,3072,3072,0
modular,transformer_publication_20260622T101458Z_modular_seed109,109,fixed_update_scale,4096,0,uniform,uniform,uniform,cap_baseline,False,0.02815414661237281,0.002081165452653355,1.2121879975418004,2304,3840,-1536
modular,transformer_publication_20260622T101458Z_modular_seed109,109,fixed_update_scale,4096,0,effective_rank,effective_rank,effective_rank,candidate,False,-0.0645442793725308,0.012486992715920797,0.5135522457350165,4096,3840,256
modular,transformer_publication_20260622T101458Z_modular_seed109,109,fixed_update_scale,4096,0,soft_dimension,soft_dimension,soft_dimension,candidate,True,-0.0645442793725308,0.012486992715920797,0.5135522457350165,4096,3840,256
modular,transformer_publication_20260622T101458Z_modular_seed109,109,fixed_update_scale,4096,0,gradient_norm,gradient_norm,gradient_norm,candidate,False,-0.0608618585673877,0.011446409989594009,0.5413053688364708,4096,3840,256
modular,transformer_publication_20260622T101458Z_modular_seed109,109,fixed_update_scale,4096,0,marginal_gain_edge,marginal_gain_edge,marginal_gain_edge,candidate,False,-0.11093484262405709,0.012486992715920797,0.16392272733037397,4096,3840,256
modular,transformer_publication_20260622T101458Z_modular_seed109,109,fixed_update_scale,4096,0,marginal_gain_soft,marginal_gain_soft,marginal_gain_soft,candidate,False,-0.08306859675542869,0.012486992715920797,0.3739409172361272,4096,3840,256
modular,transformer_publication_20260622T101458Z_modular_seed109,109,standard,4096,0,uniform,uniform,uniform,cap_baseline,False,0.0640352639707889,-0.012486992715921241,1.4565967011958172,2304,3840,-1536
modular,transformer_publication_20260622T101458Z_modular_seed109,109,standard,4096,0,effective_rank,effective_rank,effective_rank,candidate,False,-0.0747387529148271,0.011446409989594009,0.4670831989079267,4096,3840,256
modular,transformer_publication_20260622T101458Z_modular_seed109,109,standard,4096,0,soft_dimension,soft_dimension,soft_dimension,candidate,True,-0.0747387529148271,0.011446409989594009,0.4670831989079267,4096,3840,256
modular,transformer_publication_20260622T101458Z_modular_seed109,109,standard,4096,0,gradient_norm,gradient_norm,gradient_norm,candidate,False,-0.07831685349314199,0.011446409989594009,0.4415699298230878,4096,3840,256
modular,transformer_publication_20260622T101458Z_modular_seed109,109,standard,4096,0,marginal_gain_edge,marginal_gain_edge,marginal_gain_edge,candidate,False,-0.11389452531259278,0.011446409989594009,0.1878870903738903,4096,3840,256
modular,transformer_publication_20260622T101458Z_modular_seed109,109,standard,4096,0,marginal_gain_soft,marginal_gain_soft,marginal_gain_soft,candidate,False,-0.09046394606658749,0.011446409989594009,0.3549563663858307,4096,3840,256
modular,transformer_publication_20260622T101458Z_modular_seed109,109,rslora,4096,0,uniform,uniform,uniform,cap_baseline,False,0.03302408364077139,-0.010405827263267442,1.2139863800902715,2304,3840,-1536
modular,transformer_publication_20260622T101458Z_modular_seed109,109,rslora,4096,0,effective_rank,effective_rank,effective_rank,candidate,False,-0.08838009798626001,0.013527575442247586,0.42732287606144426,4096,3840,256
modular,transformer_publication_20260622T101458Z_modular_seed109,109,rslora,4096,0,soft_dimension,soft_dimension,soft_dimension,candidate,True,-0.08838009798626001,0.013527575442247586,0.42732287606144426,4096,3840,256
modular,transformer_publication_20260622T101458Z_modular_seed109,109,rslora,4096,0,gradient_norm,gradient_norm,gradient_norm,candidate,False,-0.08978156816373262,0.014568158168574374,0.41824176019025067,4096,3840,256
modular,transformer_publication_20260622T101458Z_modular_seed109,109,rslora,4096,0,marginal_gain_edge,marginal_gain_edge,marginal_gain_edge,candidate,False,-0.1307648045614625,0.014568158168574374,0.1526824036754539,4096,3840,256
modular,transformer_publication_20260622T101458Z_modular_seed109,109,rslora,4096,0,marginal_gain_soft,marginal_gain_soft,marginal_gain_soft,candidate,False,-0.1053032397750947,0.014568158168574374,0.31766587874581637,4096,3840,256
modular,transformer_publication_20260622T101458Z_modular_seed109,109,fixed_update_scale,4096,1,uniform,uniform,uniform,cap_baseline,False,0.0813674810308571,-0.013527575442247586,1.699403200098019,2304,3840,-1536
modular,transformer_publication_20260622T101458Z_modular_seed109,109,fixed_update_scale,4096,1,effective_rank,effective_rank,effective_rank,candidate,False,-0.0708382433119475,0.006243496357960399,0.3911020295330348,4096,3840,256
modular,transformer_publication_20260622T101458Z_modular_seed109,109,fixed_update_scale,4096,1,soft_dimension,soft_dimension,soft_dimension,candidate,True,-0.0708382433119475,0.006243496357960399,0.3911020295330348,4096,3840,256
modular,transformer_publication_20260622T101458Z_modular_seed109,109,fixed_update_scale,4096,1,gradient_norm,gradient_norm,gradient_norm,candidate,False,-0.0756986276571262,0.006243496357960399,0.34932405728101,4096,3840,256
modular,transformer_publication_20260622T101458Z_modular_seed109,109,fixed_update_scale,4096,1,marginal_gain_edge,marginal_gain_edge,marginal_gain_edge,candidate,False,-0.0927754042827128,0.006243496357960399,0.202538731399225,4096,3840,256
modular,transformer_publication_20260622T101458Z_modular_seed109,109,fixed_update_scale,4096,1,marginal_gain_soft,marginal_gain_soft,marginal_gain_soft,candidate,False,-0.07529306069838271,0.006243496357960399,0.3528101530185892,4096,3840,256
modular,transformer_publication_20260622T101458Z_modular_seed109,109,standard,4096,1,uniform,uniform,uniform,cap_baseline,False,0.14452529914917478,-0.037460978147762836,2.1712555625120893,2304,3840,-1536
modular,transformer_publication_20260622T101458Z_modular_seed109,109,standard,4096,1,effective_rank,effective_rank,effective_rank,candidate,False,-0.0749864328989874,0.007284079084287187,0.3922982539186807,4096,3840,256
modular,transformer_publication_20260622T101458Z_modular_seed109,109,standard,4096,1,soft_dimension,soft_dimension,soft_dimension,candidate,True,-0.0749864328989874,0.007284079084287187,0.3922982539186807,4096,3840,256
modular,transformer_publication_20260622T101458Z_modular_seed109,109,standard,4096,1,gradient_norm,gradient_norm,gradient_norm,candidate,False,-0.08315911898379771,0.007284079084287187,0.3260655313860052,4096,3840,256
modular,transformer_publication_20260622T101458Z_modular_seed109,109,standard,4096,1,marginal_gain_edge,marginal_gain_edge,marginal_gain_edge,candidate,False,-0.0995242403651531,0.007284079084287187,0.193440035628936,4096,3840,256
modular,transformer_publication_20260622T101458Z_modular_seed109,109,standard,4096,1,marginal_gain_soft,marginal_gain_soft,marginal_gain_soft,candidate,False,-0.08199756286658441,0.007284079084287187,0.33547896330045346,4096,3840,256
modular,transformer_publication_20260622T101458Z_modular_seed109,109,rslora,4096,1,uniform,uniform,uniform,cap_baseline,False,0.05797911699741118,-0.01144640998959412,1.3275818611847818,2304,3840,-1536
modular,transformer_publication_20260622T101458Z_modular_seed109,109,rslora,4096,1,effective_rank,effective_rank,effective_rank,candidate,False,-0.11573213932727551,0.01664932362122784,0.3461137119177203,4096,3840,256
modular,transformer_publication_20260622T101458Z_modular_seed109,109,rslora,4096,1,soft_dimension,soft_dimension,soft_dimension,candidate,True,-0.11573213932727551,0.01664932362122784,0.3461137119177203,4096,3840,256
modular,transformer_publication_20260622T101458Z_modular_seed109,109,rslora,4096,1,gradient_norm,gradient_norm,gradient_norm,candidate,False,-0.1395912416488645,0.01768990634755463,0.21130984546605877,4096,3840,256
modular,transformer_publication_20260622T101458Z_modular_seed109,109,rslora,4096,1,marginal_gain_edge,marginal_gain_edge,marginal_gain_edge,candidate,False,-0.1534946146174009,0.01768990634755463,0.13275582412795003,4096,3840,256
modular,transformer_publication_20260622T101458Z_modular_seed109,109,rslora,4096,1,marginal_gain_soft,marginal_gain_soft,marginal_gain_soft,candidate,False,-0.1335803066049852,0.01768990634755463,0.24527161292834576,4096,3840,256
modular,transformer_publication_20260622T101458Z_modular_seed109,109,fixed_update_scale,4096,2,uniform,uniform,uniform,cap_baseline,False,0.08121714386681991,-0.008324661810613976,1.6353744208018142,2304,3840,-1536
modular,transformer_publication_20260622T101458Z_modular_seed109,109,fixed_update_scale,4096,2,effective_rank,effective_rank,effective_rank,candidate,False,-0.06924519504921489,0.012486992715920797,0.45828400750155235,4096,3840,256
modular,transformer_publication_20260622T101458Z_modular_seed109,109,fixed_update_scale,4096,2,soft_dimension,soft_dimension,soft_dimension,candidate,True,-0.06924519504921489,0.012486992715920797,0.45828400750155235,4096,3840,256
modular,transformer_publication_20260622T101458Z_modular_seed109,109,fixed_update_scale,4096,2,gradient_norm,gradient_norm,gradient_norm,candidate,False,-0.0756127498074823,0.012486992715920797,0.40846963058758123,4096,3840,256
modular,transformer_publication_20260622T101458Z_modular_seed109,109,fixed_update_scale,4096,2,marginal_gain_edge,marginal_gain_edge,marginal_gain_edge,candidate,False,-0.1060283576292407,0.012486992715920797,0.17052357285899933,4096,3840,256
modular,transformer_publication_20260622T101458Z_modular_seed109,109,fixed_update_scale,4096,2,marginal_gain_soft,marginal_gain_soft,marginal_gain_soft,candidate,False,-0.0934020103218032,0.012486992715920797,0.26930146291212526,4096,3840,256
modular,transformer_publication_20260622T101458Z_modular_seed109,109,standard,4096,2,uniform,uniform,uniform,cap_baseline,False,0.14970802525823987,-0.03329864724245579,2.128815745708134,2304,3840,-1536
modular,transformer_publication_20260622T101458Z_modular_seed109,109,standard,4096,2,effective_rank,effective_rank,effective_rank,candidate,False,-0.08368880947146662,0.010405827263267442,0.3689767418412997,4096,3840,256
modular,transformer_publication_20260622T101458Z_modular_seed109,109,standard,4096,2,soft_dimension,soft_dimension,soft_dimension,candidate,True,-0.08368880947146662,0.010405827263267442,0.3689767418412997,4096,3840,256
modular,transformer_publication_20260622T101458Z_modular_seed109,109,standard,4096,2,gradient_norm,gradient_norm,gradient_norm,candidate,False,-0.09518599809068921,0.010405827263267442,0.2822866160289527,4096,3840,256
modular,transformer_publication_20260622T101458Z_modular_seed109,109,standard,4096,2,marginal_gain_edge,marginal_gain_edge,marginal_gain_edge,candidate,False,-0.10469457314278971,0.010405827263267442,0.21059086545349837,4096,3840,256
modular,transformer_publication_20260622T101458Z_modular_seed109,109,standard,4096,2,marginal_gain_soft,marginal_gain_soft,marginal_gain_soft,candidate,False,-0.09346917872467352,0.010405827263267442,0.29523163169896943,4096,3840,256
modular,transformer_publication_20260622T101458Z_modular_seed109,109,rslora,4096,2,uniform,uniform,uniform,cap_baseline,False,0.11361718711198059,-0.006243496357960399,1.9560613421261352,2304,3840,-1536
modular,transformer_publication_20260622T101458Z_modular_seed109,109,rslora,4096,2,effective_rank,effective_rank,effective_rank,candidate,False,-0.0636694471465189,0.013527575442247586,0.464236893742715,4096,3840,256
modular,transformer_publication_20260622T101458Z_modular_seed109,109,rslora,4096,2,soft_dimension,soft_dimension,soft_dimension,candidate,True,-0.0636694471465189,0.013527575442247586,0.464236893742715,4096,3840,256
modular,transformer_publication_20260622T101458Z_modular_seed109,109,rslora,4096,2,gradient_norm,gradient_norm,gradient_norm,candidate,False,-0.0590613049054741,0.012486992715920797,0.5030133039643413,4096,3840,256
modular,transformer_publication_20260622T101458Z_modular_seed109,109,rslora,4096,2,marginal_gain_edge,marginal_gain_edge,marginal_gain_edge,candidate,False,-0.09554189945203831,0.013527575442247586,0.19603786239340845,4096,3840,256
modular,transformer_publication_20260622T101458Z_modular_seed109,109,rslora,4096,2,marginal_gain_soft,marginal_gain_soft,marginal_gain_soft,candidate,False,-0.0812171620901182,0.013527575442247586,0.31657708692414493,4096,3840,256
modular,transformer_publication_20260622T101458Z_modular_seed113,113,fixed_update_scale,512,0,uniform,uniform,uniform,cap_baseline,False,13.47542327053217,-0.3225806451612903,7.511962894617168,0,512,-512
modular,transformer_publication_20260622T101458Z_modular_seed113,113,fixed_update_scale,512,0,effective_rank,effective_rank,effective_rank,candidate,False,0.9006954117694583,-0.2289281997918835,1.4352586915485448,448,512,-64
modular,transformer_publication_20260622T101458Z_modular_seed113,113,fixed_update_scale,512,0,soft_dimension,soft_dimension,soft_dimension,candidate,True,0.9006954117694583,-0.2289281997918835,1.4352586915485448,448,512,-64
modular,transformer_publication_20260622T101458Z_modular_seed113,113,fixed_update_scale,512,0,gradient_norm,gradient_norm,gradient_norm,candidate,False,0.005079566378002998,-0.019771071800208095,1.0024546871077984,448,512,-64
modular,transformer_publication_20260622T101458Z_modular_seed113,113,fixed_update_scale,512,0,marginal_gain_edge,marginal_gain_edge,marginal_gain_edge,candidate,False,1.040051862674995,-0.2486992715920916,1.5026023303496254,448,512,-64
modular,transformer_publication_20260622T101458Z_modular_seed113,113,fixed_update_scale,512,0,marginal_gain_soft,marginal_gain_soft,marginal_gain_soft,candidate,False,1.040051862674995,-0.2486992715920916,1.5026023303496254,448,512,-64
modular,transformer_publication_20260622T101458Z_modular_seed113,113,standard,512,0,uniform,uniform,uniform,cap_baseline,False,12.519681235878078,-0.0822060353798126,5.138634192951238,0,512,-512
modular,transformer_publication_20260622T101458Z_modular_seed113,113,standard,512,0,effective_rank,effective_rank,effective_rank,candidate,False,-0.029167708943711457,0.007284079084287201,0.9903580230766134,448,512,-64
modular,transformer_publication_20260622T101458Z_modular_seed113,113,standard,512,0,soft_dimension,soft_dimension,soft_dimension,candidate,True,-0.029167708943711457,0.007284079084287201,0.9903580230766134,448,512,-64
modular,transformer_publication_20260622T101458Z_modular_seed113,113,standard,512,0,gradient_norm,gradient_norm,gradient_norm,candidate,False,-0.6487674102822898,0.15608740894901152,0.7855367930796687,448,512,-64
modular,transformer_publication_20260622T101458Z_modular_seed113,113,standard,512,0,marginal_gain_edge,marginal_gain_edge,marginal_gain_edge,candidate,False,0.17719658530093385,-0.0166493236212278,1.05857592002415,448,512,-64
modular,transformer_publication_20260622T101458Z_modular_seed113,113,standard,512,0,marginal_gain_soft,marginal_gain_soft,marginal_gain_soft,candidate,False,0.17719658530093385,-0.0166493236212278,1.05857592002415,448,512,-64
modular,transformer_publication_20260622T101458Z_modular_seed113,113,rslora,512,0,uniform,uniform,uniform,cap_baseline,False,13.151286026689688,-0.2539021852237252,6.4946507308474475,0,512,-512
modular,transformer_publication_20260622T101458Z_modular_seed113,113,rslora,512,0,effective_rank,effective_rank,effective_rank,candidate,False,0.3603018461479479,-0.1175858480749219,1.1505353011290886,448,512,-64
modular,transformer_publication_20260622T101458Z_modular_seed113,113,rslora,512,0,soft_dimension,soft_dimension,soft_dimension,candidate,True,0.3603018461479479,-0.1175858480749219,1.1505353011290886,448,512,-64
modular,transformer_publication_20260622T101458Z_modular_seed113,113,rslora,512,0,gradient_norm,gradient_norm,gradient_norm,candidate,False,-0.3396015333459479,0.057232049947970876,0.8581133579172929,448,512,-64
modular,transformer_publication_20260622T101458Z_modular_seed113,113,rslora,512,0,marginal_gain_edge,marginal_gain_edge,marginal_gain_edge,candidate,False,0.6506712451561678,-0.1768990634755463,1.2718525949084443,448,512,-64
modular,transformer_publication_20260622T101458Z_modular_seed113,113,rslora,512,0,marginal_gain_soft,marginal_gain_soft,marginal_gain_soft,candidate,False,0.6506712451561678,-0.1768990634755463,1.2718525949084443,448,512,-64
modular,transformer_publication_20260622T101458Z_modular_seed113,113,fixed_update_scale,512,1,uniform,uniform,uniform,cap_baseline,False,13.166064426132346,-0.2278876170655567,6.535000858973959,0,512,-512
modular,transformer_publication_20260622T101458Z_modular_seed113,113,fixed_update_scale,512,1,effective_rank,effective_rank,effective_rank,candidate,False,0.2482368936151671,-0.06451612903225812,1.1043585520257553,448,512,-64
modular,transformer_publication_20260622T101458Z_modular_seed113,113,fixed_update_scale,512,1,soft_dimension,soft_dimension,soft_dimension,candidate,True,0.2482368936151671,-0.06451612903225812,1.1043585520257553,448,512,-64
modular,transformer_publication_20260622T101458Z_modular_seed113,113,fixed_update_scale,512,1,gradient_norm,gradient_norm,gradient_norm,candidate,False,-0.22087522848091545,0.068678459937565,0.9071442657578526,448,512,-64
modular,transformer_publication_20260622T101458Z_modular_seed113,113,fixed_update_scale,512,1,marginal_gain_edge,marginal_gain_edge,marginal_gain_edge,candidate,False,0.6611221037595754,-0.12174817898022901,1.2779350984287168,448,512,-64
modular,transformer_publication_20260622T101458Z_modular_seed113,113,fixed_update_scale,512,1,marginal_gain_soft,marginal_gain_soft,marginal_gain_soft,candidate,False,0.6611221037595754,-0.12174817898022901,1.2779350984287168,448,512,-64
modular,transformer_publication_20260622T101458Z_modular_seed113,113,standard,512,1,uniform,uniform,uniform,cap_baseline,False,12.451195822049876,-0.0863683662851196,5.024874842545056,0,512,-512
modular,transformer_publication_20260622T101458Z_modular_seed113,113,standard,512,1,effective_rank,effective_rank,effective_rank,candidate,False,-0.02849505297475252,-0.012486992715920894,0.9907889150974586,448,512,-64
modular,transformer_publication_20260622T101458Z_modular_seed113,113,standard,512,1,soft_dimension,soft_dimension,soft_dimension,candidate,True,-0.02849505297475252,-0.012486992715920894,0.9907889150974586,448,512,-64
modular,transformer_publication_20260622T101458Z_modular_seed113,113,standard,512,1,gradient_norm,gradient_norm,gradient_norm,candidate,False,-1.0349549713789727,0.2278876170655568,0.6654486615580048,448,512,-64
modular,transformer_publication_20260622T101458Z_modular_seed113,113,standard,512,1,marginal_gain_edge,marginal_gain_edge,marginal_gain_edge,candidate,False,-0.060380541695268075,-0.008324661810613893,0.9804818648166986,448,512,-64
modular,transformer_publication_20260622T101458Z_modular_seed113,113,standard,512,1,marginal_gain_soft,marginal_gain_soft,marginal_gain_soft,candidate,False,-0.060380541695268075,-0.008324661810613893,0.9804818648166986,448,512,-64
modular,transformer_publication_20260622T101458Z_modular_seed113,113,rslora,512,1,uniform,uniform,uniform,cap_baseline,False,13.333851555755807,-0.2986472424557752,7.030946594634638,0,512,-512
modular,transformer_publication_20260622T101458Z_modular_seed113,113,rslora,512,1,effective_rank,effective_rank,effective_rank,candidate,False,0.8744801390803691,-0.17481789802289277,1.395530353312339,448,512,-64
modular,transformer_publication_20260622T101458Z_modular_seed113,113,rslora,512,1,soft_dimension,soft_dimension,soft_dimension,candidate,True,0.8744801390803691,-0.17481789802289277,1.395530353312339,448,512,-64
modular,transformer_publication_20260622T101458Z_modular_seed113,113,rslora,512,1,gradient_norm,gradient_norm,gradient_norm,candidate,False,-0.08140749241633394,0.01664932362122795,0.9631791131682353,448,512,-64
modular,transformer_publication_20260622T101458Z_modular_seed113,113,rslora,512,1,marginal_gain_edge,marginal_gain_edge,marginal_gain_edge,candidate,False,0.889147147675831,-0.20499479708636836,1.4021642913888503,448,512,-64
modular,transformer_publication_20260622T101458Z_modular_seed113,113,rslora,512,1,marginal_gain_soft,marginal_gain_soft,marginal_gain_soft,candidate,False,0.889147147675831,-0.20499479708636836,1.4021642913888503,448,512,-64
modular,transformer_publication_20260622T101458Z_modular_seed113,113,fixed_update_scale,512,2,uniform,uniform,uniform,cap_baseline,False,12.717020414870438,-0.1706555671175858,5.497243945985974,0,512,-512
modular,transformer_publication_20260622T101458Z_modular_seed113,113,fixed_update_scale,512,2,effective_rank,effective_rank,effective_rank,candidate,False,0.36108069563755496,-0.09677419354838711,1.1276924876655505,448,512,-64
modular,transformer_publication_20260622T101458Z_modular_seed113,113,fixed_update_scale,512,2,soft_dimension,soft_dimension,soft_dimension,candidate,True,0.36108069563755496,-0.09677419354838711,1.1276924876655505,448,512,-64
modular,transformer_publication_20260622T101458Z_modular_seed113,113,fixed_update_scale,512,2,gradient_norm,gradient_norm,gradient_norm,candidate,False,-0.6506111606971037,0.13319458896982309,0.7699180304676921,448,512,-64
modular,transformer_publication_20260622T101458Z_modular_seed113,113,fixed_update_scale,512,2,marginal_gain_edge,marginal_gain_edge,marginal_gain_edge,candidate,False,0.2590133731992874,-0.07284079084287201,1.0915974250688318,448,512,-64
modular,transformer_publication_20260622T101458Z_modular_seed113,113,fixed_update_scale,512,2,marginal_gain_soft,marginal_gain_soft,marginal_gain_soft,candidate,False,0.2590133731992874,-0.07284079084287201,1.0915974250688318,448,512,-64
modular,transformer_publication_20260622T101458Z_modular_seed113,113,standard,512,2,uniform,uniform,uniform,cap_baseline,False,12.401031365131614,-0.0894901144640998,4.944692866915874,0,512,-512
modular,transformer_publication_20260622T101458Z_modular_seed113,113,standard,512,2,effective_rank,effective_rank,effective_rank,candidate,False,0.14699841091461696,-0.026014568158168494,1.0467593029893691,448,512,-64
modular,transformer_publication_20260622T101458Z_modular_seed113,113,standard,512,2,soft_dimension,soft_dimension,soft_dimension,candidate,True,0.14699841091461696,-0.026014568158168494,1.0467593029893691,448,512,-64
modular,transformer_publication_20260622T101458Z_modular_seed113,113,standard,512,2,gradient_norm,gradient_norm,gradient_norm,candidate,False,-0.5601821541165957,0.0874089490114465,0.8218094541934213,448,512,-64
modular,transformer_publication_20260622T101458Z_modular_seed113,113,standard,512,2,marginal_gain_edge,marginal_gain_edge,marginal_gain_edge,candidate,False,-0.12004730455833235,0.015608740894901205,0.9618136804882838,448,512,-64
modular,transformer_publication_20260622T101458Z_modular_seed113,113,standard,512,2,marginal_gain_soft,marginal_gain_soft,marginal_gain_soft,candidate,False,-0.12004730455833235,0.015608740894901205,0.9618136804882838,448,512,-64
modular,transformer_publication_20260622T101458Z_modular_seed113,113,rslora,512,2,uniform,uniform,uniform,cap_baseline,False,12.609652886405572,-0.1061394380853277,5.29615209035632,0,512,-512
modular,transformer_publication_20260622T101458Z_modular_seed113,113,rslora,512,2,effective_rank,effective_rank,effective_rank,candidate,False,0.09121084138828461,-0.009365244536940612,1.0310758472436539,448,512,-64
modular,transformer_publication_20260622T101458Z_modular_seed113,113,rslora,512,2,soft_dimension,soft_dimension,soft_dimension,candidate,True,0.09121084138828461,-0.009365244536940612,1.0310758472436539,448,512,-64
modular,transformer_publication_20260622T101458Z_modular_seed113,113,rslora,512,2,gradient_norm,gradient_norm,gradient_norm,candidate,False,-0.5952374379419023,0.1383975026014569,0.7972005584682361,448,512,-64
modular,transformer_publication_20260622T101458Z_modular_seed113,113,rslora,512,2,marginal_gain_edge,marginal_gain_edge,marginal_gain_edge,candidate,False,0.2802414534367328,-0.03746097814776271,1.0954792266553743,448,512,-64
modular,transformer_publication_20260622T101458Z_modular_seed113,113,rslora,512,2,marginal_gain_soft,marginal_gain_soft,marginal_gain_soft,candidate,False,0.2802414534367328,-0.03746097814776271,1.0954792266553743,448,512,-64
modular,transformer_publication_20260622T101458Z_modular_seed113,113,fixed_update_scale,1024,0,uniform,uniform,uniform,cap_baseline,False,13.738517415138984,-0.3975026014568158,8.606144236332359,0,960,-960
modular,transformer_publication_20260622T101458Z_modular_seed113,113,fixed_update_scale,1024,0,effective_rank,effective_rank,effective_rank,candidate,False,-0.7183477138009207,0.26534859521331944,0.6022965100303638,1024,960,64
modular,transformer_publication_20260622T101458Z_modular_seed113,113,fixed_update_scale,1024,0,soft_dimension,soft_dimension,soft_dimension,candidate,True,-0.6835456532072453,0.22996878251821018,0.6215641998835193,1024,960,64
modular,transformer_publication_20260622T101458Z_modular_seed113,113,fixed_update_scale,1024,0,gradient_norm,gradient_norm,gradient_norm,candidate,False,-0.9238937618084927,0.3340270551508845,0.48849872231340785,1024,960,64
modular,transformer_publication_20260622T101458Z_modular_seed113,113,fixed_update_scale,1024,0,marginal_gain_edge,marginal_gain_edge,marginal_gain_edge,candidate,False,-0.10775148955393798,0.06347554630593127,0.9403448460658649,1024,960,64
modular,transformer_publication_20260622T101458Z_modular_seed113,113,fixed_update_scale,1024,0,marginal_gain_soft,marginal_gain_soft,marginal_gain_soft,candidate,False,-0.10775148955393798,0.06347554630593127,0.9403448460658649,1024,960,64
modular,transformer_publication_20260622T101458Z_modular_seed113,113,standard,1024,0,uniform,uniform,uniform,cap_baseline,False,13.227318013992072,-0.2580645161290322,6.707731309839071,0,960,-960
modular,transformer_publication_20260622T101458Z_modular_seed113,113,standard,1024,0,effective_rank,effective_rank,effective_rank,candidate,False,-1.463912892167948,0.4890738813735693,0.3683056957831246,1024,960,64
modular,transformer_publication_20260622T101458Z_modular_seed113,113,standard,1024,0,soft_dimension,soft_dimension,soft_dimension,candidate,True,-1.0839315780615832,0.3371488033298648,0.5322717576396905,1024,960,64
modular,transformer_publication_20260622T101458Z_modular_seed113,113,standard,1024,0,gradient_norm,gradient_norm,gradient_norm,candidate,False,-1.1833563292559923,0.36524453694068687,0.48936889821157453,1024,960,64
modular,transformer_publication_20260622T101458Z_modular_seed113,113,standard,1024,0,marginal_gain_edge,marginal_gain_edge,marginal_gain_edge,candidate,False,0.630211762409429,-0.1602497398543184,1.271943216631528,1024,960,64
modular,transformer_publication_20260622T101458Z_modular_seed113,113,standard,1024,0,marginal_gain_soft,marginal_gain_soft,marginal_gain_soft,candidate,False,0.630211762409429,-0.1602497398543184,1.271943216631528,1024,960,64
modular,transformer_publication_20260622T101458Z_modular_seed113,113,rslora,1024,0,uniform,uniform,uniform,cap_baseline,False,13.949373160887212,-0.4880332986472424,9.743585349089017,0,960,-960
modular,transformer_publication_20260622T101458Z_modular_seed113,113,rslora,1024,0,effective_rank,effective_rank,effective_rank,candidate,False,-0.34699529353587377,0.10718002081165462,0.7825004084577704,1024,960,64
modular,transformer_publication_20260622T101458Z_modular_seed113,113,rslora,1024,0,soft_dimension,soft_dimension,soft_dimension,candidate,True,-0.2958702472940815,0.07492195629552562,0.8145460208401696,1024,960,64
modular,transformer_publication_20260622T101458Z_modular_seed113,113,rslora,1024,0,gradient_norm,gradient_norm,gradient_norm,candidate,False,-0.7412349004279065,0.24765868886576486,0.5353876808036663,1024,960,64
modular,transformer_publication_20260622T101458Z_modular_seed113,113,rslora,1024,0,marginal_gain_edge,marginal_gain_edge,marginal_gain_edge,candidate,False,0.12353115597823172,-0.04162330905306966,1.0774303757674084,1024,960,64
modular,transformer_publication_20260622T101458Z_modular_seed113,113,rslora,1024,0,marginal_gain_soft,marginal_gain_soft,marginal_gain_soft,candidate,False,0.12353115597823172,-0.04162330905306966,1.0774303757674084,1024,960,64
modular,transformer_publication_20260622T101458Z_modular_seed113,113,fixed_update_scale,1024,1,uniform,uniform,uniform,cap_baseline,False,13.613980970075055,-0.3704474505723205,8.051041679677281,0,960,-960
modular,transformer_publication_20260622T101458Z_modular_seed113,113,fixed_update_scale,1024,1,effective_rank,effective_rank,effective_rank,candidate,False,-0.29216065987339856,0.10405827263267431,0.8486822484578518,1024,960,64
modular,transformer_publication_20260622T101458Z_modular_seed113,113,fixed_update_scale,1024,1,soft_dimension,soft_dimension,soft_dimension,candidate,True,-0.7320764266985635,0.218522372528616,0.6208382097266644,1024,960,64
modular,transformer_publication_20260622T101458Z_modular_seed113,113,fixed_update_scale,1024,1,gradient_norm,gradient_norm,gradient_norm,candidate,False,-0.7412635569269772,0.26222684703433924,0.6160799514112194,1024,960,64
modular,transformer_publication_20260622T101458Z_modular_seed113,113,fixed_update_scale,1024,1,marginal_gain_edge,marginal_gain_edge,marginal_gain_edge,candidate,False,-0.04142107316035992,0.01456815816857443,0.9785469280504621,1024,960,64
modular,transformer_publication_20260622T101458Z_modular_seed113,113,fixed_update_scale,1024,1,marginal_gain_soft,marginal_gain_soft,marginal_gain_soft,candidate,False,-0.04142107316035992,0.01456815816857443,0.9785469280504621,1024,960,64
modular,transformer_publication_20260622T101458Z_modular_seed113,113,standard,1024,1,uniform,uniform,uniform,cap_baseline,False,12.796267681141675,-0.1082206035379812,5.655746138728074,0,960,-960
modular,transformer_publication_20260622T101458Z_modular_seed113,113,standard,1024,1,effective_rank,effective_rank,effective_rank,candidate,False,-1.387935006655714,0.43912591050988564,0.4950189219966099,1024,960,64
modular,transformer_publication_20260622T101458Z_modular_seed113,113,standard,1024,1,soft_dimension,soft_dimension,soft_dimension,candidate,True,-1.3899587081448717,0.4890738813735693,0.494282626021185,1024,960,64
modular,transformer_publication_20260622T101458Z_modular_seed113,113,standard,1024,1,gradient_norm,gradient_norm,gradient_norm,candidate,False,-0.17355336855154935,0.11446409989594179,0.9368549919686397,1024,960,64
modular,transformer_publication_20260622T101458Z_modular_seed113,113,standard,1024,1,marginal_gain_edge,marginal_gain_edge,marginal_gain_edge,candidate,False,0.19264988596555987,-0.004162330905306905,1.0700930134520705,1024,960,64
modular,transformer_publication_20260622T101458Z_modular_seed113,113,standard,1024,1,marginal_gain_soft,marginal_gain_soft,marginal_gain_soft,candidate,False,0.19264988596555987,-0.004162330905306905,1.0700930134520705,1024,960,64
modular,transformer_publication_20260622T101458Z_modular_seed113,113,rslora,1024,1,uniform,uniform,uniform,cap_baseline,False,12.894278056911823,-0.1529656607700312,5.86488639394741,0,960,-960
modular,transformer_publication_20260622T101458Z_modular_seed113,113,rslora,1024,1,effective_rank,effective_rank,effective_rank,candidate,False,-1.9876220285210229,0.6649323621227887,0.2500894334538702,1024,960,64
modular,transformer_publication_20260622T101458Z_modular_seed113,113,rslora,1024,1,soft_dimension,soft_dimension,soft_dimension,candidate,True,-1.551080161153216,0.4869927159209157,0.41479245766138995,1024,960,64
modular,transformer_publication_20260622T101458Z_modular_seed113,113,rslora,1024,1,gradient_norm,gradient_norm,gradient_norm,candidate,False,-1.2542826749779805,0.3954214360041623,0.5267712784901931,1024,960,64
modular,transformer_publication_20260622T101458Z_modular_seed113,113,rslora,1024,1,marginal_gain_edge,marginal_gain_edge,marginal_gain_edge,candidate,False,0.18704533403299317,-0.016649323621227896,1.0705703953778698,1024,960,64
modular,transformer_publication_20260622T101458Z_modular_seed113,113,rslora,1024,1,marginal_gain_soft,marginal_gain_soft,marginal_gain_soft,candidate,False,0.18704533403299317,-0.016649323621227896,1.0705703953778698,1024,960,64
modular,transformer_publication_20260622T101458Z_modular_seed113,113,fixed_update_scale,1024,2,uniform,uniform,uniform,cap_baseline,False,14.264998715328254,-0.5775234131113424,12.146636772849071,0,960,-960
modular,transformer_publication_20260622T101458Z_modular_seed113,113,fixed_update_scale,1024,2,effective_rank,effective_rank,effective_rank,candidate,False,-0.4782715519186609,0.1768990634755463,0.6262797232294413,1024,960,64
modular,transformer_publication_20260622T101458Z_modular_seed113,113,fixed_update_scale,1024,2,soft_dimension,soft_dimension,soft_dimension,candidate,True,-0.3930114567217792,0.14672216441207075,0.6929017630447674,1024,960,64
modular,transformer_publication_20260622T101458Z_modular_seed113,113,fixed_update_scale,1024,2,gradient_norm,gradient_norm,gradient_norm,candidate,False,-0.2637941651240099,0.0978147762747138,0.7938718537510471,1024,960,64
modular,transformer_publication_20260622T101458Z_modular_seed113,113,fixed_update_scale,1024,2,marginal_gain_edge,marginal_gain_edge,marginal_gain_edge,candidate,False,1.0162980268698703,-0.28720083246618106,1.7941329112290054,1024,960,64
modular,transformer_publication_20260622T101458Z_modular_seed113,113,fixed_update_scale,1024,2,marginal_gain_soft,marginal_gain_soft,marginal_gain_soft,candidate,False,1.0162980268698703,-0.28720083246618106,1.7941329112290054,1024,960,64
modular,transformer_publication_20260622T101458Z_modular_seed113,113,standard,1024,2,uniform,uniform,uniform,cap_baseline,False,12.289817956186111,-0.0655567117585848,4.775744639790754,0,960,-960
modular,transformer_publication_20260622T101458Z_modular_seed113,113,standard,1024,2,effective_rank,effective_rank,effective_rank,candidate,False,-0.5964790616149585,0.1134235171696149,0.8167464621795743,1024,960,64
modular,transformer_publication_20260622T101458Z_modular_seed113,113,standard,1024,2,soft_dimension,soft_dimension,soft_dimension,candidate,True,-2.43387505260144,0.6628511966701353,0.2522516837481165,1024,960,64
modular,transformer_publication_20260622T101458Z_modular_seed113,113,standard,1024,2,gradient_norm,gradient_norm,gradient_norm,candidate,False,-0.3392735854892157,0.023933402705515,0.8957665258834289,1024,960,64
modular,transformer_publication_20260622T101458Z_modular_seed113,113,standard,1024,2,marginal_gain_edge,marginal_gain_edge,marginal_gain_edge,candidate,False,0.09300858446016003,-0.004162330905306995,1.0285746026085936,1024,960,64
modular,transformer_publication_20260622T101458Z_modular_seed113,113,standard,1024,2,marginal_gain_soft,marginal_gain_soft,marginal_gain_soft,candidate,False,0.09300858446016003,-0.004162330905306995,1.0285746026085936,1024,960,64
modular,transformer_publication_20260622T101458Z_modular_seed113,113,rslora,1024,2,uniform,uniform,uniform,cap_baseline,False,13.601012001424627,-0.3537981269510926,7.997323873555952,0,960,-960
modular,transformer_publication_20260622T101458Z_modular_seed113,113,rslora,1024,2,effective_rank,effective_rank,effective_rank,candidate,False,-0.5650114007100353,0.20603537981269515,0.7093181181955059,1024,960,64
modular,transformer_publication_20260622T101458Z_modular_seed113,113,rslora,1024,2,soft_dimension,soft_dimension,soft_dimension,candidate,True,-1.1051242620714248,0.37669094693028093,0.4314458084862871,1024,960,64
modular,transformer_publication_20260622T101458Z_modular_seed113,113,rslora,1024,2,gradient_norm,gradient_norm,gradient_norm,candidate,False,-0.8885424514218745,0.29656607700312176,0.5428708314240901,1024,960,64
modular,transformer_publication_20260622T101458Z_modular_seed113,113,rslora,1024,2,marginal_gain_edge,marginal_gain_edge,marginal_gain_edge,candidate,False,1.1496665648937723,-0.259105098855359,1.5914699068214653,1024,960,64
modular,transformer_publication_20260622T101458Z_modular_seed113,113,rslora,1024,2,marginal_gain_soft,marginal_gain_soft,marginal_gain_soft,candidate,False,1.1496665648937723,-0.259105098855359,1.5914699068214653,1024,960,64
modular,transformer_publication_20260622T101458Z_modular_seed113,113,fixed_update_scale,1536,0,uniform,uniform,uniform,cap_baseline,False,0.038583537480337604,-0.010405827263267442,1.040477359846133,1152,1536,-384
modular,transformer_publication_20260622T101458Z_modular_seed113,113,fixed_update_scale,1536,0,effective_rank,effective_rank,effective_rank,candidate,False,-0.4473739267015804,0.1633714880332987,0.5306673104790979,1536,1536,0
modular,transformer_publication_20260622T101458Z_modular_seed113,113,fixed_update_scale,1536,0,soft_dimension,soft_dimension,soft_dimension,candidate,True,-0.2269471611490358,0.08012486992715928,0.7619134349055163,1472,1536,-64
modular,transformer_publication_20260622T101458Z_modular_seed113,113,fixed_update_scale,1536,0,gradient_norm,gradient_norm,gradient_norm,candidate,False,-0.4113025097147359,0.1571279916753382,0.5685092456899499,1472,1536,-64
modular,transformer_publication_20260622T101458Z_modular_seed113,113,fixed_update_scale,1536,0,marginal_gain_edge,marginal_gain_edge,marginal_gain_edge,candidate,False,-0.4728764407840653,0.18210197710718,0.5039130389190091,1536,1536,0
modular,transformer_publication_20260622T101458Z_modular_seed113,113,fixed_update_scale,1536,0,marginal_gain_soft,marginal_gain_soft,marginal_gain_soft,candidate,False,-0.4728764407840653,0.18210197710718,0.5039130389190091,1536,1536,0
modular,transformer_publication_20260622T101458Z_modular_seed113,113,standard,1536,0,uniform,uniform,uniform,cap_baseline,False,0.8277684370759373,-0.26534859521331944,1.5033564817521534,1152,1536,-384
modular,transformer_publication_20260622T101458Z_modular_seed113,113,standard,1536,0,effective_rank,effective_rank,effective_rank,candidate,False,-0.9556794597008474,0.31425598335067645,0.4188622941252742,1536,1536,0
modular,transformer_publication_20260622T101458Z_modular_seed113,113,standard,1536,0,soft_dimension,soft_dimension,soft_dimension,candidate,True,-0.8502814009956218,0.28928199791883463,0.4829536433929226,1472,1536,-64
modular,transformer_publication_20260622T101458Z_modular_seed113,113,standard,1536,0,gradient_norm,gradient_norm,gradient_norm,candidate,False,-0.9940389097047027,0.3236212278876171,0.3955363530395103,1472,1536,-64
modular,transformer_publication_20260622T101458Z_modular_seed113,113,standard,1536,0,marginal_gain_edge,marginal_gain_edge,marginal_gain_edge,candidate,False,-0.8494213520550208,0.30697190426638926,0.4834766292782081,1536,1536,0
modular,transformer_publication_20260622T101458Z_modular_seed113,113,standard,1536,0,marginal_gain_soft,marginal_gain_soft,marginal_gain_soft,candidate,False,-0.8494213520550208,0.30697190426638926,0.4834766292782081,1536,1536,0
modular,transformer_publication_20260622T101458Z_modular_seed113,113,rslora,1536,0,uniform,uniform,uniform,cap_baseline,False,0.19837189849531978,-0.08636836628511957,1.2306920765158993,1152,1536,-384
modular,transformer_publication_20260622T101458Z_modular_seed113,113,rslora,1536,0,effective_rank,effective_rank,effective_rank,candidate,False,-0.276506133245752,0.08324661810613954,0.6784434966258619,1536,1536,0
modular,transformer_publication_20260622T101458Z_modular_seed113,113,rslora,1536,0,soft_dimension,soft_dimension,soft_dimension,candidate,True,-0.3627162258161095,0.12591050988553598,0.5781874350438688,1472,1536,-64
modular,transformer_publication_20260622T101458Z_modular_seed113,113,rslora,1536,0,gradient_norm,gradient_norm,gradient_norm,candidate,False,-0.30867678863573034,0.0915712799167534,0.6410313664245341,1472,1536,-64
modular,transformer_publication_20260622T101458Z_modular_seed113,113,rslora,1536,0,marginal_gain_edge,marginal_gain_edge,marginal_gain_edge,candidate,False,-0.48364435441784265,0.1633714880332987,0.43755682502339904,1536,1536,0
modular,transformer_publication_20260622T101458Z_modular_seed113,113,rslora,1536,0,marginal_gain_soft,marginal_gain_soft,marginal_gain_soft,candidate,False,-0.48364435441784265,0.1633714880332987,0.43755682502339904,1536,1536,0
modular,transformer_publication_20260622T101458Z_modular_seed113,113,fixed_update_scale,1536,1,uniform,uniform,uniform,cap_baseline,False,0.035730657542781485,-0.0655567117585848,1.0473038398741679,1152,1536,-384
modular,transformer_publication_20260622T101458Z_modular_seed113,113,fixed_update_scale,1536,1,effective_rank,effective_rank,effective_rank,candidate,False,-0.34761605144291347,0.09989594172736738,0.5397908920243731,1536,1536,0
modular,transformer_publication_20260622T101458Z_modular_seed113,113,fixed_update_scale,1536,1,soft_dimension,soft_dimension,soft_dimension,candidate,True,-0.24044306500273116,0.06243496357960454,0.681677275820491,1472,1536,-64
modular,transformer_publication_20260622T101458Z_modular_seed113,113,fixed_update_scale,1536,1,gradient_norm,gradient_norm,gradient_norm,candidate,False,-0.39038244215432366,0.12695109261186277,0.4831724406066676,1472,1536,-64
modular,transformer_publication_20260622T101458Z_modular_seed113,113,fixed_update_scale,1536,1,marginal_gain_edge,marginal_gain_edge,marginal_gain_edge,candidate,False,-0.34347472425926245,0.11654526534859522,0.5452735976736438,1536,1536,0
modular,transformer_publication_20260622T101458Z_modular_seed113,113,fixed_update_scale,1536,1,marginal_gain_soft,marginal_gain_soft,marginal_gain_soft,candidate,False,-0.34347472425926245,0.11654526534859522,0.5452735976736438,1536,1536,0
modular,transformer_publication_20260622T101458Z_modular_seed113,113,standard,1536,1,uniform,uniform,uniform,cap_baseline,False,0.47871033687621334,-0.1696149843912591,1.673071773486517,1152,1536,-384
modular,transformer_publication_20260622T101458Z_modular_seed113,113,standard,1536,1,effective_rank,effective_rank,effective_rank,candidate,False,0.589500771414849,-0.17793964620187308,1.8288442908440103,1536,1536,0
modular,transformer_publication_20260622T101458Z_modular_seed113,113,standard,1536,1,soft_dimension,soft_dimension,soft_dimension,candidate,True,-0.15303461069122937,0.08532778355879289,0.7848317262273795,1472,1536,-64
modular,transformer_publication_20260622T101458Z_modular_seed113,113,standard,1536,1,gradient_norm,gradient_norm,gradient_norm,candidate,False,0.1890461606736238,-0.031217481789802326,1.2658008921756698,1472,1536,-64
modular,transformer_publication_20260622T101458Z_modular_seed113,113,standard,1536,1,marginal_gain_edge,marginal_gain_edge,marginal_gain_edge,candidate,False,0.4375274079027087,-0.117585848074922,1.6151681417779464,1536,1536,0
modular,transformer_publication_20260622T101458Z_modular_seed113,113,standard,1536,1,marginal_gain_soft,marginal_gain_soft,marginal_gain_soft,candidate,False,0.4375274079027087,-0.117585848074922,1.6151681417779464,1536,1536,0
modular,transformer_publication_20260622T101458Z_modular_seed113,113,rslora,1536,1,uniform,uniform,uniform,cap_baseline,False,0.2323941288827982,-0.10093652445369405,1.2717956439527782,1152,1536,-384
modular,transformer_publication_20260622T101458Z_modular_seed113,113,rslora,1536,1,effective_rank,effective_rank,effective_rank,candidate,False,-0.43714624426243337,0.15400624349635794,0.4887373208091352,1536,1536,0
modular,transformer_publication_20260622T101458Z_modular_seed113,113,rslora,1536,1,soft_dimension,soft_dimension,soft_dimension,candidate,True,-0.24857690939670052,0.08949011446409993,0.7092778484290333,1472,1536,-64
modular,transformer_publication_20260622T101458Z_modular_seed113,113,rslora,1536,1,gradient_norm,gradient_norm,gradient_norm,candidate,False,-0.3428158196896842,0.0978147762747138,0.599061099702962,1472,1536,-64
modular,transformer_publication_20260622T101458Z_modular_seed113,113,rslora,1536,1,marginal_gain_edge,marginal_gain_edge,marginal_gain_edge,candidate,False,-0.4757031025859246,0.15504682622268473,0.44364329805043445,1536,1536,0
modular,transformer_publication_20260622T101458Z_modular_seed113,113,rslora,1536,1,marginal_gain_soft,marginal_gain_soft,marginal_gain_soft,candidate,False,-0.4757031025859246,0.15504682622268473,0.44364329805043445,1536,1536,0
modular,transformer_publication_20260622T101458Z_modular_seed113,113,fixed_update_scale,1536,2,uniform,uniform,uniform,cap_baseline,False,0.16214085586609384,-0.07596253902185224,1.1920440058709363,1152,1536,-384
modular,transformer_publication_20260622T101458Z_modular_seed113,113,fixed_update_scale,1536,2,effective_rank,effective_rank,effective_rank,candidate,False,-0.15852633648930936,0.07075962539021852,0.8122371284348373,1536,1536,0
modular,transformer_publication_20260622T101458Z_modular_seed113,113,fixed_update_scale,1536,2,soft_dimension,soft_dimension,soft_dimension,candidate,True,-0.19569960878493264,0.10718002081165456,0.7682081014209529,1472,1536,-64
modular,transformer_publication_20260622T101458Z_modular_seed113,113,fixed_update_scale,1536,2,gradient_norm,gradient_norm,gradient_norm,candidate,False,-0.2134023256033939,0.11030176899063482,0.7472405258246838,1472,1536,-64
modular,transformer_publication_20260622T101458Z_modular_seed113,113,fixed_update_scale,1536,2,marginal_gain_edge,marginal_gain_edge,marginal_gain_edge,candidate,False,-0.3968271962313697,0.15504682622268473,0.5299871584140278,1536,1536,0
modular,transformer_publication_20260622T101458Z_modular_seed113,113,fixed_update_scale,1536,2,marginal_gain_soft,marginal_gain_soft,marginal_gain_soft,candidate,False,-0.3968271962313697,0.15504682622268473,0.5299871584140278,1536,1536,0
modular,transformer_publication_20260622T101458Z_modular_seed113,113,standard,1536,2,uniform,uniform,uniform,cap_baseline,False,0.31071438824100905,-0.13423517169614985,1.4196865458927737,1152,1536,-384
modular,transformer_publication_20260622T101458Z_modular_seed113,113,standard,1536,2,effective_rank,effective_rank,effective_rank,candidate,False,-0.14224377376852126,0.055150884495317354,0.8078692189775307,1536,1536,0
modular,transformer_publication_20260622T101458Z_modular_seed113,113,standard,1536,2,soft_dimension,soft_dimension,soft_dimension,candidate,True,-0.1456055743513196,0.06451612903225812,0.8033283849255184,1472,1536,-64
modular,transformer_publication_20260622T101458Z_modular_seed113,113,standard,1536,2,gradient_norm,gradient_norm,gradient_norm,candidate,False,-0.10211171276487496,0.018730489073881418,0.8620761907162003,1472,1536,-64
modular,transformer_publication_20260622T101458Z_modular_seed113,113,standard,1536,2,marginal_gain_edge,marginal_gain_edge,marginal_gain_edge,candidate,False,-0.18254726201016747,0.05827263267429761,0.7534306979186143,1536,1536,0
modular,transformer_publication_20260622T101458Z_modular_seed113,113,standard,1536,2,marginal_gain_soft,marginal_gain_soft,marginal_gain_soft,candidate,False,-0.18254726201016747,0.05827263267429761,0.7534306979186143,1536,1536,0
modular,transformer_publication_20260622T101458Z_modular_seed113,113,rslora,1536,2,uniform,uniform,uniform,cap_baseline,False,0.06138326139281369,-0.013527575442247697,1.0832972357436874,1152,1536,-384
modular,transformer_publication_20260622T101458Z_modular_seed113,113,rslora,1536,2,effective_rank,effective_rank,effective_rank,candidate,False,-0.03734063953316302,0.03954214360041619,0.949328660885098,1536,1536,0
modular,transformer_publication_20260622T101458Z_modular_seed113,113,rslora,1536,2,soft_dimension,soft_dimension,soft_dimension,candidate,True,-0.17909708777277833,0.09677419354838701,0.756964814141278,1472,1536,-64
modular,transformer_publication_20260622T101458Z_modular_seed113,113,rslora,1536,2,gradient_norm,gradient_norm,gradient_norm,candidate,False,-0.0011037303431349343,0.059313215400624286,0.9985022352266161,1472,1536,-64
modular,transformer_publication_20260622T101458Z_modular_seed113,113,rslora,1536,2,marginal_gain_edge,marginal_gain_edge,marginal_gain_edge,candidate,False,-0.3063515236796996,0.11966701352757536,0.5842802335789012,1536,1536,0
modular,transformer_publication_20260622T101458Z_modular_seed113,113,rslora,1536,2,marginal_gain_soft,marginal_gain_soft,marginal_gain_soft,candidate,False,-0.3063515236796996,0.11966701352757536,0.5842802335789012,1536,1536,0
modular,transformer_publication_20260622T101458Z_modular_seed113,113,fixed_update_scale,2048,0,uniform,uniform,uniform,cap_baseline,False,0.4428209067631463,-0.1508844953173778,1.9303820259329414,1152,1920,-768
modular,transformer_publication_20260622T101458Z_modular_seed113,113,fixed_update_scale,2048,0,effective_rank,effective_rank,effective_rank,candidate,False,-0.090629127035528,0.031217481789802215,0.8095850725834205,2048,1920,128
modular,transformer_publication_20260622T101458Z_modular_seed113,113,fixed_update_scale,2048,0,soft_dimension,soft_dimension,soft_dimension,candidate,True,-0.090629127035528,0.031217481789802215,0.8095850725834205,2048,1920,128
modular,transformer_publication_20260622T101458Z_modular_seed113,113,fixed_update_scale,2048,0,gradient_norm,gradient_norm,gradient_norm,candidate,False,-0.20843006051789953,0.06971904266389184,0.562081240952583,2048,1920,128
modular,transformer_publication_20260622T101458Z_modular_seed113,113,fixed_update_scale,2048,0,marginal_gain_edge,marginal_gain_edge,marginal_gain_edge,candidate,False,-0.090629127035528,0.031217481789802215,0.8095850725834205,2048,1920,128
modular,transformer_publication_20260622T101458Z_modular_seed113,113,fixed_update_scale,2048,0,marginal_gain_soft,marginal_gain_soft,marginal_gain_soft,candidate,False,-0.090629127035528,0.031217481789802215,0.8095850725834205,2048,1920,128
modular,transformer_publication_20260622T101458Z_modular_seed113,113,standard,2048,0,uniform,uniform,uniform,cap_baseline,False,0.44428406359625905,-0.14568158168574397,1.7691010994230965,1152,1920,-768
modular,transformer_publication_20260622T101458Z_modular_seed113,113,standard,2048,0,effective_rank,effective_rank,effective_rank,candidate,False,-0.12978864913180277,0.0593132154006244,0.7753225899396214,2048,1920,128
modular,transformer_publication_20260622T101458Z_modular_seed113,113,standard,2048,0,soft_dimension,soft_dimension,soft_dimension,candidate,True,-0.12978864913180277,0.0593132154006244,0.7753225899396214,2048,1920,128
modular,transformer_publication_20260622T101458Z_modular_seed113,113,standard,2048,0,gradient_norm,gradient_norm,gradient_norm,candidate,False,-0.19148419628406294,0.07596253902185213,0.6685212953799479,2048,1920,128
modular,transformer_publication_20260622T101458Z_modular_seed113,113,standard,2048,0,marginal_gain_edge,marginal_gain_edge,marginal_gain_edge,candidate,False,-0.12978864913180277,0.0593132154006244,0.7753225899396214,2048,1920,128
modular,transformer_publication_20260622T101458Z_modular_seed113,113,standard,2048,0,marginal_gain_soft,marginal_gain_soft,marginal_gain_soft,candidate,False,-0.12978864913180277,0.0593132154006244,0.7753225899396214,2048,1920,128
modular,transformer_publication_20260622T101458Z_modular_seed113,113,rslora,2048,0,uniform,uniform,uniform,cap_baseline,False,0.65519944596241,-0.24557752341311134,2.576236272020876,1152,1920,-768
modular,transformer_publication_20260622T101458Z_modular_seed113,113,rslora,2048,0,effective_rank,effective_rank,effective_rank,candidate,False,-0.05660571686683158,0.04266389177939656,0.8638216428919832,2048,1920,128
modular,transformer_publication_20260622T101458Z_modular_seed113,113,rslora,2048,0,soft_dimension,soft_dimension,soft_dimension,candidate,True,-0.05660571686683158,0.04266389177939656,0.8638216428919832,2048,1920,128
modular,transformer_publication_20260622T101458Z_modular_seed113,113,rslora,2048,0,gradient_norm,gradient_norm,gradient_norm,candidate,False,-0.1412044519192222,0.06867845993756494,0.6602995007741884,2048,1920,128
modular,transformer_publication_20260622T101458Z_modular_seed113,113,rslora,2048,0,marginal_gain_edge,marginal_gain_edge,marginal_gain_edge,candidate,False,-0.05660571686683158,0.04266389177939656,0.8638216428919832,2048,1920,128
modular,transformer_publication_20260622T101458Z_modular_seed113,113,rslora,2048,0,marginal_gain_soft,marginal_gain_soft,marginal_gain_soft,candidate,False,-0.05660571686683158,0.04266389177939656,0.8638216428919832,2048,1920,128
modular,transformer_publication_20260622T101458Z_modular_seed113,113,fixed_update_scale,2048,1,uniform,uniform,uniform,cap_baseline,False,0.5046754266047205,-0.19250780437044746,2.0556443832944975,1152,1920,-768
modular,transformer_publication_20260622T101458Z_modular_seed113,113,fixed_update_scale,2048,1,effective_rank,effective_rank,effective_rank,candidate,False,-0.133235809737264,0.06451612903225801,0.7213067512538137,2048,1920,128
modular,transformer_publication_20260622T101458Z_modular_seed113,113,fixed_update_scale,2048,1,soft_dimension,soft_dimension,soft_dimension,candidate,True,-0.133235809737264,0.06451612903225801,0.7213067512538137,2048,1920,128
modular,transformer_publication_20260622T101458Z_modular_seed113,113,fixed_update_scale,2048,1,gradient_norm,gradient_norm,gradient_norm,candidate,False,-0.2084401934005467,0.07284079084287198,0.5639995374919494,2048,1920,128
modular,transformer_publication_20260622T101458Z_modular_seed113,113,fixed_update_scale,2048,1,marginal_gain_edge,marginal_gain_edge,marginal_gain_edge,candidate,False,-0.133235809737264,0.06451612903225801,0.7213067512538137,2048,1920,128
modular,transformer_publication_20260622T101458Z_modular_seed113,113,fixed_update_scale,2048,1,marginal_gain_soft,marginal_gain_soft,marginal_gain_soft,candidate,False,-0.133235809737264,0.06451612903225801,0.7213067512538137,2048,1920,128
modular,transformer_publication_20260622T101458Z_modular_seed113,113,standard,2048,1,uniform,uniform,uniform,cap_baseline,False,0.7071581524443056,-0.2799167533818938,2.966561712642452,1152,1920,-768
modular,transformer_publication_20260622T101458Z_modular_seed113,113,standard,2048,1,effective_rank,effective_rank,effective_rank,candidate,False,0.13845927977661193,-0.03954214360041619,1.3850464248026602,2048,1920,128
modular,transformer_publication_20260622T101458Z_modular_seed113,113,standard,2048,1,soft_dimension,soft_dimension,soft_dimension,candidate,True,0.13845927977661193,-0.03954214360041619,1.3850464248026602,2048,1920,128
modular,transformer_publication_20260622T101458Z_modular_seed113,113,standard,2048,1,gradient_norm,gradient_norm,gradient_norm,candidate,False,0.036793028123669025,-0.03537981269510926,1.1023190642009646,2048,1920,128
modular,transformer_publication_20260622T101458Z_modular_seed113,113,standard,2048,1,marginal_gain_edge,marginal_gain_edge,marginal_gain_edge,candidate,False,0.13845927977661193,-0.03954214360041619,1.3850464248026602,2048,1920,128
modular,transformer_publication_20260622T101458Z_modular_seed113,113,standard,2048,1,marginal_gain_soft,marginal_gain_soft,marginal_gain_soft,candidate,False,0.13845927977661193,-0.03954214360041619,1.3850464248026602,2048,1920,128
modular,transformer_publication_20260622T101458Z_modular_seed113,113,rslora,2048,1,uniform,uniform,uniform,cap_baseline,False,0.5803927273705648,-0.2362122788761707,2.3037011520917208,1152,1920,-768
modular,transformer_publication_20260622T101458Z_modular_seed113,113,rslora,2048,1,effective_rank,effective_rank,effective_rank,candidate,False,0.028635211529270288,-0.024973985431841927,1.0643215472913128,2048,1920,128
modular,transformer_publication_20260622T101458Z_modular_seed113,113,rslora,2048,1,soft_dimension,soft_dimension,soft_dimension,candidate,True,0.028635211529270288,-0.024973985431841927,1.0643215472913128,2048,1920,128
modular,transformer_publication_20260622T101458Z_modular_seed113,113,rslora,2048,1,gradient_norm,gradient_norm,gradient_norm,candidate,False,-0.1188440675790054,0.027055150884495394,0.7330477441990886,2048,1920,128
modular,transformer_publication_20260622T101458Z_modular_seed113,113,rslora,2048,1,marginal_gain_edge,marginal_gain_edge,marginal_gain_edge,candidate,False,0.028635211529270288,-0.024973985431841927,1.0643215472913128,2048,1920,128
modular,transformer_publication_20260622T101458Z_modular_seed113,113,rslora,2048,1,marginal_gain_soft,marginal_gain_soft,marginal_gain_soft,candidate,False,0.028635211529270288,-0.024973985431841927,1.0643215472913128,2048,1920,128
modular,transformer_publication_20260622T101458Z_modular_seed113,113,fixed_update_scale,2048,2,uniform,uniform,uniform,cap_baseline,False,-0.11975291070531224,0.08949011446409982,0.872396792571991,1152,1920,-768
modular,transformer_publication_20260622T101458Z_modular_seed113,113,fixed_update_scale,2048,2,effective_rank,effective_rank,effective_rank,candidate,False,-0.6521345217567824,0.2601456815816856,0.3051153733083772,2048,1920,128
modular,transformer_publication_20260622T101458Z_modular_seed113,113,fixed_update_scale,2048,2,soft_dimension,soft_dimension,soft_dimension,candidate,True,-0.6521345217567824,0.2601456815816856,0.3051153733083772,2048,1920,128
modular,transformer_publication_20260622T101458Z_modular_seed113,113,fixed_update_scale,2048,2,gradient_norm,gradient_norm,gradient_norm,candidate,False,-0.4331402887166723,0.17169614984391257,0.5384655806609179,2048,1920,128
modular,transformer_publication_20260622T101458Z_modular_seed113,113,fixed_update_scale,2048,2,marginal_gain_edge,marginal_gain_edge,marginal_gain_edge,candidate,False,-0.6521345217567824,0.2601456815816856,0.3051153733083772,2048,1920,128
modular,transformer_publication_20260622T101458Z_modular_seed113,113,fixed_update_scale,2048,2,marginal_gain_soft,marginal_gain_soft,marginal_gain_soft,candidate,False,-0.6521345217567824,0.2601456815816856,0.3051153733083772,2048,1920,128
modular,transformer_publication_20260622T101458Z_modular_seed113,113,standard,2048,2,uniform,uniform,uniform,cap_baseline,False,0.5647404974134607,-0.20603537981269515,1.744514964136728,1152,1920,-768
modular,transformer_publication_20260622T101458Z_modular_seed113,113,standard,2048,2,effective_rank,effective_rank,effective_rank,candidate,False,-0.22356939861603264,0.06763787721123826,0.7052615076215747,2048,1920,128
modular,transformer_publication_20260622T101458Z_modular_seed113,113,standard,2048,2,soft_dimension,soft_dimension,soft_dimension,candidate,True,-0.22356939861603264,0.06763787721123826,0.7052615076215747,2048,1920,128
modular,transformer_publication_20260622T101458Z_modular_seed113,113,standard,2048,2,gradient_norm,gradient_norm,gradient_norm,candidate,False,-0.25556061983604716,0.08949011446409993,0.6630864855921708,2048,1920,128
modular,transformer_publication_20260622T101458Z_modular_seed113,113,standard,2048,2,marginal_gain_edge,marginal_gain_edge,marginal_gain_edge,candidate,False,-0.22356939861603264,0.06763787721123826,0.7052615076215747,2048,1920,128
modular,transformer_publication_20260622T101458Z_modular_seed113,113,standard,2048,2,marginal_gain_soft,marginal_gain_soft,marginal_gain_soft,candidate,False,-0.22356939861603264,0.06763787721123826,0.7052615076215747,2048,1920,128
modular,transformer_publication_20260622T101458Z_modular_seed113,113,rslora,2048,2,uniform,uniform,uniform,cap_baseline,False,0.4422357493583169,-0.1956295525494277,1.596207569952741,1152,1920,-768
modular,transformer_publication_20260622T101458Z_modular_seed113,113,rslora,2048,2,effective_rank,effective_rank,effective_rank,candidate,False,-0.40239773983761873,0.10822060353798124,0.45750071320291374,2048,1920,128
modular,transformer_publication_20260622T101458Z_modular_seed113,113,rslora,2048,2,soft_dimension,soft_dimension,soft_dimension,candidate,True,-0.40239773983761873,0.10822060353798124,0.45750071320291374,2048,1920,128
modular,transformer_publication_20260622T101458Z_modular_seed113,113,rslora,2048,2,gradient_norm,gradient_norm,gradient_norm,candidate,False,-0.40604912155500683,0.117585848074922,0.45257804147442365,2048,1920,128
modular,transformer_publication_20260622T101458Z_modular_seed113,113,rslora,2048,2,marginal_gain_edge,marginal_gain_edge,marginal_gain_edge,candidate,False,-0.40239773983761873,0.10822060353798124,0.45750071320291374,2048,1920,128
modular,transformer_publication_20260622T101458Z_modular_seed113,113,rslora,2048,2,marginal_gain_soft,marginal_gain_soft,marginal_gain_soft,candidate,False,-0.40239773983761873,0.10822060353798124,0.45750071320291374,2048,1920,128
modular,transformer_publication_20260622T101458Z_modular_seed113,113,fixed_update_scale,3072,0,uniform,uniform,uniform,cap_baseline,False,0.38463611246457835,-0.13215400624349627,2.6176379976807422,2304,3072,-768
modular,transformer_publication_20260622T101458Z_modular_seed113,113,fixed_update_scale,3072,0,effective_rank,effective_rank,effective_rank,candidate,False,-0.0753484075107882,0.020811654526534995,0.6831123154994744,3072,3072,0
modular,transformer_publication_20260622T101458Z_modular_seed113,113,fixed_update_scale,3072,0,soft_dimension,soft_dimension,soft_dimension,candidate,True,-0.0753484075107882,0.020811654526534995,0.6831123154994744,3072,3072,0
modular,transformer_publication_20260622T101458Z_modular_seed113,113,fixed_update_scale,3072,0,gradient_norm,gradient_norm,gradient_norm,candidate,False,-0.11306228415030721,0.031217481789802437,0.5245016236925569,3072,3072,0
modular,transformer_publication_20260622T101458Z_modular_seed113,113,fixed_update_scale,3072,0,marginal_gain_edge,marginal_gain_edge,marginal_gain_edge,candidate,False,-0.0474569776737975,0.003121748178980477,0.8004134093173814,3072,3072,0
modular,transformer_publication_20260622T101458Z_modular_seed113,113,fixed_update_scale,3072,0,marginal_gain_soft,marginal_gain_soft,marginal_gain_soft,candidate,False,-0.0474569776737975,0.003121748178980477,0.8004134093173814,3072,3072,0
modular,transformer_publication_20260622T101458Z_modular_seed113,113,standard,3072,0,uniform,uniform,uniform,cap_baseline,False,0.2092481476025081,-0.07700312174817892,1.9392874920575975,2304,3072,-768
modular,transformer_publication_20260622T101458Z_modular_seed113,113,standard,3072,0,effective_rank,effective_rank,effective_rank,candidate,False,0.022896697661383025,0.003121748178980255,1.1027802729399347,3072,3072,0
modular,transformer_publication_20260622T101458Z_modular_seed113,113,standard,3072,0,soft_dimension,soft_dimension,soft_dimension,candidate,True,0.022896697661383025,0.003121748178980255,1.1027802729399347,3072,3072,0
modular,transformer_publication_20260622T101458Z_modular_seed113,113,standard,3072,0,gradient_norm,gradient_norm,gradient_norm,candidate,False,-0.049837458130596285,0.015608740894901274,0.7762861865475735,3072,3072,0
modular,transformer_publication_20260622T101458Z_modular_seed113,113,standard,3072,0,marginal_gain_edge,marginal_gain_edge,marginal_gain_edge,candidate,False,0.1056740176355182,-0.031217481789802215,1.4743568062025056,3072,3072,0
modular,transformer_publication_20260622T101458Z_modular_seed113,113,standard,3072,0,marginal_gain_soft,marginal_gain_soft,marginal_gain_soft,candidate,False,0.1056740176355182,-0.031217481789802215,1.4743568062025056,3072,3072,0
modular,transformer_publication_20260622T101458Z_modular_seed113,113,rslora,3072,0,uniform,uniform,uniform,cap_baseline,False,-0.24648936277373656,0.07596253902185235,0.5224025056521301,2304,3072,-768
modular,transformer_publication_20260622T101458Z_modular_seed113,113,rslora,3072,0,effective_rank,effective_rank,effective_rank,candidate,False,-0.23899805099237226,0.09781477627471391,0.5369176623951922,3072,3072,0
modular,transformer_publication_20260622T101458Z_modular_seed113,113,rslora,3072,0,soft_dimension,soft_dimension,soft_dimension,candidate,True,-0.23899805099237226,0.09781477627471391,0.5369176623951922,3072,3072,0
modular,transformer_publication_20260622T101458Z_modular_seed113,113,rslora,3072,0,gradient_norm,gradient_norm,gradient_norm,candidate,False,-0.36684945135781477,0.1186264308012488,0.2891929420410213,3072,3072,0
modular,transformer_publication_20260622T101458Z_modular_seed113,113,rslora,3072,0,marginal_gain_edge,marginal_gain_edge,marginal_gain_edge,candidate,False,-0.33141450748297235,0.10509885535900121,0.3578516468895428,3072,3072,0
modular,transformer_publication_20260622T101458Z_modular_seed113,113,rslora,3072,0,marginal_gain_soft,marginal_gain_soft,marginal_gain_soft,candidate,False,-0.33141450748297235,0.10509885535900121,0.3578516468895428,3072,3072,0
modular,transformer_publication_20260622T101458Z_modular_seed113,113,fixed_update_scale,3072,1,uniform,uniform,uniform,cap_baseline,False,0.3181873923409866,-0.11342351716961496,1.7399890410932728,2304,3072,-768
modular,transformer_publication_20260622T101458Z_modular_seed113,113,fixed_update_scale,3072,1,effective_rank,effective_rank,effective_rank,candidate,False,-0.1997670807277747,0.07596253902185224,0.5354138659544035,3072,3072,0
modular,transformer_publication_20260622T101458Z_modular_seed113,113,fixed_update_scale,3072,1,soft_dimension,soft_dimension,soft_dimension,candidate,True,-0.1997670807277747,0.07596253902185224,0.5354138659544035,3072,3072,0
modular,transformer_publication_20260622T101458Z_modular_seed113,113,fixed_update_scale,3072,1,gradient_norm,gradient_norm,gradient_norm,candidate,False,-0.30170954146754847,0.08324661810613943,0.2983324931994697,3072,3072,0
modular,transformer_publication_20260622T101458Z_modular_seed113,113,fixed_update_scale,3072,1,marginal_gain_edge,marginal_gain_edge,marginal_gain_edge,candidate,False,-0.18227034574616838,0.054110301768990676,0.576104956968553,3072,3072,0
modular,transformer_publication_20260622T101458Z_modular_seed113,113,fixed_update_scale,3072,1,marginal_gain_soft,marginal_gain_soft,marginal_gain_soft,candidate,False,-0.18227034574616838,0.054110301768990676,0.576104956968553,3072,3072,0
modular,transformer_publication_20260622T101458Z_modular_seed113,113,standard,3072,1,uniform,uniform,uniform,cap_baseline,False,0.4640095521706572,-0.17793964620187308,2.409715474722998,2304,3072,-768
modular,transformer_publication_20260622T101458Z_modular_seed113,113,standard,3072,1,effective_rank,effective_rank,effective_rank,candidate,False,-0.02789981804330688,0.019771071800207984,0.9152370785178573,3072,3072,0
modular,transformer_publication_20260622T101458Z_modular_seed113,113,standard,3072,1,soft_dimension,soft_dimension,soft_dimension,candidate,True,-0.02789981804330688,0.019771071800207984,0.9152370785178573,3072,3072,0
modular,transformer_publication_20260622T101458Z_modular_seed113,113,standard,3072,1,gradient_norm,gradient_norm,gradient_norm,candidate,False,-0.0763944253465016,0.02809573361082196,0.7679047703010963,3072,3072,0
modular,transformer_publication_20260622T101458Z_modular_seed113,113,standard,3072,1,marginal_gain_edge,marginal_gain_edge,marginal_gain_edge,candidate,False,-0.052004812845454385,0.01664932362122795,0.842003275395186,3072,3072,0
modular,transformer_publication_20260622T101458Z_modular_seed113,113,standard,3072,1,marginal_gain_soft,marginal_gain_soft,marginal_gain_soft,candidate,False,-0.052004812845454385,0.01664932362122795,0.842003275395186,3072,3072,0
modular,transformer_publication_20260622T101458Z_modular_seed113,113,rslora,3072,1,uniform,uniform,uniform,cap_baseline,False,0.15220799871587598,-0.0520291363163371,1.332539368037519,2304,3072,-768
modular,transformer_publication_20260622T101458Z_modular_seed113,113,rslora,3072,1,effective_rank,effective_rank,effective_rank,candidate,False,-0.08371705778183486,0.03954214360041641,0.8170975393960812,3072,3072,0
modular,transformer_publication_20260622T101458Z_modular_seed113,113,rslora,3072,1,soft_dimension,soft_dimension,soft_dimension,candidate,True,-0.08371705778183486,0.03954214360041641,0.8170975393960812,3072,3072,0
modular,transformer_publication_20260622T101458Z_modular_seed113,113,rslora,3072,1,gradient_norm,gradient_norm,gradient_norm,candidate,False,-0.3287858525358924,0.09781477627471402,0.2816787518108368,3072,3072,0
modular,transformer_publication_20260622T101458Z_modular_seed113,113,rslora,3072,1,marginal_gain_edge,marginal_gain_edge,marginal_gain_edge,candidate,False,-0.2694966404637736,0.07908428720083238,0.41121200420388837,3072,3072,0
modular,transformer_publication_20260622T101458Z_modular_seed113,113,rslora,3072,1,marginal_gain_soft,marginal_gain_soft,marginal_gain_soft,candidate,False,-0.2694966404637736,0.07908428720083238,0.41121200420388837,3072,3072,0
modular,transformer_publication_20260622T101458Z_modular_seed113,113,fixed_update_scale,3072,2,uniform,uniform,uniform,cap_baseline,False,0.0092792981900236,-0.003121748178980366,1.036458479035065,2304,3072,-768
modular,transformer_publication_20260622T101458Z_modular_seed113,113,fixed_update_scale,3072,2,effective_rank,effective_rank,effective_rank,candidate,False,-0.13160532111307843,0.04474505723205002,0.48292104182374973,3072,3072,0
modular,transformer_publication_20260622T101458Z_modular_seed113,113,fixed_update_scale,3072,2,soft_dimension,soft_dimension,soft_dimension,candidate,True,-0.13160532111307843,0.04474505723205002,0.48292104182374973,3072,3072,0
modular,transformer_publication_20260622T101458Z_modular_seed113,113,fixed_update_scale,3072,2,gradient_norm,gradient_norm,gradient_norm,candidate,False,-0.09299195695059853,0.03433922996878247,0.6346334341795259,3072,3072,0
modular,transformer_publication_20260622T101458Z_modular_seed113,113,fixed_update_scale,3072,2,marginal_gain_edge,marginal_gain_edge,marginal_gain_edge,candidate,False,-0.16504780837294963,0.04578563995837681,0.3515250897079635,3072,3072,0
modular,transformer_publication_20260622T101458Z_modular_seed113,113,fixed_update_scale,3072,2,marginal_gain_soft,marginal_gain_soft,marginal_gain_soft,candidate,False,-0.16504780837294963,0.04578563995837681,0.3515250897079635,3072,3072,0
modular,transformer_publication_20260622T101458Z_modular_seed113,113,standard,3072,2,uniform,uniform,uniform,cap_baseline,False,0.11177548721169081,-0.05098855359001031,1.5011222347413915,2304,3072,-768
modular,transformer_publication_20260622T101458Z_modular_seed113,113,standard,3072,2,effective_rank,effective_rank,effective_rank,candidate,False,-0.052652360590389996,0.005202913631633832,0.763944051941416,3072,3072,0
modular,transformer_publication_20260622T101458Z_modular_seed113,113,standard,3072,2,soft_dimension,soft_dimension,soft_dimension,candidate,True,-0.052652360590389996,0.005202913631633832,0.763944051941416,3072,3072,0
modular,transformer_publication_20260622T101458Z_modular_seed113,113,standard,3072,2,gradient_norm,gradient_norm,gradient_norm,candidate,False,-0.068315320779084,-0.002081165452653355,0.6937224156218309,3072,3072,0
modular,transformer_publication_20260622T101458Z_modular_seed113,113,standard,3072,2,marginal_gain_edge,marginal_gain_edge,marginal_gain_edge,candidate,False,-0.081968259473373,0.004162330905307043,0.6325122941547537,3072,3072,0
modular,transformer_publication_20260622T101458Z_modular_seed113,113,standard,3072,2,marginal_gain_soft,marginal_gain_soft,marginal_gain_soft,candidate,False,-0.081968259473373,0.004162330905307043,0.6325122941547537,3072,3072,0
modular,transformer_publication_20260622T101458Z_modular_seed113,113,rslora,3072,2,uniform,uniform,uniform,cap_baseline,False,0.09096653528441748,-0.024973985431841594,1.4077091542558686,2304,3072,-768
modular,transformer_publication_20260622T101458Z_modular_seed113,113,rslora,3072,2,effective_rank,effective_rank,effective_rank,candidate,False,-0.06539481013051932,0.028095733610822182,0.7069025147800222,3072,3072,0
modular,transformer_publication_20260622T101458Z_modular_seed113,113,rslora,3072,2,soft_dimension,soft_dimension,soft_dimension,candidate,True,-0.06539481013051932,0.028095733610822182,0.7069025147800222,3072,3072,0
modular,transformer_publication_20260622T101458Z_modular_seed113,113,rslora,3072,2,gradient_norm,gradient_norm,gradient_norm,candidate,False,-0.08239906446370582,0.0343392299687828,0.6306899808931484,3072,3072,0
modular,transformer_publication_20260622T101458Z_modular_seed113,113,rslora,3072,2,marginal_gain_edge,marginal_gain_edge,marginal_gain_edge,candidate,False,-0.11026770623864052,0.032258064516129226,0.5057836036985808,3072,3072,0
modular,transformer_publication_20260622T101458Z_modular_seed113,113,rslora,3072,2,marginal_gain_soft,marginal_gain_soft,marginal_gain_soft,candidate,False,-0.11026770623864052,0.032258064516129226,0.5057836036985808,3072,3072,0
modular,transformer_publication_20260622T101458Z_modular_seed113,113,fixed_update_scale,4096,0,uniform,uniform,uniform,cap_baseline,False,0.20486975156553827,-0.06867845993756505,1.7136504669010646,2304,3840,-1536
modular,transformer_publication_20260622T101458Z_modular_seed113,113,fixed_update_scale,4096,0,effective_rank,effective_rank,effective_rank,candidate,False,-0.09786232228271671,0.043704474505723234,0.6591029595369943,4096,3840,256
modular,transformer_publication_20260622T101458Z_modular_seed113,113,fixed_update_scale,4096,0,soft_dimension,soft_dimension,soft_dimension,candidate,True,-0.09786232228271671,0.043704474505723234,0.6591029595369943,4096,3840,256
modular,transformer_publication_20260622T101458Z_modular_seed113,113,fixed_update_scale,4096,0,gradient_norm,gradient_norm,gradient_norm,candidate,False,-0.20479096107099612,0.0593132154006244,0.2866239946667741,4096,3840,256
modular,transformer_publication_20260622T101458Z_modular_seed113,113,fixed_update_scale,4096,0,marginal_gain_edge,marginal_gain_edge,marginal_gain_edge,candidate,False,-0.10857383187367942,0.04474505723205002,0.6217901119233711,3840,3840,0
modular,transformer_publication_20260622T101458Z_modular_seed113,113,fixed_update_scale,4096,0,marginal_gain_soft,marginal_gain_soft,marginal_gain_soft,candidate,False,-0.09786232228271671,0.043704474505723234,0.6591029595369943,4096,3840,256
modular,transformer_publication_20260622T101458Z_modular_seed113,113,standard,4096,0,uniform,uniform,uniform,cap_baseline,False,0.30598445805749097,-0.10093652445369405,2.2369017669013336,2304,3840,-1536
modular,transformer_publication_20260622T101458Z_modular_seed113,113,standard,4096,0,effective_rank,effective_rank,effective_rank,candidate,False,-0.08493239369774452,0.04474505723205002,0.6566720136741009,4096,3840,256
modular,transformer_publication_20260622T101458Z_modular_seed113,113,standard,4096,0,soft_dimension,soft_dimension,soft_dimension,candidate,True,-0.08493239369774452,0.04474505723205002,0.6566720136741009,4096,3840,256
modular,transformer_publication_20260622T101458Z_modular_seed113,113,standard,4096,0,gradient_norm,gradient_norm,gradient_norm,candidate,False,-0.1650977582127073,0.04474505723205002,0.33261411334042923,4096,3840,256
modular,transformer_publication_20260622T101458Z_modular_seed113,113,standard,4096,0,marginal_gain_edge,marginal_gain_edge,marginal_gain_edge,candidate,False,-0.08305994432873082,0.038501560874089624,0.6642411429941633,3840,3840,0
modular,transformer_publication_20260622T101458Z_modular_seed113,113,standard,4096,0,marginal_gain_soft,marginal_gain_soft,marginal_gain_soft,candidate,False,-0.08493239369774452,0.04474505723205002,0.6566720136741009,4096,3840,256
modular,transformer_publication_20260622T101458Z_modular_seed113,113,rslora,4096,0,uniform,uniform,uniform,cap_baseline,False,0.2745229892440443,-0.08740894901144625,2.1424970831300567,2304,3840,-1536
modular,transformer_publication_20260622T101458Z_modular_seed113,113,rslora,4096,0,effective_rank,effective_rank,effective_rank,candidate,False,-0.0352146628619977,0.009365244536940764,0.8534452443708644,4096,3840,256
modular,transformer_publication_20260622T101458Z_modular_seed113,113,rslora,4096,0,soft_dimension,soft_dimension,soft_dimension,candidate,True,-0.0352146628619977,0.009365244536940764,0.8534452443708644,4096,3840,256
modular,transformer_publication_20260622T101458Z_modular_seed113,113,rslora,4096,0,gradient_norm,gradient_norm,gradient_norm,candidate,False,-0.1580013189848579,0.03954214360041641,0.34243741637816927,4096,3840,256
modular,transformer_publication_20260622T101458Z_modular_seed113,113,rslora,4096,0,marginal_gain_edge,marginal_gain_edge,marginal_gain_edge,candidate,False,-0.0952137078659592,0.03642039542143616,0.6037439931336617,3840,3840,0
modular,transformer_publication_20260622T101458Z_modular_seed113,113,rslora,4096,0,marginal_gain_soft,marginal_gain_soft,marginal_gain_soft,candidate,False,-0.0352146628619977,0.009365244536940764,0.8534452443708644,4096,3840,256
modular,transformer_publication_20260622T101458Z_modular_seed113,113,fixed_update_scale,4096,1,uniform,uniform,uniform,cap_baseline,False,0.1718323494033437,-0.06243496357960465,1.6556822213887934,2304,3840,-1536
modular,transformer_publication_20260622T101458Z_modular_seed113,113,fixed_update_scale,4096,1,effective_rank,effective_rank,effective_rank,candidate,False,-0.054815026587427707,0.021852237252861673,0.7908354362660481,4096,3840,256
modular,transformer_publication_20260622T101458Z_modular_seed113,113,fixed_update_scale,4096,1,soft_dimension,soft_dimension,soft_dimension,candidate,True,-0.054815026587427707,0.021852237252861673,0.7908354362660481,4096,3840,256
modular,transformer_publication_20260622T101458Z_modular_seed113,113,fixed_update_scale,4096,1,gradient_norm,gradient_norm,gradient_norm,candidate,False,-0.1378851550535282,0.03537981269510926,0.47385434072243254,4096,3840,256
modular,transformer_publication_20260622T101458Z_modular_seed113,113,fixed_update_scale,4096,1,marginal_gain_edge,marginal_gain_edge,marginal_gain_edge,candidate,False,-0.01616517648984689,-0.0020811654526535772,0.9383165110247951,3840,3840,0
modular,transformer_publication_20260622T101458Z_modular_seed113,113,fixed_update_scale,4096,1,marginal_gain_soft,marginal_gain_soft,marginal_gain_soft,candidate,False,-0.054815026587427707,0.021852237252861673,0.7908354362660481,4096,3840,256
modular,transformer_publication_20260622T101458Z_modular_seed113,113,standard,4096,1,uniform,uniform,uniform,cap_baseline,False,0.4972420767120219,-0.1945889698231008,4.284592534407325,2304,3840,-1536
modular,transformer_publication_20260622T101458Z_modular_seed113,113,standard,4096,1,effective_rank,effective_rank,effective_rank,candidate,False,-0.0037140842220909076,0.005202913631633832,0.9754661685336314,4096,3840,256
modular,transformer_publication_20260622T101458Z_modular_seed113,113,standard,4096,1,soft_dimension,soft_dimension,soft_dimension,candidate,True,-0.0037140842220909076,0.005202913631633832,0.9754661685336314,4096,3840,256
modular,transformer_publication_20260622T101458Z_modular_seed113,113,standard,4096,1,gradient_norm,gradient_norm,gradient_norm,candidate,False,-0.02720487687608819,0.009365244536940875,0.8202949032842591,4096,3840,256
modular,transformer_publication_20260622T101458Z_modular_seed113,113,standard,4096,1,marginal_gain_edge,marginal_gain_edge,marginal_gain_edge,candidate,False,0.12084488900965631,-0.02185223725286156,1.7982554953656484,3840,3840,0
modular,transformer_publication_20260622T101458Z_modular_seed113,113,standard,4096,1,marginal_gain_soft,marginal_gain_soft,marginal_gain_soft,candidate,False,-0.0037140842220909076,0.005202913631633832,0.9754661685336314,4096,3840,256
modular,transformer_publication_20260622T101458Z_modular_seed113,113,rslora,4096,1,uniform,uniform,uniform,cap_baseline,False,0.15494592106367128,-0.03433922996878247,1.6776316946084213,2304,3840,-1536
modular,transformer_publication_20260622T101458Z_modular_seed113,113,rslora,4096,1,effective_rank,effective_rank,effective_rank,candidate,False,-0.050827532370926604,0.026014568158168605,0.7777137555036242,4096,3840,256
modular,transformer_publication_20260622T101458Z_modular_seed113,113,rslora,4096,1,soft_dimension,soft_dimension,soft_dimension,candidate,True,-0.050827532370926604,0.026014568158168605,0.7777137555036242,4096,3840,256
modular,transformer_publication_20260622T101458Z_modular_seed113,113,rslora,4096,1,gradient_norm,gradient_norm,gradient_norm,candidate,False,-0.10447666738240449,0.03433922996878258,0.5430876742067515,4096,3840,256
modular,transformer_publication_20260622T101458Z_modular_seed113,113,rslora,4096,1,marginal_gain_edge,marginal_gain_edge,marginal_gain_edge,candidate,False,-0.0063768526641933,0.019771071800208206,0.9721118345843396,3840,3840,0
modular,transformer_publication_20260622T101458Z_modular_seed113,113,rslora,4096,1,marginal_gain_soft,marginal_gain_soft,marginal_gain_soft,candidate,False,-0.050827532370926604,0.026014568158168605,0.7777137555036242,4096,3840,256
modular,transformer_publication_20260622T101458Z_modular_seed113,113,fixed_update_scale,4096,2,uniform,uniform,uniform,cap_baseline,False,0.054107768664623024,-0.02289281997918824,1.1776005737049664,2304,3840,-1536
modular,transformer_publication_20260622T101458Z_modular_seed113,113,fixed_update_scale,4096,2,effective_rank,effective_rank,effective_rank,candidate,False,-0.12458441805765111,0.04474505723205002,0.5910704753159612,4096,3840,256
modular,transformer_publication_20260622T101458Z_modular_seed113,113,fixed_update_scale,4096,2,soft_dimension,soft_dimension,soft_dimension,candidate,True,-0.12458441805765111,0.04474505723205002,0.5910704753159612,4096,3840,256
modular,transformer_publication_20260622T101458Z_modular_seed113,113,fixed_update_scale,4096,2,gradient_norm,gradient_norm,gradient_norm,candidate,False,-0.18689736807631652,0.04266389177939656,0.3865376338092364,4096,3840,256
modular,transformer_publication_20260622T101458Z_modular_seed113,113,fixed_update_scale,4096,2,marginal_gain_edge,marginal_gain_edge,marginal_gain_edge,candidate,False,-0.19805585291395578,0.05202913631633721,0.3499115936351084,3840,3840,0
modular,transformer_publication_20260622T101458Z_modular_seed113,113,fixed_update_scale,4096,2,marginal_gain_soft,marginal_gain_soft,marginal_gain_soft,candidate,False,-0.12458441805765111,0.04474505723205002,0.5910704753159612,4096,3840,256
modular,transformer_publication_20260622T101458Z_modular_seed113,113,standard,4096,2,uniform,uniform,uniform,cap_baseline,False,0.1588960053490302,-0.04994797086368363,1.8032054714549601,2304,3840,-1536
modular,transformer_publication_20260622T101458Z_modular_seed113,113,standard,4096,2,effective_rank,effective_rank,effective_rank,candidate,False,-0.01453596541152169,-0.004162330905306821,0.9265219605378485,4096,3840,256
modular,transformer_publication_20260622T101458Z_modular_seed113,113,standard,4096,2,soft_dimension,soft_dimension,soft_dimension,candidate,True,-0.01453596541152169,-0.004162330905306821,0.9265219605378485,4096,3840,256
modular,transformer_publication_20260622T101458Z_modular_seed113,113,standard,4096,2,gradient_norm,gradient_norm,gradient_norm,candidate,False,-0.0800648369321466,0.005202913631633721,0.5952792208099282,4096,3840,256
modular,transformer_publication_20260622T101458Z_modular_seed113,113,standard,4096,2,marginal_gain_edge,marginal_gain_edge,marginal_gain_edge,candidate,False,0.1652023472070197,-0.05619146722164403,1.835083480433702,3840,3840,0
modular,transformer_publication_20260622T101458Z_modular_seed113,113,standard,4096,2,marginal_gain_soft,marginal_gain_soft,marginal_gain_soft,candidate,False,-0.01453596541152169,-0.004162330905306821,0.9265219605378485,4096,3840,256
modular,transformer_publication_20260622T101458Z_modular_seed113,113,rslora,4096,2,uniform,uniform,uniform,cap_baseline,False,0.12903381888749826,-0.038501560874089624,1.4604155557871803,2304,3840,-1536
modular,transformer_publication_20260622T101458Z_modular_seed113,113,rslora,4096,2,effective_rank,effective_rank,effective_rank,candidate,False,-0.09126171786008591,0.04682622268470338,0.6743620012728668,4096,3840,256
modular,transformer_publication_20260622T101458Z_modular_seed113,113,rslora,4096,2,soft_dimension,soft_dimension,soft_dimension,candidate,True,-0.09126171786008591,0.04682622268470338,0.6743620012728668,4096,3840,256
modular,transformer_publication_20260622T101458Z_modular_seed113,113,rslora,4096,2,gradient_norm,gradient_norm,gradient_norm,candidate,False,-0.16249261708090873,0.04682622268470338,0.4201975168242611,4096,3840,256
modular,transformer_publication_20260622T101458Z_modular_seed113,113,rslora,4096,2,marginal_gain_edge,marginal_gain_edge,marginal_gain_edge,candidate,False,-0.096178599531519,0.05202913631633721,0.6568176952373581,3840,3840,0
modular,transformer_publication_20260622T101458Z_modular_seed113,113,rslora,4096,2,marginal_gain_soft,marginal_gain_soft,marginal_gain_soft,candidate,False,-0.09126171786008591,0.04682622268470338,0.6743620012728668,4096,3840,256
