task_family,run,seed,scaling_mode,condition_id,rule,allocation_rule,comparison_role,is_primary_allocation_rule,budget,n_adaptation_replicates,actual_cost,requested_budget,final_val_loss,final_val_accuracy,diverged_count
associative_recall,transformer_publication_20260622T101458Z_associative_recall_seed101,101,fixed_update_scale,effective_rank,effective_rank,effective_rank,candidate,False,512,3,512.0,512.0,0.22118641808629033,0.9615885416666666,0
associative_recall,transformer_publication_20260622T101458Z_associative_recall_seed101,101,fixed_update_scale,effective_rank,effective_rank,effective_rank,candidate,False,1024,3,1024.0,1024.0,0.019699862071623334,1.0,0
associative_recall,transformer_publication_20260622T101458Z_associative_recall_seed101,101,fixed_update_scale,effective_rank,effective_rank,effective_rank,candidate,False,1536,3,1472.0,1536.0,0.008347971869322101,1.0,0
associative_recall,transformer_publication_20260622T101458Z_associative_recall_seed101,101,fixed_update_scale,effective_rank,effective_rank,effective_rank,candidate,False,2048,3,2048.0,2048.0,0.004051644752810966,1.0,0
associative_recall,transformer_publication_20260622T101458Z_associative_recall_seed101,101,fixed_update_scale,effective_rank,effective_rank,effective_rank,candidate,False,3072,3,3072.0,3072.0,0.0024438632487241334,1.0,0
associative_recall,transformer_publication_20260622T101458Z_associative_recall_seed101,101,fixed_update_scale,effective_rank,effective_rank,effective_rank,candidate,False,4096,3,4096.0,4096.0,0.0014673246672221002,1.0,0
associative_recall,transformer_publication_20260622T101458Z_associative_recall_seed101,101,fixed_update_scale,effective_rank,effective_rank,effective_rank,candidate,False,6144,3,6144.0,6144.0,0.0008945892889944667,1.0,0
associative_recall,transformer_publication_20260622T101458Z_associative_recall_seed101,101,fixed_update_scale,gradient_norm,gradient_norm,gradient_norm,candidate,False,512,3,512.0,512.0,0.33816746560235816,1.0,0
associative_recall,transformer_publication_20260622T101458Z_associative_recall_seed101,101,fixed_update_scale,gradient_norm,gradient_norm,gradient_norm,candidate,False,1024,3,1024.0,1024.0,0.015701305237598634,1.0,0
associative_recall,transformer_publication_20260622T101458Z_associative_recall_seed101,101,fixed_update_scale,gradient_norm,gradient_norm,gradient_norm,candidate,False,1536,3,1536.0,1536.0,0.006235581201811567,1.0,0
associative_recall,transformer_publication_20260622T101458Z_associative_recall_seed101,101,fixed_update_scale,gradient_norm,gradient_norm,gradient_norm,candidate,False,2048,3,2048.0,2048.0,0.0032270376201873666,1.0,0
associative_recall,transformer_publication_20260622T101458Z_associative_recall_seed101,101,fixed_update_scale,gradient_norm,gradient_norm,gradient_norm,candidate,False,3072,3,3072.0,3072.0,0.0020379087315328666,1.0,0
associative_recall,transformer_publication_20260622T101458Z_associative_recall_seed101,101,fixed_update_scale,gradient_norm,gradient_norm,gradient_norm,candidate,False,4096,3,4096.0,4096.0,0.0012647764427431666,1.0,0
associative_recall,transformer_publication_20260622T101458Z_associative_recall_seed101,101,fixed_update_scale,gradient_norm,gradient_norm,gradient_norm,candidate,False,6144,3,6144.0,6144.0,0.0008571879637505,1.0,0
associative_recall,transformer_publication_20260622T101458Z_associative_recall_seed101,101,fixed_update_scale,marginal_gain_edge,marginal_gain_edge,marginal_gain_edge,candidate,False,512,3,512.0,512.0,0.29842672497034073,1.0,0
associative_recall,transformer_publication_20260622T101458Z_associative_recall_seed101,101,fixed_update_scale,marginal_gain_edge,marginal_gain_edge,marginal_gain_edge,candidate,False,1024,3,1024.0,1024.0,0.016330393341680297,1.0,0
associative_recall,transformer_publication_20260622T101458Z_associative_recall_seed101,101,fixed_update_scale,marginal_gain_edge,marginal_gain_edge,marginal_gain_edge,candidate,False,1536,3,1472.0,1536.0,0.007381900815137933,1.0,0
associative_recall,transformer_publication_20260622T101458Z_associative_recall_seed101,101,fixed_update_scale,marginal_gain_edge,marginal_gain_edge,marginal_gain_edge,candidate,False,2048,3,2048.0,2048.0,0.003448982577538067,1.0,0
associative_recall,transformer_publication_20260622T101458Z_associative_recall_seed101,101,fixed_update_scale,marginal_gain_edge,marginal_gain_edge,marginal_gain_edge,candidate,False,3072,3,3072.0,3072.0,0.0017308365883460335,1.0,0
associative_recall,transformer_publication_20260622T101458Z_associative_recall_seed101,101,fixed_update_scale,marginal_gain_edge,marginal_gain_edge,marginal_gain_edge,candidate,False,4096,3,4096.0,4096.0,0.0012334088144901332,1.0,0
associative_recall,transformer_publication_20260622T101458Z_associative_recall_seed101,101,fixed_update_scale,marginal_gain_edge,marginal_gain_edge,marginal_gain_edge,candidate,False,6144,3,6144.0,6144.0,0.0008299026182308667,1.0,0
associative_recall,transformer_publication_20260622T101458Z_associative_recall_seed101,101,fixed_update_scale,marginal_gain_soft,marginal_gain_soft,marginal_gain_soft,candidate,False,512,3,512.0,512.0,0.29842672497034073,1.0,0
associative_recall,transformer_publication_20260622T101458Z_associative_recall_seed101,101,fixed_update_scale,marginal_gain_soft,marginal_gain_soft,marginal_gain_soft,candidate,False,1024,3,1024.0,1024.0,0.022351106551165335,1.0,0
associative_recall,transformer_publication_20260622T101458Z_associative_recall_seed101,101,fixed_update_scale,marginal_gain_soft,marginal_gain_soft,marginal_gain_soft,candidate,False,1536,3,1536.0,1536.0,0.006292617646977266,1.0,0
associative_recall,transformer_publication_20260622T101458Z_associative_recall_seed101,101,fixed_update_scale,marginal_gain_soft,marginal_gain_soft,marginal_gain_soft,candidate,False,2048,3,2048.0,2048.0,0.0032640663654697998,1.0,0
associative_recall,transformer_publication_20260622T101458Z_associative_recall_seed101,101,fixed_update_scale,marginal_gain_soft,marginal_gain_soft,marginal_gain_soft,candidate,False,3072,3,3072.0,3072.0,0.0017308365883460335,1.0,0
associative_recall,transformer_publication_20260622T101458Z_associative_recall_seed101,101,fixed_update_scale,marginal_gain_soft,marginal_gain_soft,marginal_gain_soft,candidate,False,4096,3,4096.0,4096.0,0.0011721963674062334,1.0,0
associative_recall,transformer_publication_20260622T101458Z_associative_recall_seed101,101,fixed_update_scale,marginal_gain_soft,marginal_gain_soft,marginal_gain_soft,candidate,False,6144,3,6144.0,6144.0,0.0008334756906454334,1.0,0
associative_recall,transformer_publication_20260622T101458Z_associative_recall_seed101,101,fixed_update_scale,soft_dimension,soft_dimension,soft_dimension,candidate,True,512,3,512.0,512.0,0.22118641808629033,0.9615885416666666,0
associative_recall,transformer_publication_20260622T101458Z_associative_recall_seed101,101,fixed_update_scale,soft_dimension,soft_dimension,soft_dimension,candidate,True,1024,3,1024.0,1024.0,0.019699862071623334,1.0,0
associative_recall,transformer_publication_20260622T101458Z_associative_recall_seed101,101,fixed_update_scale,soft_dimension,soft_dimension,soft_dimension,candidate,True,1536,3,1472.0,1536.0,0.008347971869322101,1.0,0
associative_recall,transformer_publication_20260622T101458Z_associative_recall_seed101,101,fixed_update_scale,soft_dimension,soft_dimension,soft_dimension,candidate,True,2048,3,2048.0,2048.0,0.0049237391018929,1.0,0
associative_recall,transformer_publication_20260622T101458Z_associative_recall_seed101,101,fixed_update_scale,soft_dimension,soft_dimension,soft_dimension,candidate,True,3072,3,3072.0,3072.0,0.0024438632487241334,1.0,0
associative_recall,transformer_publication_20260622T101458Z_associative_recall_seed101,101,fixed_update_scale,soft_dimension,soft_dimension,soft_dimension,candidate,True,4096,3,4096.0,4096.0,0.0014673246672221002,1.0,0
associative_recall,transformer_publication_20260622T101458Z_associative_recall_seed101,101,fixed_update_scale,soft_dimension,soft_dimension,soft_dimension,candidate,True,6144,3,6144.0,6144.0,0.0008945892889944667,1.0,0
associative_recall,transformer_publication_20260622T101458Z_associative_recall_seed101,101,fixed_update_scale,uniform,uniform,uniform,cap_baseline,False,512,3,0.0,512.0,11.092491110165914,0.0,0
associative_recall,transformer_publication_20260622T101458Z_associative_recall_seed101,101,fixed_update_scale,uniform,uniform,uniform,cap_baseline,False,1024,3,0.0,1024.0,11.09502915541331,0.0,0
associative_recall,transformer_publication_20260622T101458Z_associative_recall_seed101,101,fixed_update_scale,uniform,uniform,uniform,cap_baseline,False,1536,3,1408.0,1536.0,0.013547964238872065,1.0,0
associative_recall,transformer_publication_20260622T101458Z_associative_recall_seed101,101,fixed_update_scale,uniform,uniform,uniform,cap_baseline,False,2048,3,1408.0,2048.0,0.013616865073951533,1.0,0
associative_recall,transformer_publication_20260622T101458Z_associative_recall_seed101,101,fixed_update_scale,uniform,uniform,uniform,cap_baseline,False,3072,3,2816.0,3072.0,0.0028351283011336663,1.0,0
associative_recall,transformer_publication_20260622T101458Z_associative_recall_seed101,101,fixed_update_scale,uniform,uniform,uniform,cap_baseline,False,4096,3,2816.0,4096.0,0.002964570895225367,1.0,0
associative_recall,transformer_publication_20260622T101458Z_associative_recall_seed101,101,fixed_update_scale,uniform,uniform,uniform,cap_baseline,False,6144,3,5632.0,6144.0,0.0010917455801972666,1.0,0
associative_recall,transformer_publication_20260622T101458Z_associative_recall_seed101,101,fixed_update_scale,uniform_exact_cost__1024,uniform_exact_cost__1024,uniform_exact_cost,exact_cost_baseline,False,1024,3,1024.0,1024.0,0.035750682077681,1.0,0
associative_recall,transformer_publication_20260622T101458Z_associative_recall_seed101,101,fixed_update_scale,uniform_exact_cost__1472,uniform_exact_cost__1472,uniform_exact_cost,exact_cost_baseline,False,1536,3,1472.0,1536.0,0.0100143267773091,1.0,0
associative_recall,transformer_publication_20260622T101458Z_associative_recall_seed101,101,fixed_update_scale,uniform_exact_cost__1536,uniform_exact_cost__1536,uniform_exact_cost,exact_cost_baseline,False,1536,3,1536.0,1536.0,0.0075346041315545,1.0,0
associative_recall,transformer_publication_20260622T101458Z_associative_recall_seed101,101,fixed_update_scale,uniform_exact_cost__2048,uniform_exact_cost__2048,uniform_exact_cost,exact_cost_baseline,False,2048,3,2048.0,2048.0,0.005277948531632566,1.0,0
associative_recall,transformer_publication_20260622T101458Z_associative_recall_seed101,101,fixed_update_scale,uniform_exact_cost__3072,uniform_exact_cost__3072,uniform_exact_cost,exact_cost_baseline,False,3072,3,3072.0,3072.0,0.002319512956698067,1.0,0
associative_recall,transformer_publication_20260622T101458Z_associative_recall_seed101,101,fixed_update_scale,uniform_exact_cost__4096,uniform_exact_cost__4096,uniform_exact_cost,exact_cost_baseline,False,4096,3,4096.0,4096.0,0.0016582521784584334,1.0,0
associative_recall,transformer_publication_20260622T101458Z_associative_recall_seed101,101,fixed_update_scale,uniform_exact_cost__512,uniform_exact_cost__512,uniform_exact_cost,exact_cost_baseline,False,512,3,512.0,512.0,0.22118641808629033,0.9615885416666666,0
associative_recall,transformer_publication_20260622T101458Z_associative_recall_seed101,101,fixed_update_scale,uniform_exact_cost__6144,uniform_exact_cost__6144,uniform_exact_cost,exact_cost_baseline,False,6144,3,6144.0,6144.0,0.0009655183506159,1.0,0
associative_recall,transformer_publication_20260622T101458Z_associative_recall_seed101,101,fixed_update_scale,uniform_fill,uniform_fill,uniform_fill,cap_baseline,False,512,3,512.0,512.0,0.27579080561796826,0.9993489583333334,0
associative_recall,transformer_publication_20260622T101458Z_associative_recall_seed101,101,fixed_update_scale,uniform_fill,uniform_fill,uniform_fill,cap_baseline,False,1024,3,1024.0,1024.0,0.035750682077681,1.0,0
associative_recall,transformer_publication_20260622T101458Z_associative_recall_seed101,101,fixed_update_scale,uniform_fill,uniform_fill,uniform_fill,cap_baseline,False,1536,3,1536.0,1536.0,0.013526970598225767,1.0,0
associative_recall,transformer_publication_20260622T101458Z_associative_recall_seed101,101,fixed_update_scale,uniform_fill,uniform_fill,uniform_fill,cap_baseline,False,2048,3,2048.0,2048.0,0.007318381355920133,1.0,0
associative_recall,transformer_publication_20260622T101458Z_associative_recall_seed101,101,fixed_update_scale,uniform_fill,uniform_fill,uniform_fill,cap_baseline,False,3072,3,3072.0,3072.0,0.0028262189880478663,1.0,0
associative_recall,transformer_publication_20260622T101458Z_associative_recall_seed101,101,fixed_update_scale,uniform_fill,uniform_fill,uniform_fill,cap_baseline,False,4096,3,4096.0,4096.0,0.0019165359990438002,1.0,0
associative_recall,transformer_publication_20260622T101458Z_associative_recall_seed101,101,fixed_update_scale,uniform_fill,uniform_fill,uniform_fill,cap_baseline,False,6144,3,6144.0,6144.0,0.0010523333233625335,1.0,0
associative_recall,transformer_publication_20260622T101458Z_associative_recall_seed101,101,rslora,effective_rank,effective_rank,effective_rank,candidate,False,512,3,512.0,512.0,0.1837682525316874,0.9573567708333334,0
associative_recall,transformer_publication_20260622T101458Z_associative_recall_seed101,101,rslora,effective_rank,effective_rank,effective_rank,candidate,False,1024,3,1024.0,1024.0,0.015134172514080934,1.0,0
associative_recall,transformer_publication_20260622T101458Z_associative_recall_seed101,101,rslora,effective_rank,effective_rank,effective_rank,candidate,False,1536,3,1472.0,1536.0,0.006489463868395666,1.0,0
associative_recall,transformer_publication_20260622T101458Z_associative_recall_seed101,101,rslora,effective_rank,effective_rank,effective_rank,candidate,False,2048,3,2048.0,2048.0,0.0033408209177044,1.0,0
associative_recall,transformer_publication_20260622T101458Z_associative_recall_seed101,101,rslora,effective_rank,effective_rank,effective_rank,candidate,False,3072,3,3072.0,3072.0,0.0020371868934792336,1.0,0
associative_recall,transformer_publication_20260622T101458Z_associative_recall_seed101,101,rslora,effective_rank,effective_rank,effective_rank,candidate,False,4096,3,4096.0,4096.0,0.0013958097988506335,1.0,0
associative_recall,transformer_publication_20260622T101458Z_associative_recall_seed101,101,rslora,effective_rank,effective_rank,effective_rank,candidate,False,6144,3,6144.0,6144.0,0.0009115934299187999,1.0,0
associative_recall,transformer_publication_20260622T101458Z_associative_recall_seed101,101,rslora,gradient_norm,gradient_norm,gradient_norm,candidate,False,512,3,512.0,512.0,0.31788042560219765,1.0,0
associative_recall,transformer_publication_20260622T101458Z_associative_recall_seed101,101,rslora,gradient_norm,gradient_norm,gradient_norm,candidate,False,1024,3,1024.0,1024.0,0.012319260470879534,1.0,0
associative_recall,transformer_publication_20260622T101458Z_associative_recall_seed101,101,rslora,gradient_norm,gradient_norm,gradient_norm,candidate,False,1536,3,1536.0,1536.0,0.005668737246499667,1.0,0
associative_recall,transformer_publication_20260622T101458Z_associative_recall_seed101,101,rslora,gradient_norm,gradient_norm,gradient_norm,candidate,False,2048,3,2048.0,2048.0,0.002752487664110933,1.0,0
associative_recall,transformer_publication_20260622T101458Z_associative_recall_seed101,101,rslora,gradient_norm,gradient_norm,gradient_norm,candidate,False,3072,3,3072.0,3072.0,0.0017465646669733669,1.0,0
associative_recall,transformer_publication_20260622T101458Z_associative_recall_seed101,101,rslora,gradient_norm,gradient_norm,gradient_norm,candidate,False,4096,3,4096.0,4096.0,0.0012422746901089333,1.0,0
associative_recall,transformer_publication_20260622T101458Z_associative_recall_seed101,101,rslora,gradient_norm,gradient_norm,gradient_norm,candidate,False,6144,3,6144.0,6144.0,0.0008926821659163,1.0,0
associative_recall,transformer_publication_20260622T101458Z_associative_recall_seed101,101,rslora,marginal_gain_edge,marginal_gain_edge,marginal_gain_edge,candidate,False,512,3,512.0,512.0,0.2685944624245167,1.0,0
associative_recall,transformer_publication_20260622T101458Z_associative_recall_seed101,101,rslora,marginal_gain_edge,marginal_gain_edge,marginal_gain_edge,candidate,False,1024,3,1024.0,1024.0,0.015117454614179767,1.0,0
associative_recall,transformer_publication_20260622T101458Z_associative_recall_seed101,101,rslora,marginal_gain_edge,marginal_gain_edge,marginal_gain_edge,candidate,False,1536,3,1472.0,1536.0,0.006151594396214867,1.0,0
associative_recall,transformer_publication_20260622T101458Z_associative_recall_seed101,101,rslora,marginal_gain_edge,marginal_gain_edge,marginal_gain_edge,candidate,False,2048,3,2048.0,2048.0,0.0030939996552963663,1.0,0
associative_recall,transformer_publication_20260622T101458Z_associative_recall_seed101,101,rslora,marginal_gain_edge,marginal_gain_edge,marginal_gain_edge,candidate,False,3072,3,3072.0,3072.0,0.0015596891656362334,1.0,0
associative_recall,transformer_publication_20260622T101458Z_associative_recall_seed101,101,rslora,marginal_gain_edge,marginal_gain_edge,marginal_gain_edge,candidate,False,4096,3,4096.0,4096.0,0.0012691230416142334,1.0,0
associative_recall,transformer_publication_20260622T101458Z_associative_recall_seed101,101,rslora,marginal_gain_edge,marginal_gain_edge,marginal_gain_edge,candidate,False,6144,3,6144.0,6144.0,0.0008419417232895333,1.0,0
associative_recall,transformer_publication_20260622T101458Z_associative_recall_seed101,101,rslora,marginal_gain_soft,marginal_gain_soft,marginal_gain_soft,candidate,False,512,3,512.0,512.0,0.2685944624245167,1.0,0
associative_recall,transformer_publication_20260622T101458Z_associative_recall_seed101,101,rslora,marginal_gain_soft,marginal_gain_soft,marginal_gain_soft,candidate,False,1024,3,1024.0,1024.0,0.022694668732583467,1.0,0
associative_recall,transformer_publication_20260622T101458Z_associative_recall_seed101,101,rslora,marginal_gain_soft,marginal_gain_soft,marginal_gain_soft,candidate,False,1536,3,1536.0,1536.0,0.005997604341246133,1.0,0
associative_recall,transformer_publication_20260622T101458Z_associative_recall_seed101,101,rslora,marginal_gain_soft,marginal_gain_soft,marginal_gain_soft,candidate,False,2048,3,2048.0,2048.0,0.0034749067078033665,1.0,0
associative_recall,transformer_publication_20260622T101458Z_associative_recall_seed101,101,rslora,marginal_gain_soft,marginal_gain_soft,marginal_gain_soft,candidate,False,3072,3,3072.0,3072.0,0.0015596891656362334,1.0,0
associative_recall,transformer_publication_20260622T101458Z_associative_recall_seed101,101,rslora,marginal_gain_soft,marginal_gain_soft,marginal_gain_soft,candidate,False,4096,3,4096.0,4096.0,0.0012696506843591334,1.0,0
associative_recall,transformer_publication_20260622T101458Z_associative_recall_seed101,101,rslora,marginal_gain_soft,marginal_gain_soft,marginal_gain_soft,candidate,False,6144,3,6144.0,6144.0,0.0009529874247769999,1.0,0
associative_recall,transformer_publication_20260622T101458Z_associative_recall_seed101,101,rslora,soft_dimension,soft_dimension,soft_dimension,candidate,True,512,3,512.0,512.0,0.1837682525316874,0.9573567708333334,0
associative_recall,transformer_publication_20260622T101458Z_associative_recall_seed101,101,rslora,soft_dimension,soft_dimension,soft_dimension,candidate,True,1024,3,1024.0,1024.0,0.015134172514080934,1.0,0
associative_recall,transformer_publication_20260622T101458Z_associative_recall_seed101,101,rslora,soft_dimension,soft_dimension,soft_dimension,candidate,True,1536,3,1472.0,1536.0,0.006489463868395666,1.0,0
associative_recall,transformer_publication_20260622T101458Z_associative_recall_seed101,101,rslora,soft_dimension,soft_dimension,soft_dimension,candidate,True,2048,3,2048.0,2048.0,0.0032940390034733335,1.0,0
associative_recall,transformer_publication_20260622T101458Z_associative_recall_seed101,101,rslora,soft_dimension,soft_dimension,soft_dimension,candidate,True,3072,3,3072.0,3072.0,0.0020371868934792336,1.0,0
associative_recall,transformer_publication_20260622T101458Z_associative_recall_seed101,101,rslora,soft_dimension,soft_dimension,soft_dimension,candidate,True,4096,3,4096.0,4096.0,0.0013958097988506335,1.0,0
associative_recall,transformer_publication_20260622T101458Z_associative_recall_seed101,101,rslora,soft_dimension,soft_dimension,soft_dimension,candidate,True,6144,3,6144.0,6144.0,0.0009115934299187999,1.0,0
associative_recall,transformer_publication_20260622T101458Z_associative_recall_seed101,101,rslora,uniform,uniform,uniform,cap_baseline,False,512,3,0.0,512.0,11.092491110165914,0.0,0
associative_recall,transformer_publication_20260622T101458Z_associative_recall_seed101,101,rslora,uniform,uniform,uniform,cap_baseline,False,1024,3,0.0,1024.0,11.09502915541331,0.0,0
associative_recall,transformer_publication_20260622T101458Z_associative_recall_seed101,101,rslora,uniform,uniform,uniform,cap_baseline,False,1536,3,1408.0,1536.0,0.010215401203216299,1.0,0
associative_recall,transformer_publication_20260622T101458Z_associative_recall_seed101,101,rslora,uniform,uniform,uniform,cap_baseline,False,2048,3,1408.0,2048.0,0.010029731318354567,1.0,0
associative_recall,transformer_publication_20260622T101458Z_associative_recall_seed101,101,rslora,uniform,uniform,uniform,cap_baseline,False,3072,3,2816.0,3072.0,0.0025187683398446665,1.0,0
associative_recall,transformer_publication_20260622T101458Z_associative_recall_seed101,101,rslora,uniform,uniform,uniform,cap_baseline,False,4096,3,2816.0,4096.0,0.0023338945854144,1.0,0
associative_recall,transformer_publication_20260622T101458Z_associative_recall_seed101,101,rslora,uniform,uniform,uniform,cap_baseline,False,6144,3,5632.0,6144.0,0.0010917455801972666,1.0,0
associative_recall,transformer_publication_20260622T101458Z_associative_recall_seed101,101,rslora,uniform_exact_cost__1024,uniform_exact_cost__1024,uniform_exact_cost,exact_cost_baseline,False,1024,3,1024.0,1024.0,0.029051048293088837,1.0,0
associative_recall,transformer_publication_20260622T101458Z_associative_recall_seed101,101,rslora,uniform_exact_cost__1472,uniform_exact_cost__1472,uniform_exact_cost,exact_cost_baseline,False,1536,3,1472.0,1536.0,0.007033040067957033,1.0,0
associative_recall,transformer_publication_20260622T101458Z_associative_recall_seed101,101,rslora,uniform_exact_cost__1536,uniform_exact_cost__1536,uniform_exact_cost,exact_cost_baseline,False,1536,3,1536.0,1536.0,0.0062952642135011,1.0,0
associative_recall,transformer_publication_20260622T101458Z_associative_recall_seed101,101,rslora,uniform_exact_cost__2048,uniform_exact_cost__2048,uniform_exact_cost,exact_cost_baseline,False,2048,3,2048.0,2048.0,0.004400855066099434,1.0,0
associative_recall,transformer_publication_20260622T101458Z_associative_recall_seed101,101,rslora,uniform_exact_cost__3072,uniform_exact_cost__3072,uniform_exact_cost,exact_cost_baseline,False,3072,3,3072.0,3072.0,0.0021148212205540666,1.0,0
associative_recall,transformer_publication_20260622T101458Z_associative_recall_seed101,101,rslora,uniform_exact_cost__4096,uniform_exact_cost__4096,uniform_exact_cost,exact_cost_baseline,False,4096,3,4096.0,4096.0,0.0015294509018227668,1.0,0
associative_recall,transformer_publication_20260622T101458Z_associative_recall_seed101,101,rslora,uniform_exact_cost__512,uniform_exact_cost__512,uniform_exact_cost,exact_cost_baseline,False,512,3,512.0,512.0,0.1837682525316874,0.9573567708333334,0
associative_recall,transformer_publication_20260622T101458Z_associative_recall_seed101,101,rslora,uniform_exact_cost__6144,uniform_exact_cost__6144,uniform_exact_cost,exact_cost_baseline,False,6144,3,6144.0,6144.0,0.0009785649672266667,1.0,0
associative_recall,transformer_publication_20260622T101458Z_associative_recall_seed101,101,rslora,uniform_fill,uniform_fill,uniform_fill,cap_baseline,False,512,3,512.0,512.0,0.3623599037528038,0.9970703125,0
associative_recall,transformer_publication_20260622T101458Z_associative_recall_seed101,101,rslora,uniform_fill,uniform_fill,uniform_fill,cap_baseline,False,1024,3,1024.0,1024.0,0.029051048293088837,1.0,0
associative_recall,transformer_publication_20260622T101458Z_associative_recall_seed101,101,rslora,uniform_fill,uniform_fill,uniform_fill,cap_baseline,False,1536,3,1536.0,1536.0,0.010602440510410767,1.0,0
associative_recall,transformer_publication_20260622T101458Z_associative_recall_seed101,101,rslora,uniform_fill,uniform_fill,uniform_fill,cap_baseline,False,2048,3,2048.0,2048.0,0.0049999388381062335,1.0,0
associative_recall,transformer_publication_20260622T101458Z_associative_recall_seed101,101,rslora,uniform_fill,uniform_fill,uniform_fill,cap_baseline,False,3072,3,3072.0,3072.0,0.002369864746772967,1.0,0
associative_recall,transformer_publication_20260622T101458Z_associative_recall_seed101,101,rslora,uniform_fill,uniform_fill,uniform_fill,cap_baseline,False,4096,3,4096.0,4096.0,0.0017785994859877668,1.0,0
associative_recall,transformer_publication_20260622T101458Z_associative_recall_seed101,101,rslora,uniform_fill,uniform_fill,uniform_fill,cap_baseline,False,6144,3,6144.0,6144.0,0.0010558585587811,1.0,0
associative_recall,transformer_publication_20260622T101458Z_associative_recall_seed101,101,standard,effective_rank,effective_rank,effective_rank,candidate,False,512,3,512.0,512.0,0.16714420790473616,0.9801432291666666,0
associative_recall,transformer_publication_20260622T101458Z_associative_recall_seed101,101,standard,effective_rank,effective_rank,effective_rank,candidate,False,1024,3,1024.0,1024.0,0.011079191851119134,1.0,0
associative_recall,transformer_publication_20260622T101458Z_associative_recall_seed101,101,standard,effective_rank,effective_rank,effective_rank,candidate,False,1536,3,1472.0,1536.0,0.0061886534288835325,1.0,0
associative_recall,transformer_publication_20260622T101458Z_associative_recall_seed101,101,standard,effective_rank,effective_rank,effective_rank,candidate,False,2048,3,2048.0,2048.0,0.0026109970155327004,1.0,0
associative_recall,transformer_publication_20260622T101458Z_associative_recall_seed101,101,standard,effective_rank,effective_rank,effective_rank,candidate,False,3072,3,3072.0,3072.0,0.0016239044489338335,1.0,0
associative_recall,transformer_publication_20260622T101458Z_associative_recall_seed101,101,standard,effective_rank,effective_rank,effective_rank,candidate,False,4096,3,4096.0,4096.0,0.0012519100710050334,1.0,0
associative_recall,transformer_publication_20260622T101458Z_associative_recall_seed101,101,standard,effective_rank,effective_rank,effective_rank,candidate,False,6144,3,6144.0,6144.0,0.0009399030119917334,1.0,0
associative_recall,transformer_publication_20260622T101458Z_associative_recall_seed101,101,standard,gradient_norm,gradient_norm,gradient_norm,candidate,False,512,3,512.0,512.0,0.31551548279821867,1.0,0
associative_recall,transformer_publication_20260622T101458Z_associative_recall_seed101,101,standard,gradient_norm,gradient_norm,gradient_norm,candidate,False,1024,3,1024.0,1024.0,0.011036178795620766,1.0,0
associative_recall,transformer_publication_20260622T101458Z_associative_recall_seed101,101,standard,gradient_norm,gradient_norm,gradient_norm,candidate,False,1536,3,1536.0,1536.0,0.004720778495538934,1.0,0
associative_recall,transformer_publication_20260622T101458Z_associative_recall_seed101,101,standard,gradient_norm,gradient_norm,gradient_norm,candidate,False,2048,3,2048.0,2048.0,0.0024548435855345665,1.0,0
associative_recall,transformer_publication_20260622T101458Z_associative_recall_seed101,101,standard,gradient_norm,gradient_norm,gradient_norm,candidate,False,3072,3,3072.0,3072.0,0.0015170522722958333,1.0,0
associative_recall,transformer_publication_20260622T101458Z_associative_recall_seed101,101,standard,gradient_norm,gradient_norm,gradient_norm,candidate,False,4096,3,4096.0,4096.0,0.0012311082585558999,1.0,0
associative_recall,transformer_publication_20260622T101458Z_associative_recall_seed101,101,standard,gradient_norm,gradient_norm,gradient_norm,candidate,False,6144,3,6144.0,6144.0,0.0009505127479011334,1.0,0
associative_recall,transformer_publication_20260622T101458Z_associative_recall_seed101,101,standard,marginal_gain_edge,marginal_gain_edge,marginal_gain_edge,candidate,False,512,3,512.0,512.0,0.25855756364762783,1.0,0
associative_recall,transformer_publication_20260622T101458Z_associative_recall_seed101,101,standard,marginal_gain_edge,marginal_gain_edge,marginal_gain_edge,candidate,False,1024,3,1024.0,1024.0,0.011586166355603602,1.0,0
associative_recall,transformer_publication_20260622T101458Z_associative_recall_seed101,101,standard,marginal_gain_edge,marginal_gain_edge,marginal_gain_edge,candidate,False,1536,3,1472.0,1536.0,0.005622041372892733,1.0,0
associative_recall,transformer_publication_20260622T101458Z_associative_recall_seed101,101,standard,marginal_gain_edge,marginal_gain_edge,marginal_gain_edge,candidate,False,2048,3,2048.0,2048.0,0.0026395487657282,1.0,0
associative_recall,transformer_publication_20260622T101458Z_associative_recall_seed101,101,standard,marginal_gain_edge,marginal_gain_edge,marginal_gain_edge,candidate,False,3072,3,3072.0,3072.0,0.0013430191805430666,1.0,0
associative_recall,transformer_publication_20260622T101458Z_associative_recall_seed101,101,standard,marginal_gain_edge,marginal_gain_edge,marginal_gain_edge,candidate,False,4096,3,4096.0,4096.0,0.0012906616369339331,1.0,0
associative_recall,transformer_publication_20260622T101458Z_associative_recall_seed101,101,standard,marginal_gain_edge,marginal_gain_edge,marginal_gain_edge,candidate,False,6144,3,6144.0,6144.0,0.0008382754579845334,1.0,0
associative_recall,transformer_publication_20260622T101458Z_associative_recall_seed101,101,standard,marginal_gain_soft,marginal_gain_soft,marginal_gain_soft,candidate,False,512,3,512.0,512.0,0.25855756364762783,1.0,0
associative_recall,transformer_publication_20260622T101458Z_associative_recall_seed101,101,standard,marginal_gain_soft,marginal_gain_soft,marginal_gain_soft,candidate,False,1024,3,1024.0,1024.0,0.022588818877314468,1.0,0
associative_recall,transformer_publication_20260622T101458Z_associative_recall_seed101,101,standard,marginal_gain_soft,marginal_gain_soft,marginal_gain_soft,candidate,False,1536,3,1536.0,1536.0,0.0059001399786210995,1.0,0
associative_recall,transformer_publication_20260622T101458Z_associative_recall_seed101,101,standard,marginal_gain_soft,marginal_gain_soft,marginal_gain_soft,candidate,False,2048,3,2048.0,2048.0,0.0033033092719657333,1.0,0
associative_recall,transformer_publication_20260622T101458Z_associative_recall_seed101,101,standard,marginal_gain_soft,marginal_gain_soft,marginal_gain_soft,candidate,False,3072,3,3072.0,3072.0,0.0013430191805430666,1.0,0
associative_recall,transformer_publication_20260622T101458Z_associative_recall_seed101,101,standard,marginal_gain_soft,marginal_gain_soft,marginal_gain_soft,candidate,False,4096,3,4096.0,4096.0,0.001235483175454,1.0,0
associative_recall,transformer_publication_20260622T101458Z_associative_recall_seed101,101,standard,marginal_gain_soft,marginal_gain_soft,marginal_gain_soft,candidate,False,6144,3,6144.0,6144.0,0.0010616434835052002,1.0,0
associative_recall,transformer_publication_20260622T101458Z_associative_recall_seed101,101,standard,soft_dimension,soft_dimension,soft_dimension,candidate,True,512,3,512.0,512.0,0.16714420790473616,0.9801432291666666,0
associative_recall,transformer_publication_20260622T101458Z_associative_recall_seed101,101,standard,soft_dimension,soft_dimension,soft_dimension,candidate,True,1024,3,1024.0,1024.0,0.011079191851119134,1.0,0
associative_recall,transformer_publication_20260622T101458Z_associative_recall_seed101,101,standard,soft_dimension,soft_dimension,soft_dimension,candidate,True,1536,3,1472.0,1536.0,0.0061886534288835325,1.0,0
associative_recall,transformer_publication_20260622T101458Z_associative_recall_seed101,101,standard,soft_dimension,soft_dimension,soft_dimension,candidate,True,2048,3,2048.0,2048.0,0.0028317133158755003,1.0,0
associative_recall,transformer_publication_20260622T101458Z_associative_recall_seed101,101,standard,soft_dimension,soft_dimension,soft_dimension,candidate,True,3072,3,3072.0,3072.0,0.0016239044489338335,1.0,0
associative_recall,transformer_publication_20260622T101458Z_associative_recall_seed101,101,standard,soft_dimension,soft_dimension,soft_dimension,candidate,True,4096,3,4096.0,4096.0,0.0012519100710050334,1.0,0
associative_recall,transformer_publication_20260622T101458Z_associative_recall_seed101,101,standard,soft_dimension,soft_dimension,soft_dimension,candidate,True,6144,3,6144.0,6144.0,0.0009399030119917334,1.0,0
associative_recall,transformer_publication_20260622T101458Z_associative_recall_seed101,101,standard,uniform,uniform,uniform,cap_baseline,False,512,3,0.0,512.0,11.092491110165914,0.0,0
associative_recall,transformer_publication_20260622T101458Z_associative_recall_seed101,101,standard,uniform,uniform,uniform,cap_baseline,False,1024,3,0.0,1024.0,11.09502915541331,0.0,0
associative_recall,transformer_publication_20260622T101458Z_associative_recall_seed101,101,standard,uniform,uniform,uniform,cap_baseline,False,1536,3,1408.0,1536.0,0.009877492208033767,1.0,0
associative_recall,transformer_publication_20260622T101458Z_associative_recall_seed101,101,standard,uniform,uniform,uniform,cap_baseline,False,2048,3,1408.0,2048.0,0.021930090636790966,1.0,0
associative_recall,transformer_publication_20260622T101458Z_associative_recall_seed101,101,standard,uniform,uniform,uniform,cap_baseline,False,3072,3,2816.0,3072.0,0.0020662799361161333,1.0,0
associative_recall,transformer_publication_20260622T101458Z_associative_recall_seed101,101,standard,uniform,uniform,uniform,cap_baseline,False,4096,3,2816.0,4096.0,0.002162367964046933,1.0,0
associative_recall,transformer_publication_20260622T101458Z_associative_recall_seed101,101,standard,uniform,uniform,uniform,cap_baseline,False,6144,3,5632.0,6144.0,0.0010917455801972666,1.0,0
associative_recall,transformer_publication_20260622T101458Z_associative_recall_seed101,101,standard,uniform_exact_cost__1024,uniform_exact_cost__1024,uniform_exact_cost,exact_cost_baseline,False,1024,3,1024.0,1024.0,0.03825056537364917,1.0,0
associative_recall,transformer_publication_20260622T101458Z_associative_recall_seed101,101,standard,uniform_exact_cost__1472,uniform_exact_cost__1472,uniform_exact_cost,exact_cost_baseline,False,1536,3,1472.0,1536.0,0.0070004023533935,1.0,0
associative_recall,transformer_publication_20260622T101458Z_associative_recall_seed101,101,standard,uniform_exact_cost__1536,uniform_exact_cost__1536,uniform_exact_cost,exact_cost_baseline,False,1536,3,1536.0,1536.0,0.0050534073476834335,1.0,0
associative_recall,transformer_publication_20260622T101458Z_associative_recall_seed101,101,standard,uniform_exact_cost__2048,uniform_exact_cost__2048,uniform_exact_cost,exact_cost_baseline,False,2048,3,2048.0,2048.0,0.003586620111794467,1.0,0
associative_recall,transformer_publication_20260622T101458Z_associative_recall_seed101,101,standard,uniform_exact_cost__3072,uniform_exact_cost__3072,uniform_exact_cost,exact_cost_baseline,False,3072,3,3072.0,3072.0,0.0018241450986048666,1.0,0
associative_recall,transformer_publication_20260622T101458Z_associative_recall_seed101,101,standard,uniform_exact_cost__4096,uniform_exact_cost__4096,uniform_exact_cost,exact_cost_baseline,False,4096,3,4096.0,4096.0,0.0013664401146039667,1.0,0
associative_recall,transformer_publication_20260622T101458Z_associative_recall_seed101,101,standard,uniform_exact_cost__512,uniform_exact_cost__512,uniform_exact_cost,exact_cost_baseline,False,512,3,512.0,512.0,0.16714420790473616,0.9801432291666666,0
associative_recall,transformer_publication_20260622T101458Z_associative_recall_seed101,101,standard,uniform_exact_cost__6144,uniform_exact_cost__6144,uniform_exact_cost,exact_cost_baseline,False,6144,3,6144.0,6144.0,0.0010648981163588333,1.0,0
associative_recall,transformer_publication_20260622T101458Z_associative_recall_seed101,101,standard,uniform_fill,uniform_fill,uniform_fill,cap_baseline,False,512,3,512.0,512.0,0.49727845937013626,0.9609375,0
associative_recall,transformer_publication_20260622T101458Z_associative_recall_seed101,101,standard,uniform_fill,uniform_fill,uniform_fill,cap_baseline,False,1024,3,1024.0,1024.0,0.03825056537364917,1.0,0
associative_recall,transformer_publication_20260622T101458Z_associative_recall_seed101,101,standard,uniform_fill,uniform_fill,uniform_fill,cap_baseline,False,1536,3,1536.0,1536.0,0.010398592741694234,1.0,0
associative_recall,transformer_publication_20260622T101458Z_associative_recall_seed101,101,standard,uniform_fill,uniform_fill,uniform_fill,cap_baseline,False,2048,3,2048.0,2048.0,0.004478880689324133,1.0,0
associative_recall,transformer_publication_20260622T101458Z_associative_recall_seed101,101,standard,uniform_fill,uniform_fill,uniform_fill,cap_baseline,False,3072,3,3072.0,3072.0,0.0020300226897233668,1.0,0
associative_recall,transformer_publication_20260622T101458Z_associative_recall_seed101,101,standard,uniform_fill,uniform_fill,uniform_fill,cap_baseline,False,4096,3,4096.0,4096.0,0.0015325652154084331,1.0,0
associative_recall,transformer_publication_20260622T101458Z_associative_recall_seed101,101,standard,uniform_fill,uniform_fill,uniform_fill,cap_baseline,False,6144,3,6144.0,6144.0,0.0010904910256309666,1.0,0
associative_recall,transformer_publication_20260622T101458Z_associative_recall_seed103,103,fixed_update_scale,effective_rank,effective_rank,effective_rank,candidate,False,512,3,512.0,512.0,0.48896023258566856,0.9739583333333334,0
associative_recall,transformer_publication_20260622T101458Z_associative_recall_seed103,103,fixed_update_scale,effective_rank,effective_rank,effective_rank,candidate,False,1024,3,1024.0,1024.0,0.021237879525870033,1.0,0
associative_recall,transformer_publication_20260622T101458Z_associative_recall_seed103,103,fixed_update_scale,effective_rank,effective_rank,effective_rank,candidate,False,1536,3,1536.0,1536.0,0.005610824155155534,1.0,0
associative_recall,transformer_publication_20260622T101458Z_associative_recall_seed103,103,fixed_update_scale,effective_rank,effective_rank,effective_rank,candidate,False,2048,3,2048.0,2048.0,0.002833130032134533,1.0,0
associative_recall,transformer_publication_20260622T101458Z_associative_recall_seed103,103,fixed_update_scale,effective_rank,effective_rank,effective_rank,candidate,False,3072,3,3072.0,3072.0,0.0020030943220868997,1.0,0
associative_recall,transformer_publication_20260622T101458Z_associative_recall_seed103,103,fixed_update_scale,effective_rank,effective_rank,effective_rank,candidate,False,4096,3,4096.0,4096.0,0.0012577949576855335,1.0,0
associative_recall,transformer_publication_20260622T101458Z_associative_recall_seed103,103,fixed_update_scale,effective_rank,effective_rank,effective_rank,candidate,False,6144,3,6144.0,6144.0,0.0008416848334793667,1.0,0
associative_recall,transformer_publication_20260622T101458Z_associative_recall_seed103,103,fixed_update_scale,gradient_norm,gradient_norm,gradient_norm,candidate,False,512,3,512.0,512.0,0.38890347505609196,0.9996744791666666,0
associative_recall,transformer_publication_20260622T101458Z_associative_recall_seed103,103,fixed_update_scale,gradient_norm,gradient_norm,gradient_norm,candidate,False,1024,3,1024.0,1024.0,0.0153735824860632,1.0,0
associative_recall,transformer_publication_20260622T101458Z_associative_recall_seed103,103,fixed_update_scale,gradient_norm,gradient_norm,gradient_norm,candidate,False,1536,3,1536.0,1536.0,0.005314664643568234,1.0,0
associative_recall,transformer_publication_20260622T101458Z_associative_recall_seed103,103,fixed_update_scale,gradient_norm,gradient_norm,gradient_norm,candidate,False,2048,3,2048.0,2048.0,0.0024200780123161,1.0,0
associative_recall,transformer_publication_20260622T101458Z_associative_recall_seed103,103,fixed_update_scale,gradient_norm,gradient_norm,gradient_norm,candidate,False,3072,3,3072.0,3072.0,0.0015783649723743332,1.0,0
associative_recall,transformer_publication_20260622T101458Z_associative_recall_seed103,103,fixed_update_scale,gradient_norm,gradient_norm,gradient_norm,candidate,False,4096,3,4096.0,4096.0,0.0011693946726154,1.0,0
associative_recall,transformer_publication_20260622T101458Z_associative_recall_seed103,103,fixed_update_scale,gradient_norm,gradient_norm,gradient_norm,candidate,False,6144,3,6144.0,6144.0,0.0008015076067142667,1.0,0
associative_recall,transformer_publication_20260622T101458Z_associative_recall_seed103,103,fixed_update_scale,marginal_gain_edge,marginal_gain_edge,marginal_gain_edge,candidate,False,512,3,512.0,512.0,0.3224922741452853,1.0,0
associative_recall,transformer_publication_20260622T101458Z_associative_recall_seed103,103,fixed_update_scale,marginal_gain_edge,marginal_gain_edge,marginal_gain_edge,candidate,False,1024,3,1024.0,1024.0,0.0222724267902473,1.0,0
associative_recall,transformer_publication_20260622T101458Z_associative_recall_seed103,103,fixed_update_scale,marginal_gain_edge,marginal_gain_edge,marginal_gain_edge,candidate,False,1536,3,1536.0,1536.0,0.004573347929787467,1.0,0
associative_recall,transformer_publication_20260622T101458Z_associative_recall_seed103,103,fixed_update_scale,marginal_gain_edge,marginal_gain_edge,marginal_gain_edge,candidate,False,2048,3,2048.0,2048.0,0.0025138753893164,1.0,0
associative_recall,transformer_publication_20260622T101458Z_associative_recall_seed103,103,fixed_update_scale,marginal_gain_edge,marginal_gain_edge,marginal_gain_edge,candidate,False,3072,3,3072.0,3072.0,0.0015497089528556,1.0,0
associative_recall,transformer_publication_20260622T101458Z_associative_recall_seed103,103,fixed_update_scale,marginal_gain_edge,marginal_gain_edge,marginal_gain_edge,candidate,False,4096,3,4096.0,4096.0,0.0012191869803548667,1.0,0
associative_recall,transformer_publication_20260622T101458Z_associative_recall_seed103,103,fixed_update_scale,marginal_gain_edge,marginal_gain_edge,marginal_gain_edge,candidate,False,6144,3,6144.0,6144.0,0.0008183817675065001,1.0,0
associative_recall,transformer_publication_20260622T101458Z_associative_recall_seed103,103,fixed_update_scale,marginal_gain_soft,marginal_gain_soft,marginal_gain_soft,candidate,False,512,3,512.0,512.0,0.3224922741452853,1.0,0
associative_recall,transformer_publication_20260622T101458Z_associative_recall_seed103,103,fixed_update_scale,marginal_gain_soft,marginal_gain_soft,marginal_gain_soft,candidate,False,1024,3,1024.0,1024.0,0.0222724267902473,1.0,0
associative_recall,transformer_publication_20260622T101458Z_associative_recall_seed103,103,fixed_update_scale,marginal_gain_soft,marginal_gain_soft,marginal_gain_soft,candidate,False,1536,3,1536.0,1536.0,0.004573347929787467,1.0,0
associative_recall,transformer_publication_20260622T101458Z_associative_recall_seed103,103,fixed_update_scale,marginal_gain_soft,marginal_gain_soft,marginal_gain_soft,candidate,False,2048,3,2048.0,2048.0,0.0025138753893164,1.0,0
associative_recall,transformer_publication_20260622T101458Z_associative_recall_seed103,103,fixed_update_scale,marginal_gain_soft,marginal_gain_soft,marginal_gain_soft,candidate,False,3072,3,3072.0,3072.0,0.0015497089528556,1.0,0
associative_recall,transformer_publication_20260622T101458Z_associative_recall_seed103,103,fixed_update_scale,marginal_gain_soft,marginal_gain_soft,marginal_gain_soft,candidate,False,4096,3,4096.0,4096.0,0.0013951513489397335,1.0,0
associative_recall,transformer_publication_20260622T101458Z_associative_recall_seed103,103,fixed_update_scale,marginal_gain_soft,marginal_gain_soft,marginal_gain_soft,candidate,False,6144,3,6144.0,6144.0,0.0007977137647685,1.0,0
associative_recall,transformer_publication_20260622T101458Z_associative_recall_seed103,103,fixed_update_scale,soft_dimension,soft_dimension,soft_dimension,candidate,True,512,3,512.0,512.0,0.48896023258566856,0.9739583333333334,0
associative_recall,transformer_publication_20260622T101458Z_associative_recall_seed103,103,fixed_update_scale,soft_dimension,soft_dimension,soft_dimension,candidate,True,1024,3,1024.0,1024.0,0.021237879525870033,1.0,0
associative_recall,transformer_publication_20260622T101458Z_associative_recall_seed103,103,fixed_update_scale,soft_dimension,soft_dimension,soft_dimension,candidate,True,1536,3,1472.0,1536.0,0.007394603705809733,1.0,0
associative_recall,transformer_publication_20260622T101458Z_associative_recall_seed103,103,fixed_update_scale,soft_dimension,soft_dimension,soft_dimension,candidate,True,2048,3,2048.0,2048.0,0.0038870108158637665,1.0,0
associative_recall,transformer_publication_20260622T101458Z_associative_recall_seed103,103,fixed_update_scale,soft_dimension,soft_dimension,soft_dimension,candidate,True,3072,3,3072.0,3072.0,0.0020458637639724333,1.0,0
associative_recall,transformer_publication_20260622T101458Z_associative_recall_seed103,103,fixed_update_scale,soft_dimension,soft_dimension,soft_dimension,candidate,True,4096,3,4096.0,4096.0,0.0013129494424598334,1.0,0
associative_recall,transformer_publication_20260622T101458Z_associative_recall_seed103,103,fixed_update_scale,soft_dimension,soft_dimension,soft_dimension,candidate,True,6144,3,6144.0,6144.0,0.0008626403990395333,1.0,0
associative_recall,transformer_publication_20260622T101458Z_associative_recall_seed103,103,fixed_update_scale,uniform,uniform,uniform,cap_baseline,False,512,3,0.0,512.0,11.546212077140808,0.0,0
associative_recall,transformer_publication_20260622T101458Z_associative_recall_seed103,103,fixed_update_scale,uniform,uniform,uniform,cap_baseline,False,1024,3,0.0,1024.0,11.55885899066925,0.0,0
associative_recall,transformer_publication_20260622T101458Z_associative_recall_seed103,103,fixed_update_scale,uniform,uniform,uniform,cap_baseline,False,1536,3,1408.0,1536.0,0.011116248051015,1.0,0
associative_recall,transformer_publication_20260622T101458Z_associative_recall_seed103,103,fixed_update_scale,uniform,uniform,uniform,cap_baseline,False,2048,3,1408.0,2048.0,0.009794321687271132,1.0,0
associative_recall,transformer_publication_20260622T101458Z_associative_recall_seed103,103,fixed_update_scale,uniform,uniform,uniform,cap_baseline,False,3072,3,2816.0,3072.0,0.0025430490883687666,1.0,0
associative_recall,transformer_publication_20260622T101458Z_associative_recall_seed103,103,fixed_update_scale,uniform,uniform,uniform,cap_baseline,False,4096,3,2816.0,4096.0,0.0027147266470516,1.0,0
associative_recall,transformer_publication_20260622T101458Z_associative_recall_seed103,103,fixed_update_scale,uniform,uniform,uniform,cap_baseline,False,6144,3,5632.0,6144.0,0.0010013688442995332,1.0,0
associative_recall,transformer_publication_20260622T101458Z_associative_recall_seed103,103,fixed_update_scale,uniform_exact_cost__1024,uniform_exact_cost__1024,uniform_exact_cost,exact_cost_baseline,False,1024,3,1024.0,1024.0,0.04497721015165243,1.0,0
associative_recall,transformer_publication_20260622T101458Z_associative_recall_seed103,103,fixed_update_scale,uniform_exact_cost__1472,uniform_exact_cost__1472,uniform_exact_cost,exact_cost_baseline,False,1536,3,1472.0,1536.0,0.008470050311492066,1.0,0
associative_recall,transformer_publication_20260622T101458Z_associative_recall_seed103,103,fixed_update_scale,uniform_exact_cost__1536,uniform_exact_cost__1536,uniform_exact_cost,exact_cost_baseline,False,1536,3,1536.0,1536.0,0.0074085332259225005,1.0,0
associative_recall,transformer_publication_20260622T101458Z_associative_recall_seed103,103,fixed_update_scale,uniform_exact_cost__2048,uniform_exact_cost__2048,uniform_exact_cost,exact_cost_baseline,False,2048,3,2048.0,2048.0,0.004329132391527866,1.0,0
associative_recall,transformer_publication_20260622T101458Z_associative_recall_seed103,103,fixed_update_scale,uniform_exact_cost__3072,uniform_exact_cost__3072,uniform_exact_cost,exact_cost_baseline,False,3072,3,3072.0,3072.0,0.0019977131499520333,1.0,0
associative_recall,transformer_publication_20260622T101458Z_associative_recall_seed103,103,fixed_update_scale,uniform_exact_cost__4096,uniform_exact_cost__4096,uniform_exact_cost,exact_cost_baseline,False,4096,3,4096.0,4096.0,0.0016565933231807333,1.0,0
associative_recall,transformer_publication_20260622T101458Z_associative_recall_seed103,103,fixed_update_scale,uniform_exact_cost__512,uniform_exact_cost__512,uniform_exact_cost,exact_cost_baseline,False,512,3,512.0,512.0,0.27028162839512027,0.9619140625,0
associative_recall,transformer_publication_20260622T101458Z_associative_recall_seed103,103,fixed_update_scale,uniform_exact_cost__6144,uniform_exact_cost__6144,uniform_exact_cost,exact_cost_baseline,False,6144,3,6144.0,6144.0,0.0009470390286878001,1.0,0
associative_recall,transformer_publication_20260622T101458Z_associative_recall_seed103,103,fixed_update_scale,uniform_fill,uniform_fill,uniform_fill,cap_baseline,False,512,3,512.0,512.0,0.49372036134203273,0.9866536458333334,0
associative_recall,transformer_publication_20260622T101458Z_associative_recall_seed103,103,fixed_update_scale,uniform_fill,uniform_fill,uniform_fill,cap_baseline,False,1024,3,1024.0,1024.0,0.04497721015165243,1.0,0
associative_recall,transformer_publication_20260622T101458Z_associative_recall_seed103,103,fixed_update_scale,uniform_fill,uniform_fill,uniform_fill,cap_baseline,False,1536,3,1536.0,1536.0,0.010424166064088502,1.0,0
associative_recall,transformer_publication_20260622T101458Z_associative_recall_seed103,103,fixed_update_scale,uniform_fill,uniform_fill,uniform_fill,cap_baseline,False,2048,3,2048.0,2048.0,0.0048597552910602,1.0,0
associative_recall,transformer_publication_20260622T101458Z_associative_recall_seed103,103,fixed_update_scale,uniform_fill,uniform_fill,uniform_fill,cap_baseline,False,3072,3,3072.0,3072.0,0.0024889815540518334,1.0,0
associative_recall,transformer_publication_20260622T101458Z_associative_recall_seed103,103,fixed_update_scale,uniform_fill,uniform_fill,uniform_fill,cap_baseline,False,4096,3,4096.0,4096.0,0.0017503106791991333,1.0,0
associative_recall,transformer_publication_20260622T101458Z_associative_recall_seed103,103,fixed_update_scale,uniform_fill,uniform_fill,uniform_fill,cap_baseline,False,6144,3,6144.0,6144.0,0.0010102052522900334,1.0,0
associative_recall,transformer_publication_20260622T101458Z_associative_recall_seed103,103,rslora,effective_rank,effective_rank,effective_rank,candidate,False,512,3,512.0,512.0,0.5187438130378723,0.9736328125,0
associative_recall,transformer_publication_20260622T101458Z_associative_recall_seed103,103,rslora,effective_rank,effective_rank,effective_rank,candidate,False,1024,3,1024.0,1024.0,0.014108216506428933,1.0,0
associative_recall,transformer_publication_20260622T101458Z_associative_recall_seed103,103,rslora,effective_rank,effective_rank,effective_rank,candidate,False,1536,3,1536.0,1536.0,0.0047847107634879,1.0,0
associative_recall,transformer_publication_20260622T101458Z_associative_recall_seed103,103,rslora,effective_rank,effective_rank,effective_rank,candidate,False,2048,3,2048.0,2048.0,0.002435288275592,1.0,0
associative_recall,transformer_publication_20260622T101458Z_associative_recall_seed103,103,rslora,effective_rank,effective_rank,effective_rank,candidate,False,3072,3,3072.0,3072.0,0.0016657684464007332,1.0,0
associative_recall,transformer_publication_20260622T101458Z_associative_recall_seed103,103,rslora,effective_rank,effective_rank,effective_rank,candidate,False,4096,3,4096.0,4096.0,0.0011619883492433333,1.0,0
associative_recall,transformer_publication_20260622T101458Z_associative_recall_seed103,103,rslora,effective_rank,effective_rank,effective_rank,candidate,False,6144,3,6144.0,6144.0,0.0008466423387289666,1.0,0
associative_recall,transformer_publication_20260622T101458Z_associative_recall_seed103,103,rslora,gradient_norm,gradient_norm,gradient_norm,candidate,False,512,3,512.0,512.0,0.3996703661978245,1.0,0
associative_recall,transformer_publication_20260622T101458Z_associative_recall_seed103,103,rslora,gradient_norm,gradient_norm,gradient_norm,candidate,False,1024,3,1024.0,1024.0,0.012402499482656468,1.0,0
associative_recall,transformer_publication_20260622T101458Z_associative_recall_seed103,103,rslora,gradient_norm,gradient_norm,gradient_norm,candidate,False,1536,3,1536.0,1536.0,0.004088777942039633,1.0,0
associative_recall,transformer_publication_20260622T101458Z_associative_recall_seed103,103,rslora,gradient_norm,gradient_norm,gradient_norm,candidate,False,2048,3,2048.0,2048.0,0.0023149007805234665,1.0,0
associative_recall,transformer_publication_20260622T101458Z_associative_recall_seed103,103,rslora,gradient_norm,gradient_norm,gradient_norm,candidate,False,3072,3,3072.0,3072.0,0.0014377083425642333,1.0,0
associative_recall,transformer_publication_20260622T101458Z_associative_recall_seed103,103,rslora,gradient_norm,gradient_norm,gradient_norm,candidate,False,4096,3,4096.0,4096.0,0.0011506096246496668,1.0,0
associative_recall,transformer_publication_20260622T101458Z_associative_recall_seed103,103,rslora,gradient_norm,gradient_norm,gradient_norm,candidate,False,6144,3,6144.0,6144.0,0.0008558464736172666,1.0,0
associative_recall,transformer_publication_20260622T101458Z_associative_recall_seed103,103,rslora,marginal_gain_edge,marginal_gain_edge,marginal_gain_edge,candidate,False,512,3,512.0,512.0,0.30268920709689456,1.0,0
associative_recall,transformer_publication_20260622T101458Z_associative_recall_seed103,103,rslora,marginal_gain_edge,marginal_gain_edge,marginal_gain_edge,candidate,False,1024,3,1024.0,1024.0,0.020481668645516,1.0,0
associative_recall,transformer_publication_20260622T101458Z_associative_recall_seed103,103,rslora,marginal_gain_edge,marginal_gain_edge,marginal_gain_edge,candidate,False,1536,3,1536.0,1536.0,0.0044732529786415,1.0,0
associative_recall,transformer_publication_20260622T101458Z_associative_recall_seed103,103,rslora,marginal_gain_edge,marginal_gain_edge,marginal_gain_edge,candidate,False,2048,3,2048.0,2048.0,0.0021467739861691,1.0,0
associative_recall,transformer_publication_20260622T101458Z_associative_recall_seed103,103,rslora,marginal_gain_edge,marginal_gain_edge,marginal_gain_edge,candidate,False,3072,3,3072.0,3072.0,0.0015570288863575997,1.0,0
associative_recall,transformer_publication_20260622T101458Z_associative_recall_seed103,103,rslora,marginal_gain_edge,marginal_gain_edge,marginal_gain_edge,candidate,False,4096,3,4096.0,4096.0,0.0012959002585072,1.0,0
associative_recall,transformer_publication_20260622T101458Z_associative_recall_seed103,103,rslora,marginal_gain_edge,marginal_gain_edge,marginal_gain_edge,candidate,False,6144,3,6144.0,6144.0,0.0008670235135165333,1.0,0
associative_recall,transformer_publication_20260622T101458Z_associative_recall_seed103,103,rslora,marginal_gain_soft,marginal_gain_soft,marginal_gain_soft,candidate,False,512,3,512.0,512.0,0.30268920709689456,1.0,0
associative_recall,transformer_publication_20260622T101458Z_associative_recall_seed103,103,rslora,marginal_gain_soft,marginal_gain_soft,marginal_gain_soft,candidate,False,1024,3,1024.0,1024.0,0.020481668645516,1.0,0
associative_recall,transformer_publication_20260622T101458Z_associative_recall_seed103,103,rslora,marginal_gain_soft,marginal_gain_soft,marginal_gain_soft,candidate,False,1536,3,1536.0,1536.0,0.0044732529786415,1.0,0
associative_recall,transformer_publication_20260622T101458Z_associative_recall_seed103,103,rslora,marginal_gain_soft,marginal_gain_soft,marginal_gain_soft,candidate,False,2048,3,2048.0,2048.0,0.0021467739861691,1.0,0
associative_recall,transformer_publication_20260622T101458Z_associative_recall_seed103,103,rslora,marginal_gain_soft,marginal_gain_soft,marginal_gain_soft,candidate,False,3072,3,3072.0,3072.0,0.0015570288863575997,1.0,0
associative_recall,transformer_publication_20260622T101458Z_associative_recall_seed103,103,rslora,marginal_gain_soft,marginal_gain_soft,marginal_gain_soft,candidate,False,4096,3,4096.0,4096.0,0.0014503702841465668,1.0,0
associative_recall,transformer_publication_20260622T101458Z_associative_recall_seed103,103,rslora,marginal_gain_soft,marginal_gain_soft,marginal_gain_soft,candidate,False,6144,3,6144.0,6144.0,0.0009125921351368999,1.0,0
associative_recall,transformer_publication_20260622T101458Z_associative_recall_seed103,103,rslora,soft_dimension,soft_dimension,soft_dimension,candidate,True,512,3,512.0,512.0,0.5187438130378723,0.9736328125,0
associative_recall,transformer_publication_20260622T101458Z_associative_recall_seed103,103,rslora,soft_dimension,soft_dimension,soft_dimension,candidate,True,1024,3,1024.0,1024.0,0.014108216506428933,1.0,0
associative_recall,transformer_publication_20260622T101458Z_associative_recall_seed103,103,rslora,soft_dimension,soft_dimension,soft_dimension,candidate,True,1536,3,1472.0,1536.0,0.0057917672481077,1.0,0
associative_recall,transformer_publication_20260622T101458Z_associative_recall_seed103,103,rslora,soft_dimension,soft_dimension,soft_dimension,candidate,True,2048,3,2048.0,2048.0,0.002903466753195933,1.0,0
associative_recall,transformer_publication_20260622T101458Z_associative_recall_seed103,103,rslora,soft_dimension,soft_dimension,soft_dimension,candidate,True,3072,3,3072.0,3072.0,0.0017691657170265,1.0,0
associative_recall,transformer_publication_20260622T101458Z_associative_recall_seed103,103,rslora,soft_dimension,soft_dimension,soft_dimension,candidate,True,4096,3,4096.0,4096.0,0.0012440174565805332,1.0,0
associative_recall,transformer_publication_20260622T101458Z_associative_recall_seed103,103,rslora,soft_dimension,soft_dimension,soft_dimension,candidate,True,6144,3,6144.0,6144.0,0.0008733617893691333,1.0,0
associative_recall,transformer_publication_20260622T101458Z_associative_recall_seed103,103,rslora,uniform,uniform,uniform,cap_baseline,False,512,3,0.0,512.0,11.546212077140808,0.0,0
associative_recall,transformer_publication_20260622T101458Z_associative_recall_seed103,103,rslora,uniform,uniform,uniform,cap_baseline,False,1024,3,0.0,1024.0,11.55885899066925,0.0,0
associative_recall,transformer_publication_20260622T101458Z_associative_recall_seed103,103,rslora,uniform,uniform,uniform,cap_baseline,False,1536,3,1408.0,1536.0,0.0078475364328672,1.0,0
associative_recall,transformer_publication_20260622T101458Z_associative_recall_seed103,103,rslora,uniform,uniform,uniform,cap_baseline,False,2048,3,1408.0,2048.0,0.007408784760627833,1.0,0
associative_recall,transformer_publication_20260622T101458Z_associative_recall_seed103,103,rslora,uniform,uniform,uniform,cap_baseline,False,3072,3,2816.0,3072.0,0.0020764587049294336,1.0,0
associative_recall,transformer_publication_20260622T101458Z_associative_recall_seed103,103,rslora,uniform,uniform,uniform,cap_baseline,False,4096,3,2816.0,4096.0,0.0023019156457545664,1.0,0
associative_recall,transformer_publication_20260622T101458Z_associative_recall_seed103,103,rslora,uniform,uniform,uniform,cap_baseline,False,6144,3,5632.0,6144.0,0.0010013688442995332,1.0,0
associative_recall,transformer_publication_20260622T101458Z_associative_recall_seed103,103,rslora,uniform_exact_cost__1024,uniform_exact_cost__1024,uniform_exact_cost,exact_cost_baseline,False,1024,3,1024.0,1024.0,0.042537264603500526,0.998046875,0
associative_recall,transformer_publication_20260622T101458Z_associative_recall_seed103,103,rslora,uniform_exact_cost__1472,uniform_exact_cost__1472,uniform_exact_cost,exact_cost_baseline,False,1536,3,1472.0,1536.0,0.005980347224976833,1.0,0
associative_recall,transformer_publication_20260622T101458Z_associative_recall_seed103,103,rslora,uniform_exact_cost__1536,uniform_exact_cost__1536,uniform_exact_cost,exact_cost_baseline,False,1536,3,1536.0,1536.0,0.006305536565681266,1.0,0
associative_recall,transformer_publication_20260622T101458Z_associative_recall_seed103,103,rslora,uniform_exact_cost__2048,uniform_exact_cost__2048,uniform_exact_cost,exact_cost_baseline,False,2048,3,2048.0,2048.0,0.0034544312220532,1.0,0
associative_recall,transformer_publication_20260622T101458Z_associative_recall_seed103,103,rslora,uniform_exact_cost__3072,uniform_exact_cost__3072,uniform_exact_cost,exact_cost_baseline,False,3072,3,3072.0,3072.0,0.0019029562293629001,1.0,0
associative_recall,transformer_publication_20260622T101458Z_associative_recall_seed103,103,rslora,uniform_exact_cost__4096,uniform_exact_cost__4096,uniform_exact_cost,exact_cost_baseline,False,4096,3,4096.0,4096.0,0.0013240228630214,1.0,0
associative_recall,transformer_publication_20260622T101458Z_associative_recall_seed103,103,rslora,uniform_exact_cost__512,uniform_exact_cost__512,uniform_exact_cost,exact_cost_baseline,False,512,3,512.0,512.0,0.21375315946837267,0.9905598958333334,0
associative_recall,transformer_publication_20260622T101458Z_associative_recall_seed103,103,rslora,uniform_exact_cost__6144,uniform_exact_cost__6144,uniform_exact_cost,exact_cost_baseline,False,6144,3,6144.0,6144.0,0.0009690367005532,1.0,0
associative_recall,transformer_publication_20260622T101458Z_associative_recall_seed103,103,rslora,uniform_fill,uniform_fill,uniform_fill,cap_baseline,False,512,3,512.0,512.0,0.588173134252429,0.8850911458333334,0
associative_recall,transformer_publication_20260622T101458Z_associative_recall_seed103,103,rslora,uniform_fill,uniform_fill,uniform_fill,cap_baseline,False,1024,3,1024.0,1024.0,0.042537264603500526,0.998046875,0
associative_recall,transformer_publication_20260622T101458Z_associative_recall_seed103,103,rslora,uniform_fill,uniform_fill,uniform_fill,cap_baseline,False,1536,3,1536.0,1536.0,0.0082939486795415,1.0,0
associative_recall,transformer_publication_20260622T101458Z_associative_recall_seed103,103,rslora,uniform_fill,uniform_fill,uniform_fill,cap_baseline,False,2048,3,2048.0,2048.0,0.004100407929702899,1.0,0
associative_recall,transformer_publication_20260622T101458Z_associative_recall_seed103,103,rslora,uniform_fill,uniform_fill,uniform_fill,cap_baseline,False,3072,3,3072.0,3072.0,0.0020168972453878,1.0,0
associative_recall,transformer_publication_20260622T101458Z_associative_recall_seed103,103,rslora,uniform_fill,uniform_fill,uniform_fill,cap_baseline,False,4096,3,4096.0,4096.0,0.0016661997845706666,1.0,0
associative_recall,transformer_publication_20260622T101458Z_associative_recall_seed103,103,rslora,uniform_fill,uniform_fill,uniform_fill,cap_baseline,False,6144,3,6144.0,6144.0,0.0010118878902479,1.0,0
associative_recall,transformer_publication_20260622T101458Z_associative_recall_seed103,103,standard,effective_rank,effective_rank,effective_rank,candidate,False,512,3,512.0,512.0,0.5715407691895962,0.96484375,0
associative_recall,transformer_publication_20260622T101458Z_associative_recall_seed103,103,standard,effective_rank,effective_rank,effective_rank,candidate,False,1024,3,1024.0,1024.0,0.012706423333535534,1.0,0
associative_recall,transformer_publication_20260622T101458Z_associative_recall_seed103,103,standard,effective_rank,effective_rank,effective_rank,candidate,False,1536,3,1536.0,1536.0,0.0037050205185854,1.0,0
associative_recall,transformer_publication_20260622T101458Z_associative_recall_seed103,103,standard,effective_rank,effective_rank,effective_rank,candidate,False,2048,3,2048.0,2048.0,0.002106427404214567,1.0,0
associative_recall,transformer_publication_20260622T101458Z_associative_recall_seed103,103,standard,effective_rank,effective_rank,effective_rank,candidate,False,3072,3,3072.0,3072.0,0.0014223301307841,1.0,0
associative_recall,transformer_publication_20260622T101458Z_associative_recall_seed103,103,standard,effective_rank,effective_rank,effective_rank,candidate,False,4096,3,4096.0,4096.0,0.0010546868264403,1.0,0
associative_recall,transformer_publication_20260622T101458Z_associative_recall_seed103,103,standard,effective_rank,effective_rank,effective_rank,candidate,False,6144,3,6144.0,6144.0,0.0008754089334008667,1.0,0
associative_recall,transformer_publication_20260622T101458Z_associative_recall_seed103,103,standard,gradient_norm,gradient_norm,gradient_norm,candidate,False,512,3,512.0,512.0,0.41117623696724576,1.0,0
associative_recall,transformer_publication_20260622T101458Z_associative_recall_seed103,103,standard,gradient_norm,gradient_norm,gradient_norm,candidate,False,1024,3,1024.0,1024.0,0.010522759985178667,1.0,0
associative_recall,transformer_publication_20260622T101458Z_associative_recall_seed103,103,standard,gradient_norm,gradient_norm,gradient_norm,candidate,False,1536,3,1536.0,1536.0,0.0033117760225043337,1.0,0
associative_recall,transformer_publication_20260622T101458Z_associative_recall_seed103,103,standard,gradient_norm,gradient_norm,gradient_norm,candidate,False,2048,3,2048.0,2048.0,0.0021045092823138664,1.0,0
associative_recall,transformer_publication_20260622T101458Z_associative_recall_seed103,103,standard,gradient_norm,gradient_norm,gradient_norm,candidate,False,3072,3,3072.0,3072.0,0.0012785257567884002,1.0,0
associative_recall,transformer_publication_20260622T101458Z_associative_recall_seed103,103,standard,gradient_norm,gradient_norm,gradient_norm,candidate,False,4096,3,4096.0,4096.0,0.0011090354188732666,1.0,0
associative_recall,transformer_publication_20260622T101458Z_associative_recall_seed103,103,standard,gradient_norm,gradient_norm,gradient_norm,candidate,False,6144,3,6144.0,6144.0,0.0008990400431987665,1.0,0
associative_recall,transformer_publication_20260622T101458Z_associative_recall_seed103,103,standard,marginal_gain_edge,marginal_gain_edge,marginal_gain_edge,candidate,False,512,3,512.0,512.0,0.3181529665986697,1.0,0
associative_recall,transformer_publication_20260622T101458Z_associative_recall_seed103,103,standard,marginal_gain_edge,marginal_gain_edge,marginal_gain_edge,candidate,False,1024,3,1024.0,1024.0,0.019442239892668967,1.0,0
associative_recall,transformer_publication_20260622T101458Z_associative_recall_seed103,103,standard,marginal_gain_edge,marginal_gain_edge,marginal_gain_edge,candidate,False,1536,3,1536.0,1536.0,0.004355275537818633,1.0,0
associative_recall,transformer_publication_20260622T101458Z_associative_recall_seed103,103,standard,marginal_gain_edge,marginal_gain_edge,marginal_gain_edge,candidate,False,2048,3,2048.0,2048.0,0.0018992159893968666,1.0,0
associative_recall,transformer_publication_20260622T101458Z_associative_recall_seed103,103,standard,marginal_gain_edge,marginal_gain_edge,marginal_gain_edge,candidate,False,3072,3,3072.0,3072.0,0.0014758339772621334,1.0,0
associative_recall,transformer_publication_20260622T101458Z_associative_recall_seed103,103,standard,marginal_gain_edge,marginal_gain_edge,marginal_gain_edge,candidate,False,4096,3,4096.0,4096.0,0.0012721594539470667,1.0,0
associative_recall,transformer_publication_20260622T101458Z_associative_recall_seed103,103,standard,marginal_gain_edge,marginal_gain_edge,marginal_gain_edge,candidate,False,6144,3,6144.0,6144.0,0.0008863798526968667,1.0,0
associative_recall,transformer_publication_20260622T101458Z_associative_recall_seed103,103,standard,marginal_gain_soft,marginal_gain_soft,marginal_gain_soft,candidate,False,512,3,512.0,512.0,0.3181529665986697,1.0,0
associative_recall,transformer_publication_20260622T101458Z_associative_recall_seed103,103,standard,marginal_gain_soft,marginal_gain_soft,marginal_gain_soft,candidate,False,1024,3,1024.0,1024.0,0.019442239892668967,1.0,0
associative_recall,transformer_publication_20260622T101458Z_associative_recall_seed103,103,standard,marginal_gain_soft,marginal_gain_soft,marginal_gain_soft,candidate,False,1536,3,1536.0,1536.0,0.004355275537818633,1.0,0
associative_recall,transformer_publication_20260622T101458Z_associative_recall_seed103,103,standard,marginal_gain_soft,marginal_gain_soft,marginal_gain_soft,candidate,False,2048,3,2048.0,2048.0,0.0018992159893968666,1.0,0
associative_recall,transformer_publication_20260622T101458Z_associative_recall_seed103,103,standard,marginal_gain_soft,marginal_gain_soft,marginal_gain_soft,candidate,False,3072,3,3072.0,3072.0,0.0014758339772621334,1.0,0
associative_recall,transformer_publication_20260622T101458Z_associative_recall_seed103,103,standard,marginal_gain_soft,marginal_gain_soft,marginal_gain_soft,candidate,False,4096,3,4096.0,4096.0,0.0014926458970876,1.0,0
associative_recall,transformer_publication_20260622T101458Z_associative_recall_seed103,103,standard,marginal_gain_soft,marginal_gain_soft,marginal_gain_soft,candidate,False,6144,3,6144.0,6144.0,0.0010570813877469,1.0,0
associative_recall,transformer_publication_20260622T101458Z_associative_recall_seed103,103,standard,soft_dimension,soft_dimension,soft_dimension,candidate,True,512,3,512.0,512.0,0.5715407691895962,0.96484375,0
associative_recall,transformer_publication_20260622T101458Z_associative_recall_seed103,103,standard,soft_dimension,soft_dimension,soft_dimension,candidate,True,1024,3,1024.0,1024.0,0.012706423333535534,1.0,0
associative_recall,transformer_publication_20260622T101458Z_associative_recall_seed103,103,standard,soft_dimension,soft_dimension,soft_dimension,candidate,True,1536,3,1472.0,1536.0,0.005336985457688533,1.0,0
associative_recall,transformer_publication_20260622T101458Z_associative_recall_seed103,103,standard,soft_dimension,soft_dimension,soft_dimension,candidate,True,2048,3,2048.0,2048.0,0.0023270907695404665,1.0,0
associative_recall,transformer_publication_20260622T101458Z_associative_recall_seed103,103,standard,soft_dimension,soft_dimension,soft_dimension,candidate,True,3072,3,3072.0,3072.0,0.0016434009400351334,1.0,0
associative_recall,transformer_publication_20260622T101458Z_associative_recall_seed103,103,standard,soft_dimension,soft_dimension,soft_dimension,candidate,True,4096,3,4096.0,4096.0,0.0010899986033715333,1.0,0
associative_recall,transformer_publication_20260622T101458Z_associative_recall_seed103,103,standard,soft_dimension,soft_dimension,soft_dimension,candidate,True,6144,3,6144.0,6144.0,0.0008846709412561,1.0,0
associative_recall,transformer_publication_20260622T101458Z_associative_recall_seed103,103,standard,uniform,uniform,uniform,cap_baseline,False,512,3,0.0,512.0,11.546212077140808,0.0,0
associative_recall,transformer_publication_20260622T101458Z_associative_recall_seed103,103,standard,uniform,uniform,uniform,cap_baseline,False,1024,3,0.0,1024.0,11.55885899066925,0.0,0
associative_recall,transformer_publication_20260622T101458Z_associative_recall_seed103,103,standard,uniform,uniform,uniform,cap_baseline,False,1536,3,1408.0,1536.0,0.022472881091137667,1.0,0
associative_recall,transformer_publication_20260622T101458Z_associative_recall_seed103,103,standard,uniform,uniform,uniform,cap_baseline,False,2048,3,1408.0,2048.0,0.005797342183844467,1.0,0
associative_recall,transformer_publication_20260622T101458Z_associative_recall_seed103,103,standard,uniform,uniform,uniform,cap_baseline,False,3072,3,2816.0,3072.0,0.0019155106613955334,1.0,0
associative_recall,transformer_publication_20260622T101458Z_associative_recall_seed103,103,standard,uniform,uniform,uniform,cap_baseline,False,4096,3,2816.0,4096.0,0.0019247837966152,1.0,0
associative_recall,transformer_publication_20260622T101458Z_associative_recall_seed103,103,standard,uniform,uniform,uniform,cap_baseline,False,6144,3,5632.0,6144.0,0.0010013688442995332,1.0,0
associative_recall,transformer_publication_20260622T101458Z_associative_recall_seed103,103,standard,uniform_exact_cost__1024,uniform_exact_cost__1024,uniform_exact_cost,exact_cost_baseline,False,1024,3,1024.0,1024.0,0.19749790585289398,0.9742838541666666,0
associative_recall,transformer_publication_20260622T101458Z_associative_recall_seed103,103,standard,uniform_exact_cost__1472,uniform_exact_cost__1472,uniform_exact_cost,exact_cost_baseline,False,1536,3,1472.0,1536.0,0.004919250747965,1.0,0
associative_recall,transformer_publication_20260622T101458Z_associative_recall_seed103,103,standard,uniform_exact_cost__1536,uniform_exact_cost__1536,uniform_exact_cost,exact_cost_baseline,False,1536,3,1536.0,1536.0,0.018279519688803668,1.0,0
associative_recall,transformer_publication_20260622T101458Z_associative_recall_seed103,103,standard,uniform_exact_cost__2048,uniform_exact_cost__2048,uniform_exact_cost,exact_cost_baseline,False,2048,3,2048.0,2048.0,0.0027001713266750667,1.0,0
associative_recall,transformer_publication_20260622T101458Z_associative_recall_seed103,103,standard,uniform_exact_cost__3072,uniform_exact_cost__3072,uniform_exact_cost,exact_cost_baseline,False,3072,3,3072.0,3072.0,0.0017930934748922,1.0,0
associative_recall,transformer_publication_20260622T101458Z_associative_recall_seed103,103,standard,uniform_exact_cost__4096,uniform_exact_cost__4096,uniform_exact_cost,exact_cost_baseline,False,4096,3,4096.0,4096.0,0.0011781835589014,1.0,0
associative_recall,transformer_publication_20260622T101458Z_associative_recall_seed103,103,standard,uniform_exact_cost__512,uniform_exact_cost__512,uniform_exact_cost,exact_cost_baseline,False,512,3,512.0,512.0,0.21902160532772538,1.0,0
associative_recall,transformer_publication_20260622T101458Z_associative_recall_seed103,103,standard,uniform_exact_cost__6144,uniform_exact_cost__6144,uniform_exact_cost,exact_cost_baseline,False,6144,3,6144.0,6144.0,0.0009665077353323,1.0,0
associative_recall,transformer_publication_20260622T101458Z_associative_recall_seed103,103,standard,uniform_fill,uniform_fill,uniform_fill,cap_baseline,False,512,3,512.0,512.0,0.5431034515301386,0.8821614583333334,0
associative_recall,transformer_publication_20260622T101458Z_associative_recall_seed103,103,standard,uniform_fill,uniform_fill,uniform_fill,cap_baseline,False,1024,3,1024.0,1024.0,0.19749790585289398,0.9742838541666666,0
associative_recall,transformer_publication_20260622T101458Z_associative_recall_seed103,103,standard,uniform_fill,uniform_fill,uniform_fill,cap_baseline,False,1536,3,1536.0,1536.0,0.0064128176503193334,1.0,0
associative_recall,transformer_publication_20260622T101458Z_associative_recall_seed103,103,standard,uniform_fill,uniform_fill,uniform_fill,cap_baseline,False,2048,3,2048.0,2048.0,0.01612868673206923,1.0,0
associative_recall,transformer_publication_20260622T101458Z_associative_recall_seed103,103,standard,uniform_fill,uniform_fill,uniform_fill,cap_baseline,False,3072,3,3072.0,3072.0,0.0019701566682972667,1.0,0
associative_recall,transformer_publication_20260622T101458Z_associative_recall_seed103,103,standard,uniform_fill,uniform_fill,uniform_fill,cap_baseline,False,4096,3,4096.0,4096.0,0.0015452603499094334,1.0,0
associative_recall,transformer_publication_20260622T101458Z_associative_recall_seed103,103,standard,uniform_fill,uniform_fill,uniform_fill,cap_baseline,False,6144,3,6144.0,6144.0,0.0009923803154378668,1.0,0
associative_recall,transformer_publication_20260622T101458Z_associative_recall_seed107,107,fixed_update_scale,effective_rank,effective_rank,effective_rank,candidate,False,512,3,512.0,512.0,0.717673641939958,0.888671875,0
associative_recall,transformer_publication_20260622T101458Z_associative_recall_seed107,107,fixed_update_scale,effective_rank,effective_rank,effective_rank,candidate,False,1024,3,1024.0,1024.0,0.022569943995525404,1.0,0
associative_recall,transformer_publication_20260622T101458Z_associative_recall_seed107,107,fixed_update_scale,effective_rank,effective_rank,effective_rank,candidate,False,1536,3,1472.0,1536.0,0.012112032234047767,1.0,0
associative_recall,transformer_publication_20260622T101458Z_associative_recall_seed107,107,fixed_update_scale,effective_rank,effective_rank,effective_rank,candidate,False,2048,3,2048.0,2048.0,0.007051634776871633,1.0,0
associative_recall,transformer_publication_20260622T101458Z_associative_recall_seed107,107,fixed_update_scale,effective_rank,effective_rank,effective_rank,candidate,False,3072,3,3072.0,3072.0,0.0025311990951497666,1.0,0
associative_recall,transformer_publication_20260622T101458Z_associative_recall_seed107,107,fixed_update_scale,effective_rank,effective_rank,effective_rank,candidate,False,4096,3,4096.0,4096.0,0.0015523040686578331,1.0,0
associative_recall,transformer_publication_20260622T101458Z_associative_recall_seed107,107,fixed_update_scale,effective_rank,effective_rank,effective_rank,candidate,False,6144,3,6144.0,6144.0,0.0010065421884063999,1.0,0
associative_recall,transformer_publication_20260622T101458Z_associative_recall_seed107,107,fixed_update_scale,gradient_norm,gradient_norm,gradient_norm,candidate,False,512,3,512.0,512.0,0.44443343207240105,1.0,0
associative_recall,transformer_publication_20260622T101458Z_associative_recall_seed107,107,fixed_update_scale,gradient_norm,gradient_norm,gradient_norm,candidate,False,1024,3,960.0,1024.0,0.03438585197242593,1.0,0
associative_recall,transformer_publication_20260622T101458Z_associative_recall_seed107,107,fixed_update_scale,gradient_norm,gradient_norm,gradient_norm,candidate,False,1536,3,1536.0,1536.0,0.0064278550562448,1.0,0
associative_recall,transformer_publication_20260622T101458Z_associative_recall_seed107,107,fixed_update_scale,gradient_norm,gradient_norm,gradient_norm,candidate,False,2048,3,2048.0,2048.0,0.003979038582959467,1.0,0
associative_recall,transformer_publication_20260622T101458Z_associative_recall_seed107,107,fixed_update_scale,gradient_norm,gradient_norm,gradient_norm,candidate,False,3072,3,3072.0,3072.0,0.0020099309476790334,1.0,0
associative_recall,transformer_publication_20260622T101458Z_associative_recall_seed107,107,fixed_update_scale,gradient_norm,gradient_norm,gradient_norm,candidate,False,4096,3,4096.0,4096.0,0.0012867407591935333,1.0,0
associative_recall,transformer_publication_20260622T101458Z_associative_recall_seed107,107,fixed_update_scale,gradient_norm,gradient_norm,gradient_norm,candidate,False,6144,3,6144.0,6144.0,0.0009217764163621999,1.0,0
associative_recall,transformer_publication_20260622T101458Z_associative_recall_seed107,107,fixed_update_scale,marginal_gain_edge,marginal_gain_edge,marginal_gain_edge,candidate,False,512,3,512.0,512.0,0.43007280429204303,0.9990234375,0
associative_recall,transformer_publication_20260622T101458Z_associative_recall_seed107,107,fixed_update_scale,marginal_gain_edge,marginal_gain_edge,marginal_gain_edge,candidate,False,1024,3,1024.0,1024.0,0.029455245394880536,1.0,0
associative_recall,transformer_publication_20260622T101458Z_associative_recall_seed107,107,fixed_update_scale,marginal_gain_edge,marginal_gain_edge,marginal_gain_edge,candidate,False,1536,3,1472.0,1536.0,0.0097184605353201,1.0,0
associative_recall,transformer_publication_20260622T101458Z_associative_recall_seed107,107,fixed_update_scale,marginal_gain_edge,marginal_gain_edge,marginal_gain_edge,candidate,False,2048,3,2048.0,2048.0,0.0035347721811072666,1.0,0
associative_recall,transformer_publication_20260622T101458Z_associative_recall_seed107,107,fixed_update_scale,marginal_gain_edge,marginal_gain_edge,marginal_gain_edge,candidate,False,3072,3,3072.0,3072.0,0.0019406027422519002,1.0,0
associative_recall,transformer_publication_20260622T101458Z_associative_recall_seed107,107,fixed_update_scale,marginal_gain_edge,marginal_gain_edge,marginal_gain_edge,candidate,False,4096,3,4096.0,4096.0,0.0012613894359673665,1.0,0
associative_recall,transformer_publication_20260622T101458Z_associative_recall_seed107,107,fixed_update_scale,marginal_gain_edge,marginal_gain_edge,marginal_gain_edge,candidate,False,6144,3,6144.0,6144.0,0.0009465079904960334,1.0,0
associative_recall,transformer_publication_20260622T101458Z_associative_recall_seed107,107,fixed_update_scale,marginal_gain_soft,marginal_gain_soft,marginal_gain_soft,candidate,False,512,3,512.0,512.0,0.43007280429204303,0.9990234375,0
associative_recall,transformer_publication_20260622T101458Z_associative_recall_seed107,107,fixed_update_scale,marginal_gain_soft,marginal_gain_soft,marginal_gain_soft,candidate,False,1024,3,1024.0,1024.0,0.029455245394880536,1.0,0
associative_recall,transformer_publication_20260622T101458Z_associative_recall_seed107,107,fixed_update_scale,marginal_gain_soft,marginal_gain_soft,marginal_gain_soft,candidate,False,1536,3,1536.0,1536.0,0.0056260788114741,1.0,0
associative_recall,transformer_publication_20260622T101458Z_associative_recall_seed107,107,fixed_update_scale,marginal_gain_soft,marginal_gain_soft,marginal_gain_soft,candidate,False,2048,3,2048.0,2048.0,0.0035347721811072666,1.0,0
associative_recall,transformer_publication_20260622T101458Z_associative_recall_seed107,107,fixed_update_scale,marginal_gain_soft,marginal_gain_soft,marginal_gain_soft,candidate,False,3072,3,3008.0,3072.0,0.0019569790844494667,1.0,0
associative_recall,transformer_publication_20260622T101458Z_associative_recall_seed107,107,fixed_update_scale,marginal_gain_soft,marginal_gain_soft,marginal_gain_soft,candidate,False,4096,3,4096.0,4096.0,0.0011949759937124,1.0,0
associative_recall,transformer_publication_20260622T101458Z_associative_recall_seed107,107,fixed_update_scale,marginal_gain_soft,marginal_gain_soft,marginal_gain_soft,candidate,False,6144,3,6144.0,6144.0,0.0009490927089548334,1.0,0
associative_recall,transformer_publication_20260622T101458Z_associative_recall_seed107,107,fixed_update_scale,soft_dimension,soft_dimension,soft_dimension,candidate,True,512,3,512.0,512.0,0.717673641939958,0.888671875,0
associative_recall,transformer_publication_20260622T101458Z_associative_recall_seed107,107,fixed_update_scale,soft_dimension,soft_dimension,soft_dimension,candidate,True,1024,3,1024.0,1024.0,0.022569943995525404,1.0,0
associative_recall,transformer_publication_20260622T101458Z_associative_recall_seed107,107,fixed_update_scale,soft_dimension,soft_dimension,soft_dimension,candidate,True,1536,3,1536.0,1536.0,0.013743328008179801,1.0,0
associative_recall,transformer_publication_20260622T101458Z_associative_recall_seed107,107,fixed_update_scale,soft_dimension,soft_dimension,soft_dimension,candidate,True,2048,3,2048.0,2048.0,0.007051634776871633,1.0,0
associative_recall,transformer_publication_20260622T101458Z_associative_recall_seed107,107,fixed_update_scale,soft_dimension,soft_dimension,soft_dimension,candidate,True,3072,3,3072.0,3072.0,0.0026862254211057666,1.0,0
associative_recall,transformer_publication_20260622T101458Z_associative_recall_seed107,107,fixed_update_scale,soft_dimension,soft_dimension,soft_dimension,candidate,True,4096,3,4096.0,4096.0,0.0015523040686578331,1.0,0
associative_recall,transformer_publication_20260622T101458Z_associative_recall_seed107,107,fixed_update_scale,soft_dimension,soft_dimension,soft_dimension,candidate,True,6144,3,6144.0,6144.0,0.0009813969688062666,1.0,0
associative_recall,transformer_publication_20260622T101458Z_associative_recall_seed107,107,fixed_update_scale,uniform,uniform,uniform,cap_baseline,False,512,3,0.0,512.0,11.600569009780884,0.0,0
associative_recall,transformer_publication_20260622T101458Z_associative_recall_seed107,107,fixed_update_scale,uniform,uniform,uniform,cap_baseline,False,1024,3,0.0,1024.0,11.631627559661865,0.0,0
associative_recall,transformer_publication_20260622T101458Z_associative_recall_seed107,107,fixed_update_scale,uniform,uniform,uniform,cap_baseline,False,1536,3,1408.0,1536.0,0.017281940556131265,1.0,0
associative_recall,transformer_publication_20260622T101458Z_associative_recall_seed107,107,fixed_update_scale,uniform,uniform,uniform,cap_baseline,False,2048,3,1408.0,2048.0,0.0203669304028153,1.0,0
associative_recall,transformer_publication_20260622T101458Z_associative_recall_seed107,107,fixed_update_scale,uniform,uniform,uniform,cap_baseline,False,3072,3,2816.0,3072.0,0.0032967807201202334,1.0,0
associative_recall,transformer_publication_20260622T101458Z_associative_recall_seed107,107,fixed_update_scale,uniform,uniform,uniform,cap_baseline,False,4096,3,2816.0,4096.0,0.002868069151494,1.0,0
associative_recall,transformer_publication_20260622T101458Z_associative_recall_seed107,107,fixed_update_scale,uniform,uniform,uniform,cap_baseline,False,6144,3,5632.0,6144.0,0.0012286973117928,1.0,0
associative_recall,transformer_publication_20260622T101458Z_associative_recall_seed107,107,fixed_update_scale,uniform_exact_cost__1024,uniform_exact_cost__1024,uniform_exact_cost,exact_cost_baseline,False,1024,3,1024.0,1024.0,0.06846790915975963,1.0,0
associative_recall,transformer_publication_20260622T101458Z_associative_recall_seed107,107,fixed_update_scale,uniform_exact_cost__1472,uniform_exact_cost__1472,uniform_exact_cost,exact_cost_baseline,False,1536,3,1472.0,1536.0,0.015208289842121267,1.0,0
associative_recall,transformer_publication_20260622T101458Z_associative_recall_seed107,107,fixed_update_scale,uniform_exact_cost__1536,uniform_exact_cost__1536,uniform_exact_cost,exact_cost_baseline,False,1536,3,1536.0,1536.0,0.011960722428436035,1.0,0
associative_recall,transformer_publication_20260622T101458Z_associative_recall_seed107,107,fixed_update_scale,uniform_exact_cost__2048,uniform_exact_cost__2048,uniform_exact_cost,exact_cost_baseline,False,2048,3,2048.0,2048.0,0.007685033488087301,1.0,0
associative_recall,transformer_publication_20260622T101458Z_associative_recall_seed107,107,fixed_update_scale,uniform_exact_cost__3008,uniform_exact_cost__3008,uniform_exact_cost,exact_cost_baseline,False,3072,3,3008.0,3072.0,0.0028432132094166666,1.0,0
associative_recall,transformer_publication_20260622T101458Z_associative_recall_seed107,107,fixed_update_scale,uniform_exact_cost__3072,uniform_exact_cost__3072,uniform_exact_cost,exact_cost_baseline,False,3072,3,3072.0,3072.0,0.0026763387140817333,1.0,0
associative_recall,transformer_publication_20260622T101458Z_associative_recall_seed107,107,fixed_update_scale,uniform_exact_cost__4096,uniform_exact_cost__4096,uniform_exact_cost,exact_cost_baseline,False,4096,3,4096.0,4096.0,0.0015911440520236335,1.0,0
associative_recall,transformer_publication_20260622T101458Z_associative_recall_seed107,107,fixed_update_scale,uniform_exact_cost__512,uniform_exact_cost__512,uniform_exact_cost,exact_cost_baseline,False,512,3,512.0,512.0,0.5014995038509369,0.9205729166666666,0
associative_recall,transformer_publication_20260622T101458Z_associative_recall_seed107,107,fixed_update_scale,uniform_exact_cost__6144,uniform_exact_cost__6144,uniform_exact_cost,exact_cost_baseline,False,6144,3,6144.0,6144.0,0.0011183092453089666,1.0,0
associative_recall,transformer_publication_20260622T101458Z_associative_recall_seed107,107,fixed_update_scale,uniform_exact_cost__960,uniform_exact_cost__960,uniform_exact_cost,exact_cost_baseline,False,1024,3,960.0,1024.0,0.041395968602349294,1.0,0
associative_recall,transformer_publication_20260622T101458Z_associative_recall_seed107,107,fixed_update_scale,uniform_fill,uniform_fill,uniform_fill,cap_baseline,False,512,3,512.0,512.0,0.9319800945619742,0.7867838541666666,0
associative_recall,transformer_publication_20260622T101458Z_associative_recall_seed107,107,fixed_update_scale,uniform_fill,uniform_fill,uniform_fill,cap_baseline,False,1024,3,1024.0,1024.0,0.06846790915975963,1.0,0
associative_recall,transformer_publication_20260622T101458Z_associative_recall_seed107,107,fixed_update_scale,uniform_fill,uniform_fill,uniform_fill,cap_baseline,False,1536,3,1536.0,1536.0,0.017340410073908602,1.0,0
associative_recall,transformer_publication_20260622T101458Z_associative_recall_seed107,107,fixed_update_scale,uniform_fill,uniform_fill,uniform_fill,cap_baseline,False,2048,3,2048.0,2048.0,0.0083286824713771,1.0,0
associative_recall,transformer_publication_20260622T101458Z_associative_recall_seed107,107,fixed_update_scale,uniform_fill,uniform_fill,uniform_fill,cap_baseline,False,3072,3,3072.0,3072.0,0.003319110187779467,1.0,0
associative_recall,transformer_publication_20260622T101458Z_associative_recall_seed107,107,fixed_update_scale,uniform_fill,uniform_fill,uniform_fill,cap_baseline,False,4096,3,4096.0,4096.0,0.0018670017258651667,1.0,0
associative_recall,transformer_publication_20260622T101458Z_associative_recall_seed107,107,fixed_update_scale,uniform_fill,uniform_fill,uniform_fill,cap_baseline,False,6144,3,6144.0,6144.0,0.0011961200361838,1.0,0
associative_recall,transformer_publication_20260622T101458Z_associative_recall_seed107,107,rslora,effective_rank,effective_rank,effective_rank,candidate,False,512,3,512.0,512.0,0.6279881050189337,0.9423828125,0
associative_recall,transformer_publication_20260622T101458Z_associative_recall_seed107,107,rslora,effective_rank,effective_rank,effective_rank,candidate,False,1024,3,1024.0,1024.0,0.02213399709823227,1.0,0
associative_recall,transformer_publication_20260622T101458Z_associative_recall_seed107,107,rslora,effective_rank,effective_rank,effective_rank,candidate,False,1536,3,1472.0,1536.0,0.009120179670086733,1.0,0
associative_recall,transformer_publication_20260622T101458Z_associative_recall_seed107,107,rslora,effective_rank,effective_rank,effective_rank,candidate,False,2048,3,2048.0,2048.0,0.004555143687563567,1.0,0
associative_recall,transformer_publication_20260622T101458Z_associative_recall_seed107,107,rslora,effective_rank,effective_rank,effective_rank,candidate,False,3072,3,3072.0,3072.0,0.0020947386413656664,1.0,0
associative_recall,transformer_publication_20260622T101458Z_associative_recall_seed107,107,rslora,effective_rank,effective_rank,effective_rank,candidate,False,4096,3,4096.0,4096.0,0.0013630870283425668,1.0,0
associative_recall,transformer_publication_20260622T101458Z_associative_recall_seed107,107,rslora,effective_rank,effective_rank,effective_rank,candidate,False,6144,3,6144.0,6144.0,0.0010529559731366667,1.0,0
associative_recall,transformer_publication_20260622T101458Z_associative_recall_seed107,107,rslora,gradient_norm,gradient_norm,gradient_norm,candidate,False,512,3,512.0,512.0,0.43218020473917323,0.9993489583333334,0
associative_recall,transformer_publication_20260622T101458Z_associative_recall_seed107,107,rslora,gradient_norm,gradient_norm,gradient_norm,candidate,False,1024,3,960.0,1024.0,0.02896769026604787,1.0,0
associative_recall,transformer_publication_20260622T101458Z_associative_recall_seed107,107,rslora,gradient_norm,gradient_norm,gradient_norm,candidate,False,1536,3,1536.0,1536.0,0.0052305075999659,1.0,0
associative_recall,transformer_publication_20260622T101458Z_associative_recall_seed107,107,rslora,gradient_norm,gradient_norm,gradient_norm,candidate,False,2048,3,2048.0,2048.0,0.003456490376265667,1.0,0
associative_recall,transformer_publication_20260622T101458Z_associative_recall_seed107,107,rslora,gradient_norm,gradient_norm,gradient_norm,candidate,False,3072,3,3072.0,3072.0,0.0018382694300574,1.0,0
associative_recall,transformer_publication_20260622T101458Z_associative_recall_seed107,107,rslora,gradient_norm,gradient_norm,gradient_norm,candidate,False,4096,3,4096.0,4096.0,0.001329176700285867,1.0,0
associative_recall,transformer_publication_20260622T101458Z_associative_recall_seed107,107,rslora,gradient_norm,gradient_norm,gradient_norm,candidate,False,6144,3,6144.0,6144.0,0.0009922247312108667,1.0,0
associative_recall,transformer_publication_20260622T101458Z_associative_recall_seed107,107,rslora,marginal_gain_edge,marginal_gain_edge,marginal_gain_edge,candidate,False,512,3,512.0,512.0,0.42038732767105097,1.0,0
associative_recall,transformer_publication_20260622T101458Z_associative_recall_seed107,107,rslora,marginal_gain_edge,marginal_gain_edge,marginal_gain_edge,candidate,False,1024,3,1024.0,1024.0,0.0267419558173666,1.0,0
associative_recall,transformer_publication_20260622T101458Z_associative_recall_seed107,107,rslora,marginal_gain_edge,marginal_gain_edge,marginal_gain_edge,candidate,False,1536,3,1472.0,1536.0,0.007483280399659,1.0,0
associative_recall,transformer_publication_20260622T101458Z_associative_recall_seed107,107,rslora,marginal_gain_edge,marginal_gain_edge,marginal_gain_edge,candidate,False,2048,3,2048.0,2048.0,0.0032679748061733662,1.0,0
associative_recall,transformer_publication_20260622T101458Z_associative_recall_seed107,107,rslora,marginal_gain_edge,marginal_gain_edge,marginal_gain_edge,candidate,False,3072,3,3072.0,3072.0,0.0018082639629331335,1.0,0
associative_recall,transformer_publication_20260622T101458Z_associative_recall_seed107,107,rslora,marginal_gain_edge,marginal_gain_edge,marginal_gain_edge,candidate,False,4096,3,4096.0,4096.0,0.0013174531680609,1.0,0
associative_recall,transformer_publication_20260622T101458Z_associative_recall_seed107,107,rslora,marginal_gain_edge,marginal_gain_edge,marginal_gain_edge,candidate,False,6144,3,6144.0,6144.0,0.0010149011941393334,1.0,0
associative_recall,transformer_publication_20260622T101458Z_associative_recall_seed107,107,rslora,marginal_gain_soft,marginal_gain_soft,marginal_gain_soft,candidate,False,512,3,512.0,512.0,0.42038732767105097,1.0,0
associative_recall,transformer_publication_20260622T101458Z_associative_recall_seed107,107,rslora,marginal_gain_soft,marginal_gain_soft,marginal_gain_soft,candidate,False,1024,3,1024.0,1024.0,0.0267419558173666,1.0,0
associative_recall,transformer_publication_20260622T101458Z_associative_recall_seed107,107,rslora,marginal_gain_soft,marginal_gain_soft,marginal_gain_soft,candidate,False,1536,3,1536.0,1536.0,0.005435426855304567,1.0,0
associative_recall,transformer_publication_20260622T101458Z_associative_recall_seed107,107,rslora,marginal_gain_soft,marginal_gain_soft,marginal_gain_soft,candidate,False,2048,3,2048.0,2048.0,0.0032679748061733662,1.0,0
associative_recall,transformer_publication_20260622T101458Z_associative_recall_seed107,107,rslora,marginal_gain_soft,marginal_gain_soft,marginal_gain_soft,candidate,False,3072,3,3008.0,3072.0,0.0021531674331829666,1.0,0
associative_recall,transformer_publication_20260622T101458Z_associative_recall_seed107,107,rslora,marginal_gain_soft,marginal_gain_soft,marginal_gain_soft,candidate,False,4096,3,4096.0,4096.0,0.0013195030090476332,1.0,0
associative_recall,transformer_publication_20260622T101458Z_associative_recall_seed107,107,rslora,marginal_gain_soft,marginal_gain_soft,marginal_gain_soft,candidate,False,6144,3,6144.0,6144.0,0.0010825554782058669,1.0,0
associative_recall,transformer_publication_20260622T101458Z_associative_recall_seed107,107,rslora,soft_dimension,soft_dimension,soft_dimension,candidate,True,512,3,512.0,512.0,0.6279881050189337,0.9423828125,0
associative_recall,transformer_publication_20260622T101458Z_associative_recall_seed107,107,rslora,soft_dimension,soft_dimension,soft_dimension,candidate,True,1024,3,1024.0,1024.0,0.02213399709823227,1.0,0
associative_recall,transformer_publication_20260622T101458Z_associative_recall_seed107,107,rslora,soft_dimension,soft_dimension,soft_dimension,candidate,True,1536,3,1536.0,1536.0,0.011103587147469266,0.9996744791666666,0
associative_recall,transformer_publication_20260622T101458Z_associative_recall_seed107,107,rslora,soft_dimension,soft_dimension,soft_dimension,candidate,True,2048,3,2048.0,2048.0,0.004555143687563567,1.0,0
associative_recall,transformer_publication_20260622T101458Z_associative_recall_seed107,107,rslora,soft_dimension,soft_dimension,soft_dimension,candidate,True,3072,3,3072.0,3072.0,0.0022955313907004333,1.0,0
associative_recall,transformer_publication_20260622T101458Z_associative_recall_seed107,107,rslora,soft_dimension,soft_dimension,soft_dimension,candidate,True,4096,3,4096.0,4096.0,0.0013630870283425668,1.0,0
associative_recall,transformer_publication_20260622T101458Z_associative_recall_seed107,107,rslora,soft_dimension,soft_dimension,soft_dimension,candidate,True,6144,3,6144.0,6144.0,0.0010139709896368667,1.0,0
associative_recall,transformer_publication_20260622T101458Z_associative_recall_seed107,107,rslora,uniform,uniform,uniform,cap_baseline,False,512,3,0.0,512.0,11.600569009780884,0.0,0
associative_recall,transformer_publication_20260622T101458Z_associative_recall_seed107,107,rslora,uniform,uniform,uniform,cap_baseline,False,1024,3,0.0,1024.0,11.631627559661865,0.0,0
associative_recall,transformer_publication_20260622T101458Z_associative_recall_seed107,107,rslora,uniform,uniform,uniform,cap_baseline,False,1536,3,1408.0,1536.0,0.015205362617659035,1.0,0
associative_recall,transformer_publication_20260622T101458Z_associative_recall_seed107,107,rslora,uniform,uniform,uniform,cap_baseline,False,2048,3,1408.0,2048.0,0.0237940642982721,1.0,0
associative_recall,transformer_publication_20260622T101458Z_associative_recall_seed107,107,rslora,uniform,uniform,uniform,cap_baseline,False,3072,3,2816.0,3072.0,0.0027949725432941997,1.0,0
associative_recall,transformer_publication_20260622T101458Z_associative_recall_seed107,107,rslora,uniform,uniform,uniform,cap_baseline,False,4096,3,2816.0,4096.0,0.0025938909384421666,1.0,0
associative_recall,transformer_publication_20260622T101458Z_associative_recall_seed107,107,rslora,uniform,uniform,uniform,cap_baseline,False,6144,3,5632.0,6144.0,0.0012286973117928,1.0,0
associative_recall,transformer_publication_20260622T101458Z_associative_recall_seed107,107,rslora,uniform_exact_cost__1024,uniform_exact_cost__1024,uniform_exact_cost,exact_cost_baseline,False,1024,3,1024.0,1024.0,0.110083763487637,1.0,0
associative_recall,transformer_publication_20260622T101458Z_associative_recall_seed107,107,rslora,uniform_exact_cost__1472,uniform_exact_cost__1472,uniform_exact_cost,exact_cost_baseline,False,1536,3,1472.0,1536.0,0.0101574086778176,1.0,0
associative_recall,transformer_publication_20260622T101458Z_associative_recall_seed107,107,rslora,uniform_exact_cost__1536,uniform_exact_cost__1536,uniform_exact_cost,exact_cost_baseline,False,1536,3,1536.0,1536.0,0.010070363952157333,1.0,0
associative_recall,transformer_publication_20260622T101458Z_associative_recall_seed107,107,rslora,uniform_exact_cost__2048,uniform_exact_cost__2048,uniform_exact_cost,exact_cost_baseline,False,2048,3,2048.0,2048.0,0.0054232088344481665,1.0,0
associative_recall,transformer_publication_20260622T101458Z_associative_recall_seed107,107,rslora,uniform_exact_cost__3008,uniform_exact_cost__3008,uniform_exact_cost,exact_cost_baseline,False,3072,3,3008.0,3072.0,0.0026564522898600332,1.0,0
associative_recall,transformer_publication_20260622T101458Z_associative_recall_seed107,107,rslora,uniform_exact_cost__3072,uniform_exact_cost__3072,uniform_exact_cost,exact_cost_baseline,False,3072,3,3072.0,3072.0,0.002345779833073367,1.0,0
associative_recall,transformer_publication_20260622T101458Z_associative_recall_seed107,107,rslora,uniform_exact_cost__4096,uniform_exact_cost__4096,uniform_exact_cost,exact_cost_baseline,False,4096,3,4096.0,4096.0,0.0015401104756164665,1.0,0
associative_recall,transformer_publication_20260622T101458Z_associative_recall_seed107,107,rslora,uniform_exact_cost__512,uniform_exact_cost__512,uniform_exact_cost,exact_cost_baseline,False,512,3,512.0,512.0,0.4088255663712819,0.9345703125,0
associative_recall,transformer_publication_20260622T101458Z_associative_recall_seed107,107,rslora,uniform_exact_cost__6144,uniform_exact_cost__6144,uniform_exact_cost,exact_cost_baseline,False,6144,3,6144.0,6144.0,0.0011826392195265001,1.0,0
associative_recall,transformer_publication_20260622T101458Z_associative_recall_seed107,107,rslora,uniform_exact_cost__960,uniform_exact_cost__960,uniform_exact_cost,exact_cost_baseline,False,1024,3,960.0,1024.0,0.031132262122506832,1.0,0
associative_recall,transformer_publication_20260622T101458Z_associative_recall_seed107,107,rslora,uniform_fill,uniform_fill,uniform_fill,cap_baseline,False,512,3,512.0,512.0,0.9361219902833303,0.7916666666666666,0
associative_recall,transformer_publication_20260622T101458Z_associative_recall_seed107,107,rslora,uniform_fill,uniform_fill,uniform_fill,cap_baseline,False,1024,3,1024.0,1024.0,0.110083763487637,1.0,0
associative_recall,transformer_publication_20260622T101458Z_associative_recall_seed107,107,rslora,uniform_fill,uniform_fill,uniform_fill,cap_baseline,False,1536,3,1536.0,1536.0,0.013279660992945202,1.0,0
associative_recall,transformer_publication_20260622T101458Z_associative_recall_seed107,107,rslora,uniform_fill,uniform_fill,uniform_fill,cap_baseline,False,2048,3,2048.0,2048.0,0.006805271783377934,1.0,0
associative_recall,transformer_publication_20260622T101458Z_associative_recall_seed107,107,rslora,uniform_fill,uniform_fill,uniform_fill,cap_baseline,False,3072,3,3072.0,3072.0,0.0028017291236513003,1.0,0
associative_recall,transformer_publication_20260622T101458Z_associative_recall_seed107,107,rslora,uniform_fill,uniform_fill,uniform_fill,cap_baseline,False,4096,3,4096.0,4096.0,0.0018953859301594,1.0,0
associative_recall,transformer_publication_20260622T101458Z_associative_recall_seed107,107,rslora,uniform_fill,uniform_fill,uniform_fill,cap_baseline,False,6144,3,6144.0,6144.0,0.0012356971516661334,1.0,0
associative_recall,transformer_publication_20260622T101458Z_associative_recall_seed107,107,standard,effective_rank,effective_rank,effective_rank,candidate,False,512,3,512.0,512.0,0.5876742427547773,0.953125,0
associative_recall,transformer_publication_20260622T101458Z_associative_recall_seed107,107,standard,effective_rank,effective_rank,effective_rank,candidate,False,1024,3,1024.0,1024.0,0.018190421164035766,1.0,0
associative_recall,transformer_publication_20260622T101458Z_associative_recall_seed107,107,standard,effective_rank,effective_rank,effective_rank,candidate,False,1536,3,1472.0,1536.0,0.0083427215383077,1.0,0
associative_recall,transformer_publication_20260622T101458Z_associative_recall_seed107,107,standard,effective_rank,effective_rank,effective_rank,candidate,False,2048,3,2048.0,2048.0,0.004283797975707133,1.0,0
associative_recall,transformer_publication_20260622T101458Z_associative_recall_seed107,107,standard,effective_rank,effective_rank,effective_rank,candidate,False,3072,3,3072.0,3072.0,0.0017726118627857668,1.0,0
associative_recall,transformer_publication_20260622T101458Z_associative_recall_seed107,107,standard,effective_rank,effective_rank,effective_rank,candidate,False,4096,3,4096.0,4096.0,0.0012086068163625332,1.0,0
associative_recall,transformer_publication_20260622T101458Z_associative_recall_seed107,107,standard,effective_rank,effective_rank,effective_rank,candidate,False,6144,3,6144.0,6144.0,0.0010406261571915332,1.0,0
associative_recall,transformer_publication_20260622T101458Z_associative_recall_seed107,107,standard,gradient_norm,gradient_norm,gradient_norm,candidate,False,512,3,512.0,512.0,0.43449453885356587,0.9996744791666666,0
associative_recall,transformer_publication_20260622T101458Z_associative_recall_seed107,107,standard,gradient_norm,gradient_norm,gradient_norm,candidate,False,1024,3,960.0,1024.0,0.023009386534492134,1.0,0
associative_recall,transformer_publication_20260622T101458Z_associative_recall_seed107,107,standard,gradient_norm,gradient_norm,gradient_norm,candidate,False,1536,3,1536.0,1536.0,0.004603053743873368,1.0,0
associative_recall,transformer_publication_20260622T101458Z_associative_recall_seed107,107,standard,gradient_norm,gradient_norm,gradient_norm,candidate,False,2048,3,2048.0,2048.0,0.003025094619564033,1.0,0
associative_recall,transformer_publication_20260622T101458Z_associative_recall_seed107,107,standard,gradient_norm,gradient_norm,gradient_norm,candidate,False,3072,3,3072.0,3072.0,0.0017360707958383667,1.0,0
associative_recall,transformer_publication_20260622T101458Z_associative_recall_seed107,107,standard,gradient_norm,gradient_norm,gradient_norm,candidate,False,4096,3,4096.0,4096.0,0.0013427971716737,1.0,0
associative_recall,transformer_publication_20260622T101458Z_associative_recall_seed107,107,standard,gradient_norm,gradient_norm,gradient_norm,candidate,False,6144,3,6144.0,6144.0,0.0010514311143196666,1.0,0
associative_recall,transformer_publication_20260622T101458Z_associative_recall_seed107,107,standard,marginal_gain_edge,marginal_gain_edge,marginal_gain_edge,candidate,False,512,3,512.0,512.0,0.4490262133379777,0.9788411458333334,0
associative_recall,transformer_publication_20260622T101458Z_associative_recall_seed107,107,standard,marginal_gain_edge,marginal_gain_edge,marginal_gain_edge,candidate,False,1024,3,1024.0,1024.0,0.026239351447050734,1.0,0
associative_recall,transformer_publication_20260622T101458Z_associative_recall_seed107,107,standard,marginal_gain_edge,marginal_gain_edge,marginal_gain_edge,candidate,False,1536,3,1472.0,1536.0,0.006435770987688234,1.0,0
associative_recall,transformer_publication_20260622T101458Z_associative_recall_seed107,107,standard,marginal_gain_edge,marginal_gain_edge,marginal_gain_edge,candidate,False,2048,3,2048.0,2048.0,0.0027305420759754667,1.0,0
associative_recall,transformer_publication_20260622T101458Z_associative_recall_seed107,107,standard,marginal_gain_edge,marginal_gain_edge,marginal_gain_edge,candidate,False,3072,3,3072.0,3072.0,0.0016637597388277,1.0,0
associative_recall,transformer_publication_20260622T101458Z_associative_recall_seed107,107,standard,marginal_gain_edge,marginal_gain_edge,marginal_gain_edge,candidate,False,4096,3,4096.0,4096.0,0.0013138987317991334,1.0,0
associative_recall,transformer_publication_20260622T101458Z_associative_recall_seed107,107,standard,marginal_gain_edge,marginal_gain_edge,marginal_gain_edge,candidate,False,6144,3,6144.0,6144.0,0.0011211925787695334,1.0,0
associative_recall,transformer_publication_20260622T101458Z_associative_recall_seed107,107,standard,marginal_gain_soft,marginal_gain_soft,marginal_gain_soft,candidate,False,512,3,512.0,512.0,0.4490262133379777,0.9788411458333334,0
associative_recall,transformer_publication_20260622T101458Z_associative_recall_seed107,107,standard,marginal_gain_soft,marginal_gain_soft,marginal_gain_soft,candidate,False,1024,3,1024.0,1024.0,0.026239351447050734,1.0,0
associative_recall,transformer_publication_20260622T101458Z_associative_recall_seed107,107,standard,marginal_gain_soft,marginal_gain_soft,marginal_gain_soft,candidate,False,1536,3,1536.0,1536.0,0.005197550965628233,1.0,0
associative_recall,transformer_publication_20260622T101458Z_associative_recall_seed107,107,standard,marginal_gain_soft,marginal_gain_soft,marginal_gain_soft,candidate,False,2048,3,2048.0,2048.0,0.0027305420759754667,1.0,0
associative_recall,transformer_publication_20260622T101458Z_associative_recall_seed107,107,standard,marginal_gain_soft,marginal_gain_soft,marginal_gain_soft,candidate,False,3072,3,3008.0,3072.0,0.0020955648215021665,1.0,0
associative_recall,transformer_publication_20260622T101458Z_associative_recall_seed107,107,standard,marginal_gain_soft,marginal_gain_soft,marginal_gain_soft,candidate,False,4096,3,4096.0,4096.0,0.0014351161662488666,1.0,0
associative_recall,transformer_publication_20260622T101458Z_associative_recall_seed107,107,standard,marginal_gain_soft,marginal_gain_soft,marginal_gain_soft,candidate,False,6144,3,6144.0,6144.0,0.0012263495542962333,1.0,0
associative_recall,transformer_publication_20260622T101458Z_associative_recall_seed107,107,standard,soft_dimension,soft_dimension,soft_dimension,candidate,True,512,3,512.0,512.0,0.5876742427547773,0.953125,0
associative_recall,transformer_publication_20260622T101458Z_associative_recall_seed107,107,standard,soft_dimension,soft_dimension,soft_dimension,candidate,True,1024,3,1024.0,1024.0,0.018190421164035766,1.0,0
associative_recall,transformer_publication_20260622T101458Z_associative_recall_seed107,107,standard,soft_dimension,soft_dimension,soft_dimension,candidate,True,1536,3,1536.0,1536.0,0.007195392235492633,1.0,0
associative_recall,transformer_publication_20260622T101458Z_associative_recall_seed107,107,standard,soft_dimension,soft_dimension,soft_dimension,candidate,True,2048,3,2048.0,2048.0,0.004283797975707133,1.0,0
associative_recall,transformer_publication_20260622T101458Z_associative_recall_seed107,107,standard,soft_dimension,soft_dimension,soft_dimension,candidate,True,3072,3,3072.0,3072.0,0.0018118694424628667,1.0,0
associative_recall,transformer_publication_20260622T101458Z_associative_recall_seed107,107,standard,soft_dimension,soft_dimension,soft_dimension,candidate,True,4096,3,4096.0,4096.0,0.0012086068163625332,1.0,0
associative_recall,transformer_publication_20260622T101458Z_associative_recall_seed107,107,standard,soft_dimension,soft_dimension,soft_dimension,candidate,True,6144,3,6144.0,6144.0,0.0010360608357586334,1.0,0
associative_recall,transformer_publication_20260622T101458Z_associative_recall_seed107,107,standard,uniform,uniform,uniform,cap_baseline,False,512,3,0.0,512.0,11.600569009780884,0.0,0
associative_recall,transformer_publication_20260622T101458Z_associative_recall_seed107,107,standard,uniform,uniform,uniform,cap_baseline,False,1024,3,0.0,1024.0,11.631627559661865,0.0,0
associative_recall,transformer_publication_20260622T101458Z_associative_recall_seed107,107,standard,uniform,uniform,uniform,cap_baseline,False,1536,3,1408.0,1536.0,0.014782837592065267,1.0,0
associative_recall,transformer_publication_20260622T101458Z_associative_recall_seed107,107,standard,uniform,uniform,uniform,cap_baseline,False,2048,3,1408.0,2048.0,0.014005256312278365,1.0,0
associative_recall,transformer_publication_20260622T101458Z_associative_recall_seed107,107,standard,uniform,uniform,uniform,cap_baseline,False,3072,3,2816.0,3072.0,0.0023490568758764,1.0,0
associative_recall,transformer_publication_20260622T101458Z_associative_recall_seed107,107,standard,uniform,uniform,uniform,cap_baseline,False,4096,3,2816.0,4096.0,0.0023260680415356665,1.0,0
associative_recall,transformer_publication_20260622T101458Z_associative_recall_seed107,107,standard,uniform,uniform,uniform,cap_baseline,False,6144,3,5632.0,6144.0,0.0012286973117928,1.0,0
associative_recall,transformer_publication_20260622T101458Z_associative_recall_seed107,107,standard,uniform_exact_cost__1024,uniform_exact_cost__1024,uniform_exact_cost,exact_cost_baseline,False,1024,3,1024.0,1024.0,1.035487518645823,0.6806640625,0
associative_recall,transformer_publication_20260622T101458Z_associative_recall_seed107,107,standard,uniform_exact_cost__1472,uniform_exact_cost__1472,uniform_exact_cost,exact_cost_baseline,False,1536,3,1472.0,1536.0,0.008279521813771333,1.0,0
associative_recall,transformer_publication_20260622T101458Z_associative_recall_seed107,107,standard,uniform_exact_cost__1536,uniform_exact_cost__1536,uniform_exact_cost,exact_cost_baseline,False,1536,3,1536.0,1536.0,0.006616658511726732,1.0,0
associative_recall,transformer_publication_20260622T101458Z_associative_recall_seed107,107,standard,uniform_exact_cost__2048,uniform_exact_cost__2048,uniform_exact_cost,exact_cost_baseline,False,2048,3,2048.0,2048.0,0.013759846857283231,1.0,0
associative_recall,transformer_publication_20260622T101458Z_associative_recall_seed107,107,standard,uniform_exact_cost__3008,uniform_exact_cost__3008,uniform_exact_cost,exact_cost_baseline,False,3072,3,3008.0,3072.0,0.0019777932514746335,1.0,0
associative_recall,transformer_publication_20260622T101458Z_associative_recall_seed107,107,standard,uniform_exact_cost__3072,uniform_exact_cost__3072,uniform_exact_cost,exact_cost_baseline,False,3072,3,3072.0,3072.0,0.0020926923898513666,1.0,0
associative_recall,transformer_publication_20260622T101458Z_associative_recall_seed107,107,standard,uniform_exact_cost__4096,uniform_exact_cost__4096,uniform_exact_cost,exact_cost_baseline,False,4096,3,4096.0,4096.0,0.0014146140504938335,1.0,0
associative_recall,transformer_publication_20260622T101458Z_associative_recall_seed107,107,standard,uniform_exact_cost__512,uniform_exact_cost__512,uniform_exact_cost,exact_cost_baseline,False,512,3,512.0,512.0,0.3199762776494026,0.9788411458333334,0
associative_recall,transformer_publication_20260622T101458Z_associative_recall_seed107,107,standard,uniform_exact_cost__6144,uniform_exact_cost__6144,uniform_exact_cost,exact_cost_baseline,False,6144,3,6144.0,6144.0,0.00116001162678,1.0,0
associative_recall,transformer_publication_20260622T101458Z_associative_recall_seed107,107,standard,uniform_exact_cost__960,uniform_exact_cost__960,uniform_exact_cost,exact_cost_baseline,False,1024,3,960.0,1024.0,0.026348548475652867,1.0,0
associative_recall,transformer_publication_20260622T101458Z_associative_recall_seed107,107,standard,uniform_fill,uniform_fill,uniform_fill,cap_baseline,False,512,3,512.0,512.0,0.8392410017549992,0.845703125,0
associative_recall,transformer_publication_20260622T101458Z_associative_recall_seed107,107,standard,uniform_fill,uniform_fill,uniform_fill,cap_baseline,False,1024,3,1024.0,1024.0,1.035487518645823,0.6806640625,0
associative_recall,transformer_publication_20260622T101458Z_associative_recall_seed107,107,standard,uniform_fill,uniform_fill,uniform_fill,cap_baseline,False,1536,3,1536.0,1536.0,0.012942610851799435,1.0,0
associative_recall,transformer_publication_20260622T101458Z_associative_recall_seed107,107,standard,uniform_fill,uniform_fill,uniform_fill,cap_baseline,False,2048,3,2048.0,2048.0,0.0057368021419582005,1.0,0
associative_recall,transformer_publication_20260622T101458Z_associative_recall_seed107,107,standard,uniform_fill,uniform_fill,uniform_fill,cap_baseline,False,3072,3,3072.0,3072.0,0.002425035519991033,1.0,0
associative_recall,transformer_publication_20260622T101458Z_associative_recall_seed107,107,standard,uniform_fill,uniform_fill,uniform_fill,cap_baseline,False,4096,3,4096.0,4096.0,0.0016748780908528002,1.0,0
associative_recall,transformer_publication_20260622T101458Z_associative_recall_seed107,107,standard,uniform_fill,uniform_fill,uniform_fill,cap_baseline,False,6144,3,6144.0,6144.0,0.0011778550348632,1.0,0
associative_recall,transformer_publication_20260622T101458Z_associative_recall_seed109,109,fixed_update_scale,effective_rank,effective_rank,effective_rank,candidate,False,512,3,512.0,512.0,0.3889005370438099,0.9235026041666666,0
associative_recall,transformer_publication_20260622T101458Z_associative_recall_seed109,109,fixed_update_scale,effective_rank,effective_rank,effective_rank,candidate,False,1024,3,1024.0,1024.0,0.022350800223648503,1.0,0
associative_recall,transformer_publication_20260622T101458Z_associative_recall_seed109,109,fixed_update_scale,effective_rank,effective_rank,effective_rank,candidate,False,1536,3,1536.0,1536.0,0.008776188439999933,1.0,0
associative_recall,transformer_publication_20260622T101458Z_associative_recall_seed109,109,fixed_update_scale,effective_rank,effective_rank,effective_rank,candidate,False,2048,3,2048.0,2048.0,0.0033662424442202667,1.0,0
associative_recall,transformer_publication_20260622T101458Z_associative_recall_seed109,109,fixed_update_scale,effective_rank,effective_rank,effective_rank,candidate,False,3072,3,3072.0,3072.0,0.0025981110035596666,1.0,0
associative_recall,transformer_publication_20260622T101458Z_associative_recall_seed109,109,fixed_update_scale,effective_rank,effective_rank,effective_rank,candidate,False,4096,3,4096.0,4096.0,0.0013051334147651666,1.0,0
associative_recall,transformer_publication_20260622T101458Z_associative_recall_seed109,109,fixed_update_scale,effective_rank,effective_rank,effective_rank,candidate,False,6144,3,6144.0,6144.0,0.0009532452992667666,1.0,0
associative_recall,transformer_publication_20260622T101458Z_associative_recall_seed109,109,fixed_update_scale,gradient_norm,gradient_norm,gradient_norm,candidate,False,512,3,512.0,512.0,0.3769210825363795,0.9993489583333334,0
associative_recall,transformer_publication_20260622T101458Z_associative_recall_seed109,109,fixed_update_scale,gradient_norm,gradient_norm,gradient_norm,candidate,False,1024,3,1024.0,1024.0,0.016081277125825435,1.0,0
associative_recall,transformer_publication_20260622T101458Z_associative_recall_seed109,109,fixed_update_scale,gradient_norm,gradient_norm,gradient_norm,candidate,False,1536,3,1536.0,1536.0,0.005449986861397767,1.0,0
associative_recall,transformer_publication_20260622T101458Z_associative_recall_seed109,109,fixed_update_scale,gradient_norm,gradient_norm,gradient_norm,candidate,False,2048,3,2048.0,2048.0,0.0030244987671417998,1.0,0
associative_recall,transformer_publication_20260622T101458Z_associative_recall_seed109,109,fixed_update_scale,gradient_norm,gradient_norm,gradient_norm,candidate,False,3072,3,3072.0,3072.0,0.001577879268249133,1.0,0
associative_recall,transformer_publication_20260622T101458Z_associative_recall_seed109,109,fixed_update_scale,gradient_norm,gradient_norm,gradient_norm,candidate,False,4096,3,4096.0,4096.0,0.0012864005887724998,1.0,0
associative_recall,transformer_publication_20260622T101458Z_associative_recall_seed109,109,fixed_update_scale,gradient_norm,gradient_norm,gradient_norm,candidate,False,6144,3,6144.0,6144.0,0.0008690895871646667,1.0,0
associative_recall,transformer_publication_20260622T101458Z_associative_recall_seed109,109,fixed_update_scale,marginal_gain_edge,marginal_gain_edge,marginal_gain_edge,candidate,False,512,3,512.0,512.0,0.2896256744861602,1.0,0
associative_recall,transformer_publication_20260622T101458Z_associative_recall_seed109,109,fixed_update_scale,marginal_gain_edge,marginal_gain_edge,marginal_gain_edge,candidate,False,1024,3,1024.0,1024.0,0.0176877870690077,1.0,0
associative_recall,transformer_publication_20260622T101458Z_associative_recall_seed109,109,fixed_update_scale,marginal_gain_edge,marginal_gain_edge,marginal_gain_edge,candidate,False,1536,3,1536.0,1536.0,0.0047828173264860665,1.0,0
associative_recall,transformer_publication_20260622T101458Z_associative_recall_seed109,109,fixed_update_scale,marginal_gain_edge,marginal_gain_edge,marginal_gain_edge,candidate,False,2048,3,2048.0,2048.0,0.0030825539724900664,1.0,0
associative_recall,transformer_publication_20260622T101458Z_associative_recall_seed109,109,fixed_update_scale,marginal_gain_edge,marginal_gain_edge,marginal_gain_edge,candidate,False,3072,3,3072.0,3072.0,0.0016233517526415666,1.0,0
associative_recall,transformer_publication_20260622T101458Z_associative_recall_seed109,109,fixed_update_scale,marginal_gain_edge,marginal_gain_edge,marginal_gain_edge,candidate,False,4096,3,4096.0,4096.0,0.0012266833267251668,1.0,0
associative_recall,transformer_publication_20260622T101458Z_associative_recall_seed109,109,fixed_update_scale,marginal_gain_edge,marginal_gain_edge,marginal_gain_edge,candidate,False,6144,3,6144.0,6144.0,0.0008528048347215667,1.0,0
associative_recall,transformer_publication_20260622T101458Z_associative_recall_seed109,109,fixed_update_scale,marginal_gain_soft,marginal_gain_soft,marginal_gain_soft,candidate,False,512,3,512.0,512.0,0.2896256744861602,1.0,0
associative_recall,transformer_publication_20260622T101458Z_associative_recall_seed109,109,fixed_update_scale,marginal_gain_soft,marginal_gain_soft,marginal_gain_soft,candidate,False,1024,3,1024.0,1024.0,0.0176877870690077,1.0,0
associative_recall,transformer_publication_20260622T101458Z_associative_recall_seed109,109,fixed_update_scale,marginal_gain_soft,marginal_gain_soft,marginal_gain_soft,candidate,False,1536,3,1536.0,1536.0,0.0047828173264860665,1.0,0
associative_recall,transformer_publication_20260622T101458Z_associative_recall_seed109,109,fixed_update_scale,marginal_gain_soft,marginal_gain_soft,marginal_gain_soft,candidate,False,2048,3,2048.0,2048.0,0.0030825539724900664,1.0,0
associative_recall,transformer_publication_20260622T101458Z_associative_recall_seed109,109,fixed_update_scale,marginal_gain_soft,marginal_gain_soft,marginal_gain_soft,candidate,False,3072,3,3072.0,3072.0,0.0016233517526415666,1.0,0
associative_recall,transformer_publication_20260622T101458Z_associative_recall_seed109,109,fixed_update_scale,marginal_gain_soft,marginal_gain_soft,marginal_gain_soft,candidate,False,4096,3,4096.0,4096.0,0.0012029011656219332,1.0,0
associative_recall,transformer_publication_20260622T101458Z_associative_recall_seed109,109,fixed_update_scale,marginal_gain_soft,marginal_gain_soft,marginal_gain_soft,candidate,False,6144,3,6144.0,6144.0,0.0008528048347215667,1.0,0
associative_recall,transformer_publication_20260622T101458Z_associative_recall_seed109,109,fixed_update_scale,soft_dimension,soft_dimension,soft_dimension,candidate,True,512,3,512.0,512.0,0.5589733347296715,0.890625,0
associative_recall,transformer_publication_20260622T101458Z_associative_recall_seed109,109,fixed_update_scale,soft_dimension,soft_dimension,soft_dimension,candidate,True,1024,3,1024.0,1024.0,0.022350800223648503,1.0,0
associative_recall,transformer_publication_20260622T101458Z_associative_recall_seed109,109,fixed_update_scale,soft_dimension,soft_dimension,soft_dimension,candidate,True,1536,3,1536.0,1536.0,0.008776188439999933,1.0,0
associative_recall,transformer_publication_20260622T101458Z_associative_recall_seed109,109,fixed_update_scale,soft_dimension,soft_dimension,soft_dimension,candidate,True,2048,3,2048.0,2048.0,0.004199967253953166,1.0,0
associative_recall,transformer_publication_20260622T101458Z_associative_recall_seed109,109,fixed_update_scale,soft_dimension,soft_dimension,soft_dimension,candidate,True,3072,3,3072.0,3072.0,0.0025981110035596666,1.0,0
associative_recall,transformer_publication_20260622T101458Z_associative_recall_seed109,109,fixed_update_scale,soft_dimension,soft_dimension,soft_dimension,candidate,True,4096,3,4096.0,4096.0,0.0014384448392471333,1.0,0
associative_recall,transformer_publication_20260622T101458Z_associative_recall_seed109,109,fixed_update_scale,soft_dimension,soft_dimension,soft_dimension,candidate,True,6144,3,6144.0,6144.0,0.0009532452992667666,1.0,0
associative_recall,transformer_publication_20260622T101458Z_associative_recall_seed109,109,fixed_update_scale,uniform,uniform,uniform,cap_baseline,False,512,3,0.0,512.0,11.613305846850077,0.0,0
associative_recall,transformer_publication_20260622T101458Z_associative_recall_seed109,109,fixed_update_scale,uniform,uniform,uniform,cap_baseline,False,1024,3,0.0,1024.0,11.605939030647278,0.0,0
associative_recall,transformer_publication_20260622T101458Z_associative_recall_seed109,109,fixed_update_scale,uniform,uniform,uniform,cap_baseline,False,1536,3,1408.0,1536.0,0.013517234319200067,1.0,0
associative_recall,transformer_publication_20260622T101458Z_associative_recall_seed109,109,fixed_update_scale,uniform,uniform,uniform,cap_baseline,False,2048,3,1408.0,2048.0,0.013296146527863999,1.0,0
associative_recall,transformer_publication_20260622T101458Z_associative_recall_seed109,109,fixed_update_scale,uniform,uniform,uniform,cap_baseline,False,3072,3,2816.0,3072.0,0.0030315902937823667,1.0,0
associative_recall,transformer_publication_20260622T101458Z_associative_recall_seed109,109,fixed_update_scale,uniform,uniform,uniform,cap_baseline,False,4096,3,2816.0,4096.0,0.0029293919409003996,1.0,0
associative_recall,transformer_publication_20260622T101458Z_associative_recall_seed109,109,fixed_update_scale,uniform,uniform,uniform,cap_baseline,False,6144,3,5632.0,6144.0,0.0010925769505168,1.0,0
associative_recall,transformer_publication_20260622T101458Z_associative_recall_seed109,109,fixed_update_scale,uniform_exact_cost__1024,uniform_exact_cost__1024,uniform_exact_cost,exact_cost_baseline,False,1024,3,1024.0,1024.0,0.0349121786033113,0.9996744791666666,0
associative_recall,transformer_publication_20260622T101458Z_associative_recall_seed109,109,fixed_update_scale,uniform_exact_cost__1536,uniform_exact_cost__1536,uniform_exact_cost,exact_cost_baseline,False,1536,3,1536.0,1536.0,0.0089524437401754,1.0,0
associative_recall,transformer_publication_20260622T101458Z_associative_recall_seed109,109,fixed_update_scale,uniform_exact_cost__2048,uniform_exact_cost__2048,uniform_exact_cost,exact_cost_baseline,False,2048,3,2048.0,2048.0,0.0045236815931275,1.0,0
associative_recall,transformer_publication_20260622T101458Z_associative_recall_seed109,109,fixed_update_scale,uniform_exact_cost__3072,uniform_exact_cost__3072,uniform_exact_cost,exact_cost_baseline,False,3072,3,3072.0,3072.0,0.0024134659809836,1.0,0
associative_recall,transformer_publication_20260622T101458Z_associative_recall_seed109,109,fixed_update_scale,uniform_exact_cost__4096,uniform_exact_cost__4096,uniform_exact_cost,exact_cost_baseline,False,4096,3,4096.0,4096.0,0.0016554169026979,1.0,0
associative_recall,transformer_publication_20260622T101458Z_associative_recall_seed109,109,fixed_update_scale,uniform_exact_cost__512,uniform_exact_cost__512,uniform_exact_cost,exact_cost_baseline,False,512,3,512.0,512.0,0.3889005370438099,0.9235026041666666,0
associative_recall,transformer_publication_20260622T101458Z_associative_recall_seed109,109,fixed_update_scale,uniform_exact_cost__6144,uniform_exact_cost__6144,uniform_exact_cost,exact_cost_baseline,False,6144,3,6144.0,6144.0,0.0010370822322632,1.0,0
associative_recall,transformer_publication_20260622T101458Z_associative_recall_seed109,109,fixed_update_scale,uniform_fill,uniform_fill,uniform_fill,cap_baseline,False,512,3,512.0,512.0,0.2955823130905628,0.9996744791666666,0
associative_recall,transformer_publication_20260622T101458Z_associative_recall_seed109,109,fixed_update_scale,uniform_fill,uniform_fill,uniform_fill,cap_baseline,False,1024,3,1024.0,1024.0,0.0349121786033113,0.9996744791666666,0
associative_recall,transformer_publication_20260622T101458Z_associative_recall_seed109,109,fixed_update_scale,uniform_fill,uniform_fill,uniform_fill,cap_baseline,False,1536,3,1536.0,1536.0,0.013397922428945634,1.0,0
associative_recall,transformer_publication_20260622T101458Z_associative_recall_seed109,109,fixed_update_scale,uniform_fill,uniform_fill,uniform_fill,cap_baseline,False,2048,3,2048.0,2048.0,0.006180627407350834,1.0,0
associative_recall,transformer_publication_20260622T101458Z_associative_recall_seed109,109,fixed_update_scale,uniform_fill,uniform_fill,uniform_fill,cap_baseline,False,3072,3,3072.0,3072.0,0.0028924955210337666,1.0,0
associative_recall,transformer_publication_20260622T101458Z_associative_recall_seed109,109,fixed_update_scale,uniform_fill,uniform_fill,uniform_fill,cap_baseline,False,4096,3,4096.0,4096.0,0.0019631588656920333,1.0,0
associative_recall,transformer_publication_20260622T101458Z_associative_recall_seed109,109,fixed_update_scale,uniform_fill,uniform_fill,uniform_fill,cap_baseline,False,6144,3,6144.0,6144.0,0.0010749395053911,1.0,0
associative_recall,transformer_publication_20260622T101458Z_associative_recall_seed109,109,rslora,effective_rank,effective_rank,effective_rank,candidate,False,512,3,512.0,512.0,0.4022395573556423,0.9075520833333334,0
associative_recall,transformer_publication_20260622T101458Z_associative_recall_seed109,109,rslora,effective_rank,effective_rank,effective_rank,candidate,False,1024,3,1024.0,1024.0,0.016502542110780834,1.0,0
associative_recall,transformer_publication_20260622T101458Z_associative_recall_seed109,109,rslora,effective_rank,effective_rank,effective_rank,candidate,False,1536,3,1536.0,1536.0,0.007566435611806734,1.0,0
associative_recall,transformer_publication_20260622T101458Z_associative_recall_seed109,109,rslora,effective_rank,effective_rank,effective_rank,candidate,False,2048,3,2048.0,2048.0,0.0031123376393224333,1.0,0
associative_recall,transformer_publication_20260622T101458Z_associative_recall_seed109,109,rslora,effective_rank,effective_rank,effective_rank,candidate,False,3072,3,3072.0,3072.0,0.0021184151167593,1.0,0
associative_recall,transformer_publication_20260622T101458Z_associative_recall_seed109,109,rslora,effective_rank,effective_rank,effective_rank,candidate,False,4096,3,4096.0,4096.0,0.0012263513150779666,1.0,0
associative_recall,transformer_publication_20260622T101458Z_associative_recall_seed109,109,rslora,effective_rank,effective_rank,effective_rank,candidate,False,6144,3,6144.0,6144.0,0.0009462455418542333,1.0,0
associative_recall,transformer_publication_20260622T101458Z_associative_recall_seed109,109,rslora,gradient_norm,gradient_norm,gradient_norm,candidate,False,512,3,512.0,512.0,0.37562674780686695,1.0,0
associative_recall,transformer_publication_20260622T101458Z_associative_recall_seed109,109,rslora,gradient_norm,gradient_norm,gradient_norm,candidate,False,1024,3,1024.0,1024.0,0.012627759133465533,1.0,0
associative_recall,transformer_publication_20260622T101458Z_associative_recall_seed109,109,rslora,gradient_norm,gradient_norm,gradient_norm,candidate,False,1536,3,1536.0,1536.0,0.004114977229619334,1.0,0
associative_recall,transformer_publication_20260622T101458Z_associative_recall_seed109,109,rslora,gradient_norm,gradient_norm,gradient_norm,candidate,False,2048,3,2048.0,2048.0,0.0026335137469383333,1.0,0
associative_recall,transformer_publication_20260622T101458Z_associative_recall_seed109,109,rslora,gradient_norm,gradient_norm,gradient_norm,candidate,False,3072,3,3072.0,3072.0,0.0015239269948020666,1.0,0
associative_recall,transformer_publication_20260622T101458Z_associative_recall_seed109,109,rslora,gradient_norm,gradient_norm,gradient_norm,candidate,False,4096,3,4096.0,4096.0,0.0012864005887724998,1.0,0
associative_recall,transformer_publication_20260622T101458Z_associative_recall_seed109,109,rslora,gradient_norm,gradient_norm,gradient_norm,candidate,False,6144,3,6144.0,6144.0,0.0009106249563046333,1.0,0
associative_recall,transformer_publication_20260622T101458Z_associative_recall_seed109,109,rslora,marginal_gain_edge,marginal_gain_edge,marginal_gain_edge,candidate,False,512,3,512.0,512.0,0.2612519854058822,1.0,0
associative_recall,transformer_publication_20260622T101458Z_associative_recall_seed109,109,rslora,marginal_gain_edge,marginal_gain_edge,marginal_gain_edge,candidate,False,1024,3,1024.0,1024.0,0.015463321469724135,1.0,0
associative_recall,transformer_publication_20260622T101458Z_associative_recall_seed109,109,rslora,marginal_gain_edge,marginal_gain_edge,marginal_gain_edge,candidate,False,1536,3,1536.0,1536.0,0.004567083728034,1.0,0
associative_recall,transformer_publication_20260622T101458Z_associative_recall_seed109,109,rslora,marginal_gain_edge,marginal_gain_edge,marginal_gain_edge,candidate,False,2048,3,2048.0,2048.0,0.0027705461931569336,1.0,0
associative_recall,transformer_publication_20260622T101458Z_associative_recall_seed109,109,rslora,marginal_gain_edge,marginal_gain_edge,marginal_gain_edge,candidate,False,3072,3,3072.0,3072.0,0.0015264935451947334,1.0,0
associative_recall,transformer_publication_20260622T101458Z_associative_recall_seed109,109,rslora,marginal_gain_edge,marginal_gain_edge,marginal_gain_edge,candidate,False,4096,3,4096.0,4096.0,0.0012261244361676334,1.0,0
associative_recall,transformer_publication_20260622T101458Z_associative_recall_seed109,109,rslora,marginal_gain_edge,marginal_gain_edge,marginal_gain_edge,candidate,False,6144,3,6144.0,6144.0,0.0009751977850100333,1.0,0
associative_recall,transformer_publication_20260622T101458Z_associative_recall_seed109,109,rslora,marginal_gain_soft,marginal_gain_soft,marginal_gain_soft,candidate,False,512,3,512.0,512.0,0.2612519854058822,1.0,0
associative_recall,transformer_publication_20260622T101458Z_associative_recall_seed109,109,rslora,marginal_gain_soft,marginal_gain_soft,marginal_gain_soft,candidate,False,1024,3,1024.0,1024.0,0.015463321469724135,1.0,0
associative_recall,transformer_publication_20260622T101458Z_associative_recall_seed109,109,rslora,marginal_gain_soft,marginal_gain_soft,marginal_gain_soft,candidate,False,1536,3,1536.0,1536.0,0.004567083728034,1.0,0
associative_recall,transformer_publication_20260622T101458Z_associative_recall_seed109,109,rslora,marginal_gain_soft,marginal_gain_soft,marginal_gain_soft,candidate,False,2048,3,2048.0,2048.0,0.0027705461931569336,1.0,0
associative_recall,transformer_publication_20260622T101458Z_associative_recall_seed109,109,rslora,marginal_gain_soft,marginal_gain_soft,marginal_gain_soft,candidate,False,3072,3,3072.0,3072.0,0.0015264935451947334,1.0,0
associative_recall,transformer_publication_20260622T101458Z_associative_recall_seed109,109,rslora,marginal_gain_soft,marginal_gain_soft,marginal_gain_soft,candidate,False,4096,3,4096.0,4096.0,0.0011923475540242666,1.0,0
associative_recall,transformer_publication_20260622T101458Z_associative_recall_seed109,109,rslora,marginal_gain_soft,marginal_gain_soft,marginal_gain_soft,candidate,False,6144,3,6144.0,6144.0,0.0009751977850100333,1.0,0
associative_recall,transformer_publication_20260622T101458Z_associative_recall_seed109,109,rslora,soft_dimension,soft_dimension,soft_dimension,candidate,True,512,3,512.0,512.0,0.5290174794693788,0.9124348958333334,0
associative_recall,transformer_publication_20260622T101458Z_associative_recall_seed109,109,rslora,soft_dimension,soft_dimension,soft_dimension,candidate,True,1024,3,1024.0,1024.0,0.016502542110780834,1.0,0
associative_recall,transformer_publication_20260622T101458Z_associative_recall_seed109,109,rslora,soft_dimension,soft_dimension,soft_dimension,candidate,True,1536,3,1536.0,1536.0,0.007566435611806734,1.0,0
associative_recall,transformer_publication_20260622T101458Z_associative_recall_seed109,109,rslora,soft_dimension,soft_dimension,soft_dimension,candidate,True,2048,3,2048.0,2048.0,0.0033448892257486335,1.0,0
associative_recall,transformer_publication_20260622T101458Z_associative_recall_seed109,109,rslora,soft_dimension,soft_dimension,soft_dimension,candidate,True,3072,3,3072.0,3072.0,0.0021184151167593,1.0,0
associative_recall,transformer_publication_20260622T101458Z_associative_recall_seed109,109,rslora,soft_dimension,soft_dimension,soft_dimension,candidate,True,4096,3,4096.0,4096.0,0.0012510376303301,1.0,0
associative_recall,transformer_publication_20260622T101458Z_associative_recall_seed109,109,rslora,soft_dimension,soft_dimension,soft_dimension,candidate,True,6144,3,6144.0,6144.0,0.0009462455418542333,1.0,0
associative_recall,transformer_publication_20260622T101458Z_associative_recall_seed109,109,rslora,uniform,uniform,uniform,cap_baseline,False,512,3,0.0,512.0,11.613305846850077,0.0,0
associative_recall,transformer_publication_20260622T101458Z_associative_recall_seed109,109,rslora,uniform,uniform,uniform,cap_baseline,False,1024,3,0.0,1024.0,11.605939030647278,0.0,0
associative_recall,transformer_publication_20260622T101458Z_associative_recall_seed109,109,rslora,uniform,uniform,uniform,cap_baseline,False,1536,3,1408.0,1536.0,0.011524254650187934,1.0,0
associative_recall,transformer_publication_20260622T101458Z_associative_recall_seed109,109,rslora,uniform,uniform,uniform,cap_baseline,False,2048,3,1408.0,2048.0,0.0087169878922092,1.0,0
associative_recall,transformer_publication_20260622T101458Z_associative_recall_seed109,109,rslora,uniform,uniform,uniform,cap_baseline,False,3072,3,2816.0,3072.0,0.002528890210669467,1.0,0
associative_recall,transformer_publication_20260622T101458Z_associative_recall_seed109,109,rslora,uniform,uniform,uniform,cap_baseline,False,4096,3,2816.0,4096.0,0.002405568317044467,1.0,0
associative_recall,transformer_publication_20260622T101458Z_associative_recall_seed109,109,rslora,uniform,uniform,uniform,cap_baseline,False,6144,3,5632.0,6144.0,0.0010925769505168,1.0,0
associative_recall,transformer_publication_20260622T101458Z_associative_recall_seed109,109,rslora,uniform_exact_cost__1024,uniform_exact_cost__1024,uniform_exact_cost,exact_cost_baseline,False,1024,3,1024.0,1024.0,0.026940264816706333,0.9996744791666666,0
associative_recall,transformer_publication_20260622T101458Z_associative_recall_seed109,109,rslora,uniform_exact_cost__1536,uniform_exact_cost__1536,uniform_exact_cost,exact_cost_baseline,False,1536,3,1536.0,1536.0,0.007798549951985434,1.0,0
associative_recall,transformer_publication_20260622T101458Z_associative_recall_seed109,109,rslora,uniform_exact_cost__2048,uniform_exact_cost__2048,uniform_exact_cost,exact_cost_baseline,False,2048,3,2048.0,2048.0,0.0036795333532305668,1.0,0
associative_recall,transformer_publication_20260622T101458Z_associative_recall_seed109,109,rslora,uniform_exact_cost__3072,uniform_exact_cost__3072,uniform_exact_cost,exact_cost_baseline,False,3072,3,3072.0,3072.0,0.0022854080452816,1.0,0
associative_recall,transformer_publication_20260622T101458Z_associative_recall_seed109,109,rslora,uniform_exact_cost__4096,uniform_exact_cost__4096,uniform_exact_cost,exact_cost_baseline,False,4096,3,4096.0,4096.0,0.0014926263926705334,1.0,0
associative_recall,transformer_publication_20260622T101458Z_associative_recall_seed109,109,rslora,uniform_exact_cost__512,uniform_exact_cost__512,uniform_exact_cost,exact_cost_baseline,False,512,3,512.0,512.0,0.4022395573556423,0.9075520833333334,0
associative_recall,transformer_publication_20260622T101458Z_associative_recall_seed109,109,rslora,uniform_exact_cost__6144,uniform_exact_cost__6144,uniform_exact_cost,exact_cost_baseline,False,6144,3,6144.0,6144.0,0.0010572377796051332,1.0,0
associative_recall,transformer_publication_20260622T101458Z_associative_recall_seed109,109,rslora,uniform_fill,uniform_fill,uniform_fill,cap_baseline,False,512,3,512.0,512.0,0.5242970213294029,0.947265625,0
associative_recall,transformer_publication_20260622T101458Z_associative_recall_seed109,109,rslora,uniform_fill,uniform_fill,uniform_fill,cap_baseline,False,1024,3,1024.0,1024.0,0.026940264816706333,0.9996744791666666,0
associative_recall,transformer_publication_20260622T101458Z_associative_recall_seed109,109,rslora,uniform_fill,uniform_fill,uniform_fill,cap_baseline,False,1536,3,1536.0,1536.0,0.011840714607387734,1.0,0
associative_recall,transformer_publication_20260622T101458Z_associative_recall_seed109,109,rslora,uniform_fill,uniform_fill,uniform_fill,cap_baseline,False,2048,3,2048.0,2048.0,0.005400973973640501,1.0,0
associative_recall,transformer_publication_20260622T101458Z_associative_recall_seed109,109,rslora,uniform_fill,uniform_fill,uniform_fill,cap_baseline,False,3072,3,3072.0,3072.0,0.0023635647279054667,1.0,0
associative_recall,transformer_publication_20260622T101458Z_associative_recall_seed109,109,rslora,uniform_fill,uniform_fill,uniform_fill,cap_baseline,False,4096,3,4096.0,4096.0,0.0018301909343183666,1.0,0
associative_recall,transformer_publication_20260622T101458Z_associative_recall_seed109,109,rslora,uniform_fill,uniform_fill,uniform_fill,cap_baseline,False,6144,3,6144.0,6144.0,0.0010956793654865,1.0,0
associative_recall,transformer_publication_20260622T101458Z_associative_recall_seed109,109,standard,effective_rank,effective_rank,effective_rank,candidate,False,512,3,512.0,512.0,0.34729404499133426,0.9466145833333334,0
associative_recall,transformer_publication_20260622T101458Z_associative_recall_seed109,109,standard,effective_rank,effective_rank,effective_rank,candidate,False,1024,3,1024.0,1024.0,0.0130606964230537,1.0,0
associative_recall,transformer_publication_20260622T101458Z_associative_recall_seed109,109,standard,effective_rank,effective_rank,effective_rank,candidate,False,1536,3,1536.0,1536.0,0.004900580873557633,1.0,0
associative_recall,transformer_publication_20260622T101458Z_associative_recall_seed109,109,standard,effective_rank,effective_rank,effective_rank,candidate,False,2048,3,2048.0,2048.0,0.0026528500117516,1.0,0
associative_recall,transformer_publication_20260622T101458Z_associative_recall_seed109,109,standard,effective_rank,effective_rank,effective_rank,candidate,False,3072,3,3072.0,3072.0,0.0018157592809681334,1.0,0
associative_recall,transformer_publication_20260622T101458Z_associative_recall_seed109,109,standard,effective_rank,effective_rank,effective_rank,candidate,False,4096,3,4096.0,4096.0,0.0011982691551868667,1.0,0
associative_recall,transformer_publication_20260622T101458Z_associative_recall_seed109,109,standard,effective_rank,effective_rank,effective_rank,candidate,False,6144,3,6144.0,6144.0,0.0009462649395572333,1.0,0
associative_recall,transformer_publication_20260622T101458Z_associative_recall_seed109,109,standard,gradient_norm,gradient_norm,gradient_norm,candidate,False,512,3,512.0,512.0,0.3861730632682641,0.9986979166666666,0
associative_recall,transformer_publication_20260622T101458Z_associative_recall_seed109,109,standard,gradient_norm,gradient_norm,gradient_norm,candidate,False,1024,3,1024.0,1024.0,0.011050459734785,1.0,0
associative_recall,transformer_publication_20260622T101458Z_associative_recall_seed109,109,standard,gradient_norm,gradient_norm,gradient_norm,candidate,False,1536,3,1536.0,1536.0,0.0036507860932033,1.0,0
associative_recall,transformer_publication_20260622T101458Z_associative_recall_seed109,109,standard,gradient_norm,gradient_norm,gradient_norm,candidate,False,2048,3,2048.0,2048.0,0.0025451491965213335,1.0,0
associative_recall,transformer_publication_20260622T101458Z_associative_recall_seed109,109,standard,gradient_norm,gradient_norm,gradient_norm,candidate,False,3072,3,3072.0,3072.0,0.0014317629393189666,1.0,0
associative_recall,transformer_publication_20260622T101458Z_associative_recall_seed109,109,standard,gradient_norm,gradient_norm,gradient_norm,candidate,False,4096,3,4096.0,4096.0,0.0012864005887724998,1.0,0
associative_recall,transformer_publication_20260622T101458Z_associative_recall_seed109,109,standard,gradient_norm,gradient_norm,gradient_norm,candidate,False,6144,3,6144.0,6144.0,0.0009357245774784333,1.0,0
associative_recall,transformer_publication_20260622T101458Z_associative_recall_seed109,109,standard,marginal_gain_edge,marginal_gain_edge,marginal_gain_edge,candidate,False,512,3,512.0,512.0,0.3605090118944645,1.0,0
associative_recall,transformer_publication_20260622T101458Z_associative_recall_seed109,109,standard,marginal_gain_edge,marginal_gain_edge,marginal_gain_edge,candidate,False,1024,3,1024.0,1024.0,0.014230448869056932,1.0,0
associative_recall,transformer_publication_20260622T101458Z_associative_recall_seed109,109,standard,marginal_gain_edge,marginal_gain_edge,marginal_gain_edge,candidate,False,1536,3,1536.0,1536.0,0.004420628577160301,1.0,0
associative_recall,transformer_publication_20260622T101458Z_associative_recall_seed109,109,standard,marginal_gain_edge,marginal_gain_edge,marginal_gain_edge,candidate,False,2048,3,2048.0,2048.0,0.0023278861481230337,1.0,0
associative_recall,transformer_publication_20260622T101458Z_associative_recall_seed109,109,standard,marginal_gain_edge,marginal_gain_edge,marginal_gain_edge,candidate,False,3072,3,3072.0,3072.0,0.0012288106809136667,1.0,0
associative_recall,transformer_publication_20260622T101458Z_associative_recall_seed109,109,standard,marginal_gain_edge,marginal_gain_edge,marginal_gain_edge,candidate,False,4096,3,4096.0,4096.0,0.0012634666879117668,1.0,0
associative_recall,transformer_publication_20260622T101458Z_associative_recall_seed109,109,standard,marginal_gain_edge,marginal_gain_edge,marginal_gain_edge,candidate,False,6144,3,6144.0,6144.0,0.0010472251160535666,1.0,0
associative_recall,transformer_publication_20260622T101458Z_associative_recall_seed109,109,standard,marginal_gain_soft,marginal_gain_soft,marginal_gain_soft,candidate,False,512,3,512.0,512.0,0.3605090118944645,1.0,0
associative_recall,transformer_publication_20260622T101458Z_associative_recall_seed109,109,standard,marginal_gain_soft,marginal_gain_soft,marginal_gain_soft,candidate,False,1024,3,1024.0,1024.0,0.014230448869056932,1.0,0
associative_recall,transformer_publication_20260622T101458Z_associative_recall_seed109,109,standard,marginal_gain_soft,marginal_gain_soft,marginal_gain_soft,candidate,False,1536,3,1536.0,1536.0,0.004420628577160301,1.0,0
associative_recall,transformer_publication_20260622T101458Z_associative_recall_seed109,109,standard,marginal_gain_soft,marginal_gain_soft,marginal_gain_soft,candidate,False,2048,3,2048.0,2048.0,0.0023278861481230337,1.0,0
associative_recall,transformer_publication_20260622T101458Z_associative_recall_seed109,109,standard,marginal_gain_soft,marginal_gain_soft,marginal_gain_soft,candidate,False,3072,3,3072.0,3072.0,0.0012288106809136667,1.0,0
associative_recall,transformer_publication_20260622T101458Z_associative_recall_seed109,109,standard,marginal_gain_soft,marginal_gain_soft,marginal_gain_soft,candidate,False,4096,3,4096.0,4096.0,0.0011372863082214667,1.0,0
associative_recall,transformer_publication_20260622T101458Z_associative_recall_seed109,109,standard,marginal_gain_soft,marginal_gain_soft,marginal_gain_soft,candidate,False,6144,3,6144.0,6144.0,0.0010472251160535666,1.0,0
associative_recall,transformer_publication_20260622T101458Z_associative_recall_seed109,109,standard,soft_dimension,soft_dimension,soft_dimension,candidate,True,512,3,512.0,512.0,0.5507566407322884,0.9137369791666666,0
associative_recall,transformer_publication_20260622T101458Z_associative_recall_seed109,109,standard,soft_dimension,soft_dimension,soft_dimension,candidate,True,1024,3,1024.0,1024.0,0.0130606964230537,1.0,0
associative_recall,transformer_publication_20260622T101458Z_associative_recall_seed109,109,standard,soft_dimension,soft_dimension,soft_dimension,candidate,True,1536,3,1536.0,1536.0,0.004900580873557633,1.0,0
associative_recall,transformer_publication_20260622T101458Z_associative_recall_seed109,109,standard,soft_dimension,soft_dimension,soft_dimension,candidate,True,2048,3,2048.0,2048.0,0.0025535395883100665,1.0,0
associative_recall,transformer_publication_20260622T101458Z_associative_recall_seed109,109,standard,soft_dimension,soft_dimension,soft_dimension,candidate,True,3072,3,3072.0,3072.0,0.0018157592809681334,1.0,0
associative_recall,transformer_publication_20260622T101458Z_associative_recall_seed109,109,standard,soft_dimension,soft_dimension,soft_dimension,candidate,True,4096,3,4096.0,4096.0,0.0011835592837693334,1.0,0
associative_recall,transformer_publication_20260622T101458Z_associative_recall_seed109,109,standard,soft_dimension,soft_dimension,soft_dimension,candidate,True,6144,3,6144.0,6144.0,0.0009462649395572333,1.0,0
associative_recall,transformer_publication_20260622T101458Z_associative_recall_seed109,109,standard,uniform,uniform,uniform,cap_baseline,False,512,3,0.0,512.0,11.613305846850077,0.0,0
associative_recall,transformer_publication_20260622T101458Z_associative_recall_seed109,109,standard,uniform,uniform,uniform,cap_baseline,False,1024,3,0.0,1024.0,11.605939030647278,0.0,0
associative_recall,transformer_publication_20260622T101458Z_associative_recall_seed109,109,standard,uniform,uniform,uniform,cap_baseline,False,1536,3,1408.0,1536.0,0.007335148829345867,1.0,0
associative_recall,transformer_publication_20260622T101458Z_associative_recall_seed109,109,standard,uniform,uniform,uniform,cap_baseline,False,2048,3,1408.0,2048.0,0.012376347886553599,0.9996744791666666,0
associative_recall,transformer_publication_20260622T101458Z_associative_recall_seed109,109,standard,uniform,uniform,uniform,cap_baseline,False,3072,3,2816.0,3072.0,0.0019520739976238667,1.0,0
associative_recall,transformer_publication_20260622T101458Z_associative_recall_seed109,109,standard,uniform,uniform,uniform,cap_baseline,False,4096,3,2816.0,4096.0,0.0020072136976522666,1.0,0
associative_recall,transformer_publication_20260622T101458Z_associative_recall_seed109,109,standard,uniform,uniform,uniform,cap_baseline,False,6144,3,5632.0,6144.0,0.0010925769505168,1.0,0
associative_recall,transformer_publication_20260622T101458Z_associative_recall_seed109,109,standard,uniform_exact_cost__1024,uniform_exact_cost__1024,uniform_exact_cost,exact_cost_baseline,False,1024,3,1024.0,1024.0,0.019961710476006,1.0,0
associative_recall,transformer_publication_20260622T101458Z_associative_recall_seed109,109,standard,uniform_exact_cost__1536,uniform_exact_cost__1536,uniform_exact_cost,exact_cost_baseline,False,1536,3,1536.0,1536.0,0.027891505917068533,0.9996744791666666,0
associative_recall,transformer_publication_20260622T101458Z_associative_recall_seed109,109,standard,uniform_exact_cost__2048,uniform_exact_cost__2048,uniform_exact_cost,exact_cost_baseline,False,2048,3,2048.0,2048.0,0.0027887424706325666,1.0,0
associative_recall,transformer_publication_20260622T101458Z_associative_recall_seed109,109,standard,uniform_exact_cost__3072,uniform_exact_cost__3072,uniform_exact_cost,exact_cost_baseline,False,3072,3,3072.0,3072.0,0.0018827523114547332,1.0,0
associative_recall,transformer_publication_20260622T101458Z_associative_recall_seed109,109,standard,uniform_exact_cost__4096,uniform_exact_cost__4096,uniform_exact_cost,exact_cost_baseline,False,4096,3,4096.0,4096.0,0.0013093572488287002,1.0,0
associative_recall,transformer_publication_20260622T101458Z_associative_recall_seed109,109,standard,uniform_exact_cost__512,uniform_exact_cost__512,uniform_exact_cost,exact_cost_baseline,False,512,3,512.0,512.0,0.34729404499133426,0.9466145833333334,0
associative_recall,transformer_publication_20260622T101458Z_associative_recall_seed109,109,standard,uniform_exact_cost__6144,uniform_exact_cost__6144,uniform_exact_cost,exact_cost_baseline,False,6144,3,6144.0,6144.0,0.0010808640702937335,1.0,0
associative_recall,transformer_publication_20260622T101458Z_associative_recall_seed109,109,standard,uniform_fill,uniform_fill,uniform_fill,cap_baseline,False,512,3,512.0,512.0,0.6928916076819102,0.8961588541666666,0
associative_recall,transformer_publication_20260622T101458Z_associative_recall_seed109,109,standard,uniform_fill,uniform_fill,uniform_fill,cap_baseline,False,1024,3,1024.0,1024.0,0.019961710476006,1.0,0
associative_recall,transformer_publication_20260622T101458Z_associative_recall_seed109,109,standard,uniform_fill,uniform_fill,uniform_fill,cap_baseline,False,1536,3,1536.0,1536.0,0.009079607087187433,1.0,0
associative_recall,transformer_publication_20260622T101458Z_associative_recall_seed109,109,standard,uniform_fill,uniform_fill,uniform_fill,cap_baseline,False,2048,3,2048.0,2048.0,0.0053482184108967,1.0,0
associative_recall,transformer_publication_20260622T101458Z_associative_recall_seed109,109,standard,uniform_fill,uniform_fill,uniform_fill,cap_baseline,False,3072,3,3072.0,3072.0,0.0019283298946295667,1.0,0
associative_recall,transformer_publication_20260622T101458Z_associative_recall_seed109,109,standard,uniform_fill,uniform_fill,uniform_fill,cap_baseline,False,4096,3,4096.0,4096.0,0.0016721737677774333,1.0,0
associative_recall,transformer_publication_20260622T101458Z_associative_recall_seed109,109,standard,uniform_fill,uniform_fill,uniform_fill,cap_baseline,False,6144,3,6144.0,6144.0,0.0010967840741310335,1.0,0
associative_recall,transformer_publication_20260622T101458Z_associative_recall_seed113,113,fixed_update_scale,effective_rank,effective_rank,effective_rank,candidate,False,512,3,512.0,512.0,0.5207940625647703,0.9117838541666666,0
associative_recall,transformer_publication_20260622T101458Z_associative_recall_seed113,113,fixed_update_scale,effective_rank,effective_rank,effective_rank,candidate,False,1024,3,1024.0,1024.0,0.022295277177666595,1.0,0
associative_recall,transformer_publication_20260622T101458Z_associative_recall_seed113,113,fixed_update_scale,effective_rank,effective_rank,effective_rank,candidate,False,1536,3,1472.0,1536.0,0.011455689091235332,1.0,0
associative_recall,transformer_publication_20260622T101458Z_associative_recall_seed113,113,fixed_update_scale,effective_rank,effective_rank,effective_rank,candidate,False,2048,3,2048.0,2048.0,0.004359766443182367,1.0,0
associative_recall,transformer_publication_20260622T101458Z_associative_recall_seed113,113,fixed_update_scale,effective_rank,effective_rank,effective_rank,candidate,False,3072,3,3072.0,3072.0,0.0021523463462168333,1.0,0
associative_recall,transformer_publication_20260622T101458Z_associative_recall_seed113,113,fixed_update_scale,effective_rank,effective_rank,effective_rank,candidate,False,4096,3,4096.0,4096.0,0.0016461984244718001,1.0,0
associative_recall,transformer_publication_20260622T101458Z_associative_recall_seed113,113,fixed_update_scale,effective_rank,effective_rank,effective_rank,candidate,False,6144,3,6144.0,6144.0,0.0010254704999776,1.0,0
associative_recall,transformer_publication_20260622T101458Z_associative_recall_seed113,113,fixed_update_scale,gradient_norm,gradient_norm,gradient_norm,candidate,False,512,3,512.0,512.0,0.46058347697059315,0.9986979166666666,0
associative_recall,transformer_publication_20260622T101458Z_associative_recall_seed113,113,fixed_update_scale,gradient_norm,gradient_norm,gradient_norm,candidate,False,1024,3,960.0,1024.0,0.029567898328726434,1.0,0
associative_recall,transformer_publication_20260622T101458Z_associative_recall_seed113,113,fixed_update_scale,gradient_norm,gradient_norm,gradient_norm,candidate,False,1536,3,1536.0,1536.0,0.006680497744431067,1.0,0
associative_recall,transformer_publication_20260622T101458Z_associative_recall_seed113,113,fixed_update_scale,gradient_norm,gradient_norm,gradient_norm,candidate,False,2048,3,2048.0,2048.0,0.0032669924160775667,1.0,0
associative_recall,transformer_publication_20260622T101458Z_associative_recall_seed113,113,fixed_update_scale,gradient_norm,gradient_norm,gradient_norm,candidate,False,3072,3,3072.0,3072.0,0.0015353748361424332,1.0,0
associative_recall,transformer_publication_20260622T101458Z_associative_recall_seed113,113,fixed_update_scale,gradient_norm,gradient_norm,gradient_norm,candidate,False,4096,3,4096.0,4096.0,0.0012008725364769668,1.0,0
associative_recall,transformer_publication_20260622T101458Z_associative_recall_seed113,113,fixed_update_scale,gradient_norm,gradient_norm,gradient_norm,candidate,False,6144,3,6144.0,6144.0,0.0008748934803103001,1.0,0
associative_recall,transformer_publication_20260622T101458Z_associative_recall_seed113,113,fixed_update_scale,marginal_gain_edge,marginal_gain_edge,marginal_gain_edge,candidate,False,512,3,512.0,512.0,0.36348307381073636,1.0,0
associative_recall,transformer_publication_20260622T101458Z_associative_recall_seed113,113,fixed_update_scale,marginal_gain_edge,marginal_gain_edge,marginal_gain_edge,candidate,False,1024,3,1024.0,1024.0,0.019785325353344235,1.0,0
associative_recall,transformer_publication_20260622T101458Z_associative_recall_seed113,113,fixed_update_scale,marginal_gain_edge,marginal_gain_edge,marginal_gain_edge,candidate,False,1536,3,1536.0,1536.0,0.0048001687197635,1.0,0
associative_recall,transformer_publication_20260622T101458Z_associative_recall_seed113,113,fixed_update_scale,marginal_gain_edge,marginal_gain_edge,marginal_gain_edge,candidate,False,2048,3,1984.0,2048.0,0.0033946554176509,1.0,0
associative_recall,transformer_publication_20260622T101458Z_associative_recall_seed113,113,fixed_update_scale,marginal_gain_edge,marginal_gain_edge,marginal_gain_edge,candidate,False,3072,3,3008.0,3072.0,0.0014673975238110332,1.0,0
associative_recall,transformer_publication_20260622T101458Z_associative_recall_seed113,113,fixed_update_scale,marginal_gain_edge,marginal_gain_edge,marginal_gain_edge,candidate,False,4096,3,4096.0,4096.0,0.0012833438862192334,1.0,0
associative_recall,transformer_publication_20260622T101458Z_associative_recall_seed113,113,fixed_update_scale,marginal_gain_edge,marginal_gain_edge,marginal_gain_edge,candidate,False,6144,3,6144.0,6144.0,0.0008795245812506666,1.0,0
associative_recall,transformer_publication_20260622T101458Z_associative_recall_seed113,113,fixed_update_scale,marginal_gain_soft,marginal_gain_soft,marginal_gain_soft,candidate,False,512,3,512.0,512.0,0.36348307381073636,1.0,0
associative_recall,transformer_publication_20260622T101458Z_associative_recall_seed113,113,fixed_update_scale,marginal_gain_soft,marginal_gain_soft,marginal_gain_soft,candidate,False,1024,3,1024.0,1024.0,0.019785325353344235,1.0,0
associative_recall,transformer_publication_20260622T101458Z_associative_recall_seed113,113,fixed_update_scale,marginal_gain_soft,marginal_gain_soft,marginal_gain_soft,candidate,False,1536,3,1536.0,1536.0,0.004868522713271234,1.0,0
associative_recall,transformer_publication_20260622T101458Z_associative_recall_seed113,113,fixed_update_scale,marginal_gain_soft,marginal_gain_soft,marginal_gain_soft,candidate,False,2048,3,1984.0,2048.0,0.0033946554176509,1.0,0
associative_recall,transformer_publication_20260622T101458Z_associative_recall_seed113,113,fixed_update_scale,marginal_gain_soft,marginal_gain_soft,marginal_gain_soft,candidate,False,3072,3,3008.0,3072.0,0.0014673975238110332,1.0,0
associative_recall,transformer_publication_20260622T101458Z_associative_recall_seed113,113,fixed_update_scale,marginal_gain_soft,marginal_gain_soft,marginal_gain_soft,candidate,False,4096,3,4096.0,4096.0,0.001309325132751767,1.0,0
associative_recall,transformer_publication_20260622T101458Z_associative_recall_seed113,113,fixed_update_scale,marginal_gain_soft,marginal_gain_soft,marginal_gain_soft,candidate,False,6144,3,6144.0,6144.0,0.0008956750995517668,1.0,0
associative_recall,transformer_publication_20260622T101458Z_associative_recall_seed113,113,fixed_update_scale,soft_dimension,soft_dimension,soft_dimension,candidate,True,512,3,512.0,512.0,0.5207940625647703,0.9117838541666666,0
associative_recall,transformer_publication_20260622T101458Z_associative_recall_seed113,113,fixed_update_scale,soft_dimension,soft_dimension,soft_dimension,candidate,True,1024,3,1024.0,1024.0,0.022295277177666595,1.0,0
associative_recall,transformer_publication_20260622T101458Z_associative_recall_seed113,113,fixed_update_scale,soft_dimension,soft_dimension,soft_dimension,candidate,True,1536,3,1536.0,1536.0,0.0087053859412359,1.0,0
associative_recall,transformer_publication_20260622T101458Z_associative_recall_seed113,113,fixed_update_scale,soft_dimension,soft_dimension,soft_dimension,candidate,True,2048,3,2048.0,2048.0,0.004359766443182367,1.0,0
associative_recall,transformer_publication_20260622T101458Z_associative_recall_seed113,113,fixed_update_scale,soft_dimension,soft_dimension,soft_dimension,candidate,True,3072,3,3072.0,3072.0,0.0023658772988709997,1.0,0
associative_recall,transformer_publication_20260622T101458Z_associative_recall_seed113,113,fixed_update_scale,soft_dimension,soft_dimension,soft_dimension,candidate,True,4096,3,4096.0,4096.0,0.0016461984244718001,1.0,0
associative_recall,transformer_publication_20260622T101458Z_associative_recall_seed113,113,fixed_update_scale,soft_dimension,soft_dimension,soft_dimension,candidate,True,6144,3,6144.0,6144.0,0.0011021486958876666,1.0,0
associative_recall,transformer_publication_20260622T101458Z_associative_recall_seed113,113,fixed_update_scale,uniform,uniform,uniform,cap_baseline,False,512,3,0.0,512.0,11.82557769616445,0.0,0
associative_recall,transformer_publication_20260622T101458Z_associative_recall_seed113,113,fixed_update_scale,uniform,uniform,uniform,cap_baseline,False,1024,3,0.0,1024.0,11.817827701568604,0.0,0
associative_recall,transformer_publication_20260622T101458Z_associative_recall_seed113,113,fixed_update_scale,uniform,uniform,uniform,cap_baseline,False,1536,3,1408.0,1536.0,0.014789768378250266,1.0,0
associative_recall,transformer_publication_20260622T101458Z_associative_recall_seed113,113,fixed_update_scale,uniform,uniform,uniform,cap_baseline,False,2048,3,1408.0,2048.0,0.014701347177227266,1.0,0
associative_recall,transformer_publication_20260622T101458Z_associative_recall_seed113,113,fixed_update_scale,uniform,uniform,uniform,cap_baseline,False,3072,3,2816.0,3072.0,0.003170868362455266,1.0,0
associative_recall,transformer_publication_20260622T101458Z_associative_recall_seed113,113,fixed_update_scale,uniform,uniform,uniform,cap_baseline,False,4096,3,2816.0,4096.0,0.0040667534922249,1.0,0
associative_recall,transformer_publication_20260622T101458Z_associative_recall_seed113,113,fixed_update_scale,uniform,uniform,uniform,cap_baseline,False,6144,3,5632.0,6144.0,0.0012381606114407,1.0,0
associative_recall,transformer_publication_20260622T101458Z_associative_recall_seed113,113,fixed_update_scale,uniform_exact_cost__1024,uniform_exact_cost__1024,uniform_exact_cost,exact_cost_baseline,False,1024,3,1024.0,1024.0,0.19155231987436613,0.9996744791666666,0
associative_recall,transformer_publication_20260622T101458Z_associative_recall_seed113,113,fixed_update_scale,uniform_exact_cost__1472,uniform_exact_cost__1472,uniform_exact_cost,exact_cost_baseline,False,1536,3,1472.0,1536.0,0.011468189147611399,1.0,0
associative_recall,transformer_publication_20260622T101458Z_associative_recall_seed113,113,fixed_update_scale,uniform_exact_cost__1536,uniform_exact_cost__1536,uniform_exact_cost,exact_cost_baseline,False,1536,3,1536.0,1536.0,0.0087053859412359,1.0,0
associative_recall,transformer_publication_20260622T101458Z_associative_recall_seed113,113,fixed_update_scale,uniform_exact_cost__1984,uniform_exact_cost__1984,uniform_exact_cost,exact_cost_baseline,False,2048,3,1984.0,2048.0,0.0048595864597397,1.0,0
associative_recall,transformer_publication_20260622T101458Z_associative_recall_seed113,113,fixed_update_scale,uniform_exact_cost__2048,uniform_exact_cost__2048,uniform_exact_cost,exact_cost_baseline,False,2048,3,2048.0,2048.0,0.005416455018954933,1.0,0
associative_recall,transformer_publication_20260622T101458Z_associative_recall_seed113,113,fixed_update_scale,uniform_exact_cost__3008,uniform_exact_cost__3008,uniform_exact_cost,exact_cost_baseline,False,3072,3,3008.0,3072.0,0.0024913046217989,1.0,0
associative_recall,transformer_publication_20260622T101458Z_associative_recall_seed113,113,fixed_update_scale,uniform_exact_cost__3072,uniform_exact_cost__3072,uniform_exact_cost,exact_cost_baseline,False,3072,3,3072.0,3072.0,0.0023658772988709997,1.0,0
associative_recall,transformer_publication_20260622T101458Z_associative_recall_seed113,113,fixed_update_scale,uniform_exact_cost__4096,uniform_exact_cost__4096,uniform_exact_cost,exact_cost_baseline,False,4096,3,4096.0,4096.0,0.0017907637035628667,1.0,0
associative_recall,transformer_publication_20260622T101458Z_associative_recall_seed113,113,fixed_update_scale,uniform_exact_cost__512,uniform_exact_cost__512,uniform_exact_cost,exact_cost_baseline,False,512,3,512.0,512.0,0.5207940625647703,0.9117838541666666,0
associative_recall,transformer_publication_20260622T101458Z_associative_recall_seed113,113,fixed_update_scale,uniform_exact_cost__6144,uniform_exact_cost__6144,uniform_exact_cost,exact_cost_baseline,False,6144,3,6144.0,6144.0,0.0011021486958876666,1.0,0
associative_recall,transformer_publication_20260622T101458Z_associative_recall_seed113,113,fixed_update_scale,uniform_exact_cost__960,uniform_exact_cost__960,uniform_exact_cost,exact_cost_baseline,False,1024,3,960.0,1024.0,0.050777455636610534,1.0,0
associative_recall,transformer_publication_20260622T101458Z_associative_recall_seed113,113,fixed_update_scale,uniform_fill,uniform_fill,uniform_fill,cap_baseline,False,512,3,512.0,512.0,0.9305468971530596,0.76953125,0
associative_recall,transformer_publication_20260622T101458Z_associative_recall_seed113,113,fixed_update_scale,uniform_fill,uniform_fill,uniform_fill,cap_baseline,False,1024,3,1024.0,1024.0,0.19155231987436613,0.9996744791666666,0
associative_recall,transformer_publication_20260622T101458Z_associative_recall_seed113,113,fixed_update_scale,uniform_fill,uniform_fill,uniform_fill,cap_baseline,False,1536,3,1536.0,1536.0,0.015384036193912168,1.0,0
associative_recall,transformer_publication_20260622T101458Z_associative_recall_seed113,113,fixed_update_scale,uniform_fill,uniform_fill,uniform_fill,cap_baseline,False,2048,3,2048.0,2048.0,0.008092116642122433,1.0,0
associative_recall,transformer_publication_20260622T101458Z_associative_recall_seed113,113,fixed_update_scale,uniform_fill,uniform_fill,uniform_fill,cap_baseline,False,3072,3,3072.0,3072.0,0.0028396149573381665,1.0,0
associative_recall,transformer_publication_20260622T101458Z_associative_recall_seed113,113,fixed_update_scale,uniform_fill,uniform_fill,uniform_fill,cap_baseline,False,4096,3,4096.0,4096.0,0.0029676791261105,1.0,0
associative_recall,transformer_publication_20260622T101458Z_associative_recall_seed113,113,fixed_update_scale,uniform_fill,uniform_fill,uniform_fill,cap_baseline,False,6144,3,6144.0,6144.0,0.0011977972996343,1.0,0
associative_recall,transformer_publication_20260622T101458Z_associative_recall_seed113,113,rslora,effective_rank,effective_rank,effective_rank,candidate,False,512,3,512.0,512.0,0.4462510173519452,0.9329427083333334,0
associative_recall,transformer_publication_20260622T101458Z_associative_recall_seed113,113,rslora,effective_rank,effective_rank,effective_rank,candidate,False,1024,3,1024.0,1024.0,0.0175641390572612,1.0,0
associative_recall,transformer_publication_20260622T101458Z_associative_recall_seed113,113,rslora,effective_rank,effective_rank,effective_rank,candidate,False,1536,3,1472.0,1536.0,0.0089586029256073,1.0,0
associative_recall,transformer_publication_20260622T101458Z_associative_recall_seed113,113,rslora,effective_rank,effective_rank,effective_rank,candidate,False,2048,3,2048.0,2048.0,0.0034120946656911997,1.0,0
associative_recall,transformer_publication_20260622T101458Z_associative_recall_seed113,113,rslora,effective_rank,effective_rank,effective_rank,candidate,False,3072,3,3072.0,3072.0,0.001962831025593867,1.0,0
associative_recall,transformer_publication_20260622T101458Z_associative_recall_seed113,113,rslora,effective_rank,effective_rank,effective_rank,candidate,False,4096,3,4096.0,4096.0,0.0015978704565591999,1.0,0
associative_recall,transformer_publication_20260622T101458Z_associative_recall_seed113,113,rslora,effective_rank,effective_rank,effective_rank,candidate,False,6144,3,6144.0,6144.0,0.0011196942165649,1.0,0
associative_recall,transformer_publication_20260622T101458Z_associative_recall_seed113,113,rslora,gradient_norm,gradient_norm,gradient_norm,candidate,False,512,3,512.0,512.0,0.4706047947208087,0.9990234375,0
associative_recall,transformer_publication_20260622T101458Z_associative_recall_seed113,113,rslora,gradient_norm,gradient_norm,gradient_norm,candidate,False,1024,3,960.0,1024.0,0.025252086886515163,1.0,0
associative_recall,transformer_publication_20260622T101458Z_associative_recall_seed113,113,rslora,gradient_norm,gradient_norm,gradient_norm,candidate,False,1536,3,1536.0,1536.0,0.006067110885245066,1.0,0
associative_recall,transformer_publication_20260622T101458Z_associative_recall_seed113,113,rslora,gradient_norm,gradient_norm,gradient_norm,candidate,False,2048,3,2048.0,2048.0,0.002644596737809433,1.0,0
associative_recall,transformer_publication_20260622T101458Z_associative_recall_seed113,113,rslora,gradient_norm,gradient_norm,gradient_norm,candidate,False,3072,3,3072.0,3072.0,0.0014506511506624,1.0,0
associative_recall,transformer_publication_20260622T101458Z_associative_recall_seed113,113,rslora,gradient_norm,gradient_norm,gradient_norm,candidate,False,4096,3,4096.0,4096.0,0.0012905037971601,1.0,0
associative_recall,transformer_publication_20260622T101458Z_associative_recall_seed113,113,rslora,gradient_norm,gradient_norm,gradient_norm,candidate,False,6144,3,6144.0,6144.0,0.0009591709992188333,1.0,0
associative_recall,transformer_publication_20260622T101458Z_associative_recall_seed113,113,rslora,marginal_gain_edge,marginal_gain_edge,marginal_gain_edge,candidate,False,512,3,512.0,512.0,0.40406083812316257,1.0,0
associative_recall,transformer_publication_20260622T101458Z_associative_recall_seed113,113,rslora,marginal_gain_edge,marginal_gain_edge,marginal_gain_edge,candidate,False,1024,3,1024.0,1024.0,0.0191834849926332,1.0,0
associative_recall,transformer_publication_20260622T101458Z_associative_recall_seed113,113,rslora,marginal_gain_edge,marginal_gain_edge,marginal_gain_edge,candidate,False,1536,3,1536.0,1536.0,0.004753210795267133,1.0,0
associative_recall,transformer_publication_20260622T101458Z_associative_recall_seed113,113,rslora,marginal_gain_edge,marginal_gain_edge,marginal_gain_edge,candidate,False,2048,3,1984.0,2048.0,0.0029114987992215333,1.0,0
associative_recall,transformer_publication_20260622T101458Z_associative_recall_seed113,113,rslora,marginal_gain_edge,marginal_gain_edge,marginal_gain_edge,candidate,False,3072,3,3008.0,3072.0,0.0014620795457933999,1.0,0
associative_recall,transformer_publication_20260622T101458Z_associative_recall_seed113,113,rslora,marginal_gain_edge,marginal_gain_edge,marginal_gain_edge,candidate,False,4096,3,4096.0,4096.0,0.0013568574552967,1.0,0
associative_recall,transformer_publication_20260622T101458Z_associative_recall_seed113,113,rslora,marginal_gain_edge,marginal_gain_edge,marginal_gain_edge,candidate,False,6144,3,6144.0,6144.0,0.0009698114032895667,1.0,0
associative_recall,transformer_publication_20260622T101458Z_associative_recall_seed113,113,rslora,marginal_gain_soft,marginal_gain_soft,marginal_gain_soft,candidate,False,512,3,512.0,512.0,0.40406083812316257,1.0,0
associative_recall,transformer_publication_20260622T101458Z_associative_recall_seed113,113,rslora,marginal_gain_soft,marginal_gain_soft,marginal_gain_soft,candidate,False,1024,3,1024.0,1024.0,0.0191834849926332,1.0,0
associative_recall,transformer_publication_20260622T101458Z_associative_recall_seed113,113,rslora,marginal_gain_soft,marginal_gain_soft,marginal_gain_soft,candidate,False,1536,3,1536.0,1536.0,0.0046406057081184665,1.0,0
associative_recall,transformer_publication_20260622T101458Z_associative_recall_seed113,113,rslora,marginal_gain_soft,marginal_gain_soft,marginal_gain_soft,candidate,False,2048,3,1984.0,2048.0,0.0029114987992215333,1.0,0
associative_recall,transformer_publication_20260622T101458Z_associative_recall_seed113,113,rslora,marginal_gain_soft,marginal_gain_soft,marginal_gain_soft,candidate,False,3072,3,3008.0,3072.0,0.0014620795457933999,1.0,0
associative_recall,transformer_publication_20260622T101458Z_associative_recall_seed113,113,rslora,marginal_gain_soft,marginal_gain_soft,marginal_gain_soft,candidate,False,4096,3,4096.0,4096.0,0.0013905409917545333,1.0,0
associative_recall,transformer_publication_20260622T101458Z_associative_recall_seed113,113,rslora,marginal_gain_soft,marginal_gain_soft,marginal_gain_soft,candidate,False,6144,3,6144.0,6144.0,0.0010344151839186333,1.0,0
associative_recall,transformer_publication_20260622T101458Z_associative_recall_seed113,113,rslora,soft_dimension,soft_dimension,soft_dimension,candidate,True,512,3,512.0,512.0,0.4462510173519452,0.9329427083333334,0
associative_recall,transformer_publication_20260622T101458Z_associative_recall_seed113,113,rslora,soft_dimension,soft_dimension,soft_dimension,candidate,True,1024,3,1024.0,1024.0,0.0175641390572612,1.0,0
associative_recall,transformer_publication_20260622T101458Z_associative_recall_seed113,113,rslora,soft_dimension,soft_dimension,soft_dimension,candidate,True,1536,3,1536.0,1536.0,0.007381697456973267,1.0,0
associative_recall,transformer_publication_20260622T101458Z_associative_recall_seed113,113,rslora,soft_dimension,soft_dimension,soft_dimension,candidate,True,2048,3,2048.0,2048.0,0.0034120946656911997,1.0,0
associative_recall,transformer_publication_20260622T101458Z_associative_recall_seed113,113,rslora,soft_dimension,soft_dimension,soft_dimension,candidate,True,3072,3,3072.0,3072.0,0.0021957368880975666,1.0,0
associative_recall,transformer_publication_20260622T101458Z_associative_recall_seed113,113,rslora,soft_dimension,soft_dimension,soft_dimension,candidate,True,4096,3,4096.0,4096.0,0.0015978704565591999,1.0,0
associative_recall,transformer_publication_20260622T101458Z_associative_recall_seed113,113,rslora,soft_dimension,soft_dimension,soft_dimension,candidate,True,6144,3,6144.0,6144.0,0.0011371902364771,1.0,0
associative_recall,transformer_publication_20260622T101458Z_associative_recall_seed113,113,rslora,uniform,uniform,uniform,cap_baseline,False,512,3,0.0,512.0,11.82557769616445,0.0,0
associative_recall,transformer_publication_20260622T101458Z_associative_recall_seed113,113,rslora,uniform,uniform,uniform,cap_baseline,False,1024,3,0.0,1024.0,11.817827701568604,0.0,0
associative_recall,transformer_publication_20260622T101458Z_associative_recall_seed113,113,rslora,uniform,uniform,uniform,cap_baseline,False,1536,3,1408.0,1536.0,0.011864401477699434,1.0,0
associative_recall,transformer_publication_20260622T101458Z_associative_recall_seed113,113,rslora,uniform,uniform,uniform,cap_baseline,False,2048,3,1408.0,2048.0,0.010723891668021632,1.0,0
associative_recall,transformer_publication_20260622T101458Z_associative_recall_seed113,113,rslora,uniform,uniform,uniform,cap_baseline,False,3072,3,2816.0,3072.0,0.0025073089927899997,1.0,0
associative_recall,transformer_publication_20260622T101458Z_associative_recall_seed113,113,rslora,uniform,uniform,uniform,cap_baseline,False,4096,3,2816.0,4096.0,0.0030964631005189667,1.0,0
associative_recall,transformer_publication_20260622T101458Z_associative_recall_seed113,113,rslora,uniform,uniform,uniform,cap_baseline,False,6144,3,5632.0,6144.0,0.0012381606114407,1.0,0
associative_recall,transformer_publication_20260622T101458Z_associative_recall_seed113,113,rslora,uniform_exact_cost__1024,uniform_exact_cost__1024,uniform_exact_cost,exact_cost_baseline,False,1024,3,1024.0,1024.0,0.5372529146261512,0.794921875,0
associative_recall,transformer_publication_20260622T101458Z_associative_recall_seed113,113,rslora,uniform_exact_cost__1472,uniform_exact_cost__1472,uniform_exact_cost,exact_cost_baseline,False,1536,3,1472.0,1536.0,0.008641508039242234,1.0,0
associative_recall,transformer_publication_20260622T101458Z_associative_recall_seed113,113,rslora,uniform_exact_cost__1536,uniform_exact_cost__1536,uniform_exact_cost,exact_cost_baseline,False,1536,3,1536.0,1536.0,0.007381697456973267,1.0,0
associative_recall,transformer_publication_20260622T101458Z_associative_recall_seed113,113,rslora,uniform_exact_cost__1984,uniform_exact_cost__1984,uniform_exact_cost,exact_cost_baseline,False,2048,3,1984.0,2048.0,0.004085915531807867,1.0,0
associative_recall,transformer_publication_20260622T101458Z_associative_recall_seed113,113,rslora,uniform_exact_cost__2048,uniform_exact_cost__2048,uniform_exact_cost,exact_cost_baseline,False,2048,3,2048.0,2048.0,0.0047773382878706664,1.0,0
associative_recall,transformer_publication_20260622T101458Z_associative_recall_seed113,113,rslora,uniform_exact_cost__3008,uniform_exact_cost__3008,uniform_exact_cost,exact_cost_baseline,False,3072,3,3008.0,3072.0,0.0021566929644904666,1.0,0
associative_recall,transformer_publication_20260622T101458Z_associative_recall_seed113,113,rslora,uniform_exact_cost__3072,uniform_exact_cost__3072,uniform_exact_cost,exact_cost_baseline,False,3072,3,3072.0,3072.0,0.0021957368880975666,1.0,0
associative_recall,transformer_publication_20260622T101458Z_associative_recall_seed113,113,rslora,uniform_exact_cost__4096,uniform_exact_cost__4096,uniform_exact_cost,exact_cost_baseline,False,4096,3,4096.0,4096.0,0.0018116095064517666,1.0,0
associative_recall,transformer_publication_20260622T101458Z_associative_recall_seed113,113,rslora,uniform_exact_cost__512,uniform_exact_cost__512,uniform_exact_cost,exact_cost_baseline,False,512,3,512.0,512.0,0.4462510173519452,0.9329427083333334,0
associative_recall,transformer_publication_20260622T101458Z_associative_recall_seed113,113,rslora,uniform_exact_cost__6144,uniform_exact_cost__6144,uniform_exact_cost,exact_cost_baseline,False,6144,3,6144.0,6144.0,0.0011371902364771,1.0,0
associative_recall,transformer_publication_20260622T101458Z_associative_recall_seed113,113,rslora,uniform_exact_cost__960,uniform_exact_cost__960,uniform_exact_cost,exact_cost_baseline,False,1024,3,960.0,1024.0,0.03787867678329344,1.0,0
associative_recall,transformer_publication_20260622T101458Z_associative_recall_seed113,113,rslora,uniform_fill,uniform_fill,uniform_fill,cap_baseline,False,512,3,512.0,512.0,1.0656863103310268,0.7220052083333334,0
associative_recall,transformer_publication_20260622T101458Z_associative_recall_seed113,113,rslora,uniform_fill,uniform_fill,uniform_fill,cap_baseline,False,1024,3,1024.0,1024.0,0.5372529146261512,0.794921875,0
associative_recall,transformer_publication_20260622T101458Z_associative_recall_seed113,113,rslora,uniform_fill,uniform_fill,uniform_fill,cap_baseline,False,1536,3,1536.0,1536.0,0.012021915599082833,1.0,0
associative_recall,transformer_publication_20260622T101458Z_associative_recall_seed113,113,rslora,uniform_fill,uniform_fill,uniform_fill,cap_baseline,False,2048,3,2048.0,2048.0,0.0063561986316926005,1.0,0
associative_recall,transformer_publication_20260622T101458Z_associative_recall_seed113,113,rslora,uniform_fill,uniform_fill,uniform_fill,cap_baseline,False,3072,3,3072.0,3072.0,0.0028812407593552997,1.0,0
associative_recall,transformer_publication_20260622T101458Z_associative_recall_seed113,113,rslora,uniform_fill,uniform_fill,uniform_fill,cap_baseline,False,4096,3,4096.0,4096.0,0.0022640782747960332,1.0,0
associative_recall,transformer_publication_20260622T101458Z_associative_recall_seed113,113,rslora,uniform_fill,uniform_fill,uniform_fill,cap_baseline,False,6144,3,6144.0,6144.0,0.0012546785971304668,1.0,0
associative_recall,transformer_publication_20260622T101458Z_associative_recall_seed113,113,standard,effective_rank,effective_rank,effective_rank,candidate,False,512,3,512.0,512.0,0.47970472648739815,0.9111328125,0
associative_recall,transformer_publication_20260622T101458Z_associative_recall_seed113,113,standard,effective_rank,effective_rank,effective_rank,candidate,False,1024,3,1024.0,1024.0,0.013958943774923634,1.0,0
associative_recall,transformer_publication_20260622T101458Z_associative_recall_seed113,113,standard,effective_rank,effective_rank,effective_rank,candidate,False,1536,3,1472.0,1536.0,0.0060331519731940675,1.0,0
associative_recall,transformer_publication_20260622T101458Z_associative_recall_seed113,113,standard,effective_rank,effective_rank,effective_rank,candidate,False,2048,3,2048.0,2048.0,0.0028746699196441333,1.0,0
associative_recall,transformer_publication_20260622T101458Z_associative_recall_seed113,113,standard,effective_rank,effective_rank,effective_rank,candidate,False,3072,3,3072.0,3072.0,0.0016286505657869,1.0,0
associative_recall,transformer_publication_20260622T101458Z_associative_recall_seed113,113,standard,effective_rank,effective_rank,effective_rank,candidate,False,4096,3,4096.0,4096.0,0.0014776010211789332,1.0,0
associative_recall,transformer_publication_20260622T101458Z_associative_recall_seed113,113,standard,effective_rank,effective_rank,effective_rank,candidate,False,6144,3,6144.0,6144.0,0.0011898040393134,1.0,0
associative_recall,transformer_publication_20260622T101458Z_associative_recall_seed113,113,standard,gradient_norm,gradient_norm,gradient_norm,candidate,False,512,3,512.0,512.0,0.45642558733622235,0.9970703125,0
associative_recall,transformer_publication_20260622T101458Z_associative_recall_seed113,113,standard,gradient_norm,gradient_norm,gradient_norm,candidate,False,1024,3,960.0,1024.0,0.02526396140456197,1.0,0
associative_recall,transformer_publication_20260622T101458Z_associative_recall_seed113,113,standard,gradient_norm,gradient_norm,gradient_norm,candidate,False,1536,3,1536.0,1536.0,0.0044634779139111,1.0,0
associative_recall,transformer_publication_20260622T101458Z_associative_recall_seed113,113,standard,gradient_norm,gradient_norm,gradient_norm,candidate,False,2048,3,2048.0,2048.0,0.0023642719121804664,1.0,0
associative_recall,transformer_publication_20260622T101458Z_associative_recall_seed113,113,standard,gradient_norm,gradient_norm,gradient_norm,candidate,False,3072,3,3072.0,3072.0,0.0014080493031845334,1.0,0
associative_recall,transformer_publication_20260622T101458Z_associative_recall_seed113,113,standard,gradient_norm,gradient_norm,gradient_norm,candidate,False,4096,3,4096.0,4096.0,0.0013168293420069666,1.0,0
associative_recall,transformer_publication_20260622T101458Z_associative_recall_seed113,113,standard,gradient_norm,gradient_norm,gradient_norm,candidate,False,6144,3,6144.0,6144.0,0.0010208862368017,1.0,0
associative_recall,transformer_publication_20260622T101458Z_associative_recall_seed113,113,standard,marginal_gain_edge,marginal_gain_edge,marginal_gain_edge,candidate,False,512,3,512.0,512.0,0.43033403530716896,1.0,0
associative_recall,transformer_publication_20260622T101458Z_associative_recall_seed113,113,standard,marginal_gain_edge,marginal_gain_edge,marginal_gain_edge,candidate,False,1024,3,1024.0,1024.0,0.018930721329525068,1.0,0
associative_recall,transformer_publication_20260622T101458Z_associative_recall_seed113,113,standard,marginal_gain_edge,marginal_gain_edge,marginal_gain_edge,candidate,False,1536,3,1536.0,1536.0,0.0046973831776994665,1.0,0
associative_recall,transformer_publication_20260622T101458Z_associative_recall_seed113,113,standard,marginal_gain_edge,marginal_gain_edge,marginal_gain_edge,candidate,False,2048,3,1984.0,2048.0,0.0024235905633152,1.0,0
associative_recall,transformer_publication_20260622T101458Z_associative_recall_seed113,113,standard,marginal_gain_edge,marginal_gain_edge,marginal_gain_edge,candidate,False,3072,3,3008.0,3072.0,0.0014705571860152,1.0,0
associative_recall,transformer_publication_20260622T101458Z_associative_recall_seed113,113,standard,marginal_gain_edge,marginal_gain_edge,marginal_gain_edge,candidate,False,4096,3,4096.0,4096.0,0.0014333577613190667,1.0,0
associative_recall,transformer_publication_20260622T101458Z_associative_recall_seed113,113,standard,marginal_gain_edge,marginal_gain_edge,marginal_gain_edge,candidate,False,6144,3,6144.0,6144.0,0.0010864785435841667,1.0,0
associative_recall,transformer_publication_20260622T101458Z_associative_recall_seed113,113,standard,marginal_gain_soft,marginal_gain_soft,marginal_gain_soft,candidate,False,512,3,512.0,512.0,0.43033403530716896,1.0,0
associative_recall,transformer_publication_20260622T101458Z_associative_recall_seed113,113,standard,marginal_gain_soft,marginal_gain_soft,marginal_gain_soft,candidate,False,1024,3,1024.0,1024.0,0.018930721329525068,1.0,0
associative_recall,transformer_publication_20260622T101458Z_associative_recall_seed113,113,standard,marginal_gain_soft,marginal_gain_soft,marginal_gain_soft,candidate,False,1536,3,1536.0,1536.0,0.004263041744707133,1.0,0
associative_recall,transformer_publication_20260622T101458Z_associative_recall_seed113,113,standard,marginal_gain_soft,marginal_gain_soft,marginal_gain_soft,candidate,False,2048,3,1984.0,2048.0,0.0024235905633152,1.0,0
associative_recall,transformer_publication_20260622T101458Z_associative_recall_seed113,113,standard,marginal_gain_soft,marginal_gain_soft,marginal_gain_soft,candidate,False,3072,3,3008.0,3072.0,0.0014705571860152,1.0,0
associative_recall,transformer_publication_20260622T101458Z_associative_recall_seed113,113,standard,marginal_gain_soft,marginal_gain_soft,marginal_gain_soft,candidate,False,4096,3,4096.0,4096.0,0.0013852708895379668,1.0,0
associative_recall,transformer_publication_20260622T101458Z_associative_recall_seed113,113,standard,marginal_gain_soft,marginal_gain_soft,marginal_gain_soft,candidate,False,6144,3,6144.0,6144.0,0.0011367072244562334,1.0,0
associative_recall,transformer_publication_20260622T101458Z_associative_recall_seed113,113,standard,soft_dimension,soft_dimension,soft_dimension,candidate,True,512,3,512.0,512.0,0.47970472648739815,0.9111328125,0
associative_recall,transformer_publication_20260622T101458Z_associative_recall_seed113,113,standard,soft_dimension,soft_dimension,soft_dimension,candidate,True,1024,3,1024.0,1024.0,0.013958943774923634,1.0,0
associative_recall,transformer_publication_20260622T101458Z_associative_recall_seed113,113,standard,soft_dimension,soft_dimension,soft_dimension,candidate,True,1536,3,1536.0,1536.0,0.0135517385206185,1.0,0
associative_recall,transformer_publication_20260622T101458Z_associative_recall_seed113,113,standard,soft_dimension,soft_dimension,soft_dimension,candidate,True,2048,3,2048.0,2048.0,0.0028746699196441333,1.0,0
associative_recall,transformer_publication_20260622T101458Z_associative_recall_seed113,113,standard,soft_dimension,soft_dimension,soft_dimension,candidate,True,3072,3,3072.0,3072.0,0.0019408312218729,1.0,0
associative_recall,transformer_publication_20260622T101458Z_associative_recall_seed113,113,standard,soft_dimension,soft_dimension,soft_dimension,candidate,True,4096,3,4096.0,4096.0,0.0014776010211789332,1.0,0
associative_recall,transformer_publication_20260622T101458Z_associative_recall_seed113,113,standard,soft_dimension,soft_dimension,soft_dimension,candidate,True,6144,3,6144.0,6144.0,0.0012142369281112001,1.0,0
associative_recall,transformer_publication_20260622T101458Z_associative_recall_seed113,113,standard,uniform,uniform,uniform,cap_baseline,False,512,3,0.0,512.0,11.82557769616445,0.0,0
associative_recall,transformer_publication_20260622T101458Z_associative_recall_seed113,113,standard,uniform,uniform,uniform,cap_baseline,False,1024,3,0.0,1024.0,11.817827701568604,0.0,0
associative_recall,transformer_publication_20260622T101458Z_associative_recall_seed113,113,standard,uniform,uniform,uniform,cap_baseline,False,1536,3,1408.0,1536.0,0.009929127273304967,1.0,0
associative_recall,transformer_publication_20260622T101458Z_associative_recall_seed113,113,standard,uniform,uniform,uniform,cap_baseline,False,2048,3,1408.0,2048.0,0.007827397067255,1.0,0
associative_recall,transformer_publication_20260622T101458Z_associative_recall_seed113,113,standard,uniform,uniform,uniform,cap_baseline,False,3072,3,2816.0,3072.0,0.0021817966674764666,1.0,0
associative_recall,transformer_publication_20260622T101458Z_associative_recall_seed113,113,standard,uniform,uniform,uniform,cap_baseline,False,4096,3,2816.0,4096.0,0.0027887124936871997,1.0,0
associative_recall,transformer_publication_20260622T101458Z_associative_recall_seed113,113,standard,uniform,uniform,uniform,cap_baseline,False,6144,3,5632.0,6144.0,0.0012381606114407,1.0,0
associative_recall,transformer_publication_20260622T101458Z_associative_recall_seed113,113,standard,uniform_exact_cost__1024,uniform_exact_cost__1024,uniform_exact_cost,exact_cost_baseline,False,1024,3,1024.0,1024.0,0.5908333713499209,0.748046875,0
associative_recall,transformer_publication_20260622T101458Z_associative_recall_seed113,113,standard,uniform_exact_cost__1472,uniform_exact_cost__1472,uniform_exact_cost,exact_cost_baseline,False,1536,3,1472.0,1536.0,0.007187389167180866,1.0,0
associative_recall,transformer_publication_20260622T101458Z_associative_recall_seed113,113,standard,uniform_exact_cost__1536,uniform_exact_cost__1536,uniform_exact_cost,exact_cost_baseline,False,1536,3,1536.0,1536.0,0.0135517385206185,1.0,0
associative_recall,transformer_publication_20260622T101458Z_associative_recall_seed113,113,standard,uniform_exact_cost__1984,uniform_exact_cost__1984,uniform_exact_cost,exact_cost_baseline,False,2048,3,1984.0,2048.0,0.0035764162797325,1.0,0
associative_recall,transformer_publication_20260622T101458Z_associative_recall_seed113,113,standard,uniform_exact_cost__2048,uniform_exact_cost__2048,uniform_exact_cost,exact_cost_baseline,False,2048,3,2048.0,2048.0,0.003510062893231667,1.0,0
associative_recall,transformer_publication_20260622T101458Z_associative_recall_seed113,113,standard,uniform_exact_cost__3008,uniform_exact_cost__3008,uniform_exact_cost,exact_cost_baseline,False,3072,3,3008.0,3072.0,0.0020313050918047667,1.0,0
associative_recall,transformer_publication_20260622T101458Z_associative_recall_seed113,113,standard,uniform_exact_cost__3072,uniform_exact_cost__3072,uniform_exact_cost,exact_cost_baseline,False,3072,3,3072.0,3072.0,0.0019408312218729,1.0,0
associative_recall,transformer_publication_20260622T101458Z_associative_recall_seed113,113,standard,uniform_exact_cost__4096,uniform_exact_cost__4096,uniform_exact_cost,exact_cost_baseline,False,4096,3,4096.0,4096.0,0.0016507143106233666,1.0,0
associative_recall,transformer_publication_20260622T101458Z_associative_recall_seed113,113,standard,uniform_exact_cost__512,uniform_exact_cost__512,uniform_exact_cost,exact_cost_baseline,False,512,3,512.0,512.0,0.47970472648739815,0.9111328125,0
associative_recall,transformer_publication_20260622T101458Z_associative_recall_seed113,113,standard,uniform_exact_cost__6144,uniform_exact_cost__6144,uniform_exact_cost,exact_cost_baseline,False,6144,3,6144.0,6144.0,0.0012142369281112001,1.0,0
associative_recall,transformer_publication_20260622T101458Z_associative_recall_seed113,113,standard,uniform_exact_cost__960,uniform_exact_cost__960,uniform_exact_cost,exact_cost_baseline,False,1024,3,960.0,1024.0,0.03966966628407433,1.0,0
associative_recall,transformer_publication_20260622T101458Z_associative_recall_seed113,113,standard,uniform_fill,uniform_fill,uniform_fill,cap_baseline,False,512,3,512.0,512.0,1.2266045858462653,0.6949869791666666,0
associative_recall,transformer_publication_20260622T101458Z_associative_recall_seed113,113,standard,uniform_fill,uniform_fill,uniform_fill,cap_baseline,False,1024,3,1024.0,1024.0,0.5908333713499209,0.748046875,0
associative_recall,transformer_publication_20260622T101458Z_associative_recall_seed113,113,standard,uniform_fill,uniform_fill,uniform_fill,cap_baseline,False,1536,3,1536.0,1536.0,0.010622949921525966,1.0,0
associative_recall,transformer_publication_20260622T101458Z_associative_recall_seed113,113,standard,uniform_fill,uniform_fill,uniform_fill,cap_baseline,False,2048,3,2048.0,2048.0,0.003965512034483166,1.0,0
associative_recall,transformer_publication_20260622T101458Z_associative_recall_seed113,113,standard,uniform_fill,uniform_fill,uniform_fill,cap_baseline,False,3072,3,3072.0,3072.0,0.0020598722379265998,1.0,0
associative_recall,transformer_publication_20260622T101458Z_associative_recall_seed113,113,standard,uniform_fill,uniform_fill,uniform_fill,cap_baseline,False,4096,3,4096.0,4096.0,0.0020859976454327,1.0,0
associative_recall,transformer_publication_20260622T101458Z_associative_recall_seed113,113,standard,uniform_fill,uniform_fill,uniform_fill,cap_baseline,False,6144,3,6144.0,6144.0,0.0012319066833393667,1.0,0
modular,transformer_publication_20260622T101458Z_modular_seed101,101,fixed_update_scale,effective_rank,effective_rank,effective_rank,candidate,False,512,3,448.0,512.0,0.38485747222225575,0.909816163718349,0
modular,transformer_publication_20260622T101458Z_modular_seed101,101,fixed_update_scale,effective_rank,effective_rank,effective_rank,candidate,False,1024,3,1024.0,1024.0,0.024007141314242735,1.0,0
modular,transformer_publication_20260622T101458Z_modular_seed101,101,fixed_update_scale,effective_rank,effective_rank,effective_rank,candidate,False,1536,3,1472.0,1536.0,0.0161122976586822,1.0,0
modular,transformer_publication_20260622T101458Z_modular_seed101,101,fixed_update_scale,effective_rank,effective_rank,effective_rank,candidate,False,2048,3,2048.0,2048.0,0.009913314703400934,1.0,0
modular,transformer_publication_20260622T101458Z_modular_seed101,101,fixed_update_scale,effective_rank,effective_rank,effective_rank,candidate,False,3072,3,3072.0,3072.0,0.007550194660673901,1.0,0
modular,transformer_publication_20260622T101458Z_modular_seed101,101,fixed_update_scale,effective_rank,effective_rank,effective_rank,candidate,False,4096,3,4096.0,4096.0,0.006641219034106066,1.0,0
modular,transformer_publication_20260622T101458Z_modular_seed101,101,fixed_update_scale,gradient_norm,gradient_norm,gradient_norm,candidate,False,512,3,448.0,512.0,0.2694342299918519,0.9268123482483523,0
modular,transformer_publication_20260622T101458Z_modular_seed101,101,fixed_update_scale,gradient_norm,gradient_norm,gradient_norm,candidate,False,1024,3,1024.0,1024.0,0.0414275058153971,0.9993062781824488,0
modular,transformer_publication_20260622T101458Z_modular_seed101,101,fixed_update_scale,gradient_norm,gradient_norm,gradient_norm,candidate,False,1536,3,1472.0,1536.0,0.0196034895721984,1.0,0
modular,transformer_publication_20260622T101458Z_modular_seed101,101,fixed_update_scale,gradient_norm,gradient_norm,gradient_norm,candidate,False,2048,3,2048.0,2048.0,0.012558072264313666,1.0,0
modular,transformer_publication_20260622T101458Z_modular_seed101,101,fixed_update_scale,gradient_norm,gradient_norm,gradient_norm,candidate,False,3072,3,3072.0,3072.0,0.007418975480349167,1.0,0
modular,transformer_publication_20260622T101458Z_modular_seed101,101,fixed_update_scale,gradient_norm,gradient_norm,gradient_norm,candidate,False,4096,3,4096.0,4096.0,0.007468270729552667,1.0,0
modular,transformer_publication_20260622T101458Z_modular_seed101,101,fixed_update_scale,marginal_gain_edge,marginal_gain_edge,marginal_gain_edge,candidate,False,512,3,512.0,512.0,0.15566473799759917,0.974332292750607,0
modular,transformer_publication_20260622T101458Z_modular_seed101,101,fixed_update_scale,marginal_gain_edge,marginal_gain_edge,marginal_gain_edge,candidate,False,1024,3,1024.0,1024.0,0.02854053087809037,1.0,0
modular,transformer_publication_20260622T101458Z_modular_seed101,101,fixed_update_scale,marginal_gain_edge,marginal_gain_edge,marginal_gain_edge,candidate,False,1536,3,1536.0,1536.0,0.016649070984715866,1.0,0
modular,transformer_publication_20260622T101458Z_modular_seed101,101,fixed_update_scale,marginal_gain_edge,marginal_gain_edge,marginal_gain_edge,candidate,False,2048,3,2048.0,2048.0,0.012004643564955267,1.0,0
modular,transformer_publication_20260622T101458Z_modular_seed101,101,fixed_update_scale,marginal_gain_edge,marginal_gain_edge,marginal_gain_edge,candidate,False,3072,3,3072.0,3072.0,0.0088617307813324,1.0,0
modular,transformer_publication_20260622T101458Z_modular_seed101,101,fixed_update_scale,marginal_gain_edge,marginal_gain_edge,marginal_gain_edge,candidate,False,4096,3,4096.0,4096.0,0.007944633283768933,1.0,0
modular,transformer_publication_20260622T101458Z_modular_seed101,101,fixed_update_scale,marginal_gain_soft,marginal_gain_soft,marginal_gain_soft,candidate,False,512,3,512.0,512.0,0.12460692494880227,0.9823100936524454,0
modular,transformer_publication_20260622T101458Z_modular_seed101,101,fixed_update_scale,marginal_gain_soft,marginal_gain_soft,marginal_gain_soft,candidate,False,1024,3,1024.0,1024.0,0.02854053087809037,1.0,0
modular,transformer_publication_20260622T101458Z_modular_seed101,101,fixed_update_scale,marginal_gain_soft,marginal_gain_soft,marginal_gain_soft,candidate,False,1536,3,1536.0,1536.0,0.01597898847582103,1.0,0
modular,transformer_publication_20260622T101458Z_modular_seed101,101,fixed_update_scale,marginal_gain_soft,marginal_gain_soft,marginal_gain_soft,candidate,False,2048,3,2048.0,2048.0,0.012004643564955267,1.0,0
modular,transformer_publication_20260622T101458Z_modular_seed101,101,fixed_update_scale,marginal_gain_soft,marginal_gain_soft,marginal_gain_soft,candidate,False,3072,3,3072.0,3072.0,0.0088617307813324,1.0,0
modular,transformer_publication_20260622T101458Z_modular_seed101,101,fixed_update_scale,marginal_gain_soft,marginal_gain_soft,marginal_gain_soft,candidate,False,4096,3,4096.0,4096.0,0.007944633283768933,1.0,0
modular,transformer_publication_20260622T101458Z_modular_seed101,101,fixed_update_scale,soft_dimension,soft_dimension,soft_dimension,candidate,True,512,3,512.0,512.0,0.33438496570226595,0.9198751300728408,0
modular,transformer_publication_20260622T101458Z_modular_seed101,101,fixed_update_scale,soft_dimension,soft_dimension,soft_dimension,candidate,True,1024,3,1024.0,1024.0,0.024007141314242735,1.0,0
modular,transformer_publication_20260622T101458Z_modular_seed101,101,fixed_update_scale,soft_dimension,soft_dimension,soft_dimension,candidate,True,1536,3,1536.0,1536.0,0.013491925657469967,1.0,0
modular,transformer_publication_20260622T101458Z_modular_seed101,101,fixed_update_scale,soft_dimension,soft_dimension,soft_dimension,candidate,True,2048,3,2048.0,2048.0,0.009951942559929866,1.0,0
modular,transformer_publication_20260622T101458Z_modular_seed101,101,fixed_update_scale,soft_dimension,soft_dimension,soft_dimension,candidate,True,3072,3,3072.0,3072.0,0.007665035193718133,1.0,0
modular,transformer_publication_20260622T101458Z_modular_seed101,101,fixed_update_scale,soft_dimension,soft_dimension,soft_dimension,candidate,True,4096,3,4096.0,4096.0,0.006641219034106066,1.0,0
modular,transformer_publication_20260622T101458Z_modular_seed101,101,fixed_update_scale,uniform,uniform,uniform,cap_baseline,False,512,3,0.0,512.0,7.4091645026430255,0.0,0
modular,transformer_publication_20260622T101458Z_modular_seed101,101,fixed_update_scale,uniform,uniform,uniform,cap_baseline,False,1024,3,0.0,1024.0,7.4091645026430255,0.0,0
modular,transformer_publication_20260622T101458Z_modular_seed101,101,fixed_update_scale,uniform,uniform,uniform,cap_baseline,False,1536,3,1152.0,1536.0,0.0201093638273801,1.0,0
modular,transformer_publication_20260622T101458Z_modular_seed101,101,fixed_update_scale,uniform,uniform,uniform,cap_baseline,False,2048,3,1152.0,2048.0,0.019480585084114835,1.0,0
modular,transformer_publication_20260622T101458Z_modular_seed101,101,fixed_update_scale,uniform,uniform,uniform,cap_baseline,False,3072,3,2304.0,3072.0,0.008818334214191566,1.0,0
modular,transformer_publication_20260622T101458Z_modular_seed101,101,fixed_update_scale,uniform,uniform,uniform,cap_baseline,False,4096,3,2304.0,4096.0,0.008921127160671867,1.0,0
modular,transformer_publication_20260622T101458Z_modular_seed101,101,fixed_update_scale,uniform_exact_cost__1024,uniform_exact_cost__1024,uniform_exact_cost,exact_cost_baseline,False,1024,3,1024.0,1024.0,0.028439250570197565,1.0,0
modular,transformer_publication_20260622T101458Z_modular_seed101,101,fixed_update_scale,uniform_exact_cost__1472,uniform_exact_cost__1472,uniform_exact_cost,exact_cost_baseline,False,1536,3,1472.0,1536.0,0.016872523939789368,0.9996531390912243,0
modular,transformer_publication_20260622T101458Z_modular_seed101,101,fixed_update_scale,uniform_exact_cost__1536,uniform_exact_cost__1536,uniform_exact_cost,exact_cost_baseline,False,1536,3,1536.0,1536.0,0.013491925657469967,1.0,0
modular,transformer_publication_20260622T101458Z_modular_seed101,101,fixed_update_scale,uniform_exact_cost__2048,uniform_exact_cost__2048,uniform_exact_cost,exact_cost_baseline,False,2048,3,2048.0,2048.0,0.009930638891350435,1.0,0
modular,transformer_publication_20260622T101458Z_modular_seed101,101,fixed_update_scale,uniform_exact_cost__3072,uniform_exact_cost__3072,uniform_exact_cost,exact_cost_baseline,False,3072,3,3072.0,3072.0,0.007665035193718133,1.0,0
modular,transformer_publication_20260622T101458Z_modular_seed101,101,fixed_update_scale,uniform_exact_cost__4096,uniform_exact_cost__4096,uniform_exact_cost,exact_cost_baseline,False,4096,3,4096.0,4096.0,0.006703990466370633,1.0,0
modular,transformer_publication_20260622T101458Z_modular_seed101,101,fixed_update_scale,uniform_exact_cost__448,uniform_exact_cost__448,uniform_exact_cost,exact_cost_baseline,False,512,3,448.0,512.0,0.4003374748063757,0.8851890391952827,0
modular,transformer_publication_20260622T101458Z_modular_seed101,101,fixed_update_scale,uniform_exact_cost__512,uniform_exact_cost__512,uniform_exact_cost,exact_cost_baseline,False,512,3,512.0,512.0,0.3010277133351021,0.942074228234478,0
modular,transformer_publication_20260622T101458Z_modular_seed101,101,fixed_update_scale,uniform_fill,uniform_fill,uniform_fill,cap_baseline,False,512,3,512.0,512.0,0.1773864153231178,0.9646201873048907,0
modular,transformer_publication_20260622T101458Z_modular_seed101,101,fixed_update_scale,uniform_fill,uniform_fill,uniform_fill,cap_baseline,False,1024,3,960.0,1024.0,0.0201528982449603,1.0,0
modular,transformer_publication_20260622T101458Z_modular_seed101,101,fixed_update_scale,uniform_fill,uniform_fill,uniform_fill,cap_baseline,False,1536,3,1536.0,1536.0,0.0121063403791689,1.0,0
modular,transformer_publication_20260622T101458Z_modular_seed101,101,fixed_update_scale,uniform_fill,uniform_fill,uniform_fill,cap_baseline,False,2048,3,1920.0,2048.0,0.010117663234986533,1.0,0
modular,transformer_publication_20260622T101458Z_modular_seed101,101,fixed_update_scale,uniform_fill,uniform_fill,uniform_fill,cap_baseline,False,3072,3,3072.0,3072.0,0.0076773147296742665,1.0,0
modular,transformer_publication_20260622T101458Z_modular_seed101,101,fixed_update_scale,uniform_fill,uniform_fill,uniform_fill,cap_baseline,False,4096,3,3840.0,4096.0,0.006912857436542966,1.0,0
modular,transformer_publication_20260622T101458Z_modular_seed101,101,rslora,effective_rank,effective_rank,effective_rank,candidate,False,512,3,448.0,512.0,0.3924241577156542,0.9018383628165106,0
modular,transformer_publication_20260622T101458Z_modular_seed101,101,rslora,effective_rank,effective_rank,effective_rank,candidate,False,1024,3,1024.0,1024.0,0.028792123431407635,0.9996531390912243,0
modular,transformer_publication_20260622T101458Z_modular_seed101,101,rslora,effective_rank,effective_rank,effective_rank,candidate,False,1536,3,1472.0,1536.0,0.014570884780646234,1.0,0
modular,transformer_publication_20260622T101458Z_modular_seed101,101,rslora,effective_rank,effective_rank,effective_rank,candidate,False,2048,3,2048.0,2048.0,0.009040936213561668,1.0,0
modular,transformer_publication_20260622T101458Z_modular_seed101,101,rslora,effective_rank,effective_rank,effective_rank,candidate,False,3072,3,3072.0,3072.0,0.0072894172384065335,1.0,0
modular,transformer_publication_20260622T101458Z_modular_seed101,101,rslora,effective_rank,effective_rank,effective_rank,candidate,False,4096,3,4096.0,4096.0,0.006641115361719266,1.0,0
modular,transformer_publication_20260622T101458Z_modular_seed101,101,rslora,gradient_norm,gradient_norm,gradient_norm,candidate,False,512,3,448.0,512.0,0.26411636079656053,0.9292403746097815,0
modular,transformer_publication_20260622T101458Z_modular_seed101,101,rslora,gradient_norm,gradient_norm,gradient_norm,candidate,False,1024,3,1024.0,1024.0,0.05001251806675907,0.9975719736385709,0
modular,transformer_publication_20260622T101458Z_modular_seed101,101,rslora,gradient_norm,gradient_norm,gradient_norm,candidate,False,1536,3,1472.0,1536.0,0.022782138409561403,1.0,0
modular,transformer_publication_20260622T101458Z_modular_seed101,101,rslora,gradient_norm,gradient_norm,gradient_norm,candidate,False,2048,3,2048.0,2048.0,0.011083343167709467,1.0,0
modular,transformer_publication_20260622T101458Z_modular_seed101,101,rslora,gradient_norm,gradient_norm,gradient_norm,candidate,False,3072,3,3072.0,3072.0,0.007217723291859567,1.0,0
modular,transformer_publication_20260622T101458Z_modular_seed101,101,rslora,gradient_norm,gradient_norm,gradient_norm,candidate,False,4096,3,4096.0,4096.0,0.007468270729552667,1.0,0
modular,transformer_publication_20260622T101458Z_modular_seed101,101,rslora,marginal_gain_edge,marginal_gain_edge,marginal_gain_edge,candidate,False,512,3,512.0,512.0,0.1692065065968917,0.965313909122442,0
modular,transformer_publication_20260622T101458Z_modular_seed101,101,rslora,marginal_gain_edge,marginal_gain_edge,marginal_gain_edge,candidate,False,1024,3,1024.0,1024.0,0.03273119615856717,0.9993062781824488,0
modular,transformer_publication_20260622T101458Z_modular_seed101,101,rslora,marginal_gain_edge,marginal_gain_edge,marginal_gain_edge,candidate,False,1536,3,1536.0,1536.0,0.015492559240066801,1.0,0
modular,transformer_publication_20260622T101458Z_modular_seed101,101,rslora,marginal_gain_edge,marginal_gain_edge,marginal_gain_edge,candidate,False,2048,3,2048.0,2048.0,0.011556848737614965,1.0,0
modular,transformer_publication_20260622T101458Z_modular_seed101,101,rslora,marginal_gain_edge,marginal_gain_edge,marginal_gain_edge,candidate,False,3072,3,3072.0,3072.0,0.008541195592486,1.0,0
modular,transformer_publication_20260622T101458Z_modular_seed101,101,rslora,marginal_gain_edge,marginal_gain_edge,marginal_gain_edge,candidate,False,4096,3,4096.0,4096.0,0.007729493116134832,1.0,0
modular,transformer_publication_20260622T101458Z_modular_seed101,101,rslora,marginal_gain_soft,marginal_gain_soft,marginal_gain_soft,candidate,False,512,3,512.0,512.0,0.13336317207337334,0.9798820672910163,0
modular,transformer_publication_20260622T101458Z_modular_seed101,101,rslora,marginal_gain_soft,marginal_gain_soft,marginal_gain_soft,candidate,False,1024,3,1024.0,1024.0,0.03273119615856717,0.9993062781824488,0
modular,transformer_publication_20260622T101458Z_modular_seed101,101,rslora,marginal_gain_soft,marginal_gain_soft,marginal_gain_soft,candidate,False,1536,3,1536.0,1536.0,0.016075017835532668,1.0,0
modular,transformer_publication_20260622T101458Z_modular_seed101,101,rslora,marginal_gain_soft,marginal_gain_soft,marginal_gain_soft,candidate,False,2048,3,2048.0,2048.0,0.011556848737614965,1.0,0
modular,transformer_publication_20260622T101458Z_modular_seed101,101,rslora,marginal_gain_soft,marginal_gain_soft,marginal_gain_soft,candidate,False,3072,3,3072.0,3072.0,0.008541195592486,1.0,0
modular,transformer_publication_20260622T101458Z_modular_seed101,101,rslora,marginal_gain_soft,marginal_gain_soft,marginal_gain_soft,candidate,False,4096,3,4096.0,4096.0,0.007729493116134832,1.0,0
modular,transformer_publication_20260622T101458Z_modular_seed101,101,rslora,soft_dimension,soft_dimension,soft_dimension,candidate,True,512,3,512.0,512.0,0.3359400829506383,0.9202219909816164,0
modular,transformer_publication_20260622T101458Z_modular_seed101,101,rslora,soft_dimension,soft_dimension,soft_dimension,candidate,True,1024,3,1024.0,1024.0,0.028792123431407635,0.9996531390912243,0
modular,transformer_publication_20260622T101458Z_modular_seed101,101,rslora,soft_dimension,soft_dimension,soft_dimension,candidate,True,1536,3,1536.0,1536.0,0.014356063209161335,1.0,0
modular,transformer_publication_20260622T101458Z_modular_seed101,101,rslora,soft_dimension,soft_dimension,soft_dimension,candidate,True,2048,3,2048.0,2048.0,0.009063172989831433,1.0,0
modular,transformer_publication_20260622T101458Z_modular_seed101,101,rslora,soft_dimension,soft_dimension,soft_dimension,candidate,True,3072,3,3072.0,3072.0,0.007396142034650166,1.0,0
modular,transformer_publication_20260622T101458Z_modular_seed101,101,rslora,soft_dimension,soft_dimension,soft_dimension,candidate,True,4096,3,4096.0,4096.0,0.006641115361719266,1.0,0
modular,transformer_publication_20260622T101458Z_modular_seed101,101,rslora,uniform,uniform,uniform,cap_baseline,False,512,3,0.0,512.0,7.4091645026430255,0.0,0
modular,transformer_publication_20260622T101458Z_modular_seed101,101,rslora,uniform,uniform,uniform,cap_baseline,False,1024,3,0.0,1024.0,7.4091645026430255,0.0,0
modular,transformer_publication_20260622T101458Z_modular_seed101,101,rslora,uniform,uniform,uniform,cap_baseline,False,1536,3,1152.0,1536.0,0.025730829118023133,0.9993062781824488,0
modular,transformer_publication_20260622T101458Z_modular_seed101,101,rslora,uniform,uniform,uniform,cap_baseline,False,2048,3,1152.0,2048.0,0.03828256729275673,0.9986125563648977,0
modular,transformer_publication_20260622T101458Z_modular_seed101,101,rslora,uniform,uniform,uniform,cap_baseline,False,3072,3,2304.0,3072.0,0.008322592872345734,1.0,0
modular,transformer_publication_20260622T101458Z_modular_seed101,101,rslora,uniform,uniform,uniform,cap_baseline,False,4096,3,2304.0,4096.0,0.0083841237900478,1.0,0
modular,transformer_publication_20260622T101458Z_modular_seed101,101,rslora,uniform_exact_cost__1024,uniform_exact_cost__1024,uniform_exact_cost,exact_cost_baseline,False,1024,3,1024.0,1024.0,0.0324965975823302,0.9989594172736732,0
modular,transformer_publication_20260622T101458Z_modular_seed101,101,rslora,uniform_exact_cost__1472,uniform_exact_cost__1472,uniform_exact_cost,exact_cost_baseline,False,1536,3,1472.0,1536.0,0.0214898269258483,0.9993062781824488,0
modular,transformer_publication_20260622T101458Z_modular_seed101,101,rslora,uniform_exact_cost__1536,uniform_exact_cost__1536,uniform_exact_cost,exact_cost_baseline,False,1536,3,1536.0,1536.0,0.014356063209161335,1.0,0
modular,transformer_publication_20260622T101458Z_modular_seed101,101,rslora,uniform_exact_cost__2048,uniform_exact_cost__2048,uniform_exact_cost,exact_cost_baseline,False,2048,3,2048.0,2048.0,0.009003543098558234,1.0,0
modular,transformer_publication_20260622T101458Z_modular_seed101,101,rslora,uniform_exact_cost__3072,uniform_exact_cost__3072,uniform_exact_cost,exact_cost_baseline,False,3072,3,3072.0,3072.0,0.007396142034650166,1.0,0
modular,transformer_publication_20260622T101458Z_modular_seed101,101,rslora,uniform_exact_cost__4096,uniform_exact_cost__4096,uniform_exact_cost,exact_cost_baseline,False,4096,3,4096.0,4096.0,0.006517206015988534,1.0,0
modular,transformer_publication_20260622T101458Z_modular_seed101,101,rslora,uniform_exact_cost__448,uniform_exact_cost__448,uniform_exact_cost,exact_cost_baseline,False,512,3,448.0,512.0,0.3930304718232593,0.8862296219216095,0
modular,transformer_publication_20260622T101458Z_modular_seed101,101,rslora,uniform_exact_cost__512,uniform_exact_cost__512,uniform_exact_cost,exact_cost_baseline,False,512,3,512.0,512.0,0.28405418304614705,0.942074228234478,0
modular,transformer_publication_20260622T101458Z_modular_seed101,101,rslora,uniform_fill,uniform_fill,uniform_fill,cap_baseline,False,512,3,512.0,512.0,0.163196628566339,0.9646201873048907,0
modular,transformer_publication_20260622T101458Z_modular_seed101,101,rslora,uniform_fill,uniform_fill,uniform_fill,cap_baseline,False,1024,3,960.0,1024.0,0.027706983356122466,0.9993062781824488,0
modular,transformer_publication_20260622T101458Z_modular_seed101,101,rslora,uniform_fill,uniform_fill,uniform_fill,cap_baseline,False,1536,3,1536.0,1536.0,0.012018676498659899,1.0,0
modular,transformer_publication_20260622T101458Z_modular_seed101,101,rslora,uniform_fill,uniform_fill,uniform_fill,cap_baseline,False,2048,3,1920.0,2048.0,0.009511663750307568,1.0,0
modular,transformer_publication_20260622T101458Z_modular_seed101,101,rslora,uniform_fill,uniform_fill,uniform_fill,cap_baseline,False,3072,3,3072.0,3072.0,0.0072780427696752,1.0,0
modular,transformer_publication_20260622T101458Z_modular_seed101,101,rslora,uniform_fill,uniform_fill,uniform_fill,cap_baseline,False,4096,3,3840.0,4096.0,0.006749483239050333,1.0,0
modular,transformer_publication_20260622T101458Z_modular_seed101,101,standard,effective_rank,effective_rank,effective_rank,candidate,False,512,3,448.0,512.0,0.4666388113900601,0.8709677419354839,0
modular,transformer_publication_20260622T101458Z_modular_seed101,101,standard,effective_rank,effective_rank,effective_rank,candidate,False,1024,3,1024.0,1024.0,0.06565395669389461,0.9941033645508152,0
modular,transformer_publication_20260622T101458Z_modular_seed101,101,standard,effective_rank,effective_rank,effective_rank,candidate,False,1536,3,1472.0,1536.0,0.037322946713976936,0.9993062781824488,0
modular,transformer_publication_20260622T101458Z_modular_seed101,101,standard,effective_rank,effective_rank,effective_rank,candidate,False,2048,3,2048.0,2048.0,0.008853247913490233,1.0,0
modular,transformer_publication_20260622T101458Z_modular_seed101,101,standard,effective_rank,effective_rank,effective_rank,candidate,False,3072,3,3072.0,3072.0,0.015392885247017332,0.9993062781824488,0
modular,transformer_publication_20260622T101458Z_modular_seed101,101,standard,effective_rank,effective_rank,effective_rank,candidate,False,4096,3,4096.0,4096.0,0.006449551242259867,1.0,0
modular,transformer_publication_20260622T101458Z_modular_seed101,101,standard,gradient_norm,gradient_norm,gradient_norm,candidate,False,512,3,448.0,512.0,0.2757529899958641,0.9212625737079431,0
modular,transformer_publication_20260622T101458Z_modular_seed101,101,standard,gradient_norm,gradient_norm,gradient_norm,candidate,False,1024,3,1024.0,1024.0,0.0769777292262296,0.9895941727367327,0
modular,transformer_publication_20260622T101458Z_modular_seed101,101,standard,gradient_norm,gradient_norm,gradient_norm,candidate,False,1536,3,1472.0,1536.0,0.04163004214314277,0.9954908081859175,0
modular,transformer_publication_20260622T101458Z_modular_seed101,101,standard,gradient_norm,gradient_norm,gradient_norm,candidate,False,2048,3,2048.0,2048.0,0.0167722825172214,1.0,0
modular,transformer_publication_20260622T101458Z_modular_seed101,101,standard,gradient_norm,gradient_norm,gradient_norm,candidate,False,3072,3,3072.0,3072.0,0.0071032956325582,1.0,0
modular,transformer_publication_20260622T101458Z_modular_seed101,101,standard,gradient_norm,gradient_norm,gradient_norm,candidate,False,4096,3,4096.0,4096.0,0.007468270729552667,1.0,0
modular,transformer_publication_20260622T101458Z_modular_seed101,101,standard,marginal_gain_edge,marginal_gain_edge,marginal_gain_edge,candidate,False,512,3,512.0,512.0,0.1699028704425257,0.9614984391259105,0
modular,transformer_publication_20260622T101458Z_modular_seed101,101,standard,marginal_gain_edge,marginal_gain_edge,marginal_gain_edge,candidate,False,1024,3,1024.0,1024.0,0.07038527931675616,0.9923690600069373,0
modular,transformer_publication_20260622T101458Z_modular_seed101,101,standard,marginal_gain_edge,marginal_gain_edge,marginal_gain_edge,candidate,False,1536,3,1536.0,1536.0,0.04052864809973117,0.9954908081859174,0
modular,transformer_publication_20260622T101458Z_modular_seed101,101,standard,marginal_gain_edge,marginal_gain_edge,marginal_gain_edge,candidate,False,2048,3,2048.0,2048.0,0.0108015398448704,1.0,0
modular,transformer_publication_20260622T101458Z_modular_seed101,101,standard,marginal_gain_edge,marginal_gain_edge,marginal_gain_edge,candidate,False,3072,3,3072.0,3072.0,0.007868371253941032,1.0,0
modular,transformer_publication_20260622T101458Z_modular_seed101,101,standard,marginal_gain_edge,marginal_gain_edge,marginal_gain_edge,candidate,False,4096,3,4096.0,4096.0,0.007767484331308999,1.0,0
modular,transformer_publication_20260622T101458Z_modular_seed101,101,standard,marginal_gain_soft,marginal_gain_soft,marginal_gain_soft,candidate,False,512,3,512.0,512.0,0.14338656843349493,0.9778009018383628,0
modular,transformer_publication_20260622T101458Z_modular_seed101,101,standard,marginal_gain_soft,marginal_gain_soft,marginal_gain_soft,candidate,False,1024,3,1024.0,1024.0,0.07038527931675616,0.9923690600069373,0
modular,transformer_publication_20260622T101458Z_modular_seed101,101,standard,marginal_gain_soft,marginal_gain_soft,marginal_gain_soft,candidate,False,1536,3,1536.0,1536.0,0.021509426186895567,0.9996531390912243,0
modular,transformer_publication_20260622T101458Z_modular_seed101,101,standard,marginal_gain_soft,marginal_gain_soft,marginal_gain_soft,candidate,False,2048,3,2048.0,2048.0,0.0108015398448704,1.0,0
modular,transformer_publication_20260622T101458Z_modular_seed101,101,standard,marginal_gain_soft,marginal_gain_soft,marginal_gain_soft,candidate,False,3072,3,3072.0,3072.0,0.007868371253941032,1.0,0
modular,transformer_publication_20260622T101458Z_modular_seed101,101,standard,marginal_gain_soft,marginal_gain_soft,marginal_gain_soft,candidate,False,4096,3,4096.0,4096.0,0.007767484331308999,1.0,0
modular,transformer_publication_20260622T101458Z_modular_seed101,101,standard,soft_dimension,soft_dimension,soft_dimension,candidate,True,512,3,512.0,512.0,0.3378208991019956,0.9174471037114117,0
modular,transformer_publication_20260622T101458Z_modular_seed101,101,standard,soft_dimension,soft_dimension,soft_dimension,candidate,True,1024,3,1024.0,1024.0,0.06565395669389461,0.9941033645508152,0
modular,transformer_publication_20260622T101458Z_modular_seed101,101,standard,soft_dimension,soft_dimension,soft_dimension,candidate,True,1536,3,1536.0,1536.0,0.028943415324161965,0.9996531390912243,0
modular,transformer_publication_20260622T101458Z_modular_seed101,101,standard,soft_dimension,soft_dimension,soft_dimension,candidate,True,2048,3,2048.0,2048.0,0.01609048885307837,0.9996531390912243,0
modular,transformer_publication_20260622T101458Z_modular_seed101,101,standard,soft_dimension,soft_dimension,soft_dimension,candidate,True,3072,3,3072.0,3072.0,0.007140772321891034,1.0,0
modular,transformer_publication_20260622T101458Z_modular_seed101,101,standard,soft_dimension,soft_dimension,soft_dimension,candidate,True,4096,3,4096.0,4096.0,0.006449551242259867,1.0,0
modular,transformer_publication_20260622T101458Z_modular_seed101,101,standard,uniform,uniform,uniform,cap_baseline,False,512,3,0.0,512.0,7.4091645026430255,0.0,0
modular,transformer_publication_20260622T101458Z_modular_seed101,101,standard,uniform,uniform,uniform,cap_baseline,False,1024,3,0.0,1024.0,7.4091645026430255,0.0,0
modular,transformer_publication_20260622T101458Z_modular_seed101,101,standard,uniform,uniform,uniform,cap_baseline,False,1536,3,1152.0,1536.0,0.061760751492409366,0.9913284772806105,0
modular,transformer_publication_20260622T101458Z_modular_seed101,101,standard,uniform,uniform,uniform,cap_baseline,False,2048,3,1152.0,2048.0,0.0687153095982263,0.989247311827957,0
modular,transformer_publication_20260622T101458Z_modular_seed101,101,standard,uniform,uniform,uniform,cap_baseline,False,3072,3,2304.0,3072.0,0.0141066818073601,0.9993062781824488,0
modular,transformer_publication_20260622T101458Z_modular_seed101,101,standard,uniform,uniform,uniform,cap_baseline,False,4096,3,2304.0,4096.0,0.0080879112822528,1.0,0
modular,transformer_publication_20260622T101458Z_modular_seed101,101,standard,uniform_exact_cost__1024,uniform_exact_cost__1024,uniform_exact_cost,exact_cost_baseline,False,1024,3,1024.0,1024.0,0.054306070840724634,0.9961845300034686,0
modular,transformer_publication_20260622T101458Z_modular_seed101,101,standard,uniform_exact_cost__1472,uniform_exact_cost__1472,uniform_exact_cost,exact_cost_baseline,False,1536,3,1472.0,1536.0,0.0360477557157089,0.9975719736385709,0
modular,transformer_publication_20260622T101458Z_modular_seed101,101,standard,uniform_exact_cost__1536,uniform_exact_cost__1536,uniform_exact_cost,exact_cost_baseline,False,1536,3,1536.0,1536.0,0.028943415324161965,0.9996531390912243,0
modular,transformer_publication_20260622T101458Z_modular_seed101,101,standard,uniform_exact_cost__2048,uniform_exact_cost__2048,uniform_exact_cost,exact_cost_baseline,False,2048,3,2048.0,2048.0,0.011888604182808099,1.0,0
modular,transformer_publication_20260622T101458Z_modular_seed101,101,standard,uniform_exact_cost__3072,uniform_exact_cost__3072,uniform_exact_cost,exact_cost_baseline,False,3072,3,3072.0,3072.0,0.007140772321891034,1.0,0
modular,transformer_publication_20260622T101458Z_modular_seed101,101,standard,uniform_exact_cost__4096,uniform_exact_cost__4096,uniform_exact_cost,exact_cost_baseline,False,4096,3,4096.0,4096.0,0.0064964357557106,1.0,0
modular,transformer_publication_20260622T101458Z_modular_seed101,101,standard,uniform_exact_cost__448,uniform_exact_cost__448,uniform_exact_cost,exact_cost_baseline,False,512,3,448.0,512.0,0.3772333722394909,0.9007977800901839,0
modular,transformer_publication_20260622T101458Z_modular_seed101,101,standard,uniform_exact_cost__512,uniform_exact_cost__512,uniform_exact_cost,exact_cost_baseline,False,512,3,512.0,512.0,0.30872364440933514,0.9396462018730488,0
modular,transformer_publication_20260622T101458Z_modular_seed101,101,standard,uniform_fill,uniform_fill,uniform_fill,cap_baseline,False,512,3,512.0,512.0,0.20565106992377533,0.9507457509538675,0
modular,transformer_publication_20260622T101458Z_modular_seed101,101,standard,uniform_fill,uniform_fill,uniform_fill,cap_baseline,False,1024,3,960.0,1024.0,0.079912071185076,0.9861255636489767,0
modular,transformer_publication_20260622T101458Z_modular_seed101,101,standard,uniform_fill,uniform_fill,uniform_fill,cap_baseline,False,1536,3,1536.0,1536.0,0.033343252899371296,0.9989594172736732,0
modular,transformer_publication_20260622T101458Z_modular_seed101,101,standard,uniform_fill,uniform_fill,uniform_fill,cap_baseline,False,2048,3,1920.0,2048.0,0.013443435947053732,1.0,0
modular,transformer_publication_20260622T101458Z_modular_seed101,101,standard,uniform_fill,uniform_fill,uniform_fill,cap_baseline,False,3072,3,3072.0,3072.0,0.007588783064886167,1.0,0
modular,transformer_publication_20260622T101458Z_modular_seed101,101,standard,uniform_fill,uniform_fill,uniform_fill,cap_baseline,False,4096,3,3840.0,4096.0,0.0065929926975468005,1.0,0
modular,transformer_publication_20260622T101458Z_modular_seed103,103,fixed_update_scale,effective_rank,effective_rank,effective_rank,candidate,False,512,3,512.0,512.0,1.6058630389221171,0.492542490461325,0
modular,transformer_publication_20260622T101458Z_modular_seed103,103,fixed_update_scale,effective_rank,effective_rank,effective_rank,candidate,False,1024,3,1024.0,1024.0,0.6677303907774489,0.8147762747138397,0
modular,transformer_publication_20260622T101458Z_modular_seed103,103,fixed_update_scale,effective_rank,effective_rank,effective_rank,candidate,False,1536,3,1536.0,1536.0,0.38465854622736345,0.9451959764134582,0
modular,transformer_publication_20260622T101458Z_modular_seed103,103,fixed_update_scale,effective_rank,effective_rank,effective_rank,candidate,False,2048,3,2048.0,2048.0,0.21843066310721304,0.9823100936524454,0
modular,transformer_publication_20260622T101458Z_modular_seed103,103,fixed_update_scale,effective_rank,effective_rank,effective_rank,candidate,False,3072,3,3072.0,3072.0,0.12458888464583066,0.9895941727367327,0
modular,transformer_publication_20260622T101458Z_modular_seed103,103,fixed_update_scale,effective_rank,effective_rank,effective_rank,candidate,False,4096,3,4096.0,4096.0,0.09586369329459377,0.9961845300034685,0
modular,transformer_publication_20260622T101458Z_modular_seed103,103,fixed_update_scale,gradient_norm,gradient_norm,gradient_norm,candidate,False,512,3,512.0,512.0,1.4967897310051868,0.5431841831425599,0
modular,transformer_publication_20260622T101458Z_modular_seed103,103,fixed_update_scale,gradient_norm,gradient_norm,gradient_norm,candidate,False,1024,3,1024.0,1024.0,0.6640078486603992,0.8210197710718002,0
modular,transformer_publication_20260622T101458Z_modular_seed103,103,fixed_update_scale,gradient_norm,gradient_norm,gradient_norm,candidate,False,1536,3,1472.0,1536.0,0.3912705106740191,0.9458896982310093,0
modular,transformer_publication_20260622T101458Z_modular_seed103,103,fixed_update_scale,gradient_norm,gradient_norm,gradient_norm,candidate,False,2048,3,2048.0,2048.0,0.2320213136038679,0.980922650017343,0
modular,transformer_publication_20260622T101458Z_modular_seed103,103,fixed_update_scale,gradient_norm,gradient_norm,gradient_norm,candidate,False,3072,3,3072.0,3072.0,0.13719127434969688,0.9972251127297954,0
modular,transformer_publication_20260622T101458Z_modular_seed103,103,fixed_update_scale,gradient_norm,gradient_norm,gradient_norm,candidate,False,4096,3,4096.0,4096.0,0.0920078847460394,0.9965313909122441,0
modular,transformer_publication_20260622T101458Z_modular_seed103,103,fixed_update_scale,marginal_gain_edge,marginal_gain_edge,marginal_gain_edge,candidate,False,512,3,512.0,512.0,1.4187207871991812,0.567811307665626,0
modular,transformer_publication_20260622T101458Z_modular_seed103,103,fixed_update_scale,marginal_gain_edge,marginal_gain_edge,marginal_gain_edge,candidate,False,1024,3,1024.0,1024.0,0.5920296367613177,0.8321193201526188,0
modular,transformer_publication_20260622T101458Z_modular_seed103,103,fixed_update_scale,marginal_gain_edge,marginal_gain_edge,marginal_gain_edge,candidate,False,1536,3,1472.0,1536.0,0.4232567556194658,0.9046132500867152,0
modular,transformer_publication_20260622T101458Z_modular_seed103,103,fixed_update_scale,marginal_gain_edge,marginal_gain_edge,marginal_gain_edge,candidate,False,2048,3,1984.0,2048.0,0.22100778478137986,0.9715574054804024,0
modular,transformer_publication_20260622T101458Z_modular_seed103,103,fixed_update_scale,marginal_gain_edge,marginal_gain_edge,marginal_gain_edge,candidate,False,3072,3,3072.0,3072.0,0.1074383696886842,0.9996531390912243,0
modular,transformer_publication_20260622T101458Z_modular_seed103,103,fixed_update_scale,marginal_gain_edge,marginal_gain_edge,marginal_gain_edge,candidate,False,4096,3,4096.0,4096.0,0.09586369329459377,0.9961845300034685,0
modular,transformer_publication_20260622T101458Z_modular_seed103,103,fixed_update_scale,marginal_gain_soft,marginal_gain_soft,marginal_gain_soft,candidate,False,512,3,512.0,512.0,1.4187207871991812,0.567811307665626,0
modular,transformer_publication_20260622T101458Z_modular_seed103,103,fixed_update_scale,marginal_gain_soft,marginal_gain_soft,marginal_gain_soft,candidate,False,1024,3,1024.0,1024.0,0.5920296367613177,0.8321193201526188,0
modular,transformer_publication_20260622T101458Z_modular_seed103,103,fixed_update_scale,marginal_gain_soft,marginal_gain_soft,marginal_gain_soft,candidate,False,1536,3,1472.0,1536.0,0.4027901752992425,0.9188345473465142,0
modular,transformer_publication_20260622T101458Z_modular_seed103,103,fixed_update_scale,marginal_gain_soft,marginal_gain_soft,marginal_gain_soft,candidate,False,2048,3,1984.0,2048.0,0.22100778478137986,0.9715574054804024,0
modular,transformer_publication_20260622T101458Z_modular_seed103,103,fixed_update_scale,marginal_gain_soft,marginal_gain_soft,marginal_gain_soft,candidate,False,3072,3,3072.0,3072.0,0.15481714830913762,0.9836975372875477,0
modular,transformer_publication_20260622T101458Z_modular_seed103,103,fixed_update_scale,marginal_gain_soft,marginal_gain_soft,marginal_gain_soft,candidate,False,4096,3,4096.0,4096.0,0.09586369329459377,0.9961845300034685,0
modular,transformer_publication_20260622T101458Z_modular_seed103,103,fixed_update_scale,soft_dimension,soft_dimension,soft_dimension,candidate,True,512,3,512.0,512.0,1.6058630389221171,0.492542490461325,0
modular,transformer_publication_20260622T101458Z_modular_seed103,103,fixed_update_scale,soft_dimension,soft_dimension,soft_dimension,candidate,True,1024,3,1024.0,1024.0,0.6595165379709805,0.8106139438085327,0
modular,transformer_publication_20260622T101458Z_modular_seed103,103,fixed_update_scale,soft_dimension,soft_dimension,soft_dimension,candidate,True,1536,3,1536.0,1536.0,0.35086676193077526,0.9573361082206034,0
modular,transformer_publication_20260622T101458Z_modular_seed103,103,fixed_update_scale,soft_dimension,soft_dimension,soft_dimension,candidate,True,2048,3,2048.0,2048.0,0.21843066310721304,0.9823100936524454,0
modular,transformer_publication_20260622T101458Z_modular_seed103,103,fixed_update_scale,soft_dimension,soft_dimension,soft_dimension,candidate,True,3072,3,3072.0,3072.0,0.13352872413704883,0.9979188345473465,0
modular,transformer_publication_20260622T101458Z_modular_seed103,103,fixed_update_scale,soft_dimension,soft_dimension,soft_dimension,candidate,True,4096,3,4096.0,4096.0,0.09586369329459377,0.9961845300034685,0
modular,transformer_publication_20260622T101458Z_modular_seed103,103,fixed_update_scale,uniform,uniform,uniform,cap_baseline,False,512,3,0.0,512.0,10.08167581230743,0.0,0
modular,transformer_publication_20260622T101458Z_modular_seed103,103,fixed_update_scale,uniform,uniform,uniform,cap_baseline,False,1024,3,0.0,1024.0,10.08167581230743,0.0,0
modular,transformer_publication_20260622T101458Z_modular_seed103,103,fixed_update_scale,uniform,uniform,uniform,cap_baseline,False,1536,3,1152.0,1536.0,0.48148424367792186,0.890738813735692,0
modular,transformer_publication_20260622T101458Z_modular_seed103,103,fixed_update_scale,uniform,uniform,uniform,cap_baseline,False,2048,3,1152.0,2048.0,0.4822839302835553,0.8820672910163024,0
modular,transformer_publication_20260622T101458Z_modular_seed103,103,fixed_update_scale,uniform,uniform,uniform,cap_baseline,False,3072,3,2304.0,3072.0,0.20890007215347542,0.9847381200138745,0
modular,transformer_publication_20260622T101458Z_modular_seed103,103,fixed_update_scale,uniform,uniform,uniform,cap_baseline,False,4096,3,2304.0,4096.0,0.21363575253642106,0.9823100936524455,0
modular,transformer_publication_20260622T101458Z_modular_seed103,103,fixed_update_scale,uniform_exact_cost__1024,uniform_exact_cost__1024,uniform_exact_cost,exact_cost_baseline,False,1024,3,1024.0,1024.0,0.6650464363160995,0.808879639264655,0
modular,transformer_publication_20260622T101458Z_modular_seed103,103,fixed_update_scale,uniform_exact_cost__1472,uniform_exact_cost__1472,uniform_exact_cost,exact_cost_baseline,False,1536,3,1472.0,1536.0,0.3939285632061371,0.9306278182448837,0
modular,transformer_publication_20260622T101458Z_modular_seed103,103,fixed_update_scale,uniform_exact_cost__1536,uniform_exact_cost__1536,uniform_exact_cost,exact_cost_baseline,False,1536,3,1536.0,1536.0,0.35086676193077526,0.9573361082206034,0
modular,transformer_publication_20260622T101458Z_modular_seed103,103,fixed_update_scale,uniform_exact_cost__1984,uniform_exact_cost__1984,uniform_exact_cost,exact_cost_baseline,False,2048,3,1984.0,2048.0,0.2604755590896907,0.9732917100242803,0
modular,transformer_publication_20260622T101458Z_modular_seed103,103,fixed_update_scale,uniform_exact_cost__2048,uniform_exact_cost__2048,uniform_exact_cost,exact_cost_baseline,False,2048,3,2048.0,2048.0,0.23185418351342435,0.9767603191120361,0
modular,transformer_publication_20260622T101458Z_modular_seed103,103,fixed_update_scale,uniform_exact_cost__3072,uniform_exact_cost__3072,uniform_exact_cost,exact_cost_baseline,False,3072,3,3072.0,3072.0,0.13352872413704883,0.9979188345473465,0
modular,transformer_publication_20260622T101458Z_modular_seed103,103,fixed_update_scale,uniform_exact_cost__4096,uniform_exact_cost__4096,uniform_exact_cost,exact_cost_baseline,False,4096,3,4096.0,4096.0,0.1084571054623311,0.9944502254595907,0
modular,transformer_publication_20260622T101458Z_modular_seed103,103,fixed_update_scale,uniform_exact_cost__512,uniform_exact_cost__512,uniform_exact_cost,exact_cost_baseline,False,512,3,512.0,512.0,1.4837191247129622,0.535553243149497,0
modular,transformer_publication_20260622T101458Z_modular_seed103,103,fixed_update_scale,uniform_fill,uniform_fill,uniform_fill,cap_baseline,False,512,3,512.0,512.0,1.4242635938056922,0.5650364203954213,0
modular,transformer_publication_20260622T101458Z_modular_seed103,103,fixed_update_scale,uniform_fill,uniform_fill,uniform_fill,cap_baseline,False,1024,3,960.0,1024.0,0.6443279405000761,0.804717308359348,0
modular,transformer_publication_20260622T101458Z_modular_seed103,103,fixed_update_scale,uniform_fill,uniform_fill,uniform_fill,cap_baseline,False,1536,3,1536.0,1536.0,0.3519346366170955,0.9306278182448837,0
modular,transformer_publication_20260622T101458Z_modular_seed103,103,fixed_update_scale,uniform_fill,uniform_fill,uniform_fill,cap_baseline,False,2048,3,1920.0,2048.0,0.23468150544757857,0.9708636836628513,0
modular,transformer_publication_20260622T101458Z_modular_seed103,103,fixed_update_scale,uniform_fill,uniform_fill,uniform_fill,cap_baseline,False,3072,3,3072.0,3072.0,0.15988955818610268,0.9823100936524454,0
modular,transformer_publication_20260622T101458Z_modular_seed103,103,fixed_update_scale,uniform_fill,uniform_fill,uniform_fill,cap_baseline,False,4096,3,3840.0,4096.0,0.13071546522416544,0.989247311827957,0
modular,transformer_publication_20260622T101458Z_modular_seed103,103,rslora,effective_rank,effective_rank,effective_rank,candidate,False,512,3,512.0,512.0,1.6039528816555924,0.4859521331945889,0
modular,transformer_publication_20260622T101458Z_modular_seed103,103,rslora,effective_rank,effective_rank,effective_rank,candidate,False,1024,3,1024.0,1024.0,0.6591528537080721,0.8099202219909817,0
modular,transformer_publication_20260622T101458Z_modular_seed103,103,rslora,effective_rank,effective_rank,effective_rank,candidate,False,1536,3,1536.0,1536.0,0.4204562848903552,0.9257717655220258,0
modular,transformer_publication_20260622T101458Z_modular_seed103,103,rslora,effective_rank,effective_rank,effective_rank,candidate,False,2048,3,2048.0,2048.0,0.24790503951955742,0.9736385709330557,0
modular,transformer_publication_20260622T101458Z_modular_seed103,103,rslora,effective_rank,effective_rank,effective_rank,candidate,False,3072,3,3072.0,3072.0,0.1261081506901634,0.9895941727367327,0
modular,transformer_publication_20260622T101458Z_modular_seed103,103,rslora,effective_rank,effective_rank,effective_rank,candidate,False,4096,3,4096.0,4096.0,0.08908697639979957,0.9972251127297954,0
modular,transformer_publication_20260622T101458Z_modular_seed103,103,rslora,gradient_norm,gradient_norm,gradient_norm,candidate,False,512,3,512.0,512.0,1.6454576616935583,0.4679153659382587,0
modular,transformer_publication_20260622T101458Z_modular_seed103,103,rslora,gradient_norm,gradient_norm,gradient_norm,candidate,False,1024,3,1024.0,1024.0,0.6951390472998273,0.7991675338189386,0
modular,transformer_publication_20260622T101458Z_modular_seed103,103,rslora,gradient_norm,gradient_norm,gradient_norm,candidate,False,1536,3,1472.0,1536.0,0.4333504257394834,0.924731182795699,0
modular,transformer_publication_20260622T101458Z_modular_seed103,103,rslora,gradient_norm,gradient_norm,gradient_norm,candidate,False,2048,3,2048.0,2048.0,0.24205389012076398,0.9767603191120361,0
modular,transformer_publication_20260622T101458Z_modular_seed103,103,rslora,gradient_norm,gradient_norm,gradient_norm,candidate,False,3072,3,3072.0,3072.0,0.14458792129201353,0.9972251127297954,0
modular,transformer_publication_20260622T101458Z_modular_seed103,103,rslora,gradient_norm,gradient_norm,gradient_norm,candidate,False,4096,3,4096.0,4096.0,0.0920078847460394,0.9965313909122441,0
modular,transformer_publication_20260622T101458Z_modular_seed103,103,rslora,marginal_gain_edge,marginal_gain_edge,marginal_gain_edge,candidate,False,512,3,512.0,512.0,1.4834688463187904,0.5379812695109262,0
modular,transformer_publication_20260622T101458Z_modular_seed103,103,rslora,marginal_gain_edge,marginal_gain_edge,marginal_gain_edge,candidate,False,1024,3,1024.0,1024.0,0.6467343769964972,0.8078390565383282,0
modular,transformer_publication_20260622T101458Z_modular_seed103,103,rslora,marginal_gain_edge,marginal_gain_edge,marginal_gain_edge,candidate,False,1536,3,1472.0,1536.0,0.44310791306184716,0.9011446409989595,0
modular,transformer_publication_20260622T101458Z_modular_seed103,103,rslora,marginal_gain_edge,marginal_gain_edge,marginal_gain_edge,candidate,False,2048,3,1984.0,2048.0,0.2815092707048304,0.952826916406521,0
modular,transformer_publication_20260622T101458Z_modular_seed103,103,rslora,marginal_gain_edge,marginal_gain_edge,marginal_gain_edge,candidate,False,3072,3,3072.0,3072.0,0.1139918334789876,0.9965313909122441,0
modular,transformer_publication_20260622T101458Z_modular_seed103,103,rslora,marginal_gain_edge,marginal_gain_edge,marginal_gain_edge,candidate,False,4096,3,4096.0,4096.0,0.08908697639979957,0.9972251127297954,0
modular,transformer_publication_20260622T101458Z_modular_seed103,103,rslora,marginal_gain_soft,marginal_gain_soft,marginal_gain_soft,candidate,False,512,3,512.0,512.0,1.4834688463187904,0.5379812695109262,0
modular,transformer_publication_20260622T101458Z_modular_seed103,103,rslora,marginal_gain_soft,marginal_gain_soft,marginal_gain_soft,candidate,False,1024,3,1024.0,1024.0,0.6467343769964972,0.8078390565383282,0
modular,transformer_publication_20260622T101458Z_modular_seed103,103,rslora,marginal_gain_soft,marginal_gain_soft,marginal_gain_soft,candidate,False,1536,3,1472.0,1536.0,0.4328001818845473,0.899063475546306,0
modular,transformer_publication_20260622T101458Z_modular_seed103,103,rslora,marginal_gain_soft,marginal_gain_soft,marginal_gain_soft,candidate,False,2048,3,1984.0,2048.0,0.2815092707048304,0.952826916406521,0
modular,transformer_publication_20260622T101458Z_modular_seed103,103,rslora,marginal_gain_soft,marginal_gain_soft,marginal_gain_soft,candidate,False,3072,3,3072.0,3072.0,0.15856264874292583,0.9823100936524454,0
modular,transformer_publication_20260622T101458Z_modular_seed103,103,rslora,marginal_gain_soft,marginal_gain_soft,marginal_gain_soft,candidate,False,4096,3,4096.0,4096.0,0.08908697639979957,0.9972251127297954,0
modular,transformer_publication_20260622T101458Z_modular_seed103,103,rslora,soft_dimension,soft_dimension,soft_dimension,candidate,True,512,3,512.0,512.0,1.6039528816555924,0.4859521331945889,0
modular,transformer_publication_20260622T101458Z_modular_seed103,103,rslora,soft_dimension,soft_dimension,soft_dimension,candidate,True,1024,3,1024.0,1024.0,0.6873426366877812,0.7946583420048561,0
modular,transformer_publication_20260622T101458Z_modular_seed103,103,rslora,soft_dimension,soft_dimension,soft_dimension,candidate,True,1536,3,1536.0,1536.0,0.38489514247146356,0.9372181755116199,0
modular,transformer_publication_20260622T101458Z_modular_seed103,103,rslora,soft_dimension,soft_dimension,soft_dimension,candidate,True,2048,3,2048.0,2048.0,0.24790503951955742,0.9736385709330557,0
modular,transformer_publication_20260622T101458Z_modular_seed103,103,rslora,soft_dimension,soft_dimension,soft_dimension,candidate,True,3072,3,3072.0,3072.0,0.14247219472027797,0.9979188345473465,0
modular,transformer_publication_20260622T101458Z_modular_seed103,103,rslora,soft_dimension,soft_dimension,soft_dimension,candidate,True,4096,3,4096.0,4096.0,0.08908697639979957,0.9972251127297954,0
modular,transformer_publication_20260622T101458Z_modular_seed103,103,rslora,uniform,uniform,uniform,cap_baseline,False,512,3,0.0,512.0,10.08167581230743,0.0,0
modular,transformer_publication_20260622T101458Z_modular_seed103,103,rslora,uniform,uniform,uniform,cap_baseline,False,1024,3,0.0,1024.0,10.08167581230743,0.0,0
modular,transformer_publication_20260622T101458Z_modular_seed103,103,rslora,uniform,uniform,uniform,cap_baseline,False,1536,3,1152.0,1536.0,0.5317259426957156,0.8563995837669095,0
modular,transformer_publication_20260622T101458Z_modular_seed103,103,rslora,uniform,uniform,uniform,cap_baseline,False,2048,3,1152.0,2048.0,0.5111674485089173,0.8702740201179328,0
modular,transformer_publication_20260622T101458Z_modular_seed103,103,rslora,uniform,uniform,uniform,cap_baseline,False,3072,3,2304.0,3072.0,0.24754100200661014,0.971904266389178,0
modular,transformer_publication_20260622T101458Z_modular_seed103,103,rslora,uniform,uniform,uniform,cap_baseline,False,4096,3,2304.0,4096.0,0.23155910643983782,0.969476240027749,0
modular,transformer_publication_20260622T101458Z_modular_seed103,103,rslora,uniform_exact_cost__1024,uniform_exact_cost__1024,uniform_exact_cost,exact_cost_baseline,False,1024,3,1024.0,1024.0,0.7465762503850887,0.7807839056538328,0
modular,transformer_publication_20260622T101458Z_modular_seed103,103,rslora,uniform_exact_cost__1472,uniform_exact_cost__1472,uniform_exact_cost,exact_cost_baseline,False,1536,3,1472.0,1536.0,0.4173970449686133,0.9184876864377385,0
modular,transformer_publication_20260622T101458Z_modular_seed103,103,rslora,uniform_exact_cost__1536,uniform_exact_cost__1536,uniform_exact_cost,exact_cost_baseline,False,1536,3,1536.0,1536.0,0.38489514247146356,0.9372181755116199,0
modular,transformer_publication_20260622T101458Z_modular_seed103,103,rslora,uniform_exact_cost__1984,uniform_exact_cost__1984,uniform_exact_cost,exact_cost_baseline,False,2048,3,1984.0,2048.0,0.29081263206834557,0.9667013527575442,0
modular,transformer_publication_20260622T101458Z_modular_seed103,103,rslora,uniform_exact_cost__2048,uniform_exact_cost__2048,uniform_exact_cost,exact_cost_baseline,False,2048,3,2048.0,2048.0,0.2560399415548419,0.9729448491155047,0
modular,transformer_publication_20260622T101458Z_modular_seed103,103,rslora,uniform_exact_cost__3072,uniform_exact_cost__3072,uniform_exact_cost,exact_cost_baseline,False,3072,3,3072.0,3072.0,0.14247219472027797,0.9979188345473465,0
modular,transformer_publication_20260622T101458Z_modular_seed103,103,rslora,uniform_exact_cost__4096,uniform_exact_cost__4096,uniform_exact_cost,exact_cost_baseline,False,4096,3,4096.0,4096.0,0.10937601755858704,0.9954908081859175,0
modular,transformer_publication_20260622T101458Z_modular_seed103,103,rslora,uniform_exact_cost__512,uniform_exact_cost__512,uniform_exact_cost,exact_cost_baseline,False,512,3,512.0,512.0,1.404467915686476,0.5664238640305238,0
modular,transformer_publication_20260622T101458Z_modular_seed103,103,rslora,uniform_fill,uniform_fill,uniform_fill,cap_baseline,False,512,3,512.0,512.0,1.4824385657064045,0.5365938258758237,0
modular,transformer_publication_20260622T101458Z_modular_seed103,103,rslora,uniform_fill,uniform_fill,uniform_fill,cap_baseline,False,1024,3,960.0,1024.0,0.6302408805085352,0.804717308359348,0
modular,transformer_publication_20260622T101458Z_modular_seed103,103,rslora,uniform_fill,uniform_fill,uniform_fill,cap_baseline,False,1536,3,1536.0,1536.0,0.3962317686443977,0.9146722164412071,0
modular,transformer_publication_20260622T101458Z_modular_seed103,103,rslora,uniform_fill,uniform_fill,uniform_fill,cap_baseline,False,2048,3,1920.0,2048.0,0.2865537154128722,0.9510926118626429,0
modular,transformer_publication_20260622T101458Z_modular_seed103,103,rslora,uniform_fill,uniform_fill,uniform_fill,cap_baseline,False,3072,3,3072.0,3072.0,0.17261912866243248,0.978494623655914,0
modular,transformer_publication_20260622T101458Z_modular_seed103,103,rslora,uniform_fill,uniform_fill,uniform_fill,cap_baseline,False,4096,3,3840.0,4096.0,0.1288532269805245,0.9902878945542838,0
modular,transformer_publication_20260622T101458Z_modular_seed103,103,standard,effective_rank,effective_rank,effective_rank,candidate,False,512,3,512.0,512.0,1.6133813868782978,0.4845646895594866,0
modular,transformer_publication_20260622T101458Z_modular_seed103,103,standard,effective_rank,effective_rank,effective_rank,candidate,False,1024,3,1024.0,1024.0,0.74961489962076,0.7769684356573014,0
modular,transformer_publication_20260622T101458Z_modular_seed103,103,standard,effective_rank,effective_rank,effective_rank,candidate,False,1536,3,1536.0,1536.0,0.45682177919296185,0.9087755809920223,0
modular,transformer_publication_20260622T101458Z_modular_seed103,103,standard,effective_rank,effective_rank,effective_rank,candidate,False,2048,3,2048.0,2048.0,0.26219160425820115,0.9639264654873396,0
modular,transformer_publication_20260622T101458Z_modular_seed103,103,standard,effective_rank,effective_rank,effective_rank,candidate,False,3072,3,3072.0,3072.0,0.15329222193493677,0.980922650017343,0
modular,transformer_publication_20260622T101458Z_modular_seed103,103,standard,effective_rank,effective_rank,effective_rank,candidate,False,4096,3,4096.0,4096.0,0.10068575413771642,0.9961845300034685,0
modular,transformer_publication_20260622T101458Z_modular_seed103,103,standard,gradient_norm,gradient_norm,gradient_norm,candidate,False,512,3,512.0,512.0,1.795878365847786,0.41935483870967744,0
modular,transformer_publication_20260622T101458Z_modular_seed103,103,standard,gradient_norm,gradient_norm,gradient_norm,candidate,False,1024,3,1024.0,1024.0,0.7030579082220741,0.7929240374609782,0
modular,transformer_publication_20260622T101458Z_modular_seed103,103,standard,gradient_norm,gradient_norm,gradient_norm,candidate,False,1536,3,1472.0,1536.0,0.47478004146730407,0.9070412764481443,0
modular,transformer_publication_20260622T101458Z_modular_seed103,103,standard,gradient_norm,gradient_norm,gradient_norm,candidate,False,2048,3,2048.0,2048.0,0.2621907737161647,0.9701699618453,0
modular,transformer_publication_20260622T101458Z_modular_seed103,103,standard,gradient_norm,gradient_norm,gradient_norm,candidate,False,3072,3,3072.0,3072.0,0.16639686764278963,0.9927159209157127,0
modular,transformer_publication_20260622T101458Z_modular_seed103,103,standard,gradient_norm,gradient_norm,gradient_norm,candidate,False,4096,3,4096.0,4096.0,0.0920078847460394,0.9965313909122441,0
modular,transformer_publication_20260622T101458Z_modular_seed103,103,standard,marginal_gain_edge,marginal_gain_edge,marginal_gain_edge,candidate,False,512,3,512.0,512.0,1.5650278185541084,0.5046826222684703,0
modular,transformer_publication_20260622T101458Z_modular_seed103,103,standard,marginal_gain_edge,marginal_gain_edge,marginal_gain_edge,candidate,False,1024,3,1024.0,1024.0,0.709719382864793,0.7755809920221991,0
modular,transformer_publication_20260622T101458Z_modular_seed103,103,standard,marginal_gain_edge,marginal_gain_edge,marginal_gain_edge,candidate,False,1536,3,1472.0,1536.0,0.44924780119635593,0.8983697537287547,0
modular,transformer_publication_20260622T101458Z_modular_seed103,103,standard,marginal_gain_edge,marginal_gain_edge,marginal_gain_edge,candidate,False,2048,3,1984.0,2048.0,0.28657933793628626,0.9510926118626429,0
modular,transformer_publication_20260622T101458Z_modular_seed103,103,standard,marginal_gain_edge,marginal_gain_edge,marginal_gain_edge,candidate,False,3072,3,3072.0,3072.0,0.12000512500738376,0.9961845300034685,0
modular,transformer_publication_20260622T101458Z_modular_seed103,103,standard,marginal_gain_edge,marginal_gain_edge,marginal_gain_edge,candidate,False,4096,3,4096.0,4096.0,0.10068575413771642,0.9961845300034685,0
modular,transformer_publication_20260622T101458Z_modular_seed103,103,standard,marginal_gain_soft,marginal_gain_soft,marginal_gain_soft,candidate,False,512,3,512.0,512.0,1.5650278185541084,0.5046826222684703,0
modular,transformer_publication_20260622T101458Z_modular_seed103,103,standard,marginal_gain_soft,marginal_gain_soft,marginal_gain_soft,candidate,False,1024,3,1024.0,1024.0,0.709719382864793,0.7755809920221991,0
modular,transformer_publication_20260622T101458Z_modular_seed103,103,standard,marginal_gain_soft,marginal_gain_soft,marginal_gain_soft,candidate,False,1536,3,1472.0,1536.0,0.46660488350830515,0.8952480055497745,0
modular,transformer_publication_20260622T101458Z_modular_seed103,103,standard,marginal_gain_soft,marginal_gain_soft,marginal_gain_soft,candidate,False,2048,3,1984.0,2048.0,0.28657933793628626,0.9510926118626429,0
modular,transformer_publication_20260622T101458Z_modular_seed103,103,standard,marginal_gain_soft,marginal_gain_soft,marginal_gain_soft,candidate,False,3072,3,3072.0,3072.0,0.16485592370909033,0.9836975372875477,0
modular,transformer_publication_20260622T101458Z_modular_seed103,103,standard,marginal_gain_soft,marginal_gain_soft,marginal_gain_soft,candidate,False,4096,3,4096.0,4096.0,0.10068575413771642,0.9961845300034685,0
modular,transformer_publication_20260622T101458Z_modular_seed103,103,standard,soft_dimension,soft_dimension,soft_dimension,candidate,True,512,3,512.0,512.0,1.6133813868782978,0.4845646895594866,0
modular,transformer_publication_20260622T101458Z_modular_seed103,103,standard,soft_dimension,soft_dimension,soft_dimension,candidate,True,1024,3,1024.0,1024.0,0.743875150222808,0.7780090183836282,0
modular,transformer_publication_20260622T101458Z_modular_seed103,103,standard,soft_dimension,soft_dimension,soft_dimension,candidate,True,1536,3,1536.0,1536.0,0.40913127879074285,0.9236906000693722,0
modular,transformer_publication_20260622T101458Z_modular_seed103,103,standard,soft_dimension,soft_dimension,soft_dimension,candidate,True,2048,3,2048.0,2048.0,0.26219160425820115,0.9639264654873396,0
modular,transformer_publication_20260622T101458Z_modular_seed103,103,standard,soft_dimension,soft_dimension,soft_dimension,candidate,True,3072,3,3072.0,3072.0,0.16471413535621893,0.9958376690946932,0
modular,transformer_publication_20260622T101458Z_modular_seed103,103,standard,soft_dimension,soft_dimension,soft_dimension,candidate,True,4096,3,4096.0,4096.0,0.10068575413771642,0.9961845300034685,0
modular,transformer_publication_20260622T101458Z_modular_seed103,103,standard,uniform,uniform,uniform,cap_baseline,False,512,3,0.0,512.0,10.08167581230743,0.0,0
modular,transformer_publication_20260622T101458Z_modular_seed103,103,standard,uniform,uniform,uniform,cap_baseline,False,1024,3,0.0,1024.0,10.08167581230743,0.0,0
modular,transformer_publication_20260622T101458Z_modular_seed103,103,standard,uniform,uniform,uniform,cap_baseline,False,1536,3,1152.0,1536.0,0.6795680665572897,0.7988206729101631,0
modular,transformer_publication_20260622T101458Z_modular_seed103,103,standard,uniform,uniform,uniform,cap_baseline,False,2048,3,1152.0,2048.0,0.6812815083280604,0.7967395074575094,0
modular,transformer_publication_20260622T101458Z_modular_seed103,103,standard,uniform,uniform,uniform,cap_baseline,False,3072,3,2304.0,3072.0,0.27776496721211297,0.9524800554977455,0
modular,transformer_publication_20260622T101458Z_modular_seed103,103,standard,uniform,uniform,uniform,cap_baseline,False,4096,3,2304.0,4096.0,0.24116364711694652,0.976066597294485,0
modular,transformer_publication_20260622T101458Z_modular_seed103,103,standard,uniform_exact_cost__1024,uniform_exact_cost__1024,uniform_exact_cost,exact_cost_baseline,False,1024,3,1024.0,1024.0,0.9207797077352952,0.7100242802636143,0
modular,transformer_publication_20260622T101458Z_modular_seed103,103,standard,uniform_exact_cost__1472,uniform_exact_cost__1472,uniform_exact_cost,exact_cost_baseline,False,1536,3,1472.0,1536.0,0.4566849700349343,0.9091224419007977,0
modular,transformer_publication_20260622T101458Z_modular_seed103,103,standard,uniform_exact_cost__1536,uniform_exact_cost__1536,uniform_exact_cost,exact_cost_baseline,False,1536,3,1536.0,1536.0,0.40913127879074285,0.9236906000693722,0
modular,transformer_publication_20260622T101458Z_modular_seed103,103,standard,uniform_exact_cost__1984,uniform_exact_cost__1984,uniform_exact_cost,exact_cost_baseline,False,2048,3,1984.0,2048.0,0.3088822292963167,0.9583766909469302,0
modular,transformer_publication_20260622T101458Z_modular_seed103,103,standard,uniform_exact_cost__2048,uniform_exact_cost__2048,uniform_exact_cost,exact_cost_baseline,False,2048,3,2048.0,2048.0,0.2756432366120993,0.9608047173083594,0
modular,transformer_publication_20260622T101458Z_modular_seed103,103,standard,uniform_exact_cost__3072,uniform_exact_cost__3072,uniform_exact_cost,exact_cost_baseline,False,3072,3,3072.0,3072.0,0.16471413535621893,0.9958376690946932,0
modular,transformer_publication_20260622T101458Z_modular_seed103,103,standard,uniform_exact_cost__4096,uniform_exact_cost__4096,uniform_exact_cost,exact_cost_baseline,False,4096,3,4096.0,4096.0,0.10534558547037236,0.9954908081859175,0
modular,transformer_publication_20260622T101458Z_modular_seed103,103,standard,uniform_exact_cost__512,uniform_exact_cost__512,uniform_exact_cost,exact_cost_baseline,False,512,3,512.0,512.0,1.4220687731495758,0.5643426985778702,0
modular,transformer_publication_20260622T101458Z_modular_seed103,103,standard,uniform_fill,uniform_fill,uniform_fill,cap_baseline,False,512,3,512.0,512.0,2.110482395501588,0.33090530697190423,0
modular,transformer_publication_20260622T101458Z_modular_seed103,103,standard,uniform_fill,uniform_fill,uniform_fill,cap_baseline,False,1024,3,960.0,1024.0,0.7601824740424075,0.7589316684009711,0
modular,transformer_publication_20260622T101458Z_modular_seed103,103,standard,uniform_fill,uniform_fill,uniform_fill,cap_baseline,False,1536,3,1536.0,1536.0,0.49146937929091256,0.884148456468956,0
modular,transformer_publication_20260622T101458Z_modular_seed103,103,standard,uniform_fill,uniform_fill,uniform_fill,cap_baseline,False,2048,3,1920.0,2048.0,0.34580727916519716,0.9261186264308012,0
modular,transformer_publication_20260622T101458Z_modular_seed103,103,standard,uniform_fill,uniform_fill,uniform_fill,cap_baseline,False,3072,3,3072.0,3072.0,0.19352183205941628,0.9767603191120361,0
modular,transformer_publication_20260622T101458Z_modular_seed103,103,standard,uniform_fill,uniform_fill,uniform_fill,cap_baseline,False,4096,3,3840.0,4096.0,0.13148631076152398,0.9913284772806105,0
modular,transformer_publication_20260622T101458Z_modular_seed107,107,fixed_update_scale,effective_rank,effective_rank,effective_rank,candidate,False,512,3,512.0,512.0,2.2444426629264616,0.22476586888657638,0
modular,transformer_publication_20260622T101458Z_modular_seed107,107,fixed_update_scale,effective_rank,effective_rank,effective_rank,candidate,False,1024,3,1024.0,1024.0,1.557179441974678,0.4623655913978495,0
modular,transformer_publication_20260622T101458Z_modular_seed107,107,fixed_update_scale,effective_rank,effective_rank,effective_rank,candidate,False,1536,3,1536.0,1536.0,0.9115893365069061,0.7530350329517863,0
modular,transformer_publication_20260622T101458Z_modular_seed107,107,fixed_update_scale,effective_rank,effective_rank,effective_rank,candidate,False,2048,3,2048.0,2048.0,0.7852602739984113,0.7849462365591396,0
modular,transformer_publication_20260622T101458Z_modular_seed107,107,fixed_update_scale,effective_rank,effective_rank,effective_rank,candidate,False,3072,3,3072.0,3072.0,0.27179119326859097,0.9805757891085675,0
modular,transformer_publication_20260622T101458Z_modular_seed107,107,fixed_update_scale,effective_rank,effective_rank,effective_rank,candidate,False,4096,3,4096.0,4096.0,0.270763252691556,0.9701699618453,0
modular,transformer_publication_20260622T101458Z_modular_seed107,107,fixed_update_scale,gradient_norm,gradient_norm,gradient_norm,candidate,False,512,3,448.0,512.0,2.833080339216748,0.14013180714533466,0
modular,transformer_publication_20260622T101458Z_modular_seed107,107,fixed_update_scale,gradient_norm,gradient_norm,gradient_norm,candidate,False,1024,3,1024.0,1024.0,1.5936724327522727,0.45924384321886924,0
modular,transformer_publication_20260622T101458Z_modular_seed107,107,fixed_update_scale,gradient_norm,gradient_norm,gradient_norm,candidate,False,1536,3,1472.0,1536.0,1.040910978305683,0.6885189039195283,0
modular,transformer_publication_20260622T101458Z_modular_seed107,107,fixed_update_scale,gradient_norm,gradient_norm,gradient_norm,candidate,False,2048,3,2048.0,2048.0,1.5171442016354462,0.586888657648283,0
modular,transformer_publication_20260622T101458Z_modular_seed107,107,fixed_update_scale,gradient_norm,gradient_norm,gradient_norm,candidate,False,3072,3,3072.0,3072.0,0.31270887172143574,0.9691293791189733,0
modular,transformer_publication_20260622T101458Z_modular_seed107,107,fixed_update_scale,gradient_norm,gradient_norm,gradient_norm,candidate,False,4096,3,4096.0,4096.0,0.5821253767742947,0.851890391952827,0
modular,transformer_publication_20260622T101458Z_modular_seed107,107,fixed_update_scale,marginal_gain_edge,marginal_gain_edge,marginal_gain_edge,candidate,False,512,3,448.0,512.0,3.3787236692505993,0.056191467221644066,0
modular,transformer_publication_20260622T101458Z_modular_seed107,107,fixed_update_scale,marginal_gain_edge,marginal_gain_edge,marginal_gain_edge,candidate,False,1024,3,1024.0,1024.0,1.3936913682485759,0.5157821713492889,0
modular,transformer_publication_20260622T101458Z_modular_seed107,107,fixed_update_scale,marginal_gain_edge,marginal_gain_edge,marginal_gain_edge,candidate,False,1536,3,1536.0,1536.0,0.8241632465600057,0.7845993756503642,0
modular,transformer_publication_20260622T101458Z_modular_seed107,107,fixed_update_scale,marginal_gain_edge,marginal_gain_edge,marginal_gain_edge,candidate,False,2048,3,2048.0,2048.0,0.33185923325903827,0.9823100936524454,0
modular,transformer_publication_20260622T101458Z_modular_seed107,107,fixed_update_scale,marginal_gain_edge,marginal_gain_edge,marginal_gain_edge,candidate,False,3072,3,3072.0,3072.0,0.23645732811019934,0.9871661463753035,0
modular,transformer_publication_20260622T101458Z_modular_seed107,107,fixed_update_scale,marginal_gain_edge,marginal_gain_edge,marginal_gain_edge,candidate,False,4096,3,4096.0,4096.0,0.2897925165598482,0.9673950745750953,0
modular,transformer_publication_20260622T101458Z_modular_seed107,107,fixed_update_scale,marginal_gain_soft,marginal_gain_soft,marginal_gain_soft,candidate,False,512,3,448.0,512.0,3.3787236692505993,0.056191467221644066,0
modular,transformer_publication_20260622T101458Z_modular_seed107,107,fixed_update_scale,marginal_gain_soft,marginal_gain_soft,marginal_gain_soft,candidate,False,1024,3,1024.0,1024.0,1.5936724327522727,0.45924384321886924,0
modular,transformer_publication_20260622T101458Z_modular_seed107,107,fixed_update_scale,marginal_gain_soft,marginal_gain_soft,marginal_gain_soft,candidate,False,1536,3,1536.0,1536.0,0.8241632465600057,0.7845993756503642,0
modular,transformer_publication_20260622T101458Z_modular_seed107,107,fixed_update_scale,marginal_gain_soft,marginal_gain_soft,marginal_gain_soft,candidate,False,2048,3,2048.0,2048.0,0.33185923325903827,0.9823100936524454,0
modular,transformer_publication_20260622T101458Z_modular_seed107,107,fixed_update_scale,marginal_gain_soft,marginal_gain_soft,marginal_gain_soft,candidate,False,3072,3,3072.0,3072.0,0.24538746857101448,0.9840443981963233,0
modular,transformer_publication_20260622T101458Z_modular_seed107,107,fixed_update_scale,marginal_gain_soft,marginal_gain_soft,marginal_gain_soft,candidate,False,4096,3,4096.0,4096.0,0.5821253767742947,0.851890391952827,0
modular,transformer_publication_20260622T101458Z_modular_seed107,107,fixed_update_scale,soft_dimension,soft_dimension,soft_dimension,candidate,True,512,3,512.0,512.0,2.2444426629264616,0.22476586888657638,0
modular,transformer_publication_20260622T101458Z_modular_seed107,107,fixed_update_scale,soft_dimension,soft_dimension,soft_dimension,candidate,True,1024,3,1024.0,1024.0,1.557179441974678,0.4623655913978495,0
modular,transformer_publication_20260622T101458Z_modular_seed107,107,fixed_update_scale,soft_dimension,soft_dimension,soft_dimension,candidate,True,1536,3,1536.0,1536.0,0.9115893365069061,0.7530350329517863,0
modular,transformer_publication_20260622T101458Z_modular_seed107,107,fixed_update_scale,soft_dimension,soft_dimension,soft_dimension,candidate,True,2048,3,2048.0,2048.0,0.7307553148873348,0.812001387443635,0
modular,transformer_publication_20260622T101458Z_modular_seed107,107,fixed_update_scale,soft_dimension,soft_dimension,soft_dimension,candidate,True,3072,3,3072.0,3072.0,0.27179119326859097,0.9805757891085675,0
modular,transformer_publication_20260622T101458Z_modular_seed107,107,fixed_update_scale,soft_dimension,soft_dimension,soft_dimension,candidate,True,4096,3,4096.0,4096.0,0.24229425313858943,0.9812695109261186,0
modular,transformer_publication_20260622T101458Z_modular_seed107,107,fixed_update_scale,uniform,uniform,uniform,cap_baseline,False,512,3,0.0,512.0,12.000680394524965,0.0,0
modular,transformer_publication_20260622T101458Z_modular_seed107,107,fixed_update_scale,uniform,uniform,uniform,cap_baseline,False,1024,3,0.0,1024.0,12.000680394524965,0.0,0
modular,transformer_publication_20260622T101458Z_modular_seed107,107,fixed_update_scale,uniform,uniform,uniform,cap_baseline,False,1536,3,1152.0,1536.0,1.6049919042825451,0.45195976413458205,0
modular,transformer_publication_20260622T101458Z_modular_seed107,107,fixed_update_scale,uniform,uniform,uniform,cap_baseline,False,2048,3,1152.0,2048.0,1.548297028883935,0.47207769684356576,0
modular,transformer_publication_20260622T101458Z_modular_seed107,107,fixed_update_scale,uniform,uniform,uniform,cap_baseline,False,3072,3,2304.0,3072.0,0.8029219249326075,0.7721123829344433,0
modular,transformer_publication_20260622T101458Z_modular_seed107,107,fixed_update_scale,uniform,uniform,uniform,cap_baseline,False,4096,3,2304.0,4096.0,0.7101538937165429,0.8161637183489421,0
modular,transformer_publication_20260622T101458Z_modular_seed107,107,fixed_update_scale,uniform_exact_cost__1024,uniform_exact_cost__1024,uniform_exact_cost,exact_cost_baseline,False,1024,3,1024.0,1024.0,1.52488699113996,0.49080818591744707,0
modular,transformer_publication_20260622T101458Z_modular_seed107,107,fixed_update_scale,uniform_exact_cost__1472,uniform_exact_cost__1472,uniform_exact_cost,exact_cost_baseline,False,1536,3,1472.0,1536.0,1.0051624033751274,0.7079431148109608,0
modular,transformer_publication_20260622T101458Z_modular_seed107,107,fixed_update_scale,uniform_exact_cost__1536,uniform_exact_cost__1536,uniform_exact_cost,exact_cost_baseline,False,1536,3,1536.0,1536.0,0.9115893365069061,0.7530350329517863,0
modular,transformer_publication_20260622T101458Z_modular_seed107,107,fixed_update_scale,uniform_exact_cost__2048,uniform_exact_cost__2048,uniform_exact_cost,exact_cost_baseline,False,2048,3,2048.0,2048.0,0.7852602739984113,0.7849462365591396,0
modular,transformer_publication_20260622T101458Z_modular_seed107,107,fixed_update_scale,uniform_exact_cost__3072,uniform_exact_cost__3072,uniform_exact_cost,exact_cost_baseline,False,3072,3,3072.0,3072.0,0.27179119326859097,0.9805757891085675,0
modular,transformer_publication_20260622T101458Z_modular_seed107,107,fixed_update_scale,uniform_exact_cost__4096,uniform_exact_cost__4096,uniform_exact_cost,exact_cost_baseline,False,4096,3,4096.0,4096.0,0.270763252691556,0.9701699618453,0
modular,transformer_publication_20260622T101458Z_modular_seed107,107,fixed_update_scale,uniform_exact_cost__448,uniform_exact_cost__448,uniform_exact_cost,exact_cost_baseline,False,512,3,448.0,512.0,2.7524893301210596,0.14984391259105093,0
modular,transformer_publication_20260622T101458Z_modular_seed107,107,fixed_update_scale,uniform_exact_cost__512,uniform_exact_cost__512,uniform_exact_cost,exact_cost_baseline,False,512,3,512.0,512.0,2.504215649999433,0.17551161984044394,0
modular,transformer_publication_20260622T101458Z_modular_seed107,107,fixed_update_scale,uniform_fill,uniform_fill,uniform_fill,cap_baseline,False,512,3,512.0,512.0,3.1112344217846224,0.09573361082206033,0
modular,transformer_publication_20260622T101458Z_modular_seed107,107,fixed_update_scale,uniform_fill,uniform_fill,uniform_fill,cap_baseline,False,1024,3,960.0,1024.0,2.491609247492454,0.2518210197710718,0
modular,transformer_publication_20260622T101458Z_modular_seed107,107,fixed_update_scale,uniform_fill,uniform_fill,uniform_fill,cap_baseline,False,1536,3,1536.0,1536.0,1.948651734880387,0.37460978147762747,0
modular,transformer_publication_20260622T101458Z_modular_seed107,107,fixed_update_scale,uniform_fill,uniform_fill,uniform_fill,cap_baseline,False,2048,3,1920.0,2048.0,1.5666739435358012,0.5230662504335761,0
modular,transformer_publication_20260622T101458Z_modular_seed107,107,fixed_update_scale,uniform_fill,uniform_fill,uniform_fill,cap_baseline,False,3072,3,3072.0,3072.0,1.9771807264876458,0.35553243149497044,0
modular,transformer_publication_20260622T101458Z_modular_seed107,107,fixed_update_scale,uniform_fill,uniform_fill,uniform_fill,cap_baseline,False,4096,3,3840.0,4096.0,1.627707736011681,0.5150884495317378,0
modular,transformer_publication_20260622T101458Z_modular_seed107,107,rslora,effective_rank,effective_rank,effective_rank,candidate,False,512,3,512.0,512.0,2.274165995039131,0.20846340617412415,0
modular,transformer_publication_20260622T101458Z_modular_seed107,107,rslora,effective_rank,effective_rank,effective_rank,candidate,False,1024,3,1024.0,1024.0,1.9980587773632348,0.34928893513701004,0
modular,transformer_publication_20260622T101458Z_modular_seed107,107,rslora,effective_rank,effective_rank,effective_rank,candidate,False,1536,3,1536.0,1536.0,1.05279210566482,0.6805411030176899,0
modular,transformer_publication_20260622T101458Z_modular_seed107,107,rslora,effective_rank,effective_rank,effective_rank,candidate,False,2048,3,2048.0,2048.0,0.7658193058492904,0.7995143947277142,0
modular,transformer_publication_20260622T101458Z_modular_seed107,107,rslora,effective_rank,effective_rank,effective_rank,candidate,False,3072,3,3072.0,3072.0,0.2972866983679157,0.9746791536593825,0
modular,transformer_publication_20260622T101458Z_modular_seed107,107,rslora,effective_rank,effective_rank,effective_rank,candidate,False,4096,3,4096.0,4096.0,0.2900230272586173,0.9684356573014221,0
modular,transformer_publication_20260622T101458Z_modular_seed107,107,rslora,gradient_norm,gradient_norm,gradient_norm,candidate,False,512,3,448.0,512.0,3.2691103325426023,0.07873742629205684,0
modular,transformer_publication_20260622T101458Z_modular_seed107,107,rslora,gradient_norm,gradient_norm,gradient_norm,candidate,False,1024,3,1024.0,1024.0,1.7528957721056557,0.3995837669094693,0
modular,transformer_publication_20260622T101458Z_modular_seed107,107,rslora,gradient_norm,gradient_norm,gradient_norm,candidate,False,1536,3,1472.0,1536.0,1.6558334219798916,0.537287547693375,0
modular,transformer_publication_20260622T101458Z_modular_seed107,107,rslora,gradient_norm,gradient_norm,gradient_norm,candidate,False,2048,3,2048.0,2048.0,1.5219343501455536,0.5688518903919528,0
modular,transformer_publication_20260622T101458Z_modular_seed107,107,rslora,gradient_norm,gradient_norm,gradient_norm,candidate,False,3072,3,3072.0,3072.0,0.3529070379458655,0.9517863336801943,0
modular,transformer_publication_20260622T101458Z_modular_seed107,107,rslora,gradient_norm,gradient_norm,gradient_norm,candidate,False,4096,3,4096.0,4096.0,0.3424843675274423,0.9465834200485604,0
modular,transformer_publication_20260622T101458Z_modular_seed107,107,rslora,marginal_gain_edge,marginal_gain_edge,marginal_gain_edge,candidate,False,512,3,448.0,512.0,3.369815536063039,0.06520985084980917,0
modular,transformer_publication_20260622T101458Z_modular_seed107,107,rslora,marginal_gain_edge,marginal_gain_edge,marginal_gain_edge,candidate,False,1024,3,1024.0,1024.0,1.4637946476342567,0.48560527228581335,0
modular,transformer_publication_20260622T101458Z_modular_seed107,107,rslora,marginal_gain_edge,marginal_gain_edge,marginal_gain_edge,candidate,False,1536,3,1536.0,1536.0,1.597344272115187,0.5518557058619493,0
modular,transformer_publication_20260622T101458Z_modular_seed107,107,rslora,marginal_gain_edge,marginal_gain_edge,marginal_gain_edge,candidate,False,2048,3,2048.0,2048.0,0.3733701313220086,0.9621921609434617,0
modular,transformer_publication_20260622T101458Z_modular_seed107,107,rslora,marginal_gain_edge,marginal_gain_edge,marginal_gain_edge,candidate,False,3072,3,3072.0,3072.0,0.28202000170418917,0.9771071800208118,0
modular,transformer_publication_20260622T101458Z_modular_seed107,107,rslora,marginal_gain_edge,marginal_gain_edge,marginal_gain_edge,candidate,False,4096,3,4096.0,4096.0,0.303164707928989,0.9670482136663199,0
modular,transformer_publication_20260622T101458Z_modular_seed107,107,rslora,marginal_gain_soft,marginal_gain_soft,marginal_gain_soft,candidate,False,512,3,448.0,512.0,3.369815536063039,0.06520985084980917,0
modular,transformer_publication_20260622T101458Z_modular_seed107,107,rslora,marginal_gain_soft,marginal_gain_soft,marginal_gain_soft,candidate,False,1024,3,1024.0,1024.0,1.7528957721056557,0.3995837669094693,0
modular,transformer_publication_20260622T101458Z_modular_seed107,107,rslora,marginal_gain_soft,marginal_gain_soft,marginal_gain_soft,candidate,False,1536,3,1536.0,1536.0,1.597344272115187,0.5518557058619493,0
modular,transformer_publication_20260622T101458Z_modular_seed107,107,rslora,marginal_gain_soft,marginal_gain_soft,marginal_gain_soft,candidate,False,2048,3,2048.0,2048.0,0.3733701313220086,0.9621921609434617,0
modular,transformer_publication_20260622T101458Z_modular_seed107,107,rslora,marginal_gain_soft,marginal_gain_soft,marginal_gain_soft,candidate,False,3072,3,3072.0,3072.0,0.2608627763279932,0.9791883454734652,0
modular,transformer_publication_20260622T101458Z_modular_seed107,107,rslora,marginal_gain_soft,marginal_gain_soft,marginal_gain_soft,candidate,False,4096,3,4096.0,4096.0,0.3424843675274423,0.9465834200485604,0
modular,transformer_publication_20260622T101458Z_modular_seed107,107,rslora,soft_dimension,soft_dimension,soft_dimension,candidate,True,512,3,512.0,512.0,2.274165995039131,0.20846340617412415,0
modular,transformer_publication_20260622T101458Z_modular_seed107,107,rslora,soft_dimension,soft_dimension,soft_dimension,candidate,True,1024,3,1024.0,1024.0,1.9980587773632348,0.34928893513701004,0
modular,transformer_publication_20260622T101458Z_modular_seed107,107,rslora,soft_dimension,soft_dimension,soft_dimension,candidate,True,1536,3,1536.0,1536.0,1.05279210566482,0.6805411030176899,0
modular,transformer_publication_20260622T101458Z_modular_seed107,107,rslora,soft_dimension,soft_dimension,soft_dimension,candidate,True,2048,3,2048.0,2048.0,0.7525836533653294,0.7950052029136317,0
modular,transformer_publication_20260622T101458Z_modular_seed107,107,rslora,soft_dimension,soft_dimension,soft_dimension,candidate,True,3072,3,3072.0,3072.0,0.2972866983679157,0.9746791536593825,0
modular,transformer_publication_20260622T101458Z_modular_seed107,107,rslora,soft_dimension,soft_dimension,soft_dimension,candidate,True,4096,3,4096.0,4096.0,0.24304039656413,0.9823100936524455,0
modular,transformer_publication_20260622T101458Z_modular_seed107,107,rslora,uniform,uniform,uniform,cap_baseline,False,512,3,0.0,512.0,12.000680394524965,0.0,0
modular,transformer_publication_20260622T101458Z_modular_seed107,107,rslora,uniform,uniform,uniform,cap_baseline,False,1024,3,0.0,1024.0,12.000680394524965,0.0,0
modular,transformer_publication_20260622T101458Z_modular_seed107,107,rslora,uniform,uniform,uniform,cap_baseline,False,1536,3,1152.0,1536.0,2.358051046207056,0.2740201179327089,0
modular,transformer_publication_20260622T101458Z_modular_seed107,107,rslora,uniform,uniform,uniform,cap_baseline,False,2048,3,1152.0,2048.0,1.5401579942134285,0.4609781477627471,0
modular,transformer_publication_20260622T101458Z_modular_seed107,107,rslora,uniform,uniform,uniform,cap_baseline,False,3072,3,2304.0,3072.0,0.759430875618591,0.7915365938258758,0
modular,transformer_publication_20260622T101458Z_modular_seed107,107,rslora,uniform,uniform,uniform,cap_baseline,False,4096,3,2304.0,4096.0,0.8079307493632591,0.7589316684009711,0
modular,transformer_publication_20260622T101458Z_modular_seed107,107,rslora,uniform_exact_cost__1024,uniform_exact_cost__1024,uniform_exact_cost,exact_cost_baseline,False,1024,3,1024.0,1024.0,1.7219134078354956,0.4030523759972251,0
modular,transformer_publication_20260622T101458Z_modular_seed107,107,rslora,uniform_exact_cost__1472,uniform_exact_cost__1472,uniform_exact_cost,exact_cost_baseline,False,1536,3,1472.0,1536.0,0.9969739769425526,0.6947624002774887,0
modular,transformer_publication_20260622T101458Z_modular_seed107,107,rslora,uniform_exact_cost__1536,uniform_exact_cost__1536,uniform_exact_cost,exact_cost_baseline,False,1536,3,1536.0,1536.0,1.05279210566482,0.6805411030176899,0
modular,transformer_publication_20260622T101458Z_modular_seed107,107,rslora,uniform_exact_cost__2048,uniform_exact_cost__2048,uniform_exact_cost,exact_cost_baseline,False,2048,3,2048.0,2048.0,0.7658193058492904,0.7995143947277142,0
modular,transformer_publication_20260622T101458Z_modular_seed107,107,rslora,uniform_exact_cost__3072,uniform_exact_cost__3072,uniform_exact_cost,exact_cost_baseline,False,3072,3,3072.0,3072.0,0.2972866983679157,0.9746791536593825,0
modular,transformer_publication_20260622T101458Z_modular_seed107,107,rslora,uniform_exact_cost__4096,uniform_exact_cost__4096,uniform_exact_cost,exact_cost_baseline,False,4096,3,4096.0,4096.0,0.2900230272586173,0.9684356573014221,0
modular,transformer_publication_20260622T101458Z_modular_seed107,107,rslora,uniform_exact_cost__448,uniform_exact_cost__448,uniform_exact_cost,exact_cost_baseline,False,512,3,448.0,512.0,2.713405532717829,0.1508844953173777,0
modular,transformer_publication_20260622T101458Z_modular_seed107,107,rslora,uniform_exact_cost__512,uniform_exact_cost__512,uniform_exact_cost,exact_cost_baseline,False,512,3,512.0,512.0,2.7539095797556947,0.1418661116892126,0
modular,transformer_publication_20260622T101458Z_modular_seed107,107,rslora,uniform_fill,uniform_fill,uniform_fill,cap_baseline,False,512,3,512.0,512.0,3.173404924661965,0.07873742629205684,0
modular,transformer_publication_20260622T101458Z_modular_seed107,107,rslora,uniform_fill,uniform_fill,uniform_fill,cap_baseline,False,1024,3,960.0,1024.0,2.87397019548049,0.16198404439819625,0
modular,transformer_publication_20260622T101458Z_modular_seed107,107,rslora,uniform_fill,uniform_fill,uniform_fill,cap_baseline,False,1536,3,1536.0,1536.0,1.6866397866349316,0.4415539368713146,0
modular,transformer_publication_20260622T101458Z_modular_seed107,107,rslora,uniform_fill,uniform_fill,uniform_fill,cap_baseline,False,2048,3,1920.0,2048.0,1.7133953789642524,0.48560527228581335,0
modular,transformer_publication_20260622T101458Z_modular_seed107,107,rslora,uniform_fill,uniform_fill,uniform_fill,cap_baseline,False,3072,3,3072.0,3072.0,1.6900650130722452,0.48213666319805754,0
modular,transformer_publication_20260622T101458Z_modular_seed107,107,rslora,uniform_fill,uniform_fill,uniform_fill,cap_baseline,False,4096,3,3840.0,4096.0,1.4555114386832593,0.6070065903572667,0
modular,transformer_publication_20260622T101458Z_modular_seed107,107,standard,effective_rank,effective_rank,effective_rank,candidate,False,512,3,512.0,512.0,2.2666734969330626,0.21748178980228927,0
modular,transformer_publication_20260622T101458Z_modular_seed107,107,standard,effective_rank,effective_rank,effective_rank,candidate,False,1024,3,1024.0,1024.0,2.3498417789060295,0.2476586888657648,0
modular,transformer_publication_20260622T101458Z_modular_seed107,107,standard,effective_rank,effective_rank,effective_rank,candidate,False,1536,3,1536.0,1536.0,3.44308532719144,0.0353798126951092,0
modular,transformer_publication_20260622T101458Z_modular_seed107,107,standard,effective_rank,effective_rank,effective_rank,candidate,False,2048,3,2048.0,2048.0,1.5105034818965202,0.5393687131460284,0
modular,transformer_publication_20260622T101458Z_modular_seed107,107,standard,effective_rank,effective_rank,effective_rank,candidate,False,3072,3,3072.0,3072.0,1.3854449156192372,0.6326742976066597,0
modular,transformer_publication_20260622T101458Z_modular_seed107,107,standard,effective_rank,effective_rank,effective_rank,candidate,False,4096,3,4096.0,4096.0,0.3919185086893531,0.9368713146028442,0
modular,transformer_publication_20260622T101458Z_modular_seed107,107,standard,gradient_norm,gradient_norm,gradient_norm,candidate,False,512,3,448.0,512.0,3.0647511551705158,0.09781477627471376,0
modular,transformer_publication_20260622T101458Z_modular_seed107,107,standard,gradient_norm,gradient_norm,gradient_norm,candidate,False,1024,3,1024.0,1024.0,2.1086804261027297,0.3381893860561915,0
modular,transformer_publication_20260622T101458Z_modular_seed107,107,standard,gradient_norm,gradient_norm,gradient_norm,candidate,False,1536,3,1472.0,1536.0,1.7158009444224185,0.5109261186264308,0
modular,transformer_publication_20260622T101458Z_modular_seed107,107,standard,gradient_norm,gradient_norm,gradient_norm,candidate,False,2048,3,2048.0,2048.0,1.5637745024882543,0.5577523413111342,0
modular,transformer_publication_20260622T101458Z_modular_seed107,107,standard,gradient_norm,gradient_norm,gradient_norm,candidate,False,3072,3,3072.0,3072.0,0.3778569595167878,0.9441553936871315,0
modular,transformer_publication_20260622T101458Z_modular_seed107,107,standard,gradient_norm,gradient_norm,gradient_norm,candidate,False,4096,3,4096.0,4096.0,0.2842264972366147,0.9670482136663198,0
modular,transformer_publication_20260622T101458Z_modular_seed107,107,standard,marginal_gain_edge,marginal_gain_edge,marginal_gain_edge,candidate,False,512,3,448.0,512.0,3.396674897246505,0.054110301768990565,0
modular,transformer_publication_20260622T101458Z_modular_seed107,107,standard,marginal_gain_edge,marginal_gain_edge,marginal_gain_edge,candidate,False,1024,3,1024.0,1024.0,2.0799166400358984,0.3243149497051682,0
modular,transformer_publication_20260622T101458Z_modular_seed107,107,standard,marginal_gain_edge,marginal_gain_edge,marginal_gain_edge,candidate,False,1536,3,1536.0,1536.0,2.485863690528446,0.2993409642733264,0
modular,transformer_publication_20260622T101458Z_modular_seed107,107,standard,marginal_gain_edge,marginal_gain_edge,marginal_gain_edge,candidate,False,2048,3,2048.0,2048.0,1.0682406148747605,0.7127991675338189,0
modular,transformer_publication_20260622T101458Z_modular_seed107,107,standard,marginal_gain_edge,marginal_gain_edge,marginal_gain_edge,candidate,False,3072,3,3072.0,3072.0,0.5557569719274714,0.869233437391606,0
modular,transformer_publication_20260622T101458Z_modular_seed107,107,standard,marginal_gain_edge,marginal_gain_edge,marginal_gain_edge,candidate,False,4096,3,4096.0,4096.0,0.37597313973480245,0.9351370100589663,0
modular,transformer_publication_20260622T101458Z_modular_seed107,107,standard,marginal_gain_soft,marginal_gain_soft,marginal_gain_soft,candidate,False,512,3,448.0,512.0,3.396674897246505,0.054110301768990565,0
modular,transformer_publication_20260622T101458Z_modular_seed107,107,standard,marginal_gain_soft,marginal_gain_soft,marginal_gain_soft,candidate,False,1024,3,1024.0,1024.0,2.1086804261027297,0.3381893860561915,0
modular,transformer_publication_20260622T101458Z_modular_seed107,107,standard,marginal_gain_soft,marginal_gain_soft,marginal_gain_soft,candidate,False,1536,3,1536.0,1536.0,2.485863690528446,0.2993409642733264,0
modular,transformer_publication_20260622T101458Z_modular_seed107,107,standard,marginal_gain_soft,marginal_gain_soft,marginal_gain_soft,candidate,False,2048,3,2048.0,2048.0,1.0682406148747605,0.7127991675338189,0
modular,transformer_publication_20260622T101458Z_modular_seed107,107,standard,marginal_gain_soft,marginal_gain_soft,marginal_gain_soft,candidate,False,3072,3,3072.0,3072.0,0.31675525425706846,0.9694762400277489,0
modular,transformer_publication_20260622T101458Z_modular_seed107,107,standard,marginal_gain_soft,marginal_gain_soft,marginal_gain_soft,candidate,False,4096,3,4096.0,4096.0,0.2842264972366147,0.9670482136663198,0
modular,transformer_publication_20260622T101458Z_modular_seed107,107,standard,soft_dimension,soft_dimension,soft_dimension,candidate,True,512,3,512.0,512.0,2.2666734969330626,0.21748178980228927,0
modular,transformer_publication_20260622T101458Z_modular_seed107,107,standard,soft_dimension,soft_dimension,soft_dimension,candidate,True,1024,3,1024.0,1024.0,2.3498417789060295,0.2476586888657648,0
modular,transformer_publication_20260622T101458Z_modular_seed107,107,standard,soft_dimension,soft_dimension,soft_dimension,candidate,True,1536,3,1536.0,1536.0,3.44308532719144,0.0353798126951092,0
modular,transformer_publication_20260622T101458Z_modular_seed107,107,standard,soft_dimension,soft_dimension,soft_dimension,candidate,True,2048,3,2048.0,2048.0,0.8833271805875382,0.7339576829691294,0
modular,transformer_publication_20260622T101458Z_modular_seed107,107,standard,soft_dimension,soft_dimension,soft_dimension,candidate,True,3072,3,3072.0,3072.0,1.3854449156192372,0.6326742976066597,0
modular,transformer_publication_20260622T101458Z_modular_seed107,107,standard,soft_dimension,soft_dimension,soft_dimension,candidate,True,4096,3,4096.0,4096.0,0.28610657211851837,0.9649670482136662,0
modular,transformer_publication_20260622T101458Z_modular_seed107,107,standard,uniform,uniform,uniform,cap_baseline,False,512,3,0.0,512.0,12.000680394524965,0.0,0
modular,transformer_publication_20260622T101458Z_modular_seed107,107,standard,uniform,uniform,uniform,cap_baseline,False,1024,3,0.0,1024.0,12.000680394524965,0.0,0
modular,transformer_publication_20260622T101458Z_modular_seed107,107,standard,uniform,uniform,uniform,cap_baseline,False,1536,3,1152.0,1536.0,3.3262094063681116,0.06382240721470683,0
modular,transformer_publication_20260622T101458Z_modular_seed107,107,standard,uniform,uniform,uniform,cap_baseline,False,2048,3,1152.0,2048.0,2.7235169929636047,0.20464793617759278,0
modular,transformer_publication_20260622T101458Z_modular_seed107,107,standard,uniform,uniform,uniform,cap_baseline,False,3072,3,2304.0,3072.0,1.5543804605347062,0.48005549774540407,0
modular,transformer_publication_20260622T101458Z_modular_seed107,107,standard,uniform,uniform,uniform,cap_baseline,False,4096,3,2304.0,4096.0,1.0089688526438707,0.6815816857440167,0
modular,transformer_publication_20260622T101458Z_modular_seed107,107,standard,uniform_exact_cost__1024,uniform_exact_cost__1024,uniform_exact_cost,exact_cost_baseline,False,1024,3,1024.0,1024.0,2.2813825338117537,0.269857787027402,0
modular,transformer_publication_20260622T101458Z_modular_seed107,107,standard,uniform_exact_cost__1472,uniform_exact_cost__1472,uniform_exact_cost,exact_cost_baseline,False,1536,3,1472.0,1536.0,2.710789389549094,0.19562955254942768,0
modular,transformer_publication_20260622T101458Z_modular_seed107,107,standard,uniform_exact_cost__1536,uniform_exact_cost__1536,uniform_exact_cost,exact_cost_baseline,False,1536,3,1536.0,1536.0,3.44308532719144,0.0353798126951092,0
modular,transformer_publication_20260622T101458Z_modular_seed107,107,standard,uniform_exact_cost__2048,uniform_exact_cost__2048,uniform_exact_cost,exact_cost_baseline,False,2048,3,2048.0,2048.0,1.5105034818965202,0.5393687131460284,0
modular,transformer_publication_20260622T101458Z_modular_seed107,107,standard,uniform_exact_cost__3072,uniform_exact_cost__3072,uniform_exact_cost,exact_cost_baseline,False,3072,3,3072.0,3072.0,1.3854449156192372,0.6326742976066597,0
modular,transformer_publication_20260622T101458Z_modular_seed107,107,standard,uniform_exact_cost__4096,uniform_exact_cost__4096,uniform_exact_cost,exact_cost_baseline,False,4096,3,4096.0,4096.0,0.3919185086893531,0.9368713146028442,0
modular,transformer_publication_20260622T101458Z_modular_seed107,107,standard,uniform_exact_cost__448,uniform_exact_cost__448,uniform_exact_cost,exact_cost_baseline,False,512,3,448.0,512.0,2.897667805767291,0.12868539715574054,0
modular,transformer_publication_20260622T101458Z_modular_seed107,107,standard,uniform_exact_cost__512,uniform_exact_cost__512,uniform_exact_cost,exact_cost_baseline,False,512,3,512.0,512.0,2.768531738946804,0.1383975026014568,0
modular,transformer_publication_20260622T101458Z_modular_seed107,107,standard,uniform_fill,uniform_fill,uniform_fill,cap_baseline,False,512,3,512.0,512.0,3.327432306533136,0.055497745404092906,0
modular,transformer_publication_20260622T101458Z_modular_seed107,107,standard,uniform_fill,uniform_fill,uniform_fill,cap_baseline,False,1024,3,960.0,1024.0,3.031587072680735,0.10995490808185913,0
modular,transformer_publication_20260622T101458Z_modular_seed107,107,standard,uniform_fill,uniform_fill,uniform_fill,cap_baseline,False,1536,3,1536.0,1536.0,1.5307953474300833,0.4869927159209157,0
modular,transformer_publication_20260622T101458Z_modular_seed107,107,standard,uniform_fill,uniform_fill,uniform_fill,cap_baseline,False,2048,3,1920.0,2048.0,1.6442979096001815,0.49566423864030523,0
modular,transformer_publication_20260622T101458Z_modular_seed107,107,standard,uniform_fill,uniform_fill,uniform_fill,cap_baseline,False,3072,3,3072.0,3072.0,0.7003079683177802,0.8092265001734305,0
modular,transformer_publication_20260622T101458Z_modular_seed107,107,standard,uniform_fill,uniform_fill,uniform_fill,cap_baseline,False,4096,3,3840.0,4096.0,1.2962904397993917,0.6288588276101283,0
modular,transformer_publication_20260622T101458Z_modular_seed109,109,fixed_update_scale,effective_rank,effective_rank,effective_rank,candidate,False,512,3,512.0,512.0,1.8470258283565493,0.44328824141519246,0
modular,transformer_publication_20260622T101458Z_modular_seed109,109,fixed_update_scale,effective_rank,effective_rank,effective_rank,candidate,False,1024,3,1024.0,1024.0,0.9596810078108183,0.7155740548040236,0
modular,transformer_publication_20260622T101458Z_modular_seed109,109,fixed_update_scale,effective_rank,effective_rank,effective_rank,candidate,False,1536,3,1536.0,1536.0,0.37189111610770514,0.9431148109608047,0
modular,transformer_publication_20260622T101458Z_modular_seed109,109,fixed_update_scale,effective_rank,effective_rank,effective_rank,candidate,False,2048,3,2048.0,2048.0,0.2466072228647047,0.9795352063822408,0
modular,transformer_publication_20260622T101458Z_modular_seed109,109,fixed_update_scale,effective_rank,effective_rank,effective_rank,candidate,False,3072,3,3072.0,3072.0,0.07127330611655992,1.0,0
modular,transformer_publication_20260622T101458Z_modular_seed109,109,fixed_update_scale,effective_rank,effective_rank,effective_rank,candidate,False,4096,3,4096.0,4096.0,0.057407095529555106,1.0,0
modular,transformer_publication_20260622T101458Z_modular_seed109,109,fixed_update_scale,gradient_norm,gradient_norm,gradient_norm,candidate,False,512,3,512.0,512.0,2.1772574541513348,0.35796045785639957,0
modular,transformer_publication_20260622T101458Z_modular_seed109,109,fixed_update_scale,gradient_norm,gradient_norm,gradient_norm,candidate,False,1024,3,1024.0,1024.0,0.6568571467636114,0.8310787374262921,0
modular,transformer_publication_20260622T101458Z_modular_seed109,109,fixed_update_scale,gradient_norm,gradient_norm,gradient_norm,candidate,False,1536,3,1536.0,1536.0,0.4074122925992232,0.9240374609781478,0
modular,transformer_publication_20260622T101458Z_modular_seed109,109,fixed_update_scale,gradient_norm,gradient_norm,gradient_norm,candidate,False,2048,3,2048.0,2048.0,0.2183428771982497,0.9816163718348943,0
modular,transformer_publication_20260622T101458Z_modular_seed109,109,fixed_update_scale,gradient_norm,gradient_norm,gradient_norm,candidate,False,3072,3,3072.0,3072.0,0.15294163247962558,0.9861255636489767,0
modular,transformer_publication_20260622T101458Z_modular_seed109,109,fixed_update_scale,gradient_norm,gradient_norm,gradient_norm,candidate,False,4096,3,4096.0,4096.0,0.054891922763454094,0.9996531390912243,0
modular,transformer_publication_20260622T101458Z_modular_seed109,109,fixed_update_scale,marginal_gain_edge,marginal_gain_edge,marginal_gain_edge,candidate,False,512,3,448.0,512.0,2.1391916106320323,0.3513701005896635,0
modular,transformer_publication_20260622T101458Z_modular_seed109,109,fixed_update_scale,marginal_gain_edge,marginal_gain_edge,marginal_gain_edge,candidate,False,1024,3,1024.0,1024.0,0.9607621571317218,0.6912937911897329,0
modular,transformer_publication_20260622T101458Z_modular_seed109,109,fixed_update_scale,marginal_gain_edge,marginal_gain_edge,marginal_gain_edge,candidate,False,1536,3,1536.0,1536.0,0.27573098760696485,0.9722511272979535,0
modular,transformer_publication_20260622T101458Z_modular_seed109,109,fixed_update_scale,marginal_gain_edge,marginal_gain_edge,marginal_gain_edge,candidate,False,2048,3,2048.0,2048.0,0.1826280967109202,0.9843912591050988,0
modular,transformer_publication_20260622T101458Z_modular_seed109,109,fixed_update_scale,marginal_gain_edge,marginal_gain_edge,marginal_gain_edge,candidate,False,3072,3,3072.0,3072.0,0.0701685196891597,0.9989594172736732,0
modular,transformer_publication_20260622T101458Z_modular_seed109,109,fixed_update_scale,marginal_gain_edge,marginal_gain_edge,marginal_gain_edge,candidate,False,4096,3,4096.0,4096.0,0.022370133262115965,1.0,0
modular,transformer_publication_20260622T101458Z_modular_seed109,109,fixed_update_scale,marginal_gain_soft,marginal_gain_soft,marginal_gain_soft,candidate,False,512,3,448.0,512.0,2.1391916106320323,0.3513701005896635,0
modular,transformer_publication_20260622T101458Z_modular_seed109,109,fixed_update_scale,marginal_gain_soft,marginal_gain_soft,marginal_gain_soft,candidate,False,1024,3,1024.0,1024.0,0.9848435863289121,0.6937218175511619,0
modular,transformer_publication_20260622T101458Z_modular_seed109,109,fixed_update_scale,marginal_gain_soft,marginal_gain_soft,marginal_gain_soft,candidate,False,1536,3,1472.0,1536.0,0.39376904613600394,0.9268123482483523,0
modular,transformer_publication_20260622T101458Z_modular_seed109,109,fixed_update_scale,marginal_gain_soft,marginal_gain_soft,marginal_gain_soft,candidate,False,2048,3,1984.0,2048.0,0.19765227211253575,0.9847381200138745,0
modular,transformer_publication_20260622T101458Z_modular_seed109,109,fixed_update_scale,marginal_gain_soft,marginal_gain_soft,marginal_gain_soft,candidate,False,3072,3,3072.0,3072.0,0.06539166751929837,0.9996531390912243,0
modular,transformer_publication_20260622T101458Z_modular_seed109,109,fixed_update_scale,marginal_gain_soft,marginal_gain_soft,marginal_gain_soft,candidate,False,4096,3,4096.0,4096.0,0.041695112182247966,1.0,0
modular,transformer_publication_20260622T101458Z_modular_seed109,109,fixed_update_scale,soft_dimension,soft_dimension,soft_dimension,candidate,True,512,3,512.0,512.0,1.8470258283565493,0.44328824141519246,0
modular,transformer_publication_20260622T101458Z_modular_seed109,109,fixed_update_scale,soft_dimension,soft_dimension,soft_dimension,candidate,True,1024,3,1024.0,1024.0,0.8380967154711269,0.7665626083940339,0
modular,transformer_publication_20260622T101458Z_modular_seed109,109,fixed_update_scale,soft_dimension,soft_dimension,soft_dimension,candidate,True,1536,3,1536.0,1536.0,0.33147709274763365,0.9556018036767256,0
modular,transformer_publication_20260622T101458Z_modular_seed109,109,fixed_update_scale,soft_dimension,soft_dimension,soft_dimension,candidate,True,2048,3,2048.0,2048.0,0.2466072228647047,0.9795352063822408,0
modular,transformer_publication_20260622T101458Z_modular_seed109,109,fixed_update_scale,soft_dimension,soft_dimension,soft_dimension,candidate,True,3072,3,3072.0,3072.0,0.07127330611655992,1.0,0
modular,transformer_publication_20260622T101458Z_modular_seed109,109,fixed_update_scale,soft_dimension,soft_dimension,soft_dimension,candidate,True,4096,3,4096.0,4096.0,0.057407095529555106,1.0,0
modular,transformer_publication_20260622T101458Z_modular_seed109,109,fixed_update_scale,uniform,uniform,uniform,cap_baseline,False,512,3,0.0,512.0,11.263133792301618,0.0,0
modular,transformer_publication_20260622T101458Z_modular_seed109,109,fixed_update_scale,uniform,uniform,uniform,cap_baseline,False,1024,3,0.0,1024.0,11.263133792301618,0.0,0
modular,transformer_publication_20260622T101458Z_modular_seed109,109,fixed_update_scale,uniform,uniform,uniform,cap_baseline,False,1536,3,1152.0,1536.0,0.671537264783557,0.8244883801595561,0
modular,transformer_publication_20260622T101458Z_modular_seed109,109,fixed_update_scale,uniform,uniform,uniform,cap_baseline,False,2048,3,1152.0,2048.0,0.6588263237100073,0.8255289628858827,0
modular,transformer_publication_20260622T101458Z_modular_seed109,109,fixed_update_scale,uniform,uniform,uniform,cap_baseline,False,3072,3,2304.0,3072.0,0.1678571028714373,0.989247311827957,0
modular,transformer_publication_20260622T101458Z_modular_seed109,109,fixed_update_scale,uniform,uniform,uniform,cap_baseline,False,4096,3,2304.0,4096.0,0.18919592527746945,0.9830038154699966,0
modular,transformer_publication_20260622T101458Z_modular_seed109,109,fixed_update_scale,uniform_exact_cost__1024,uniform_exact_cost__1024,uniform_exact_cost,exact_cost_baseline,False,1024,3,1024.0,1024.0,0.8747624887015891,0.7571973638570934,0
modular,transformer_publication_20260622T101458Z_modular_seed109,109,fixed_update_scale,uniform_exact_cost__1472,uniform_exact_cost__1472,uniform_exact_cost,exact_cost_baseline,False,1536,3,1472.0,1536.0,0.3218826557297364,0.9625390218522374,0
modular,transformer_publication_20260622T101458Z_modular_seed109,109,fixed_update_scale,uniform_exact_cost__1536,uniform_exact_cost__1536,uniform_exact_cost,exact_cost_baseline,False,1536,3,1536.0,1536.0,0.33147709274763365,0.9556018036767256,0
modular,transformer_publication_20260622T101458Z_modular_seed109,109,fixed_update_scale,uniform_exact_cost__1984,uniform_exact_cost__1984,uniform_exact_cost,exact_cost_baseline,False,2048,3,1984.0,2048.0,0.3526858557151334,0.9472771418661118,0
modular,transformer_publication_20260622T101458Z_modular_seed109,109,fixed_update_scale,uniform_exact_cost__2048,uniform_exact_cost__2048,uniform_exact_cost,exact_cost_baseline,False,2048,3,2048.0,2048.0,0.23876548974806758,0.9736385709330561,0
modular,transformer_publication_20260622T101458Z_modular_seed109,109,fixed_update_scale,uniform_exact_cost__3072,uniform_exact_cost__3072,uniform_exact_cost,exact_cost_baseline,False,3072,3,3072.0,3072.0,0.07127330611655992,1.0,0
modular,transformer_publication_20260622T101458Z_modular_seed109,109,fixed_update_scale,uniform_exact_cost__4096,uniform_exact_cost__4096,uniform_exact_cost,exact_cost_baseline,False,4096,3,4096.0,4096.0,0.04883110706968683,1.0,0
modular,transformer_publication_20260622T101458Z_modular_seed109,109,fixed_update_scale,uniform_exact_cost__448,uniform_exact_cost__448,uniform_exact_cost,exact_cost_baseline,False,512,3,448.0,512.0,1.5996824182489868,0.5216788067984738,0
modular,transformer_publication_20260622T101458Z_modular_seed109,109,fixed_update_scale,uniform_exact_cost__512,uniform_exact_cost__512,uniform_exact_cost,exact_cost_baseline,False,512,3,512.0,512.0,1.3527557749405859,0.5945195976413458,0
modular,transformer_publication_20260622T101458Z_modular_seed109,109,fixed_update_scale,uniform_fill,uniform_fill,uniform_fill,cap_baseline,False,512,3,512.0,512.0,2.15725715413426,0.3472077696843565,0
modular,transformer_publication_20260622T101458Z_modular_seed109,109,fixed_update_scale,uniform_fill,uniform_fill,uniform_fill,cap_baseline,False,1024,3,960.0,1024.0,0.9895248764966289,0.6951092611862643,0
modular,transformer_publication_20260622T101458Z_modular_seed109,109,fixed_update_scale,uniform_fill,uniform_fill,uniform_fill,cap_baseline,False,1536,3,1536.0,1536.0,0.4934993220769073,0.8955948664585501,0
modular,transformer_publication_20260622T101458Z_modular_seed109,109,fixed_update_scale,uniform_fill,uniform_fill,uniform_fill,cap_baseline,False,2048,3,1920.0,2048.0,0.31292313039612946,0.9448491155046826,0
modular,transformer_publication_20260622T101458Z_modular_seed109,109,fixed_update_scale,uniform_fill,uniform_fill,uniform_fill,cap_baseline,False,3072,3,3072.0,3072.0,0.19021488855871685,0.9798820672910163,0
modular,transformer_publication_20260622T101458Z_modular_seed109,109,fixed_update_scale,uniform_fill,uniform_fill,uniform_fill,cap_baseline,False,4096,3,3840.0,4096.0,0.12561633477411951,0.9895941727367327,0
modular,transformer_publication_20260622T101458Z_modular_seed109,109,rslora,effective_rank,effective_rank,effective_rank,candidate,False,512,3,512.0,512.0,1.8878243186181922,0.43010752688172044,0
modular,transformer_publication_20260622T101458Z_modular_seed109,109,rslora,effective_rank,effective_rank,effective_rank,candidate,False,1024,3,1024.0,1024.0,1.1096127255071255,0.6628511966701353,0
modular,transformer_publication_20260622T101458Z_modular_seed109,109,rslora,effective_rank,effective_rank,effective_rank,candidate,False,1536,3,1536.0,1536.0,0.409498100226181,0.9309746791536594,0
modular,transformer_publication_20260622T101458Z_modular_seed109,109,rslora,effective_rank,effective_rank,effective_rank,candidate,False,2048,3,2048.0,2048.0,0.23205732665581294,0.9830038154699966,0
modular,transformer_publication_20260622T101458Z_modular_seed109,109,rslora,effective_rank,effective_rank,effective_rank,candidate,False,3072,3,3072.0,3072.0,0.07676690710147054,0.9993062781824488,0
modular,transformer_publication_20260622T101458Z_modular_seed109,109,rslora,effective_rank,effective_rank,effective_rank,candidate,False,4096,3,4096.0,4096.0,0.06079210720354177,0.9993062781824488,0
modular,transformer_publication_20260622T101458Z_modular_seed109,109,rslora,gradient_norm,gradient_norm,gradient_norm,candidate,False,512,3,512.0,512.0,2.0963387982199437,0.3655913978494623,0
modular,transformer_publication_20260622T101458Z_modular_seed109,109,rslora,gradient_norm,gradient_norm,gradient_norm,candidate,False,1024,3,1024.0,1024.0,0.6201683373613321,0.8453000346860908,0
modular,transformer_publication_20260622T101458Z_modular_seed109,109,rslora,gradient_norm,gradient_norm,gradient_norm,candidate,False,1536,3,1536.0,1536.0,0.43311597033172194,0.9091224419007977,0
modular,transformer_publication_20260622T101458Z_modular_seed109,109,rslora,gradient_norm,gradient_norm,gradient_norm,candidate,False,2048,3,2048.0,2048.0,0.23590731591844238,0.9746791536593826,0
modular,transformer_publication_20260622T101458Z_modular_seed109,109,rslora,gradient_norm,gradient_norm,gradient_norm,candidate,False,3072,3,3072.0,3072.0,0.15337888933162572,0.9882067291016302,0
modular,transformer_publication_20260622T101458Z_modular_seed109,109,rslora,gradient_norm,gradient_norm,gradient_norm,candidate,False,4096,3,4096.0,4096.0,0.05390796378420284,0.9996531390912243,0
modular,transformer_publication_20260622T101458Z_modular_seed109,109,rslora,marginal_gain_edge,marginal_gain_edge,marginal_gain_edge,candidate,False,512,3,448.0,512.0,2.1396588189214043,0.36524453694068676,0
modular,transformer_publication_20260622T101458Z_modular_seed109,109,rslora,marginal_gain_edge,marginal_gain_edge,marginal_gain_edge,candidate,False,1024,3,1024.0,1024.0,0.8418030061946741,0.7395074575095387,0
modular,transformer_publication_20260622T101458Z_modular_seed109,109,rslora,marginal_gain_edge,marginal_gain_edge,marginal_gain_edge,candidate,False,1536,3,1536.0,1536.0,0.27944808955453887,0.9628858827610128,0
modular,transformer_publication_20260622T101458Z_modular_seed109,109,rslora,marginal_gain_edge,marginal_gain_edge,marginal_gain_edge,candidate,False,2048,3,2048.0,2048.0,0.17719495157958975,0.9875130072840791,0
modular,transformer_publication_20260622T101458Z_modular_seed109,109,rslora,marginal_gain_edge,marginal_gain_edge,marginal_gain_edge,candidate,False,3072,3,3072.0,3072.0,0.0704724422972255,0.9993062781824488,0
modular,transformer_publication_20260622T101458Z_modular_seed109,109,rslora,marginal_gain_edge,marginal_gain_edge,marginal_gain_edge,candidate,False,4096,3,4096.0,4096.0,0.023452229146592663,1.0,0
modular,transformer_publication_20260622T101458Z_modular_seed109,109,rslora,marginal_gain_soft,marginal_gain_soft,marginal_gain_soft,candidate,False,512,3,448.0,512.0,2.1396588189214043,0.36524453694068676,0
modular,transformer_publication_20260622T101458Z_modular_seed109,109,rslora,marginal_gain_soft,marginal_gain_soft,marginal_gain_soft,candidate,False,1024,3,1024.0,1024.0,0.9510772043410748,0.7127991675338189,0
modular,transformer_publication_20260622T101458Z_modular_seed109,109,rslora,marginal_gain_soft,marginal_gain_soft,marginal_gain_soft,candidate,False,1536,3,1472.0,1536.0,0.39628428143219446,0.9216094346167187,0
modular,transformer_publication_20260622T101458Z_modular_seed109,109,rslora,marginal_gain_soft,marginal_gain_soft,marginal_gain_soft,candidate,False,2048,3,1984.0,2048.0,0.22320083024557202,0.9691293791189733,0
modular,transformer_publication_20260622T101458Z_modular_seed109,109,rslora,marginal_gain_soft,marginal_gain_soft,marginal_gain_soft,candidate,False,3072,3,3072.0,3072.0,0.0621227050394574,1.0,0
modular,transformer_publication_20260622T101458Z_modular_seed109,109,rslora,marginal_gain_soft,marginal_gain_soft,marginal_gain_soft,candidate,False,4096,3,4096.0,4096.0,0.04335243253349386,1.0,0
modular,transformer_publication_20260622T101458Z_modular_seed109,109,rslora,soft_dimension,soft_dimension,soft_dimension,candidate,True,512,3,512.0,512.0,1.8878243186181922,0.43010752688172044,0
modular,transformer_publication_20260622T101458Z_modular_seed109,109,rslora,soft_dimension,soft_dimension,soft_dimension,candidate,True,1024,3,1024.0,1024.0,0.8778260677298282,0.7433229275060701,0
modular,transformer_publication_20260622T101458Z_modular_seed109,109,rslora,soft_dimension,soft_dimension,soft_dimension,candidate,True,1536,3,1536.0,1536.0,0.3535736903129581,0.9476240027748873,0
modular,transformer_publication_20260622T101458Z_modular_seed109,109,rslora,soft_dimension,soft_dimension,soft_dimension,candidate,True,2048,3,2048.0,2048.0,0.23205732665581294,0.9830038154699966,0
modular,transformer_publication_20260622T101458Z_modular_seed109,109,rslora,soft_dimension,soft_dimension,soft_dimension,candidate,True,3072,3,3072.0,3072.0,0.07676690710147054,0.9993062781824488,0
modular,transformer_publication_20260622T101458Z_modular_seed109,109,rslora,soft_dimension,soft_dimension,soft_dimension,candidate,True,4096,3,4096.0,4096.0,0.06079210720354177,0.9993062781824488,0
modular,transformer_publication_20260622T101458Z_modular_seed109,109,rslora,uniform,uniform,uniform,cap_baseline,False,512,3,0.0,512.0,11.263133792301618,0.0,0
modular,transformer_publication_20260622T101458Z_modular_seed109,109,rslora,uniform,uniform,uniform,cap_baseline,False,1024,3,0.0,1024.0,11.263133792301618,0.0,0
modular,transformer_publication_20260622T101458Z_modular_seed109,109,rslora,uniform,uniform,uniform,cap_baseline,False,1536,3,1152.0,1536.0,0.6975945123483273,0.8113076656260839,0
modular,transformer_publication_20260622T101458Z_modular_seed109,109,rslora,uniform,uniform,uniform,cap_baseline,False,2048,3,1152.0,2048.0,0.6855952925786267,0.8161637183489421,0
modular,transformer_publication_20260622T101458Z_modular_seed109,109,rslora,uniform,uniform,uniform,cap_baseline,False,3072,3,2304.0,3072.0,0.19849589470666684,0.9791883454734651,0
modular,transformer_publication_20260622T101458Z_modular_seed109,109,rslora,uniform,uniform,uniform,cap_baseline,False,4096,3,2304.0,4096.0,0.21825946460694765,0.9753728754769337,0
modular,transformer_publication_20260622T101458Z_modular_seed109,109,rslora,uniform_exact_cost__1024,uniform_exact_cost__1024,uniform_exact_cost,exact_cost_baseline,False,1024,3,1024.0,1024.0,0.8840569394601537,0.7336108220603538,0
modular,transformer_publication_20260622T101458Z_modular_seed109,109,rslora,uniform_exact_cost__1472,uniform_exact_cost__1472,uniform_exact_cost,exact_cost_baseline,False,1536,3,1472.0,1536.0,0.3860569232315641,0.935483870967742,0
modular,transformer_publication_20260622T101458Z_modular_seed109,109,rslora,uniform_exact_cost__1536,uniform_exact_cost__1536,uniform_exact_cost,exact_cost_baseline,False,1536,3,1536.0,1536.0,0.3535736903129581,0.9476240027748873,0
modular,transformer_publication_20260622T101458Z_modular_seed109,109,rslora,uniform_exact_cost__1984,uniform_exact_cost__1984,uniform_exact_cost,exact_cost_baseline,False,2048,3,1984.0,2048.0,0.2614921933447698,0.9729448491155047,0
modular,transformer_publication_20260622T101458Z_modular_seed109,109,rslora,uniform_exact_cost__2048,uniform_exact_cost__2048,uniform_exact_cost,exact_cost_baseline,False,2048,3,2048.0,2048.0,0.2211585866259569,0.982656954561221,0
modular,transformer_publication_20260622T101458Z_modular_seed109,109,rslora,uniform_exact_cost__3072,uniform_exact_cost__3072,uniform_exact_cost,exact_cost_baseline,False,3072,3,3072.0,3072.0,0.07676690710147054,0.9993062781824488,0
modular,transformer_publication_20260622T101458Z_modular_seed109,109,rslora,uniform_exact_cost__4096,uniform_exact_cost__4096,uniform_exact_cost,exact_cost_baseline,False,4096,3,4096.0,4096.0,0.055612197198152,0.9993062781824488,0
modular,transformer_publication_20260622T101458Z_modular_seed109,109,rslora,uniform_exact_cost__448,uniform_exact_cost__448,uniform_exact_cost,exact_cost_baseline,False,512,3,448.0,512.0,1.5366116132415337,0.5234131113423518,0
modular,transformer_publication_20260622T101458Z_modular_seed109,109,rslora,uniform_exact_cost__512,uniform_exact_cost__512,uniform_exact_cost,exact_cost_baseline,False,512,3,512.0,512.0,1.3475823175398542,0.5907041276448144,0
modular,transformer_publication_20260622T101458Z_modular_seed109,109,rslora,uniform_fill,uniform_fill,uniform_fill,cap_baseline,False,512,3,512.0,512.0,2.145401618069673,0.3485952133194589,0
modular,transformer_publication_20260622T101458Z_modular_seed109,109,rslora,uniform_fill,uniform_fill,uniform_fill,cap_baseline,False,1024,3,960.0,1024.0,1.0010319692245837,0.6916406520985084,0
modular,transformer_publication_20260622T101458Z_modular_seed109,109,rslora,uniform_fill,uniform_fill,uniform_fill,cap_baseline,False,1536,3,1536.0,1536.0,0.4562862940724426,0.9021852237252861,0
modular,transformer_publication_20260622T101458Z_modular_seed109,109,rslora,uniform_fill,uniform_fill,uniform_fill,cap_baseline,False,2048,3,1920.0,2048.0,0.3129651425015459,0.942074228234478,0
modular,transformer_publication_20260622T101458Z_modular_seed109,109,rslora,uniform_fill,uniform_fill,uniform_fill,cap_baseline,False,3072,3,3072.0,3072.0,0.17862722798639227,0.9836975372875477,0
modular,transformer_publication_20260622T101458Z_modular_seed109,109,rslora,uniform_fill,uniform_fill,uniform_fill,cap_baseline,False,4096,3,3840.0,4096.0,0.15005266869022657,0.9847381200138745,0
modular,transformer_publication_20260622T101458Z_modular_seed109,109,standard,effective_rank,effective_rank,effective_rank,candidate,False,512,3,512.0,512.0,1.9040378965605393,0.4252514741588623,0
modular,transformer_publication_20260622T101458Z_modular_seed109,109,standard,effective_rank,effective_rank,effective_rank,candidate,False,1024,3,1024.0,1024.0,0.708863330929386,0.7991675338189386,0
modular,transformer_publication_20260622T101458Z_modular_seed109,109,standard,effective_rank,effective_rank,effective_rank,candidate,False,1536,3,1536.0,1536.0,0.3370840412190173,0.9542143600416232,0
modular,transformer_publication_20260622T101458Z_modular_seed109,109,standard,effective_rank,effective_rank,effective_rank,candidate,False,2048,3,2048.0,2048.0,0.2720402955305978,0.9705168227540758,0
modular,transformer_publication_20260622T101458Z_modular_seed109,109,standard,effective_rank,effective_rank,effective_rank,candidate,False,3072,3,3072.0,3072.0,0.08849453358570818,0.9996531390912243,0
modular,transformer_publication_20260622T101458Z_modular_seed109,109,standard,effective_rank,effective_rank,effective_rank,candidate,False,4096,3,4096.0,4096.0,0.0542827154568839,1.0,0
modular,transformer_publication_20260622T101458Z_modular_seed109,109,standard,gradient_norm,gradient_norm,gradient_norm,candidate,False,512,3,512.0,512.0,2.1090085291424185,0.3721817551161984,0
modular,transformer_publication_20260622T101458Z_modular_seed109,109,standard,gradient_norm,gradient_norm,gradient_norm,candidate,False,1024,3,1024.0,1024.0,0.802760614916305,0.7710718002081164,0
modular,transformer_publication_20260622T101458Z_modular_seed109,109,standard,gradient_norm,gradient_norm,gradient_norm,candidate,False,1536,3,1536.0,1536.0,0.4676777828785846,0.8893513701005897,0
modular,transformer_publication_20260622T101458Z_modular_seed109,109,standard,gradient_norm,gradient_norm,gradient_norm,candidate,False,2048,3,2048.0,2048.0,0.22796621031224454,0.9764134582032605,0
modular,transformer_publication_20260622T101458Z_modular_seed109,109,standard,gradient_norm,gradient_norm,gradient_norm,candidate,False,3072,3,3072.0,3072.0,0.15767607846443657,0.986819285466528,0
modular,transformer_publication_20260622T101458Z_modular_seed109,109,standard,gradient_norm,gradient_norm,gradient_norm,candidate,False,4096,3,4096.0,4096.0,0.04653339036276796,1.0,0
modular,transformer_publication_20260622T101458Z_modular_seed109,109,standard,marginal_gain_edge,marginal_gain_edge,marginal_gain_edge,candidate,False,512,3,448.0,512.0,2.174349627228524,0.3444328824141519,0
modular,transformer_publication_20260622T101458Z_modular_seed109,109,standard,marginal_gain_edge,marginal_gain_edge,marginal_gain_edge,candidate,False,1024,3,1024.0,1024.0,0.8147350905092896,0.7526881720430106,0
modular,transformer_publication_20260622T101458Z_modular_seed109,109,standard,marginal_gain_edge,marginal_gain_edge,marginal_gain_edge,candidate,False,1536,3,1536.0,1536.0,0.3164265885809581,0.9559486645855012,0
modular,transformer_publication_20260622T101458Z_modular_seed109,109,standard,marginal_gain_edge,marginal_gain_edge,marginal_gain_edge,candidate,False,2048,3,2048.0,2048.0,0.19872846088701346,0.9847381200138745,0
modular,transformer_publication_20260622T101458Z_modular_seed109,109,standard,marginal_gain_edge,marginal_gain_edge,marginal_gain_edge,candidate,False,3072,3,3072.0,3072.0,0.07269328568380114,0.9993062781824488,0
modular,transformer_publication_20260622T101458Z_modular_seed109,109,standard,marginal_gain_edge,marginal_gain_edge,marginal_gain_edge,candidate,False,4096,3,4096.0,4096.0,0.0260496009451324,1.0,0
modular,transformer_publication_20260622T101458Z_modular_seed109,109,standard,marginal_gain_soft,marginal_gain_soft,marginal_gain_soft,candidate,False,512,3,448.0,512.0,2.174349627228524,0.3444328824141519,0
modular,transformer_publication_20260622T101458Z_modular_seed109,109,standard,marginal_gain_soft,marginal_gain_soft,marginal_gain_soft,candidate,False,1024,3,1024.0,1024.0,0.7860471151001619,0.7669094693028096,0
modular,transformer_publication_20260622T101458Z_modular_seed109,109,standard,marginal_gain_soft,marginal_gain_soft,marginal_gain_soft,candidate,False,1536,3,1472.0,1536.0,0.39425381247963376,0.9212625737079433,0
modular,transformer_publication_20260622T101458Z_modular_seed109,109,standard,marginal_gain_soft,marginal_gain_soft,marginal_gain_soft,candidate,False,2048,3,1984.0,2048.0,0.236315867277925,0.9722511272979535,0
modular,transformer_publication_20260622T101458Z_modular_seed109,109,standard,marginal_gain_soft,marginal_gain_soft,marginal_gain_soft,candidate,False,3072,3,3072.0,3072.0,0.06906522094862266,0.9996531390912243,0
modular,transformer_publication_20260622T101458Z_modular_seed109,109,standard,marginal_gain_soft,marginal_gain_soft,marginal_gain_soft,candidate,False,4096,3,4096.0,4096.0,0.04344381799936247,1.0,0
modular,transformer_publication_20260622T101458Z_modular_seed109,109,standard,soft_dimension,soft_dimension,soft_dimension,candidate,True,512,3,512.0,512.0,1.9040378965605393,0.4252514741588623,0
modular,transformer_publication_20260622T101458Z_modular_seed109,109,standard,soft_dimension,soft_dimension,soft_dimension,candidate,True,1024,3,1024.0,1024.0,0.7688231875282007,0.7877211238293444,0
modular,transformer_publication_20260622T101458Z_modular_seed109,109,standard,soft_dimension,soft_dimension,soft_dimension,candidate,True,1536,3,1536.0,1536.0,0.3253356952697008,0.9535206382240721,0
modular,transformer_publication_20260622T101458Z_modular_seed109,109,standard,soft_dimension,soft_dimension,soft_dimension,candidate,True,2048,3,2048.0,2048.0,0.2720402955305978,0.9705168227540758,0
modular,transformer_publication_20260622T101458Z_modular_seed109,109,standard,soft_dimension,soft_dimension,soft_dimension,candidate,True,3072,3,3072.0,3072.0,0.08849453358570818,0.9996531390912243,0
modular,transformer_publication_20260622T101458Z_modular_seed109,109,standard,soft_dimension,soft_dimension,soft_dimension,candidate,True,4096,3,4096.0,4096.0,0.0542827154568839,1.0,0
modular,transformer_publication_20260622T101458Z_modular_seed109,109,standard,uniform,uniform,uniform,cap_baseline,False,512,3,0.0,512.0,11.263133792301618,0.0,0
modular,transformer_publication_20260622T101458Z_modular_seed109,109,standard,uniform,uniform,uniform,cap_baseline,False,1024,3,0.0,1024.0,11.263133792301618,0.0,0
modular,transformer_publication_20260622T101458Z_modular_seed109,109,standard,uniform,uniform,uniform,cap_baseline,False,1536,3,1152.0,1536.0,0.6344778535682792,0.8279569892473119,0
modular,transformer_publication_20260622T101458Z_modular_seed109,109,standard,uniform,uniform,uniform,cap_baseline,False,2048,3,1152.0,2048.0,0.7214097886543658,0.7995143947277142,0
modular,transformer_publication_20260622T101458Z_modular_seed109,109,standard,uniform,uniform,uniform,cap_baseline,False,3072,3,2304.0,3072.0,0.21145866382796022,0.9802289281997919,0
modular,transformer_publication_20260622T101458Z_modular_seed109,109,standard,uniform,uniform,uniform,cap_baseline,False,4096,3,2304.0,4096.0,0.2515102433447121,0.9625390218522373,0
modular,transformer_publication_20260622T101458Z_modular_seed109,109,standard,uniform_exact_cost__1024,uniform_exact_cost__1024,uniform_exact_cost,exact_cost_baseline,False,1024,3,1024.0,1024.0,0.9766972524980021,0.706902532084634,0
modular,transformer_publication_20260622T101458Z_modular_seed109,109,standard,uniform_exact_cost__1472,uniform_exact_cost__1472,uniform_exact_cost,exact_cost_baseline,False,1536,3,1472.0,1536.0,0.4358381040076435,0.9112036073534512,0
modular,transformer_publication_20260622T101458Z_modular_seed109,109,standard,uniform_exact_cost__1536,uniform_exact_cost__1536,uniform_exact_cost,exact_cost_baseline,False,1536,3,1536.0,1536.0,0.3253356952697008,0.9535206382240721,0
modular,transformer_publication_20260622T101458Z_modular_seed109,109,standard,uniform_exact_cost__1984,uniform_exact_cost__1984,uniform_exact_cost,exact_cost_baseline,False,2048,3,1984.0,2048.0,0.39120075932567905,0.9171002428026361,0
modular,transformer_publication_20260622T101458Z_modular_seed109,109,standard,uniform_exact_cost__2048,uniform_exact_cost__2048,uniform_exact_cost,exact_cost_baseline,False,2048,3,2048.0,2048.0,0.3779113129778864,0.9243843218869233,0
modular,transformer_publication_20260622T101458Z_modular_seed109,109,standard,uniform_exact_cost__3072,uniform_exact_cost__3072,uniform_exact_cost,exact_cost_baseline,False,3072,3,3072.0,3072.0,0.08849453358570818,0.9996531390912243,0
modular,transformer_publication_20260622T101458Z_modular_seed109,109,standard,uniform_exact_cost__4096,uniform_exact_cost__4096,uniform_exact_cost,exact_cost_baseline,False,4096,3,4096.0,4096.0,0.05127235766121627,1.0,0
modular,transformer_publication_20260622T101458Z_modular_seed109,109,standard,uniform_exact_cost__448,uniform_exact_cost__448,uniform_exact_cost,exact_cost_baseline,False,512,3,448.0,512.0,1.9891116622831522,0.39125910509885536,0
modular,transformer_publication_20260622T101458Z_modular_seed109,109,standard,uniform_exact_cost__512,uniform_exact_cost__512,uniform_exact_cost,exact_cost_baseline,False,512,3,512.0,512.0,1.3732446790196355,0.5754422476586889,0
modular,transformer_publication_20260622T101458Z_modular_seed109,109,standard,uniform_fill,uniform_fill,uniform_fill,cap_baseline,False,512,3,512.0,512.0,2.1853024909531866,0.34755463059313213,0
modular,transformer_publication_20260622T101458Z_modular_seed109,109,standard,uniform_fill,uniform_fill,uniform_fill,cap_baseline,False,1024,3,960.0,1024.0,1.1757008557595852,0.6375303503295179,0
modular,transformer_publication_20260622T101458Z_modular_seed109,109,standard,uniform_fill,uniform_fill,uniform_fill,cap_baseline,False,1536,3,1536.0,1536.0,0.4766650814026791,0.8858827610128338,0
modular,transformer_publication_20260622T101458Z_modular_seed109,109,standard,uniform_fill,uniform_fill,uniform_fill,cap_baseline,False,2048,3,1920.0,2048.0,0.39843415350828,0.9153659382587582,0
modular,transformer_publication_20260622T101458Z_modular_seed109,109,standard,uniform_fill,uniform_fill,uniform_fill,cap_baseline,False,3072,3,3072.0,3072.0,0.15274971006150626,0.9871661463753035,0
modular,transformer_publication_20260622T101458Z_modular_seed109,109,standard,uniform_fill,uniform_fill,uniform_fill,cap_baseline,False,4096,3,3840.0,4096.0,0.1320873805519776,0.9902878945542838,0
modular,transformer_publication_20260622T101458Z_modular_seed113,113,fixed_update_scale,effective_rank,effective_rank,effective_rank,candidate,False,512,3,448.0,512.0,2.9285917800621486,0.11030176899063471,0
modular,transformer_publication_20260622T101458Z_modular_seed113,113,fixed_update_scale,effective_rank,effective_rank,effective_rank,candidate,False,1024,3,1024.0,1024.0,1.175997808187983,0.6305931321540063,0
modular,transformer_publication_20260622T101458Z_modular_seed113,113,fixed_update_scale,effective_rank,effective_rank,effective_rank,candidate,False,1536,3,1536.0,1536.0,0.5331101007048884,0.8654179673950746,0
modular,transformer_publication_20260622T101458Z_modular_seed113,113,fixed_update_scale,effective_rank,effective_rank,effective_rank,candidate,False,2048,3,2048.0,2048.0,0.33883623880642055,0.9257717655220256,0
modular,transformer_publication_20260622T101458Z_modular_seed113,113,fixed_update_scale,effective_rank,effective_rank,effective_rank,candidate,False,3072,3,3072.0,3072.0,0.17185392680678394,0.9812695109261186,0
modular,transformer_publication_20260622T101458Z_modular_seed113,113,fixed_update_scale,effective_rank,effective_rank,effective_rank,candidate,False,4096,3,4096.0,4096.0,0.19217919163661742,0.9802289281997919,0
modular,transformer_publication_20260622T101458Z_modular_seed113,113,fixed_update_scale,gradient_norm,gradient_norm,gradient_norm,candidate,False,512,3,448.0,512.0,2.136451838788083,0.30107526881720426,0
modular,transformer_publication_20260622T101458Z_modular_seed113,113,fixed_update_scale,gradient_norm,gradient_norm,gradient_norm,candidate,False,1024,3,1024.0,1024.0,1.029273955432483,0.6798473812001387,0
modular,transformer_publication_20260622T101458Z_modular_seed113,113,fixed_update_scale,gradient_norm,gradient_norm,gradient_norm,candidate,False,1536,3,1472.0,1536.0,0.5125864464253383,0.8855359001040584,0
modular,transformer_publication_20260622T101458Z_modular_seed113,113,fixed_update_scale,gradient_norm,gradient_norm,gradient_norm,candidate,False,2048,3,2048.0,2048.0,0.34749921077123913,0.9118973291710025,0
modular,transformer_publication_20260622T101458Z_modular_seed113,113,fixed_update_scale,gradient_norm,gradient_norm,gradient_norm,candidate,False,3072,3,3072.0,3072.0,0.13817293573451295,0.9836975372875477,0
modular,transformer_publication_20260622T101458Z_modular_seed113,113,fixed_update_scale,gradient_norm,gradient_norm,gradient_norm,candidate,False,4096,3,4096.0,4096.0,0.10807528587893563,0.989247311827957,0
modular,transformer_publication_20260622T101458Z_modular_seed113,113,fixed_update_scale,marginal_gain_edge,marginal_gain_edge,marginal_gain_edge,candidate,False,512,3,448.0,512.0,3.0786498929327077,0.09261186264308008,0
modular,transformer_publication_20260622T101458Z_modular_seed113,113,fixed_update_scale,marginal_gain_edge,marginal_gain_edge,marginal_gain_edge,candidate,False,1024,3,1024.0,1024.0,1.9612996047708338,0.37877211238293446,0
modular,transformer_publication_20260622T101458Z_modular_seed113,113,fixed_update_scale,marginal_gain_edge,marginal_gain_edge,marginal_gain_edge,candidate,False,1536,3,1536.0,1536.0,0.4465560851579237,0.9053069719042663,0
modular,transformer_publication_20260622T101458Z_modular_seed113,113,fixed_update_scale,marginal_gain_edge,marginal_gain_edge,marginal_gain_edge,candidate,False,2048,3,2048.0,2048.0,0.33883623880642055,0.9257717655220256,0
modular,transformer_publication_20260622T101458Z_modular_seed113,113,fixed_update_scale,marginal_gain_edge,marginal_gain_edge,marginal_gain_edge,candidate,False,3072,3,3072.0,3072.0,0.1758358193263592,0.9684356573014222,0
modular,transformer_publication_20260622T101458Z_modular_seed113,113,fixed_update_scale,marginal_gain_edge,marginal_gain_edge,marginal_gain_edge,candidate,False,4096,3,3840.0,4096.0,0.1770014935200552,0.9750260145681581,0
modular,transformer_publication_20260622T101458Z_modular_seed113,113,fixed_update_scale,marginal_gain_soft,marginal_gain_soft,marginal_gain_soft,candidate,False,512,3,448.0,512.0,3.0786498929327077,0.09261186264308008,0
modular,transformer_publication_20260622T101458Z_modular_seed113,113,fixed_update_scale,marginal_gain_soft,marginal_gain_soft,marginal_gain_soft,candidate,False,1024,3,1024.0,1024.0,1.9612996047708338,0.37877211238293446,0
modular,transformer_publication_20260622T101458Z_modular_seed113,113,fixed_update_scale,marginal_gain_soft,marginal_gain_soft,marginal_gain_soft,candidate,False,1536,3,1536.0,1536.0,0.4465560851579237,0.9053069719042663,0
modular,transformer_publication_20260622T101458Z_modular_seed113,113,fixed_update_scale,marginal_gain_soft,marginal_gain_soft,marginal_gain_soft,candidate,False,2048,3,2048.0,2048.0,0.33883623880642055,0.9257717655220256,0
modular,transformer_publication_20260622T101458Z_modular_seed113,113,fixed_update_scale,marginal_gain_soft,marginal_gain_soft,marginal_gain_soft,candidate,False,3072,3,3072.0,3072.0,0.1758358193263592,0.9684356573014222,0
modular,transformer_publication_20260622T101458Z_modular_seed113,113,fixed_update_scale,marginal_gain_soft,marginal_gain_soft,marginal_gain_soft,candidate,False,4096,3,4096.0,4096.0,0.19217919163661742,0.9802289281997919,0
modular,transformer_publication_20260622T101458Z_modular_seed113,113,fixed_update_scale,soft_dimension,soft_dimension,soft_dimension,candidate,True,512,3,448.0,512.0,2.9285917800621486,0.11030176899063471,0
modular,transformer_publication_20260622T101458Z_modular_seed113,113,fixed_update_scale,soft_dimension,soft_dimension,soft_dimension,candidate,True,1024,3,1024.0,1024.0,1.0693799378431137,0.6468955948664585,0
modular,transformer_publication_20260622T101458Z_modular_seed113,113,fixed_update_scale,soft_dimension,soft_dimension,soft_dimension,candidate,True,1536,3,1472.0,1536.0,0.6299189272705896,0.8373222337842524,0
modular,transformer_publication_20260622T101458Z_modular_seed113,113,fixed_update_scale,soft_dimension,soft_dimension,soft_dimension,candidate,True,2048,3,2048.0,2048.0,0.33883623880642055,0.9257717655220256,0
modular,transformer_publication_20260622T101458Z_modular_seed113,113,fixed_update_scale,soft_dimension,soft_dimension,soft_dimension,candidate,True,3072,3,3072.0,3072.0,0.17185392680678394,0.9812695109261186,0
modular,transformer_publication_20260622T101458Z_modular_seed113,113,fixed_update_scale,soft_dimension,soft_dimension,soft_dimension,candidate,True,4096,3,4096.0,4096.0,0.19217919163661742,0.9802289281997919,0
modular,transformer_publication_20260622T101458Z_modular_seed113,113,fixed_update_scale,uniform,uniform,uniform,cap_baseline,False,512,3,0.0,512.0,15.54475681689974,0.0,0
modular,transformer_publication_20260622T101458Z_modular_seed113,113,fixed_update_scale,uniform,uniform,uniform,cap_baseline,False,1024,3,0.0,1024.0,15.54475681689974,0.0,0
modular,transformer_publication_20260622T101458Z_modular_seed113,113,fixed_update_scale,uniform,uniform,uniform,cap_baseline,False,1536,3,1152.0,1536.0,0.9297672225458937,0.7034339229968781,0
modular,transformer_publication_20260622T101458Z_modular_seed113,113,fixed_update_scale,uniform,uniform,uniform,cap_baseline,False,2048,3,1152.0,2048.0,0.9067505325371302,0.7225112729795352,0
modular,transformer_publication_20260622T101458Z_modular_seed113,113,fixed_update_scale,uniform,uniform,uniform,cap_baseline,False,3072,3,2304.0,3072.0,0.5447951309225272,0.8511966701352757,0
modular,transformer_publication_20260622T101458Z_modular_seed113,113,fixed_update_scale,uniform,uniform,uniform,cap_baseline,False,4096,3,2304.0,4096.0,0.42820307049038425,0.8921262573707942,0
modular,transformer_publication_20260622T101458Z_modular_seed113,113,fixed_update_scale,uniform_exact_cost__1024,uniform_exact_cost__1024,uniform_exact_cost,exact_cost_baseline,False,1024,3,1024.0,1024.0,1.3111445862015545,0.5903572667360389,0
modular,transformer_publication_20260622T101458Z_modular_seed113,113,fixed_update_scale,uniform_exact_cost__1472,uniform_exact_cost__1472,uniform_exact_cost,exact_cost_baseline,False,1536,3,1472.0,1536.0,0.7040467814691275,0.8217134928893514,0
modular,transformer_publication_20260622T101458Z_modular_seed113,113,fixed_update_scale,uniform_exact_cost__1536,uniform_exact_cost__1536,uniform_exact_cost,exact_cost_baseline,False,1536,3,1536.0,1536.0,0.6010767180308508,0.8494623655913979,0
modular,transformer_publication_20260622T101458Z_modular_seed113,113,fixed_update_scale,uniform_exact_cost__2048,uniform_exact_cost__2048,uniform_exact_cost,exact_cost_baseline,False,2048,3,2048.0,2048.0,0.3437688935042833,0.9275060700659035,0
modular,transformer_publication_20260622T101458Z_modular_seed113,113,fixed_update_scale,uniform_exact_cost__3072,uniform_exact_cost__3072,uniform_exact_cost,exact_cost_baseline,False,3072,3,3072.0,3072.0,0.15266571582614483,0.9889004509191816,0
modular,transformer_publication_20260622T101458Z_modular_seed113,113,fixed_update_scale,uniform_exact_cost__3840,uniform_exact_cost__3840,uniform_exact_cost,exact_cost_baseline,False,4096,3,3840.0,4096.0,0.28459978061254926,0.9434616718695802,0
modular,transformer_publication_20260622T101458Z_modular_seed113,113,fixed_update_scale,uniform_exact_cost__4096,uniform_exact_cost__4096,uniform_exact_cost,exact_cost_baseline,False,4096,3,4096.0,4096.0,0.177758824590631,0.98508498092265,0
modular,transformer_publication_20260622T101458Z_modular_seed113,113,fixed_update_scale,uniform_exact_cost__448,uniform_exact_cost__448,uniform_exact_cost,exact_cost_baseline,False,512,3,448.0,512.0,2.3311474380334385,0.22580645161290322,0
modular,transformer_publication_20260622T101458Z_modular_seed113,113,fixed_update_scale,uniform_fill,uniform_fill,uniform_fill,cap_baseline,False,512,3,512.0,512.0,2.425254113054755,0.24037460978147762,0
modular,transformer_publication_20260622T101458Z_modular_seed113,113,fixed_update_scale,uniform_fill,uniform_fill,uniform_fill,cap_baseline,False,1024,3,960.0,1024.0,1.672257783385643,0.44849115504682624,0
modular,transformer_publication_20260622T101458Z_modular_seed113,113,fixed_update_scale,uniform_fill,uniform_fill,uniform_fill,cap_baseline,False,1536,3,1536.0,1536.0,0.8509488722494895,0.7540756156781131,0
modular,transformer_publication_20260622T101458Z_modular_seed113,113,fixed_update_scale,uniform_fill,uniform_fill,uniform_fill,cap_baseline,False,2048,3,1920.0,2048.0,0.6308360583162786,0.807145334720777,0
modular,transformer_publication_20260622T101458Z_modular_seed113,113,fixed_update_scale,uniform_fill,uniform_fill,uniform_fill,cap_baseline,False,3072,3,3072.0,3072.0,0.3074275299239977,0.9340964273326396,0
modular,transformer_publication_20260622T101458Z_modular_seed113,113,fixed_update_scale,uniform_fill,uniform_fill,uniform_fill,cap_baseline,False,4096,3,3840.0,4096.0,0.28459978061254926,0.9434616718695802,0
modular,transformer_publication_20260622T101458Z_modular_seed113,113,rslora,effective_rank,effective_rank,effective_rank,candidate,False,512,3,448.0,512.0,2.955157602821585,0.11897329171002428,0
modular,transformer_publication_20260622T101458Z_modular_seed113,113,rslora,effective_rank,effective_rank,effective_rank,candidate,False,1024,3,1024.0,1024.0,1.096659502902876,0.6576482830385015,0
modular,transformer_publication_20260622T101458Z_modular_seed113,113,rslora,effective_rank,effective_rank,effective_rank,candidate,False,1536,3,1536.0,1536.0,0.5669523197828049,0.8525841137703781,0
modular,transformer_publication_20260622T101458Z_modular_seed113,113,rslora,effective_rank,effective_rank,effective_rank,candidate,False,2048,3,2048.0,2048.0,0.3907471874543374,0.9028789455428373,0
modular,transformer_publication_20260622T101458Z_modular_seed113,113,rslora,effective_rank,effective_rank,effective_rank,candidate,False,3072,3,3072.0,3072.0,0.26960775422586813,0.9562955254942769,0
modular,transformer_publication_20260622T101458Z_modular_seed113,113,rslora,effective_rank,effective_rank,effective_rank,candidate,False,4096,3,4096.0,4096.0,0.1906308493306559,0.9764134582032605,0
modular,transformer_publication_20260622T101458Z_modular_seed113,113,rslora,gradient_norm,gradient_norm,gradient_norm,candidate,False,512,3,448.0,512.0,2.1744111727146564,0.29032258064516125,0
modular,transformer_publication_20260622T101458Z_modular_seed113,113,rslora,gradient_norm,gradient_norm,gradient_norm,candidate,False,1024,3,1024.0,1024.0,1.1018490682159328,0.6448144294138051,0
modular,transformer_publication_20260622T101458Z_modular_seed113,113,rslora,gradient_norm,gradient_norm,gradient_norm,candidate,False,1536,3,1472.0,1536.0,0.5997512125737378,0.8432188692334374,0
modular,transformer_publication_20260622T101458Z_modular_seed113,113,rslora,gradient_norm,gradient_norm,gradient_norm,candidate,False,2048,3,2048.0,2048.0,0.3121707221616526,0.9320152618799861,0
modular,transformer_publication_20260622T101458Z_modular_seed113,113,rslora,gradient_norm,gradient_norm,gradient_norm,candidate,False,3072,3,3072.0,3072.0,0.1396329377416393,0.9847381200138745,0
modular,transformer_publication_20260622T101458Z_modular_seed113,113,rslora,gradient_norm,gradient_norm,gradient_norm,candidate,False,4096,3,4096.0,4096.0,0.10807528587893563,0.989247311827957,0
modular,transformer_publication_20260622T101458Z_modular_seed113,113,rslora,marginal_gain_edge,marginal_gain_edge,marginal_gain_edge,candidate,False,512,3,448.0,512.0,3.1198466093722956,0.07977800901838357,0
modular,transformer_publication_20260622T101458Z_modular_seed113,113,rslora,marginal_gain_edge,marginal_gain_edge,marginal_gain_edge,candidate,False,1024,3,1024.0,1024.0,2.549950095460186,0.22580645161290322,0
modular,transformer_publication_20260622T101458Z_modular_seed113,113,rslora,marginal_gain_edge,marginal_gain_edge,marginal_gain_edge,candidate,False,1536,3,1536.0,1536.0,0.39538366523543206,0.9063475546305931,0
modular,transformer_publication_20260622T101458Z_modular_seed113,113,rslora,marginal_gain_edge,marginal_gain_edge,marginal_gain_edge,candidate,False,2048,3,2048.0,2048.0,0.3907471874543374,0.9028789455428373,0
modular,transformer_publication_20260622T101458Z_modular_seed113,113,rslora,marginal_gain_edge,marginal_gain_edge,marginal_gain_edge,candidate,False,3072,3,3072.0,3072.0,0.16191810913231477,0.9732917100242803,0
modular,transformer_publication_20260622T101458Z_modular_seed113,113,rslora,marginal_gain_edge,marginal_gain_edge,marginal_gain_edge,candidate,False,4096,3,3840.0,4096.0,0.18380910034110218,0.98508498092265,0
modular,transformer_publication_20260622T101458Z_modular_seed113,113,rslora,marginal_gain_soft,marginal_gain_soft,marginal_gain_soft,candidate,False,512,3,448.0,512.0,3.1198466093722956,0.07977800901838357,0
modular,transformer_publication_20260622T101458Z_modular_seed113,113,rslora,marginal_gain_soft,marginal_gain_soft,marginal_gain_soft,candidate,False,1024,3,1024.0,1024.0,2.549950095460186,0.22580645161290322,0
modular,transformer_publication_20260622T101458Z_modular_seed113,113,rslora,marginal_gain_soft,marginal_gain_soft,marginal_gain_soft,candidate,False,1536,3,1536.0,1536.0,0.39538366523543206,0.9063475546305931,0
modular,transformer_publication_20260622T101458Z_modular_seed113,113,rslora,marginal_gain_soft,marginal_gain_soft,marginal_gain_soft,candidate,False,2048,3,2048.0,2048.0,0.3907471874543374,0.9028789455428373,0
modular,transformer_publication_20260622T101458Z_modular_seed113,113,rslora,marginal_gain_soft,marginal_gain_soft,marginal_gain_soft,candidate,False,3072,3,3072.0,3072.0,0.16191810913231477,0.9732917100242803,0
modular,transformer_publication_20260622T101458Z_modular_seed113,113,rslora,marginal_gain_soft,marginal_gain_soft,marginal_gain_soft,candidate,False,4096,3,4096.0,4096.0,0.1906308493306559,0.9764134582032605,0
modular,transformer_publication_20260622T101458Z_modular_seed113,113,rslora,soft_dimension,soft_dimension,soft_dimension,candidate,True,512,3,448.0,512.0,2.955157602821585,0.11897329171002428,0
modular,transformer_publication_20260622T101458Z_modular_seed113,113,rslora,soft_dimension,soft_dimension,soft_dimension,candidate,True,1024,3,1024.0,1024.0,1.079177520318946,0.6444675685050295,0
modular,transformer_publication_20260622T101458Z_modular_seed113,113,rslora,soft_dimension,soft_dimension,soft_dimension,candidate,True,1536,3,1472.0,1536.0,0.5538199178013915,0.8643773846687478,0
modular,transformer_publication_20260622T101458Z_modular_seed113,113,rslora,soft_dimension,soft_dimension,soft_dimension,candidate,True,2048,3,2048.0,2048.0,0.3907471874543374,0.9028789455428373,0
modular,transformer_publication_20260622T101458Z_modular_seed113,113,rslora,soft_dimension,soft_dimension,soft_dimension,candidate,True,3072,3,3072.0,3072.0,0.26960775422586813,0.9562955254942769,0
modular,transformer_publication_20260622T101458Z_modular_seed113,113,rslora,soft_dimension,soft_dimension,soft_dimension,candidate,True,4096,3,4096.0,4096.0,0.1906308493306559,0.9764134582032605,0
modular,transformer_publication_20260622T101458Z_modular_seed113,113,rslora,uniform,uniform,uniform,cap_baseline,False,512,3,0.0,512.0,15.54475681689974,0.0,0
modular,transformer_publication_20260622T101458Z_modular_seed113,113,rslora,uniform,uniform,uniform,cap_baseline,False,1024,3,0.0,1024.0,15.54475681689974,0.0,0
modular,transformer_publication_20260622T101458Z_modular_seed113,113,rslora,uniform,uniform,uniform,cap_baseline,False,1536,3,1152.0,1536.0,0.9813330883868981,0.6933749566423865,0
modular,transformer_publication_20260622T101458Z_modular_seed113,113,rslora,uniform,uniform,uniform,cap_baseline,False,2048,3,1152.0,2048.0,1.093479243409828,0.6351023239680887,0
modular,transformer_publication_20260622T101458Z_modular_seed113,113,rslora,uniform,uniform,uniform,cap_baseline,False,3072,3,2304.0,3072.0,0.39787278426962924,0.9007977800901839,0
modular,transformer_publication_20260622T101458Z_modular_seed113,113,rslora,uniform,uniform,uniform,cap_baseline,False,4096,3,2304.0,4096.0,0.4358997300933973,0.8955948664585501,0
modular,transformer_publication_20260622T101458Z_modular_seed113,113,rslora,uniform_exact_cost__1024,uniform_exact_cost__1024,uniform_exact_cost,exact_cost_baseline,False,1024,3,1024.0,1024.0,1.214161920001678,0.6215747485258412,0
modular,transformer_publication_20260622T101458Z_modular_seed113,113,rslora,uniform_exact_cost__1472,uniform_exact_cost__1472,uniform_exact_cost,exact_cost_baseline,False,1536,3,1472.0,1536.0,0.8434601177616826,0.7429760665972944,0
modular,transformer_publication_20260622T101458Z_modular_seed113,113,rslora,uniform_exact_cost__1536,uniform_exact_cost__1536,uniform_exact_cost,exact_cost_baseline,False,1536,3,1536.0,1536.0,0.8750243222924351,0.749913284772806,0
modular,transformer_publication_20260622T101458Z_modular_seed113,113,rslora,uniform_exact_cost__2048,uniform_exact_cost__2048,uniform_exact_cost,exact_cost_baseline,False,2048,3,2048.0,2048.0,0.4198582551357773,0.8914325355532432,0
modular,transformer_publication_20260622T101458Z_modular_seed113,113,rslora,uniform_exact_cost__3072,uniform_exact_cost__3072,uniform_exact_cost,exact_cost_baseline,False,3072,3,3072.0,3072.0,0.26113533427369623,0.9535206382240723,0
modular,transformer_publication_20260622T101458Z_modular_seed113,113,rslora,uniform_exact_cost__3840,uniform_exact_cost__3840,uniform_exact_cost,exact_cost_baseline,False,4096,3,3840.0,4096.0,0.24973215369499266,0.9490114464099895,0
modular,transformer_publication_20260622T101458Z_modular_seed113,113,rslora,uniform_exact_cost__4096,uniform_exact_cost__4096,uniform_exact_cost,exact_cost_baseline,False,4096,3,4096.0,4096.0,0.20020293239975737,0.971904266389178,0
modular,transformer_publication_20260622T101458Z_modular_seed113,113,rslora,uniform_exact_cost__448,uniform_exact_cost__448,uniform_exact_cost,exact_cost_baseline,False,512,3,448.0,512.0,2.2528423627879195,0.2618799861255636,0
modular,transformer_publication_20260622T101458Z_modular_seed113,113,rslora,uniform_fill,uniform_fill,uniform_fill,cap_baseline,False,512,3,512.0,512.0,2.513159993949385,0.2195629552549427,0
modular,transformer_publication_20260622T101458Z_modular_seed113,113,rslora,uniform_fill,uniform_fill,uniform_fill,cap_baseline,False,1024,3,960.0,1024.0,2.0632024104918534,0.3315990287894554,0
modular,transformer_publication_20260622T101458Z_modular_seed113,113,rslora,uniform_fill,uniform_fill,uniform_fill,cap_baseline,False,1536,3,1536.0,1536.0,0.8172833254632543,0.7603191120360736,0
modular,transformer_publication_20260622T101458Z_modular_seed113,113,rslora,uniform_fill,uniform_fill,uniform_fill,cap_baseline,False,2048,3,1920.0,2048.0,0.5342032691793974,0.860908775580992,0
modular,transformer_publication_20260622T101458Z_modular_seed113,113,rslora,uniform_fill,uniform_fill,uniform_fill,cap_baseline,False,3072,3,3072.0,3072.0,0.39897772719411023,0.9011446409989593,0
modular,transformer_publication_20260622T101458Z_modular_seed113,113,rslora,uniform_fill,uniform_fill,uniform_fill,cap_baseline,False,4096,3,3840.0,4096.0,0.24973215369499266,0.9490114464099895,0
modular,transformer_publication_20260622T101458Z_modular_seed113,113,standard,effective_rank,effective_rank,effective_rank,candidate,False,512,3,448.0,512.0,3.1172325588786016,0.07561567811307661,0
modular,transformer_publication_20260622T101458Z_modular_seed113,113,standard,effective_rank,effective_rank,effective_rank,candidate,False,1024,3,1024.0,1024.0,1.6241799463135809,0.4911550468262227,0
modular,transformer_publication_20260622T101458Z_modular_seed113,113,standard,effective_rank,effective_rank,effective_rank,candidate,False,1536,3,1536.0,1536.0,0.8625519625478183,0.7412417620534165,0
modular,transformer_publication_20260622T101458Z_modular_seed113,113,standard,effective_rank,effective_rank,effective_rank,candidate,False,2048,3,2048.0,2048.0,0.4936312694351912,0.8744363510232397,0
modular,transformer_publication_20260622T101458Z_modular_seed113,113,standard,effective_rank,effective_rank,effective_rank,candidate,False,3072,3,3072.0,3072.0,0.23910644796731526,0.9573361082206034,0
modular,transformer_publication_20260622T101458Z_modular_seed113,113,standard,effective_rank,effective_rank,effective_rank,candidate,False,4096,3,4096.0,4096.0,0.16447029544213063,0.9847381200138745,0
modular,transformer_publication_20260622T101458Z_modular_seed113,113,standard,gradient_norm,gradient_norm,gradient_norm,candidate,False,512,3,448.0,512.0,2.3394858306205983,0.24314949705168223,0
modular,transformer_publication_20260622T101458Z_modular_seed113,113,standard,gradient_norm,gradient_norm,gradient_norm,candidate,False,1024,3,1024.0,1024.0,2.2082278386942016,0.3118279569892473,0
modular,transformer_publication_20260622T101458Z_modular_seed113,113,standard,gradient_norm,gradient_norm,gradient_norm,candidate,False,1536,3,1472.0,1536.0,0.7296579626340068,0.7811307665626085,0
modular,transformer_publication_20260622T101458Z_modular_seed113,113,standard,gradient_norm,gradient_norm,gradient_norm,candidate,False,2048,3,2048.0,2048.0,0.428513596093452,0.8886576482830385,0
modular,transformer_publication_20260622T101458Z_modular_seed113,113,standard,gradient_norm,gradient_norm,gradient_norm,candidate,False,3072,3,3072.0,3072.0,0.19347587353935924,0.9618453000346862,0
modular,transformer_publication_20260622T101458Z_modular_seed113,113,standard,gradient_norm,gradient_norm,gradient_norm,candidate,False,4096,3,4096.0,4096.0,0.10807528587893563,0.989247311827957,0
modular,transformer_publication_20260622T101458Z_modular_seed113,113,standard,marginal_gain_edge,marginal_gain_edge,marginal_gain_edge,candidate,False,512,3,448.0,512.0,3.0863769222289954,0.08289975719736382,0
modular,transformer_publication_20260622T101458Z_modular_seed113,113,standard,marginal_gain_edge,marginal_gain_edge,marginal_gain_edge,candidate,False,1024,3,1024.0,1024.0,3.078912344071504,0.08775580992022197,0
modular,transformer_publication_20260622T101458Z_modular_seed113,113,standard,marginal_gain_edge,marginal_gain_edge,marginal_gain_edge,candidate,False,1536,3,1536.0,1536.0,0.8338790478451649,0.7599722511272979,0
modular,transformer_publication_20260622T101458Z_modular_seed113,113,standard,marginal_gain_edge,marginal_gain_edge,marginal_gain_edge,candidate,False,2048,3,2048.0,2048.0,0.4936312694351912,0.8744363510232397,0
modular,transformer_publication_20260622T101458Z_modular_seed113,113,standard,marginal_gain_edge,marginal_gain_edge,marginal_gain_edge,candidate,False,3072,3,3072.0,3072.0,0.2488919233969835,0.944502254595907,0
modular,transformer_publication_20260622T101458Z_modular_seed113,113,standard,marginal_gain_edge,marginal_gain_edge,marginal_gain_edge,candidate,False,4096,3,3840.0,4096.0,0.2665268738485647,0.9562955254942768,0
modular,transformer_publication_20260622T101458Z_modular_seed113,113,standard,marginal_gain_soft,marginal_gain_soft,marginal_gain_soft,candidate,False,512,3,448.0,512.0,3.0863769222289954,0.08289975719736382,0
modular,transformer_publication_20260622T101458Z_modular_seed113,113,standard,marginal_gain_soft,marginal_gain_soft,marginal_gain_soft,candidate,False,1024,3,1024.0,1024.0,3.078912344071504,0.08775580992022197,0
modular,transformer_publication_20260622T101458Z_modular_seed113,113,standard,marginal_gain_soft,marginal_gain_soft,marginal_gain_soft,candidate,False,1536,3,1536.0,1536.0,0.8338790478451649,0.7599722511272979,0
modular,transformer_publication_20260622T101458Z_modular_seed113,113,standard,marginal_gain_soft,marginal_gain_soft,marginal_gain_soft,candidate,False,2048,3,2048.0,2048.0,0.4936312694351912,0.8744363510232397,0
modular,transformer_publication_20260622T101458Z_modular_seed113,113,standard,marginal_gain_soft,marginal_gain_soft,marginal_gain_soft,candidate,False,3072,3,3072.0,3072.0,0.2488919233969835,0.944502254595907,0
modular,transformer_publication_20260622T101458Z_modular_seed113,113,standard,marginal_gain_soft,marginal_gain_soft,marginal_gain_soft,candidate,False,4096,3,4096.0,4096.0,0.16447029544213063,0.9847381200138745,0
modular,transformer_publication_20260622T101458Z_modular_seed113,113,standard,soft_dimension,soft_dimension,soft_dimension,candidate,True,512,3,448.0,512.0,3.1172325588786016,0.07561567811307661,0
modular,transformer_publication_20260622T101458Z_modular_seed113,113,standard,soft_dimension,soft_dimension,soft_dimension,candidate,True,1024,3,1024.0,1024.0,1.1377004868571559,0.6403052375997226,0
modular,transformer_publication_20260622T101458Z_modular_seed113,113,standard,soft_dimension,soft_dimension,soft_dimension,candidate,True,1536,3,1472.0,1536.0,0.6490522545532679,0.8237946583420048,0
modular,transformer_publication_20260622T101458Z_modular_seed113,113,standard,soft_dimension,soft_dimension,soft_dimension,candidate,True,2048,3,2048.0,2048.0,0.4936312694351912,0.8744363510232397,0
modular,transformer_publication_20260622T101458Z_modular_seed113,113,standard,soft_dimension,soft_dimension,soft_dimension,candidate,True,3072,3,3072.0,3072.0,0.23910644796731526,0.9573361082206034,0
modular,transformer_publication_20260622T101458Z_modular_seed113,113,standard,soft_dimension,soft_dimension,soft_dimension,candidate,True,4096,3,4096.0,4096.0,0.16447029544213063,0.9847381200138745,0
modular,transformer_publication_20260622T101458Z_modular_seed113,113,standard,uniform,uniform,uniform,cap_baseline,False,512,3,0.0,512.0,15.54475681689974,0.0,0
modular,transformer_publication_20260622T101458Z_modular_seed113,113,standard,uniform,uniform,uniform,cap_baseline,False,1024,3,0.0,1024.0,15.54475681689974,0.0,0
modular,transformer_publication_20260622T101458Z_modular_seed113,113,standard,uniform,uniform,uniform,cap_baseline,False,1536,3,1152.0,1536.0,1.5710905039637115,0.48768643773846687,0
modular,transformer_publication_20260622T101458Z_modular_seed113,113,standard,uniform,uniform,uniform,cap_baseline,False,2048,3,1152.0,2048.0,1.1373250965769408,0.6347554630593132,0
modular,transformer_publication_20260622T101458Z_modular_seed113,113,standard,uniform,uniform,uniform,cap_baseline,False,3072,3,2304.0,3072.0,0.5200026706197053,0.845993756503642,0
modular,transformer_publication_20260622T101458Z_modular_seed113,113,standard,uniform,uniform,uniform,cap_baseline,False,4096,3,2304.0,4096.0,0.5195719565920974,0.8543184183142559,0
modular,transformer_publication_20260622T101458Z_modular_seed113,113,standard,uniform_exact_cost__1024,uniform_exact_cost__1024,uniform_exact_cost,exact_cost_baseline,False,1024,3,1024.0,1024.0,1.289991528881204,0.5705861949358307,0
modular,transformer_publication_20260622T101458Z_modular_seed113,113,standard,uniform_exact_cost__1472,uniform_exact_cost__1472,uniform_exact_cost,exact_cost_baseline,False,1536,3,1472.0,1536.0,1.0413730169723647,0.6795005202913632,0
modular,transformer_publication_20260622T101458Z_modular_seed113,113,standard,uniform_exact_cost__1536,uniform_exact_cost__1536,uniform_exact_cost,exact_cost_baseline,False,1536,3,1536.0,1536.0,0.9218946003765023,0.7235518557058619,0
modular,transformer_publication_20260622T101458Z_modular_seed113,113,standard,uniform_exact_cost__2048,uniform_exact_cost__2048,uniform_exact_cost,exact_cost_baseline,False,2048,3,2048.0,2048.0,0.541319719090298,0.8591744710371141,0
modular,transformer_publication_20260622T101458Z_modular_seed113,113,standard,uniform_exact_cost__3072,uniform_exact_cost__3072,uniform_exact_cost,exact_cost_baseline,False,3072,3,3072.0,3072.0,0.42446139326659577,0.8969823100936525,0
modular,transformer_publication_20260622T101458Z_modular_seed113,113,standard,uniform_exact_cost__3840,uniform_exact_cost__3840,uniform_exact_cost,exact_cost_baseline,False,4096,3,3840.0,4096.0,0.19886444321924968,0.9694762400277487,0
modular,transformer_publication_20260622T101458Z_modular_seed113,113,standard,uniform_exact_cost__4096,uniform_exact_cost__4096,uniform_exact_cost,exact_cost_baseline,False,4096,3,4096.0,4096.0,0.221326885012922,0.9698231009365245,0
modular,transformer_publication_20260622T101458Z_modular_seed113,113,standard,uniform_exact_cost__448,uniform_exact_cost__448,uniform_exact_cost,exact_cost_baseline,False,512,3,448.0,512.0,2.5409977981046055,0.156434269857787,0
modular,transformer_publication_20260622T101458Z_modular_seed113,113,standard,uniform_fill,uniform_fill,uniform_fill,cap_baseline,False,512,3,512.0,512.0,3.087454009213218,0.086021505376344,0
modular,transformer_publication_20260622T101458Z_modular_seed113,113,standard,uniform_fill,uniform_fill,uniform_fill,cap_baseline,False,1024,3,960.0,1024.0,2.7736222664597876,0.14394727714186606,0
modular,transformer_publication_20260622T101458Z_modular_seed113,113,standard,uniform_fill,uniform_fill,uniform_fill,cap_baseline,False,1536,3,1536.0,1536.0,1.0320261165659914,0.6774193548387096,0
modular,transformer_publication_20260622T101458Z_modular_seed113,113,standard,uniform_fill,uniform_fill,uniform_fill,cap_baseline,False,2048,3,1920.0,2048.0,0.5652641920922657,0.8453000346860908,0
modular,transformer_publication_20260622T101458Z_modular_seed113,113,standard,uniform_fill,uniform_fill,uniform_fill,cap_baseline,False,3072,3,3072.0,3072.0,0.2583249416247532,0.9479708636836627,0
modular,transformer_publication_20260622T101458Z_modular_seed113,113,standard,uniform_fill,uniform_fill,uniform_fill,cap_baseline,False,4096,3,3840.0,4096.0,0.19886444321924968,0.9694762400277487,0
