task_family,run,seed,scaling_mode,condition_id,rule,allocation_rule,is_primary_allocation_rule,budget,n_adaptation_replicates,loss_delta_vs_exact_uniform,acc_delta_vs_exact_uniform,actual_cost,reference_cost,cost_gap
associative_recall,transformer_publication_20260622T101458Z_associative_recall_seed101,101,fixed_update_scale,effective_rank,effective_rank,effective_rank,False,512,3,0.0,0.0,512.0,512.0,0.0
associative_recall,transformer_publication_20260622T101458Z_associative_recall_seed101,101,fixed_update_scale,effective_rank,effective_rank,effective_rank,False,1024,3,-0.016050820006057665,0.0,1024.0,1024.0,0.0
associative_recall,transformer_publication_20260622T101458Z_associative_recall_seed101,101,fixed_update_scale,effective_rank,effective_rank,effective_rank,False,1536,3,-0.0016663549079869993,0.0,1472.0,1472.0,0.0
associative_recall,transformer_publication_20260622T101458Z_associative_recall_seed101,101,fixed_update_scale,effective_rank,effective_rank,effective_rank,False,2048,3,-0.0012263037788216,0.0,2048.0,2048.0,0.0
associative_recall,transformer_publication_20260622T101458Z_associative_recall_seed101,101,fixed_update_scale,effective_rank,effective_rank,effective_rank,False,3072,3,0.00012435029202606667,0.0,3072.0,3072.0,0.0
associative_recall,transformer_publication_20260622T101458Z_associative_recall_seed101,101,fixed_update_scale,effective_rank,effective_rank,effective_rank,False,4096,3,-0.00019092751123633316,0.0,4096.0,4096.0,0.0
associative_recall,transformer_publication_20260622T101458Z_associative_recall_seed101,101,fixed_update_scale,effective_rank,effective_rank,effective_rank,False,6144,3,-7.092906162143332e-05,0.0,6144.0,6144.0,0.0
associative_recall,transformer_publication_20260622T101458Z_associative_recall_seed101,101,fixed_update_scale,gradient_norm,gradient_norm,gradient_norm,False,512,3,0.11698104751606785,0.038411458333333336,512.0,512.0,0.0
associative_recall,transformer_publication_20260622T101458Z_associative_recall_seed101,101,fixed_update_scale,gradient_norm,gradient_norm,gradient_norm,False,1024,3,-0.02004937684008237,0.0,1024.0,1024.0,0.0
associative_recall,transformer_publication_20260622T101458Z_associative_recall_seed101,101,fixed_update_scale,gradient_norm,gradient_norm,gradient_norm,False,1536,3,-0.0012990229297429332,0.0,1536.0,1536.0,0.0
associative_recall,transformer_publication_20260622T101458Z_associative_recall_seed101,101,fixed_update_scale,gradient_norm,gradient_norm,gradient_norm,False,2048,3,-0.0020509109114451997,0.0,2048.0,2048.0,0.0
associative_recall,transformer_publication_20260622T101458Z_associative_recall_seed101,101,fixed_update_scale,gradient_norm,gradient_norm,gradient_norm,False,3072,3,-0.0002816042251652001,0.0,3072.0,3072.0,0.0
associative_recall,transformer_publication_20260622T101458Z_associative_recall_seed101,101,fixed_update_scale,gradient_norm,gradient_norm,gradient_norm,False,4096,3,-0.0003934757357152666,0.0,4096.0,4096.0,0.0
associative_recall,transformer_publication_20260622T101458Z_associative_recall_seed101,101,fixed_update_scale,gradient_norm,gradient_norm,gradient_norm,False,6144,3,-0.00010833038686539997,0.0,6144.0,6144.0,0.0
associative_recall,transformer_publication_20260622T101458Z_associative_recall_seed101,101,fixed_update_scale,marginal_gain_edge,marginal_gain_edge,marginal_gain_edge,False,512,3,0.07724030688405038,0.038411458333333336,512.0,512.0,0.0
associative_recall,transformer_publication_20260622T101458Z_associative_recall_seed101,101,fixed_update_scale,marginal_gain_edge,marginal_gain_edge,marginal_gain_edge,False,1024,3,-0.0194202887360007,0.0,1024.0,1024.0,0.0
associative_recall,transformer_publication_20260622T101458Z_associative_recall_seed101,101,fixed_update_scale,marginal_gain_edge,marginal_gain_edge,marginal_gain_edge,False,1536,3,-0.0026324259621711664,0.0,1472.0,1472.0,0.0
associative_recall,transformer_publication_20260622T101458Z_associative_recall_seed101,101,fixed_update_scale,marginal_gain_edge,marginal_gain_edge,marginal_gain_edge,False,2048,3,-0.0018289659540945,0.0,2048.0,2048.0,0.0
associative_recall,transformer_publication_20260622T101458Z_associative_recall_seed101,101,fixed_update_scale,marginal_gain_edge,marginal_gain_edge,marginal_gain_edge,False,3072,3,-0.0005886763683520333,0.0,3072.0,3072.0,0.0
associative_recall,transformer_publication_20260622T101458Z_associative_recall_seed101,101,fixed_update_scale,marginal_gain_edge,marginal_gain_edge,marginal_gain_edge,False,4096,3,-0.0004248433639683,0.0,4096.0,4096.0,0.0
associative_recall,transformer_publication_20260622T101458Z_associative_recall_seed101,101,fixed_update_scale,marginal_gain_edge,marginal_gain_edge,marginal_gain_edge,False,6144,3,-0.00013561573238503332,0.0,6144.0,6144.0,0.0
associative_recall,transformer_publication_20260622T101458Z_associative_recall_seed101,101,fixed_update_scale,marginal_gain_soft,marginal_gain_soft,marginal_gain_soft,False,512,3,0.07724030688405038,0.038411458333333336,512.0,512.0,0.0
associative_recall,transformer_publication_20260622T101458Z_associative_recall_seed101,101,fixed_update_scale,marginal_gain_soft,marginal_gain_soft,marginal_gain_soft,False,1024,3,-0.013399575526515667,0.0,1024.0,1024.0,0.0
associative_recall,transformer_publication_20260622T101458Z_associative_recall_seed101,101,fixed_update_scale,marginal_gain_soft,marginal_gain_soft,marginal_gain_soft,False,1536,3,-0.0012419864845772332,0.0,1536.0,1536.0,0.0
associative_recall,transformer_publication_20260622T101458Z_associative_recall_seed101,101,fixed_update_scale,marginal_gain_soft,marginal_gain_soft,marginal_gain_soft,False,2048,3,-0.0020138821661627665,0.0,2048.0,2048.0,0.0
associative_recall,transformer_publication_20260622T101458Z_associative_recall_seed101,101,fixed_update_scale,marginal_gain_soft,marginal_gain_soft,marginal_gain_soft,False,3072,3,-0.0005886763683520333,0.0,3072.0,3072.0,0.0
associative_recall,transformer_publication_20260622T101458Z_associative_recall_seed101,101,fixed_update_scale,marginal_gain_soft,marginal_gain_soft,marginal_gain_soft,False,4096,3,-0.00048605581105219995,0.0,4096.0,4096.0,0.0
associative_recall,transformer_publication_20260622T101458Z_associative_recall_seed101,101,fixed_update_scale,marginal_gain_soft,marginal_gain_soft,marginal_gain_soft,False,6144,3,-0.00013204265997046667,0.0,6144.0,6144.0,0.0
associative_recall,transformer_publication_20260622T101458Z_associative_recall_seed101,101,fixed_update_scale,soft_dimension,soft_dimension,soft_dimension,True,512,3,0.0,0.0,512.0,512.0,0.0
associative_recall,transformer_publication_20260622T101458Z_associative_recall_seed101,101,fixed_update_scale,soft_dimension,soft_dimension,soft_dimension,True,1024,3,-0.016050820006057665,0.0,1024.0,1024.0,0.0
associative_recall,transformer_publication_20260622T101458Z_associative_recall_seed101,101,fixed_update_scale,soft_dimension,soft_dimension,soft_dimension,True,1536,3,-0.0016663549079869993,0.0,1472.0,1472.0,0.0
associative_recall,transformer_publication_20260622T101458Z_associative_recall_seed101,101,fixed_update_scale,soft_dimension,soft_dimension,soft_dimension,True,2048,3,-0.0003542094297396666,0.0,2048.0,2048.0,0.0
associative_recall,transformer_publication_20260622T101458Z_associative_recall_seed101,101,fixed_update_scale,soft_dimension,soft_dimension,soft_dimension,True,3072,3,0.00012435029202606667,0.0,3072.0,3072.0,0.0
associative_recall,transformer_publication_20260622T101458Z_associative_recall_seed101,101,fixed_update_scale,soft_dimension,soft_dimension,soft_dimension,True,4096,3,-0.00019092751123633316,0.0,4096.0,4096.0,0.0
associative_recall,transformer_publication_20260622T101458Z_associative_recall_seed101,101,fixed_update_scale,soft_dimension,soft_dimension,soft_dimension,True,6144,3,-7.092906162143332e-05,0.0,6144.0,6144.0,0.0
associative_recall,transformer_publication_20260622T101458Z_associative_recall_seed101,101,rslora,effective_rank,effective_rank,effective_rank,False,512,3,0.0,0.0,512.0,512.0,0.0
associative_recall,transformer_publication_20260622T101458Z_associative_recall_seed101,101,rslora,effective_rank,effective_rank,effective_rank,False,1024,3,-0.0139168757790079,0.0,1024.0,1024.0,0.0
associative_recall,transformer_publication_20260622T101458Z_associative_recall_seed101,101,rslora,effective_rank,effective_rank,effective_rank,False,1536,3,-0.0005435761995613665,0.0,1472.0,1472.0,0.0
associative_recall,transformer_publication_20260622T101458Z_associative_recall_seed101,101,rslora,effective_rank,effective_rank,effective_rank,False,2048,3,-0.0010600341483950333,0.0,2048.0,2048.0,0.0
associative_recall,transformer_publication_20260622T101458Z_associative_recall_seed101,101,rslora,effective_rank,effective_rank,effective_rank,False,3072,3,-7.763432707483318e-05,0.0,3072.0,3072.0,0.0
associative_recall,transformer_publication_20260622T101458Z_associative_recall_seed101,101,rslora,effective_rank,effective_rank,effective_rank,False,4096,3,-0.0001336411029721334,0.0,4096.0,4096.0,0.0
associative_recall,transformer_publication_20260622T101458Z_associative_recall_seed101,101,rslora,effective_rank,effective_rank,effective_rank,False,6144,3,-6.697153730786669e-05,0.0,6144.0,6144.0,0.0
associative_recall,transformer_publication_20260622T101458Z_associative_recall_seed101,101,rslora,gradient_norm,gradient_norm,gradient_norm,False,512,3,0.13411217307051024,0.042643229166666664,512.0,512.0,0.0
associative_recall,transformer_publication_20260622T101458Z_associative_recall_seed101,101,rslora,gradient_norm,gradient_norm,gradient_norm,False,1024,3,-0.016731787822209302,0.0,1024.0,1024.0,0.0
associative_recall,transformer_publication_20260622T101458Z_associative_recall_seed101,101,rslora,gradient_norm,gradient_norm,gradient_norm,False,1536,3,-0.0006265269670014331,0.0,1536.0,1536.0,0.0
associative_recall,transformer_publication_20260622T101458Z_associative_recall_seed101,101,rslora,gradient_norm,gradient_norm,gradient_norm,False,2048,3,-0.0016483674019885,0.0,2048.0,2048.0,0.0
associative_recall,transformer_publication_20260622T101458Z_associative_recall_seed101,101,rslora,gradient_norm,gradient_norm,gradient_norm,False,3072,3,-0.00036825655358069985,0.0,3072.0,3072.0,0.0
associative_recall,transformer_publication_20260622T101458Z_associative_recall_seed101,101,rslora,gradient_norm,gradient_norm,gradient_norm,False,4096,3,-0.0002871762117138334,0.0,4096.0,4096.0,0.0
associative_recall,transformer_publication_20260622T101458Z_associative_recall_seed101,101,rslora,gradient_norm,gradient_norm,gradient_norm,False,6144,3,-8.588280131036667e-05,0.0,6144.0,6144.0,0.0
associative_recall,transformer_publication_20260622T101458Z_associative_recall_seed101,101,rslora,marginal_gain_edge,marginal_gain_edge,marginal_gain_edge,False,512,3,0.08482620989282925,0.042643229166666664,512.0,512.0,0.0
associative_recall,transformer_publication_20260622T101458Z_associative_recall_seed101,101,rslora,marginal_gain_edge,marginal_gain_edge,marginal_gain_edge,False,1024,3,-0.013933593678909067,0.0,1024.0,1024.0,0.0
associative_recall,transformer_publication_20260622T101458Z_associative_recall_seed101,101,rslora,marginal_gain_edge,marginal_gain_edge,marginal_gain_edge,False,1536,3,-0.0008814456717421664,0.0,1472.0,1472.0,0.0
associative_recall,transformer_publication_20260622T101458Z_associative_recall_seed101,101,rslora,marginal_gain_edge,marginal_gain_edge,marginal_gain_edge,False,2048,3,-0.0013068554108030667,0.0,2048.0,2048.0,0.0
associative_recall,transformer_publication_20260622T101458Z_associative_recall_seed101,101,rslora,marginal_gain_edge,marginal_gain_edge,marginal_gain_edge,False,3072,3,-0.0005551320549178333,0.0,3072.0,3072.0,0.0
associative_recall,transformer_publication_20260622T101458Z_associative_recall_seed101,101,rslora,marginal_gain_edge,marginal_gain_edge,marginal_gain_edge,False,4096,3,-0.00026032786020853334,0.0,4096.0,4096.0,0.0
associative_recall,transformer_publication_20260622T101458Z_associative_recall_seed101,101,rslora,marginal_gain_edge,marginal_gain_edge,marginal_gain_edge,False,6144,3,-0.00013662324393713337,0.0,6144.0,6144.0,0.0
associative_recall,transformer_publication_20260622T101458Z_associative_recall_seed101,101,rslora,marginal_gain_soft,marginal_gain_soft,marginal_gain_soft,False,512,3,0.08482620989282925,0.042643229166666664,512.0,512.0,0.0
associative_recall,transformer_publication_20260622T101458Z_associative_recall_seed101,101,rslora,marginal_gain_soft,marginal_gain_soft,marginal_gain_soft,False,1024,3,-0.0063563795605053675,0.0,1024.0,1024.0,0.0
associative_recall,transformer_publication_20260622T101458Z_associative_recall_seed101,101,rslora,marginal_gain_soft,marginal_gain_soft,marginal_gain_soft,False,1536,3,-0.00029765987225496637,0.0,1536.0,1536.0,0.0
associative_recall,transformer_publication_20260622T101458Z_associative_recall_seed101,101,rslora,marginal_gain_soft,marginal_gain_soft,marginal_gain_soft,False,2048,3,-0.0009259483582960666,0.0,2048.0,2048.0,0.0
associative_recall,transformer_publication_20260622T101458Z_associative_recall_seed101,101,rslora,marginal_gain_soft,marginal_gain_soft,marginal_gain_soft,False,3072,3,-0.0005551320549178333,0.0,3072.0,3072.0,0.0
associative_recall,transformer_publication_20260622T101458Z_associative_recall_seed101,101,rslora,marginal_gain_soft,marginal_gain_soft,marginal_gain_soft,False,4096,3,-0.0002598002174636334,0.0,4096.0,4096.0,0.0
associative_recall,transformer_publication_20260622T101458Z_associative_recall_seed101,101,rslora,marginal_gain_soft,marginal_gain_soft,marginal_gain_soft,False,6144,3,-2.5577542449666717e-05,0.0,6144.0,6144.0,0.0
associative_recall,transformer_publication_20260622T101458Z_associative_recall_seed101,101,rslora,soft_dimension,soft_dimension,soft_dimension,True,512,3,0.0,0.0,512.0,512.0,0.0
associative_recall,transformer_publication_20260622T101458Z_associative_recall_seed101,101,rslora,soft_dimension,soft_dimension,soft_dimension,True,1024,3,-0.0139168757790079,0.0,1024.0,1024.0,0.0
associative_recall,transformer_publication_20260622T101458Z_associative_recall_seed101,101,rslora,soft_dimension,soft_dimension,soft_dimension,True,1536,3,-0.0005435761995613665,0.0,1472.0,1472.0,0.0
associative_recall,transformer_publication_20260622T101458Z_associative_recall_seed101,101,rslora,soft_dimension,soft_dimension,soft_dimension,True,2048,3,-0.0011068160626260999,0.0,2048.0,2048.0,0.0
associative_recall,transformer_publication_20260622T101458Z_associative_recall_seed101,101,rslora,soft_dimension,soft_dimension,soft_dimension,True,3072,3,-7.763432707483318e-05,0.0,3072.0,3072.0,0.0
associative_recall,transformer_publication_20260622T101458Z_associative_recall_seed101,101,rslora,soft_dimension,soft_dimension,soft_dimension,True,4096,3,-0.0001336411029721334,0.0,4096.0,4096.0,0.0
associative_recall,transformer_publication_20260622T101458Z_associative_recall_seed101,101,rslora,soft_dimension,soft_dimension,soft_dimension,True,6144,3,-6.697153730786669e-05,0.0,6144.0,6144.0,0.0
associative_recall,transformer_publication_20260622T101458Z_associative_recall_seed101,101,standard,effective_rank,effective_rank,effective_rank,False,512,3,0.0,0.0,512.0,512.0,0.0
associative_recall,transformer_publication_20260622T101458Z_associative_recall_seed101,101,standard,effective_rank,effective_rank,effective_rank,False,1024,3,-0.027171373522530032,0.0,1024.0,1024.0,0.0
associative_recall,transformer_publication_20260622T101458Z_associative_recall_seed101,101,standard,effective_rank,effective_rank,effective_rank,False,1536,3,-0.0008117489245099665,0.0,1472.0,1472.0,0.0
associative_recall,transformer_publication_20260622T101458Z_associative_recall_seed101,101,standard,effective_rank,effective_rank,effective_rank,False,2048,3,-0.0009756230962617666,0.0,2048.0,2048.0,0.0
associative_recall,transformer_publication_20260622T101458Z_associative_recall_seed101,101,standard,effective_rank,effective_rank,effective_rank,False,3072,3,-0.00020024064967103338,0.0,3072.0,3072.0,0.0
associative_recall,transformer_publication_20260622T101458Z_associative_recall_seed101,101,standard,effective_rank,effective_rank,effective_rank,False,4096,3,-0.00011453004359893333,0.0,4096.0,4096.0,0.0
associative_recall,transformer_publication_20260622T101458Z_associative_recall_seed101,101,standard,effective_rank,effective_rank,effective_rank,False,6144,3,-0.00012499510436710004,0.0,6144.0,6144.0,0.0
associative_recall,transformer_publication_20260622T101458Z_associative_recall_seed101,101,standard,gradient_norm,gradient_norm,gradient_norm,False,512,3,0.14837127489348254,0.019856770833333332,512.0,512.0,0.0
associative_recall,transformer_publication_20260622T101458Z_associative_recall_seed101,101,standard,gradient_norm,gradient_norm,gradient_norm,False,1024,3,-0.0272143865780284,0.0,1024.0,1024.0,0.0
associative_recall,transformer_publication_20260622T101458Z_associative_recall_seed101,101,standard,gradient_norm,gradient_norm,gradient_norm,False,1536,3,-0.00033262885214449994,0.0,1536.0,1536.0,0.0
associative_recall,transformer_publication_20260622T101458Z_associative_recall_seed101,101,standard,gradient_norm,gradient_norm,gradient_norm,False,2048,3,-0.0011317765262599002,0.0,2048.0,2048.0,0.0
associative_recall,transformer_publication_20260622T101458Z_associative_recall_seed101,101,standard,gradient_norm,gradient_norm,gradient_norm,False,3072,3,-0.0003070928263090334,0.0,3072.0,3072.0,0.0
associative_recall,transformer_publication_20260622T101458Z_associative_recall_seed101,101,standard,gradient_norm,gradient_norm,gradient_norm,False,4096,3,-0.00013533185604806667,0.0,4096.0,4096.0,0.0
associative_recall,transformer_publication_20260622T101458Z_associative_recall_seed101,101,standard,gradient_norm,gradient_norm,gradient_norm,False,6144,3,-0.00011438536845770006,0.0,6144.0,6144.0,0.0
associative_recall,transformer_publication_20260622T101458Z_associative_recall_seed101,101,standard,marginal_gain_edge,marginal_gain_edge,marginal_gain_edge,False,512,3,0.09141335574289165,0.019856770833333332,512.0,512.0,0.0
associative_recall,transformer_publication_20260622T101458Z_associative_recall_seed101,101,standard,marginal_gain_edge,marginal_gain_edge,marginal_gain_edge,False,1024,3,-0.026664399018045567,0.0,1024.0,1024.0,0.0
associative_recall,transformer_publication_20260622T101458Z_associative_recall_seed101,101,standard,marginal_gain_edge,marginal_gain_edge,marginal_gain_edge,False,1536,3,-0.0013783609805007666,0.0,1472.0,1472.0,0.0
associative_recall,transformer_publication_20260622T101458Z_associative_recall_seed101,101,standard,marginal_gain_edge,marginal_gain_edge,marginal_gain_edge,False,2048,3,-0.0009470713460662667,0.0,2048.0,2048.0,0.0
associative_recall,transformer_publication_20260622T101458Z_associative_recall_seed101,101,standard,marginal_gain_edge,marginal_gain_edge,marginal_gain_edge,False,3072,3,-0.00048112591806180003,0.0,3072.0,3072.0,0.0
associative_recall,transformer_publication_20260622T101458Z_associative_recall_seed101,101,standard,marginal_gain_edge,marginal_gain_edge,marginal_gain_edge,False,4096,3,-7.577847767003339e-05,0.0,4096.0,4096.0,0.0
associative_recall,transformer_publication_20260622T101458Z_associative_recall_seed101,101,standard,marginal_gain_edge,marginal_gain_edge,marginal_gain_edge,False,6144,3,-0.00022662265837430006,0.0,6144.0,6144.0,0.0
associative_recall,transformer_publication_20260622T101458Z_associative_recall_seed101,101,standard,marginal_gain_soft,marginal_gain_soft,marginal_gain_soft,False,512,3,0.09141335574289165,0.019856770833333332,512.0,512.0,0.0
associative_recall,transformer_publication_20260622T101458Z_associative_recall_seed101,101,standard,marginal_gain_soft,marginal_gain_soft,marginal_gain_soft,False,1024,3,-0.0156617464963347,0.0,1024.0,1024.0,0.0
associative_recall,transformer_publication_20260622T101458Z_associative_recall_seed101,101,standard,marginal_gain_soft,marginal_gain_soft,marginal_gain_soft,False,1536,3,0.0008467326309376669,0.0,1536.0,1536.0,0.0
associative_recall,transformer_publication_20260622T101458Z_associative_recall_seed101,101,standard,marginal_gain_soft,marginal_gain_soft,marginal_gain_soft,False,2048,3,-0.00028331083982873346,0.0,2048.0,2048.0,0.0
associative_recall,transformer_publication_20260622T101458Z_associative_recall_seed101,101,standard,marginal_gain_soft,marginal_gain_soft,marginal_gain_soft,False,3072,3,-0.00048112591806180003,0.0,3072.0,3072.0,0.0
associative_recall,transformer_publication_20260622T101458Z_associative_recall_seed101,101,standard,marginal_gain_soft,marginal_gain_soft,marginal_gain_soft,False,4096,3,-0.0001309569391499667,0.0,4096.0,4096.0,0.0
associative_recall,transformer_publication_20260622T101458Z_associative_recall_seed101,101,standard,marginal_gain_soft,marginal_gain_soft,marginal_gain_soft,False,6144,3,-3.2546328536333462e-06,0.0,6144.0,6144.0,0.0
associative_recall,transformer_publication_20260622T101458Z_associative_recall_seed101,101,standard,soft_dimension,soft_dimension,soft_dimension,True,512,3,0.0,0.0,512.0,512.0,0.0
associative_recall,transformer_publication_20260622T101458Z_associative_recall_seed101,101,standard,soft_dimension,soft_dimension,soft_dimension,True,1024,3,-0.027171373522530032,0.0,1024.0,1024.0,0.0
associative_recall,transformer_publication_20260622T101458Z_associative_recall_seed101,101,standard,soft_dimension,soft_dimension,soft_dimension,True,1536,3,-0.0008117489245099665,0.0,1472.0,1472.0,0.0
associative_recall,transformer_publication_20260622T101458Z_associative_recall_seed101,101,standard,soft_dimension,soft_dimension,soft_dimension,True,2048,3,-0.0007549067959189668,0.0,2048.0,2048.0,0.0
associative_recall,transformer_publication_20260622T101458Z_associative_recall_seed101,101,standard,soft_dimension,soft_dimension,soft_dimension,True,3072,3,-0.00020024064967103338,0.0,3072.0,3072.0,0.0
associative_recall,transformer_publication_20260622T101458Z_associative_recall_seed101,101,standard,soft_dimension,soft_dimension,soft_dimension,True,4096,3,-0.00011453004359893333,0.0,4096.0,4096.0,0.0
associative_recall,transformer_publication_20260622T101458Z_associative_recall_seed101,101,standard,soft_dimension,soft_dimension,soft_dimension,True,6144,3,-0.00012499510436710004,0.0,6144.0,6144.0,0.0
associative_recall,transformer_publication_20260622T101458Z_associative_recall_seed103,103,fixed_update_scale,effective_rank,effective_rank,effective_rank,False,512,3,0.2186786041905483,0.012044270833333334,512.0,512.0,0.0
associative_recall,transformer_publication_20260622T101458Z_associative_recall_seed103,103,fixed_update_scale,effective_rank,effective_rank,effective_rank,False,1024,3,-0.0237393306257824,0.0,1024.0,1024.0,0.0
associative_recall,transformer_publication_20260622T101458Z_associative_recall_seed103,103,fixed_update_scale,effective_rank,effective_rank,effective_rank,False,1536,3,-0.0017977090707669667,0.0,1536.0,1536.0,0.0
associative_recall,transformer_publication_20260622T101458Z_associative_recall_seed103,103,fixed_update_scale,effective_rank,effective_rank,effective_rank,False,2048,3,-0.0014960023593933332,0.0,2048.0,2048.0,0.0
associative_recall,transformer_publication_20260622T101458Z_associative_recall_seed103,103,fixed_update_scale,effective_rank,effective_rank,effective_rank,False,3072,3,5.3811721348665945e-06,0.0,3072.0,3072.0,0.0
associative_recall,transformer_publication_20260622T101458Z_associative_recall_seed103,103,fixed_update_scale,effective_rank,effective_rank,effective_rank,False,4096,3,-0.00039879836549519993,0.0,4096.0,4096.0,0.0
associative_recall,transformer_publication_20260622T101458Z_associative_recall_seed103,103,fixed_update_scale,effective_rank,effective_rank,effective_rank,False,6144,3,-0.00010535419520843336,0.0,6144.0,6144.0,0.0
associative_recall,transformer_publication_20260622T101458Z_associative_recall_seed103,103,fixed_update_scale,gradient_norm,gradient_norm,gradient_norm,False,512,3,0.11862184666097168,0.037760416666666664,512.0,512.0,0.0
associative_recall,transformer_publication_20260622T101458Z_associative_recall_seed103,103,fixed_update_scale,gradient_norm,gradient_norm,gradient_norm,False,1024,3,-0.029603627665589233,0.0,1024.0,1024.0,0.0
associative_recall,transformer_publication_20260622T101458Z_associative_recall_seed103,103,fixed_update_scale,gradient_norm,gradient_norm,gradient_norm,False,1536,3,-0.002093868582354267,0.0,1536.0,1536.0,0.0
associative_recall,transformer_publication_20260622T101458Z_associative_recall_seed103,103,fixed_update_scale,gradient_norm,gradient_norm,gradient_norm,False,2048,3,-0.0019090543792117665,0.0,2048.0,2048.0,0.0
associative_recall,transformer_publication_20260622T101458Z_associative_recall_seed103,103,fixed_update_scale,gradient_norm,gradient_norm,gradient_norm,False,3072,3,-0.00041934817757770005,0.0,3072.0,3072.0,0.0
associative_recall,transformer_publication_20260622T101458Z_associative_recall_seed103,103,fixed_update_scale,gradient_norm,gradient_norm,gradient_norm,False,4096,3,-0.0004871986505653333,0.0,4096.0,4096.0,0.0
associative_recall,transformer_publication_20260622T101458Z_associative_recall_seed103,103,fixed_update_scale,gradient_norm,gradient_norm,gradient_norm,False,6144,3,-0.0001455314219735333,0.0,6144.0,6144.0,0.0
associative_recall,transformer_publication_20260622T101458Z_associative_recall_seed103,103,fixed_update_scale,marginal_gain_edge,marginal_gain_edge,marginal_gain_edge,False,512,3,0.05221064575016501,0.0380859375,512.0,512.0,0.0
associative_recall,transformer_publication_20260622T101458Z_associative_recall_seed103,103,fixed_update_scale,marginal_gain_edge,marginal_gain_edge,marginal_gain_edge,False,1024,3,-0.022704783361405134,0.0,1024.0,1024.0,0.0
associative_recall,transformer_publication_20260622T101458Z_associative_recall_seed103,103,fixed_update_scale,marginal_gain_edge,marginal_gain_edge,marginal_gain_edge,False,1536,3,-0.0028351852961350336,0.0,1536.0,1536.0,0.0
associative_recall,transformer_publication_20260622T101458Z_associative_recall_seed103,103,fixed_update_scale,marginal_gain_edge,marginal_gain_edge,marginal_gain_edge,False,2048,3,-0.0018152570022114667,0.0,2048.0,2048.0,0.0
associative_recall,transformer_publication_20260622T101458Z_associative_recall_seed103,103,fixed_update_scale,marginal_gain_edge,marginal_gain_edge,marginal_gain_edge,False,3072,3,-0.0004480041970964333,0.0,3072.0,3072.0,0.0
associative_recall,transformer_publication_20260622T101458Z_associative_recall_seed103,103,fixed_update_scale,marginal_gain_edge,marginal_gain_edge,marginal_gain_edge,False,4096,3,-0.0004374063428258667,0.0,4096.0,4096.0,0.0
associative_recall,transformer_publication_20260622T101458Z_associative_recall_seed103,103,fixed_update_scale,marginal_gain_edge,marginal_gain_edge,marginal_gain_edge,False,6144,3,-0.00012865726118130002,0.0,6144.0,6144.0,0.0
associative_recall,transformer_publication_20260622T101458Z_associative_recall_seed103,103,fixed_update_scale,marginal_gain_soft,marginal_gain_soft,marginal_gain_soft,False,512,3,0.05221064575016501,0.0380859375,512.0,512.0,0.0
associative_recall,transformer_publication_20260622T101458Z_associative_recall_seed103,103,fixed_update_scale,marginal_gain_soft,marginal_gain_soft,marginal_gain_soft,False,1024,3,-0.022704783361405134,0.0,1024.0,1024.0,0.0
associative_recall,transformer_publication_20260622T101458Z_associative_recall_seed103,103,fixed_update_scale,marginal_gain_soft,marginal_gain_soft,marginal_gain_soft,False,1536,3,-0.0028351852961350336,0.0,1536.0,1536.0,0.0
associative_recall,transformer_publication_20260622T101458Z_associative_recall_seed103,103,fixed_update_scale,marginal_gain_soft,marginal_gain_soft,marginal_gain_soft,False,2048,3,-0.0018152570022114667,0.0,2048.0,2048.0,0.0
associative_recall,transformer_publication_20260622T101458Z_associative_recall_seed103,103,fixed_update_scale,marginal_gain_soft,marginal_gain_soft,marginal_gain_soft,False,3072,3,-0.0004480041970964333,0.0,3072.0,3072.0,0.0
associative_recall,transformer_publication_20260622T101458Z_associative_recall_seed103,103,fixed_update_scale,marginal_gain_soft,marginal_gain_soft,marginal_gain_soft,False,4096,3,-0.00026144197424099995,0.0,4096.0,4096.0,0.0
associative_recall,transformer_publication_20260622T101458Z_associative_recall_seed103,103,fixed_update_scale,marginal_gain_soft,marginal_gain_soft,marginal_gain_soft,False,6144,3,-0.0001493252639193,0.0,6144.0,6144.0,0.0
associative_recall,transformer_publication_20260622T101458Z_associative_recall_seed103,103,fixed_update_scale,soft_dimension,soft_dimension,soft_dimension,True,512,3,0.2186786041905483,0.012044270833333334,512.0,512.0,0.0
associative_recall,transformer_publication_20260622T101458Z_associative_recall_seed103,103,fixed_update_scale,soft_dimension,soft_dimension,soft_dimension,True,1024,3,-0.0237393306257824,0.0,1024.0,1024.0,0.0
associative_recall,transformer_publication_20260622T101458Z_associative_recall_seed103,103,fixed_update_scale,soft_dimension,soft_dimension,soft_dimension,True,1536,3,-0.0010754466056823331,0.0,1472.0,1472.0,0.0
associative_recall,transformer_publication_20260622T101458Z_associative_recall_seed103,103,fixed_update_scale,soft_dimension,soft_dimension,soft_dimension,True,2048,3,-0.0004421215756640999,0.0,2048.0,2048.0,0.0
associative_recall,transformer_publication_20260622T101458Z_associative_recall_seed103,103,fixed_update_scale,soft_dimension,soft_dimension,soft_dimension,True,3072,3,4.8150614020399905e-05,0.0,3072.0,3072.0,0.0
associative_recall,transformer_publication_20260622T101458Z_associative_recall_seed103,103,fixed_update_scale,soft_dimension,soft_dimension,soft_dimension,True,4096,3,-0.00034364388072089994,0.0,4096.0,4096.0,0.0
associative_recall,transformer_publication_20260622T101458Z_associative_recall_seed103,103,fixed_update_scale,soft_dimension,soft_dimension,soft_dimension,True,6144,3,-8.439862964826669e-05,0.0,6144.0,6144.0,0.0
associative_recall,transformer_publication_20260622T101458Z_associative_recall_seed103,103,rslora,effective_rank,effective_rank,effective_rank,False,512,3,0.30499065356949967,-0.016927083333333332,512.0,512.0,0.0
associative_recall,transformer_publication_20260622T101458Z_associative_recall_seed103,103,rslora,effective_rank,effective_rank,effective_rank,False,1024,3,-0.0284290480970716,0.001953125,1024.0,1024.0,0.0
associative_recall,transformer_publication_20260622T101458Z_associative_recall_seed103,103,rslora,effective_rank,effective_rank,effective_rank,False,1536,3,-0.0015208258021933666,0.0,1536.0,1536.0,0.0
associative_recall,transformer_publication_20260622T101458Z_associative_recall_seed103,103,rslora,effective_rank,effective_rank,effective_rank,False,2048,3,-0.0010191429464612002,0.0,2048.0,2048.0,0.0
associative_recall,transformer_publication_20260622T101458Z_associative_recall_seed103,103,rslora,effective_rank,effective_rank,effective_rank,False,3072,3,-0.0002371877829621667,0.0,3072.0,3072.0,0.0
associative_recall,transformer_publication_20260622T101458Z_associative_recall_seed103,103,rslora,effective_rank,effective_rank,effective_rank,False,4096,3,-0.00016203451377806667,0.0,4096.0,4096.0,0.0
associative_recall,transformer_publication_20260622T101458Z_associative_recall_seed103,103,rslora,effective_rank,effective_rank,effective_rank,False,6144,3,-0.00012239436182423332,0.0,6144.0,6144.0,0.0
associative_recall,transformer_publication_20260622T101458Z_associative_recall_seed103,103,rslora,gradient_norm,gradient_norm,gradient_norm,False,512,3,0.1859172067294518,0.009440104166666666,512.0,512.0,0.0
associative_recall,transformer_publication_20260622T101458Z_associative_recall_seed103,103,rslora,gradient_norm,gradient_norm,gradient_norm,False,1024,3,-0.030134765120844065,0.001953125,1024.0,1024.0,0.0
associative_recall,transformer_publication_20260622T101458Z_associative_recall_seed103,103,rslora,gradient_norm,gradient_norm,gradient_norm,False,1536,3,-0.0022167586236416337,0.0,1536.0,1536.0,0.0
associative_recall,transformer_publication_20260622T101458Z_associative_recall_seed103,103,rslora,gradient_norm,gradient_norm,gradient_norm,False,2048,3,-0.0011395304415297337,0.0,2048.0,2048.0,0.0
associative_recall,transformer_publication_20260622T101458Z_associative_recall_seed103,103,rslora,gradient_norm,gradient_norm,gradient_norm,False,3072,3,-0.0004652478867986667,0.0,3072.0,3072.0,0.0
associative_recall,transformer_publication_20260622T101458Z_associative_recall_seed103,103,rslora,gradient_norm,gradient_norm,gradient_norm,False,4096,3,-0.00017341323837173332,0.0,4096.0,4096.0,0.0
associative_recall,transformer_publication_20260622T101458Z_associative_recall_seed103,103,rslora,gradient_norm,gradient_norm,gradient_norm,False,6144,3,-0.00011319022693593336,0.0,6144.0,6144.0,0.0
associative_recall,transformer_publication_20260622T101458Z_associative_recall_seed103,103,rslora,marginal_gain_edge,marginal_gain_edge,marginal_gain_edge,False,512,3,0.08893604762852193,0.009440104166666666,512.0,512.0,0.0
associative_recall,transformer_publication_20260622T101458Z_associative_recall_seed103,103,rslora,marginal_gain_edge,marginal_gain_edge,marginal_gain_edge,False,1024,3,-0.022055595957984536,0.001953125,1024.0,1024.0,0.0
associative_recall,transformer_publication_20260622T101458Z_associative_recall_seed103,103,rslora,marginal_gain_edge,marginal_gain_edge,marginal_gain_edge,False,1536,3,-0.001832283587039767,0.0,1536.0,1536.0,0.0
associative_recall,transformer_publication_20260622T101458Z_associative_recall_seed103,103,rslora,marginal_gain_edge,marginal_gain_edge,marginal_gain_edge,False,2048,3,-0.0013076572358841,0.0,2048.0,2048.0,0.0
associative_recall,transformer_publication_20260622T101458Z_associative_recall_seed103,103,rslora,marginal_gain_edge,marginal_gain_edge,marginal_gain_edge,False,3072,3,-0.0003459273430053001,0.0,3072.0,3072.0,0.0
associative_recall,transformer_publication_20260622T101458Z_associative_recall_seed103,103,rslora,marginal_gain_edge,marginal_gain_edge,marginal_gain_edge,False,4096,3,-2.8122604514199982e-05,0.0,4096.0,4096.0,0.0
associative_recall,transformer_publication_20260622T101458Z_associative_recall_seed103,103,rslora,marginal_gain_edge,marginal_gain_edge,marginal_gain_edge,False,6144,3,-0.00010201318703666666,0.0,6144.0,6144.0,0.0
associative_recall,transformer_publication_20260622T101458Z_associative_recall_seed103,103,rslora,marginal_gain_soft,marginal_gain_soft,marginal_gain_soft,False,512,3,0.08893604762852193,0.009440104166666666,512.0,512.0,0.0
associative_recall,transformer_publication_20260622T101458Z_associative_recall_seed103,103,rslora,marginal_gain_soft,marginal_gain_soft,marginal_gain_soft,False,1024,3,-0.022055595957984536,0.001953125,1024.0,1024.0,0.0
associative_recall,transformer_publication_20260622T101458Z_associative_recall_seed103,103,rslora,marginal_gain_soft,marginal_gain_soft,marginal_gain_soft,False,1536,3,-0.001832283587039767,0.0,1536.0,1536.0,0.0
associative_recall,transformer_publication_20260622T101458Z_associative_recall_seed103,103,rslora,marginal_gain_soft,marginal_gain_soft,marginal_gain_soft,False,2048,3,-0.0013076572358841,0.0,2048.0,2048.0,0.0
associative_recall,transformer_publication_20260622T101458Z_associative_recall_seed103,103,rslora,marginal_gain_soft,marginal_gain_soft,marginal_gain_soft,False,3072,3,-0.0003459273430053001,0.0,3072.0,3072.0,0.0
associative_recall,transformer_publication_20260622T101458Z_associative_recall_seed103,103,rslora,marginal_gain_soft,marginal_gain_soft,marginal_gain_soft,False,4096,3,0.00012634742112516668,0.0,4096.0,4096.0,0.0
associative_recall,transformer_publication_20260622T101458Z_associative_recall_seed103,103,rslora,marginal_gain_soft,marginal_gain_soft,marginal_gain_soft,False,6144,3,-5.644456541630001e-05,0.0,6144.0,6144.0,0.0
associative_recall,transformer_publication_20260622T101458Z_associative_recall_seed103,103,rslora,soft_dimension,soft_dimension,soft_dimension,True,512,3,0.30499065356949967,-0.016927083333333332,512.0,512.0,0.0
associative_recall,transformer_publication_20260622T101458Z_associative_recall_seed103,103,rslora,soft_dimension,soft_dimension,soft_dimension,True,1024,3,-0.0284290480970716,0.001953125,1024.0,1024.0,0.0
associative_recall,transformer_publication_20260622T101458Z_associative_recall_seed103,103,rslora,soft_dimension,soft_dimension,soft_dimension,True,1536,3,-0.00018857997686913338,0.0,1472.0,1472.0,0.0
associative_recall,transformer_publication_20260622T101458Z_associative_recall_seed103,103,rslora,soft_dimension,soft_dimension,soft_dimension,True,2048,3,-0.0005509644688572668,0.0,2048.0,2048.0,0.0
associative_recall,transformer_publication_20260622T101458Z_associative_recall_seed103,103,rslora,soft_dimension,soft_dimension,soft_dimension,True,3072,3,-0.00013379051233640003,0.0,3072.0,3072.0,0.0
associative_recall,transformer_publication_20260622T101458Z_associative_recall_seed103,103,rslora,soft_dimension,soft_dimension,soft_dimension,True,4096,3,-8.000540644086667e-05,0.0,4096.0,4096.0,0.0
associative_recall,transformer_publication_20260622T101458Z_associative_recall_seed103,103,rslora,soft_dimension,soft_dimension,soft_dimension,True,6144,3,-9.56749111840667e-05,0.0,6144.0,6144.0,0.0
associative_recall,transformer_publication_20260622T101458Z_associative_recall_seed103,103,standard,effective_rank,effective_rank,effective_rank,False,512,3,0.3525191638618708,-0.03515625,512.0,512.0,0.0
associative_recall,transformer_publication_20260622T101458Z_associative_recall_seed103,103,standard,effective_rank,effective_rank,effective_rank,False,1024,3,-0.18479148251935842,0.025716145833333332,1024.0,1024.0,0.0
associative_recall,transformer_publication_20260622T101458Z_associative_recall_seed103,103,standard,effective_rank,effective_rank,effective_rank,False,1536,3,-0.014574499170218268,0.0,1536.0,1536.0,0.0
associative_recall,transformer_publication_20260622T101458Z_associative_recall_seed103,103,standard,effective_rank,effective_rank,effective_rank,False,2048,3,-0.0005937439224604999,0.0,2048.0,2048.0,0.0
associative_recall,transformer_publication_20260622T101458Z_associative_recall_seed103,103,standard,effective_rank,effective_rank,effective_rank,False,3072,3,-0.0003707633441081,0.0,3072.0,3072.0,0.0
associative_recall,transformer_publication_20260622T101458Z_associative_recall_seed103,103,standard,effective_rank,effective_rank,effective_rank,False,4096,3,-0.00012349673246110006,0.0,4096.0,4096.0,0.0
associative_recall,transformer_publication_20260622T101458Z_associative_recall_seed103,103,standard,effective_rank,effective_rank,effective_rank,False,6144,3,-9.109880193143337e-05,0.0,6144.0,6144.0,0.0
associative_recall,transformer_publication_20260622T101458Z_associative_recall_seed103,103,standard,gradient_norm,gradient_norm,gradient_norm,False,512,3,0.19215463163952037,0.0,512.0,512.0,0.0
associative_recall,transformer_publication_20260622T101458Z_associative_recall_seed103,103,standard,gradient_norm,gradient_norm,gradient_norm,False,1024,3,-0.18697514586771533,0.025716145833333332,1024.0,1024.0,0.0
associative_recall,transformer_publication_20260622T101458Z_associative_recall_seed103,103,standard,gradient_norm,gradient_norm,gradient_norm,False,1536,3,-0.014967743666299334,0.0,1536.0,1536.0,0.0
associative_recall,transformer_publication_20260622T101458Z_associative_recall_seed103,103,standard,gradient_norm,gradient_norm,gradient_norm,False,2048,3,-0.0005956620443612,0.0,2048.0,2048.0,0.0
associative_recall,transformer_publication_20260622T101458Z_associative_recall_seed103,103,standard,gradient_norm,gradient_norm,gradient_norm,False,3072,3,-0.0005145677181037999,0.0,3072.0,3072.0,0.0
associative_recall,transformer_publication_20260622T101458Z_associative_recall_seed103,103,standard,gradient_norm,gradient_norm,gradient_norm,False,4096,3,-6.91481400281334e-05,0.0,4096.0,4096.0,0.0
associative_recall,transformer_publication_20260622T101458Z_associative_recall_seed103,103,standard,gradient_norm,gradient_norm,gradient_norm,False,6144,3,-6.746769213353337e-05,0.0,6144.0,6144.0,0.0
associative_recall,transformer_publication_20260622T101458Z_associative_recall_seed103,103,standard,marginal_gain_edge,marginal_gain_edge,marginal_gain_edge,False,512,3,0.09913136127094431,0.0,512.0,512.0,0.0
associative_recall,transformer_publication_20260622T101458Z_associative_recall_seed103,103,standard,marginal_gain_edge,marginal_gain_edge,marginal_gain_edge,False,1024,3,-0.178055665960225,0.025716145833333332,1024.0,1024.0,0.0
associative_recall,transformer_publication_20260622T101458Z_associative_recall_seed103,103,standard,marginal_gain_edge,marginal_gain_edge,marginal_gain_edge,False,1536,3,-0.013924244150985032,0.0,1536.0,1536.0,0.0
associative_recall,transformer_publication_20260622T101458Z_associative_recall_seed103,103,standard,marginal_gain_edge,marginal_gain_edge,marginal_gain_edge,False,2048,3,-0.0008009553372782001,0.0,2048.0,2048.0,0.0
associative_recall,transformer_publication_20260622T101458Z_associative_recall_seed103,103,standard,marginal_gain_edge,marginal_gain_edge,marginal_gain_edge,False,3072,3,-0.00031725949763006673,0.0,3072.0,3072.0,0.0
associative_recall,transformer_publication_20260622T101458Z_associative_recall_seed103,103,standard,marginal_gain_edge,marginal_gain_edge,marginal_gain_edge,False,4096,3,9.39758950456666e-05,0.0,4096.0,4096.0,0.0
associative_recall,transformer_publication_20260622T101458Z_associative_recall_seed103,103,standard,marginal_gain_edge,marginal_gain_edge,marginal_gain_edge,False,6144,3,-8.012788263543336e-05,0.0,6144.0,6144.0,0.0
associative_recall,transformer_publication_20260622T101458Z_associative_recall_seed103,103,standard,marginal_gain_soft,marginal_gain_soft,marginal_gain_soft,False,512,3,0.09913136127094431,0.0,512.0,512.0,0.0
associative_recall,transformer_publication_20260622T101458Z_associative_recall_seed103,103,standard,marginal_gain_soft,marginal_gain_soft,marginal_gain_soft,False,1024,3,-0.178055665960225,0.025716145833333332,1024.0,1024.0,0.0
associative_recall,transformer_publication_20260622T101458Z_associative_recall_seed103,103,standard,marginal_gain_soft,marginal_gain_soft,marginal_gain_soft,False,1536,3,-0.013924244150985032,0.0,1536.0,1536.0,0.0
associative_recall,transformer_publication_20260622T101458Z_associative_recall_seed103,103,standard,marginal_gain_soft,marginal_gain_soft,marginal_gain_soft,False,2048,3,-0.0008009553372782001,0.0,2048.0,2048.0,0.0
associative_recall,transformer_publication_20260622T101458Z_associative_recall_seed103,103,standard,marginal_gain_soft,marginal_gain_soft,marginal_gain_soft,False,3072,3,-0.00031725949763006673,0.0,3072.0,3072.0,0.0
associative_recall,transformer_publication_20260622T101458Z_associative_recall_seed103,103,standard,marginal_gain_soft,marginal_gain_soft,marginal_gain_soft,False,4096,3,0.00031446233818619996,0.0,4096.0,4096.0,0.0
associative_recall,transformer_publication_20260622T101458Z_associative_recall_seed103,103,standard,marginal_gain_soft,marginal_gain_soft,marginal_gain_soft,False,6144,3,9.057365241459989e-05,0.0,6144.0,6144.0,0.0
associative_recall,transformer_publication_20260622T101458Z_associative_recall_seed103,103,standard,soft_dimension,soft_dimension,soft_dimension,True,512,3,0.3525191638618708,-0.03515625,512.0,512.0,0.0
associative_recall,transformer_publication_20260622T101458Z_associative_recall_seed103,103,standard,soft_dimension,soft_dimension,soft_dimension,True,1024,3,-0.18479148251935842,0.025716145833333332,1024.0,1024.0,0.0
associative_recall,transformer_publication_20260622T101458Z_associative_recall_seed103,103,standard,soft_dimension,soft_dimension,soft_dimension,True,1536,3,0.0004177347097235335,0.0,1472.0,1472.0,0.0
associative_recall,transformer_publication_20260622T101458Z_associative_recall_seed103,103,standard,soft_dimension,soft_dimension,soft_dimension,True,2048,3,-0.00037308055713460004,0.0,2048.0,2048.0,0.0
associative_recall,transformer_publication_20260622T101458Z_associative_recall_seed103,103,standard,soft_dimension,soft_dimension,soft_dimension,True,3072,3,-0.00014969253485706664,0.0,3072.0,3072.0,0.0
associative_recall,transformer_publication_20260622T101458Z_associative_recall_seed103,103,standard,soft_dimension,soft_dimension,soft_dimension,True,4096,3,-8.818495552986672e-05,0.0,4096.0,4096.0,0.0
associative_recall,transformer_publication_20260622T101458Z_associative_recall_seed103,103,standard,soft_dimension,soft_dimension,soft_dimension,True,6144,3,-8.18367940762e-05,0.0,6144.0,6144.0,0.0
associative_recall,transformer_publication_20260622T101458Z_associative_recall_seed107,107,fixed_update_scale,effective_rank,effective_rank,effective_rank,False,512,3,0.21617413808902106,-0.031901041666666664,512.0,512.0,0.0
associative_recall,transformer_publication_20260622T101458Z_associative_recall_seed107,107,fixed_update_scale,effective_rank,effective_rank,effective_rank,False,1024,3,-0.04589796516423423,0.0,1024.0,1024.0,0.0
associative_recall,transformer_publication_20260622T101458Z_associative_recall_seed107,107,fixed_update_scale,effective_rank,effective_rank,effective_rank,False,1536,3,-0.0030962576080735,0.0,1472.0,1472.0,0.0
associative_recall,transformer_publication_20260622T101458Z_associative_recall_seed107,107,fixed_update_scale,effective_rank,effective_rank,effective_rank,False,2048,3,-0.0006333987112156671,0.0,2048.0,2048.0,0.0
associative_recall,transformer_publication_20260622T101458Z_associative_recall_seed107,107,fixed_update_scale,effective_rank,effective_rank,effective_rank,False,3072,3,-0.0001451396189319666,0.0,3072.0,3072.0,0.0
associative_recall,transformer_publication_20260622T101458Z_associative_recall_seed107,107,fixed_update_scale,effective_rank,effective_rank,effective_rank,False,4096,3,-3.8839983365800036e-05,0.0,4096.0,4096.0,0.0
associative_recall,transformer_publication_20260622T101458Z_associative_recall_seed107,107,fixed_update_scale,effective_rank,effective_rank,effective_rank,False,6144,3,-0.00011176705690256674,0.0,6144.0,6144.0,0.0
associative_recall,transformer_publication_20260622T101458Z_associative_recall_seed107,107,fixed_update_scale,gradient_norm,gradient_norm,gradient_norm,False,512,3,-0.057066071778535864,0.07942708333333333,512.0,512.0,0.0
associative_recall,transformer_publication_20260622T101458Z_associative_recall_seed107,107,fixed_update_scale,gradient_norm,gradient_norm,gradient_norm,False,1024,3,-0.007010116629923365,0.0,960.0,960.0,0.0
associative_recall,transformer_publication_20260622T101458Z_associative_recall_seed107,107,fixed_update_scale,gradient_norm,gradient_norm,gradient_norm,False,1536,3,-0.005532867372191233,0.0,1536.0,1536.0,0.0
associative_recall,transformer_publication_20260622T101458Z_associative_recall_seed107,107,fixed_update_scale,gradient_norm,gradient_norm,gradient_norm,False,2048,3,-0.003705994905127834,0.0,2048.0,2048.0,0.0
associative_recall,transformer_publication_20260622T101458Z_associative_recall_seed107,107,fixed_update_scale,gradient_norm,gradient_norm,gradient_norm,False,3072,3,-0.0006664077664026999,0.0,3072.0,3072.0,0.0
associative_recall,transformer_publication_20260622T101458Z_associative_recall_seed107,107,fixed_update_scale,gradient_norm,gradient_norm,gradient_norm,False,4096,3,-0.00030440329283010003,0.0,4096.0,4096.0,0.0
associative_recall,transformer_publication_20260622T101458Z_associative_recall_seed107,107,fixed_update_scale,gradient_norm,gradient_norm,gradient_norm,False,6144,3,-0.00019653282894676672,0.0,6144.0,6144.0,0.0
associative_recall,transformer_publication_20260622T101458Z_associative_recall_seed107,107,fixed_update_scale,marginal_gain_edge,marginal_gain_edge,marginal_gain_edge,False,512,3,-0.07142669955889387,0.07845052083333333,512.0,512.0,0.0
associative_recall,transformer_publication_20260622T101458Z_associative_recall_seed107,107,fixed_update_scale,marginal_gain_edge,marginal_gain_edge,marginal_gain_edge,False,1024,3,-0.0390126637648791,0.0,1024.0,1024.0,0.0
associative_recall,transformer_publication_20260622T101458Z_associative_recall_seed107,107,fixed_update_scale,marginal_gain_edge,marginal_gain_edge,marginal_gain_edge,False,1536,3,-0.005489829306801167,0.0,1472.0,1472.0,0.0
associative_recall,transformer_publication_20260622T101458Z_associative_recall_seed107,107,fixed_update_scale,marginal_gain_edge,marginal_gain_edge,marginal_gain_edge,False,2048,3,-0.004150261306980033,0.0,2048.0,2048.0,0.0
associative_recall,transformer_publication_20260622T101458Z_associative_recall_seed107,107,fixed_update_scale,marginal_gain_edge,marginal_gain_edge,marginal_gain_edge,False,3072,3,-0.0007357359718298331,0.0,3072.0,3072.0,0.0
associative_recall,transformer_publication_20260622T101458Z_associative_recall_seed107,107,fixed_update_scale,marginal_gain_edge,marginal_gain_edge,marginal_gain_edge,False,4096,3,-0.00032975461605626674,0.0,4096.0,4096.0,0.0
associative_recall,transformer_publication_20260622T101458Z_associative_recall_seed107,107,fixed_update_scale,marginal_gain_edge,marginal_gain_edge,marginal_gain_edge,False,6144,3,-0.00017180125481293333,0.0,6144.0,6144.0,0.0
associative_recall,transformer_publication_20260622T101458Z_associative_recall_seed107,107,fixed_update_scale,marginal_gain_soft,marginal_gain_soft,marginal_gain_soft,False,512,3,-0.07142669955889387,0.07845052083333333,512.0,512.0,0.0
associative_recall,transformer_publication_20260622T101458Z_associative_recall_seed107,107,fixed_update_scale,marginal_gain_soft,marginal_gain_soft,marginal_gain_soft,False,1024,3,-0.0390126637648791,0.0,1024.0,1024.0,0.0
associative_recall,transformer_publication_20260622T101458Z_associative_recall_seed107,107,fixed_update_scale,marginal_gain_soft,marginal_gain_soft,marginal_gain_soft,False,1536,3,-0.006334643616961933,0.0,1536.0,1536.0,0.0
associative_recall,transformer_publication_20260622T101458Z_associative_recall_seed107,107,fixed_update_scale,marginal_gain_soft,marginal_gain_soft,marginal_gain_soft,False,2048,3,-0.004150261306980033,0.0,2048.0,2048.0,0.0
associative_recall,transformer_publication_20260622T101458Z_associative_recall_seed107,107,fixed_update_scale,marginal_gain_soft,marginal_gain_soft,marginal_gain_soft,False,3072,3,-0.0008862341249672,0.0,3008.0,3008.0,0.0
associative_recall,transformer_publication_20260622T101458Z_associative_recall_seed107,107,fixed_update_scale,marginal_gain_soft,marginal_gain_soft,marginal_gain_soft,False,4096,3,-0.0003961680583112334,0.0,4096.0,4096.0,0.0
associative_recall,transformer_publication_20260622T101458Z_associative_recall_seed107,107,fixed_update_scale,marginal_gain_soft,marginal_gain_soft,marginal_gain_soft,False,6144,3,-0.00016921653635413334,0.0,6144.0,6144.0,0.0
associative_recall,transformer_publication_20260622T101458Z_associative_recall_seed107,107,fixed_update_scale,soft_dimension,soft_dimension,soft_dimension,True,512,3,0.21617413808902106,-0.031901041666666664,512.0,512.0,0.0
associative_recall,transformer_publication_20260622T101458Z_associative_recall_seed107,107,fixed_update_scale,soft_dimension,soft_dimension,soft_dimension,True,1024,3,-0.04589796516423423,0.0,1024.0,1024.0,0.0
associative_recall,transformer_publication_20260622T101458Z_associative_recall_seed107,107,fixed_update_scale,soft_dimension,soft_dimension,soft_dimension,True,1536,3,0.0017826055797437671,0.0,1536.0,1536.0,0.0
associative_recall,transformer_publication_20260622T101458Z_associative_recall_seed107,107,fixed_update_scale,soft_dimension,soft_dimension,soft_dimension,True,2048,3,-0.0006333987112156671,0.0,2048.0,2048.0,0.0
associative_recall,transformer_publication_20260622T101458Z_associative_recall_seed107,107,fixed_update_scale,soft_dimension,soft_dimension,soft_dimension,True,3072,3,9.886707024033397e-06,0.0,3072.0,3072.0,0.0
associative_recall,transformer_publication_20260622T101458Z_associative_recall_seed107,107,fixed_update_scale,soft_dimension,soft_dimension,soft_dimension,True,4096,3,-3.8839983365800036e-05,0.0,4096.0,4096.0,0.0
associative_recall,transformer_publication_20260622T101458Z_associative_recall_seed107,107,fixed_update_scale,soft_dimension,soft_dimension,soft_dimension,True,6144,3,-0.00013691227650270007,0.0,6144.0,6144.0,0.0
associative_recall,transformer_publication_20260622T101458Z_associative_recall_seed107,107,rslora,effective_rank,effective_rank,effective_rank,False,512,3,0.2191625386476517,0.0078125,512.0,512.0,0.0
associative_recall,transformer_publication_20260622T101458Z_associative_recall_seed107,107,rslora,effective_rank,effective_rank,effective_rank,False,1024,3,-0.08794976638940473,0.0,1024.0,1024.0,0.0
associative_recall,transformer_publication_20260622T101458Z_associative_recall_seed107,107,rslora,effective_rank,effective_rank,effective_rank,False,1536,3,-0.0010372290077308663,0.0,1472.0,1472.0,0.0
associative_recall,transformer_publication_20260622T101458Z_associative_recall_seed107,107,rslora,effective_rank,effective_rank,effective_rank,False,2048,3,-0.0008680651468845999,0.0,2048.0,2048.0,0.0
associative_recall,transformer_publication_20260622T101458Z_associative_recall_seed107,107,rslora,effective_rank,effective_rank,effective_rank,False,3072,3,-0.0002510411917077001,0.0,3072.0,3072.0,0.0
associative_recall,transformer_publication_20260622T101458Z_associative_recall_seed107,107,rslora,effective_rank,effective_rank,effective_rank,False,4096,3,-0.00017702344727389997,0.0,4096.0,4096.0,0.0
associative_recall,transformer_publication_20260622T101458Z_associative_recall_seed107,107,rslora,effective_rank,effective_rank,effective_rank,False,6144,3,-0.00012968324638983335,0.0,6144.0,6144.0,0.0
associative_recall,transformer_publication_20260622T101458Z_associative_recall_seed107,107,rslora,gradient_norm,gradient_norm,gradient_norm,False,512,3,0.02335463836789133,0.06477864583333333,512.0,512.0,0.0
associative_recall,transformer_publication_20260622T101458Z_associative_recall_seed107,107,rslora,gradient_norm,gradient_norm,gradient_norm,False,1024,3,-0.002164571856458968,0.0,960.0,960.0,0.0
associative_recall,transformer_publication_20260622T101458Z_associative_recall_seed107,107,rslora,gradient_norm,gradient_norm,gradient_norm,False,1536,3,-0.004839856352191433,0.0,1536.0,1536.0,0.0
associative_recall,transformer_publication_20260622T101458Z_associative_recall_seed107,107,rslora,gradient_norm,gradient_norm,gradient_norm,False,2048,3,-0.0019667184581825,0.0,2048.0,2048.0,0.0
associative_recall,transformer_publication_20260622T101458Z_associative_recall_seed107,107,rslora,gradient_norm,gradient_norm,gradient_norm,False,3072,3,-0.0005075104030159667,0.0,3072.0,3072.0,0.0
associative_recall,transformer_publication_20260622T101458Z_associative_recall_seed107,107,rslora,gradient_norm,gradient_norm,gradient_norm,False,4096,3,-0.0002109337753305999,0.0,4096.0,4096.0,0.0
associative_recall,transformer_publication_20260622T101458Z_associative_recall_seed107,107,rslora,gradient_norm,gradient_norm,gradient_norm,False,6144,3,-0.00019041448831563337,0.0,6144.0,6144.0,0.0
associative_recall,transformer_publication_20260622T101458Z_associative_recall_seed107,107,rslora,marginal_gain_edge,marginal_gain_edge,marginal_gain_edge,False,512,3,0.011561761299769066,0.0654296875,512.0,512.0,0.0
associative_recall,transformer_publication_20260622T101458Z_associative_recall_seed107,107,rslora,marginal_gain_edge,marginal_gain_edge,marginal_gain_edge,False,1024,3,-0.0833418076702704,0.0,1024.0,1024.0,0.0
associative_recall,transformer_publication_20260622T101458Z_associative_recall_seed107,107,rslora,marginal_gain_edge,marginal_gain_edge,marginal_gain_edge,False,1536,3,-0.0026741282781585995,0.0,1472.0,1472.0,0.0
associative_recall,transformer_publication_20260622T101458Z_associative_recall_seed107,107,rslora,marginal_gain_edge,marginal_gain_edge,marginal_gain_edge,False,2048,3,-0.0021552340282748,0.0,2048.0,2048.0,0.0
associative_recall,transformer_publication_20260622T101458Z_associative_recall_seed107,107,rslora,marginal_gain_edge,marginal_gain_edge,marginal_gain_edge,False,3072,3,-0.0005375158701402333,0.0,3072.0,3072.0,0.0
associative_recall,transformer_publication_20260622T101458Z_associative_recall_seed107,107,rslora,marginal_gain_edge,marginal_gain_edge,marginal_gain_edge,False,4096,3,-0.00022265730755556662,0.0,4096.0,4096.0,0.0
associative_recall,transformer_publication_20260622T101458Z_associative_recall_seed107,107,rslora,marginal_gain_edge,marginal_gain_edge,marginal_gain_edge,False,6144,3,-0.00016773802538716664,0.0,6144.0,6144.0,0.0
associative_recall,transformer_publication_20260622T101458Z_associative_recall_seed107,107,rslora,marginal_gain_soft,marginal_gain_soft,marginal_gain_soft,False,512,3,0.011561761299769066,0.0654296875,512.0,512.0,0.0
associative_recall,transformer_publication_20260622T101458Z_associative_recall_seed107,107,rslora,marginal_gain_soft,marginal_gain_soft,marginal_gain_soft,False,1024,3,-0.0833418076702704,0.0,1024.0,1024.0,0.0
associative_recall,transformer_publication_20260622T101458Z_associative_recall_seed107,107,rslora,marginal_gain_soft,marginal_gain_soft,marginal_gain_soft,False,1536,3,-0.004634937096852767,0.0,1536.0,1536.0,0.0
associative_recall,transformer_publication_20260622T101458Z_associative_recall_seed107,107,rslora,marginal_gain_soft,marginal_gain_soft,marginal_gain_soft,False,2048,3,-0.0021552340282748,0.0,2048.0,2048.0,0.0
associative_recall,transformer_publication_20260622T101458Z_associative_recall_seed107,107,rslora,marginal_gain_soft,marginal_gain_soft,marginal_gain_soft,False,3072,3,-0.0005032848566770666,0.0,3008.0,3008.0,0.0
associative_recall,transformer_publication_20260622T101458Z_associative_recall_seed107,107,rslora,marginal_gain_soft,marginal_gain_soft,marginal_gain_soft,False,4096,3,-0.00022060746656883323,0.0,4096.0,4096.0,0.0
associative_recall,transformer_publication_20260622T101458Z_associative_recall_seed107,107,rslora,marginal_gain_soft,marginal_gain_soft,marginal_gain_soft,False,6144,3,-0.0001000837413206333,0.0,6144.0,6144.0,0.0
associative_recall,transformer_publication_20260622T101458Z_associative_recall_seed107,107,rslora,soft_dimension,soft_dimension,soft_dimension,True,512,3,0.2191625386476517,0.0078125,512.0,512.0,0.0
associative_recall,transformer_publication_20260622T101458Z_associative_recall_seed107,107,rslora,soft_dimension,soft_dimension,soft_dimension,True,1024,3,-0.08794976638940473,0.0,1024.0,1024.0,0.0
associative_recall,transformer_publication_20260622T101458Z_associative_recall_seed107,107,rslora,soft_dimension,soft_dimension,soft_dimension,True,1536,3,0.0010332231953119337,-0.0003255208333333333,1536.0,1536.0,0.0
associative_recall,transformer_publication_20260622T101458Z_associative_recall_seed107,107,rslora,soft_dimension,soft_dimension,soft_dimension,True,2048,3,-0.0008680651468845999,0.0,2048.0,2048.0,0.0
associative_recall,transformer_publication_20260622T101458Z_associative_recall_seed107,107,rslora,soft_dimension,soft_dimension,soft_dimension,True,3072,3,-5.0248442372933414e-05,0.0,3072.0,3072.0,0.0
associative_recall,transformer_publication_20260622T101458Z_associative_recall_seed107,107,rslora,soft_dimension,soft_dimension,soft_dimension,True,4096,3,-0.00017702344727389997,0.0,4096.0,4096.0,0.0
associative_recall,transformer_publication_20260622T101458Z_associative_recall_seed107,107,rslora,soft_dimension,soft_dimension,soft_dimension,True,6144,3,-0.00016866822988963336,0.0,6144.0,6144.0,0.0
associative_recall,transformer_publication_20260622T101458Z_associative_recall_seed107,107,standard,effective_rank,effective_rank,effective_rank,False,512,3,0.26769796510537464,-0.025716145833333332,512.0,512.0,0.0
associative_recall,transformer_publication_20260622T101458Z_associative_recall_seed107,107,standard,effective_rank,effective_rank,effective_rank,False,1024,3,-1.0172970974817872,0.3193359375,1024.0,1024.0,0.0
associative_recall,transformer_publication_20260622T101458Z_associative_recall_seed107,107,standard,effective_rank,effective_rank,effective_rank,False,1536,3,6.319972453636685e-05,0.0,1472.0,1472.0,0.0
associative_recall,transformer_publication_20260622T101458Z_associative_recall_seed107,107,standard,effective_rank,effective_rank,effective_rank,False,2048,3,-0.0094760488815761,0.0,2048.0,2048.0,0.0
associative_recall,transformer_publication_20260622T101458Z_associative_recall_seed107,107,standard,effective_rank,effective_rank,effective_rank,False,3072,3,-0.00032008052706560013,0.0,3072.0,3072.0,0.0
associative_recall,transformer_publication_20260622T101458Z_associative_recall_seed107,107,standard,effective_rank,effective_rank,effective_rank,False,4096,3,-0.0002060072341313,0.0,4096.0,4096.0,0.0
associative_recall,transformer_publication_20260622T101458Z_associative_recall_seed107,107,standard,effective_rank,effective_rank,effective_rank,False,6144,3,-0.00011938546958846663,0.0,6144.0,6144.0,0.0
associative_recall,transformer_publication_20260622T101458Z_associative_recall_seed107,107,standard,gradient_norm,gradient_norm,gradient_norm,False,512,3,0.11451826120416324,0.020833333333333332,512.0,512.0,0.0
associative_recall,transformer_publication_20260622T101458Z_associative_recall_seed107,107,standard,gradient_norm,gradient_norm,gradient_norm,False,1024,3,-0.003339161941160734,0.0,960.0,960.0,0.0
associative_recall,transformer_publication_20260622T101458Z_associative_recall_seed107,107,standard,gradient_norm,gradient_norm,gradient_norm,False,1536,3,-0.0020136047678533664,0.0,1536.0,1536.0,0.0
associative_recall,transformer_publication_20260622T101458Z_associative_recall_seed107,107,standard,gradient_norm,gradient_norm,gradient_norm,False,2048,3,-0.010734752237719199,0.0,2048.0,2048.0,0.0
associative_recall,transformer_publication_20260622T101458Z_associative_recall_seed107,107,standard,gradient_norm,gradient_norm,gradient_norm,False,3072,3,-0.0003566215940130001,0.0,3072.0,3072.0,0.0
associative_recall,transformer_publication_20260622T101458Z_associative_recall_seed107,107,standard,gradient_norm,gradient_norm,gradient_norm,False,4096,3,-7.181687882013336e-05,0.0,4096.0,4096.0,0.0
associative_recall,transformer_publication_20260622T101458Z_associative_recall_seed107,107,standard,gradient_norm,gradient_norm,gradient_norm,False,6144,3,-0.00010858051246033333,0.0,6144.0,6144.0,0.0
associative_recall,transformer_publication_20260622T101458Z_associative_recall_seed107,107,standard,marginal_gain_edge,marginal_gain_edge,marginal_gain_edge,False,512,3,0.1290499356885751,0.0,512.0,512.0,0.0
associative_recall,transformer_publication_20260622T101458Z_associative_recall_seed107,107,standard,marginal_gain_edge,marginal_gain_edge,marginal_gain_edge,False,1024,3,-1.0092481671987723,0.3193359375,1024.0,1024.0,0.0
associative_recall,transformer_publication_20260622T101458Z_associative_recall_seed107,107,standard,marginal_gain_edge,marginal_gain_edge,marginal_gain_edge,False,1536,3,-0.0018437508260830996,0.0,1472.0,1472.0,0.0
associative_recall,transformer_publication_20260622T101458Z_associative_recall_seed107,107,standard,marginal_gain_edge,marginal_gain_edge,marginal_gain_edge,False,2048,3,-0.011029304781307765,0.0,2048.0,2048.0,0.0
associative_recall,transformer_publication_20260622T101458Z_associative_recall_seed107,107,standard,marginal_gain_edge,marginal_gain_edge,marginal_gain_edge,False,3072,3,-0.00042893265102366676,0.0,3072.0,3072.0,0.0
associative_recall,transformer_publication_20260622T101458Z_associative_recall_seed107,107,standard,marginal_gain_edge,marginal_gain_edge,marginal_gain_edge,False,4096,3,-0.00010071531869469996,0.0,4096.0,4096.0,0.0
associative_recall,transformer_publication_20260622T101458Z_associative_recall_seed107,107,standard,marginal_gain_edge,marginal_gain_edge,marginal_gain_edge,False,6144,3,-3.88190480104666e-05,0.0,6144.0,6144.0,0.0
associative_recall,transformer_publication_20260622T101458Z_associative_recall_seed107,107,standard,marginal_gain_soft,marginal_gain_soft,marginal_gain_soft,False,512,3,0.1290499356885751,0.0,512.0,512.0,0.0
associative_recall,transformer_publication_20260622T101458Z_associative_recall_seed107,107,standard,marginal_gain_soft,marginal_gain_soft,marginal_gain_soft,False,1024,3,-1.0092481671987723,0.3193359375,1024.0,1024.0,0.0
associative_recall,transformer_publication_20260622T101458Z_associative_recall_seed107,107,standard,marginal_gain_soft,marginal_gain_soft,marginal_gain_soft,False,1536,3,-0.0014191075460984997,0.0,1536.0,1536.0,0.0
associative_recall,transformer_publication_20260622T101458Z_associative_recall_seed107,107,standard,marginal_gain_soft,marginal_gain_soft,marginal_gain_soft,False,2048,3,-0.011029304781307765,0.0,2048.0,2048.0,0.0
associative_recall,transformer_publication_20260622T101458Z_associative_recall_seed107,107,standard,marginal_gain_soft,marginal_gain_soft,marginal_gain_soft,False,3072,3,0.0001177715700275333,0.0,3008.0,3008.0,0.0
associative_recall,transformer_publication_20260622T101458Z_associative_recall_seed107,107,standard,marginal_gain_soft,marginal_gain_soft,marginal_gain_soft,False,4096,3,2.0502115755033313e-05,0.0,4096.0,4096.0,0.0
associative_recall,transformer_publication_20260622T101458Z_associative_recall_seed107,107,standard,marginal_gain_soft,marginal_gain_soft,marginal_gain_soft,False,6144,3,6.633792751623339e-05,0.0,6144.0,6144.0,0.0
associative_recall,transformer_publication_20260622T101458Z_associative_recall_seed107,107,standard,soft_dimension,soft_dimension,soft_dimension,True,512,3,0.26769796510537464,-0.025716145833333332,512.0,512.0,0.0
associative_recall,transformer_publication_20260622T101458Z_associative_recall_seed107,107,standard,soft_dimension,soft_dimension,soft_dimension,True,1024,3,-1.0172970974817872,0.3193359375,1024.0,1024.0,0.0
associative_recall,transformer_publication_20260622T101458Z_associative_recall_seed107,107,standard,soft_dimension,soft_dimension,soft_dimension,True,1536,3,0.0005787337237659002,0.0,1536.0,1536.0,0.0
associative_recall,transformer_publication_20260622T101458Z_associative_recall_seed107,107,standard,soft_dimension,soft_dimension,soft_dimension,True,2048,3,-0.0094760488815761,0.0,2048.0,2048.0,0.0
associative_recall,transformer_publication_20260622T101458Z_associative_recall_seed107,107,standard,soft_dimension,soft_dimension,soft_dimension,True,3072,3,-0.00028082294738850013,0.0,3072.0,3072.0,0.0
associative_recall,transformer_publication_20260622T101458Z_associative_recall_seed107,107,standard,soft_dimension,soft_dimension,soft_dimension,True,4096,3,-0.0002060072341313,0.0,4096.0,4096.0,0.0
associative_recall,transformer_publication_20260622T101458Z_associative_recall_seed107,107,standard,soft_dimension,soft_dimension,soft_dimension,True,6144,3,-0.00012395079102136655,0.0,6144.0,6144.0,0.0
associative_recall,transformer_publication_20260622T101458Z_associative_recall_seed109,109,fixed_update_scale,effective_rank,effective_rank,effective_rank,False,512,3,0.0,0.0,512.0,512.0,0.0
associative_recall,transformer_publication_20260622T101458Z_associative_recall_seed109,109,fixed_update_scale,effective_rank,effective_rank,effective_rank,False,1024,3,-0.0125613783796628,0.0003255208333333333,1024.0,1024.0,0.0
associative_recall,transformer_publication_20260622T101458Z_associative_recall_seed109,109,fixed_update_scale,effective_rank,effective_rank,effective_rank,False,1536,3,-0.00017625530017546654,0.0,1536.0,1536.0,0.0
associative_recall,transformer_publication_20260622T101458Z_associative_recall_seed109,109,fixed_update_scale,effective_rank,effective_rank,effective_rank,False,2048,3,-0.0011574391489072332,0.0,2048.0,2048.0,0.0
associative_recall,transformer_publication_20260622T101458Z_associative_recall_seed109,109,fixed_update_scale,effective_rank,effective_rank,effective_rank,False,3072,3,0.00018464502257606652,0.0,3072.0,3072.0,0.0
associative_recall,transformer_publication_20260622T101458Z_associative_recall_seed109,109,fixed_update_scale,effective_rank,effective_rank,effective_rank,False,4096,3,-0.0003502834879327334,0.0,4096.0,4096.0,0.0
associative_recall,transformer_publication_20260622T101458Z_associative_recall_seed109,109,fixed_update_scale,effective_rank,effective_rank,effective_rank,False,6144,3,-8.383693299643333e-05,0.0,6144.0,6144.0,0.0
associative_recall,transformer_publication_20260622T101458Z_associative_recall_seed109,109,fixed_update_scale,gradient_norm,gradient_norm,gradient_norm,False,512,3,-0.011979454507430412,0.07584635416666667,512.0,512.0,0.0
associative_recall,transformer_publication_20260622T101458Z_associative_recall_seed109,109,fixed_update_scale,gradient_norm,gradient_norm,gradient_norm,False,1024,3,-0.018830901477485867,0.0003255208333333333,1024.0,1024.0,0.0
associative_recall,transformer_publication_20260622T101458Z_associative_recall_seed109,109,fixed_update_scale,gradient_norm,gradient_norm,gradient_norm,False,1536,3,-0.0035024568787776333,0.0,1536.0,1536.0,0.0
associative_recall,transformer_publication_20260622T101458Z_associative_recall_seed109,109,fixed_update_scale,gradient_norm,gradient_norm,gradient_norm,False,2048,3,-0.0014991828259857,0.0,2048.0,2048.0,0.0
associative_recall,transformer_publication_20260622T101458Z_associative_recall_seed109,109,fixed_update_scale,gradient_norm,gradient_norm,gradient_norm,False,3072,3,-0.0008355867127344666,0.0,3072.0,3072.0,0.0
associative_recall,transformer_publication_20260622T101458Z_associative_recall_seed109,109,fixed_update_scale,gradient_norm,gradient_norm,gradient_norm,False,4096,3,-0.00036901631392540017,0.0,4096.0,4096.0,0.0
associative_recall,transformer_publication_20260622T101458Z_associative_recall_seed109,109,fixed_update_scale,gradient_norm,gradient_norm,gradient_norm,False,6144,3,-0.00016799264509853335,0.0,6144.0,6144.0,0.0
associative_recall,transformer_publication_20260622T101458Z_associative_recall_seed109,109,fixed_update_scale,marginal_gain_edge,marginal_gain_edge,marginal_gain_edge,False,512,3,-0.09927486255764965,0.07649739583333333,512.0,512.0,0.0
associative_recall,transformer_publication_20260622T101458Z_associative_recall_seed109,109,fixed_update_scale,marginal_gain_edge,marginal_gain_edge,marginal_gain_edge,False,1024,3,-0.017224391534303603,0.0003255208333333333,1024.0,1024.0,0.0
associative_recall,transformer_publication_20260622T101458Z_associative_recall_seed109,109,fixed_update_scale,marginal_gain_edge,marginal_gain_edge,marginal_gain_edge,False,1536,3,-0.004169626413689333,0.0,1536.0,1536.0,0.0
associative_recall,transformer_publication_20260622T101458Z_associative_recall_seed109,109,fixed_update_scale,marginal_gain_edge,marginal_gain_edge,marginal_gain_edge,False,2048,3,-0.001441127620637433,0.0,2048.0,2048.0,0.0
associative_recall,transformer_publication_20260622T101458Z_associative_recall_seed109,109,fixed_update_scale,marginal_gain_edge,marginal_gain_edge,marginal_gain_edge,False,3072,3,-0.0007901142283420334,0.0,3072.0,3072.0,0.0
associative_recall,transformer_publication_20260622T101458Z_associative_recall_seed109,109,fixed_update_scale,marginal_gain_edge,marginal_gain_edge,marginal_gain_edge,False,4096,3,-0.00042873357597273336,0.0,4096.0,4096.0,0.0
associative_recall,transformer_publication_20260622T101458Z_associative_recall_seed109,109,fixed_update_scale,marginal_gain_edge,marginal_gain_edge,marginal_gain_edge,False,6144,3,-0.00018427739754163332,0.0,6144.0,6144.0,0.0
associative_recall,transformer_publication_20260622T101458Z_associative_recall_seed109,109,fixed_update_scale,marginal_gain_soft,marginal_gain_soft,marginal_gain_soft,False,512,3,-0.09927486255764965,0.07649739583333333,512.0,512.0,0.0
associative_recall,transformer_publication_20260622T101458Z_associative_recall_seed109,109,fixed_update_scale,marginal_gain_soft,marginal_gain_soft,marginal_gain_soft,False,1024,3,-0.017224391534303603,0.0003255208333333333,1024.0,1024.0,0.0
associative_recall,transformer_publication_20260622T101458Z_associative_recall_seed109,109,fixed_update_scale,marginal_gain_soft,marginal_gain_soft,marginal_gain_soft,False,1536,3,-0.004169626413689333,0.0,1536.0,1536.0,0.0
associative_recall,transformer_publication_20260622T101458Z_associative_recall_seed109,109,fixed_update_scale,marginal_gain_soft,marginal_gain_soft,marginal_gain_soft,False,2048,3,-0.001441127620637433,0.0,2048.0,2048.0,0.0
associative_recall,transformer_publication_20260622T101458Z_associative_recall_seed109,109,fixed_update_scale,marginal_gain_soft,marginal_gain_soft,marginal_gain_soft,False,3072,3,-0.0007901142283420334,0.0,3072.0,3072.0,0.0
associative_recall,transformer_publication_20260622T101458Z_associative_recall_seed109,109,fixed_update_scale,marginal_gain_soft,marginal_gain_soft,marginal_gain_soft,False,4096,3,-0.00045251573707596674,0.0,4096.0,4096.0,0.0
associative_recall,transformer_publication_20260622T101458Z_associative_recall_seed109,109,fixed_update_scale,marginal_gain_soft,marginal_gain_soft,marginal_gain_soft,False,6144,3,-0.00018427739754163332,0.0,6144.0,6144.0,0.0
associative_recall,transformer_publication_20260622T101458Z_associative_recall_seed109,109,fixed_update_scale,soft_dimension,soft_dimension,soft_dimension,True,512,3,0.1700727976858616,-0.032877604166666664,512.0,512.0,0.0
associative_recall,transformer_publication_20260622T101458Z_associative_recall_seed109,109,fixed_update_scale,soft_dimension,soft_dimension,soft_dimension,True,1024,3,-0.0125613783796628,0.0003255208333333333,1024.0,1024.0,0.0
associative_recall,transformer_publication_20260622T101458Z_associative_recall_seed109,109,fixed_update_scale,soft_dimension,soft_dimension,soft_dimension,True,1536,3,-0.00017625530017546654,0.0,1536.0,1536.0,0.0
associative_recall,transformer_publication_20260622T101458Z_associative_recall_seed109,109,fixed_update_scale,soft_dimension,soft_dimension,soft_dimension,True,2048,3,-0.00032371433917433327,0.0,2048.0,2048.0,0.0
associative_recall,transformer_publication_20260622T101458Z_associative_recall_seed109,109,fixed_update_scale,soft_dimension,soft_dimension,soft_dimension,True,3072,3,0.00018464502257606652,0.0,3072.0,3072.0,0.0
associative_recall,transformer_publication_20260622T101458Z_associative_recall_seed109,109,fixed_update_scale,soft_dimension,soft_dimension,soft_dimension,True,4096,3,-0.0002169720634507668,0.0,4096.0,4096.0,0.0
associative_recall,transformer_publication_20260622T101458Z_associative_recall_seed109,109,fixed_update_scale,soft_dimension,soft_dimension,soft_dimension,True,6144,3,-8.383693299643333e-05,0.0,6144.0,6144.0,0.0
associative_recall,transformer_publication_20260622T101458Z_associative_recall_seed109,109,rslora,effective_rank,effective_rank,effective_rank,False,512,3,0.0,0.0,512.0,512.0,0.0
associative_recall,transformer_publication_20260622T101458Z_associative_recall_seed109,109,rslora,effective_rank,effective_rank,effective_rank,False,1024,3,-0.0104377227059255,0.0003255208333333333,1024.0,1024.0,0.0
associative_recall,transformer_publication_20260622T101458Z_associative_recall_seed109,109,rslora,effective_rank,effective_rank,effective_rank,False,1536,3,-0.0002321143401787003,0.0,1536.0,1536.0,0.0
associative_recall,transformer_publication_20260622T101458Z_associative_recall_seed109,109,rslora,effective_rank,effective_rank,effective_rank,False,2048,3,-0.0005671957139081335,0.0,2048.0,2048.0,0.0
associative_recall,transformer_publication_20260622T101458Z_associative_recall_seed109,109,rslora,effective_rank,effective_rank,effective_rank,False,3072,3,-0.00016699292852229999,0.0,3072.0,3072.0,0.0
associative_recall,transformer_publication_20260622T101458Z_associative_recall_seed109,109,rslora,effective_rank,effective_rank,effective_rank,False,4096,3,-0.0002662750775925667,0.0,4096.0,4096.0,0.0
associative_recall,transformer_publication_20260622T101458Z_associative_recall_seed109,109,rslora,effective_rank,effective_rank,effective_rank,False,6144,3,-0.00011099223775090003,0.0,6144.0,6144.0,0.0
associative_recall,transformer_publication_20260622T101458Z_associative_recall_seed109,109,rslora,gradient_norm,gradient_norm,gradient_norm,False,512,3,-0.026612809548775335,0.09244791666666667,512.0,512.0,0.0
associative_recall,transformer_publication_20260622T101458Z_associative_recall_seed109,109,rslora,gradient_norm,gradient_norm,gradient_norm,False,1024,3,-0.0143125056832408,0.0003255208333333333,1024.0,1024.0,0.0
associative_recall,transformer_publication_20260622T101458Z_associative_recall_seed109,109,rslora,gradient_norm,gradient_norm,gradient_norm,False,1536,3,-0.0036835727223661005,0.0,1536.0,1536.0,0.0
associative_recall,transformer_publication_20260622T101458Z_associative_recall_seed109,109,rslora,gradient_norm,gradient_norm,gradient_norm,False,2048,3,-0.0010460196062922335,0.0,2048.0,2048.0,0.0
associative_recall,transformer_publication_20260622T101458Z_associative_recall_seed109,109,rslora,gradient_norm,gradient_norm,gradient_norm,False,3072,3,-0.0007614810504795334,0.0,3072.0,3072.0,0.0
associative_recall,transformer_publication_20260622T101458Z_associative_recall_seed109,109,rslora,gradient_norm,gradient_norm,gradient_norm,False,4096,3,-0.0002062258038980334,0.0,4096.0,4096.0,0.0
associative_recall,transformer_publication_20260622T101458Z_associative_recall_seed109,109,rslora,gradient_norm,gradient_norm,gradient_norm,False,6144,3,-0.0001466128233005,0.0,6144.0,6144.0,0.0
associative_recall,transformer_publication_20260622T101458Z_associative_recall_seed109,109,rslora,marginal_gain_edge,marginal_gain_edge,marginal_gain_edge,False,512,3,-0.1409875719497601,0.09244791666666667,512.0,512.0,0.0
associative_recall,transformer_publication_20260622T101458Z_associative_recall_seed109,109,rslora,marginal_gain_edge,marginal_gain_edge,marginal_gain_edge,False,1024,3,-0.011476943346982202,0.0003255208333333333,1024.0,1024.0,0.0
associative_recall,transformer_publication_20260622T101458Z_associative_recall_seed109,109,rslora,marginal_gain_edge,marginal_gain_edge,marginal_gain_edge,False,1536,3,-0.003231466223951434,0.0,1536.0,1536.0,0.0
associative_recall,transformer_publication_20260622T101458Z_associative_recall_seed109,109,rslora,marginal_gain_edge,marginal_gain_edge,marginal_gain_edge,False,2048,3,-0.0009089871600736335,0.0,2048.0,2048.0,0.0
associative_recall,transformer_publication_20260622T101458Z_associative_recall_seed109,109,rslora,marginal_gain_edge,marginal_gain_edge,marginal_gain_edge,False,3072,3,-0.0007589145000868666,0.0,3072.0,3072.0,0.0
associative_recall,transformer_publication_20260622T101458Z_associative_recall_seed109,109,rslora,marginal_gain_edge,marginal_gain_edge,marginal_gain_edge,False,4096,3,-0.0002665019565029,0.0,4096.0,4096.0,0.0
associative_recall,transformer_publication_20260622T101458Z_associative_recall_seed109,109,rslora,marginal_gain_edge,marginal_gain_edge,marginal_gain_edge,False,6144,3,-8.203999459509997e-05,0.0,6144.0,6144.0,0.0
associative_recall,transformer_publication_20260622T101458Z_associative_recall_seed109,109,rslora,marginal_gain_soft,marginal_gain_soft,marginal_gain_soft,False,512,3,-0.1409875719497601,0.09244791666666667,512.0,512.0,0.0
associative_recall,transformer_publication_20260622T101458Z_associative_recall_seed109,109,rslora,marginal_gain_soft,marginal_gain_soft,marginal_gain_soft,False,1024,3,-0.011476943346982202,0.0003255208333333333,1024.0,1024.0,0.0
associative_recall,transformer_publication_20260622T101458Z_associative_recall_seed109,109,rslora,marginal_gain_soft,marginal_gain_soft,marginal_gain_soft,False,1536,3,-0.003231466223951434,0.0,1536.0,1536.0,0.0
associative_recall,transformer_publication_20260622T101458Z_associative_recall_seed109,109,rslora,marginal_gain_soft,marginal_gain_soft,marginal_gain_soft,False,2048,3,-0.0009089871600736335,0.0,2048.0,2048.0,0.0
associative_recall,transformer_publication_20260622T101458Z_associative_recall_seed109,109,rslora,marginal_gain_soft,marginal_gain_soft,marginal_gain_soft,False,3072,3,-0.0007589145000868666,0.0,3072.0,3072.0,0.0
associative_recall,transformer_publication_20260622T101458Z_associative_recall_seed109,109,rslora,marginal_gain_soft,marginal_gain_soft,marginal_gain_soft,False,4096,3,-0.0003002788386462667,0.0,4096.0,4096.0,0.0
associative_recall,transformer_publication_20260622T101458Z_associative_recall_seed109,109,rslora,marginal_gain_soft,marginal_gain_soft,marginal_gain_soft,False,6144,3,-8.203999459509997e-05,0.0,6144.0,6144.0,0.0
associative_recall,transformer_publication_20260622T101458Z_associative_recall_seed109,109,rslora,soft_dimension,soft_dimension,soft_dimension,True,512,3,0.12677792211373648,0.0048828125,512.0,512.0,0.0
associative_recall,transformer_publication_20260622T101458Z_associative_recall_seed109,109,rslora,soft_dimension,soft_dimension,soft_dimension,True,1024,3,-0.0104377227059255,0.0003255208333333333,1024.0,1024.0,0.0
associative_recall,transformer_publication_20260622T101458Z_associative_recall_seed109,109,rslora,soft_dimension,soft_dimension,soft_dimension,True,1536,3,-0.0002321143401787003,0.0,1536.0,1536.0,0.0
associative_recall,transformer_publication_20260622T101458Z_associative_recall_seed109,109,rslora,soft_dimension,soft_dimension,soft_dimension,True,2048,3,-0.0003346441274819334,0.0,2048.0,2048.0,0.0
associative_recall,transformer_publication_20260622T101458Z_associative_recall_seed109,109,rslora,soft_dimension,soft_dimension,soft_dimension,True,3072,3,-0.00016699292852229999,0.0,3072.0,3072.0,0.0
associative_recall,transformer_publication_20260622T101458Z_associative_recall_seed109,109,rslora,soft_dimension,soft_dimension,soft_dimension,True,4096,3,-0.00024158876234043337,0.0,4096.0,4096.0,0.0
associative_recall,transformer_publication_20260622T101458Z_associative_recall_seed109,109,rslora,soft_dimension,soft_dimension,soft_dimension,True,6144,3,-0.00011099223775090003,0.0,6144.0,6144.0,0.0
associative_recall,transformer_publication_20260622T101458Z_associative_recall_seed109,109,standard,effective_rank,effective_rank,effective_rank,False,512,3,0.0,0.0,512.0,512.0,0.0
associative_recall,transformer_publication_20260622T101458Z_associative_recall_seed109,109,standard,effective_rank,effective_rank,effective_rank,False,1024,3,-0.006901014052952299,0.0,1024.0,1024.0,0.0
associative_recall,transformer_publication_20260622T101458Z_associative_recall_seed109,109,standard,effective_rank,effective_rank,effective_rank,False,1536,3,-0.022990925043510902,0.0003255208333333333,1536.0,1536.0,0.0
associative_recall,transformer_publication_20260622T101458Z_associative_recall_seed109,109,standard,effective_rank,effective_rank,effective_rank,False,2048,3,-0.00013589245888096665,0.0,2048.0,2048.0,0.0
associative_recall,transformer_publication_20260622T101458Z_associative_recall_seed109,109,standard,effective_rank,effective_rank,effective_rank,False,3072,3,-6.699303048659994e-05,0.0,3072.0,3072.0,0.0
associative_recall,transformer_publication_20260622T101458Z_associative_recall_seed109,109,standard,effective_rank,effective_rank,effective_rank,False,4096,3,-0.00011108809364183329,0.0,4096.0,4096.0,0.0
associative_recall,transformer_publication_20260622T101458Z_associative_recall_seed109,109,standard,effective_rank,effective_rank,effective_rank,False,6144,3,-0.00013459913073650008,0.0,6144.0,6144.0,0.0
associative_recall,transformer_publication_20260622T101458Z_associative_recall_seed109,109,standard,gradient_norm,gradient_norm,gradient_norm,False,512,3,0.038879018276929835,0.052083333333333336,512.0,512.0,0.0
associative_recall,transformer_publication_20260622T101458Z_associative_recall_seed109,109,standard,gradient_norm,gradient_norm,gradient_norm,False,1024,3,-0.008911250741220999,0.0,1024.0,1024.0,0.0
associative_recall,transformer_publication_20260622T101458Z_associative_recall_seed109,109,standard,gradient_norm,gradient_norm,gradient_norm,False,1536,3,-0.024240719823865234,0.0003255208333333333,1536.0,1536.0,0.0
associative_recall,transformer_publication_20260622T101458Z_associative_recall_seed109,109,standard,gradient_norm,gradient_norm,gradient_norm,False,2048,3,-0.00024359327411123342,0.0,2048.0,2048.0,0.0
associative_recall,transformer_publication_20260622T101458Z_associative_recall_seed109,109,standard,gradient_norm,gradient_norm,gradient_norm,False,3072,3,-0.0004509893721357666,0.0,3072.0,3072.0,0.0
associative_recall,transformer_publication_20260622T101458Z_associative_recall_seed109,109,standard,gradient_norm,gradient_norm,gradient_norm,False,4096,3,-2.295666005620014e-05,0.0,4096.0,4096.0,0.0
associative_recall,transformer_publication_20260622T101458Z_associative_recall_seed109,109,standard,gradient_norm,gradient_norm,gradient_norm,False,6144,3,-0.00014513949281530006,0.0,6144.0,6144.0,0.0
associative_recall,transformer_publication_20260622T101458Z_associative_recall_seed109,109,standard,marginal_gain_edge,marginal_gain_edge,marginal_gain_edge,False,512,3,0.013214966903130213,0.053385416666666664,512.0,512.0,0.0
associative_recall,transformer_publication_20260622T101458Z_associative_recall_seed109,109,standard,marginal_gain_edge,marginal_gain_edge,marginal_gain_edge,False,1024,3,-0.005731261606949066,0.0,1024.0,1024.0,0.0
associative_recall,transformer_publication_20260622T101458Z_associative_recall_seed109,109,standard,marginal_gain_edge,marginal_gain_edge,marginal_gain_edge,False,1536,3,-0.023470877339908238,0.0003255208333333333,1536.0,1536.0,0.0
associative_recall,transformer_publication_20260622T101458Z_associative_recall_seed109,109,standard,marginal_gain_edge,marginal_gain_edge,marginal_gain_edge,False,2048,3,-0.0004608563225095332,0.0,2048.0,2048.0,0.0
associative_recall,transformer_publication_20260622T101458Z_associative_recall_seed109,109,standard,marginal_gain_edge,marginal_gain_edge,marginal_gain_edge,False,3072,3,-0.0006539416305410666,0.0,3072.0,3072.0,0.0
associative_recall,transformer_publication_20260622T101458Z_associative_recall_seed109,109,standard,marginal_gain_edge,marginal_gain_edge,marginal_gain_edge,False,4096,3,-4.589056091693338e-05,0.0,4096.0,4096.0,0.0
associative_recall,transformer_publication_20260622T101458Z_associative_recall_seed109,109,standard,marginal_gain_edge,marginal_gain_edge,marginal_gain_edge,False,6144,3,-3.363895424016671e-05,0.0,6144.0,6144.0,0.0
associative_recall,transformer_publication_20260622T101458Z_associative_recall_seed109,109,standard,marginal_gain_soft,marginal_gain_soft,marginal_gain_soft,False,512,3,0.013214966903130213,0.053385416666666664,512.0,512.0,0.0
associative_recall,transformer_publication_20260622T101458Z_associative_recall_seed109,109,standard,marginal_gain_soft,marginal_gain_soft,marginal_gain_soft,False,1024,3,-0.005731261606949066,0.0,1024.0,1024.0,0.0
associative_recall,transformer_publication_20260622T101458Z_associative_recall_seed109,109,standard,marginal_gain_soft,marginal_gain_soft,marginal_gain_soft,False,1536,3,-0.023470877339908238,0.0003255208333333333,1536.0,1536.0,0.0
associative_recall,transformer_publication_20260622T101458Z_associative_recall_seed109,109,standard,marginal_gain_soft,marginal_gain_soft,marginal_gain_soft,False,2048,3,-0.0004608563225095332,0.0,2048.0,2048.0,0.0
associative_recall,transformer_publication_20260622T101458Z_associative_recall_seed109,109,standard,marginal_gain_soft,marginal_gain_soft,marginal_gain_soft,False,3072,3,-0.0006539416305410666,0.0,3072.0,3072.0,0.0
associative_recall,transformer_publication_20260622T101458Z_associative_recall_seed109,109,standard,marginal_gain_soft,marginal_gain_soft,marginal_gain_soft,False,4096,3,-0.00017207094060723338,0.0,4096.0,4096.0,0.0
associative_recall,transformer_publication_20260622T101458Z_associative_recall_seed109,109,standard,marginal_gain_soft,marginal_gain_soft,marginal_gain_soft,False,6144,3,-3.363895424016671e-05,0.0,6144.0,6144.0,0.0
associative_recall,transformer_publication_20260622T101458Z_associative_recall_seed109,109,standard,soft_dimension,soft_dimension,soft_dimension,True,512,3,0.20346259574095407,-0.032877604166666664,512.0,512.0,0.0
associative_recall,transformer_publication_20260622T101458Z_associative_recall_seed109,109,standard,soft_dimension,soft_dimension,soft_dimension,True,1024,3,-0.006901014052952299,0.0,1024.0,1024.0,0.0
associative_recall,transformer_publication_20260622T101458Z_associative_recall_seed109,109,standard,soft_dimension,soft_dimension,soft_dimension,True,1536,3,-0.022990925043510902,0.0003255208333333333,1536.0,1536.0,0.0
associative_recall,transformer_publication_20260622T101458Z_associative_recall_seed109,109,standard,soft_dimension,soft_dimension,soft_dimension,True,2048,3,-0.00023520288232250003,0.0,2048.0,2048.0,0.0
associative_recall,transformer_publication_20260622T101458Z_associative_recall_seed109,109,standard,soft_dimension,soft_dimension,soft_dimension,True,3072,3,-6.699303048659994e-05,0.0,3072.0,3072.0,0.0
associative_recall,transformer_publication_20260622T101458Z_associative_recall_seed109,109,standard,soft_dimension,soft_dimension,soft_dimension,True,4096,3,-0.00012579796505936673,0.0,4096.0,4096.0,0.0
associative_recall,transformer_publication_20260622T101458Z_associative_recall_seed109,109,standard,soft_dimension,soft_dimension,soft_dimension,True,6144,3,-0.00013459913073650008,0.0,6144.0,6144.0,0.0
associative_recall,transformer_publication_20260622T101458Z_associative_recall_seed113,113,fixed_update_scale,effective_rank,effective_rank,effective_rank,False,512,3,0.0,0.0,512.0,512.0,0.0
associative_recall,transformer_publication_20260622T101458Z_associative_recall_seed113,113,fixed_update_scale,effective_rank,effective_rank,effective_rank,False,1024,3,-0.1692570426966995,0.0003255208333333333,1024.0,1024.0,0.0
associative_recall,transformer_publication_20260622T101458Z_associative_recall_seed113,113,fixed_update_scale,effective_rank,effective_rank,effective_rank,False,1536,3,-1.2500056376067367e-05,0.0,1472.0,1472.0,0.0
associative_recall,transformer_publication_20260622T101458Z_associative_recall_seed113,113,fixed_update_scale,effective_rank,effective_rank,effective_rank,False,2048,3,-0.0010566885757725666,0.0,2048.0,2048.0,0.0
associative_recall,transformer_publication_20260622T101458Z_associative_recall_seed113,113,fixed_update_scale,effective_rank,effective_rank,effective_rank,False,3072,3,-0.00021353095265416654,0.0,3072.0,3072.0,0.0
associative_recall,transformer_publication_20260622T101458Z_associative_recall_seed113,113,fixed_update_scale,effective_rank,effective_rank,effective_rank,False,4096,3,-0.00014456527909106667,0.0,4096.0,4096.0,0.0
associative_recall,transformer_publication_20260622T101458Z_associative_recall_seed113,113,fixed_update_scale,effective_rank,effective_rank,effective_rank,False,6144,3,-7.667819591006669e-05,0.0,6144.0,6144.0,0.0
associative_recall,transformer_publication_20260622T101458Z_associative_recall_seed113,113,fixed_update_scale,gradient_norm,gradient_norm,gradient_norm,False,512,3,-0.06021058559417727,0.0869140625,512.0,512.0,0.0
associative_recall,transformer_publication_20260622T101458Z_associative_recall_seed113,113,fixed_update_scale,gradient_norm,gradient_norm,gradient_norm,False,1024,3,-0.0212095573078841,0.0,960.0,960.0,0.0
associative_recall,transformer_publication_20260622T101458Z_associative_recall_seed113,113,fixed_update_scale,gradient_norm,gradient_norm,gradient_norm,False,1536,3,-0.002024888196804833,0.0,1536.0,1536.0,0.0
associative_recall,transformer_publication_20260622T101458Z_associative_recall_seed113,113,fixed_update_scale,gradient_norm,gradient_norm,gradient_norm,False,2048,3,-0.002149462602877367,0.0,2048.0,2048.0,0.0
associative_recall,transformer_publication_20260622T101458Z_associative_recall_seed113,113,fixed_update_scale,gradient_norm,gradient_norm,gradient_norm,False,3072,3,-0.0008305024627285666,0.0,3072.0,3072.0,0.0
associative_recall,transformer_publication_20260622T101458Z_associative_recall_seed113,113,fixed_update_scale,gradient_norm,gradient_norm,gradient_norm,False,4096,3,-0.0005898911670859,0.0,4096.0,4096.0,0.0
associative_recall,transformer_publication_20260622T101458Z_associative_recall_seed113,113,fixed_update_scale,gradient_norm,gradient_norm,gradient_norm,False,6144,3,-0.00022725521557736663,0.0,6144.0,6144.0,0.0
associative_recall,transformer_publication_20260622T101458Z_associative_recall_seed113,113,fixed_update_scale,marginal_gain_edge,marginal_gain_edge,marginal_gain_edge,False,512,3,-0.15731098875403407,0.08821614583333333,512.0,512.0,0.0
associative_recall,transformer_publication_20260622T101458Z_associative_recall_seed113,113,fixed_update_scale,marginal_gain_edge,marginal_gain_edge,marginal_gain_edge,False,1024,3,-0.17176699452102187,0.0003255208333333333,1024.0,1024.0,0.0
associative_recall,transformer_publication_20260622T101458Z_associative_recall_seed113,113,fixed_update_scale,marginal_gain_edge,marginal_gain_edge,marginal_gain_edge,False,1536,3,-0.0039052172214724,0.0,1536.0,1536.0,0.0
associative_recall,transformer_publication_20260622T101458Z_associative_recall_seed113,113,fixed_update_scale,marginal_gain_edge,marginal_gain_edge,marginal_gain_edge,False,2048,3,-0.0014649310420888004,0.0,1984.0,1984.0,0.0
associative_recall,transformer_publication_20260622T101458Z_associative_recall_seed113,113,fixed_update_scale,marginal_gain_edge,marginal_gain_edge,marginal_gain_edge,False,3072,3,-0.0010239070979878669,0.0,3008.0,3008.0,0.0
associative_recall,transformer_publication_20260622T101458Z_associative_recall_seed113,113,fixed_update_scale,marginal_gain_edge,marginal_gain_edge,marginal_gain_edge,False,4096,3,-0.0005074198173436334,0.0,4096.0,4096.0,0.0
associative_recall,transformer_publication_20260622T101458Z_associative_recall_seed113,113,fixed_update_scale,marginal_gain_edge,marginal_gain_edge,marginal_gain_edge,False,6144,3,-0.00022262411463699994,0.0,6144.0,6144.0,0.0
associative_recall,transformer_publication_20260622T101458Z_associative_recall_seed113,113,fixed_update_scale,marginal_gain_soft,marginal_gain_soft,marginal_gain_soft,False,512,3,-0.15731098875403407,0.08821614583333333,512.0,512.0,0.0
associative_recall,transformer_publication_20260622T101458Z_associative_recall_seed113,113,fixed_update_scale,marginal_gain_soft,marginal_gain_soft,marginal_gain_soft,False,1024,3,-0.17176699452102187,0.0003255208333333333,1024.0,1024.0,0.0
associative_recall,transformer_publication_20260622T101458Z_associative_recall_seed113,113,fixed_update_scale,marginal_gain_soft,marginal_gain_soft,marginal_gain_soft,False,1536,3,-0.003836863227964666,0.0,1536.0,1536.0,0.0
associative_recall,transformer_publication_20260622T101458Z_associative_recall_seed113,113,fixed_update_scale,marginal_gain_soft,marginal_gain_soft,marginal_gain_soft,False,2048,3,-0.0014649310420888004,0.0,1984.0,1984.0,0.0
associative_recall,transformer_publication_20260622T101458Z_associative_recall_seed113,113,fixed_update_scale,marginal_gain_soft,marginal_gain_soft,marginal_gain_soft,False,3072,3,-0.0010239070979878669,0.0,3008.0,3008.0,0.0
associative_recall,transformer_publication_20260622T101458Z_associative_recall_seed113,113,fixed_update_scale,marginal_gain_soft,marginal_gain_soft,marginal_gain_soft,False,4096,3,-0.0004814385708110999,0.0,4096.0,4096.0,0.0
associative_recall,transformer_publication_20260622T101458Z_associative_recall_seed113,113,fixed_update_scale,marginal_gain_soft,marginal_gain_soft,marginal_gain_soft,False,6144,3,-0.00020647359633589994,0.0,6144.0,6144.0,0.0
associative_recall,transformer_publication_20260622T101458Z_associative_recall_seed113,113,fixed_update_scale,soft_dimension,soft_dimension,soft_dimension,True,512,3,0.0,0.0,512.0,512.0,0.0
associative_recall,transformer_publication_20260622T101458Z_associative_recall_seed113,113,fixed_update_scale,soft_dimension,soft_dimension,soft_dimension,True,1024,3,-0.1692570426966995,0.0003255208333333333,1024.0,1024.0,0.0
associative_recall,transformer_publication_20260622T101458Z_associative_recall_seed113,113,fixed_update_scale,soft_dimension,soft_dimension,soft_dimension,True,1536,3,0.0,0.0,1536.0,1536.0,0.0
associative_recall,transformer_publication_20260622T101458Z_associative_recall_seed113,113,fixed_update_scale,soft_dimension,soft_dimension,soft_dimension,True,2048,3,-0.0010566885757725666,0.0,2048.0,2048.0,0.0
associative_recall,transformer_publication_20260622T101458Z_associative_recall_seed113,113,fixed_update_scale,soft_dimension,soft_dimension,soft_dimension,True,3072,3,0.0,0.0,3072.0,3072.0,0.0
associative_recall,transformer_publication_20260622T101458Z_associative_recall_seed113,113,fixed_update_scale,soft_dimension,soft_dimension,soft_dimension,True,4096,3,-0.00014456527909106667,0.0,4096.0,4096.0,0.0
associative_recall,transformer_publication_20260622T101458Z_associative_recall_seed113,113,fixed_update_scale,soft_dimension,soft_dimension,soft_dimension,True,6144,3,0.0,0.0,6144.0,6144.0,0.0
associative_recall,transformer_publication_20260622T101458Z_associative_recall_seed113,113,rslora,effective_rank,effective_rank,effective_rank,False,512,3,0.0,0.0,512.0,512.0,0.0
associative_recall,transformer_publication_20260622T101458Z_associative_recall_seed113,113,rslora,effective_rank,effective_rank,effective_rank,False,1024,3,-0.51968877556889,0.205078125,1024.0,1024.0,0.0
associative_recall,transformer_publication_20260622T101458Z_associative_recall_seed113,113,rslora,effective_rank,effective_rank,effective_rank,False,1536,3,0.00031709488636506595,0.0,1472.0,1472.0,0.0
associative_recall,transformer_publication_20260622T101458Z_associative_recall_seed113,113,rslora,effective_rank,effective_rank,effective_rank,False,2048,3,-0.0013652436221794663,0.0,2048.0,2048.0,0.0
associative_recall,transformer_publication_20260622T101458Z_associative_recall_seed113,113,rslora,effective_rank,effective_rank,effective_rank,False,3072,3,-0.00023290586250370015,0.0,3072.0,3072.0,0.0
associative_recall,transformer_publication_20260622T101458Z_associative_recall_seed113,113,rslora,effective_rank,effective_rank,effective_rank,False,4096,3,-0.00021373904989256668,0.0,4096.0,4096.0,0.0
associative_recall,transformer_publication_20260622T101458Z_associative_recall_seed113,113,rslora,effective_rank,effective_rank,effective_rank,False,6144,3,-1.7496019912199873e-05,0.0,6144.0,6144.0,0.0
associative_recall,transformer_publication_20260622T101458Z_associative_recall_seed113,113,rslora,gradient_norm,gradient_norm,gradient_norm,False,512,3,0.024353777368863405,0.06608072916666667,512.0,512.0,0.0
associative_recall,transformer_publication_20260622T101458Z_associative_recall_seed113,113,rslora,gradient_norm,gradient_norm,gradient_norm,False,1024,3,-0.012626589896778265,0.0,960.0,960.0,0.0
associative_recall,transformer_publication_20260622T101458Z_associative_recall_seed113,113,rslora,gradient_norm,gradient_norm,gradient_norm,False,1536,3,-0.0013145865717282001,0.0,1536.0,1536.0,0.0
associative_recall,transformer_publication_20260622T101458Z_associative_recall_seed113,113,rslora,gradient_norm,gradient_norm,gradient_norm,False,2048,3,-0.002132741550061233,0.0,2048.0,2048.0,0.0
associative_recall,transformer_publication_20260622T101458Z_associative_recall_seed113,113,rslora,gradient_norm,gradient_norm,gradient_norm,False,3072,3,-0.0007450857374351668,0.0,3072.0,3072.0,0.0
associative_recall,transformer_publication_20260622T101458Z_associative_recall_seed113,113,rslora,gradient_norm,gradient_norm,gradient_norm,False,4096,3,-0.0005211057092916667,0.0,4096.0,4096.0,0.0
associative_recall,transformer_publication_20260622T101458Z_associative_recall_seed113,113,rslora,gradient_norm,gradient_norm,gradient_norm,False,6144,3,-0.00017801923725826657,0.0,6144.0,6144.0,0.0
associative_recall,transformer_publication_20260622T101458Z_associative_recall_seed113,113,rslora,marginal_gain_edge,marginal_gain_edge,marginal_gain_edge,False,512,3,-0.042190179228782675,0.06705729166666667,512.0,512.0,0.0
associative_recall,transformer_publication_20260622T101458Z_associative_recall_seed113,113,rslora,marginal_gain_edge,marginal_gain_edge,marginal_gain_edge,False,1024,3,-0.5180694296335181,0.205078125,1024.0,1024.0,0.0
associative_recall,transformer_publication_20260622T101458Z_associative_recall_seed113,113,rslora,marginal_gain_edge,marginal_gain_edge,marginal_gain_edge,False,1536,3,-0.0026284866617061337,0.0,1536.0,1536.0,0.0
associative_recall,transformer_publication_20260622T101458Z_associative_recall_seed113,113,rslora,marginal_gain_edge,marginal_gain_edge,marginal_gain_edge,False,2048,3,-0.0011744167325863334,0.0,1984.0,1984.0,0.0
associative_recall,transformer_publication_20260622T101458Z_associative_recall_seed113,113,rslora,marginal_gain_edge,marginal_gain_edge,marginal_gain_edge,False,3072,3,-0.0006946134186970668,0.0,3008.0,3008.0,0.0
associative_recall,transformer_publication_20260622T101458Z_associative_recall_seed113,113,rslora,marginal_gain_edge,marginal_gain_edge,marginal_gain_edge,False,4096,3,-0.0004547520511550668,0.0,4096.0,4096.0,0.0
associative_recall,transformer_publication_20260622T101458Z_associative_recall_seed113,113,rslora,marginal_gain_edge,marginal_gain_edge,marginal_gain_edge,False,6144,3,-0.0001673788331875333,0.0,6144.0,6144.0,0.0
associative_recall,transformer_publication_20260622T101458Z_associative_recall_seed113,113,rslora,marginal_gain_soft,marginal_gain_soft,marginal_gain_soft,False,512,3,-0.042190179228782675,0.06705729166666667,512.0,512.0,0.0
associative_recall,transformer_publication_20260622T101458Z_associative_recall_seed113,113,rslora,marginal_gain_soft,marginal_gain_soft,marginal_gain_soft,False,1024,3,-0.5180694296335181,0.205078125,1024.0,1024.0,0.0
associative_recall,transformer_publication_20260622T101458Z_associative_recall_seed113,113,rslora,marginal_gain_soft,marginal_gain_soft,marginal_gain_soft,False,1536,3,-0.0027410917488548,0.0,1536.0,1536.0,0.0
associative_recall,transformer_publication_20260622T101458Z_associative_recall_seed113,113,rslora,marginal_gain_soft,marginal_gain_soft,marginal_gain_soft,False,2048,3,-0.0011744167325863334,0.0,1984.0,1984.0,0.0
associative_recall,transformer_publication_20260622T101458Z_associative_recall_seed113,113,rslora,marginal_gain_soft,marginal_gain_soft,marginal_gain_soft,False,3072,3,-0.0006946134186970668,0.0,3008.0,3008.0,0.0
associative_recall,transformer_publication_20260622T101458Z_associative_recall_seed113,113,rslora,marginal_gain_soft,marginal_gain_soft,marginal_gain_soft,False,4096,3,-0.0004210685146972334,0.0,4096.0,4096.0,0.0
associative_recall,transformer_publication_20260622T101458Z_associative_recall_seed113,113,rslora,marginal_gain_soft,marginal_gain_soft,marginal_gain_soft,False,6144,3,-0.00010277505255846659,0.0,6144.0,6144.0,0.0
associative_recall,transformer_publication_20260622T101458Z_associative_recall_seed113,113,rslora,soft_dimension,soft_dimension,soft_dimension,True,512,3,0.0,0.0,512.0,512.0,0.0
associative_recall,transformer_publication_20260622T101458Z_associative_recall_seed113,113,rslora,soft_dimension,soft_dimension,soft_dimension,True,1024,3,-0.51968877556889,0.205078125,1024.0,1024.0,0.0
associative_recall,transformer_publication_20260622T101458Z_associative_recall_seed113,113,rslora,soft_dimension,soft_dimension,soft_dimension,True,1536,3,0.0,0.0,1536.0,1536.0,0.0
associative_recall,transformer_publication_20260622T101458Z_associative_recall_seed113,113,rslora,soft_dimension,soft_dimension,soft_dimension,True,2048,3,-0.0013652436221794663,0.0,2048.0,2048.0,0.0
associative_recall,transformer_publication_20260622T101458Z_associative_recall_seed113,113,rslora,soft_dimension,soft_dimension,soft_dimension,True,3072,3,0.0,0.0,3072.0,3072.0,0.0
associative_recall,transformer_publication_20260622T101458Z_associative_recall_seed113,113,rslora,soft_dimension,soft_dimension,soft_dimension,True,4096,3,-0.00021373904989256668,0.0,4096.0,4096.0,0.0
associative_recall,transformer_publication_20260622T101458Z_associative_recall_seed113,113,rslora,soft_dimension,soft_dimension,soft_dimension,True,6144,3,0.0,0.0,6144.0,6144.0,0.0
associative_recall,transformer_publication_20260622T101458Z_associative_recall_seed113,113,standard,effective_rank,effective_rank,effective_rank,False,512,3,0.0,0.0,512.0,512.0,0.0
associative_recall,transformer_publication_20260622T101458Z_associative_recall_seed113,113,standard,effective_rank,effective_rank,effective_rank,False,1024,3,-0.5768744275749972,0.251953125,1024.0,1024.0,0.0
associative_recall,transformer_publication_20260622T101458Z_associative_recall_seed113,113,standard,effective_rank,effective_rank,effective_rank,False,1536,3,-0.0011542371939867997,0.0,1472.0,1472.0,0.0
associative_recall,transformer_publication_20260622T101458Z_associative_recall_seed113,113,standard,effective_rank,effective_rank,effective_rank,False,2048,3,-0.0006353929735875334,0.0,2048.0,2048.0,0.0
associative_recall,transformer_publication_20260622T101458Z_associative_recall_seed113,113,standard,effective_rank,effective_rank,effective_rank,False,3072,3,-0.00031218065608599983,0.0,3072.0,3072.0,0.0
associative_recall,transformer_publication_20260622T101458Z_associative_recall_seed113,113,standard,effective_rank,effective_rank,effective_rank,False,4096,3,-0.0001731132894444333,0.0,4096.0,4096.0,0.0
associative_recall,transformer_publication_20260622T101458Z_associative_recall_seed113,113,standard,effective_rank,effective_rank,effective_rank,False,6144,3,-2.4432888797800128e-05,0.0,6144.0,6144.0,0.0
associative_recall,transformer_publication_20260622T101458Z_associative_recall_seed113,113,standard,gradient_norm,gradient_norm,gradient_norm,False,512,3,-0.023279139151175837,0.0859375,512.0,512.0,0.0
associative_recall,transformer_publication_20260622T101458Z_associative_recall_seed113,113,standard,gradient_norm,gradient_norm,gradient_norm,False,1024,3,-0.014405704879512366,0.0,960.0,960.0,0.0
associative_recall,transformer_publication_20260622T101458Z_associative_recall_seed113,113,standard,gradient_norm,gradient_norm,gradient_norm,False,1536,3,-0.009088260606707399,0.0,1536.0,1536.0,0.0
associative_recall,transformer_publication_20260622T101458Z_associative_recall_seed113,113,standard,gradient_norm,gradient_norm,gradient_norm,False,2048,3,-0.0011457909810512,0.0,2048.0,2048.0,0.0
associative_recall,transformer_publication_20260622T101458Z_associative_recall_seed113,113,standard,gradient_norm,gradient_norm,gradient_norm,False,3072,3,-0.0005327819186883666,0.0,3072.0,3072.0,0.0
associative_recall,transformer_publication_20260622T101458Z_associative_recall_seed113,113,standard,gradient_norm,gradient_norm,gradient_norm,False,4096,3,-0.00033388496861640004,0.0,4096.0,4096.0,0.0
associative_recall,transformer_publication_20260622T101458Z_associative_recall_seed113,113,standard,gradient_norm,gradient_norm,gradient_norm,False,6144,3,-0.00019335069130950008,0.0,6144.0,6144.0,0.0
associative_recall,transformer_publication_20260622T101458Z_associative_recall_seed113,113,standard,marginal_gain_edge,marginal_gain_edge,marginal_gain_edge,False,512,3,-0.04937069118022919,0.0888671875,512.0,512.0,0.0
associative_recall,transformer_publication_20260622T101458Z_associative_recall_seed113,113,standard,marginal_gain_edge,marginal_gain_edge,marginal_gain_edge,False,1024,3,-0.5719026500203958,0.251953125,1024.0,1024.0,0.0
associative_recall,transformer_publication_20260622T101458Z_associative_recall_seed113,113,standard,marginal_gain_edge,marginal_gain_edge,marginal_gain_edge,False,1536,3,-0.008854355342919033,0.0,1536.0,1536.0,0.0
associative_recall,transformer_publication_20260622T101458Z_associative_recall_seed113,113,standard,marginal_gain_edge,marginal_gain_edge,marginal_gain_edge,False,2048,3,-0.0011528257164173,0.0,1984.0,1984.0,0.0
associative_recall,transformer_publication_20260622T101458Z_associative_recall_seed113,113,standard,marginal_gain_edge,marginal_gain_edge,marginal_gain_edge,False,3072,3,-0.0005607479057895667,0.0,3008.0,3008.0,0.0
associative_recall,transformer_publication_20260622T101458Z_associative_recall_seed113,113,standard,marginal_gain_edge,marginal_gain_edge,marginal_gain_edge,False,4096,3,-0.00021735654930429997,0.0,4096.0,4096.0,0.0
associative_recall,transformer_publication_20260622T101458Z_associative_recall_seed113,113,standard,marginal_gain_edge,marginal_gain_edge,marginal_gain_edge,False,6144,3,-0.00012775838452703343,0.0,6144.0,6144.0,0.0
associative_recall,transformer_publication_20260622T101458Z_associative_recall_seed113,113,standard,marginal_gain_soft,marginal_gain_soft,marginal_gain_soft,False,512,3,-0.04937069118022919,0.0888671875,512.0,512.0,0.0
associative_recall,transformer_publication_20260622T101458Z_associative_recall_seed113,113,standard,marginal_gain_soft,marginal_gain_soft,marginal_gain_soft,False,1024,3,-0.5719026500203958,0.251953125,1024.0,1024.0,0.0
associative_recall,transformer_publication_20260622T101458Z_associative_recall_seed113,113,standard,marginal_gain_soft,marginal_gain_soft,marginal_gain_soft,False,1536,3,-0.009288696775911367,0.0,1536.0,1536.0,0.0
associative_recall,transformer_publication_20260622T101458Z_associative_recall_seed113,113,standard,marginal_gain_soft,marginal_gain_soft,marginal_gain_soft,False,2048,3,-0.0011528257164173,0.0,1984.0,1984.0,0.0
associative_recall,transformer_publication_20260622T101458Z_associative_recall_seed113,113,standard,marginal_gain_soft,marginal_gain_soft,marginal_gain_soft,False,3072,3,-0.0005607479057895667,0.0,3008.0,3008.0,0.0
associative_recall,transformer_publication_20260622T101458Z_associative_recall_seed113,113,standard,marginal_gain_soft,marginal_gain_soft,marginal_gain_soft,False,4096,3,-0.00026544342108540003,0.0,4096.0,4096.0,0.0
associative_recall,transformer_publication_20260622T101458Z_associative_recall_seed113,113,standard,marginal_gain_soft,marginal_gain_soft,marginal_gain_soft,False,6144,3,-7.75297036549667e-05,0.0,6144.0,6144.0,0.0
associative_recall,transformer_publication_20260622T101458Z_associative_recall_seed113,113,standard,soft_dimension,soft_dimension,soft_dimension,True,512,3,0.0,0.0,512.0,512.0,0.0
associative_recall,transformer_publication_20260622T101458Z_associative_recall_seed113,113,standard,soft_dimension,soft_dimension,soft_dimension,True,1024,3,-0.5768744275749972,0.251953125,1024.0,1024.0,0.0
associative_recall,transformer_publication_20260622T101458Z_associative_recall_seed113,113,standard,soft_dimension,soft_dimension,soft_dimension,True,1536,3,0.0,0.0,1536.0,1536.0,0.0
associative_recall,transformer_publication_20260622T101458Z_associative_recall_seed113,113,standard,soft_dimension,soft_dimension,soft_dimension,True,2048,3,-0.0006353929735875334,0.0,2048.0,2048.0,0.0
associative_recall,transformer_publication_20260622T101458Z_associative_recall_seed113,113,standard,soft_dimension,soft_dimension,soft_dimension,True,3072,3,0.0,0.0,3072.0,3072.0,0.0
associative_recall,transformer_publication_20260622T101458Z_associative_recall_seed113,113,standard,soft_dimension,soft_dimension,soft_dimension,True,4096,3,-0.0001731132894444333,0.0,4096.0,4096.0,0.0
associative_recall,transformer_publication_20260622T101458Z_associative_recall_seed113,113,standard,soft_dimension,soft_dimension,soft_dimension,True,6144,3,0.0,0.0,6144.0,6144.0,0.0
modular,transformer_publication_20260622T101458Z_modular_seed101,101,fixed_update_scale,effective_rank,effective_rank,effective_rank,False,512,3,-0.015480002584119967,0.024627124523066295,448.0,448.0,0.0
modular,transformer_publication_20260622T101458Z_modular_seed101,101,fixed_update_scale,effective_rank,effective_rank,effective_rank,False,1024,3,-0.004432109255954834,0.0,1024.0,1024.0,0.0
modular,transformer_publication_20260622T101458Z_modular_seed101,101,fixed_update_scale,effective_rank,effective_rank,effective_rank,False,1536,3,-0.0007602262811071675,0.0003468609087755962,1472.0,1472.0,0.0
modular,transformer_publication_20260622T101458Z_modular_seed101,101,fixed_update_scale,effective_rank,effective_rank,effective_rank,False,2048,3,-1.7324187949499987e-05,0.0,2048.0,2048.0,0.0
modular,transformer_publication_20260622T101458Z_modular_seed101,101,fixed_update_scale,effective_rank,effective_rank,effective_rank,False,3072,3,-0.00011484053304423349,0.0,3072.0,3072.0,0.0
modular,transformer_publication_20260622T101458Z_modular_seed101,101,fixed_update_scale,effective_rank,effective_rank,effective_rank,False,4096,3,-6.277143226456668e-05,0.0,4096.0,4096.0,0.0
modular,transformer_publication_20260622T101458Z_modular_seed101,101,fixed_update_scale,gradient_norm,gradient_norm,gradient_norm,False,512,3,-0.13090324481452376,0.04162330905306966,448.0,448.0,0.0
modular,transformer_publication_20260622T101458Z_modular_seed101,101,fixed_update_scale,gradient_norm,gradient_norm,gradient_norm,False,1024,3,0.012988255245199533,-0.0006937218175511924,1024.0,1024.0,0.0
modular,transformer_publication_20260622T101458Z_modular_seed101,101,fixed_update_scale,gradient_norm,gradient_norm,gradient_norm,False,1536,3,0.0027309656324090333,0.0003468609087755962,1472.0,1472.0,0.0
modular,transformer_publication_20260622T101458Z_modular_seed101,101,fixed_update_scale,gradient_norm,gradient_norm,gradient_norm,False,2048,3,0.0026274333729632334,0.0,2048.0,2048.0,0.0
modular,transformer_publication_20260622T101458Z_modular_seed101,101,fixed_update_scale,gradient_norm,gradient_norm,gradient_norm,False,3072,3,-0.00024605971336896706,0.0,3072.0,3072.0,0.0
modular,transformer_publication_20260622T101458Z_modular_seed101,101,fixed_update_scale,gradient_norm,gradient_norm,gradient_norm,False,4096,3,0.0007642802631820335,0.0,4096.0,4096.0,0.0
modular,transformer_publication_20260622T101458Z_modular_seed101,101,fixed_update_scale,marginal_gain_edge,marginal_gain_edge,marginal_gain_edge,False,512,3,-0.1453629753375029,0.032258064516129115,512.0,512.0,0.0
modular,transformer_publication_20260622T101458Z_modular_seed101,101,fixed_update_scale,marginal_gain_edge,marginal_gain_edge,marginal_gain_edge,False,1024,3,0.00010128030789280026,0.0,1024.0,1024.0,0.0
modular,transformer_publication_20260622T101458Z_modular_seed101,101,fixed_update_scale,marginal_gain_edge,marginal_gain_edge,marginal_gain_edge,False,1536,3,0.003157145327245899,0.0,1536.0,1536.0,0.0
modular,transformer_publication_20260622T101458Z_modular_seed101,101,fixed_update_scale,marginal_gain_edge,marginal_gain_edge,marginal_gain_edge,False,2048,3,0.002074004673604833,0.0,2048.0,2048.0,0.0
modular,transformer_publication_20260622T101458Z_modular_seed101,101,fixed_update_scale,marginal_gain_edge,marginal_gain_edge,marginal_gain_edge,False,3072,3,0.0011966955876142663,0.0,3072.0,3072.0,0.0
modular,transformer_publication_20260622T101458Z_modular_seed101,101,fixed_update_scale,marginal_gain_edge,marginal_gain_edge,marginal_gain_edge,False,4096,3,0.0012406428173982996,0.0,4096.0,4096.0,0.0
modular,transformer_publication_20260622T101458Z_modular_seed101,101,fixed_update_scale,marginal_gain_soft,marginal_gain_soft,marginal_gain_soft,False,512,3,-0.17642078838629982,0.04023586541796742,512.0,512.0,0.0
modular,transformer_publication_20260622T101458Z_modular_seed101,101,fixed_update_scale,marginal_gain_soft,marginal_gain_soft,marginal_gain_soft,False,1024,3,0.00010128030789280026,0.0,1024.0,1024.0,0.0
modular,transformer_publication_20260622T101458Z_modular_seed101,101,fixed_update_scale,marginal_gain_soft,marginal_gain_soft,marginal_gain_soft,False,1536,3,0.0024870628183510653,0.0,1536.0,1536.0,0.0
modular,transformer_publication_20260622T101458Z_modular_seed101,101,fixed_update_scale,marginal_gain_soft,marginal_gain_soft,marginal_gain_soft,False,2048,3,0.002074004673604833,0.0,2048.0,2048.0,0.0
modular,transformer_publication_20260622T101458Z_modular_seed101,101,fixed_update_scale,marginal_gain_soft,marginal_gain_soft,marginal_gain_soft,False,3072,3,0.0011966955876142663,0.0,3072.0,3072.0,0.0
modular,transformer_publication_20260622T101458Z_modular_seed101,101,fixed_update_scale,marginal_gain_soft,marginal_gain_soft,marginal_gain_soft,False,4096,3,0.0012406428173982996,0.0,4096.0,4096.0,0.0
modular,transformer_publication_20260622T101458Z_modular_seed101,101,fixed_update_scale,soft_dimension,soft_dimension,soft_dimension,True,512,3,0.03335725236716386,-0.02219909816163712,512.0,512.0,0.0
modular,transformer_publication_20260622T101458Z_modular_seed101,101,fixed_update_scale,soft_dimension,soft_dimension,soft_dimension,True,1024,3,-0.004432109255954834,0.0,1024.0,1024.0,0.0
modular,transformer_publication_20260622T101458Z_modular_seed101,101,fixed_update_scale,soft_dimension,soft_dimension,soft_dimension,True,1536,3,0.0,0.0,1536.0,1536.0,0.0
modular,transformer_publication_20260622T101458Z_modular_seed101,101,fixed_update_scale,soft_dimension,soft_dimension,soft_dimension,True,2048,3,2.130366857943285e-05,0.0,2048.0,2048.0,0.0
modular,transformer_publication_20260622T101458Z_modular_seed101,101,fixed_update_scale,soft_dimension,soft_dimension,soft_dimension,True,3072,3,0.0,0.0,3072.0,3072.0,0.0
modular,transformer_publication_20260622T101458Z_modular_seed101,101,fixed_update_scale,soft_dimension,soft_dimension,soft_dimension,True,4096,3,-6.277143226456668e-05,0.0,4096.0,4096.0,0.0
modular,transformer_publication_20260622T101458Z_modular_seed101,101,rslora,effective_rank,effective_rank,effective_rank,False,512,3,-0.0006063141076051067,0.015608740894901163,448.0,448.0,0.0
modular,transformer_publication_20260622T101458Z_modular_seed101,101,rslora,effective_rank,effective_rank,effective_rank,False,1024,3,-0.0037044741509225667,0.0006937218175511924,1024.0,1024.0,0.0
modular,transformer_publication_20260622T101458Z_modular_seed101,101,rslora,effective_rank,effective_rank,effective_rank,False,1536,3,-0.006918942145202067,0.0006937218175511924,1472.0,1472.0,0.0
modular,transformer_publication_20260622T101458Z_modular_seed101,101,rslora,effective_rank,effective_rank,effective_rank,False,2048,3,3.739311500343401e-05,0.0,2048.0,2048.0,0.0
modular,transformer_publication_20260622T101458Z_modular_seed101,101,rslora,effective_rank,effective_rank,effective_rank,False,3072,3,-0.00010672479624363341,0.0,3072.0,3072.0,0.0
modular,transformer_publication_20260622T101458Z_modular_seed101,101,rslora,effective_rank,effective_rank,effective_rank,False,4096,3,0.00012390934573073328,0.0,4096.0,4096.0,0.0
modular,transformer_publication_20260622T101458Z_modular_seed101,101,rslora,gradient_norm,gradient_norm,gradient_norm,False,512,3,-0.12891411102669875,0.04301075268817204,448.0,448.0,0.0
modular,transformer_publication_20260622T101458Z_modular_seed101,101,rslora,gradient_norm,gradient_norm,gradient_norm,False,1024,3,0.017515920484428866,-0.0013874436351023849,1024.0,1024.0,0.0
modular,transformer_publication_20260622T101458Z_modular_seed101,101,rslora,gradient_norm,gradient_norm,gradient_norm,False,1536,3,0.0012923114837130993,0.0006937218175511924,1472.0,1472.0,0.0
modular,transformer_publication_20260622T101458Z_modular_seed101,101,rslora,gradient_norm,gradient_norm,gradient_norm,False,2048,3,0.0020798000691512335,0.0,2048.0,2048.0,0.0
modular,transformer_publication_20260622T101458Z_modular_seed101,101,rslora,gradient_norm,gradient_norm,gradient_norm,False,3072,3,-0.00017841874279060006,0.0,3072.0,3072.0,0.0
modular,transformer_publication_20260622T101458Z_modular_seed101,101,rslora,gradient_norm,gradient_norm,gradient_norm,False,4096,3,0.0009510647135641334,0.0,4096.0,4096.0,0.0
modular,transformer_publication_20260622T101458Z_modular_seed101,101,rslora,marginal_gain_edge,marginal_gain_edge,marginal_gain_edge,False,512,3,-0.11484767644925535,0.023239680887963982,512.0,512.0,0.0
modular,transformer_publication_20260622T101458Z_modular_seed101,101,rslora,marginal_gain_edge,marginal_gain_edge,marginal_gain_edge,False,1024,3,0.00023459857623696692,0.0003468609087755962,1024.0,1024.0,0.0
modular,transformer_publication_20260622T101458Z_modular_seed101,101,rslora,marginal_gain_edge,marginal_gain_edge,marginal_gain_edge,False,1536,3,0.001136496030905467,0.0,1536.0,1536.0,0.0
modular,transformer_publication_20260622T101458Z_modular_seed101,101,rslora,marginal_gain_edge,marginal_gain_edge,marginal_gain_edge,False,2048,3,0.0025533056390567334,0.0,2048.0,2048.0,0.0
modular,transformer_publication_20260622T101458Z_modular_seed101,101,rslora,marginal_gain_edge,marginal_gain_edge,marginal_gain_edge,False,3072,3,0.0011450535578358331,0.0,3072.0,3072.0,0.0
modular,transformer_publication_20260622T101458Z_modular_seed101,101,rslora,marginal_gain_edge,marginal_gain_edge,marginal_gain_edge,False,4096,3,0.0012122871001462997,0.0,4096.0,4096.0,0.0
modular,transformer_publication_20260622T101458Z_modular_seed101,101,rslora,marginal_gain_soft,marginal_gain_soft,marginal_gain_soft,False,512,3,-0.1506910109727737,0.037807839056538395,512.0,512.0,0.0
modular,transformer_publication_20260622T101458Z_modular_seed101,101,rslora,marginal_gain_soft,marginal_gain_soft,marginal_gain_soft,False,1024,3,0.00023459857623696692,0.0003468609087755962,1024.0,1024.0,0.0
modular,transformer_publication_20260622T101458Z_modular_seed101,101,rslora,marginal_gain_soft,marginal_gain_soft,marginal_gain_soft,False,1536,3,0.0017189546263713332,0.0,1536.0,1536.0,0.0
modular,transformer_publication_20260622T101458Z_modular_seed101,101,rslora,marginal_gain_soft,marginal_gain_soft,marginal_gain_soft,False,2048,3,0.0025533056390567334,0.0,2048.0,2048.0,0.0
modular,transformer_publication_20260622T101458Z_modular_seed101,101,rslora,marginal_gain_soft,marginal_gain_soft,marginal_gain_soft,False,3072,3,0.0011450535578358331,0.0,3072.0,3072.0,0.0
modular,transformer_publication_20260622T101458Z_modular_seed101,101,rslora,marginal_gain_soft,marginal_gain_soft,marginal_gain_soft,False,4096,3,0.0012122871001462997,0.0,4096.0,4096.0,0.0
modular,transformer_publication_20260622T101458Z_modular_seed101,101,rslora,soft_dimension,soft_dimension,soft_dimension,True,512,3,0.05188589990449127,-0.0218522372528616,512.0,512.0,0.0
modular,transformer_publication_20260622T101458Z_modular_seed101,101,rslora,soft_dimension,soft_dimension,soft_dimension,True,1024,3,-0.0037044741509225667,0.0006937218175511924,1024.0,1024.0,0.0
modular,transformer_publication_20260622T101458Z_modular_seed101,101,rslora,soft_dimension,soft_dimension,soft_dimension,True,1536,3,0.0,0.0,1536.0,1536.0,0.0
modular,transformer_publication_20260622T101458Z_modular_seed101,101,rslora,soft_dimension,soft_dimension,soft_dimension,True,2048,3,5.9629891273200196e-05,0.0,2048.0,2048.0,0.0
modular,transformer_publication_20260622T101458Z_modular_seed101,101,rslora,soft_dimension,soft_dimension,soft_dimension,True,3072,3,0.0,0.0,3072.0,3072.0,0.0
modular,transformer_publication_20260622T101458Z_modular_seed101,101,rslora,soft_dimension,soft_dimension,soft_dimension,True,4096,3,0.00012390934573073328,0.0,4096.0,4096.0,0.0
modular,transformer_publication_20260622T101458Z_modular_seed101,101,standard,effective_rank,effective_rank,effective_rank,False,512,3,0.08940543915056914,-0.02983003815469994,448.0,448.0,0.0
modular,transformer_publication_20260622T101458Z_modular_seed101,101,standard,effective_rank,effective_rank,effective_rank,False,1024,3,0.011347885853169967,-0.0020811654526535772,1024.0,1024.0,0.0
modular,transformer_publication_20260622T101458Z_modular_seed101,101,standard,effective_rank,effective_rank,effective_rank,False,1536,3,0.0012751909982680343,0.001734304543877981,1472.0,1472.0,0.0
modular,transformer_publication_20260622T101458Z_modular_seed101,101,standard,effective_rank,effective_rank,effective_rank,False,2048,3,-0.0030353562693178674,0.0,2048.0,2048.0,0.0
modular,transformer_publication_20260622T101458Z_modular_seed101,101,standard,effective_rank,effective_rank,effective_rank,False,3072,3,0.0082521129251263,-0.0006937218175511924,3072.0,3072.0,0.0
modular,transformer_publication_20260622T101458Z_modular_seed101,101,standard,effective_rank,effective_rank,effective_rank,False,4096,3,-4.688451345073325e-05,0.0,4096.0,4096.0,0.0
modular,transformer_publication_20260622T101458Z_modular_seed101,101,standard,gradient_norm,gradient_norm,gradient_norm,False,512,3,-0.10148038224362681,0.020464793617759325,448.0,448.0,0.0
modular,transformer_publication_20260622T101458Z_modular_seed101,101,standard,gradient_norm,gradient_norm,gradient_norm,False,1024,3,0.022671658385504962,-0.006590357266736069,1024.0,1024.0,0.0
modular,transformer_publication_20260622T101458Z_modular_seed101,101,standard,gradient_norm,gradient_norm,gradient_norm,False,1536,3,0.005582286427433866,-0.002081165452653355,1472.0,1472.0,0.0
modular,transformer_publication_20260622T101458Z_modular_seed101,101,standard,gradient_norm,gradient_norm,gradient_norm,False,2048,3,0.0048836783344133,0.0,2048.0,2048.0,0.0
modular,transformer_publication_20260622T101458Z_modular_seed101,101,standard,gradient_norm,gradient_norm,gradient_norm,False,3072,3,-3.747668933283341e-05,0.0,3072.0,3072.0,0.0
modular,transformer_publication_20260622T101458Z_modular_seed101,101,standard,gradient_norm,gradient_norm,gradient_norm,False,4096,3,0.0009718349738420668,0.0,4096.0,4096.0,0.0
modular,transformer_publication_20260622T101458Z_modular_seed101,101,standard,marginal_gain_edge,marginal_gain_edge,marginal_gain_edge,False,512,3,-0.13882077396680945,0.021852237252861745,512.0,512.0,0.0
modular,transformer_publication_20260622T101458Z_modular_seed101,101,standard,marginal_gain_edge,marginal_gain_edge,marginal_gain_edge,False,1024,3,0.016079208476031535,-0.0038154699965313363,1024.0,1024.0,0.0
modular,transformer_publication_20260622T101458Z_modular_seed101,101,standard,marginal_gain_edge,marginal_gain_edge,marginal_gain_edge,False,1536,3,0.011585232775569198,-0.004162330905307043,1536.0,1536.0,0.0
modular,transformer_publication_20260622T101458Z_modular_seed101,101,standard,marginal_gain_edge,marginal_gain_edge,marginal_gain_edge,False,2048,3,-0.0010870643379377002,0.0,2048.0,2048.0,0.0
modular,transformer_publication_20260622T101458Z_modular_seed101,101,standard,marginal_gain_edge,marginal_gain_edge,marginal_gain_edge,False,3072,3,0.0007275989320499997,0.0,3072.0,3072.0,0.0
modular,transformer_publication_20260622T101458Z_modular_seed101,101,standard,marginal_gain_edge,marginal_gain_edge,marginal_gain_edge,False,4096,3,0.0012710485755983998,0.0,4096.0,4096.0,0.0
modular,transformer_publication_20260622T101458Z_modular_seed101,101,standard,marginal_gain_soft,marginal_gain_soft,marginal_gain_soft,False,512,3,-0.16533707597584021,0.03815469996531399,512.0,512.0,0.0
modular,transformer_publication_20260622T101458Z_modular_seed101,101,standard,marginal_gain_soft,marginal_gain_soft,marginal_gain_soft,False,1024,3,0.016079208476031535,-0.0038154699965313363,1024.0,1024.0,0.0
modular,transformer_publication_20260622T101458Z_modular_seed101,101,standard,marginal_gain_soft,marginal_gain_soft,marginal_gain_soft,False,1536,3,-0.007433989137266402,0.0,1536.0,1536.0,0.0
modular,transformer_publication_20260622T101458Z_modular_seed101,101,standard,marginal_gain_soft,marginal_gain_soft,marginal_gain_soft,False,2048,3,-0.0010870643379377002,0.0,2048.0,2048.0,0.0
modular,transformer_publication_20260622T101458Z_modular_seed101,101,standard,marginal_gain_soft,marginal_gain_soft,marginal_gain_soft,False,3072,3,0.0007275989320499997,0.0,3072.0,3072.0,0.0
modular,transformer_publication_20260622T101458Z_modular_seed101,101,standard,marginal_gain_soft,marginal_gain_soft,marginal_gain_soft,False,4096,3,0.0012710485755983998,0.0,4096.0,4096.0,0.0
modular,transformer_publication_20260622T101458Z_modular_seed101,101,standard,soft_dimension,soft_dimension,soft_dimension,True,512,3,0.029097254692660484,-0.022199098161637083,512.0,512.0,0.0
modular,transformer_publication_20260622T101458Z_modular_seed101,101,standard,soft_dimension,soft_dimension,soft_dimension,True,1024,3,0.011347885853169967,-0.0020811654526535772,1024.0,1024.0,0.0
modular,transformer_publication_20260622T101458Z_modular_seed101,101,standard,soft_dimension,soft_dimension,soft_dimension,True,1536,3,0.0,0.0,1536.0,1536.0,0.0
modular,transformer_publication_20260622T101458Z_modular_seed101,101,standard,soft_dimension,soft_dimension,soft_dimension,True,2048,3,0.004201884670270267,-0.0003468609087755962,2048.0,2048.0,0.0
modular,transformer_publication_20260622T101458Z_modular_seed101,101,standard,soft_dimension,soft_dimension,soft_dimension,True,3072,3,0.0,0.0,3072.0,3072.0,0.0
modular,transformer_publication_20260622T101458Z_modular_seed101,101,standard,soft_dimension,soft_dimension,soft_dimension,True,4096,3,-4.688451345073325e-05,0.0,4096.0,4096.0,0.0
modular,transformer_publication_20260622T101458Z_modular_seed103,103,fixed_update_scale,effective_rank,effective_rank,effective_rank,False,512,3,0.12214391420915487,-0.04301075268817208,512.0,512.0,0.0
modular,transformer_publication_20260622T101458Z_modular_seed103,103,fixed_update_scale,effective_rank,effective_rank,effective_rank,False,1024,3,0.0026839544613494284,0.005896635449184839,1024.0,1024.0,0.0
modular,transformer_publication_20260622T101458Z_modular_seed103,103,fixed_update_scale,effective_rank,effective_rank,effective_rank,False,1536,3,0.03379178429658817,-0.012140131807145313,1536.0,1536.0,0.0
modular,transformer_publication_20260622T101458Z_modular_seed103,103,fixed_update_scale,effective_rank,effective_rank,effective_rank,False,2048,3,-0.013423520406211309,0.0055497745404093175,2048.0,2048.0,0.0
modular,transformer_publication_20260622T101458Z_modular_seed103,103,fixed_update_scale,effective_rank,effective_rank,effective_rank,False,3072,3,-0.008939839491218163,-0.008324661810613754,3072.0,3072.0,0.0
modular,transformer_publication_20260622T101458Z_modular_seed103,103,fixed_update_scale,effective_rank,effective_rank,effective_rank,False,4096,3,-0.012593412167737336,0.00173430454387787,4096.0,4096.0,0.0
modular,transformer_publication_20260622T101458Z_modular_seed103,103,fixed_update_scale,gradient_norm,gradient_norm,gradient_norm,False,512,3,0.013070606292224488,0.007630939993062802,512.0,512.0,0.0
modular,transformer_publication_20260622T101458Z_modular_seed103,103,fixed_update_scale,gradient_norm,gradient_norm,gradient_norm,False,1024,3,-0.00103858765570027,0.012140131807145313,1024.0,1024.0,0.0
modular,transformer_publication_20260622T101458Z_modular_seed103,103,fixed_update_scale,gradient_norm,gradient_norm,gradient_norm,False,1536,3,-0.002658052532118038,0.015261879986125604,1472.0,1472.0,0.0
modular,transformer_publication_20260622T101458Z_modular_seed103,103,fixed_update_scale,gradient_norm,gradient_norm,gradient_norm,False,2048,3,0.00016713009044355687,0.00416233090530697,2048.0,2048.0,0.0
modular,transformer_publication_20260622T101458Z_modular_seed103,103,fixed_update_scale,gradient_norm,gradient_norm,gradient_norm,False,3072,3,0.003662550212648034,-0.0006937218175510814,3072.0,3072.0,0.0
modular,transformer_publication_20260622T101458Z_modular_seed103,103,fixed_update_scale,gradient_norm,gradient_norm,gradient_norm,False,4096,3,-0.016449220716291704,0.002081165452653466,4096.0,4096.0,0.0
modular,transformer_publication_20260622T101458Z_modular_seed103,103,fixed_update_scale,marginal_gain_edge,marginal_gain_edge,marginal_gain_edge,False,512,3,-0.06499833751378103,0.032258064516129024,512.0,512.0,0.0
modular,transformer_publication_20260622T101458Z_modular_seed103,103,fixed_update_scale,marginal_gain_edge,marginal_gain_edge,marginal_gain_edge,False,1024,3,-0.07301679955478187,0.02323968088796391,1024.0,1024.0,0.0
modular,transformer_publication_20260622T101458Z_modular_seed103,103,fixed_update_scale,marginal_gain_edge,marginal_gain_edge,marginal_gain_edge,False,1536,3,0.029328192413328753,-0.026014568158168532,1472.0,1472.0,0.0
modular,transformer_publication_20260622T101458Z_modular_seed103,103,fixed_update_scale,marginal_gain_edge,marginal_gain_edge,marginal_gain_edge,False,2048,3,-0.03946777430831085,-0.00173430454387787,1984.0,1984.0,0.0
modular,transformer_publication_20260622T101458Z_modular_seed103,103,fixed_update_scale,marginal_gain_edge,marginal_gain_edge,marginal_gain_edge,False,3072,3,-0.026090354448364633,0.001734304543877981,3072.0,3072.0,0.0
modular,transformer_publication_20260622T101458Z_modular_seed103,103,fixed_update_scale,marginal_gain_edge,marginal_gain_edge,marginal_gain_edge,False,4096,3,-0.012593412167737336,0.00173430454387787,4096.0,4096.0,0.0
modular,transformer_publication_20260622T101458Z_modular_seed103,103,fixed_update_scale,marginal_gain_soft,marginal_gain_soft,marginal_gain_soft,False,512,3,-0.06499833751378103,0.032258064516129024,512.0,512.0,0.0
modular,transformer_publication_20260622T101458Z_modular_seed103,103,fixed_update_scale,marginal_gain_soft,marginal_gain_soft,marginal_gain_soft,False,1024,3,-0.07301679955478187,0.02323968088796391,1024.0,1024.0,0.0
modular,transformer_publication_20260622T101458Z_modular_seed103,103,fixed_update_scale,marginal_gain_soft,marginal_gain_soft,marginal_gain_soft,False,1536,3,0.008861612093105431,-0.011793270898369642,1472.0,1472.0,0.0
modular,transformer_publication_20260622T101458Z_modular_seed103,103,fixed_update_scale,marginal_gain_soft,marginal_gain_soft,marginal_gain_soft,False,2048,3,-0.03946777430831085,-0.00173430454387787,1984.0,1984.0,0.0
modular,transformer_publication_20260622T101458Z_modular_seed103,103,fixed_update_scale,marginal_gain_soft,marginal_gain_soft,marginal_gain_soft,False,3072,3,0.0212884241720888,-0.014221297259798668,3072.0,3072.0,0.0
modular,transformer_publication_20260622T101458Z_modular_seed103,103,fixed_update_scale,marginal_gain_soft,marginal_gain_soft,marginal_gain_soft,False,4096,3,-0.012593412167737336,0.00173430454387787,4096.0,4096.0,0.0
modular,transformer_publication_20260622T101458Z_modular_seed103,103,fixed_update_scale,soft_dimension,soft_dimension,soft_dimension,True,512,3,0.12214391420915487,-0.04301075268817208,512.0,512.0,0.0
modular,transformer_publication_20260622T101458Z_modular_seed103,103,fixed_update_scale,soft_dimension,soft_dimension,soft_dimension,True,1024,3,-0.005529898345119004,0.00173430454387787,1024.0,1024.0,0.0
modular,transformer_publication_20260622T101458Z_modular_seed103,103,fixed_update_scale,soft_dimension,soft_dimension,soft_dimension,True,1536,3,0.0,0.0,1536.0,1536.0,0.0
modular,transformer_publication_20260622T101458Z_modular_seed103,103,fixed_update_scale,soft_dimension,soft_dimension,soft_dimension,True,2048,3,-0.013423520406211309,0.0055497745404093175,2048.0,2048.0,0.0
modular,transformer_publication_20260622T101458Z_modular_seed103,103,fixed_update_scale,soft_dimension,soft_dimension,soft_dimension,True,3072,3,0.0,0.0,3072.0,3072.0,0.0
modular,transformer_publication_20260622T101458Z_modular_seed103,103,fixed_update_scale,soft_dimension,soft_dimension,soft_dimension,True,4096,3,-0.012593412167737336,0.00173430454387787,4096.0,4096.0,0.0
modular,transformer_publication_20260622T101458Z_modular_seed103,103,rslora,effective_rank,effective_rank,effective_rank,False,512,3,0.19948496596911633,-0.0804717308359348,512.0,512.0,0.0
modular,transformer_publication_20260622T101458Z_modular_seed103,103,rslora,effective_rank,effective_rank,effective_rank,False,1024,3,-0.08742339667701655,0.02913631633714882,1024.0,1024.0,0.0
modular,transformer_publication_20260622T101458Z_modular_seed103,103,rslora,effective_rank,effective_rank,effective_rank,False,1536,3,0.03556114241889154,-0.011446409989594194,1536.0,1536.0,0.0
modular,transformer_publication_20260622T101458Z_modular_seed103,103,rslora,effective_rank,effective_rank,effective_rank,False,2048,3,-0.008134902035284478,0.0006937218175511184,2048.0,2048.0,0.0
modular,transformer_publication_20260622T101458Z_modular_seed103,103,rslora,effective_rank,effective_rank,effective_rank,False,3072,3,-0.016364044030114575,-0.008324661810613754,3072.0,3072.0,0.0
modular,transformer_publication_20260622T101458Z_modular_seed103,103,rslora,effective_rank,effective_rank,effective_rank,False,4096,3,-0.020289041158787473,0.00173430454387787,4096.0,4096.0,0.0
modular,transformer_publication_20260622T101458Z_modular_seed103,103,rslora,gradient_norm,gradient_norm,gradient_norm,False,512,3,0.2409897460070826,-0.09850849809226499,512.0,512.0,0.0
modular,transformer_publication_20260622T101458Z_modular_seed103,103,rslora,gradient_norm,gradient_norm,gradient_norm,False,1024,3,-0.051437203085261264,0.018383628165105786,1024.0,1024.0,0.0
modular,transformer_publication_20260622T101458Z_modular_seed103,103,rslora,gradient_norm,gradient_norm,gradient_norm,False,1536,3,0.015953380770870162,0.006243496357960583,1472.0,1472.0,0.0
modular,transformer_publication_20260622T101458Z_modular_seed103,103,rslora,gradient_norm,gradient_norm,gradient_norm,False,2048,3,-0.01398605143407792,0.00381546999653141,2048.0,2048.0,0.0
modular,transformer_publication_20260622T101458Z_modular_seed103,103,rslora,gradient_norm,gradient_norm,gradient_norm,False,3072,3,0.00211572657173556,-0.0006937218175510814,3072.0,3072.0,0.0
modular,transformer_publication_20260622T101458Z_modular_seed103,103,rslora,gradient_norm,gradient_norm,gradient_norm,False,4096,3,-0.017368132812547638,0.0010405827263266776,4096.0,4096.0,0.0
modular,transformer_publication_20260622T101458Z_modular_seed103,103,rslora,marginal_gain_edge,marginal_gain_edge,marginal_gain_edge,False,512,3,0.07900093063231443,-0.02844259451959763,512.0,512.0,0.0
modular,transformer_publication_20260622T101458Z_modular_seed103,103,rslora,marginal_gain_edge,marginal_gain_edge,marginal_gain_edge,False,1024,3,-0.09984187338859145,0.02705515088449532,1024.0,1024.0,0.0
modular,transformer_publication_20260622T101458Z_modular_seed103,103,rslora,marginal_gain_edge,marginal_gain_edge,marginal_gain_edge,False,1536,3,0.025710868093233863,-0.017343045438778997,1472.0,1472.0,0.0
modular,transformer_publication_20260622T101458Z_modular_seed103,103,rslora,marginal_gain_edge,marginal_gain_edge,marginal_gain_edge,False,2048,3,-0.009303361363515136,-0.01387443635102322,1984.0,1984.0,0.0
modular,transformer_publication_20260622T101458Z_modular_seed103,103,rslora,marginal_gain_edge,marginal_gain_edge,marginal_gain_edge,False,3072,3,-0.02848036124129037,-0.0013874436351022739,3072.0,3072.0,0.0
modular,transformer_publication_20260622T101458Z_modular_seed103,103,rslora,marginal_gain_edge,marginal_gain_edge,marginal_gain_edge,False,4096,3,-0.020289041158787473,0.00173430454387787,4096.0,4096.0,0.0
modular,transformer_publication_20260622T101458Z_modular_seed103,103,rslora,marginal_gain_soft,marginal_gain_soft,marginal_gain_soft,False,512,3,0.07900093063231443,-0.02844259451959763,512.0,512.0,0.0
modular,transformer_publication_20260622T101458Z_modular_seed103,103,rslora,marginal_gain_soft,marginal_gain_soft,marginal_gain_soft,False,1024,3,-0.09984187338859145,0.02705515088449532,1024.0,1024.0,0.0
modular,transformer_publication_20260622T101458Z_modular_seed103,103,rslora,marginal_gain_soft,marginal_gain_soft,marginal_gain_soft,False,1536,3,0.015403136915933998,-0.019424210891432463,1472.0,1472.0,0.0
modular,transformer_publication_20260622T101458Z_modular_seed103,103,rslora,marginal_gain_soft,marginal_gain_soft,marginal_gain_soft,False,2048,3,-0.009303361363515136,-0.01387443635102322,1984.0,1984.0,0.0
modular,transformer_publication_20260622T101458Z_modular_seed103,103,rslora,marginal_gain_soft,marginal_gain_soft,marginal_gain_soft,False,3072,3,0.01609045402264786,-0.015608740894901052,3072.0,3072.0,0.0
modular,transformer_publication_20260622T101458Z_modular_seed103,103,rslora,marginal_gain_soft,marginal_gain_soft,marginal_gain_soft,False,4096,3,-0.020289041158787473,0.00173430454387787,4096.0,4096.0,0.0
modular,transformer_publication_20260622T101458Z_modular_seed103,103,rslora,soft_dimension,soft_dimension,soft_dimension,True,512,3,0.19948496596911633,-0.0804717308359348,512.0,512.0,0.0
modular,transformer_publication_20260622T101458Z_modular_seed103,103,rslora,soft_dimension,soft_dimension,soft_dimension,True,1024,3,-0.0592336136973074,0.01387443635102322,1024.0,1024.0,0.0
modular,transformer_publication_20260622T101458Z_modular_seed103,103,rslora,soft_dimension,soft_dimension,soft_dimension,True,1536,3,0.0,0.0,1536.0,1536.0,0.0
modular,transformer_publication_20260622T101458Z_modular_seed103,103,rslora,soft_dimension,soft_dimension,soft_dimension,True,2048,3,-0.008134902035284478,0.0006937218175511184,2048.0,2048.0,0.0
modular,transformer_publication_20260622T101458Z_modular_seed103,103,rslora,soft_dimension,soft_dimension,soft_dimension,True,3072,3,0.0,0.0,3072.0,3072.0,0.0
modular,transformer_publication_20260622T101458Z_modular_seed103,103,rslora,soft_dimension,soft_dimension,soft_dimension,True,4096,3,-0.020289041158787473,0.00173430454387787,4096.0,4096.0,0.0
modular,transformer_publication_20260622T101458Z_modular_seed103,103,standard,effective_rank,effective_rank,effective_rank,False,512,3,0.191312613728722,-0.07977800901838362,512.0,512.0,0.0
modular,transformer_publication_20260622T101458Z_modular_seed103,103,standard,effective_rank,effective_rank,effective_rank,False,1024,3,-0.17116480811453508,0.06694415539368714,1024.0,1024.0,0.0
modular,transformer_publication_20260622T101458Z_modular_seed103,103,standard,effective_rank,effective_rank,effective_rank,False,1536,3,0.04769050040221904,-0.014915019077350045,1536.0,1536.0,0.0
modular,transformer_publication_20260622T101458Z_modular_seed103,103,standard,effective_rank,effective_rank,effective_rank,False,2048,3,-0.013451632353898077,0.0031217481789802917,2048.0,2048.0,0.0
modular,transformer_publication_20260622T101458Z_modular_seed103,103,standard,effective_rank,effective_rank,effective_rank,False,3072,3,-0.011421913421282173,-0.014915019077350156,3072.0,3072.0,0.0
modular,transformer_publication_20260622T101458Z_modular_seed103,103,standard,effective_rank,effective_rank,effective_rank,False,4096,3,-0.004659831332655929,0.0006937218175510814,4096.0,4096.0,0.0
modular,transformer_publication_20260622T101458Z_modular_seed103,103,standard,gradient_norm,gradient_norm,gradient_norm,False,512,3,0.37380959269821007,-0.14498785986819285,512.0,512.0,0.0
modular,transformer_publication_20260622T101458Z_modular_seed103,103,standard,gradient_norm,gradient_norm,gradient_norm,False,1024,3,-0.21772179951322104,0.08289975719736387,1024.0,1024.0,0.0
modular,transformer_publication_20260622T101458Z_modular_seed103,103,standard,gradient_norm,gradient_norm,gradient_norm,False,1536,3,0.018095071432369714,-0.0020811654526534293,1472.0,1472.0,0.0
modular,transformer_publication_20260622T101458Z_modular_seed103,103,standard,gradient_norm,gradient_norm,gradient_norm,False,2048,3,-0.01345246289593452,0.009365244536940653,2048.0,2048.0,0.0
modular,transformer_publication_20260622T101458Z_modular_seed103,103,standard,gradient_norm,gradient_norm,gradient_norm,False,3072,3,0.0016827322865706946,-0.003121748178980366,3072.0,3072.0,0.0
modular,transformer_publication_20260622T101458Z_modular_seed103,103,standard,gradient_norm,gradient_norm,gradient_norm,False,4096,3,-0.013337700724332963,0.0010405827263266776,4096.0,4096.0,0.0
modular,transformer_publication_20260622T101458Z_modular_seed103,103,standard,marginal_gain_edge,marginal_gain_edge,marginal_gain_edge,False,512,3,0.14295904540453264,-0.05966007630939992,512.0,512.0,0.0
modular,transformer_publication_20260622T101458Z_modular_seed103,103,standard,marginal_gain_edge,marginal_gain_edge,marginal_gain_edge,False,1024,3,-0.2110603248705022,0.06555671175858484,1024.0,1024.0,0.0
modular,transformer_publication_20260622T101458Z_modular_seed103,103,standard,marginal_gain_edge,marginal_gain_edge,marginal_gain_edge,False,1536,3,-0.007437168838578386,-0.010752688172043001,1472.0,1472.0,0.0
modular,transformer_publication_20260622T101458Z_modular_seed103,103,standard,marginal_gain_edge,marginal_gain_edge,marginal_gain_edge,False,2048,3,-0.02230289136003046,-0.0072840790842872245,1984.0,1984.0,0.0
modular,transformer_publication_20260622T101458Z_modular_seed103,103,standard,marginal_gain_edge,marginal_gain_edge,marginal_gain_edge,False,3072,3,-0.044709010348835176,0.0003468609087753742,3072.0,3072.0,0.0
modular,transformer_publication_20260622T101458Z_modular_seed103,103,standard,marginal_gain_edge,marginal_gain_edge,marginal_gain_edge,False,4096,3,-0.004659831332655929,0.0006937218175510814,4096.0,4096.0,0.0
modular,transformer_publication_20260622T101458Z_modular_seed103,103,standard,marginal_gain_soft,marginal_gain_soft,marginal_gain_soft,False,512,3,0.14295904540453264,-0.05966007630939992,512.0,512.0,0.0
modular,transformer_publication_20260622T101458Z_modular_seed103,103,standard,marginal_gain_soft,marginal_gain_soft,marginal_gain_soft,False,1024,3,-0.2110603248705022,0.06555671175858484,1024.0,1024.0,0.0
modular,transformer_publication_20260622T101458Z_modular_seed103,103,standard,marginal_gain_soft,marginal_gain_soft,marginal_gain_soft,False,1536,3,0.009919913473370809,-0.01387443635102322,1472.0,1472.0,0.0
modular,transformer_publication_20260622T101458Z_modular_seed103,103,standard,marginal_gain_soft,marginal_gain_soft,marginal_gain_soft,False,2048,3,-0.02230289136003046,-0.0072840790842872245,1984.0,1984.0,0.0
modular,transformer_publication_20260622T101458Z_modular_seed103,103,standard,marginal_gain_soft,marginal_gain_soft,marginal_gain_soft,False,3072,3,0.00014178835287140257,-0.012140131807145424,3072.0,3072.0,0.0
modular,transformer_publication_20260622T101458Z_modular_seed103,103,standard,marginal_gain_soft,marginal_gain_soft,marginal_gain_soft,False,4096,3,-0.004659831332655929,0.0006937218175510814,4096.0,4096.0,0.0
modular,transformer_publication_20260622T101458Z_modular_seed103,103,standard,soft_dimension,soft_dimension,soft_dimension,True,512,3,0.191312613728722,-0.07977800901838362,512.0,512.0,0.0
modular,transformer_publication_20260622T101458Z_modular_seed103,103,standard,soft_dimension,soft_dimension,soft_dimension,True,1024,3,-0.1769045575124871,0.06798473812001389,1024.0,1024.0,0.0
modular,transformer_publication_20260622T101458Z_modular_seed103,103,standard,soft_dimension,soft_dimension,soft_dimension,True,1536,3,0.0,0.0,1536.0,1536.0,0.0
modular,transformer_publication_20260622T101458Z_modular_seed103,103,standard,soft_dimension,soft_dimension,soft_dimension,True,2048,3,-0.013451632353898077,0.0031217481789802917,2048.0,2048.0,0.0
modular,transformer_publication_20260622T101458Z_modular_seed103,103,standard,soft_dimension,soft_dimension,soft_dimension,True,3072,3,0.0,0.0,3072.0,3072.0,0.0
modular,transformer_publication_20260622T101458Z_modular_seed103,103,standard,soft_dimension,soft_dimension,soft_dimension,True,4096,3,-0.004659831332655929,0.0006937218175510814,4096.0,4096.0,0.0
modular,transformer_publication_20260622T101458Z_modular_seed107,107,fixed_update_scale,effective_rank,effective_rank,effective_rank,False,512,3,-0.2597729870729714,0.04925424904613246,512.0,512.0,0.0
modular,transformer_publication_20260622T101458Z_modular_seed107,107,fixed_update_scale,effective_rank,effective_rank,effective_rank,False,1024,3,0.032292450834718135,-0.028442594519597613,1024.0,1024.0,0.0
modular,transformer_publication_20260622T101458Z_modular_seed107,107,fixed_update_scale,effective_rank,effective_rank,effective_rank,False,1536,3,0.0,0.0,1536.0,1536.0,0.0
modular,transformer_publication_20260622T101458Z_modular_seed107,107,fixed_update_scale,effective_rank,effective_rank,effective_rank,False,2048,3,0.0,0.0,2048.0,2048.0,0.0
modular,transformer_publication_20260622T101458Z_modular_seed107,107,fixed_update_scale,effective_rank,effective_rank,effective_rank,False,3072,3,0.0,0.0,3072.0,3072.0,0.0
modular,transformer_publication_20260622T101458Z_modular_seed107,107,fixed_update_scale,effective_rank,effective_rank,effective_rank,False,4096,3,0.0,0.0,4096.0,4096.0,0.0
modular,transformer_publication_20260622T101458Z_modular_seed107,107,fixed_update_scale,gradient_norm,gradient_norm,gradient_norm,False,512,3,0.08059100909568857,-0.00971210544571626,448.0,448.0,0.0
modular,transformer_publication_20260622T101458Z_modular_seed107,107,fixed_update_scale,gradient_norm,gradient_norm,gradient_norm,False,1024,3,0.06878544161231244,-0.03156434269857785,1024.0,1024.0,0.0
modular,transformer_publication_20260622T101458Z_modular_seed107,107,fixed_update_scale,gradient_norm,gradient_norm,gradient_norm,False,1536,3,0.035748574930555534,-0.019424210891432536,1472.0,1472.0,0.0
modular,transformer_publication_20260622T101458Z_modular_seed107,107,fixed_update_scale,gradient_norm,gradient_norm,gradient_norm,False,2048,3,0.7318839276370347,-0.1980575789108567,2048.0,2048.0,0.0
modular,transformer_publication_20260622T101458Z_modular_seed107,107,fixed_update_scale,gradient_norm,gradient_norm,gradient_norm,False,3072,3,0.04091767845284474,-0.011446409989594156,3072.0,3072.0,0.0
modular,transformer_publication_20260622T101458Z_modular_seed107,107,fixed_update_scale,gradient_norm,gradient_norm,gradient_norm,False,4096,3,0.3113621240827386,-0.11827956989247308,4096.0,4096.0,0.0
modular,transformer_publication_20260622T101458Z_modular_seed107,107,fixed_update_scale,marginal_gain_edge,marginal_gain_edge,marginal_gain_edge,False,512,3,0.6262343391295403,-0.09365244536940687,448.0,448.0,0.0
modular,transformer_publication_20260622T101458Z_modular_seed107,107,fixed_update_scale,marginal_gain_edge,marginal_gain_edge,marginal_gain_edge,False,1024,3,-0.13119562289138428,0.024973985431841872,1024.0,1024.0,0.0
modular,transformer_publication_20260622T101458Z_modular_seed107,107,fixed_update_scale,marginal_gain_edge,marginal_gain_edge,marginal_gain_edge,False,1536,3,-0.08742608994690038,0.03156434269857792,1536.0,1536.0,0.0
modular,transformer_publication_20260622T101458Z_modular_seed107,107,fixed_update_scale,marginal_gain_edge,marginal_gain_edge,marginal_gain_edge,False,2048,3,-0.4534010407393731,0.19736385709330564,2048.0,2048.0,0.0
modular,transformer_publication_20260622T101458Z_modular_seed107,107,fixed_update_scale,marginal_gain_edge,marginal_gain_edge,marginal_gain_edge,False,3072,3,-0.03533386515839166,0.006590357266735995,3072.0,3072.0,0.0
modular,transformer_publication_20260622T101458Z_modular_seed107,107,fixed_update_scale,marginal_gain_edge,marginal_gain_edge,marginal_gain_edge,False,4096,3,0.01902926386829219,-0.0027748872702046215,4096.0,4096.0,0.0
modular,transformer_publication_20260622T101458Z_modular_seed107,107,fixed_update_scale,marginal_gain_soft,marginal_gain_soft,marginal_gain_soft,False,512,3,0.6262343391295403,-0.09365244536940687,448.0,448.0,0.0
modular,transformer_publication_20260622T101458Z_modular_seed107,107,fixed_update_scale,marginal_gain_soft,marginal_gain_soft,marginal_gain_soft,False,1024,3,0.06878544161231244,-0.03156434269857785,1024.0,1024.0,0.0
modular,transformer_publication_20260622T101458Z_modular_seed107,107,fixed_update_scale,marginal_gain_soft,marginal_gain_soft,marginal_gain_soft,False,1536,3,-0.08742608994690038,0.03156434269857792,1536.0,1536.0,0.0
modular,transformer_publication_20260622T101458Z_modular_seed107,107,fixed_update_scale,marginal_gain_soft,marginal_gain_soft,marginal_gain_soft,False,2048,3,-0.4534010407393731,0.19736385709330564,2048.0,2048.0,0.0
modular,transformer_publication_20260622T101458Z_modular_seed107,107,fixed_update_scale,marginal_gain_soft,marginal_gain_soft,marginal_gain_soft,False,3072,3,-0.026403724697576486,0.003468609087755777,3072.0,3072.0,0.0
modular,transformer_publication_20260622T101458Z_modular_seed107,107,fixed_update_scale,marginal_gain_soft,marginal_gain_soft,marginal_gain_soft,False,4096,3,0.3113621240827386,-0.11827956989247308,4096.0,4096.0,0.0
modular,transformer_publication_20260622T101458Z_modular_seed107,107,fixed_update_scale,soft_dimension,soft_dimension,soft_dimension,True,512,3,-0.2597729870729714,0.04925424904613246,512.0,512.0,0.0
modular,transformer_publication_20260622T101458Z_modular_seed107,107,fixed_update_scale,soft_dimension,soft_dimension,soft_dimension,True,1024,3,0.032292450834718135,-0.028442594519597613,1024.0,1024.0,0.0
modular,transformer_publication_20260622T101458Z_modular_seed107,107,fixed_update_scale,soft_dimension,soft_dimension,soft_dimension,True,1536,3,0.0,0.0,1536.0,1536.0,0.0
modular,transformer_publication_20260622T101458Z_modular_seed107,107,fixed_update_scale,soft_dimension,soft_dimension,soft_dimension,True,2048,3,-0.054504959111076445,0.027055150884495355,2048.0,2048.0,0.0
modular,transformer_publication_20260622T101458Z_modular_seed107,107,fixed_update_scale,soft_dimension,soft_dimension,soft_dimension,True,3072,3,0.0,0.0,3072.0,3072.0,0.0
modular,transformer_publication_20260622T101458Z_modular_seed107,107,fixed_update_scale,soft_dimension,soft_dimension,soft_dimension,True,4096,3,-0.028468999552966584,0.011099549080818671,4096.0,4096.0,0.0
modular,transformer_publication_20260622T101458Z_modular_seed107,107,rslora,effective_rank,effective_rank,effective_rank,False,512,3,-0.4797435847165639,0.06659729448491153,512.0,512.0,0.0
modular,transformer_publication_20260622T101458Z_modular_seed107,107,rslora,effective_rank,effective_rank,effective_rank,False,1024,3,0.2761453695277394,-0.05376344086021506,1024.0,1024.0,0.0
modular,transformer_publication_20260622T101458Z_modular_seed107,107,rslora,effective_rank,effective_rank,effective_rank,False,1536,3,0.0,0.0,1536.0,1536.0,0.0
modular,transformer_publication_20260622T101458Z_modular_seed107,107,rslora,effective_rank,effective_rank,effective_rank,False,2048,3,0.0,0.0,2048.0,2048.0,0.0
modular,transformer_publication_20260622T101458Z_modular_seed107,107,rslora,effective_rank,effective_rank,effective_rank,False,3072,3,0.0,0.0,3072.0,3072.0,0.0
modular,transformer_publication_20260622T101458Z_modular_seed107,107,rslora,effective_rank,effective_rank,effective_rank,False,4096,3,0.0,0.0,4096.0,4096.0,0.0
modular,transformer_publication_20260622T101458Z_modular_seed107,107,rslora,gradient_norm,gradient_norm,gradient_norm,False,512,3,0.5557047998247734,-0.07214706902532086,448.0,448.0,0.0
modular,transformer_publication_20260622T101458Z_modular_seed107,107,rslora,gradient_norm,gradient_norm,gradient_norm,False,1024,3,0.030982364270160323,-0.003468609087755814,1024.0,1024.0,0.0
modular,transformer_publication_20260622T101458Z_modular_seed107,107,rslora,gradient_norm,gradient_norm,gradient_norm,False,1536,3,0.658859445037339,-0.15747485258411378,1472.0,1472.0,0.0
modular,transformer_publication_20260622T101458Z_modular_seed107,107,rslora,gradient_norm,gradient_norm,gradient_norm,False,2048,3,0.7561150442962633,-0.23066250433576138,2048.0,2048.0,0.0
modular,transformer_publication_20260622T101458Z_modular_seed107,107,rslora,gradient_norm,gradient_norm,gradient_norm,False,3072,3,0.05562033957794976,-0.022892819979188312,3072.0,3072.0,0.0
modular,transformer_publication_20260622T101458Z_modular_seed107,107,rslora,gradient_norm,gradient_norm,gradient_norm,False,4096,3,0.05246134026882506,-0.02185223725286156,4096.0,4096.0,0.0
modular,transformer_publication_20260622T101458Z_modular_seed107,107,rslora,marginal_gain_edge,marginal_gain_edge,marginal_gain_edge,False,512,3,0.6564100033452105,-0.08567464446756852,448.0,448.0,0.0
modular,transformer_publication_20260622T101458Z_modular_seed107,107,rslora,marginal_gain_edge,marginal_gain_edge,marginal_gain_edge,False,1024,3,-0.25811876020123875,0.08255289628858827,1024.0,1024.0,0.0
modular,transformer_publication_20260622T101458Z_modular_seed107,107,rslora,marginal_gain_edge,marginal_gain_edge,marginal_gain_edge,False,1536,3,0.5445521664503669,-0.12868539715574054,1536.0,1536.0,0.0
modular,transformer_publication_20260622T101458Z_modular_seed107,107,rslora,marginal_gain_edge,marginal_gain_edge,marginal_gain_edge,False,2048,3,-0.3924491745272818,0.1626777662157476,2048.0,2048.0,0.0
modular,transformer_publication_20260622T101458Z_modular_seed107,107,rslora,marginal_gain_edge,marginal_gain_edge,marginal_gain_edge,False,3072,3,-0.015266696663726506,0.0024280263614292474,3072.0,3072.0,0.0
modular,transformer_publication_20260622T101458Z_modular_seed107,107,rslora,marginal_gain_edge,marginal_gain_edge,marginal_gain_edge,False,4096,3,0.013141680670371672,-0.0013874436351022739,4096.0,4096.0,0.0
modular,transformer_publication_20260622T101458Z_modular_seed107,107,rslora,marginal_gain_soft,marginal_gain_soft,marginal_gain_soft,False,512,3,0.6564100033452105,-0.08567464446756852,448.0,448.0,0.0
modular,transformer_publication_20260622T101458Z_modular_seed107,107,rslora,marginal_gain_soft,marginal_gain_soft,marginal_gain_soft,False,1024,3,0.030982364270160323,-0.003468609087755814,1024.0,1024.0,0.0
modular,transformer_publication_20260622T101458Z_modular_seed107,107,rslora,marginal_gain_soft,marginal_gain_soft,marginal_gain_soft,False,1536,3,0.5445521664503669,-0.12868539715574054,1536.0,1536.0,0.0
modular,transformer_publication_20260622T101458Z_modular_seed107,107,rslora,marginal_gain_soft,marginal_gain_soft,marginal_gain_soft,False,2048,3,-0.3924491745272818,0.1626777662157476,2048.0,2048.0,0.0
modular,transformer_publication_20260622T101458Z_modular_seed107,107,rslora,marginal_gain_soft,marginal_gain_soft,marginal_gain_soft,False,3072,3,-0.03642392203992246,0.004509191814082676,3072.0,3072.0,0.0
modular,transformer_publication_20260622T101458Z_modular_seed107,107,rslora,marginal_gain_soft,marginal_gain_soft,marginal_gain_soft,False,4096,3,0.05246134026882506,-0.02185223725286156,4096.0,4096.0,0.0
modular,transformer_publication_20260622T101458Z_modular_seed107,107,rslora,soft_dimension,soft_dimension,soft_dimension,True,512,3,-0.4797435847165639,0.06659729448491153,512.0,512.0,0.0
modular,transformer_publication_20260622T101458Z_modular_seed107,107,rslora,soft_dimension,soft_dimension,soft_dimension,True,1024,3,0.2761453695277394,-0.05376344086021506,1024.0,1024.0,0.0
modular,transformer_publication_20260622T101458Z_modular_seed107,107,rslora,soft_dimension,soft_dimension,soft_dimension,True,1536,3,0.0,0.0,1536.0,1536.0,0.0
modular,transformer_publication_20260622T101458Z_modular_seed107,107,rslora,soft_dimension,soft_dimension,soft_dimension,True,2048,3,-0.013235652483960933,-0.004509191814082529,2048.0,2048.0,0.0
modular,transformer_publication_20260622T101458Z_modular_seed107,107,rslora,soft_dimension,soft_dimension,soft_dimension,True,3072,3,0.0,0.0,3072.0,3072.0,0.0
modular,transformer_publication_20260622T101458Z_modular_seed107,107,rslora,soft_dimension,soft_dimension,soft_dimension,True,4096,3,-0.046982630694487264,0.01387443635102333,4096.0,4096.0,0.0
modular,transformer_publication_20260622T101458Z_modular_seed107,107,standard,effective_rank,effective_rank,effective_rank,False,512,3,-0.5018582420137414,0.07908428720083246,512.0,512.0,0.0
modular,transformer_publication_20260622T101458Z_modular_seed107,107,standard,effective_rank,effective_rank,effective_rank,False,1024,3,0.06845924509427559,-0.022199098161637187,1024.0,1024.0,0.0
modular,transformer_publication_20260622T101458Z_modular_seed107,107,standard,effective_rank,effective_rank,effective_rank,False,1536,3,0.0,0.0,1536.0,1536.0,0.0
modular,transformer_publication_20260622T101458Z_modular_seed107,107,standard,effective_rank,effective_rank,effective_rank,False,2048,3,0.0,0.0,2048.0,2048.0,0.0
modular,transformer_publication_20260622T101458Z_modular_seed107,107,standard,effective_rank,effective_rank,effective_rank,False,3072,3,0.0,0.0,3072.0,3072.0,0.0
modular,transformer_publication_20260622T101458Z_modular_seed107,107,standard,effective_rank,effective_rank,effective_rank,False,4096,3,0.0,0.0,4096.0,4096.0,0.0
modular,transformer_publication_20260622T101458Z_modular_seed107,107,standard,gradient_norm,gradient_norm,gradient_norm,False,512,3,0.16708334940322533,-0.030870620881026767,448.0,448.0,0.0
modular,transformer_publication_20260622T101458Z_modular_seed107,107,standard,gradient_norm,gradient_norm,gradient_norm,False,1024,3,-0.17270210770902397,0.06833159902878942,1024.0,1024.0,0.0
modular,transformer_publication_20260622T101458Z_modular_seed107,107,standard,gradient_norm,gradient_norm,gradient_norm,False,1536,3,-0.9949884451266756,0.3152965660770031,1472.0,1472.0,0.0
modular,transformer_publication_20260622T101458Z_modular_seed107,107,standard,gradient_norm,gradient_norm,gradient_norm,False,2048,3,0.053271020591734164,0.01838362816510582,2048.0,2048.0,0.0
modular,transformer_publication_20260622T101458Z_modular_seed107,107,standard,gradient_norm,gradient_norm,gradient_norm,False,3072,3,-1.0075879561024494,0.31148109608047175,3072.0,3072.0,0.0
modular,transformer_publication_20260622T101458Z_modular_seed107,107,standard,gradient_norm,gradient_norm,gradient_norm,False,4096,3,-0.10769201145273839,0.030176899063475537,4096.0,4096.0,0.0
modular,transformer_publication_20260622T101458Z_modular_seed107,107,standard,marginal_gain_edge,marginal_gain_edge,marginal_gain_edge,False,512,3,0.499007091479214,-0.07457509538674996,448.0,448.0,0.0
modular,transformer_publication_20260622T101458Z_modular_seed107,107,standard,marginal_gain_edge,marginal_gain_edge,marginal_gain_edge,False,1024,3,-0.20146589377585525,0.05445716267776618,1024.0,1024.0,0.0
modular,transformer_publication_20260622T101458Z_modular_seed107,107,standard,marginal_gain_edge,marginal_gain_edge,marginal_gain_edge,False,1536,3,-0.9572216366629941,0.2639611515782172,1536.0,1536.0,0.0
modular,transformer_publication_20260622T101458Z_modular_seed107,107,standard,marginal_gain_edge,marginal_gain_edge,marginal_gain_edge,False,2048,3,-0.4422628670217596,0.1734304543877905,2048.0,2048.0,0.0
modular,transformer_publication_20260622T101458Z_modular_seed107,107,standard,marginal_gain_edge,marginal_gain_edge,marginal_gain_edge,False,3072,3,-0.8296879436917658,0.23655913978494625,3072.0,3072.0,0.0
modular,transformer_publication_20260622T101458Z_modular_seed107,107,standard,marginal_gain_edge,marginal_gain_edge,marginal_gain_edge,False,4096,3,-0.01594536895455063,-0.001734304543877944,4096.0,4096.0,0.0
modular,transformer_publication_20260622T101458Z_modular_seed107,107,standard,marginal_gain_soft,marginal_gain_soft,marginal_gain_soft,False,512,3,0.499007091479214,-0.07457509538674996,448.0,448.0,0.0
modular,transformer_publication_20260622T101458Z_modular_seed107,107,standard,marginal_gain_soft,marginal_gain_soft,marginal_gain_soft,False,1024,3,-0.17270210770902397,0.06833159902878942,1024.0,1024.0,0.0
modular,transformer_publication_20260622T101458Z_modular_seed107,107,standard,marginal_gain_soft,marginal_gain_soft,marginal_gain_soft,False,1536,3,-0.9572216366629941,0.2639611515782172,1536.0,1536.0,0.0
modular,transformer_publication_20260622T101458Z_modular_seed107,107,standard,marginal_gain_soft,marginal_gain_soft,marginal_gain_soft,False,2048,3,-0.4422628670217596,0.1734304543877905,2048.0,2048.0,0.0
modular,transformer_publication_20260622T101458Z_modular_seed107,107,standard,marginal_gain_soft,marginal_gain_soft,marginal_gain_soft,False,3072,3,-1.0686896613621688,0.33680194242108913,3072.0,3072.0,0.0
modular,transformer_publication_20260622T101458Z_modular_seed107,107,standard,marginal_gain_soft,marginal_gain_soft,marginal_gain_soft,False,4096,3,-0.10769201145273839,0.030176899063475537,4096.0,4096.0,0.0
modular,transformer_publication_20260622T101458Z_modular_seed107,107,standard,soft_dimension,soft_dimension,soft_dimension,True,512,3,-0.5018582420137414,0.07908428720083246,512.0,512.0,0.0
modular,transformer_publication_20260622T101458Z_modular_seed107,107,standard,soft_dimension,soft_dimension,soft_dimension,True,1024,3,0.06845924509427559,-0.022199098161637187,1024.0,1024.0,0.0
modular,transformer_publication_20260622T101458Z_modular_seed107,107,standard,soft_dimension,soft_dimension,soft_dimension,True,1536,3,0.0,0.0,1536.0,1536.0,0.0
modular,transformer_publication_20260622T101458Z_modular_seed107,107,standard,soft_dimension,soft_dimension,soft_dimension,True,2048,3,-0.6271763013089818,0.19458896982310095,2048.0,2048.0,0.0
modular,transformer_publication_20260622T101458Z_modular_seed107,107,standard,soft_dimension,soft_dimension,soft_dimension,True,3072,3,0.0,0.0,3072.0,3072.0,0.0
modular,transformer_publication_20260622T101458Z_modular_seed107,107,standard,soft_dimension,soft_dimension,soft_dimension,True,4096,3,-0.10581193657083471,0.028095733610822033,4096.0,4096.0,0.0
modular,transformer_publication_20260622T101458Z_modular_seed109,109,fixed_update_scale,effective_rank,effective_rank,effective_rank,False,512,3,0.4942700534159635,-0.15123135622615333,512.0,512.0,0.0
modular,transformer_publication_20260622T101458Z_modular_seed109,109,fixed_update_scale,effective_rank,effective_rank,effective_rank,False,1024,3,0.0849185191092292,-0.04162330905306973,1024.0,1024.0,0.0
modular,transformer_publication_20260622T101458Z_modular_seed109,109,fixed_update_scale,effective_rank,effective_rank,effective_rank,False,1536,3,0.04041402336007146,-0.012486992715920983,1536.0,1536.0,0.0
modular,transformer_publication_20260622T101458Z_modular_seed109,109,fixed_update_scale,effective_rank,effective_rank,effective_rank,False,2048,3,0.007841733116637162,0.005896635449184802,2048.0,2048.0,0.0
modular,transformer_publication_20260622T101458Z_modular_seed109,109,fixed_update_scale,effective_rank,effective_rank,effective_rank,False,3072,3,0.0,0.0,3072.0,3072.0,0.0
modular,transformer_publication_20260622T101458Z_modular_seed109,109,fixed_update_scale,effective_rank,effective_rank,effective_rank,False,4096,3,0.00857598845986827,0.0,4096.0,4096.0,0.0
modular,transformer_publication_20260622T101458Z_modular_seed109,109,fixed_update_scale,gradient_norm,gradient_norm,gradient_norm,False,512,3,0.824501679210749,-0.23655913978494625,512.0,512.0,0.0
modular,transformer_publication_20260622T101458Z_modular_seed109,109,fixed_update_scale,gradient_norm,gradient_norm,gradient_norm,False,1024,3,-0.21790534193797775,0.07388137356919873,1024.0,1024.0,0.0
modular,transformer_publication_20260622T101458Z_modular_seed109,109,fixed_update_scale,gradient_norm,gradient_norm,gradient_norm,False,1536,3,0.07593519985158947,-0.031564342698577885,1536.0,1536.0,0.0
modular,transformer_publication_20260622T101458Z_modular_seed109,109,fixed_update_scale,gradient_norm,gradient_norm,gradient_norm,False,2048,3,-0.020422612549817875,0.007977800901838342,2048.0,2048.0,0.0
modular,transformer_publication_20260622T101458Z_modular_seed109,109,fixed_update_scale,gradient_norm,gradient_norm,gradient_norm,False,3072,3,0.08166832636306566,-0.013874436351023256,3072.0,3072.0,0.0
modular,transformer_publication_20260622T101458Z_modular_seed109,109,fixed_update_scale,gradient_norm,gradient_norm,gradient_norm,False,4096,3,0.00606081569376727,-0.0003468609087755962,4096.0,4096.0,0.0
modular,transformer_publication_20260622T101458Z_modular_seed109,109,fixed_update_scale,marginal_gain_edge,marginal_gain_edge,marginal_gain_edge,False,512,3,0.5395091923830455,-0.1703087062088103,448.0,448.0,0.0
modular,transformer_publication_20260622T101458Z_modular_seed109,109,fixed_update_scale,marginal_gain_edge,marginal_gain_edge,marginal_gain_edge,False,1024,3,0.08599966843013258,-0.06590357266736042,1024.0,1024.0,0.0
modular,transformer_publication_20260622T101458Z_modular_seed109,109,fixed_update_scale,marginal_gain_edge,marginal_gain_edge,marginal_gain_edge,False,1536,3,-0.05574610514066886,0.01664932362122788,1536.0,1536.0,0.0
modular,transformer_publication_20260622T101458Z_modular_seed109,109,fixed_update_scale,marginal_gain_edge,marginal_gain_edge,marginal_gain_edge,False,2048,3,-0.05613739303714737,0.010752688172042927,2048.0,2048.0,0.0
modular,transformer_publication_20260622T101458Z_modular_seed109,109,fixed_update_scale,marginal_gain_edge,marginal_gain_edge,marginal_gain_edge,False,3072,3,-0.0011047864274002321,-0.0010405827263267886,3072.0,3072.0,0.0
modular,transformer_publication_20260622T101458Z_modular_seed109,109,fixed_update_scale,marginal_gain_edge,marginal_gain_edge,marginal_gain_edge,False,4096,3,-0.026460973807570867,0.0,4096.0,4096.0,0.0
modular,transformer_publication_20260622T101458Z_modular_seed109,109,fixed_update_scale,marginal_gain_soft,marginal_gain_soft,marginal_gain_soft,False,512,3,0.5395091923830455,-0.1703087062088103,448.0,448.0,0.0
modular,transformer_publication_20260622T101458Z_modular_seed109,109,fixed_update_scale,marginal_gain_soft,marginal_gain_soft,marginal_gain_soft,False,1024,3,0.11008109762732292,-0.06347554630593133,1024.0,1024.0,0.0
modular,transformer_publication_20260622T101458Z_modular_seed109,109,fixed_update_scale,marginal_gain_soft,marginal_gain_soft,marginal_gain_soft,False,1536,3,0.07188639040626753,-0.03572667360388496,1472.0,1472.0,0.0
modular,transformer_publication_20260622T101458Z_modular_seed109,109,fixed_update_scale,marginal_gain_soft,marginal_gain_soft,marginal_gain_soft,False,2048,3,-0.15503358360259767,0.0374609781477628,1984.0,1984.0,0.0
modular,transformer_publication_20260622T101458Z_modular_seed109,109,fixed_update_scale,marginal_gain_soft,marginal_gain_soft,marginal_gain_soft,False,3072,3,-0.005881638597261568,-0.0003468609087755962,3072.0,3072.0,0.0
modular,transformer_publication_20260622T101458Z_modular_seed109,109,fixed_update_scale,marginal_gain_soft,marginal_gain_soft,marginal_gain_soft,False,4096,3,-0.007135994887438865,0.0,4096.0,4096.0,0.0
modular,transformer_publication_20260622T101458Z_modular_seed109,109,fixed_update_scale,soft_dimension,soft_dimension,soft_dimension,True,512,3,0.4942700534159635,-0.15123135622615333,512.0,512.0,0.0
modular,transformer_publication_20260622T101458Z_modular_seed109,109,fixed_update_scale,soft_dimension,soft_dimension,soft_dimension,True,1024,3,-0.03666577323046231,0.009365244536940653,1024.0,1024.0,0.0
modular,transformer_publication_20260622T101458Z_modular_seed109,109,fixed_update_scale,soft_dimension,soft_dimension,soft_dimension,True,1536,3,0.0,0.0,1536.0,1536.0,0.0
modular,transformer_publication_20260622T101458Z_modular_seed109,109,fixed_update_scale,soft_dimension,soft_dimension,soft_dimension,True,2048,3,0.007841733116637162,0.005896635449184802,2048.0,2048.0,0.0
modular,transformer_publication_20260622T101458Z_modular_seed109,109,fixed_update_scale,soft_dimension,soft_dimension,soft_dimension,True,3072,3,0.0,0.0,3072.0,3072.0,0.0
modular,transformer_publication_20260622T101458Z_modular_seed109,109,fixed_update_scale,soft_dimension,soft_dimension,soft_dimension,True,4096,3,0.00857598845986827,0.0,4096.0,4096.0,0.0
modular,transformer_publication_20260622T101458Z_modular_seed109,109,rslora,effective_rank,effective_rank,effective_rank,False,512,3,0.5402420010783379,-0.16059660076309404,512.0,512.0,0.0
modular,transformer_publication_20260622T101458Z_modular_seed109,109,rslora,effective_rank,effective_rank,effective_rank,False,1024,3,0.22555578604697193,-0.07075962539021852,1024.0,1024.0,0.0
modular,transformer_publication_20260622T101458Z_modular_seed109,109,rslora,effective_rank,effective_rank,effective_rank,False,1536,3,0.05592440991322286,-0.016649323621228063,1536.0,1536.0,0.0
modular,transformer_publication_20260622T101458Z_modular_seed109,109,rslora,effective_rank,effective_rank,effective_rank,False,2048,3,0.010898740029856024,0.0003468609087755962,2048.0,2048.0,0.0
modular,transformer_publication_20260622T101458Z_modular_seed109,109,rslora,effective_rank,effective_rank,effective_rank,False,3072,3,0.0,0.0,3072.0,3072.0,0.0
modular,transformer_publication_20260622T101458Z_modular_seed109,109,rslora,effective_rank,effective_rank,effective_rank,False,4096,3,0.005179910005389768,0.0,4096.0,4096.0,0.0
modular,transformer_publication_20260622T101458Z_modular_seed109,109,rslora,gradient_norm,gradient_norm,gradient_norm,False,512,3,0.7487564806800896,-0.22511272979535205,512.0,512.0,0.0
modular,transformer_publication_20260622T101458Z_modular_seed109,109,rslora,gradient_norm,gradient_norm,gradient_norm,False,1024,3,-0.26388860209882153,0.1116892126257371,1024.0,1024.0,0.0
modular,transformer_publication_20260622T101458Z_modular_seed109,109,rslora,gradient_norm,gradient_norm,gradient_norm,False,1536,3,0.07954228001876379,-0.03850156087408959,1536.0,1536.0,0.0
modular,transformer_publication_20260622T101458Z_modular_seed109,109,rslora,gradient_norm,gradient_norm,gradient_norm,False,2048,3,0.014748729292485488,-0.007977800901838417,2048.0,2048.0,0.0
modular,transformer_publication_20260622T101458Z_modular_seed109,109,rslora,gradient_norm,gradient_norm,gradient_norm,False,3072,3,0.0766119822301552,-0.011099549080818524,3072.0,3072.0,0.0
modular,transformer_publication_20260622T101458Z_modular_seed109,109,rslora,gradient_norm,gradient_norm,gradient_norm,False,4096,3,-0.001704233413949166,0.0003468609087755962,4096.0,4096.0,0.0
modular,transformer_publication_20260622T101458Z_modular_seed109,109,rslora,marginal_gain_edge,marginal_gain_edge,marginal_gain_edge,False,512,3,0.6030472056798704,-0.15816857440166496,448.0,448.0,0.0
modular,transformer_publication_20260622T101458Z_modular_seed109,109,rslora,marginal_gain_edge,marginal_gain_edge,marginal_gain_edge,False,1024,3,-0.04225393326547955,0.005896635449184913,1024.0,1024.0,0.0
modular,transformer_publication_20260622T101458Z_modular_seed109,109,rslora,marginal_gain_edge,marginal_gain_edge,marginal_gain_edge,False,1536,3,-0.07412560075841927,0.015261879986125493,1536.0,1536.0,0.0
modular,transformer_publication_20260622T101458Z_modular_seed109,109,rslora,marginal_gain_edge,marginal_gain_edge,marginal_gain_edge,False,2048,3,-0.04396363504636714,0.004856052722858088,2048.0,2048.0,0.0
modular,transformer_publication_20260622T101458Z_modular_seed109,109,rslora,marginal_gain_edge,marginal_gain_edge,marginal_gain_edge,False,3072,3,-0.006294464804245029,0.0,3072.0,3072.0,0.0
modular,transformer_publication_20260622T101458Z_modular_seed109,109,rslora,marginal_gain_edge,marginal_gain_edge,marginal_gain_edge,False,4096,3,-0.03215996805155933,0.0006937218175511924,4096.0,4096.0,0.0
modular,transformer_publication_20260622T101458Z_modular_seed109,109,rslora,marginal_gain_soft,marginal_gain_soft,marginal_gain_soft,False,512,3,0.6030472056798704,-0.15816857440166496,448.0,448.0,0.0
modular,transformer_publication_20260622T101458Z_modular_seed109,109,rslora,marginal_gain_soft,marginal_gain_soft,marginal_gain_soft,False,1024,3,0.06702026488092117,-0.020811654526534846,1024.0,1024.0,0.0
modular,transformer_publication_20260622T101458Z_modular_seed109,109,rslora,marginal_gain_soft,marginal_gain_soft,marginal_gain_soft,False,1536,3,0.010227358200630329,-0.013874436351023181,1472.0,1472.0,0.0
modular,transformer_publication_20260622T101458Z_modular_seed109,109,rslora,marginal_gain_soft,marginal_gain_soft,marginal_gain_soft,False,2048,3,-0.038291363099197805,-0.003815469996531373,1984.0,1984.0,0.0
modular,transformer_publication_20260622T101458Z_modular_seed109,109,rslora,marginal_gain_soft,marginal_gain_soft,marginal_gain_soft,False,3072,3,-0.014644202062013133,0.0006937218175511924,3072.0,3072.0,0.0
modular,transformer_publication_20260622T101458Z_modular_seed109,109,rslora,marginal_gain_soft,marginal_gain_soft,marginal_gain_soft,False,4096,3,-0.012259764664658132,0.0006937218175511924,4096.0,4096.0,0.0
modular,transformer_publication_20260622T101458Z_modular_seed109,109,rslora,soft_dimension,soft_dimension,soft_dimension,True,512,3,0.5402420010783379,-0.16059660076309404,512.0,512.0,0.0
modular,transformer_publication_20260622T101458Z_modular_seed109,109,rslora,soft_dimension,soft_dimension,soft_dimension,True,1024,3,-0.006230871730325401,0.009712105445716287,1024.0,1024.0,0.0
modular,transformer_publication_20260622T101458Z_modular_seed109,109,rslora,soft_dimension,soft_dimension,soft_dimension,True,1536,3,0.0,0.0,1536.0,1536.0,0.0
modular,transformer_publication_20260622T101458Z_modular_seed109,109,rslora,soft_dimension,soft_dimension,soft_dimension,True,2048,3,0.010898740029856024,0.0003468609087755962,2048.0,2048.0,0.0
modular,transformer_publication_20260622T101458Z_modular_seed109,109,rslora,soft_dimension,soft_dimension,soft_dimension,True,3072,3,0.0,0.0,3072.0,3072.0,0.0
modular,transformer_publication_20260622T101458Z_modular_seed109,109,rslora,soft_dimension,soft_dimension,soft_dimension,True,4096,3,0.005179910005389768,0.0,4096.0,4096.0,0.0
modular,transformer_publication_20260622T101458Z_modular_seed109,109,standard,effective_rank,effective_rank,effective_rank,False,512,3,0.5307932175409038,-0.1501907734998266,512.0,512.0,0.0
modular,transformer_publication_20260622T101458Z_modular_seed109,109,standard,effective_rank,effective_rank,effective_rank,False,1024,3,-0.26783392156861613,0.09226500173430452,1024.0,1024.0,0.0
modular,transformer_publication_20260622T101458Z_modular_seed109,109,standard,effective_rank,effective_rank,effective_rank,False,1536,3,0.011748345949316544,0.0006937218175511184,1536.0,1536.0,0.0
modular,transformer_publication_20260622T101458Z_modular_seed109,109,standard,effective_rank,effective_rank,effective_rank,False,2048,3,-0.1058710174472887,0.046132500867152336,2048.0,2048.0,0.0
modular,transformer_publication_20260622T101458Z_modular_seed109,109,standard,effective_rank,effective_rank,effective_rank,False,3072,3,0.0,0.0,3072.0,3072.0,0.0
modular,transformer_publication_20260622T101458Z_modular_seed109,109,standard,effective_rank,effective_rank,effective_rank,False,4096,3,0.003010357795667632,0.0,4096.0,4096.0,0.0
modular,transformer_publication_20260622T101458Z_modular_seed109,109,standard,gradient_norm,gradient_norm,gradient_norm,False,512,3,0.7357638501227832,-0.20326049254249048,512.0,512.0,0.0
modular,transformer_publication_20260622T101458Z_modular_seed109,109,standard,gradient_norm,gradient_norm,gradient_norm,False,1024,3,-0.1739366375816972,0.0641692681234824,1024.0,1024.0,0.0
modular,transformer_publication_20260622T101458Z_modular_seed109,109,standard,gradient_norm,gradient_norm,gradient_norm,False,1536,3,0.1423420876088838,-0.0641692681234824,1536.0,1536.0,0.0
modular,transformer_publication_20260622T101458Z_modular_seed109,109,standard,gradient_norm,gradient_norm,gradient_norm,False,2048,3,-0.14994510266564184,0.052029136316337134,2048.0,2048.0,0.0
modular,transformer_publication_20260622T101458Z_modular_seed109,109,standard,gradient_norm,gradient_norm,gradient_norm,False,3072,3,0.06918154487872841,-0.012833853624696393,3072.0,3072.0,0.0
modular,transformer_publication_20260622T101458Z_modular_seed109,109,standard,gradient_norm,gradient_norm,gradient_norm,False,4096,3,-0.004738967298448302,0.0,4096.0,4096.0,0.0
modular,transformer_publication_20260622T101458Z_modular_seed109,109,standard,marginal_gain_edge,marginal_gain_edge,marginal_gain_edge,False,512,3,0.18523796494537179,-0.046826222684703434,448.0,448.0,0.0
modular,transformer_publication_20260622T101458Z_modular_seed109,109,standard,marginal_gain_edge,marginal_gain_edge,marginal_gain_edge,False,1024,3,-0.16196216198871252,0.045785639958376666,1024.0,1024.0,0.0
modular,transformer_publication_20260622T101458Z_modular_seed109,109,standard,marginal_gain_edge,marginal_gain_edge,marginal_gain_edge,False,1536,3,-0.0089091066887426,0.0024280263614290996,1536.0,1536.0,0.0
modular,transformer_publication_20260622T101458Z_modular_seed109,109,standard,marginal_gain_edge,marginal_gain_edge,marginal_gain_edge,False,2048,3,-0.179182852090873,0.060353798126951075,2048.0,2048.0,0.0
modular,transformer_publication_20260622T101458Z_modular_seed109,109,standard,marginal_gain_edge,marginal_gain_edge,marginal_gain_edge,False,3072,3,-0.01580124790190703,-0.0003468609087755962,3072.0,3072.0,0.0
modular,transformer_publication_20260622T101458Z_modular_seed109,109,standard,marginal_gain_edge,marginal_gain_edge,marginal_gain_edge,False,4096,3,-0.025222756716083868,0.0,4096.0,4096.0,0.0
modular,transformer_publication_20260622T101458Z_modular_seed109,109,standard,marginal_gain_soft,marginal_gain_soft,marginal_gain_soft,False,512,3,0.18523796494537179,-0.046826222684703434,448.0,448.0,0.0
modular,transformer_publication_20260622T101458Z_modular_seed109,109,standard,marginal_gain_soft,marginal_gain_soft,marginal_gain_soft,False,1024,3,-0.19065013739784017,0.060006937218175516,1024.0,1024.0,0.0
modular,transformer_publication_20260622T101458Z_modular_seed109,109,standard,marginal_gain_soft,marginal_gain_soft,marginal_gain_soft,False,1536,3,-0.04158429152800974,0.010058966354491957,1472.0,1472.0,0.0
modular,transformer_publication_20260622T101458Z_modular_seed109,109,standard,marginal_gain_soft,marginal_gain_soft,marginal_gain_soft,False,2048,3,-0.1548848920477541,0.055150884495317465,1984.0,1984.0,0.0
modular,transformer_publication_20260622T101458Z_modular_seed109,109,standard,marginal_gain_soft,marginal_gain_soft,marginal_gain_soft,False,3072,3,-0.019429312637085496,0.0,3072.0,3072.0,0.0
modular,transformer_publication_20260622T101458Z_modular_seed109,109,standard,marginal_gain_soft,marginal_gain_soft,marginal_gain_soft,False,4096,3,-0.007828539661853802,0.0,4096.0,4096.0,0.0
modular,transformer_publication_20260622T101458Z_modular_seed109,109,standard,soft_dimension,soft_dimension,soft_dimension,True,512,3,0.5307932175409038,-0.1501907734998266,512.0,512.0,0.0
modular,transformer_publication_20260622T101458Z_modular_seed109,109,standard,soft_dimension,soft_dimension,soft_dimension,True,1024,3,-0.20787406496980146,0.08081859174471033,1024.0,1024.0,0.0
modular,transformer_publication_20260622T101458Z_modular_seed109,109,standard,soft_dimension,soft_dimension,soft_dimension,True,1536,3,0.0,0.0,1536.0,1536.0,0.0
modular,transformer_publication_20260622T101458Z_modular_seed109,109,standard,soft_dimension,soft_dimension,soft_dimension,True,2048,3,-0.1058710174472887,0.046132500867152336,2048.0,2048.0,0.0
modular,transformer_publication_20260622T101458Z_modular_seed109,109,standard,soft_dimension,soft_dimension,soft_dimension,True,3072,3,0.0,0.0,3072.0,3072.0,0.0
modular,transformer_publication_20260622T101458Z_modular_seed109,109,standard,soft_dimension,soft_dimension,soft_dimension,True,4096,3,0.003010357795667632,0.0,4096.0,4096.0,0.0
modular,transformer_publication_20260622T101458Z_modular_seed113,113,fixed_update_scale,effective_rank,effective_rank,effective_rank,False,512,3,0.5974443420287102,-0.11550468262226853,448.0,448.0,0.0
modular,transformer_publication_20260622T101458Z_modular_seed113,113,fixed_update_scale,effective_rank,effective_rank,effective_rank,False,1024,3,-0.13514677801357147,0.040235865417967386,1024.0,1024.0,0.0
modular,transformer_publication_20260622T101458Z_modular_seed113,113,fixed_update_scale,effective_rank,effective_rank,effective_rank,False,1536,3,-0.06796661732596238,0.015955601803676722,1536.0,1536.0,0.0
modular,transformer_publication_20260622T101458Z_modular_seed113,113,fixed_update_scale,effective_rank,effective_rank,effective_rank,False,2048,3,-0.004932654697862786,-0.001734304543877944,2048.0,2048.0,0.0
modular,transformer_publication_20260622T101458Z_modular_seed113,113,fixed_update_scale,effective_rank,effective_rank,effective_rank,False,3072,3,0.019188210980639105,-0.00763093999306282,3072.0,3072.0,0.0
modular,transformer_publication_20260622T101458Z_modular_seed113,113,fixed_update_scale,effective_rank,effective_rank,effective_rank,False,4096,3,0.014420367045986399,-0.004856052722858088,4096.0,4096.0,0.0
modular,transformer_publication_20260622T101458Z_modular_seed113,113,fixed_update_scale,gradient_norm,gradient_norm,gradient_norm,False,512,3,-0.19469559924535526,0.07526881720430106,448.0,448.0,0.0
modular,transformer_publication_20260622T101458Z_modular_seed113,113,fixed_update_scale,gradient_norm,gradient_norm,gradient_norm,False,1024,3,-0.2818706307690714,0.08949011446409988,1024.0,1024.0,0.0
modular,transformer_publication_20260622T101458Z_modular_seed113,113,fixed_update_scale,gradient_norm,gradient_norm,gradient_norm,False,1536,3,-0.19146033504378912,0.06382240721470696,1472.0,1472.0,0.0
modular,transformer_publication_20260622T101458Z_modular_seed113,113,fixed_update_scale,gradient_norm,gradient_norm,gradient_norm,False,2048,3,0.0037303172669558293,-0.015608740894901088,2048.0,2048.0,0.0
modular,transformer_publication_20260622T101458Z_modular_seed113,113,fixed_update_scale,gradient_norm,gradient_norm,gradient_norm,False,3072,3,-0.014492780091631874,-0.005202913631633795,3072.0,3072.0,0.0
modular,transformer_publication_20260622T101458Z_modular_seed113,113,fixed_update_scale,gradient_norm,gradient_norm,gradient_norm,False,4096,3,-0.06968353871169536,0.004162330905307006,4096.0,4096.0,0.0
modular,transformer_publication_20260622T101458Z_modular_seed113,113,fixed_update_scale,marginal_gain_edge,marginal_gain_edge,marginal_gain_edge,False,512,3,0.7475024548992694,-0.13319458896982314,448.0,448.0,0.0
modular,transformer_publication_20260622T101458Z_modular_seed113,113,fixed_update_scale,marginal_gain_edge,marginal_gain_edge,marginal_gain_edge,False,1024,3,0.6501550185692794,-0.21158515435310443,1024.0,1024.0,0.0
modular,transformer_publication_20260622T101458Z_modular_seed113,113,fixed_update_scale,marginal_gain_edge,marginal_gain_edge,marginal_gain_edge,False,1536,3,-0.15452063287292714,0.05584460631286851,1536.0,1536.0,0.0
modular,transformer_publication_20260622T101458Z_modular_seed113,113,fixed_update_scale,marginal_gain_edge,marginal_gain_edge,marginal_gain_edge,False,2048,3,-0.004932654697862786,-0.001734304543877944,2048.0,2048.0,0.0
modular,transformer_publication_20260622T101458Z_modular_seed113,113,fixed_update_scale,marginal_gain_edge,marginal_gain_edge,marginal_gain_edge,False,3072,3,0.02317010350021437,-0.020464793617759252,3072.0,3072.0,0.0
modular,transformer_publication_20260622T101458Z_modular_seed113,113,fixed_update_scale,marginal_gain_edge,marginal_gain_edge,marginal_gain_edge,False,4096,3,-0.10759828709249403,0.031564342698577885,3840.0,3840.0,0.0
modular,transformer_publication_20260622T101458Z_modular_seed113,113,fixed_update_scale,marginal_gain_soft,marginal_gain_soft,marginal_gain_soft,False,512,3,0.7475024548992694,-0.13319458896982314,448.0,448.0,0.0
modular,transformer_publication_20260622T101458Z_modular_seed113,113,fixed_update_scale,marginal_gain_soft,marginal_gain_soft,marginal_gain_soft,False,1024,3,0.6501550185692794,-0.21158515435310443,1024.0,1024.0,0.0
modular,transformer_publication_20260622T101458Z_modular_seed113,113,fixed_update_scale,marginal_gain_soft,marginal_gain_soft,marginal_gain_soft,False,1536,3,-0.15452063287292714,0.05584460631286851,1536.0,1536.0,0.0
modular,transformer_publication_20260622T101458Z_modular_seed113,113,fixed_update_scale,marginal_gain_soft,marginal_gain_soft,marginal_gain_soft,False,2048,3,-0.004932654697862786,-0.001734304543877944,2048.0,2048.0,0.0
modular,transformer_publication_20260622T101458Z_modular_seed113,113,fixed_update_scale,marginal_gain_soft,marginal_gain_soft,marginal_gain_soft,False,3072,3,0.02317010350021437,-0.020464793617759252,3072.0,3072.0,0.0
modular,transformer_publication_20260622T101458Z_modular_seed113,113,fixed_update_scale,marginal_gain_soft,marginal_gain_soft,marginal_gain_soft,False,4096,3,0.014420367045986399,-0.004856052722858088,4096.0,4096.0,0.0
modular,transformer_publication_20260622T101458Z_modular_seed113,113,fixed_update_scale,soft_dimension,soft_dimension,soft_dimension,True,512,3,0.5974443420287102,-0.11550468262226853,448.0,448.0,0.0
modular,transformer_publication_20260622T101458Z_modular_seed113,113,fixed_update_scale,soft_dimension,soft_dimension,soft_dimension,True,1024,3,-0.24176464835844078,0.05653832813041968,1024.0,1024.0,0.0
modular,transformer_publication_20260622T101458Z_modular_seed113,113,fixed_update_scale,soft_dimension,soft_dimension,soft_dimension,True,1536,3,-0.0741278541985378,0.015608740894901163,1472.0,1472.0,0.0
modular,transformer_publication_20260622T101458Z_modular_seed113,113,fixed_update_scale,soft_dimension,soft_dimension,soft_dimension,True,2048,3,-0.004932654697862786,-0.001734304543877944,2048.0,2048.0,0.0
modular,transformer_publication_20260622T101458Z_modular_seed113,113,fixed_update_scale,soft_dimension,soft_dimension,soft_dimension,True,3072,3,0.019188210980639105,-0.00763093999306282,3072.0,3072.0,0.0
modular,transformer_publication_20260622T101458Z_modular_seed113,113,fixed_update_scale,soft_dimension,soft_dimension,soft_dimension,True,4096,3,0.014420367045986399,-0.004856052722858088,4096.0,4096.0,0.0
modular,transformer_publication_20260622T101458Z_modular_seed113,113,rslora,effective_rank,effective_rank,effective_rank,False,512,3,0.7023152400336659,-0.14290669441553935,448.0,448.0,0.0
modular,transformer_publication_20260622T101458Z_modular_seed113,113,rslora,effective_rank,effective_rank,effective_rank,False,1024,3,-0.11750241709880194,0.03607353451266045,1024.0,1024.0,0.0
modular,transformer_publication_20260622T101458Z_modular_seed113,113,rslora,effective_rank,effective_rank,effective_rank,False,1536,3,-0.3080720025096302,0.102670828997572,1536.0,1536.0,0.0
modular,transformer_publication_20260622T101458Z_modular_seed113,113,rslora,effective_rank,effective_rank,effective_rank,False,2048,3,-0.029111067681439912,0.011446409989594156,2048.0,2048.0,0.0
modular,transformer_publication_20260622T101458Z_modular_seed113,113,rslora,effective_rank,effective_rank,effective_rank,False,3072,3,0.008472419952171933,0.0027748872702046215,3072.0,3072.0,0.0
modular,transformer_publication_20260622T101458Z_modular_seed113,113,rslora,effective_rank,effective_rank,effective_rank,False,4096,3,-0.00957208306910142,0.004509191814082529,4096.0,4096.0,0.0
modular,transformer_publication_20260622T101458Z_modular_seed113,113,rslora,gradient_norm,gradient_norm,gradient_norm,False,512,3,-0.07843119007326275,0.028442594519597648,448.0,448.0,0.0
modular,transformer_publication_20260622T101458Z_modular_seed113,113,rslora,gradient_norm,gradient_norm,gradient_norm,False,1024,3,-0.11231285178574513,0.02323968088796391,1024.0,1024.0,0.0
modular,transformer_publication_20260622T101458Z_modular_seed113,113,rslora,gradient_norm,gradient_norm,gradient_norm,False,1536,3,-0.24370890518794486,0.1002428026361429,1472.0,1472.0,0.0
modular,transformer_publication_20260622T101458Z_modular_seed113,113,rslora,gradient_norm,gradient_norm,gradient_norm,False,2048,3,-0.10768753297412471,0.04058272632674298,2048.0,2048.0,0.0
modular,transformer_publication_20260622T101458Z_modular_seed113,113,rslora,gradient_norm,gradient_norm,gradient_norm,False,3072,3,-0.1215023965320569,0.031217481789802326,3072.0,3072.0,0.0
modular,transformer_publication_20260622T101458Z_modular_seed113,113,rslora,gradient_norm,gradient_norm,gradient_norm,False,4096,3,-0.09212764652082171,0.01734304543877907,4096.0,4096.0,0.0
modular,transformer_publication_20260622T101458Z_modular_seed113,113,rslora,marginal_gain_edge,marginal_gain_edge,marginal_gain_edge,False,512,3,0.8670042465843758,-0.18210197710718004,448.0,448.0,0.0
modular,transformer_publication_20260622T101458Z_modular_seed113,113,rslora,marginal_gain_edge,marginal_gain_edge,marginal_gain_edge,False,1024,3,1.335788175458508,-0.3957682969129379,1024.0,1024.0,0.0
modular,transformer_publication_20260622T101458Z_modular_seed113,113,rslora,marginal_gain_edge,marginal_gain_edge,marginal_gain_edge,False,1536,3,-0.47964065705700293,0.15643426985778705,1536.0,1536.0,0.0
modular,transformer_publication_20260622T101458Z_modular_seed113,113,rslora,marginal_gain_edge,marginal_gain_edge,marginal_gain_edge,False,2048,3,-0.029111067681439912,0.011446409989594156,2048.0,2048.0,0.0
modular,transformer_publication_20260622T101458Z_modular_seed113,113,rslora,marginal_gain_edge,marginal_gain_edge,marginal_gain_edge,False,3072,3,-0.09921722514138141,0.019771071800208057,3072.0,3072.0,0.0
modular,transformer_publication_20260622T101458Z_modular_seed113,113,rslora,marginal_gain_edge,marginal_gain_edge,marginal_gain_edge,False,4096,3,-0.0659230533538905,0.03607353451266052,3840.0,3840.0,0.0
modular,transformer_publication_20260622T101458Z_modular_seed113,113,rslora,marginal_gain_soft,marginal_gain_soft,marginal_gain_soft,False,512,3,0.8670042465843758,-0.18210197710718004,448.0,448.0,0.0
modular,transformer_publication_20260622T101458Z_modular_seed113,113,rslora,marginal_gain_soft,marginal_gain_soft,marginal_gain_soft,False,1024,3,1.335788175458508,-0.3957682969129379,1024.0,1024.0,0.0
modular,transformer_publication_20260622T101458Z_modular_seed113,113,rslora,marginal_gain_soft,marginal_gain_soft,marginal_gain_soft,False,1536,3,-0.47964065705700293,0.15643426985778705,1536.0,1536.0,0.0
modular,transformer_publication_20260622T101458Z_modular_seed113,113,rslora,marginal_gain_soft,marginal_gain_soft,marginal_gain_soft,False,2048,3,-0.029111067681439912,0.011446409989594156,2048.0,2048.0,0.0
modular,transformer_publication_20260622T101458Z_modular_seed113,113,rslora,marginal_gain_soft,marginal_gain_soft,marginal_gain_soft,False,3072,3,-0.09921722514138141,0.019771071800208057,3072.0,3072.0,0.0
modular,transformer_publication_20260622T101458Z_modular_seed113,113,rslora,marginal_gain_soft,marginal_gain_soft,marginal_gain_soft,False,4096,3,-0.00957208306910142,0.004509191814082529,4096.0,4096.0,0.0
modular,transformer_publication_20260622T101458Z_modular_seed113,113,rslora,soft_dimension,soft_dimension,soft_dimension,True,512,3,0.7023152400336659,-0.14290669441553935,448.0,448.0,0.0
modular,transformer_publication_20260622T101458Z_modular_seed113,113,rslora,soft_dimension,soft_dimension,soft_dimension,True,1024,3,-0.13498439968273201,0.02289281997918835,1024.0,1024.0,0.0
modular,transformer_publication_20260622T101458Z_modular_seed113,113,rslora,soft_dimension,soft_dimension,soft_dimension,True,1536,3,-0.28964019996029117,0.12140131807145338,1472.0,1472.0,0.0
modular,transformer_publication_20260622T101458Z_modular_seed113,113,rslora,soft_dimension,soft_dimension,soft_dimension,True,2048,3,-0.029111067681439912,0.011446409989594156,2048.0,2048.0,0.0
modular,transformer_publication_20260622T101458Z_modular_seed113,113,rslora,soft_dimension,soft_dimension,soft_dimension,True,3072,3,0.008472419952171933,0.0027748872702046215,3072.0,3072.0,0.0
modular,transformer_publication_20260622T101458Z_modular_seed113,113,rslora,soft_dimension,soft_dimension,soft_dimension,True,4096,3,-0.00957208306910142,0.004509191814082529,4096.0,4096.0,0.0
modular,transformer_publication_20260622T101458Z_modular_seed113,113,standard,effective_rank,effective_rank,effective_rank,False,512,3,0.5762347607739966,-0.08081859174471041,448.0,448.0,0.0
modular,transformer_publication_20260622T101458Z_modular_seed113,113,standard,effective_rank,effective_rank,effective_rank,False,1024,3,0.3341884174323768,-0.07943114810960801,1024.0,1024.0,0.0
modular,transformer_publication_20260622T101458Z_modular_seed113,113,standard,effective_rank,effective_rank,effective_rank,False,1536,3,-0.05934263782868402,0.01768990634755463,1536.0,1536.0,0.0
modular,transformer_publication_20260622T101458Z_modular_seed113,113,standard,effective_rank,effective_rank,effective_rank,False,2048,3,-0.0476884496551068,0.015261879986125604,2048.0,2048.0,0.0
modular,transformer_publication_20260622T101458Z_modular_seed113,113,standard,effective_rank,effective_rank,effective_rank,False,3072,3,-0.18535494529928057,0.06035379812695104,3072.0,3072.0,0.0
modular,transformer_publication_20260622T101458Z_modular_seed113,113,standard,effective_rank,effective_rank,effective_rank,False,4096,3,-0.05685658957079137,0.014915019077350008,4096.0,4096.0,0.0
modular,transformer_publication_20260622T101458Z_modular_seed113,113,standard,gradient_norm,gradient_norm,gradient_norm,False,512,3,-0.20151196748400713,0.08671522719389525,448.0,448.0,0.0
modular,transformer_publication_20260622T101458Z_modular_seed113,113,standard,gradient_norm,gradient_norm,gradient_norm,False,1024,3,0.9182363098129978,-0.2587582379465834,1024.0,1024.0,0.0
modular,transformer_publication_20260622T101458Z_modular_seed113,113,standard,gradient_norm,gradient_norm,gradient_norm,False,1536,3,-0.31171505433835794,0.10163024627124521,1472.0,1472.0,0.0
modular,transformer_publication_20260622T101458Z_modular_seed113,113,standard,gradient_norm,gradient_norm,gradient_norm,False,2048,3,-0.112806122996846,0.02948317724592438,2048.0,2048.0,0.0
modular,transformer_publication_20260622T101458Z_modular_seed113,113,standard,gradient_norm,gradient_norm,gradient_norm,False,3072,3,-0.23098551972723658,0.06486298994103364,3072.0,3072.0,0.0
modular,transformer_publication_20260622T101458Z_modular_seed113,113,standard,gradient_norm,gradient_norm,gradient_norm,False,4096,3,-0.11325159913398636,0.019424210891432536,4096.0,4096.0,0.0
modular,transformer_publication_20260622T101458Z_modular_seed113,113,standard,marginal_gain_edge,marginal_gain_edge,marginal_gain_edge,False,512,3,0.54537912412439,-0.07353451266042317,448.0,448.0,0.0
modular,transformer_publication_20260622T101458Z_modular_seed113,113,standard,marginal_gain_edge,marginal_gain_edge,marginal_gain_edge,False,1024,3,1.7889208151903,-0.48283038501560877,1024.0,1024.0,0.0
modular,transformer_publication_20260622T101458Z_modular_seed113,113,standard,marginal_gain_edge,marginal_gain_edge,marginal_gain_edge,False,1536,3,-0.0880155525313373,0.03642039542143601,1536.0,1536.0,0.0
modular,transformer_publication_20260622T101458Z_modular_seed113,113,standard,marginal_gain_edge,marginal_gain_edge,marginal_gain_edge,False,2048,3,-0.0476884496551068,0.015261879986125604,2048.0,2048.0,0.0
modular,transformer_publication_20260622T101458Z_modular_seed113,113,standard,marginal_gain_edge,marginal_gain_edge,marginal_gain_edge,False,3072,3,-0.17556946986961233,0.04751994450225461,3072.0,3072.0,0.0
modular,transformer_publication_20260622T101458Z_modular_seed113,113,standard,marginal_gain_edge,marginal_gain_edge,marginal_gain_edge,False,4096,3,0.06766243062931507,-0.01318071453347199,3840.0,3840.0,0.0
modular,transformer_publication_20260622T101458Z_modular_seed113,113,standard,marginal_gain_soft,marginal_gain_soft,marginal_gain_soft,False,512,3,0.54537912412439,-0.07353451266042317,448.0,448.0,0.0
modular,transformer_publication_20260622T101458Z_modular_seed113,113,standard,marginal_gain_soft,marginal_gain_soft,marginal_gain_soft,False,1024,3,1.7889208151903,-0.48283038501560877,1024.0,1024.0,0.0
modular,transformer_publication_20260622T101458Z_modular_seed113,113,standard,marginal_gain_soft,marginal_gain_soft,marginal_gain_soft,False,1536,3,-0.0880155525313373,0.03642039542143601,1536.0,1536.0,0.0
modular,transformer_publication_20260622T101458Z_modular_seed113,113,standard,marginal_gain_soft,marginal_gain_soft,marginal_gain_soft,False,2048,3,-0.0476884496551068,0.015261879986125604,2048.0,2048.0,0.0
modular,transformer_publication_20260622T101458Z_modular_seed113,113,standard,marginal_gain_soft,marginal_gain_soft,marginal_gain_soft,False,3072,3,-0.17556946986961233,0.04751994450225461,3072.0,3072.0,0.0
modular,transformer_publication_20260622T101458Z_modular_seed113,113,standard,marginal_gain_soft,marginal_gain_soft,marginal_gain_soft,False,4096,3,-0.05685658957079137,0.014915019077350008,4096.0,4096.0,0.0
modular,transformer_publication_20260622T101458Z_modular_seed113,113,standard,soft_dimension,soft_dimension,soft_dimension,True,512,3,0.5762347607739966,-0.08081859174471041,448.0,448.0,0.0
modular,transformer_publication_20260622T101458Z_modular_seed113,113,standard,soft_dimension,soft_dimension,soft_dimension,True,1024,3,-0.15229104202404808,0.06971904266389183,1024.0,1024.0,0.0
modular,transformer_publication_20260622T101458Z_modular_seed113,113,standard,soft_dimension,soft_dimension,soft_dimension,True,1536,3,-0.3923207624190969,0.1442941380506417,1472.0,1472.0,0.0
modular,transformer_publication_20260622T101458Z_modular_seed113,113,standard,soft_dimension,soft_dimension,soft_dimension,True,2048,3,-0.0476884496551068,0.015261879986125604,2048.0,2048.0,0.0
modular,transformer_publication_20260622T101458Z_modular_seed113,113,standard,soft_dimension,soft_dimension,soft_dimension,True,3072,3,-0.18535494529928057,0.06035379812695104,3072.0,3072.0,0.0
modular,transformer_publication_20260622T101458Z_modular_seed113,113,standard,soft_dimension,soft_dimension,soft_dimension,True,4096,3,-0.05685658957079137,0.014915019077350008,4096.0,4096.0,0.0
