task_family,run,seed,scaling_mode,condition_id,rule,allocation_rule,is_primary_allocation_rule,budget,n_adaptation_replicates,loss_delta_vs_uniform_fill,acc_delta_vs_uniform_fill,actual_cost,reference_cost,cost_gap
associative_recall,transformer_publication_20260622T101458Z_associative_recall_seed101,101,fixed_update_scale,effective_rank,effective_rank,effective_rank,False,512,3,-0.05460438753167792,-0.037760416666666664,512.0,512.0,0.0
associative_recall,transformer_publication_20260622T101458Z_associative_recall_seed101,101,fixed_update_scale,effective_rank,effective_rank,effective_rank,False,1024,3,-0.016050820006057665,0.0,1024.0,1024.0,0.0
associative_recall,transformer_publication_20260622T101458Z_associative_recall_seed101,101,fixed_update_scale,effective_rank,effective_rank,effective_rank,False,1536,3,-0.005178998728903666,0.0,1472.0,1536.0,-64.0
associative_recall,transformer_publication_20260622T101458Z_associative_recall_seed101,101,fixed_update_scale,effective_rank,effective_rank,effective_rank,False,2048,3,-0.0032667366031091665,0.0,2048.0,2048.0,0.0
associative_recall,transformer_publication_20260622T101458Z_associative_recall_seed101,101,fixed_update_scale,effective_rank,effective_rank,effective_rank,False,3072,3,-0.0003823557393237333,0.0,3072.0,3072.0,0.0
associative_recall,transformer_publication_20260622T101458Z_associative_recall_seed101,101,fixed_update_scale,effective_rank,effective_rank,effective_rank,False,4096,3,-0.00044921133182169987,0.0,4096.0,4096.0,0.0
associative_recall,transformer_publication_20260622T101458Z_associative_recall_seed101,101,fixed_update_scale,effective_rank,effective_rank,effective_rank,False,6144,3,-0.0001577440343680667,0.0,6144.0,6144.0,0.0
associative_recall,transformer_publication_20260622T101458Z_associative_recall_seed101,101,fixed_update_scale,gradient_norm,gradient_norm,gradient_norm,False,512,3,0.062376659984389925,0.0006510416666666666,512.0,512.0,0.0
associative_recall,transformer_publication_20260622T101458Z_associative_recall_seed101,101,fixed_update_scale,gradient_norm,gradient_norm,gradient_norm,False,1024,3,-0.02004937684008237,0.0,1024.0,1024.0,0.0
associative_recall,transformer_publication_20260622T101458Z_associative_recall_seed101,101,fixed_update_scale,gradient_norm,gradient_norm,gradient_norm,False,1536,3,-0.0072913893964142,0.0,1536.0,1536.0,0.0
associative_recall,transformer_publication_20260622T101458Z_associative_recall_seed101,101,fixed_update_scale,gradient_norm,gradient_norm,gradient_norm,False,2048,3,-0.004091343735732766,0.0,2048.0,2048.0,0.0
associative_recall,transformer_publication_20260622T101458Z_associative_recall_seed101,101,fixed_update_scale,gradient_norm,gradient_norm,gradient_norm,False,3072,3,-0.0007883102565150001,0.0,3072.0,3072.0,0.0
associative_recall,transformer_publication_20260622T101458Z_associative_recall_seed101,101,fixed_update_scale,gradient_norm,gradient_norm,gradient_norm,False,4096,3,-0.0006517595563006333,0.0,4096.0,4096.0,0.0
associative_recall,transformer_publication_20260622T101458Z_associative_recall_seed101,101,fixed_update_scale,gradient_norm,gradient_norm,gradient_norm,False,6144,3,-0.00019514535961203335,0.0,6144.0,6144.0,0.0
associative_recall,transformer_publication_20260622T101458Z_associative_recall_seed101,101,fixed_update_scale,marginal_gain_edge,marginal_gain_edge,marginal_gain_edge,False,512,3,0.02263591935237247,0.0006510416666666666,512.0,512.0,0.0
associative_recall,transformer_publication_20260622T101458Z_associative_recall_seed101,101,fixed_update_scale,marginal_gain_edge,marginal_gain_edge,marginal_gain_edge,False,1024,3,-0.0194202887360007,0.0,1024.0,1024.0,0.0
associative_recall,transformer_publication_20260622T101458Z_associative_recall_seed101,101,fixed_update_scale,marginal_gain_edge,marginal_gain_edge,marginal_gain_edge,False,1536,3,-0.006145069783087833,0.0,1472.0,1536.0,-64.0
associative_recall,transformer_publication_20260622T101458Z_associative_recall_seed101,101,fixed_update_scale,marginal_gain_edge,marginal_gain_edge,marginal_gain_edge,False,2048,3,-0.0038693987783820667,0.0,2048.0,2048.0,0.0
associative_recall,transformer_publication_20260622T101458Z_associative_recall_seed101,101,fixed_update_scale,marginal_gain_edge,marginal_gain_edge,marginal_gain_edge,False,3072,3,-0.0010953823997018333,0.0,3072.0,3072.0,0.0
associative_recall,transformer_publication_20260622T101458Z_associative_recall_seed101,101,fixed_update_scale,marginal_gain_edge,marginal_gain_edge,marginal_gain_edge,False,4096,3,-0.0006831271845536667,0.0,4096.0,4096.0,0.0
associative_recall,transformer_publication_20260622T101458Z_associative_recall_seed101,101,fixed_update_scale,marginal_gain_edge,marginal_gain_edge,marginal_gain_edge,False,6144,3,-0.0002224307051316667,0.0,6144.0,6144.0,0.0
associative_recall,transformer_publication_20260622T101458Z_associative_recall_seed101,101,fixed_update_scale,marginal_gain_soft,marginal_gain_soft,marginal_gain_soft,False,512,3,0.02263591935237247,0.0006510416666666666,512.0,512.0,0.0
associative_recall,transformer_publication_20260622T101458Z_associative_recall_seed101,101,fixed_update_scale,marginal_gain_soft,marginal_gain_soft,marginal_gain_soft,False,1024,3,-0.013399575526515667,0.0,1024.0,1024.0,0.0
associative_recall,transformer_publication_20260622T101458Z_associative_recall_seed101,101,fixed_update_scale,marginal_gain_soft,marginal_gain_soft,marginal_gain_soft,False,1536,3,-0.0072343529512484996,0.0,1536.0,1536.0,0.0
associative_recall,transformer_publication_20260622T101458Z_associative_recall_seed101,101,fixed_update_scale,marginal_gain_soft,marginal_gain_soft,marginal_gain_soft,False,2048,3,-0.0040543149904503336,0.0,2048.0,2048.0,0.0
associative_recall,transformer_publication_20260622T101458Z_associative_recall_seed101,101,fixed_update_scale,marginal_gain_soft,marginal_gain_soft,marginal_gain_soft,False,3072,3,-0.0010953823997018333,0.0,3072.0,3072.0,0.0
associative_recall,transformer_publication_20260622T101458Z_associative_recall_seed101,101,fixed_update_scale,marginal_gain_soft,marginal_gain_soft,marginal_gain_soft,False,4096,3,-0.0007443396316375667,0.0,4096.0,4096.0,0.0
associative_recall,transformer_publication_20260622T101458Z_associative_recall_seed101,101,fixed_update_scale,marginal_gain_soft,marginal_gain_soft,marginal_gain_soft,False,6144,3,-0.00021885763271710002,0.0,6144.0,6144.0,0.0
associative_recall,transformer_publication_20260622T101458Z_associative_recall_seed101,101,fixed_update_scale,soft_dimension,soft_dimension,soft_dimension,True,512,3,-0.05460438753167792,-0.037760416666666664,512.0,512.0,0.0
associative_recall,transformer_publication_20260622T101458Z_associative_recall_seed101,101,fixed_update_scale,soft_dimension,soft_dimension,soft_dimension,True,1024,3,-0.016050820006057665,0.0,1024.0,1024.0,0.0
associative_recall,transformer_publication_20260622T101458Z_associative_recall_seed101,101,fixed_update_scale,soft_dimension,soft_dimension,soft_dimension,True,1536,3,-0.005178998728903666,0.0,1472.0,1536.0,-64.0
associative_recall,transformer_publication_20260622T101458Z_associative_recall_seed101,101,fixed_update_scale,soft_dimension,soft_dimension,soft_dimension,True,2048,3,-0.0023946422540272335,0.0,2048.0,2048.0,0.0
associative_recall,transformer_publication_20260622T101458Z_associative_recall_seed101,101,fixed_update_scale,soft_dimension,soft_dimension,soft_dimension,True,3072,3,-0.0003823557393237333,0.0,3072.0,3072.0,0.0
associative_recall,transformer_publication_20260622T101458Z_associative_recall_seed101,101,fixed_update_scale,soft_dimension,soft_dimension,soft_dimension,True,4096,3,-0.00044921133182169987,0.0,4096.0,4096.0,0.0
associative_recall,transformer_publication_20260622T101458Z_associative_recall_seed101,101,fixed_update_scale,soft_dimension,soft_dimension,soft_dimension,True,6144,3,-0.0001577440343680667,0.0,6144.0,6144.0,0.0
associative_recall,transformer_publication_20260622T101458Z_associative_recall_seed101,101,fixed_update_scale,uniform,uniform,uniform,False,512,3,10.816700304547945,-0.9993489583333334,0.0,512.0,-512.0
associative_recall,transformer_publication_20260622T101458Z_associative_recall_seed101,101,fixed_update_scale,uniform,uniform,uniform,False,1024,3,11.05927847333563,-1.0,0.0,1024.0,-1024.0
associative_recall,transformer_publication_20260622T101458Z_associative_recall_seed101,101,fixed_update_scale,uniform,uniform,uniform,False,1536,3,2.09936406463003e-05,0.0,1408.0,1536.0,-128.0
associative_recall,transformer_publication_20260622T101458Z_associative_recall_seed101,101,fixed_update_scale,uniform,uniform,uniform,False,2048,3,0.0062984837180314,0.0,1408.0,2048.0,-640.0
associative_recall,transformer_publication_20260622T101458Z_associative_recall_seed101,101,fixed_update_scale,uniform,uniform,uniform,False,3072,3,8.909313085799994e-06,0.0,2816.0,3072.0,-256.0
associative_recall,transformer_publication_20260622T101458Z_associative_recall_seed101,101,fixed_update_scale,uniform,uniform,uniform,False,4096,3,0.0010480348961815667,0.0,2816.0,4096.0,-1280.0
associative_recall,transformer_publication_20260622T101458Z_associative_recall_seed101,101,fixed_update_scale,uniform,uniform,uniform,False,6144,3,3.941225683473334e-05,0.0,5632.0,6144.0,-512.0
associative_recall,transformer_publication_20260622T101458Z_associative_recall_seed101,101,rslora,effective_rank,effective_rank,effective_rank,False,512,3,-0.1785916512211164,-0.039713541666666664,512.0,512.0,0.0
associative_recall,transformer_publication_20260622T101458Z_associative_recall_seed101,101,rslora,effective_rank,effective_rank,effective_rank,False,1024,3,-0.0139168757790079,0.0,1024.0,1024.0,0.0
associative_recall,transformer_publication_20260622T101458Z_associative_recall_seed101,101,rslora,effective_rank,effective_rank,effective_rank,False,1536,3,-0.0041129766420151,0.0,1472.0,1536.0,-64.0
associative_recall,transformer_publication_20260622T101458Z_associative_recall_seed101,101,rslora,effective_rank,effective_rank,effective_rank,False,2048,3,-0.0016591179204018334,0.0,2048.0,2048.0,0.0
associative_recall,transformer_publication_20260622T101458Z_associative_recall_seed101,101,rslora,effective_rank,effective_rank,effective_rank,False,3072,3,-0.00033267785329373333,0.0,3072.0,3072.0,0.0
associative_recall,transformer_publication_20260622T101458Z_associative_recall_seed101,101,rslora,effective_rank,effective_rank,effective_rank,False,4096,3,-0.00038278968713713335,0.0,4096.0,4096.0,0.0
associative_recall,transformer_publication_20260622T101458Z_associative_recall_seed101,101,rslora,effective_rank,effective_rank,effective_rank,False,6144,3,-0.00014426512886230004,0.0,6144.0,6144.0,0.0
associative_recall,transformer_publication_20260622T101458Z_associative_recall_seed101,101,rslora,gradient_norm,gradient_norm,gradient_norm,False,512,3,-0.04447947815060616,0.0029296875,512.0,512.0,0.0
associative_recall,transformer_publication_20260622T101458Z_associative_recall_seed101,101,rslora,gradient_norm,gradient_norm,gradient_norm,False,1024,3,-0.016731787822209302,0.0,1024.0,1024.0,0.0
associative_recall,transformer_publication_20260622T101458Z_associative_recall_seed101,101,rslora,gradient_norm,gradient_norm,gradient_norm,False,1536,3,-0.0049337032639111,0.0,1536.0,1536.0,0.0
associative_recall,transformer_publication_20260622T101458Z_associative_recall_seed101,101,rslora,gradient_norm,gradient_norm,gradient_norm,False,2048,3,-0.0022474511739953,0.0,2048.0,2048.0,0.0
associative_recall,transformer_publication_20260622T101458Z_associative_recall_seed101,101,rslora,gradient_norm,gradient_norm,gradient_norm,False,3072,3,-0.0006233000797996,0.0,3072.0,3072.0,0.0
associative_recall,transformer_publication_20260622T101458Z_associative_recall_seed101,101,rslora,gradient_norm,gradient_norm,gradient_norm,False,4096,3,-0.0005363247958788333,0.0,4096.0,4096.0,0.0
associative_recall,transformer_publication_20260622T101458Z_associative_recall_seed101,101,rslora,gradient_norm,gradient_norm,gradient_norm,False,6144,3,-0.00016317639286480003,0.0,6144.0,6144.0,0.0
associative_recall,transformer_publication_20260622T101458Z_associative_recall_seed101,101,rslora,marginal_gain_edge,marginal_gain_edge,marginal_gain_edge,False,512,3,-0.09376544132828714,0.0029296875,512.0,512.0,0.0
associative_recall,transformer_publication_20260622T101458Z_associative_recall_seed101,101,rslora,marginal_gain_edge,marginal_gain_edge,marginal_gain_edge,False,1024,3,-0.013933593678909067,0.0,1024.0,1024.0,0.0
associative_recall,transformer_publication_20260622T101458Z_associative_recall_seed101,101,rslora,marginal_gain_edge,marginal_gain_edge,marginal_gain_edge,False,1536,3,-0.0044508461141959,0.0,1472.0,1536.0,-64.0
associative_recall,transformer_publication_20260622T101458Z_associative_recall_seed101,101,rslora,marginal_gain_edge,marginal_gain_edge,marginal_gain_edge,False,2048,3,-0.0019059391828098668,0.0,2048.0,2048.0,0.0
associative_recall,transformer_publication_20260622T101458Z_associative_recall_seed101,101,rslora,marginal_gain_edge,marginal_gain_edge,marginal_gain_edge,False,3072,3,-0.0008101755811367335,0.0,3072.0,3072.0,0.0
associative_recall,transformer_publication_20260622T101458Z_associative_recall_seed101,101,rslora,marginal_gain_edge,marginal_gain_edge,marginal_gain_edge,False,4096,3,-0.0005094764443735333,0.0,4096.0,4096.0,0.0
associative_recall,transformer_publication_20260622T101458Z_associative_recall_seed101,101,rslora,marginal_gain_edge,marginal_gain_edge,marginal_gain_edge,False,6144,3,-0.00021391683549156672,0.0,6144.0,6144.0,0.0
associative_recall,transformer_publication_20260622T101458Z_associative_recall_seed101,101,rslora,marginal_gain_soft,marginal_gain_soft,marginal_gain_soft,False,512,3,-0.09376544132828714,0.0029296875,512.0,512.0,0.0
associative_recall,transformer_publication_20260622T101458Z_associative_recall_seed101,101,rslora,marginal_gain_soft,marginal_gain_soft,marginal_gain_soft,False,1024,3,-0.0063563795605053675,0.0,1024.0,1024.0,0.0
associative_recall,transformer_publication_20260622T101458Z_associative_recall_seed101,101,rslora,marginal_gain_soft,marginal_gain_soft,marginal_gain_soft,False,1536,3,-0.004604836169164634,0.0,1536.0,1536.0,0.0
associative_recall,transformer_publication_20260622T101458Z_associative_recall_seed101,101,rslora,marginal_gain_soft,marginal_gain_soft,marginal_gain_soft,False,2048,3,-0.0015250321303028665,0.0,2048.0,2048.0,0.0
associative_recall,transformer_publication_20260622T101458Z_associative_recall_seed101,101,rslora,marginal_gain_soft,marginal_gain_soft,marginal_gain_soft,False,3072,3,-0.0008101755811367335,0.0,3072.0,3072.0,0.0
associative_recall,transformer_publication_20260622T101458Z_associative_recall_seed101,101,rslora,marginal_gain_soft,marginal_gain_soft,marginal_gain_soft,False,4096,3,-0.0005089488016286333,0.0,4096.0,4096.0,0.0
associative_recall,transformer_publication_20260622T101458Z_associative_recall_seed101,101,rslora,marginal_gain_soft,marginal_gain_soft,marginal_gain_soft,False,6144,3,-0.00010287113400410006,0.0,6144.0,6144.0,0.0
associative_recall,transformer_publication_20260622T101458Z_associative_recall_seed101,101,rslora,soft_dimension,soft_dimension,soft_dimension,True,512,3,-0.1785916512211164,-0.039713541666666664,512.0,512.0,0.0
associative_recall,transformer_publication_20260622T101458Z_associative_recall_seed101,101,rslora,soft_dimension,soft_dimension,soft_dimension,True,1024,3,-0.0139168757790079,0.0,1024.0,1024.0,0.0
associative_recall,transformer_publication_20260622T101458Z_associative_recall_seed101,101,rslora,soft_dimension,soft_dimension,soft_dimension,True,1536,3,-0.0041129766420151,0.0,1472.0,1536.0,-64.0
associative_recall,transformer_publication_20260622T101458Z_associative_recall_seed101,101,rslora,soft_dimension,soft_dimension,soft_dimension,True,2048,3,-0.0017058998346329002,0.0,2048.0,2048.0,0.0
associative_recall,transformer_publication_20260622T101458Z_associative_recall_seed101,101,rslora,soft_dimension,soft_dimension,soft_dimension,True,3072,3,-0.00033267785329373333,0.0,3072.0,3072.0,0.0
associative_recall,transformer_publication_20260622T101458Z_associative_recall_seed101,101,rslora,soft_dimension,soft_dimension,soft_dimension,True,4096,3,-0.00038278968713713335,0.0,4096.0,4096.0,0.0
associative_recall,transformer_publication_20260622T101458Z_associative_recall_seed101,101,rslora,soft_dimension,soft_dimension,soft_dimension,True,6144,3,-0.00014426512886230004,0.0,6144.0,6144.0,0.0
associative_recall,transformer_publication_20260622T101458Z_associative_recall_seed101,101,rslora,uniform,uniform,uniform,False,512,3,10.73013120641311,-0.9970703125,0.0,512.0,-512.0
associative_recall,transformer_publication_20260622T101458Z_associative_recall_seed101,101,rslora,uniform,uniform,uniform,False,1024,3,11.065978107120221,-1.0,0.0,1024.0,-1024.0
associative_recall,transformer_publication_20260622T101458Z_associative_recall_seed101,101,rslora,uniform,uniform,uniform,False,1536,3,-0.0003870393071944668,0.0,1408.0,1536.0,-128.0
associative_recall,transformer_publication_20260622T101458Z_associative_recall_seed101,101,rslora,uniform,uniform,uniform,False,2048,3,0.005029792480248333,0.0,1408.0,2048.0,-640.0
associative_recall,transformer_publication_20260622T101458Z_associative_recall_seed101,101,rslora,uniform,uniform,uniform,False,3072,3,0.00014890359307169988,0.0,2816.0,3072.0,-256.0
associative_recall,transformer_publication_20260622T101458Z_associative_recall_seed101,101,rslora,uniform,uniform,uniform,False,4096,3,0.0005552950994266333,0.0,2816.0,4096.0,-1280.0
associative_recall,transformer_publication_20260622T101458Z_associative_recall_seed101,101,rslora,uniform,uniform,uniform,False,6144,3,3.5887021416166655e-05,0.0,5632.0,6144.0,-512.0
associative_recall,transformer_publication_20260622T101458Z_associative_recall_seed101,101,standard,effective_rank,effective_rank,effective_rank,False,512,3,-0.33013425146540004,0.019205729166666668,512.0,512.0,0.0
associative_recall,transformer_publication_20260622T101458Z_associative_recall_seed101,101,standard,effective_rank,effective_rank,effective_rank,False,1024,3,-0.027171373522530032,0.0,1024.0,1024.0,0.0
associative_recall,transformer_publication_20260622T101458Z_associative_recall_seed101,101,standard,effective_rank,effective_rank,effective_rank,False,1536,3,-0.0042099393128106994,0.0,1472.0,1536.0,-64.0
associative_recall,transformer_publication_20260622T101458Z_associative_recall_seed101,101,standard,effective_rank,effective_rank,effective_rank,False,2048,3,-0.001867883673791433,0.0,2048.0,2048.0,0.0
associative_recall,transformer_publication_20260622T101458Z_associative_recall_seed101,101,standard,effective_rank,effective_rank,effective_rank,False,3072,3,-0.00040611824078953335,0.0,3072.0,3072.0,0.0
associative_recall,transformer_publication_20260622T101458Z_associative_recall_seed101,101,standard,effective_rank,effective_rank,effective_rank,False,4096,3,-0.0002806551444034,0.0,4096.0,4096.0,0.0
associative_recall,transformer_publication_20260622T101458Z_associative_recall_seed101,101,standard,effective_rank,effective_rank,effective_rank,False,6144,3,-0.0001505880136392333,0.0,6144.0,6144.0,0.0
associative_recall,transformer_publication_20260622T101458Z_associative_recall_seed101,101,standard,gradient_norm,gradient_norm,gradient_norm,False,512,3,-0.18176297657191753,0.0390625,512.0,512.0,0.0
associative_recall,transformer_publication_20260622T101458Z_associative_recall_seed101,101,standard,gradient_norm,gradient_norm,gradient_norm,False,1024,3,-0.0272143865780284,0.0,1024.0,1024.0,0.0
associative_recall,transformer_publication_20260622T101458Z_associative_recall_seed101,101,standard,gradient_norm,gradient_norm,gradient_norm,False,1536,3,-0.0056778142461553,0.0,1536.0,1536.0,0.0
associative_recall,transformer_publication_20260622T101458Z_associative_recall_seed101,101,standard,gradient_norm,gradient_norm,gradient_norm,False,2048,3,-0.0020240371037895666,0.0,2048.0,2048.0,0.0
associative_recall,transformer_publication_20260622T101458Z_associative_recall_seed101,101,standard,gradient_norm,gradient_norm,gradient_norm,False,3072,3,-0.0005129704174275334,0.0,3072.0,3072.0,0.0
associative_recall,transformer_publication_20260622T101458Z_associative_recall_seed101,101,standard,gradient_norm,gradient_norm,gradient_norm,False,4096,3,-0.0003014569568525333,0.0,4096.0,4096.0,0.0
associative_recall,transformer_publication_20260622T101458Z_associative_recall_seed101,101,standard,gradient_norm,gradient_norm,gradient_norm,False,6144,3,-0.00013997827772983332,0.0,6144.0,6144.0,0.0
associative_recall,transformer_publication_20260622T101458Z_associative_recall_seed101,101,standard,marginal_gain_edge,marginal_gain_edge,marginal_gain_edge,False,512,3,-0.23872089572250843,0.0390625,512.0,512.0,0.0
associative_recall,transformer_publication_20260622T101458Z_associative_recall_seed101,101,standard,marginal_gain_edge,marginal_gain_edge,marginal_gain_edge,False,1024,3,-0.026664399018045567,0.0,1024.0,1024.0,0.0
associative_recall,transformer_publication_20260622T101458Z_associative_recall_seed101,101,standard,marginal_gain_edge,marginal_gain_edge,marginal_gain_edge,False,1536,3,-0.0047765513688015,0.0,1472.0,1536.0,-64.0
associative_recall,transformer_publication_20260622T101458Z_associative_recall_seed101,101,standard,marginal_gain_edge,marginal_gain_edge,marginal_gain_edge,False,2048,3,-0.001839331923595933,0.0,2048.0,2048.0,0.0
associative_recall,transformer_publication_20260622T101458Z_associative_recall_seed101,101,standard,marginal_gain_edge,marginal_gain_edge,marginal_gain_edge,False,3072,3,-0.0006870035091803001,0.0,3072.0,3072.0,0.0
associative_recall,transformer_publication_20260622T101458Z_associative_recall_seed101,101,standard,marginal_gain_edge,marginal_gain_edge,marginal_gain_edge,False,4096,3,-0.00024190357847450006,0.0,4096.0,4096.0,0.0
associative_recall,transformer_publication_20260622T101458Z_associative_recall_seed101,101,standard,marginal_gain_edge,marginal_gain_edge,marginal_gain_edge,False,6144,3,-0.00025221556764643335,0.0,6144.0,6144.0,0.0
associative_recall,transformer_publication_20260622T101458Z_associative_recall_seed101,101,standard,marginal_gain_soft,marginal_gain_soft,marginal_gain_soft,False,512,3,-0.23872089572250843,0.0390625,512.0,512.0,0.0
associative_recall,transformer_publication_20260622T101458Z_associative_recall_seed101,101,standard,marginal_gain_soft,marginal_gain_soft,marginal_gain_soft,False,1024,3,-0.0156617464963347,0.0,1024.0,1024.0,0.0
associative_recall,transformer_publication_20260622T101458Z_associative_recall_seed101,101,standard,marginal_gain_soft,marginal_gain_soft,marginal_gain_soft,False,1536,3,-0.004498452763073133,0.0,1536.0,1536.0,0.0
associative_recall,transformer_publication_20260622T101458Z_associative_recall_seed101,101,standard,marginal_gain_soft,marginal_gain_soft,marginal_gain_soft,False,2048,3,-0.0011755714173583998,0.0,2048.0,2048.0,0.0
associative_recall,transformer_publication_20260622T101458Z_associative_recall_seed101,101,standard,marginal_gain_soft,marginal_gain_soft,marginal_gain_soft,False,3072,3,-0.0006870035091803001,0.0,3072.0,3072.0,0.0
associative_recall,transformer_publication_20260622T101458Z_associative_recall_seed101,101,standard,marginal_gain_soft,marginal_gain_soft,marginal_gain_soft,False,4096,3,-0.00029708203995443337,0.0,4096.0,4096.0,0.0
associative_recall,transformer_publication_20260622T101458Z_associative_recall_seed101,101,standard,marginal_gain_soft,marginal_gain_soft,marginal_gain_soft,False,6144,3,-2.8847542125766618e-05,0.0,6144.0,6144.0,0.0
associative_recall,transformer_publication_20260622T101458Z_associative_recall_seed101,101,standard,soft_dimension,soft_dimension,soft_dimension,True,512,3,-0.33013425146540004,0.019205729166666668,512.0,512.0,0.0
associative_recall,transformer_publication_20260622T101458Z_associative_recall_seed101,101,standard,soft_dimension,soft_dimension,soft_dimension,True,1024,3,-0.027171373522530032,0.0,1024.0,1024.0,0.0
associative_recall,transformer_publication_20260622T101458Z_associative_recall_seed101,101,standard,soft_dimension,soft_dimension,soft_dimension,True,1536,3,-0.0042099393128106994,0.0,1472.0,1536.0,-64.0
associative_recall,transformer_publication_20260622T101458Z_associative_recall_seed101,101,standard,soft_dimension,soft_dimension,soft_dimension,True,2048,3,-0.001647167373448633,0.0,2048.0,2048.0,0.0
associative_recall,transformer_publication_20260622T101458Z_associative_recall_seed101,101,standard,soft_dimension,soft_dimension,soft_dimension,True,3072,3,-0.00040611824078953335,0.0,3072.0,3072.0,0.0
associative_recall,transformer_publication_20260622T101458Z_associative_recall_seed101,101,standard,soft_dimension,soft_dimension,soft_dimension,True,4096,3,-0.0002806551444034,0.0,4096.0,4096.0,0.0
associative_recall,transformer_publication_20260622T101458Z_associative_recall_seed101,101,standard,soft_dimension,soft_dimension,soft_dimension,True,6144,3,-0.0001505880136392333,0.0,6144.0,6144.0,0.0
associative_recall,transformer_publication_20260622T101458Z_associative_recall_seed101,101,standard,uniform,uniform,uniform,False,512,3,10.595212650795778,-0.9609375,0.0,512.0,-512.0
associative_recall,transformer_publication_20260622T101458Z_associative_recall_seed101,101,standard,uniform,uniform,uniform,False,1024,3,11.056778590039661,-1.0,0.0,1024.0,-1024.0
associative_recall,transformer_publication_20260622T101458Z_associative_recall_seed101,101,standard,uniform,uniform,uniform,False,1536,3,-0.000521100533660466,0.0,1408.0,1536.0,-128.0
associative_recall,transformer_publication_20260622T101458Z_associative_recall_seed101,101,standard,uniform,uniform,uniform,False,2048,3,0.017451209947466833,0.0,1408.0,2048.0,-640.0
associative_recall,transformer_publication_20260622T101458Z_associative_recall_seed101,101,standard,uniform,uniform,uniform,False,3072,3,3.625724639276662e-05,0.0,2816.0,3072.0,-256.0
associative_recall,transformer_publication_20260622T101458Z_associative_recall_seed101,101,standard,uniform,uniform,uniform,False,4096,3,0.0006298027486385001,0.0,2816.0,4096.0,-1280.0
associative_recall,transformer_publication_20260622T101458Z_associative_recall_seed101,101,standard,uniform,uniform,uniform,False,6144,3,1.2545545663000118e-06,0.0,5632.0,6144.0,-512.0
associative_recall,transformer_publication_20260622T101458Z_associative_recall_seed103,103,fixed_update_scale,effective_rank,effective_rank,effective_rank,False,512,3,-0.004760128756364186,-0.0126953125,512.0,512.0,0.0
associative_recall,transformer_publication_20260622T101458Z_associative_recall_seed103,103,fixed_update_scale,effective_rank,effective_rank,effective_rank,False,1024,3,-0.0237393306257824,0.0,1024.0,1024.0,0.0
associative_recall,transformer_publication_20260622T101458Z_associative_recall_seed103,103,fixed_update_scale,effective_rank,effective_rank,effective_rank,False,1536,3,-0.004813341908932967,0.0,1536.0,1536.0,0.0
associative_recall,transformer_publication_20260622T101458Z_associative_recall_seed103,103,fixed_update_scale,effective_rank,effective_rank,effective_rank,False,2048,3,-0.0020266252589256663,0.0,2048.0,2048.0,0.0
associative_recall,transformer_publication_20260622T101458Z_associative_recall_seed103,103,fixed_update_scale,effective_rank,effective_rank,effective_rank,False,3072,3,-0.0004858872319649335,0.0,3072.0,3072.0,0.0
associative_recall,transformer_publication_20260622T101458Z_associative_recall_seed103,103,fixed_update_scale,effective_rank,effective_rank,effective_rank,False,4096,3,-0.0004925157215135999,0.0,4096.0,4096.0,0.0
associative_recall,transformer_publication_20260622T101458Z_associative_recall_seed103,103,fixed_update_scale,effective_rank,effective_rank,effective_rank,False,6144,3,-0.00016852041881066672,0.0,6144.0,6144.0,0.0
associative_recall,transformer_publication_20260622T101458Z_associative_recall_seed103,103,fixed_update_scale,gradient_norm,gradient_norm,gradient_norm,False,512,3,-0.10481688628594078,0.013020833333333334,512.0,512.0,0.0
associative_recall,transformer_publication_20260622T101458Z_associative_recall_seed103,103,fixed_update_scale,gradient_norm,gradient_norm,gradient_norm,False,1024,3,-0.029603627665589233,0.0,1024.0,1024.0,0.0
associative_recall,transformer_publication_20260622T101458Z_associative_recall_seed103,103,fixed_update_scale,gradient_norm,gradient_norm,gradient_norm,False,1536,3,-0.005109501420520267,0.0,1536.0,1536.0,0.0
associative_recall,transformer_publication_20260622T101458Z_associative_recall_seed103,103,fixed_update_scale,gradient_norm,gradient_norm,gradient_norm,False,2048,3,-0.0024396772787440998,0.0,2048.0,2048.0,0.0
associative_recall,transformer_publication_20260622T101458Z_associative_recall_seed103,103,fixed_update_scale,gradient_norm,gradient_norm,gradient_norm,False,3072,3,-0.0009106165816775001,0.0,3072.0,3072.0,0.0
associative_recall,transformer_publication_20260622T101458Z_associative_recall_seed103,103,fixed_update_scale,gradient_norm,gradient_norm,gradient_norm,False,4096,3,-0.0005809160065837333,0.0,4096.0,4096.0,0.0
associative_recall,transformer_publication_20260622T101458Z_associative_recall_seed103,103,fixed_update_scale,gradient_norm,gradient_norm,gradient_norm,False,6144,3,-0.00020869764557576666,0.0,6144.0,6144.0,0.0
associative_recall,transformer_publication_20260622T101458Z_associative_recall_seed103,103,fixed_update_scale,marginal_gain_edge,marginal_gain_edge,marginal_gain_edge,False,512,3,-0.17122808719674745,0.013346354166666666,512.0,512.0,0.0
associative_recall,transformer_publication_20260622T101458Z_associative_recall_seed103,103,fixed_update_scale,marginal_gain_edge,marginal_gain_edge,marginal_gain_edge,False,1024,3,-0.022704783361405134,0.0,1024.0,1024.0,0.0
associative_recall,transformer_publication_20260622T101458Z_associative_recall_seed103,103,fixed_update_scale,marginal_gain_edge,marginal_gain_edge,marginal_gain_edge,False,1536,3,-0.005850818134301034,0.0,1536.0,1536.0,0.0
associative_recall,transformer_publication_20260622T101458Z_associative_recall_seed103,103,fixed_update_scale,marginal_gain_edge,marginal_gain_edge,marginal_gain_edge,False,2048,3,-0.0023458799017438,0.0,2048.0,2048.0,0.0
associative_recall,transformer_publication_20260622T101458Z_associative_recall_seed103,103,fixed_update_scale,marginal_gain_edge,marginal_gain_edge,marginal_gain_edge,False,3072,3,-0.0009392726011962334,0.0,3072.0,3072.0,0.0
associative_recall,transformer_publication_20260622T101458Z_associative_recall_seed103,103,fixed_update_scale,marginal_gain_edge,marginal_gain_edge,marginal_gain_edge,False,4096,3,-0.0005311236988442667,0.0,4096.0,4096.0,0.0
associative_recall,transformer_publication_20260622T101458Z_associative_recall_seed103,103,fixed_update_scale,marginal_gain_edge,marginal_gain_edge,marginal_gain_edge,False,6144,3,-0.00019182348478353337,0.0,6144.0,6144.0,0.0
associative_recall,transformer_publication_20260622T101458Z_associative_recall_seed103,103,fixed_update_scale,marginal_gain_soft,marginal_gain_soft,marginal_gain_soft,False,512,3,-0.17122808719674745,0.013346354166666666,512.0,512.0,0.0
associative_recall,transformer_publication_20260622T101458Z_associative_recall_seed103,103,fixed_update_scale,marginal_gain_soft,marginal_gain_soft,marginal_gain_soft,False,1024,3,-0.022704783361405134,0.0,1024.0,1024.0,0.0
associative_recall,transformer_publication_20260622T101458Z_associative_recall_seed103,103,fixed_update_scale,marginal_gain_soft,marginal_gain_soft,marginal_gain_soft,False,1536,3,-0.005850818134301034,0.0,1536.0,1536.0,0.0
associative_recall,transformer_publication_20260622T101458Z_associative_recall_seed103,103,fixed_update_scale,marginal_gain_soft,marginal_gain_soft,marginal_gain_soft,False,2048,3,-0.0023458799017438,0.0,2048.0,2048.0,0.0
associative_recall,transformer_publication_20260622T101458Z_associative_recall_seed103,103,fixed_update_scale,marginal_gain_soft,marginal_gain_soft,marginal_gain_soft,False,3072,3,-0.0009392726011962334,0.0,3072.0,3072.0,0.0
associative_recall,transformer_publication_20260622T101458Z_associative_recall_seed103,103,fixed_update_scale,marginal_gain_soft,marginal_gain_soft,marginal_gain_soft,False,4096,3,-0.0003551593302593999,0.0,4096.0,4096.0,0.0
associative_recall,transformer_publication_20260622T101458Z_associative_recall_seed103,103,fixed_update_scale,marginal_gain_soft,marginal_gain_soft,marginal_gain_soft,False,6144,3,-0.00021249148752153335,0.0,6144.0,6144.0,0.0
associative_recall,transformer_publication_20260622T101458Z_associative_recall_seed103,103,fixed_update_scale,soft_dimension,soft_dimension,soft_dimension,True,512,3,-0.004760128756364186,-0.0126953125,512.0,512.0,0.0
associative_recall,transformer_publication_20260622T101458Z_associative_recall_seed103,103,fixed_update_scale,soft_dimension,soft_dimension,soft_dimension,True,1024,3,-0.0237393306257824,0.0,1024.0,1024.0,0.0
associative_recall,transformer_publication_20260622T101458Z_associative_recall_seed103,103,fixed_update_scale,soft_dimension,soft_dimension,soft_dimension,True,1536,3,-0.0030295623582787673,0.0,1472.0,1536.0,-64.0
associative_recall,transformer_publication_20260622T101458Z_associative_recall_seed103,103,fixed_update_scale,soft_dimension,soft_dimension,soft_dimension,True,2048,3,-0.0009727444751964331,0.0,2048.0,2048.0,0.0
associative_recall,transformer_publication_20260622T101458Z_associative_recall_seed103,103,fixed_update_scale,soft_dimension,soft_dimension,soft_dimension,True,3072,3,-0.00044311779007940016,0.0,3072.0,3072.0,0.0
associative_recall,transformer_publication_20260622T101458Z_associative_recall_seed103,103,fixed_update_scale,soft_dimension,soft_dimension,soft_dimension,True,4096,3,-0.0004373612367392999,0.0,4096.0,4096.0,0.0
associative_recall,transformer_publication_20260622T101458Z_associative_recall_seed103,103,fixed_update_scale,soft_dimension,soft_dimension,soft_dimension,True,6144,3,-0.00014756485325050005,0.0,6144.0,6144.0,0.0
associative_recall,transformer_publication_20260622T101458Z_associative_recall_seed103,103,fixed_update_scale,uniform,uniform,uniform,False,512,3,11.052491715798775,-0.9866536458333334,0.0,512.0,-512.0
associative_recall,transformer_publication_20260622T101458Z_associative_recall_seed103,103,fixed_update_scale,uniform,uniform,uniform,False,1024,3,11.513881780517599,-1.0,0.0,1024.0,-1024.0
associative_recall,transformer_publication_20260622T101458Z_associative_recall_seed103,103,fixed_update_scale,uniform,uniform,uniform,False,1536,3,0.0006920819869264995,0.0,1408.0,1536.0,-128.0
associative_recall,transformer_publication_20260622T101458Z_associative_recall_seed103,103,fixed_update_scale,uniform,uniform,uniform,False,2048,3,0.0049345663962109335,0.0,1408.0,2048.0,-640.0
associative_recall,transformer_publication_20260622T101458Z_associative_recall_seed103,103,fixed_update_scale,uniform,uniform,uniform,False,3072,3,5.406753431693324e-05,0.0,2816.0,3072.0,-256.0
associative_recall,transformer_publication_20260622T101458Z_associative_recall_seed103,103,fixed_update_scale,uniform,uniform,uniform,False,4096,3,0.0009644159678524667,0.0,2816.0,4096.0,-1280.0
associative_recall,transformer_publication_20260622T101458Z_associative_recall_seed103,103,fixed_update_scale,uniform,uniform,uniform,False,6144,3,-8.836407990500094e-06,0.0,5632.0,6144.0,-512.0
associative_recall,transformer_publication_20260622T101458Z_associative_recall_seed103,103,rslora,effective_rank,effective_rank,effective_rank,False,512,3,-0.06942932121455668,0.08854166666666667,512.0,512.0,0.0
associative_recall,transformer_publication_20260622T101458Z_associative_recall_seed103,103,rslora,effective_rank,effective_rank,effective_rank,False,1024,3,-0.0284290480970716,0.001953125,1024.0,1024.0,0.0
associative_recall,transformer_publication_20260622T101458Z_associative_recall_seed103,103,rslora,effective_rank,effective_rank,effective_rank,False,1536,3,-0.0035092379160536,0.0,1536.0,1536.0,0.0
associative_recall,transformer_publication_20260622T101458Z_associative_recall_seed103,103,rslora,effective_rank,effective_rank,effective_rank,False,2048,3,-0.0016651196541108998,0.0,2048.0,2048.0,0.0
associative_recall,transformer_publication_20260622T101458Z_associative_recall_seed103,103,rslora,effective_rank,effective_rank,effective_rank,False,3072,3,-0.0003511287989870667,0.0,3072.0,3072.0,0.0
associative_recall,transformer_publication_20260622T101458Z_associative_recall_seed103,103,rslora,effective_rank,effective_rank,effective_rank,False,4096,3,-0.0005042114353273334,0.0,4096.0,4096.0,0.0
associative_recall,transformer_publication_20260622T101458Z_associative_recall_seed103,103,rslora,effective_rank,effective_rank,effective_rank,False,6144,3,-0.00016524555151893334,0.0,6144.0,6144.0,0.0
associative_recall,transformer_publication_20260622T101458Z_associative_recall_seed103,103,rslora,gradient_norm,gradient_norm,gradient_norm,False,512,3,-0.18850276805460453,0.11490885416666667,512.0,512.0,0.0
associative_recall,transformer_publication_20260622T101458Z_associative_recall_seed103,103,rslora,gradient_norm,gradient_norm,gradient_norm,False,1024,3,-0.030134765120844065,0.001953125,1024.0,1024.0,0.0
associative_recall,transformer_publication_20260622T101458Z_associative_recall_seed103,103,rslora,gradient_norm,gradient_norm,gradient_norm,False,1536,3,-0.004205170737501867,0.0,1536.0,1536.0,0.0
associative_recall,transformer_publication_20260622T101458Z_associative_recall_seed103,103,rslora,gradient_norm,gradient_norm,gradient_norm,False,2048,3,-0.0017855071491794331,0.0,2048.0,2048.0,0.0
associative_recall,transformer_publication_20260622T101458Z_associative_recall_seed103,103,rslora,gradient_norm,gradient_norm,gradient_norm,False,3072,3,-0.0005791889028235667,0.0,3072.0,3072.0,0.0
associative_recall,transformer_publication_20260622T101458Z_associative_recall_seed103,103,rslora,gradient_norm,gradient_norm,gradient_norm,False,4096,3,-0.000515590159921,0.0,4096.0,4096.0,0.0
associative_recall,transformer_publication_20260622T101458Z_associative_recall_seed103,103,rslora,gradient_norm,gradient_norm,gradient_norm,False,6144,3,-0.0001560414166306334,0.0,6144.0,6144.0,0.0
associative_recall,transformer_publication_20260622T101458Z_associative_recall_seed103,103,rslora,marginal_gain_edge,marginal_gain_edge,marginal_gain_edge,False,512,3,-0.28548392715553444,0.11490885416666667,512.0,512.0,0.0
associative_recall,transformer_publication_20260622T101458Z_associative_recall_seed103,103,rslora,marginal_gain_edge,marginal_gain_edge,marginal_gain_edge,False,1024,3,-0.022055595957984536,0.001953125,1024.0,1024.0,0.0
associative_recall,transformer_publication_20260622T101458Z_associative_recall_seed103,103,rslora,marginal_gain_edge,marginal_gain_edge,marginal_gain_edge,False,1536,3,-0.0038206957009,0.0,1536.0,1536.0,0.0
associative_recall,transformer_publication_20260622T101458Z_associative_recall_seed103,103,rslora,marginal_gain_edge,marginal_gain_edge,marginal_gain_edge,False,2048,3,-0.0019536339435338,0.0,2048.0,2048.0,0.0
associative_recall,transformer_publication_20260622T101458Z_associative_recall_seed103,103,rslora,marginal_gain_edge,marginal_gain_edge,marginal_gain_edge,False,3072,3,-0.0004598683590302001,0.0,3072.0,3072.0,0.0
associative_recall,transformer_publication_20260622T101458Z_associative_recall_seed103,103,rslora,marginal_gain_edge,marginal_gain_edge,marginal_gain_edge,False,4096,3,-0.00037029952606346665,0.0,4096.0,4096.0,0.0
associative_recall,transformer_publication_20260622T101458Z_associative_recall_seed103,103,rslora,marginal_gain_edge,marginal_gain_edge,marginal_gain_edge,False,6144,3,-0.00014486437673136667,0.0,6144.0,6144.0,0.0
associative_recall,transformer_publication_20260622T101458Z_associative_recall_seed103,103,rslora,marginal_gain_soft,marginal_gain_soft,marginal_gain_soft,False,512,3,-0.28548392715553444,0.11490885416666667,512.0,512.0,0.0
associative_recall,transformer_publication_20260622T101458Z_associative_recall_seed103,103,rslora,marginal_gain_soft,marginal_gain_soft,marginal_gain_soft,False,1024,3,-0.022055595957984536,0.001953125,1024.0,1024.0,0.0
associative_recall,transformer_publication_20260622T101458Z_associative_recall_seed103,103,rslora,marginal_gain_soft,marginal_gain_soft,marginal_gain_soft,False,1536,3,-0.0038206957009,0.0,1536.0,1536.0,0.0
associative_recall,transformer_publication_20260622T101458Z_associative_recall_seed103,103,rslora,marginal_gain_soft,marginal_gain_soft,marginal_gain_soft,False,2048,3,-0.0019536339435338,0.0,2048.0,2048.0,0.0
associative_recall,transformer_publication_20260622T101458Z_associative_recall_seed103,103,rslora,marginal_gain_soft,marginal_gain_soft,marginal_gain_soft,False,3072,3,-0.0004598683590302001,0.0,3072.0,3072.0,0.0
associative_recall,transformer_publication_20260622T101458Z_associative_recall_seed103,103,rslora,marginal_gain_soft,marginal_gain_soft,marginal_gain_soft,False,4096,3,-0.0002158295004241,0.0,4096.0,4096.0,0.0
associative_recall,transformer_publication_20260622T101458Z_associative_recall_seed103,103,rslora,marginal_gain_soft,marginal_gain_soft,marginal_gain_soft,False,6144,3,-9.929575511100003e-05,0.0,6144.0,6144.0,0.0
associative_recall,transformer_publication_20260622T101458Z_associative_recall_seed103,103,rslora,soft_dimension,soft_dimension,soft_dimension,True,512,3,-0.06942932121455668,0.08854166666666667,512.0,512.0,0.0
associative_recall,transformer_publication_20260622T101458Z_associative_recall_seed103,103,rslora,soft_dimension,soft_dimension,soft_dimension,True,1024,3,-0.0284290480970716,0.001953125,1024.0,1024.0,0.0
associative_recall,transformer_publication_20260622T101458Z_associative_recall_seed103,103,rslora,soft_dimension,soft_dimension,soft_dimension,True,1536,3,-0.0025021814314338,0.0,1472.0,1536.0,-64.0
associative_recall,transformer_publication_20260622T101458Z_associative_recall_seed103,103,rslora,soft_dimension,soft_dimension,soft_dimension,True,2048,3,-0.0011969411765069664,0.0,2048.0,2048.0,0.0
associative_recall,transformer_publication_20260622T101458Z_associative_recall_seed103,103,rslora,soft_dimension,soft_dimension,soft_dimension,True,3072,3,-0.00024773152836130003,0.0,3072.0,3072.0,0.0
associative_recall,transformer_publication_20260622T101458Z_associative_recall_seed103,103,rslora,soft_dimension,soft_dimension,soft_dimension,True,4096,3,-0.0004221823279901334,0.0,4096.0,4096.0,0.0
associative_recall,transformer_publication_20260622T101458Z_associative_recall_seed103,103,rslora,soft_dimension,soft_dimension,soft_dimension,True,6144,3,-0.00013852610087876672,0.0,6144.0,6144.0,0.0
associative_recall,transformer_publication_20260622T101458Z_associative_recall_seed103,103,rslora,uniform,uniform,uniform,False,512,3,10.958038942888379,-0.8850911458333334,0.0,512.0,-512.0
associative_recall,transformer_publication_20260622T101458Z_associative_recall_seed103,103,rslora,uniform,uniform,uniform,False,1024,3,11.51632172606575,-0.998046875,0.0,1024.0,-1024.0
associative_recall,transformer_publication_20260622T101458Z_associative_recall_seed103,103,rslora,uniform,uniform,uniform,False,1536,3,-0.00044641224667429984,0.0,1408.0,1536.0,-128.0
associative_recall,transformer_publication_20260622T101458Z_associative_recall_seed103,103,rslora,uniform,uniform,uniform,False,2048,3,0.0033083768309249335,0.0,1408.0,2048.0,-640.0
associative_recall,transformer_publication_20260622T101458Z_associative_recall_seed103,103,rslora,uniform,uniform,uniform,False,3072,3,5.956145954163326e-05,0.0,2816.0,3072.0,-256.0
associative_recall,transformer_publication_20260622T101458Z_associative_recall_seed103,103,rslora,uniform,uniform,uniform,False,4096,3,0.0006357158611839,0.0,2816.0,4096.0,-1280.0
associative_recall,transformer_publication_20260622T101458Z_associative_recall_seed103,103,rslora,uniform,uniform,uniform,False,6144,3,-1.0519045948366741e-05,0.0,5632.0,6144.0,-512.0
associative_recall,transformer_publication_20260622T101458Z_associative_recall_seed103,103,standard,effective_rank,effective_rank,effective_rank,False,512,3,0.02843731765945756,0.08268229166666667,512.0,512.0,0.0
associative_recall,transformer_publication_20260622T101458Z_associative_recall_seed103,103,standard,effective_rank,effective_rank,effective_rank,False,1024,3,-0.18479148251935842,0.025716145833333332,1024.0,1024.0,0.0
associative_recall,transformer_publication_20260622T101458Z_associative_recall_seed103,103,standard,effective_rank,effective_rank,effective_rank,False,1536,3,-0.0027077971317339337,0.0,1536.0,1536.0,0.0
associative_recall,transformer_publication_20260622T101458Z_associative_recall_seed103,103,standard,effective_rank,effective_rank,effective_rank,False,2048,3,-0.014022259327854667,0.0,2048.0,2048.0,0.0
associative_recall,transformer_publication_20260622T101458Z_associative_recall_seed103,103,standard,effective_rank,effective_rank,effective_rank,False,3072,3,-0.0005478265375131666,0.0,3072.0,3072.0,0.0
associative_recall,transformer_publication_20260622T101458Z_associative_recall_seed103,103,standard,effective_rank,effective_rank,effective_rank,False,4096,3,-0.0004905735234691333,0.0,4096.0,4096.0,0.0
associative_recall,transformer_publication_20260622T101458Z_associative_recall_seed103,103,standard,effective_rank,effective_rank,effective_rank,False,6144,3,-0.00011697138203700002,0.0,6144.0,6144.0,0.0
associative_recall,transformer_publication_20260622T101458Z_associative_recall_seed103,103,standard,gradient_norm,gradient_norm,gradient_norm,False,512,3,-0.13192721456289289,0.11783854166666667,512.0,512.0,0.0
associative_recall,transformer_publication_20260622T101458Z_associative_recall_seed103,103,standard,gradient_norm,gradient_norm,gradient_norm,False,1024,3,-0.18697514586771533,0.025716145833333332,1024.0,1024.0,0.0
associative_recall,transformer_publication_20260622T101458Z_associative_recall_seed103,103,standard,gradient_norm,gradient_norm,gradient_norm,False,1536,3,-0.003101041627815,0.0,1536.0,1536.0,0.0
associative_recall,transformer_publication_20260622T101458Z_associative_recall_seed103,103,standard,gradient_norm,gradient_norm,gradient_norm,False,2048,3,-0.014024177449755365,0.0,2048.0,2048.0,0.0
associative_recall,transformer_publication_20260622T101458Z_associative_recall_seed103,103,standard,gradient_norm,gradient_norm,gradient_norm,False,3072,3,-0.0006916309115088666,0.0,3072.0,3072.0,0.0
associative_recall,transformer_publication_20260622T101458Z_associative_recall_seed103,103,standard,gradient_norm,gradient_norm,gradient_norm,False,4096,3,-0.00043622493103616665,0.0,4096.0,4096.0,0.0
associative_recall,transformer_publication_20260622T101458Z_associative_recall_seed103,103,standard,gradient_norm,gradient_norm,gradient_norm,False,6144,3,-9.334027223910003e-05,0.0,6144.0,6144.0,0.0
associative_recall,transformer_publication_20260622T101458Z_associative_recall_seed103,103,standard,marginal_gain_edge,marginal_gain_edge,marginal_gain_edge,False,512,3,-0.22495048493146896,0.11783854166666667,512.0,512.0,0.0
associative_recall,transformer_publication_20260622T101458Z_associative_recall_seed103,103,standard,marginal_gain_edge,marginal_gain_edge,marginal_gain_edge,False,1024,3,-0.178055665960225,0.025716145833333332,1024.0,1024.0,0.0
associative_recall,transformer_publication_20260622T101458Z_associative_recall_seed103,103,standard,marginal_gain_edge,marginal_gain_edge,marginal_gain_edge,False,1536,3,-0.0020575421125007,0.0,1536.0,1536.0,0.0
associative_recall,transformer_publication_20260622T101458Z_associative_recall_seed103,103,standard,marginal_gain_edge,marginal_gain_edge,marginal_gain_edge,False,2048,3,-0.014229470742672367,0.0,2048.0,2048.0,0.0
associative_recall,transformer_publication_20260622T101458Z_associative_recall_seed103,103,standard,marginal_gain_edge,marginal_gain_edge,marginal_gain_edge,False,3072,3,-0.0004943226910351334,0.0,3072.0,3072.0,0.0
associative_recall,transformer_publication_20260622T101458Z_associative_recall_seed103,103,standard,marginal_gain_edge,marginal_gain_edge,marginal_gain_edge,False,4096,3,-0.00027310089596236666,0.0,4096.0,4096.0,0.0
associative_recall,transformer_publication_20260622T101458Z_associative_recall_seed103,103,standard,marginal_gain_edge,marginal_gain_edge,marginal_gain_edge,False,6144,3,-0.000106000462741,0.0,6144.0,6144.0,0.0
associative_recall,transformer_publication_20260622T101458Z_associative_recall_seed103,103,standard,marginal_gain_soft,marginal_gain_soft,marginal_gain_soft,False,512,3,-0.22495048493146896,0.11783854166666667,512.0,512.0,0.0
associative_recall,transformer_publication_20260622T101458Z_associative_recall_seed103,103,standard,marginal_gain_soft,marginal_gain_soft,marginal_gain_soft,False,1024,3,-0.178055665960225,0.025716145833333332,1024.0,1024.0,0.0
associative_recall,transformer_publication_20260622T101458Z_associative_recall_seed103,103,standard,marginal_gain_soft,marginal_gain_soft,marginal_gain_soft,False,1536,3,-0.0020575421125007,0.0,1536.0,1536.0,0.0
associative_recall,transformer_publication_20260622T101458Z_associative_recall_seed103,103,standard,marginal_gain_soft,marginal_gain_soft,marginal_gain_soft,False,2048,3,-0.014229470742672367,0.0,2048.0,2048.0,0.0
associative_recall,transformer_publication_20260622T101458Z_associative_recall_seed103,103,standard,marginal_gain_soft,marginal_gain_soft,marginal_gain_soft,False,3072,3,-0.0004943226910351334,0.0,3072.0,3072.0,0.0
associative_recall,transformer_publication_20260622T101458Z_associative_recall_seed103,103,standard,marginal_gain_soft,marginal_gain_soft,marginal_gain_soft,False,4096,3,-5.261445282183329e-05,0.0,4096.0,4096.0,0.0
associative_recall,transformer_publication_20260622T101458Z_associative_recall_seed103,103,standard,marginal_gain_soft,marginal_gain_soft,marginal_gain_soft,False,6144,3,6.470107230903323e-05,0.0,6144.0,6144.0,0.0
associative_recall,transformer_publication_20260622T101458Z_associative_recall_seed103,103,standard,soft_dimension,soft_dimension,soft_dimension,True,512,3,0.02843731765945756,0.08268229166666667,512.0,512.0,0.0
associative_recall,transformer_publication_20260622T101458Z_associative_recall_seed103,103,standard,soft_dimension,soft_dimension,soft_dimension,True,1024,3,-0.18479148251935842,0.025716145833333332,1024.0,1024.0,0.0
associative_recall,transformer_publication_20260622T101458Z_associative_recall_seed103,103,standard,soft_dimension,soft_dimension,soft_dimension,True,1536,3,-0.0010758321926308,0.0,1472.0,1536.0,-64.0
associative_recall,transformer_publication_20260622T101458Z_associative_recall_seed103,103,standard,soft_dimension,soft_dimension,soft_dimension,True,2048,3,-0.013801595962528765,0.0,2048.0,2048.0,0.0
associative_recall,transformer_publication_20260622T101458Z_associative_recall_seed103,103,standard,soft_dimension,soft_dimension,soft_dimension,True,3072,3,-0.0003267557282621333,0.0,3072.0,3072.0,0.0
associative_recall,transformer_publication_20260622T101458Z_associative_recall_seed103,103,standard,soft_dimension,soft_dimension,soft_dimension,True,4096,3,-0.0004552617465379,0.0,4096.0,4096.0,0.0
associative_recall,transformer_publication_20260622T101458Z_associative_recall_seed103,103,standard,soft_dimension,soft_dimension,soft_dimension,True,6144,3,-0.00010770937418176666,0.0,6144.0,6144.0,0.0
associative_recall,transformer_publication_20260622T101458Z_associative_recall_seed103,103,standard,uniform,uniform,uniform,False,512,3,11.00310862561067,-0.8821614583333334,0.0,512.0,-512.0
associative_recall,transformer_publication_20260622T101458Z_associative_recall_seed103,103,standard,uniform,uniform,uniform,False,1024,3,11.361361084816357,-0.9742838541666666,0.0,1024.0,-1024.0
associative_recall,transformer_publication_20260622T101458Z_associative_recall_seed103,103,standard,uniform,uniform,uniform,False,1536,3,0.016060063440818333,0.0,1408.0,1536.0,-128.0
associative_recall,transformer_publication_20260622T101458Z_associative_recall_seed103,103,standard,uniform,uniform,uniform,False,2048,3,-0.010331344548224767,0.0,1408.0,2048.0,-640.0
associative_recall,transformer_publication_20260622T101458Z_associative_recall_seed103,103,standard,uniform,uniform,uniform,False,3072,3,-5.46460069017333e-05,0.0,2816.0,3072.0,-256.0
associative_recall,transformer_publication_20260622T101458Z_associative_recall_seed103,103,standard,uniform,uniform,uniform,False,4096,3,0.00037952344670576666,0.0,2816.0,4096.0,-1280.0
associative_recall,transformer_publication_20260622T101458Z_associative_recall_seed103,103,standard,uniform,uniform,uniform,False,6144,3,8.988528861666585e-06,0.0,5632.0,6144.0,-512.0
associative_recall,transformer_publication_20260622T101458Z_associative_recall_seed107,107,fixed_update_scale,effective_rank,effective_rank,effective_rank,False,512,3,-0.21430645262201628,0.10188802083333333,512.0,512.0,0.0
associative_recall,transformer_publication_20260622T101458Z_associative_recall_seed107,107,fixed_update_scale,effective_rank,effective_rank,effective_rank,False,1024,3,-0.04589796516423423,0.0,1024.0,1024.0,0.0
associative_recall,transformer_publication_20260622T101458Z_associative_recall_seed107,107,fixed_update_scale,effective_rank,effective_rank,effective_rank,False,1536,3,-0.005228377839860834,0.0,1472.0,1536.0,-64.0
associative_recall,transformer_publication_20260622T101458Z_associative_recall_seed107,107,fixed_update_scale,effective_rank,effective_rank,effective_rank,False,2048,3,-0.001277047694505467,0.0,2048.0,2048.0,0.0
associative_recall,transformer_publication_20260622T101458Z_associative_recall_seed107,107,fixed_update_scale,effective_rank,effective_rank,effective_rank,False,3072,3,-0.0007879110926296999,0.0,3072.0,3072.0,0.0
associative_recall,transformer_publication_20260622T101458Z_associative_recall_seed107,107,fixed_update_scale,effective_rank,effective_rank,effective_rank,False,4096,3,-0.0003146976572073334,0.0,4096.0,4096.0,0.0
associative_recall,transformer_publication_20260622T101458Z_associative_recall_seed107,107,fixed_update_scale,effective_rank,effective_rank,effective_rank,False,6144,3,-0.00018957784777740003,0.0,6144.0,6144.0,0.0
associative_recall,transformer_publication_20260622T101458Z_associative_recall_seed107,107,fixed_update_scale,gradient_norm,gradient_norm,gradient_norm,False,512,3,-0.4875466624895732,0.21321614583333334,512.0,512.0,0.0
associative_recall,transformer_publication_20260622T101458Z_associative_recall_seed107,107,fixed_update_scale,gradient_norm,gradient_norm,gradient_norm,False,1024,3,-0.034082057187333696,0.0,960.0,1024.0,-64.0
associative_recall,transformer_publication_20260622T101458Z_associative_recall_seed107,107,fixed_update_scale,gradient_norm,gradient_norm,gradient_norm,False,1536,3,-0.0109125550176638,0.0,1536.0,1536.0,0.0
associative_recall,transformer_publication_20260622T101458Z_associative_recall_seed107,107,fixed_update_scale,gradient_norm,gradient_norm,gradient_norm,False,2048,3,-0.004349643888417634,0.0,2048.0,2048.0,0.0
associative_recall,transformer_publication_20260622T101458Z_associative_recall_seed107,107,fixed_update_scale,gradient_norm,gradient_norm,gradient_norm,False,3072,3,-0.0013091792401004332,0.0,3072.0,3072.0,0.0
associative_recall,transformer_publication_20260622T101458Z_associative_recall_seed107,107,fixed_update_scale,gradient_norm,gradient_norm,gradient_norm,False,4096,3,-0.0005802609666716335,0.0,4096.0,4096.0,0.0
associative_recall,transformer_publication_20260622T101458Z_associative_recall_seed107,107,fixed_update_scale,gradient_norm,gradient_norm,gradient_norm,False,6144,3,-0.0002743436198216,0.0,6144.0,6144.0,0.0
associative_recall,transformer_publication_20260622T101458Z_associative_recall_seed107,107,fixed_update_scale,marginal_gain_edge,marginal_gain_edge,marginal_gain_edge,False,512,3,-0.5019072902699312,0.21223958333333334,512.0,512.0,0.0
associative_recall,transformer_publication_20260622T101458Z_associative_recall_seed107,107,fixed_update_scale,marginal_gain_edge,marginal_gain_edge,marginal_gain_edge,False,1024,3,-0.0390126637648791,0.0,1024.0,1024.0,0.0
associative_recall,transformer_publication_20260622T101458Z_associative_recall_seed107,107,fixed_update_scale,marginal_gain_edge,marginal_gain_edge,marginal_gain_edge,False,1536,3,-0.0076219495385885004,0.0,1472.0,1536.0,-64.0
associative_recall,transformer_publication_20260622T101458Z_associative_recall_seed107,107,fixed_update_scale,marginal_gain_edge,marginal_gain_edge,marginal_gain_edge,False,2048,3,-0.0047939102902698335,0.0,2048.0,2048.0,0.0
associative_recall,transformer_publication_20260622T101458Z_associative_recall_seed107,107,fixed_update_scale,marginal_gain_edge,marginal_gain_edge,marginal_gain_edge,False,3072,3,-0.0013785074455275664,0.0,3072.0,3072.0,0.0
associative_recall,transformer_publication_20260622T101458Z_associative_recall_seed107,107,fixed_update_scale,marginal_gain_edge,marginal_gain_edge,marginal_gain_edge,False,4096,3,-0.0006056122898978,0.0,4096.0,4096.0,0.0
associative_recall,transformer_publication_20260622T101458Z_associative_recall_seed107,107,fixed_update_scale,marginal_gain_edge,marginal_gain_edge,marginal_gain_edge,False,6144,3,-0.00024961204568776663,0.0,6144.0,6144.0,0.0
associative_recall,transformer_publication_20260622T101458Z_associative_recall_seed107,107,fixed_update_scale,marginal_gain_soft,marginal_gain_soft,marginal_gain_soft,False,512,3,-0.5019072902699312,0.21223958333333334,512.0,512.0,0.0
associative_recall,transformer_publication_20260622T101458Z_associative_recall_seed107,107,fixed_update_scale,marginal_gain_soft,marginal_gain_soft,marginal_gain_soft,False,1024,3,-0.0390126637648791,0.0,1024.0,1024.0,0.0
associative_recall,transformer_publication_20260622T101458Z_associative_recall_seed107,107,fixed_update_scale,marginal_gain_soft,marginal_gain_soft,marginal_gain_soft,False,1536,3,-0.0117143312624345,0.0,1536.0,1536.0,0.0
associative_recall,transformer_publication_20260622T101458Z_associative_recall_seed107,107,fixed_update_scale,marginal_gain_soft,marginal_gain_soft,marginal_gain_soft,False,2048,3,-0.0047939102902698335,0.0,2048.0,2048.0,0.0
associative_recall,transformer_publication_20260622T101458Z_associative_recall_seed107,107,fixed_update_scale,marginal_gain_soft,marginal_gain_soft,marginal_gain_soft,False,3072,3,-0.0013621311033299999,0.0,3008.0,3072.0,-64.0
associative_recall,transformer_publication_20260622T101458Z_associative_recall_seed107,107,fixed_update_scale,marginal_gain_soft,marginal_gain_soft,marginal_gain_soft,False,4096,3,-0.0006720257321527668,0.0,4096.0,4096.0,0.0
associative_recall,transformer_publication_20260622T101458Z_associative_recall_seed107,107,fixed_update_scale,marginal_gain_soft,marginal_gain_soft,marginal_gain_soft,False,6144,3,-0.0002470273272289666,0.0,6144.0,6144.0,0.0
associative_recall,transformer_publication_20260622T101458Z_associative_recall_seed107,107,fixed_update_scale,soft_dimension,soft_dimension,soft_dimension,True,512,3,-0.21430645262201628,0.10188802083333333,512.0,512.0,0.0
associative_recall,transformer_publication_20260622T101458Z_associative_recall_seed107,107,fixed_update_scale,soft_dimension,soft_dimension,soft_dimension,True,1024,3,-0.04589796516423423,0.0,1024.0,1024.0,0.0
associative_recall,transformer_publication_20260622T101458Z_associative_recall_seed107,107,fixed_update_scale,soft_dimension,soft_dimension,soft_dimension,True,1536,3,-0.0035970820657288006,0.0,1536.0,1536.0,0.0
associative_recall,transformer_publication_20260622T101458Z_associative_recall_seed107,107,fixed_update_scale,soft_dimension,soft_dimension,soft_dimension,True,2048,3,-0.001277047694505467,0.0,2048.0,2048.0,0.0
associative_recall,transformer_publication_20260622T101458Z_associative_recall_seed107,107,fixed_update_scale,soft_dimension,soft_dimension,soft_dimension,True,3072,3,-0.0006328847666736999,0.0,3072.0,3072.0,0.0
associative_recall,transformer_publication_20260622T101458Z_associative_recall_seed107,107,fixed_update_scale,soft_dimension,soft_dimension,soft_dimension,True,4096,3,-0.0003146976572073334,0.0,4096.0,4096.0,0.0
associative_recall,transformer_publication_20260622T101458Z_associative_recall_seed107,107,fixed_update_scale,soft_dimension,soft_dimension,soft_dimension,True,6144,3,-0.00021472306737753335,0.0,6144.0,6144.0,0.0
associative_recall,transformer_publication_20260622T101458Z_associative_recall_seed107,107,fixed_update_scale,uniform,uniform,uniform,False,512,3,10.66858891521891,-0.7867838541666666,0.0,512.0,-512.0
associative_recall,transformer_publication_20260622T101458Z_associative_recall_seed107,107,fixed_update_scale,uniform,uniform,uniform,False,1024,3,11.563159650502106,-1.0,0.0,1024.0,-1024.0
associative_recall,transformer_publication_20260622T101458Z_associative_recall_seed107,107,fixed_update_scale,uniform,uniform,uniform,False,1536,3,-5.846951777733397e-05,0.0,1408.0,1536.0,-128.0
associative_recall,transformer_publication_20260622T101458Z_associative_recall_seed107,107,fixed_update_scale,uniform,uniform,uniform,False,2048,3,0.012038247931438201,0.0,1408.0,2048.0,-640.0
associative_recall,transformer_publication_20260622T101458Z_associative_recall_seed107,107,fixed_update_scale,uniform,uniform,uniform,False,3072,3,-2.2329467659233285e-05,0.0,2816.0,3072.0,-256.0
associative_recall,transformer_publication_20260622T101458Z_associative_recall_seed107,107,fixed_update_scale,uniform,uniform,uniform,False,4096,3,0.0010010674256288332,0.0,2816.0,4096.0,-1280.0
associative_recall,transformer_publication_20260622T101458Z_associative_recall_seed107,107,fixed_update_scale,uniform,uniform,uniform,False,6144,3,3.257727560900003e-05,0.0,5632.0,6144.0,-512.0
associative_recall,transformer_publication_20260622T101458Z_associative_recall_seed107,107,rslora,effective_rank,effective_rank,effective_rank,False,512,3,-0.30813388526439667,0.15071614583333334,512.0,512.0,0.0
associative_recall,transformer_publication_20260622T101458Z_associative_recall_seed107,107,rslora,effective_rank,effective_rank,effective_rank,False,1024,3,-0.08794976638940473,0.0,1024.0,1024.0,0.0
associative_recall,transformer_publication_20260622T101458Z_associative_recall_seed107,107,rslora,effective_rank,effective_rank,effective_rank,False,1536,3,-0.004159481322858467,0.0,1472.0,1536.0,-64.0
associative_recall,transformer_publication_20260622T101458Z_associative_recall_seed107,107,rslora,effective_rank,effective_rank,effective_rank,False,2048,3,-0.0022501280958143665,0.0,2048.0,2048.0,0.0
associative_recall,transformer_publication_20260622T101458Z_associative_recall_seed107,107,rslora,effective_rank,effective_rank,effective_rank,False,3072,3,-0.0007069904822856334,0.0,3072.0,3072.0,0.0
associative_recall,transformer_publication_20260622T101458Z_associative_recall_seed107,107,rslora,effective_rank,effective_rank,effective_rank,False,4096,3,-0.0005322989018168333,0.0,4096.0,4096.0,0.0
associative_recall,transformer_publication_20260622T101458Z_associative_recall_seed107,107,rslora,effective_rank,effective_rank,effective_rank,False,6144,3,-0.00018274117852946673,0.0,6144.0,6144.0,0.0
associative_recall,transformer_publication_20260622T101458Z_associative_recall_seed107,107,rslora,gradient_norm,gradient_norm,gradient_norm,False,512,3,-0.503941785544157,0.20768229166666666,512.0,512.0,0.0
associative_recall,transformer_publication_20260622T101458Z_associative_recall_seed107,107,rslora,gradient_norm,gradient_norm,gradient_norm,False,1024,3,-0.08111607322158913,0.0,960.0,1024.0,-64.0
associative_recall,transformer_publication_20260622T101458Z_associative_recall_seed107,107,rslora,gradient_norm,gradient_norm,gradient_norm,False,1536,3,-0.0080491533929793,0.0,1536.0,1536.0,0.0
associative_recall,transformer_publication_20260622T101458Z_associative_recall_seed107,107,rslora,gradient_norm,gradient_norm,gradient_norm,False,2048,3,-0.0033487814071122665,0.0,2048.0,2048.0,0.0
associative_recall,transformer_publication_20260622T101458Z_associative_recall_seed107,107,rslora,gradient_norm,gradient_norm,gradient_norm,False,3072,3,-0.0009634596935939,0.0,3072.0,3072.0,0.0
associative_recall,transformer_publication_20260622T101458Z_associative_recall_seed107,107,rslora,gradient_norm,gradient_norm,gradient_norm,False,4096,3,-0.0005662092298735332,0.0,4096.0,4096.0,0.0
associative_recall,transformer_publication_20260622T101458Z_associative_recall_seed107,107,rslora,gradient_norm,gradient_norm,gradient_norm,False,6144,3,-0.00024347242045526674,0.0,6144.0,6144.0,0.0
associative_recall,transformer_publication_20260622T101458Z_associative_recall_seed107,107,rslora,marginal_gain_edge,marginal_gain_edge,marginal_gain_edge,False,512,3,-0.5157346626122793,0.20833333333333334,512.0,512.0,0.0
associative_recall,transformer_publication_20260622T101458Z_associative_recall_seed107,107,rslora,marginal_gain_edge,marginal_gain_edge,marginal_gain_edge,False,1024,3,-0.0833418076702704,0.0,1024.0,1024.0,0.0
associative_recall,transformer_publication_20260622T101458Z_associative_recall_seed107,107,rslora,marginal_gain_edge,marginal_gain_edge,marginal_gain_edge,False,1536,3,-0.005796380593286199,0.0,1472.0,1536.0,-64.0
associative_recall,transformer_publication_20260622T101458Z_associative_recall_seed107,107,rslora,marginal_gain_edge,marginal_gain_edge,marginal_gain_edge,False,2048,3,-0.0035372969772045665,0.0,2048.0,2048.0,0.0
associative_recall,transformer_publication_20260622T101458Z_associative_recall_seed107,107,rslora,marginal_gain_edge,marginal_gain_edge,marginal_gain_edge,False,3072,3,-0.0009934651607181667,0.0,3072.0,3072.0,0.0
associative_recall,transformer_publication_20260622T101458Z_associative_recall_seed107,107,rslora,marginal_gain_edge,marginal_gain_edge,marginal_gain_edge,False,4096,3,-0.0005779327620984999,0.0,4096.0,4096.0,0.0
associative_recall,transformer_publication_20260622T101458Z_associative_recall_seed107,107,rslora,marginal_gain_edge,marginal_gain_edge,marginal_gain_edge,False,6144,3,-0.0002207959575268,0.0,6144.0,6144.0,0.0
associative_recall,transformer_publication_20260622T101458Z_associative_recall_seed107,107,rslora,marginal_gain_soft,marginal_gain_soft,marginal_gain_soft,False,512,3,-0.5157346626122793,0.20833333333333334,512.0,512.0,0.0
associative_recall,transformer_publication_20260622T101458Z_associative_recall_seed107,107,rslora,marginal_gain_soft,marginal_gain_soft,marginal_gain_soft,False,1024,3,-0.0833418076702704,0.0,1024.0,1024.0,0.0
associative_recall,transformer_publication_20260622T101458Z_associative_recall_seed107,107,rslora,marginal_gain_soft,marginal_gain_soft,marginal_gain_soft,False,1536,3,-0.007844234137640634,0.0,1536.0,1536.0,0.0
associative_recall,transformer_publication_20260622T101458Z_associative_recall_seed107,107,rslora,marginal_gain_soft,marginal_gain_soft,marginal_gain_soft,False,2048,3,-0.0035372969772045665,0.0,2048.0,2048.0,0.0
associative_recall,transformer_publication_20260622T101458Z_associative_recall_seed107,107,rslora,marginal_gain_soft,marginal_gain_soft,marginal_gain_soft,False,3072,3,-0.0006485616904683334,0.0,3008.0,3072.0,-64.0
associative_recall,transformer_publication_20260622T101458Z_associative_recall_seed107,107,rslora,marginal_gain_soft,marginal_gain_soft,marginal_gain_soft,False,4096,3,-0.0005758829211117666,0.0,4096.0,4096.0,0.0
associative_recall,transformer_publication_20260622T101458Z_associative_recall_seed107,107,rslora,marginal_gain_soft,marginal_gain_soft,marginal_gain_soft,False,6144,3,-0.00015314167346026667,0.0,6144.0,6144.0,0.0
associative_recall,transformer_publication_20260622T101458Z_associative_recall_seed107,107,rslora,soft_dimension,soft_dimension,soft_dimension,True,512,3,-0.30813388526439667,0.15071614583333334,512.0,512.0,0.0
associative_recall,transformer_publication_20260622T101458Z_associative_recall_seed107,107,rslora,soft_dimension,soft_dimension,soft_dimension,True,1024,3,-0.08794976638940473,0.0,1024.0,1024.0,0.0
associative_recall,transformer_publication_20260622T101458Z_associative_recall_seed107,107,rslora,soft_dimension,soft_dimension,soft_dimension,True,1536,3,-0.0021760738454759333,-0.0003255208333333333,1536.0,1536.0,0.0
associative_recall,transformer_publication_20260622T101458Z_associative_recall_seed107,107,rslora,soft_dimension,soft_dimension,soft_dimension,True,2048,3,-0.0022501280958143665,0.0,2048.0,2048.0,0.0
associative_recall,transformer_publication_20260622T101458Z_associative_recall_seed107,107,rslora,soft_dimension,soft_dimension,soft_dimension,True,3072,3,-0.0005061977329508667,0.0,3072.0,3072.0,0.0
associative_recall,transformer_publication_20260622T101458Z_associative_recall_seed107,107,rslora,soft_dimension,soft_dimension,soft_dimension,True,4096,3,-0.0005322989018168333,0.0,4096.0,4096.0,0.0
associative_recall,transformer_publication_20260622T101458Z_associative_recall_seed107,107,rslora,soft_dimension,soft_dimension,soft_dimension,True,6144,3,-0.00022172616202926674,0.0,6144.0,6144.0,0.0
associative_recall,transformer_publication_20260622T101458Z_associative_recall_seed107,107,rslora,uniform,uniform,uniform,False,512,3,10.664447019497553,-0.7916666666666666,0.0,512.0,-512.0
associative_recall,transformer_publication_20260622T101458Z_associative_recall_seed107,107,rslora,uniform,uniform,uniform,False,1024,3,11.521543796174228,-1.0,0.0,1024.0,-1024.0
associative_recall,transformer_publication_20260622T101458Z_associative_recall_seed107,107,rslora,uniform,uniform,uniform,False,1536,3,0.0019257016247138335,0.0,1408.0,1536.0,-128.0
associative_recall,transformer_publication_20260622T101458Z_associative_recall_seed107,107,rslora,uniform,uniform,uniform,False,2048,3,0.016988792514894168,0.0,1408.0,2048.0,-640.0
associative_recall,transformer_publication_20260622T101458Z_associative_recall_seed107,107,rslora,uniform,uniform,uniform,False,3072,3,-6.756580357100029e-06,0.0,2816.0,3072.0,-256.0
associative_recall,transformer_publication_20260622T101458Z_associative_recall_seed107,107,rslora,uniform,uniform,uniform,False,4096,3,0.0006985050082827666,0.0,2816.0,4096.0,-1280.0
associative_recall,transformer_publication_20260622T101458Z_associative_recall_seed107,107,rslora,uniform,uniform,uniform,False,6144,3,-6.999839873333361e-06,0.0,5632.0,6144.0,-512.0
associative_recall,transformer_publication_20260622T101458Z_associative_recall_seed107,107,standard,effective_rank,effective_rank,effective_rank,False,512,3,-0.2515667590002219,0.107421875,512.0,512.0,0.0
associative_recall,transformer_publication_20260622T101458Z_associative_recall_seed107,107,standard,effective_rank,effective_rank,effective_rank,False,1024,3,-1.0172970974817872,0.3193359375,1024.0,1024.0,0.0
associative_recall,transformer_publication_20260622T101458Z_associative_recall_seed107,107,standard,effective_rank,effective_rank,effective_rank,False,1536,3,-0.004599889313491733,0.0,1472.0,1536.0,-64.0
associative_recall,transformer_publication_20260622T101458Z_associative_recall_seed107,107,standard,effective_rank,effective_rank,effective_rank,False,2048,3,-0.0014530041662510664,0.0,2048.0,2048.0,0.0
associative_recall,transformer_publication_20260622T101458Z_associative_recall_seed107,107,standard,effective_rank,effective_rank,effective_rank,False,3072,3,-0.0006524236572052667,0.0,3072.0,3072.0,0.0
associative_recall,transformer_publication_20260622T101458Z_associative_recall_seed107,107,standard,effective_rank,effective_rank,effective_rank,False,4096,3,-0.00046627127449026676,0.0,4096.0,4096.0,0.0
associative_recall,transformer_publication_20260622T101458Z_associative_recall_seed107,107,standard,effective_rank,effective_rank,effective_rank,False,6144,3,-0.0001372288776716667,0.0,6144.0,6144.0,0.0
associative_recall,transformer_publication_20260622T101458Z_associative_recall_seed107,107,standard,gradient_norm,gradient_norm,gradient_norm,False,512,3,-0.4047464629014333,0.15397135416666666,512.0,512.0,0.0
associative_recall,transformer_publication_20260622T101458Z_associative_recall_seed107,107,standard,gradient_norm,gradient_norm,gradient_norm,False,1024,3,-1.0124781321113308,0.3193359375,960.0,1024.0,-64.0
associative_recall,transformer_publication_20260622T101458Z_associative_recall_seed107,107,standard,gradient_norm,gradient_norm,gradient_norm,False,1536,3,-0.008339557107926067,0.0,1536.0,1536.0,0.0
associative_recall,transformer_publication_20260622T101458Z_associative_recall_seed107,107,standard,gradient_norm,gradient_norm,gradient_norm,False,2048,3,-0.002711707522394167,0.0,2048.0,2048.0,0.0
associative_recall,transformer_publication_20260622T101458Z_associative_recall_seed107,107,standard,gradient_norm,gradient_norm,gradient_norm,False,3072,3,-0.0006889647241526666,0.0,3072.0,3072.0,0.0
associative_recall,transformer_publication_20260622T101458Z_associative_recall_seed107,107,standard,gradient_norm,gradient_norm,gradient_norm,False,4096,3,-0.0003320809191791001,0.0,4096.0,4096.0,0.0
associative_recall,transformer_publication_20260622T101458Z_associative_recall_seed107,107,standard,gradient_norm,gradient_norm,gradient_norm,False,6144,3,-0.0001264239205435334,0.0,6144.0,6144.0,0.0
associative_recall,transformer_publication_20260622T101458Z_associative_recall_seed107,107,standard,marginal_gain_edge,marginal_gain_edge,marginal_gain_edge,False,512,3,-0.39021478841702145,0.13313802083333334,512.0,512.0,0.0
associative_recall,transformer_publication_20260622T101458Z_associative_recall_seed107,107,standard,marginal_gain_edge,marginal_gain_edge,marginal_gain_edge,False,1024,3,-1.0092481671987723,0.3193359375,1024.0,1024.0,0.0
associative_recall,transformer_publication_20260622T101458Z_associative_recall_seed107,107,standard,marginal_gain_edge,marginal_gain_edge,marginal_gain_edge,False,1536,3,-0.0065068398641112,0.0,1472.0,1536.0,-64.0
associative_recall,transformer_publication_20260622T101458Z_associative_recall_seed107,107,standard,marginal_gain_edge,marginal_gain_edge,marginal_gain_edge,False,2048,3,-0.0030062600659827333,0.0,2048.0,2048.0,0.0
associative_recall,transformer_publication_20260622T101458Z_associative_recall_seed107,107,standard,marginal_gain_edge,marginal_gain_edge,marginal_gain_edge,False,3072,3,-0.0007612757811633333,0.0,3072.0,3072.0,0.0
associative_recall,transformer_publication_20260622T101458Z_associative_recall_seed107,107,standard,marginal_gain_edge,marginal_gain_edge,marginal_gain_edge,False,4096,3,-0.0003609793590536667,0.0,4096.0,4096.0,0.0
associative_recall,transformer_publication_20260622T101458Z_associative_recall_seed107,107,standard,marginal_gain_edge,marginal_gain_edge,marginal_gain_edge,False,6144,3,-5.666245609366667e-05,0.0,6144.0,6144.0,0.0
associative_recall,transformer_publication_20260622T101458Z_associative_recall_seed107,107,standard,marginal_gain_soft,marginal_gain_soft,marginal_gain_soft,False,512,3,-0.39021478841702145,0.13313802083333334,512.0,512.0,0.0
associative_recall,transformer_publication_20260622T101458Z_associative_recall_seed107,107,standard,marginal_gain_soft,marginal_gain_soft,marginal_gain_soft,False,1024,3,-1.0092481671987723,0.3193359375,1024.0,1024.0,0.0
associative_recall,transformer_publication_20260622T101458Z_associative_recall_seed107,107,standard,marginal_gain_soft,marginal_gain_soft,marginal_gain_soft,False,1536,3,-0.0077450598861712,0.0,1536.0,1536.0,0.0
associative_recall,transformer_publication_20260622T101458Z_associative_recall_seed107,107,standard,marginal_gain_soft,marginal_gain_soft,marginal_gain_soft,False,2048,3,-0.0030062600659827333,0.0,2048.0,2048.0,0.0
associative_recall,transformer_publication_20260622T101458Z_associative_recall_seed107,107,standard,marginal_gain_soft,marginal_gain_soft,marginal_gain_soft,False,3072,3,-0.0003294706984888667,0.0,3008.0,3072.0,-64.0
associative_recall,transformer_publication_20260622T101458Z_associative_recall_seed107,107,standard,marginal_gain_soft,marginal_gain_soft,marginal_gain_soft,False,4096,3,-0.00023976192460393344,0.0,4096.0,4096.0,0.0
associative_recall,transformer_publication_20260622T101458Z_associative_recall_seed107,107,standard,marginal_gain_soft,marginal_gain_soft,marginal_gain_soft,False,6144,3,4.8494519433033316e-05,0.0,6144.0,6144.0,0.0
associative_recall,transformer_publication_20260622T101458Z_associative_recall_seed107,107,standard,soft_dimension,soft_dimension,soft_dimension,True,512,3,-0.2515667590002219,0.107421875,512.0,512.0,0.0
associative_recall,transformer_publication_20260622T101458Z_associative_recall_seed107,107,standard,soft_dimension,soft_dimension,soft_dimension,True,1024,3,-1.0172970974817872,0.3193359375,1024.0,1024.0,0.0
associative_recall,transformer_publication_20260622T101458Z_associative_recall_seed107,107,standard,soft_dimension,soft_dimension,soft_dimension,True,1536,3,-0.0057472186163068,0.0,1536.0,1536.0,0.0
associative_recall,transformer_publication_20260622T101458Z_associative_recall_seed107,107,standard,soft_dimension,soft_dimension,soft_dimension,True,2048,3,-0.0014530041662510664,0.0,2048.0,2048.0,0.0
associative_recall,transformer_publication_20260622T101458Z_associative_recall_seed107,107,standard,soft_dimension,soft_dimension,soft_dimension,True,3072,3,-0.0006131660775281667,0.0,3072.0,3072.0,0.0
associative_recall,transformer_publication_20260622T101458Z_associative_recall_seed107,107,standard,soft_dimension,soft_dimension,soft_dimension,True,4096,3,-0.00046627127449026676,0.0,4096.0,4096.0,0.0
associative_recall,transformer_publication_20260622T101458Z_associative_recall_seed107,107,standard,soft_dimension,soft_dimension,soft_dimension,True,6144,3,-0.00014179419910456662,0.0,6144.0,6144.0,0.0
associative_recall,transformer_publication_20260622T101458Z_associative_recall_seed107,107,standard,uniform,uniform,uniform,False,512,3,10.761328008025885,-0.845703125,0.0,512.0,-512.0
associative_recall,transformer_publication_20260622T101458Z_associative_recall_seed107,107,standard,uniform,uniform,uniform,False,1024,3,10.596140041016042,-0.6806640625,0.0,1024.0,-1024.0
associative_recall,transformer_publication_20260622T101458Z_associative_recall_seed107,107,standard,uniform,uniform,uniform,False,1536,3,0.001840226740265834,0.0,1408.0,1536.0,-128.0
associative_recall,transformer_publication_20260622T101458Z_associative_recall_seed107,107,standard,uniform,uniform,uniform,False,2048,3,0.008268454170320167,0.0,1408.0,2048.0,-640.0
associative_recall,transformer_publication_20260622T101458Z_associative_recall_seed107,107,standard,uniform,uniform,uniform,False,3072,3,-7.597864411463329e-05,0.0,2816.0,3072.0,-256.0
associative_recall,transformer_publication_20260622T101458Z_associative_recall_seed107,107,standard,uniform,uniform,uniform,False,4096,3,0.0006511899506828666,0.0,2816.0,4096.0,-1280.0
associative_recall,transformer_publication_20260622T101458Z_associative_recall_seed107,107,standard,uniform,uniform,uniform,False,6144,3,5.08422769296e-05,0.0,5632.0,6144.0,-512.0
associative_recall,transformer_publication_20260622T101458Z_associative_recall_seed109,109,fixed_update_scale,effective_rank,effective_rank,effective_rank,False,512,3,0.09331822395324707,-0.076171875,512.0,512.0,0.0
associative_recall,transformer_publication_20260622T101458Z_associative_recall_seed109,109,fixed_update_scale,effective_rank,effective_rank,effective_rank,False,1024,3,-0.0125613783796628,0.0003255208333333333,1024.0,1024.0,0.0
associative_recall,transformer_publication_20260622T101458Z_associative_recall_seed109,109,fixed_update_scale,effective_rank,effective_rank,effective_rank,False,1536,3,-0.0046217339889457,0.0,1536.0,1536.0,0.0
associative_recall,transformer_publication_20260622T101458Z_associative_recall_seed109,109,fixed_update_scale,effective_rank,effective_rank,effective_rank,False,2048,3,-0.0028143849631305667,0.0,2048.0,2048.0,0.0
associative_recall,transformer_publication_20260622T101458Z_associative_recall_seed109,109,fixed_update_scale,effective_rank,effective_rank,effective_rank,False,3072,3,-0.00029438451747410016,0.0,3072.0,3072.0,0.0
associative_recall,transformer_publication_20260622T101458Z_associative_recall_seed109,109,fixed_update_scale,effective_rank,effective_rank,effective_rank,False,4096,3,-0.0006580254509268666,0.0,4096.0,4096.0,0.0
associative_recall,transformer_publication_20260622T101458Z_associative_recall_seed109,109,fixed_update_scale,effective_rank,effective_rank,effective_rank,False,6144,3,-0.00012169420612433334,0.0,6144.0,6144.0,0.0
associative_recall,transformer_publication_20260622T101458Z_associative_recall_seed109,109,fixed_update_scale,gradient_norm,gradient_norm,gradient_norm,False,512,3,0.08133876944581665,-0.0003255208333333333,512.0,512.0,0.0
associative_recall,transformer_publication_20260622T101458Z_associative_recall_seed109,109,fixed_update_scale,gradient_norm,gradient_norm,gradient_norm,False,1024,3,-0.018830901477485867,0.0003255208333333333,1024.0,1024.0,0.0
associative_recall,transformer_publication_20260622T101458Z_associative_recall_seed109,109,fixed_update_scale,gradient_norm,gradient_norm,gradient_norm,False,1536,3,-0.007947935567547866,0.0,1536.0,1536.0,0.0
associative_recall,transformer_publication_20260622T101458Z_associative_recall_seed109,109,fixed_update_scale,gradient_norm,gradient_norm,gradient_norm,False,2048,3,-0.003156128640209033,0.0,2048.0,2048.0,0.0
associative_recall,transformer_publication_20260622T101458Z_associative_recall_seed109,109,fixed_update_scale,gradient_norm,gradient_norm,gradient_norm,False,3072,3,-0.0013146162527846335,0.0,3072.0,3072.0,0.0
associative_recall,transformer_publication_20260622T101458Z_associative_recall_seed109,109,fixed_update_scale,gradient_norm,gradient_norm,gradient_norm,False,4096,3,-0.0006767582769195334,0.0,4096.0,4096.0,0.0
associative_recall,transformer_publication_20260622T101458Z_associative_recall_seed109,109,fixed_update_scale,gradient_norm,gradient_norm,gradient_norm,False,6144,3,-0.00020584991822643337,0.0,6144.0,6144.0,0.0
associative_recall,transformer_publication_20260622T101458Z_associative_recall_seed109,109,fixed_update_scale,marginal_gain_edge,marginal_gain_edge,marginal_gain_edge,False,512,3,-0.00595663860440257,0.0003255208333333333,512.0,512.0,0.0
associative_recall,transformer_publication_20260622T101458Z_associative_recall_seed109,109,fixed_update_scale,marginal_gain_edge,marginal_gain_edge,marginal_gain_edge,False,1024,3,-0.017224391534303603,0.0003255208333333333,1024.0,1024.0,0.0
associative_recall,transformer_publication_20260622T101458Z_associative_recall_seed109,109,fixed_update_scale,marginal_gain_edge,marginal_gain_edge,marginal_gain_edge,False,1536,3,-0.008615105102459567,0.0,1536.0,1536.0,0.0
associative_recall,transformer_publication_20260622T101458Z_associative_recall_seed109,109,fixed_update_scale,marginal_gain_edge,marginal_gain_edge,marginal_gain_edge,False,2048,3,-0.0030980734348607666,0.0,2048.0,2048.0,0.0
associative_recall,transformer_publication_20260622T101458Z_associative_recall_seed109,109,fixed_update_scale,marginal_gain_edge,marginal_gain_edge,marginal_gain_edge,False,3072,3,-0.0012691437683922,0.0,3072.0,3072.0,0.0
associative_recall,transformer_publication_20260622T101458Z_associative_recall_seed109,109,fixed_update_scale,marginal_gain_edge,marginal_gain_edge,marginal_gain_edge,False,4096,3,-0.0007364755389668666,0.0,4096.0,4096.0,0.0
associative_recall,transformer_publication_20260622T101458Z_associative_recall_seed109,109,fixed_update_scale,marginal_gain_edge,marginal_gain_edge,marginal_gain_edge,False,6144,3,-0.0002221346706695333,0.0,6144.0,6144.0,0.0
associative_recall,transformer_publication_20260622T101458Z_associative_recall_seed109,109,fixed_update_scale,marginal_gain_soft,marginal_gain_soft,marginal_gain_soft,False,512,3,-0.00595663860440257,0.0003255208333333333,512.0,512.0,0.0
associative_recall,transformer_publication_20260622T101458Z_associative_recall_seed109,109,fixed_update_scale,marginal_gain_soft,marginal_gain_soft,marginal_gain_soft,False,1024,3,-0.017224391534303603,0.0003255208333333333,1024.0,1024.0,0.0
associative_recall,transformer_publication_20260622T101458Z_associative_recall_seed109,109,fixed_update_scale,marginal_gain_soft,marginal_gain_soft,marginal_gain_soft,False,1536,3,-0.008615105102459567,0.0,1536.0,1536.0,0.0
associative_recall,transformer_publication_20260622T101458Z_associative_recall_seed109,109,fixed_update_scale,marginal_gain_soft,marginal_gain_soft,marginal_gain_soft,False,2048,3,-0.0030980734348607666,0.0,2048.0,2048.0,0.0
associative_recall,transformer_publication_20260622T101458Z_associative_recall_seed109,109,fixed_update_scale,marginal_gain_soft,marginal_gain_soft,marginal_gain_soft,False,3072,3,-0.0012691437683922,0.0,3072.0,3072.0,0.0
associative_recall,transformer_publication_20260622T101458Z_associative_recall_seed109,109,fixed_update_scale,marginal_gain_soft,marginal_gain_soft,marginal_gain_soft,False,4096,3,-0.0007602577000701,0.0,4096.0,4096.0,0.0
associative_recall,transformer_publication_20260622T101458Z_associative_recall_seed109,109,fixed_update_scale,marginal_gain_soft,marginal_gain_soft,marginal_gain_soft,False,6144,3,-0.0002221346706695333,0.0,6144.0,6144.0,0.0
associative_recall,transformer_publication_20260622T101458Z_associative_recall_seed109,109,fixed_update_scale,soft_dimension,soft_dimension,soft_dimension,True,512,3,0.26339102163910866,-0.10904947916666667,512.0,512.0,0.0
associative_recall,transformer_publication_20260622T101458Z_associative_recall_seed109,109,fixed_update_scale,soft_dimension,soft_dimension,soft_dimension,True,1024,3,-0.0125613783796628,0.0003255208333333333,1024.0,1024.0,0.0
associative_recall,transformer_publication_20260622T101458Z_associative_recall_seed109,109,fixed_update_scale,soft_dimension,soft_dimension,soft_dimension,True,1536,3,-0.0046217339889457,0.0,1536.0,1536.0,0.0
associative_recall,transformer_publication_20260622T101458Z_associative_recall_seed109,109,fixed_update_scale,soft_dimension,soft_dimension,soft_dimension,True,2048,3,-0.0019806601533976665,0.0,2048.0,2048.0,0.0
associative_recall,transformer_publication_20260622T101458Z_associative_recall_seed109,109,fixed_update_scale,soft_dimension,soft_dimension,soft_dimension,True,3072,3,-0.00029438451747410016,0.0,3072.0,3072.0,0.0
associative_recall,transformer_publication_20260622T101458Z_associative_recall_seed109,109,fixed_update_scale,soft_dimension,soft_dimension,soft_dimension,True,4096,3,-0.0005247140264449001,0.0,4096.0,4096.0,0.0
associative_recall,transformer_publication_20260622T101458Z_associative_recall_seed109,109,fixed_update_scale,soft_dimension,soft_dimension,soft_dimension,True,6144,3,-0.00012169420612433334,0.0,6144.0,6144.0,0.0
associative_recall,transformer_publication_20260622T101458Z_associative_recall_seed109,109,fixed_update_scale,uniform,uniform,uniform,False,512,3,11.317723533759514,-0.9996744791666666,0.0,512.0,-512.0
associative_recall,transformer_publication_20260622T101458Z_associative_recall_seed109,109,fixed_update_scale,uniform,uniform,uniform,False,1024,3,11.571026852043966,-0.9996744791666666,0.0,1024.0,-1024.0
associative_recall,transformer_publication_20260622T101458Z_associative_recall_seed109,109,fixed_update_scale,uniform,uniform,uniform,False,1536,3,0.00011931189025443367,0.0,1408.0,1536.0,-128.0
associative_recall,transformer_publication_20260622T101458Z_associative_recall_seed109,109,fixed_update_scale,uniform,uniform,uniform,False,2048,3,0.007115519120513167,0.0,1408.0,2048.0,-640.0
associative_recall,transformer_publication_20260622T101458Z_associative_recall_seed109,109,fixed_update_scale,uniform,uniform,uniform,False,3072,3,0.00013909477274859998,0.0,2816.0,3072.0,-256.0
associative_recall,transformer_publication_20260622T101458Z_associative_recall_seed109,109,fixed_update_scale,uniform,uniform,uniform,False,4096,3,0.0009662330752083665,0.0,2816.0,4096.0,-1280.0
associative_recall,transformer_publication_20260622T101458Z_associative_recall_seed109,109,fixed_update_scale,uniform,uniform,uniform,False,6144,3,1.7637445125700006e-05,0.0,5632.0,6144.0,-512.0
associative_recall,transformer_publication_20260622T101458Z_associative_recall_seed109,109,rslora,effective_rank,effective_rank,effective_rank,False,512,3,-0.12205746397376059,-0.039713541666666664,512.0,512.0,0.0
associative_recall,transformer_publication_20260622T101458Z_associative_recall_seed109,109,rslora,effective_rank,effective_rank,effective_rank,False,1024,3,-0.0104377227059255,0.0003255208333333333,1024.0,1024.0,0.0
associative_recall,transformer_publication_20260622T101458Z_associative_recall_seed109,109,rslora,effective_rank,effective_rank,effective_rank,False,1536,3,-0.004274278995581,0.0,1536.0,1536.0,0.0
associative_recall,transformer_publication_20260622T101458Z_associative_recall_seed109,109,rslora,effective_rank,effective_rank,effective_rank,False,2048,3,-0.002288636334318067,0.0,2048.0,2048.0,0.0
associative_recall,transformer_publication_20260622T101458Z_associative_recall_seed109,109,rslora,effective_rank,effective_rank,effective_rank,False,3072,3,-0.00024514961114616667,0.0,3072.0,3072.0,0.0
associative_recall,transformer_publication_20260622T101458Z_associative_recall_seed109,109,rslora,effective_rank,effective_rank,effective_rank,False,4096,3,-0.0006038396192404001,0.0,4096.0,4096.0,0.0
associative_recall,transformer_publication_20260622T101458Z_associative_recall_seed109,109,rslora,effective_rank,effective_rank,effective_rank,False,6144,3,-0.0001494338236322667,0.0,6144.0,6144.0,0.0
associative_recall,transformer_publication_20260622T101458Z_associative_recall_seed109,109,rslora,gradient_norm,gradient_norm,gradient_norm,False,512,3,-0.14867027352253592,0.052734375,512.0,512.0,0.0
associative_recall,transformer_publication_20260622T101458Z_associative_recall_seed109,109,rslora,gradient_norm,gradient_norm,gradient_norm,False,1024,3,-0.0143125056832408,0.0003255208333333333,1024.0,1024.0,0.0
associative_recall,transformer_publication_20260622T101458Z_associative_recall_seed109,109,rslora,gradient_norm,gradient_norm,gradient_norm,False,1536,3,-0.0077257373777684,0.0,1536.0,1536.0,0.0
associative_recall,transformer_publication_20260622T101458Z_associative_recall_seed109,109,rslora,gradient_norm,gradient_norm,gradient_norm,False,2048,3,-0.002767460226702167,0.0,2048.0,2048.0,0.0
associative_recall,transformer_publication_20260622T101458Z_associative_recall_seed109,109,rslora,gradient_norm,gradient_norm,gradient_norm,False,3072,3,-0.0008396377331033999,0.0,3072.0,3072.0,0.0
associative_recall,transformer_publication_20260622T101458Z_associative_recall_seed109,109,rslora,gradient_norm,gradient_norm,gradient_norm,False,4096,3,-0.0005437903455458667,0.0,4096.0,4096.0,0.0
associative_recall,transformer_publication_20260622T101458Z_associative_recall_seed109,109,rslora,gradient_norm,gradient_norm,gradient_norm,False,6144,3,-0.00018505440918186667,0.0,6144.0,6144.0,0.0
associative_recall,transformer_publication_20260622T101458Z_associative_recall_seed109,109,rslora,marginal_gain_edge,marginal_gain_edge,marginal_gain_edge,False,512,3,-0.26304503592352074,0.052734375,512.0,512.0,0.0
associative_recall,transformer_publication_20260622T101458Z_associative_recall_seed109,109,rslora,marginal_gain_edge,marginal_gain_edge,marginal_gain_edge,False,1024,3,-0.011476943346982202,0.0003255208333333333,1024.0,1024.0,0.0
associative_recall,transformer_publication_20260622T101458Z_associative_recall_seed109,109,rslora,marginal_gain_edge,marginal_gain_edge,marginal_gain_edge,False,1536,3,-0.0072736308793537345,0.0,1536.0,1536.0,0.0
associative_recall,transformer_publication_20260622T101458Z_associative_recall_seed109,109,rslora,marginal_gain_edge,marginal_gain_edge,marginal_gain_edge,False,2048,3,-0.0026304277804835665,0.0,2048.0,2048.0,0.0
associative_recall,transformer_publication_20260622T101458Z_associative_recall_seed109,109,rslora,marginal_gain_edge,marginal_gain_edge,marginal_gain_edge,False,3072,3,-0.0008370711827107334,0.0,3072.0,3072.0,0.0
associative_recall,transformer_publication_20260622T101458Z_associative_recall_seed109,109,rslora,marginal_gain_edge,marginal_gain_edge,marginal_gain_edge,False,4096,3,-0.0006040664981507333,0.0,4096.0,4096.0,0.0
associative_recall,transformer_publication_20260622T101458Z_associative_recall_seed109,109,rslora,marginal_gain_edge,marginal_gain_edge,marginal_gain_edge,False,6144,3,-0.00012048158047646663,0.0,6144.0,6144.0,0.0
associative_recall,transformer_publication_20260622T101458Z_associative_recall_seed109,109,rslora,marginal_gain_soft,marginal_gain_soft,marginal_gain_soft,False,512,3,-0.26304503592352074,0.052734375,512.0,512.0,0.0
associative_recall,transformer_publication_20260622T101458Z_associative_recall_seed109,109,rslora,marginal_gain_soft,marginal_gain_soft,marginal_gain_soft,False,1024,3,-0.011476943346982202,0.0003255208333333333,1024.0,1024.0,0.0
associative_recall,transformer_publication_20260622T101458Z_associative_recall_seed109,109,rslora,marginal_gain_soft,marginal_gain_soft,marginal_gain_soft,False,1536,3,-0.0072736308793537345,0.0,1536.0,1536.0,0.0
associative_recall,transformer_publication_20260622T101458Z_associative_recall_seed109,109,rslora,marginal_gain_soft,marginal_gain_soft,marginal_gain_soft,False,2048,3,-0.0026304277804835665,0.0,2048.0,2048.0,0.0
associative_recall,transformer_publication_20260622T101458Z_associative_recall_seed109,109,rslora,marginal_gain_soft,marginal_gain_soft,marginal_gain_soft,False,3072,3,-0.0008370711827107334,0.0,3072.0,3072.0,0.0
associative_recall,transformer_publication_20260622T101458Z_associative_recall_seed109,109,rslora,marginal_gain_soft,marginal_gain_soft,marginal_gain_soft,False,4096,3,-0.0006378433802941001,0.0,4096.0,4096.0,0.0
associative_recall,transformer_publication_20260622T101458Z_associative_recall_seed109,109,rslora,marginal_gain_soft,marginal_gain_soft,marginal_gain_soft,False,6144,3,-0.00012048158047646663,0.0,6144.0,6144.0,0.0
associative_recall,transformer_publication_20260622T101458Z_associative_recall_seed109,109,rslora,soft_dimension,soft_dimension,soft_dimension,True,512,3,0.0047204581399758845,-0.034830729166666664,512.0,512.0,0.0
associative_recall,transformer_publication_20260622T101458Z_associative_recall_seed109,109,rslora,soft_dimension,soft_dimension,soft_dimension,True,1024,3,-0.0104377227059255,0.0003255208333333333,1024.0,1024.0,0.0
associative_recall,transformer_publication_20260622T101458Z_associative_recall_seed109,109,rslora,soft_dimension,soft_dimension,soft_dimension,True,1536,3,-0.004274278995581,0.0,1536.0,1536.0,0.0
associative_recall,transformer_publication_20260622T101458Z_associative_recall_seed109,109,rslora,soft_dimension,soft_dimension,soft_dimension,True,2048,3,-0.0020560847478918666,0.0,2048.0,2048.0,0.0
associative_recall,transformer_publication_20260622T101458Z_associative_recall_seed109,109,rslora,soft_dimension,soft_dimension,soft_dimension,True,3072,3,-0.00024514961114616667,0.0,3072.0,3072.0,0.0
associative_recall,transformer_publication_20260622T101458Z_associative_recall_seed109,109,rslora,soft_dimension,soft_dimension,soft_dimension,True,4096,3,-0.0005791533039882667,0.0,4096.0,4096.0,0.0
associative_recall,transformer_publication_20260622T101458Z_associative_recall_seed109,109,rslora,soft_dimension,soft_dimension,soft_dimension,True,6144,3,-0.0001494338236322667,0.0,6144.0,6144.0,0.0
associative_recall,transformer_publication_20260622T101458Z_associative_recall_seed109,109,rslora,uniform,uniform,uniform,False,512,3,11.089008825520674,-0.947265625,0.0,512.0,-512.0
associative_recall,transformer_publication_20260622T101458Z_associative_recall_seed109,109,rslora,uniform,uniform,uniform,False,1024,3,11.57899876583057,-0.9996744791666666,0.0,1024.0,-1024.0
associative_recall,transformer_publication_20260622T101458Z_associative_recall_seed109,109,rslora,uniform,uniform,uniform,False,1536,3,-0.00031645995719980016,0.0,1408.0,1536.0,-128.0
associative_recall,transformer_publication_20260622T101458Z_associative_recall_seed109,109,rslora,uniform,uniform,uniform,False,2048,3,0.0033160139185687,0.0,1408.0,2048.0,-640.0
associative_recall,transformer_publication_20260622T101458Z_associative_recall_seed109,109,rslora,uniform,uniform,uniform,False,3072,3,0.0001653254827640001,0.0,2816.0,3072.0,-256.0
associative_recall,transformer_publication_20260622T101458Z_associative_recall_seed109,109,rslora,uniform,uniform,uniform,False,4096,3,0.0005753773827261,0.0,2816.0,4096.0,-1280.0
associative_recall,transformer_publication_20260622T101458Z_associative_recall_seed109,109,rslora,uniform,uniform,uniform,False,6144,3,-3.1024149697000034e-06,0.0,5632.0,6144.0,-512.0
associative_recall,transformer_publication_20260622T101458Z_associative_recall_seed109,109,standard,effective_rank,effective_rank,effective_rank,False,512,3,-0.3455975626905759,0.050455729166666664,512.0,512.0,0.0
associative_recall,transformer_publication_20260622T101458Z_associative_recall_seed109,109,standard,effective_rank,effective_rank,effective_rank,False,1024,3,-0.006901014052952299,0.0,1024.0,1024.0,0.0
associative_recall,transformer_publication_20260622T101458Z_associative_recall_seed109,109,standard,effective_rank,effective_rank,effective_rank,False,1536,3,-0.0041790262136298,0.0,1536.0,1536.0,0.0
associative_recall,transformer_publication_20260622T101458Z_associative_recall_seed109,109,standard,effective_rank,effective_rank,effective_rank,False,2048,3,-0.0026953683991451003,0.0,2048.0,2048.0,0.0
associative_recall,transformer_publication_20260622T101458Z_associative_recall_seed109,109,standard,effective_rank,effective_rank,effective_rank,False,3072,3,-0.00011257061366143336,0.0,3072.0,3072.0,0.0
associative_recall,transformer_publication_20260622T101458Z_associative_recall_seed109,109,standard,effective_rank,effective_rank,effective_rank,False,4096,3,-0.0004739046125905666,0.0,4096.0,4096.0,0.0
associative_recall,transformer_publication_20260622T101458Z_associative_recall_seed109,109,standard,effective_rank,effective_rank,effective_rank,False,6144,3,-0.00015051913457380005,0.0,6144.0,6144.0,0.0
associative_recall,transformer_publication_20260622T101458Z_associative_recall_seed109,109,standard,gradient_norm,gradient_norm,gradient_norm,False,512,3,-0.3067185444136461,0.1025390625,512.0,512.0,0.0
associative_recall,transformer_publication_20260622T101458Z_associative_recall_seed109,109,standard,gradient_norm,gradient_norm,gradient_norm,False,1024,3,-0.008911250741220999,0.0,1024.0,1024.0,0.0
associative_recall,transformer_publication_20260622T101458Z_associative_recall_seed109,109,standard,gradient_norm,gradient_norm,gradient_norm,False,1536,3,-0.005428820993984133,0.0,1536.0,1536.0,0.0
associative_recall,transformer_publication_20260622T101458Z_associative_recall_seed109,109,standard,gradient_norm,gradient_norm,gradient_norm,False,2048,3,-0.002803069214375367,0.0,2048.0,2048.0,0.0
associative_recall,transformer_publication_20260622T101458Z_associative_recall_seed109,109,standard,gradient_norm,gradient_norm,gradient_norm,False,3072,3,-0.0004965669553106,0.0,3072.0,3072.0,0.0
associative_recall,transformer_publication_20260622T101458Z_associative_recall_seed109,109,standard,gradient_norm,gradient_norm,gradient_norm,False,4096,3,-0.0003857731790049334,0.0,4096.0,4096.0,0.0
associative_recall,transformer_publication_20260622T101458Z_associative_recall_seed109,109,standard,gradient_norm,gradient_norm,gradient_norm,False,6144,3,-0.00016105949665260006,0.0,6144.0,6144.0,0.0
associative_recall,transformer_publication_20260622T101458Z_associative_recall_seed109,109,standard,marginal_gain_edge,marginal_gain_edge,marginal_gain_edge,False,512,3,-0.3323825957874457,0.10384114583333333,512.0,512.0,0.0
associative_recall,transformer_publication_20260622T101458Z_associative_recall_seed109,109,standard,marginal_gain_edge,marginal_gain_edge,marginal_gain_edge,False,1024,3,-0.005731261606949066,0.0,1024.0,1024.0,0.0
associative_recall,transformer_publication_20260622T101458Z_associative_recall_seed109,109,standard,marginal_gain_edge,marginal_gain_edge,marginal_gain_edge,False,1536,3,-0.004658978510027134,0.0,1536.0,1536.0,0.0
associative_recall,transformer_publication_20260622T101458Z_associative_recall_seed109,109,standard,marginal_gain_edge,marginal_gain_edge,marginal_gain_edge,False,2048,3,-0.0030203322627736667,0.0,2048.0,2048.0,0.0
associative_recall,transformer_publication_20260622T101458Z_associative_recall_seed109,109,standard,marginal_gain_edge,marginal_gain_edge,marginal_gain_edge,False,3072,3,-0.0006995192137159,0.0,3072.0,3072.0,0.0
associative_recall,transformer_publication_20260622T101458Z_associative_recall_seed109,109,standard,marginal_gain_edge,marginal_gain_edge,marginal_gain_edge,False,4096,3,-0.00040870707986566667,0.0,4096.0,4096.0,0.0
associative_recall,transformer_publication_20260622T101458Z_associative_recall_seed109,109,standard,marginal_gain_edge,marginal_gain_edge,marginal_gain_edge,False,6144,3,-4.955895807746668e-05,0.0,6144.0,6144.0,0.0
associative_recall,transformer_publication_20260622T101458Z_associative_recall_seed109,109,standard,marginal_gain_soft,marginal_gain_soft,marginal_gain_soft,False,512,3,-0.3323825957874457,0.10384114583333333,512.0,512.0,0.0
associative_recall,transformer_publication_20260622T101458Z_associative_recall_seed109,109,standard,marginal_gain_soft,marginal_gain_soft,marginal_gain_soft,False,1024,3,-0.005731261606949066,0.0,1024.0,1024.0,0.0
associative_recall,transformer_publication_20260622T101458Z_associative_recall_seed109,109,standard,marginal_gain_soft,marginal_gain_soft,marginal_gain_soft,False,1536,3,-0.004658978510027134,0.0,1536.0,1536.0,0.0
associative_recall,transformer_publication_20260622T101458Z_associative_recall_seed109,109,standard,marginal_gain_soft,marginal_gain_soft,marginal_gain_soft,False,2048,3,-0.0030203322627736667,0.0,2048.0,2048.0,0.0
associative_recall,transformer_publication_20260622T101458Z_associative_recall_seed109,109,standard,marginal_gain_soft,marginal_gain_soft,marginal_gain_soft,False,3072,3,-0.0006995192137159,0.0,3072.0,3072.0,0.0
associative_recall,transformer_publication_20260622T101458Z_associative_recall_seed109,109,standard,marginal_gain_soft,marginal_gain_soft,marginal_gain_soft,False,4096,3,-0.0005348874595559667,0.0,4096.0,4096.0,0.0
associative_recall,transformer_publication_20260622T101458Z_associative_recall_seed109,109,standard,marginal_gain_soft,marginal_gain_soft,marginal_gain_soft,False,6144,3,-4.955895807746668e-05,0.0,6144.0,6144.0,0.0
associative_recall,transformer_publication_20260622T101458Z_associative_recall_seed109,109,standard,soft_dimension,soft_dimension,soft_dimension,True,512,3,-0.14213496694962183,0.017578125,512.0,512.0,0.0
associative_recall,transformer_publication_20260622T101458Z_associative_recall_seed109,109,standard,soft_dimension,soft_dimension,soft_dimension,True,1024,3,-0.006901014052952299,0.0,1024.0,1024.0,0.0
associative_recall,transformer_publication_20260622T101458Z_associative_recall_seed109,109,standard,soft_dimension,soft_dimension,soft_dimension,True,1536,3,-0.0041790262136298,0.0,1536.0,1536.0,0.0
associative_recall,transformer_publication_20260622T101458Z_associative_recall_seed109,109,standard,soft_dimension,soft_dimension,soft_dimension,True,2048,3,-0.002794678822586634,0.0,2048.0,2048.0,0.0
associative_recall,transformer_publication_20260622T101458Z_associative_recall_seed109,109,standard,soft_dimension,soft_dimension,soft_dimension,True,3072,3,-0.00011257061366143336,0.0,3072.0,3072.0,0.0
associative_recall,transformer_publication_20260622T101458Z_associative_recall_seed109,109,standard,soft_dimension,soft_dimension,soft_dimension,True,4096,3,-0.0004886144840081,0.0,4096.0,4096.0,0.0
associative_recall,transformer_publication_20260622T101458Z_associative_recall_seed109,109,standard,soft_dimension,soft_dimension,soft_dimension,True,6144,3,-0.00015051913457380005,0.0,6144.0,6144.0,0.0
associative_recall,transformer_publication_20260622T101458Z_associative_recall_seed109,109,standard,uniform,uniform,uniform,False,512,3,10.920414239168167,-0.8961588541666666,0.0,512.0,-512.0
associative_recall,transformer_publication_20260622T101458Z_associative_recall_seed109,109,standard,uniform,uniform,uniform,False,1024,3,11.585977320171272,-1.0,0.0,1024.0,-1024.0
associative_recall,transformer_publication_20260622T101458Z_associative_recall_seed109,109,standard,uniform,uniform,uniform,False,1536,3,-0.0017444582578415666,0.0,1408.0,1536.0,-128.0
associative_recall,transformer_publication_20260622T101458Z_associative_recall_seed109,109,standard,uniform,uniform,uniform,False,2048,3,0.0070281294756569,-0.0003255208333333333,1408.0,2048.0,-640.0
associative_recall,transformer_publication_20260622T101458Z_associative_recall_seed109,109,standard,uniform,uniform,uniform,False,3072,3,2.374410299429996e-05,0.0,2816.0,3072.0,-256.0
associative_recall,transformer_publication_20260622T101458Z_associative_recall_seed109,109,standard,uniform,uniform,uniform,False,4096,3,0.0003350399298748333,0.0,2816.0,4096.0,-1280.0
associative_recall,transformer_publication_20260622T101458Z_associative_recall_seed109,109,standard,uniform,uniform,uniform,False,6144,3,-4.207123614233356e-06,0.0,5632.0,6144.0,-512.0
associative_recall,transformer_publication_20260622T101458Z_associative_recall_seed113,113,fixed_update_scale,effective_rank,effective_rank,effective_rank,False,512,3,-0.40975283458828926,0.14225260416666666,512.0,512.0,0.0
associative_recall,transformer_publication_20260622T101458Z_associative_recall_seed113,113,fixed_update_scale,effective_rank,effective_rank,effective_rank,False,1024,3,-0.1692570426966995,0.0003255208333333333,1024.0,1024.0,0.0
associative_recall,transformer_publication_20260622T101458Z_associative_recall_seed113,113,fixed_update_scale,effective_rank,effective_rank,effective_rank,False,1536,3,-0.003928347102676834,0.0,1472.0,1536.0,-64.0
associative_recall,transformer_publication_20260622T101458Z_associative_recall_seed113,113,fixed_update_scale,effective_rank,effective_rank,effective_rank,False,2048,3,-0.003732350198940066,0.0,2048.0,2048.0,0.0
associative_recall,transformer_publication_20260622T101458Z_associative_recall_seed113,113,fixed_update_scale,effective_rank,effective_rank,effective_rank,False,3072,3,-0.0006872686111213333,0.0,3072.0,3072.0,0.0
associative_recall,transformer_publication_20260622T101458Z_associative_recall_seed113,113,fixed_update_scale,effective_rank,effective_rank,effective_rank,False,4096,3,-0.0013214807016387001,0.0,4096.0,4096.0,0.0
associative_recall,transformer_publication_20260622T101458Z_associative_recall_seed113,113,fixed_update_scale,effective_rank,effective_rank,effective_rank,False,6144,3,-0.00017232679965670009,0.0,6144.0,6144.0,0.0
associative_recall,transformer_publication_20260622T101458Z_associative_recall_seed113,113,fixed_update_scale,gradient_norm,gradient_norm,gradient_norm,False,512,3,-0.4699634201824665,0.22916666666666666,512.0,512.0,0.0
associative_recall,transformer_publication_20260622T101458Z_associative_recall_seed113,113,fixed_update_scale,gradient_norm,gradient_norm,gradient_norm,False,1024,3,-0.16198442154563966,0.0003255208333333333,960.0,1024.0,-64.0
associative_recall,transformer_publication_20260622T101458Z_associative_recall_seed113,113,fixed_update_scale,gradient_norm,gradient_norm,gradient_norm,False,1536,3,-0.0087035384494811,0.0,1536.0,1536.0,0.0
associative_recall,transformer_publication_20260622T101458Z_associative_recall_seed113,113,fixed_update_scale,gradient_norm,gradient_norm,gradient_norm,False,2048,3,-0.004825124226044866,0.0,2048.0,2048.0,0.0
associative_recall,transformer_publication_20260622T101458Z_associative_recall_seed113,113,fixed_update_scale,gradient_norm,gradient_norm,gradient_norm,False,3072,3,-0.0013042401211957333,0.0,3072.0,3072.0,0.0
associative_recall,transformer_publication_20260622T101458Z_associative_recall_seed113,113,fixed_update_scale,gradient_norm,gradient_norm,gradient_norm,False,4096,3,-0.0017668065896335333,0.0,4096.0,4096.0,0.0
associative_recall,transformer_publication_20260622T101458Z_associative_recall_seed113,113,fixed_update_scale,gradient_norm,gradient_norm,gradient_norm,False,6144,3,-0.000322903819324,0.0,6144.0,6144.0,0.0
associative_recall,transformer_publication_20260622T101458Z_associative_recall_seed113,113,fixed_update_scale,marginal_gain_edge,marginal_gain_edge,marginal_gain_edge,False,512,3,-0.5670638233423233,0.23046875,512.0,512.0,0.0
associative_recall,transformer_publication_20260622T101458Z_associative_recall_seed113,113,fixed_update_scale,marginal_gain_edge,marginal_gain_edge,marginal_gain_edge,False,1024,3,-0.17176699452102187,0.0003255208333333333,1024.0,1024.0,0.0
associative_recall,transformer_publication_20260622T101458Z_associative_recall_seed113,113,fixed_update_scale,marginal_gain_edge,marginal_gain_edge,marginal_gain_edge,False,1536,3,-0.010583867474148667,0.0,1536.0,1536.0,0.0
associative_recall,transformer_publication_20260622T101458Z_associative_recall_seed113,113,fixed_update_scale,marginal_gain_edge,marginal_gain_edge,marginal_gain_edge,False,2048,3,-0.0046974612244715325,0.0,1984.0,2048.0,-64.0
associative_recall,transformer_publication_20260622T101458Z_associative_recall_seed113,113,fixed_update_scale,marginal_gain_edge,marginal_gain_edge,marginal_gain_edge,False,3072,3,-0.0013722174335271335,0.0,3008.0,3072.0,-64.0
associative_recall,transformer_publication_20260622T101458Z_associative_recall_seed113,113,fixed_update_scale,marginal_gain_edge,marginal_gain_edge,marginal_gain_edge,False,4096,3,-0.001684335239891267,0.0,4096.0,4096.0,0.0
associative_recall,transformer_publication_20260622T101458Z_associative_recall_seed113,113,fixed_update_scale,marginal_gain_edge,marginal_gain_edge,marginal_gain_edge,False,6144,3,-0.0003182727183836333,0.0,6144.0,6144.0,0.0
associative_recall,transformer_publication_20260622T101458Z_associative_recall_seed113,113,fixed_update_scale,marginal_gain_soft,marginal_gain_soft,marginal_gain_soft,False,512,3,-0.5670638233423233,0.23046875,512.0,512.0,0.0
associative_recall,transformer_publication_20260622T101458Z_associative_recall_seed113,113,fixed_update_scale,marginal_gain_soft,marginal_gain_soft,marginal_gain_soft,False,1024,3,-0.17176699452102187,0.0003255208333333333,1024.0,1024.0,0.0
associative_recall,transformer_publication_20260622T101458Z_associative_recall_seed113,113,fixed_update_scale,marginal_gain_soft,marginal_gain_soft,marginal_gain_soft,False,1536,3,-0.010515513480640934,0.0,1536.0,1536.0,0.0
associative_recall,transformer_publication_20260622T101458Z_associative_recall_seed113,113,fixed_update_scale,marginal_gain_soft,marginal_gain_soft,marginal_gain_soft,False,2048,3,-0.0046974612244715325,0.0,1984.0,2048.0,-64.0
associative_recall,transformer_publication_20260622T101458Z_associative_recall_seed113,113,fixed_update_scale,marginal_gain_soft,marginal_gain_soft,marginal_gain_soft,False,3072,3,-0.0013722174335271335,0.0,3008.0,3072.0,-64.0
associative_recall,transformer_publication_20260622T101458Z_associative_recall_seed113,113,fixed_update_scale,marginal_gain_soft,marginal_gain_soft,marginal_gain_soft,False,4096,3,-0.0016583539933587334,0.0,4096.0,4096.0,0.0
associative_recall,transformer_publication_20260622T101458Z_associative_recall_seed113,113,fixed_update_scale,marginal_gain_soft,marginal_gain_soft,marginal_gain_soft,False,6144,3,-0.0003021222000825333,0.0,6144.0,6144.0,0.0
associative_recall,transformer_publication_20260622T101458Z_associative_recall_seed113,113,fixed_update_scale,soft_dimension,soft_dimension,soft_dimension,True,512,3,-0.40975283458828926,0.14225260416666666,512.0,512.0,0.0
associative_recall,transformer_publication_20260622T101458Z_associative_recall_seed113,113,fixed_update_scale,soft_dimension,soft_dimension,soft_dimension,True,1024,3,-0.1692570426966995,0.0003255208333333333,1024.0,1024.0,0.0
associative_recall,transformer_publication_20260622T101458Z_associative_recall_seed113,113,fixed_update_scale,soft_dimension,soft_dimension,soft_dimension,True,1536,3,-0.006678650252676267,0.0,1536.0,1536.0,0.0
associative_recall,transformer_publication_20260622T101458Z_associative_recall_seed113,113,fixed_update_scale,soft_dimension,soft_dimension,soft_dimension,True,2048,3,-0.003732350198940066,0.0,2048.0,2048.0,0.0
associative_recall,transformer_publication_20260622T101458Z_associative_recall_seed113,113,fixed_update_scale,soft_dimension,soft_dimension,soft_dimension,True,3072,3,-0.00047373765846716676,0.0,3072.0,3072.0,0.0
associative_recall,transformer_publication_20260622T101458Z_associative_recall_seed113,113,fixed_update_scale,soft_dimension,soft_dimension,soft_dimension,True,4096,3,-0.0013214807016387001,0.0,4096.0,4096.0,0.0
associative_recall,transformer_publication_20260622T101458Z_associative_recall_seed113,113,fixed_update_scale,soft_dimension,soft_dimension,soft_dimension,True,6144,3,-9.564860374663339e-05,0.0,6144.0,6144.0,0.0
associative_recall,transformer_publication_20260622T101458Z_associative_recall_seed113,113,fixed_update_scale,uniform,uniform,uniform,False,512,3,10.895030799011389,-0.76953125,0.0,512.0,-512.0
associative_recall,transformer_publication_20260622T101458Z_associative_recall_seed113,113,fixed_update_scale,uniform,uniform,uniform,False,1024,3,11.626275381694237,-0.9996744791666666,0.0,1024.0,-1024.0
associative_recall,transformer_publication_20260622T101458Z_associative_recall_seed113,113,fixed_update_scale,uniform,uniform,uniform,False,1536,3,-0.0005942678156619004,0.0,1408.0,1536.0,-128.0
associative_recall,transformer_publication_20260622T101458Z_associative_recall_seed113,113,fixed_update_scale,uniform,uniform,uniform,False,2048,3,0.0066092305351048335,0.0,1408.0,2048.0,-640.0
associative_recall,transformer_publication_20260622T101458Z_associative_recall_seed113,113,fixed_update_scale,uniform,uniform,uniform,False,3072,3,0.00033125340511709996,0.0,2816.0,3072.0,-256.0
associative_recall,transformer_publication_20260622T101458Z_associative_recall_seed113,113,fixed_update_scale,uniform,uniform,uniform,False,4096,3,0.0010990743661144,0.0,2816.0,4096.0,-1280.0
associative_recall,transformer_publication_20260622T101458Z_associative_recall_seed113,113,fixed_update_scale,uniform,uniform,uniform,False,6144,3,4.03633118064e-05,0.0,5632.0,6144.0,-512.0
associative_recall,transformer_publication_20260622T101458Z_associative_recall_seed113,113,rslora,effective_rank,effective_rank,effective_rank,False,512,3,-0.6194352929790815,0.2109375,512.0,512.0,0.0
associative_recall,transformer_publication_20260622T101458Z_associative_recall_seed113,113,rslora,effective_rank,effective_rank,effective_rank,False,1024,3,-0.51968877556889,0.205078125,1024.0,1024.0,0.0
associative_recall,transformer_publication_20260622T101458Z_associative_recall_seed113,113,rslora,effective_rank,effective_rank,effective_rank,False,1536,3,-0.003063312673475533,0.0,1472.0,1536.0,-64.0
associative_recall,transformer_publication_20260622T101458Z_associative_recall_seed113,113,rslora,effective_rank,effective_rank,effective_rank,False,2048,3,-0.0029441039660014,0.0,2048.0,2048.0,0.0
associative_recall,transformer_publication_20260622T101458Z_associative_recall_seed113,113,rslora,effective_rank,effective_rank,effective_rank,False,3072,3,-0.0009184097337614335,0.0,3072.0,3072.0,0.0
associative_recall,transformer_publication_20260622T101458Z_associative_recall_seed113,113,rslora,effective_rank,effective_rank,effective_rank,False,4096,3,-0.0006662078182368333,0.0,4096.0,4096.0,0.0
associative_recall,transformer_publication_20260622T101458Z_associative_recall_seed113,113,rslora,effective_rank,effective_rank,effective_rank,False,6144,3,-0.00013498438056556666,0.0,6144.0,6144.0,0.0
associative_recall,transformer_publication_20260622T101458Z_associative_recall_seed113,113,rslora,gradient_norm,gradient_norm,gradient_norm,False,512,3,-0.5950815156102182,0.2770182291666667,512.0,512.0,0.0
associative_recall,transformer_publication_20260622T101458Z_associative_recall_seed113,113,rslora,gradient_norm,gradient_norm,gradient_norm,False,1024,3,-0.5120008277396361,0.205078125,960.0,1024.0,-64.0
associative_recall,transformer_publication_20260622T101458Z_associative_recall_seed113,113,rslora,gradient_norm,gradient_norm,gradient_norm,False,1536,3,-0.005954804713837767,0.0,1536.0,1536.0,0.0
associative_recall,transformer_publication_20260622T101458Z_associative_recall_seed113,113,rslora,gradient_norm,gradient_norm,gradient_norm,False,2048,3,-0.003711601893883167,0.0,2048.0,2048.0,0.0
associative_recall,transformer_publication_20260622T101458Z_associative_recall_seed113,113,rslora,gradient_norm,gradient_norm,gradient_norm,False,3072,3,-0.0014305896086929002,0.0,3072.0,3072.0,0.0
associative_recall,transformer_publication_20260622T101458Z_associative_recall_seed113,113,rslora,gradient_norm,gradient_norm,gradient_norm,False,4096,3,-0.0009735744776359334,0.0,4096.0,4096.0,0.0
associative_recall,transformer_publication_20260622T101458Z_associative_recall_seed113,113,rslora,gradient_norm,gradient_norm,gradient_norm,False,6144,3,-0.0002955075979116333,0.0,6144.0,6144.0,0.0
associative_recall,transformer_publication_20260622T101458Z_associative_recall_seed113,113,rslora,marginal_gain_edge,marginal_gain_edge,marginal_gain_edge,False,512,3,-0.6616254722078642,0.2779947916666667,512.0,512.0,0.0
associative_recall,transformer_publication_20260622T101458Z_associative_recall_seed113,113,rslora,marginal_gain_edge,marginal_gain_edge,marginal_gain_edge,False,1024,3,-0.5180694296335181,0.205078125,1024.0,1024.0,0.0
associative_recall,transformer_publication_20260622T101458Z_associative_recall_seed113,113,rslora,marginal_gain_edge,marginal_gain_edge,marginal_gain_edge,False,1536,3,-0.0072687048038157,0.0,1536.0,1536.0,0.0
associative_recall,transformer_publication_20260622T101458Z_associative_recall_seed113,113,rslora,marginal_gain_edge,marginal_gain_edge,marginal_gain_edge,False,2048,3,-0.0034446998324710668,0.0,1984.0,2048.0,-64.0
associative_recall,transformer_publication_20260622T101458Z_associative_recall_seed113,113,rslora,marginal_gain_edge,marginal_gain_edge,marginal_gain_edge,False,3072,3,-0.0014191612135619,0.0,3008.0,3072.0,-64.0
associative_recall,transformer_publication_20260622T101458Z_associative_recall_seed113,113,rslora,marginal_gain_edge,marginal_gain_edge,marginal_gain_edge,False,4096,3,-0.0009072208194993333,0.0,4096.0,4096.0,0.0
associative_recall,transformer_publication_20260622T101458Z_associative_recall_seed113,113,rslora,marginal_gain_edge,marginal_gain_edge,marginal_gain_edge,False,6144,3,-0.00028486719384090005,0.0,6144.0,6144.0,0.0
associative_recall,transformer_publication_20260622T101458Z_associative_recall_seed113,113,rslora,marginal_gain_soft,marginal_gain_soft,marginal_gain_soft,False,512,3,-0.6616254722078642,0.2779947916666667,512.0,512.0,0.0
associative_recall,transformer_publication_20260622T101458Z_associative_recall_seed113,113,rslora,marginal_gain_soft,marginal_gain_soft,marginal_gain_soft,False,1024,3,-0.5180694296335181,0.205078125,1024.0,1024.0,0.0
associative_recall,transformer_publication_20260622T101458Z_associative_recall_seed113,113,rslora,marginal_gain_soft,marginal_gain_soft,marginal_gain_soft,False,1536,3,-0.007381309890964367,0.0,1536.0,1536.0,0.0
associative_recall,transformer_publication_20260622T101458Z_associative_recall_seed113,113,rslora,marginal_gain_soft,marginal_gain_soft,marginal_gain_soft,False,2048,3,-0.0034446998324710668,0.0,1984.0,2048.0,-64.0
associative_recall,transformer_publication_20260622T101458Z_associative_recall_seed113,113,rslora,marginal_gain_soft,marginal_gain_soft,marginal_gain_soft,False,3072,3,-0.0014191612135619,0.0,3008.0,3072.0,-64.0
associative_recall,transformer_publication_20260622T101458Z_associative_recall_seed113,113,rslora,marginal_gain_soft,marginal_gain_soft,marginal_gain_soft,False,4096,3,-0.0008735372830415,0.0,4096.0,4096.0,0.0
associative_recall,transformer_publication_20260622T101458Z_associative_recall_seed113,113,rslora,marginal_gain_soft,marginal_gain_soft,marginal_gain_soft,False,6144,3,-0.00022026341321183338,0.0,6144.0,6144.0,0.0
associative_recall,transformer_publication_20260622T101458Z_associative_recall_seed113,113,rslora,soft_dimension,soft_dimension,soft_dimension,True,512,3,-0.6194352929790815,0.2109375,512.0,512.0,0.0
associative_recall,transformer_publication_20260622T101458Z_associative_recall_seed113,113,rslora,soft_dimension,soft_dimension,soft_dimension,True,1024,3,-0.51968877556889,0.205078125,1024.0,1024.0,0.0
associative_recall,transformer_publication_20260622T101458Z_associative_recall_seed113,113,rslora,soft_dimension,soft_dimension,soft_dimension,True,1536,3,-0.004640218142109566,0.0,1536.0,1536.0,0.0
associative_recall,transformer_publication_20260622T101458Z_associative_recall_seed113,113,rslora,soft_dimension,soft_dimension,soft_dimension,True,2048,3,-0.0029441039660014,0.0,2048.0,2048.0,0.0
associative_recall,transformer_publication_20260622T101458Z_associative_recall_seed113,113,rslora,soft_dimension,soft_dimension,soft_dimension,True,3072,3,-0.0006855038712577335,0.0,3072.0,3072.0,0.0
associative_recall,transformer_publication_20260622T101458Z_associative_recall_seed113,113,rslora,soft_dimension,soft_dimension,soft_dimension,True,4096,3,-0.0006662078182368333,0.0,4096.0,4096.0,0.0
associative_recall,transformer_publication_20260622T101458Z_associative_recall_seed113,113,rslora,soft_dimension,soft_dimension,soft_dimension,True,6144,3,-0.00011748836065336677,0.0,6144.0,6144.0,0.0
associative_recall,transformer_publication_20260622T101458Z_associative_recall_seed113,113,rslora,uniform,uniform,uniform,False,512,3,10.759891385833422,-0.7220052083333334,0.0,512.0,-512.0
associative_recall,transformer_publication_20260622T101458Z_associative_recall_seed113,113,rslora,uniform,uniform,uniform,False,1024,3,11.280574786942452,-0.794921875,0.0,1024.0,-1024.0
associative_recall,transformer_publication_20260622T101458Z_associative_recall_seed113,113,rslora,uniform,uniform,uniform,False,1536,3,-0.00015751412138339908,0.0,1408.0,1536.0,-128.0
associative_recall,transformer_publication_20260622T101458Z_associative_recall_seed113,113,rslora,uniform,uniform,uniform,False,2048,3,0.004367693036329033,0.0,1408.0,2048.0,-640.0
associative_recall,transformer_publication_20260622T101458Z_associative_recall_seed113,113,rslora,uniform,uniform,uniform,False,3072,3,-0.0003739317665653002,0.0,2816.0,3072.0,-256.0
associative_recall,transformer_publication_20260622T101458Z_associative_recall_seed113,113,rslora,uniform,uniform,uniform,False,4096,3,0.0008323848257229333,0.0,2816.0,4096.0,-1280.0
associative_recall,transformer_publication_20260622T101458Z_associative_recall_seed113,113,rslora,uniform,uniform,uniform,False,6144,3,-1.651798568976668e-05,0.0,5632.0,6144.0,-512.0
associative_recall,transformer_publication_20260622T101458Z_associative_recall_seed113,113,standard,effective_rank,effective_rank,effective_rank,False,512,3,-0.7468998593588672,0.21614583333333334,512.0,512.0,0.0
associative_recall,transformer_publication_20260622T101458Z_associative_recall_seed113,113,standard,effective_rank,effective_rank,effective_rank,False,1024,3,-0.5768744275749972,0.251953125,1024.0,1024.0,0.0
associative_recall,transformer_publication_20260622T101458Z_associative_recall_seed113,113,standard,effective_rank,effective_rank,effective_rank,False,1536,3,-0.0045897979483319,0.0,1472.0,1536.0,-64.0
associative_recall,transformer_publication_20260622T101458Z_associative_recall_seed113,113,standard,effective_rank,effective_rank,effective_rank,False,2048,3,-0.0010908421148390333,0.0,2048.0,2048.0,0.0
associative_recall,transformer_publication_20260622T101458Z_associative_recall_seed113,113,standard,effective_rank,effective_rank,effective_rank,False,3072,3,-0.00043122167213969993,0.0,3072.0,3072.0,0.0
associative_recall,transformer_publication_20260622T101458Z_associative_recall_seed113,113,standard,effective_rank,effective_rank,effective_rank,False,4096,3,-0.0006083966242537666,0.0,4096.0,4096.0,0.0
associative_recall,transformer_publication_20260622T101458Z_associative_recall_seed113,113,standard,effective_rank,effective_rank,effective_rank,False,6144,3,-4.2102644025966696e-05,0.0,6144.0,6144.0,0.0
associative_recall,transformer_publication_20260622T101458Z_associative_recall_seed113,113,standard,gradient_norm,gradient_norm,gradient_norm,False,512,3,-0.770178998510043,0.3020833333333333,512.0,512.0,0.0
associative_recall,transformer_publication_20260622T101458Z_associative_recall_seed113,113,standard,gradient_norm,gradient_norm,gradient_norm,False,1024,3,-0.5655694099453589,0.251953125,960.0,1024.0,-64.0
associative_recall,transformer_publication_20260622T101458Z_associative_recall_seed113,113,standard,gradient_norm,gradient_norm,gradient_norm,False,1536,3,-0.006159472007614866,0.0,1536.0,1536.0,0.0
associative_recall,transformer_publication_20260622T101458Z_associative_recall_seed113,113,standard,gradient_norm,gradient_norm,gradient_norm,False,2048,3,-0.0016012401223027002,0.0,2048.0,2048.0,0.0
associative_recall,transformer_publication_20260622T101458Z_associative_recall_seed113,113,standard,gradient_norm,gradient_norm,gradient_norm,False,3072,3,-0.0006518229347420667,0.0,3072.0,3072.0,0.0
associative_recall,transformer_publication_20260622T101458Z_associative_recall_seed113,113,standard,gradient_norm,gradient_norm,gradient_norm,False,4096,3,-0.0007691683034257334,0.0,4096.0,4096.0,0.0
associative_recall,transformer_publication_20260622T101458Z_associative_recall_seed113,113,standard,gradient_norm,gradient_norm,gradient_norm,False,6144,3,-0.00021102044653766665,0.0,6144.0,6144.0,0.0
associative_recall,transformer_publication_20260622T101458Z_associative_recall_seed113,113,standard,marginal_gain_edge,marginal_gain_edge,marginal_gain_edge,False,512,3,-0.7962705505390963,0.3050130208333333,512.0,512.0,0.0
associative_recall,transformer_publication_20260622T101458Z_associative_recall_seed113,113,standard,marginal_gain_edge,marginal_gain_edge,marginal_gain_edge,False,1024,3,-0.5719026500203958,0.251953125,1024.0,1024.0,0.0
associative_recall,transformer_publication_20260622T101458Z_associative_recall_seed113,113,standard,marginal_gain_edge,marginal_gain_edge,marginal_gain_edge,False,1536,3,-0.0059255667438265006,0.0,1536.0,1536.0,0.0
associative_recall,transformer_publication_20260622T101458Z_associative_recall_seed113,113,standard,marginal_gain_edge,marginal_gain_edge,marginal_gain_edge,False,2048,3,-0.0015419214711679668,0.0,1984.0,2048.0,-64.0
associative_recall,transformer_publication_20260622T101458Z_associative_recall_seed113,113,standard,marginal_gain_edge,marginal_gain_edge,marginal_gain_edge,False,3072,3,-0.0005893150519114,0.0,3008.0,3072.0,-64.0
associative_recall,transformer_publication_20260622T101458Z_associative_recall_seed113,113,standard,marginal_gain_edge,marginal_gain_edge,marginal_gain_edge,False,4096,3,-0.0006526398841136333,0.0,4096.0,4096.0,0.0
associative_recall,transformer_publication_20260622T101458Z_associative_recall_seed113,113,standard,marginal_gain_edge,marginal_gain_edge,marginal_gain_edge,False,6144,3,-0.0001454281397552,0.0,6144.0,6144.0,0.0
associative_recall,transformer_publication_20260622T101458Z_associative_recall_seed113,113,standard,marginal_gain_soft,marginal_gain_soft,marginal_gain_soft,False,512,3,-0.7962705505390963,0.3050130208333333,512.0,512.0,0.0
associative_recall,transformer_publication_20260622T101458Z_associative_recall_seed113,113,standard,marginal_gain_soft,marginal_gain_soft,marginal_gain_soft,False,1024,3,-0.5719026500203958,0.251953125,1024.0,1024.0,0.0
associative_recall,transformer_publication_20260622T101458Z_associative_recall_seed113,113,standard,marginal_gain_soft,marginal_gain_soft,marginal_gain_soft,False,1536,3,-0.006359908176818834,0.0,1536.0,1536.0,0.0
associative_recall,transformer_publication_20260622T101458Z_associative_recall_seed113,113,standard,marginal_gain_soft,marginal_gain_soft,marginal_gain_soft,False,2048,3,-0.0015419214711679668,0.0,1984.0,2048.0,-64.0
associative_recall,transformer_publication_20260622T101458Z_associative_recall_seed113,113,standard,marginal_gain_soft,marginal_gain_soft,marginal_gain_soft,False,3072,3,-0.0005893150519114,0.0,3008.0,3072.0,-64.0
associative_recall,transformer_publication_20260622T101458Z_associative_recall_seed113,113,standard,marginal_gain_soft,marginal_gain_soft,marginal_gain_soft,False,4096,3,-0.0007007267558947332,0.0,4096.0,4096.0,0.0
associative_recall,transformer_publication_20260622T101458Z_associative_recall_seed113,113,standard,marginal_gain_soft,marginal_gain_soft,marginal_gain_soft,False,6144,3,-9.519945888313327e-05,0.0,6144.0,6144.0,0.0
associative_recall,transformer_publication_20260622T101458Z_associative_recall_seed113,113,standard,soft_dimension,soft_dimension,soft_dimension,True,512,3,-0.7468998593588672,0.21614583333333334,512.0,512.0,0.0
associative_recall,transformer_publication_20260622T101458Z_associative_recall_seed113,113,standard,soft_dimension,soft_dimension,soft_dimension,True,1024,3,-0.5768744275749972,0.251953125,1024.0,1024.0,0.0
associative_recall,transformer_publication_20260622T101458Z_associative_recall_seed113,113,standard,soft_dimension,soft_dimension,soft_dimension,True,1536,3,0.0029287885990925324,0.0,1536.0,1536.0,0.0
associative_recall,transformer_publication_20260622T101458Z_associative_recall_seed113,113,standard,soft_dimension,soft_dimension,soft_dimension,True,2048,3,-0.0010908421148390333,0.0,2048.0,2048.0,0.0
associative_recall,transformer_publication_20260622T101458Z_associative_recall_seed113,113,standard,soft_dimension,soft_dimension,soft_dimension,True,3072,3,-0.0001190410160537001,0.0,3072.0,3072.0,0.0
associative_recall,transformer_publication_20260622T101458Z_associative_recall_seed113,113,standard,soft_dimension,soft_dimension,soft_dimension,True,4096,3,-0.0006083966242537666,0.0,4096.0,4096.0,0.0
associative_recall,transformer_publication_20260622T101458Z_associative_recall_seed113,113,standard,soft_dimension,soft_dimension,soft_dimension,True,6144,3,-1.7669755228166568e-05,0.0,6144.0,6144.0,0.0
associative_recall,transformer_publication_20260622T101458Z_associative_recall_seed113,113,standard,uniform,uniform,uniform,False,512,3,10.598973110318184,-0.6949869791666666,0.0,512.0,-512.0
associative_recall,transformer_publication_20260622T101458Z_associative_recall_seed113,113,standard,uniform,uniform,uniform,False,1024,3,11.226994330218682,-0.748046875,0.0,1024.0,-1024.0
associative_recall,transformer_publication_20260622T101458Z_associative_recall_seed113,113,standard,uniform,uniform,uniform,False,1536,3,-0.0006938226482210005,0.0,1408.0,1536.0,-128.0
associative_recall,transformer_publication_20260622T101458Z_associative_recall_seed113,113,standard,uniform,uniform,uniform,False,2048,3,0.003861885032771834,0.0,1408.0,2048.0,-640.0
associative_recall,transformer_publication_20260622T101458Z_associative_recall_seed113,113,standard,uniform,uniform,uniform,False,3072,3,0.00012192442954986678,0.0,2816.0,3072.0,-256.0
associative_recall,transformer_publication_20260622T101458Z_associative_recall_seed113,113,standard,uniform,uniform,uniform,False,4096,3,0.0007027148482545001,0.0,2816.0,4096.0,-1280.0
associative_recall,transformer_publication_20260622T101458Z_associative_recall_seed113,113,standard,uniform,uniform,uniform,False,6144,3,6.253928101333389e-06,0.0,5632.0,6144.0,-512.0
modular,transformer_publication_20260622T101458Z_modular_seed101,101,fixed_update_scale,effective_rank,effective_rank,effective_rank,False,512,3,0.20747105689913795,-0.05480402358654176,448.0,512.0,-64.0
modular,transformer_publication_20260622T101458Z_modular_seed101,101,fixed_update_scale,effective_rank,effective_rank,effective_rank,False,1024,3,0.003854243069282433,0.0,1024.0,960.0,64.0
modular,transformer_publication_20260622T101458Z_modular_seed101,101,fixed_update_scale,effective_rank,effective_rank,effective_rank,False,1536,3,0.0040059572795133,0.0,1472.0,1536.0,-64.0
modular,transformer_publication_20260622T101458Z_modular_seed101,101,fixed_update_scale,effective_rank,effective_rank,effective_rank,False,2048,3,-0.00020434853158559906,0.0,2048.0,1920.0,128.0
modular,transformer_publication_20260622T101458Z_modular_seed101,101,fixed_update_scale,effective_rank,effective_rank,effective_rank,False,3072,3,-0.00012712006900036672,0.0,3072.0,3072.0,0.0
modular,transformer_publication_20260622T101458Z_modular_seed101,101,fixed_update_scale,effective_rank,effective_rank,effective_rank,False,4096,3,-0.00027163840243690004,0.0,4096.0,3840.0,256.0
modular,transformer_publication_20260622T101458Z_modular_seed101,101,fixed_update_scale,gradient_norm,gradient_norm,gradient_norm,False,512,3,0.09204781466873413,-0.037807839056538395,448.0,512.0,-64.0
modular,transformer_publication_20260622T101458Z_modular_seed101,101,fixed_update_scale,gradient_norm,gradient_norm,gradient_norm,False,1024,3,0.0212746075704368,-0.0006937218175511924,1024.0,960.0,64.0
modular,transformer_publication_20260622T101458Z_modular_seed101,101,fixed_update_scale,gradient_norm,gradient_norm,gradient_norm,False,1536,3,0.0074971491930295,0.0,1472.0,1536.0,-64.0
modular,transformer_publication_20260622T101458Z_modular_seed101,101,fixed_update_scale,gradient_norm,gradient_norm,gradient_norm,False,2048,3,0.002440409029327134,0.0,2048.0,1920.0,128.0
modular,transformer_publication_20260622T101458Z_modular_seed101,101,fixed_update_scale,gradient_norm,gradient_norm,gradient_norm,False,3072,3,-0.0002583392493251003,0.0,3072.0,3072.0,0.0
modular,transformer_publication_20260622T101458Z_modular_seed101,101,fixed_update_scale,gradient_norm,gradient_norm,gradient_norm,False,4096,3,0.0005554132930097001,0.0,4096.0,3840.0,256.0
modular,transformer_publication_20260622T101458Z_modular_seed101,101,fixed_update_scale,marginal_gain_edge,marginal_gain_edge,marginal_gain_edge,False,512,3,-0.021721677325518624,0.009712105445716324,512.0,512.0,0.0
modular,transformer_publication_20260622T101458Z_modular_seed101,101,fixed_update_scale,marginal_gain_edge,marginal_gain_edge,marginal_gain_edge,False,1024,3,0.008387632633130067,0.0,1024.0,960.0,64.0
modular,transformer_publication_20260622T101458Z_modular_seed101,101,fixed_update_scale,marginal_gain_edge,marginal_gain_edge,marginal_gain_edge,False,1536,3,0.004542730605546966,0.0,1536.0,1536.0,0.0
modular,transformer_publication_20260622T101458Z_modular_seed101,101,fixed_update_scale,marginal_gain_edge,marginal_gain_edge,marginal_gain_edge,False,2048,3,0.0018869803299687339,0.0,2048.0,1920.0,128.0
modular,transformer_publication_20260622T101458Z_modular_seed101,101,fixed_update_scale,marginal_gain_edge,marginal_gain_edge,marginal_gain_edge,False,3072,3,0.001184416051658133,0.0,3072.0,3072.0,0.0
modular,transformer_publication_20260622T101458Z_modular_seed101,101,fixed_update_scale,marginal_gain_edge,marginal_gain_edge,marginal_gain_edge,False,4096,3,0.0010317758472259662,0.0,4096.0,3840.0,256.0
modular,transformer_publication_20260622T101458Z_modular_seed101,101,fixed_update_scale,marginal_gain_soft,marginal_gain_soft,marginal_gain_soft,False,512,3,-0.05277949037431553,0.01768990634755463,512.0,512.0,0.0
modular,transformer_publication_20260622T101458Z_modular_seed101,101,fixed_update_scale,marginal_gain_soft,marginal_gain_soft,marginal_gain_soft,False,1024,3,0.008387632633130067,0.0,1024.0,960.0,64.0
modular,transformer_publication_20260622T101458Z_modular_seed101,101,fixed_update_scale,marginal_gain_soft,marginal_gain_soft,marginal_gain_soft,False,1536,3,0.0038726480966521323,0.0,1536.0,1536.0,0.0
modular,transformer_publication_20260622T101458Z_modular_seed101,101,fixed_update_scale,marginal_gain_soft,marginal_gain_soft,marginal_gain_soft,False,2048,3,0.0018869803299687339,0.0,2048.0,1920.0,128.0
modular,transformer_publication_20260622T101458Z_modular_seed101,101,fixed_update_scale,marginal_gain_soft,marginal_gain_soft,marginal_gain_soft,False,3072,3,0.001184416051658133,0.0,3072.0,3072.0,0.0
modular,transformer_publication_20260622T101458Z_modular_seed101,101,fixed_update_scale,marginal_gain_soft,marginal_gain_soft,marginal_gain_soft,False,4096,3,0.0010317758472259662,0.0,4096.0,3840.0,256.0
modular,transformer_publication_20260622T101458Z_modular_seed101,101,fixed_update_scale,soft_dimension,soft_dimension,soft_dimension,True,512,3,0.15699855037914814,-0.04474505723204991,512.0,512.0,0.0
modular,transformer_publication_20260622T101458Z_modular_seed101,101,fixed_update_scale,soft_dimension,soft_dimension,soft_dimension,True,1024,3,0.003854243069282433,0.0,1024.0,960.0,64.0
modular,transformer_publication_20260622T101458Z_modular_seed101,101,fixed_update_scale,soft_dimension,soft_dimension,soft_dimension,True,1536,3,0.0013855852783010672,0.0,1536.0,1536.0,0.0
modular,transformer_publication_20260622T101458Z_modular_seed101,101,fixed_update_scale,soft_dimension,soft_dimension,soft_dimension,True,2048,3,-0.00016572067505666623,0.0,2048.0,1920.0,128.0
modular,transformer_publication_20260622T101458Z_modular_seed101,101,fixed_update_scale,soft_dimension,soft_dimension,soft_dimension,True,3072,3,-1.227953595613323e-05,0.0,3072.0,3072.0,0.0
modular,transformer_publication_20260622T101458Z_modular_seed101,101,fixed_update_scale,soft_dimension,soft_dimension,soft_dimension,True,4096,3,-0.00027163840243690004,0.0,4096.0,3840.0,256.0
modular,transformer_publication_20260622T101458Z_modular_seed101,101,fixed_update_scale,uniform,uniform,uniform,False,512,3,7.231778087319907,-0.9646201873048907,0.0,512.0,-512.0
modular,transformer_publication_20260622T101458Z_modular_seed101,101,fixed_update_scale,uniform,uniform,uniform,False,1024,3,7.389011604398065,-1.0,0.0,960.0,-960.0
modular,transformer_publication_20260622T101458Z_modular_seed101,101,fixed_update_scale,uniform,uniform,uniform,False,1536,3,0.0080030234482112,0.0,1152.0,1536.0,-384.0
modular,transformer_publication_20260622T101458Z_modular_seed101,101,fixed_update_scale,uniform,uniform,uniform,False,2048,3,0.0093629218491283,0.0,1152.0,1920.0,-768.0
modular,transformer_publication_20260622T101458Z_modular_seed101,101,fixed_update_scale,uniform,uniform,uniform,False,3072,3,0.0011410194845172994,0.0,2304.0,3072.0,-768.0
modular,transformer_publication_20260622T101458Z_modular_seed101,101,fixed_update_scale,uniform,uniform,uniform,False,4096,3,0.0020082697241289,0.0,2304.0,3840.0,-1536.0
modular,transformer_publication_20260622T101458Z_modular_seed101,101,rslora,effective_rank,effective_rank,effective_rank,False,512,3,0.22922752914931518,-0.06278182448838014,448.0,512.0,-64.0
modular,transformer_publication_20260622T101458Z_modular_seed101,101,rslora,effective_rank,effective_rank,effective_rank,False,1024,3,0.0010851400752851688,0.0003468609087755962,1024.0,960.0,64.0
modular,transformer_publication_20260622T101458Z_modular_seed101,101,rslora,effective_rank,effective_rank,effective_rank,False,1536,3,0.0025522082819863334,0.0,1472.0,1536.0,-64.0
modular,transformer_publication_20260622T101458Z_modular_seed101,101,rslora,effective_rank,effective_rank,effective_rank,False,2048,3,-0.0004707275367458995,0.0,2048.0,1920.0,128.0
modular,transformer_publication_20260622T101458Z_modular_seed101,101,rslora,effective_rank,effective_rank,effective_rank,False,3072,3,1.137446873133331e-05,0.0,3072.0,3072.0,0.0
modular,transformer_publication_20260622T101458Z_modular_seed101,101,rslora,effective_rank,effective_rank,effective_rank,False,4096,3,-0.00010836787733106672,0.0,4096.0,3840.0,256.0
modular,transformer_publication_20260622T101458Z_modular_seed101,101,rslora,gradient_norm,gradient_norm,gradient_norm,False,512,3,0.10091973223022153,-0.03537981269510926,448.0,512.0,-64.0
modular,transformer_publication_20260622T101458Z_modular_seed101,101,rslora,gradient_norm,gradient_norm,gradient_norm,False,1024,3,0.022305534710636604,-0.001734304543877981,1024.0,960.0,64.0
modular,transformer_publication_20260622T101458Z_modular_seed101,101,rslora,gradient_norm,gradient_norm,gradient_norm,False,1536,3,0.0107634619109015,0.0,1472.0,1536.0,-64.0
modular,transformer_publication_20260622T101458Z_modular_seed101,101,rslora,gradient_norm,gradient_norm,gradient_norm,False,2048,3,0.0015716794174019,0.0,2048.0,1920.0,128.0
modular,transformer_publication_20260622T101458Z_modular_seed101,101,rslora,gradient_norm,gradient_norm,gradient_norm,False,3072,3,-6.0319477815633356e-05,0.0,3072.0,3072.0,0.0
modular,transformer_publication_20260622T101458Z_modular_seed101,101,rslora,gradient_norm,gradient_norm,gradient_norm,False,4096,3,0.0007187874905023334,0.0,4096.0,3840.0,256.0
modular,transformer_publication_20260622T101458Z_modular_seed101,101,rslora,marginal_gain_edge,marginal_gain_edge,marginal_gain_edge,False,512,3,0.006009878030552705,0.0006937218175511924,512.0,512.0,0.0
modular,transformer_publication_20260622T101458Z_modular_seed101,101,rslora,marginal_gain_edge,marginal_gain_edge,marginal_gain_edge,False,1024,3,0.005024212802444702,0.0,1024.0,960.0,64.0
modular,transformer_publication_20260622T101458Z_modular_seed101,101,rslora,marginal_gain_edge,marginal_gain_edge,marginal_gain_edge,False,1536,3,0.0034738827414069005,0.0,1536.0,1536.0,0.0
modular,transformer_publication_20260622T101458Z_modular_seed101,101,rslora,marginal_gain_edge,marginal_gain_edge,marginal_gain_edge,False,2048,3,0.0020451849873073997,0.0,2048.0,1920.0,128.0
modular,transformer_publication_20260622T101458Z_modular_seed101,101,rslora,marginal_gain_edge,marginal_gain_edge,marginal_gain_edge,False,3072,3,0.0012631528228107998,0.0,3072.0,3072.0,0.0
modular,transformer_publication_20260622T101458Z_modular_seed101,101,rslora,marginal_gain_edge,marginal_gain_edge,marginal_gain_edge,False,4096,3,0.0009800098770844999,0.0,4096.0,3840.0,256.0
modular,transformer_publication_20260622T101458Z_modular_seed101,101,rslora,marginal_gain_soft,marginal_gain_soft,marginal_gain_soft,False,512,3,-0.029833456492965676,0.015261879986125604,512.0,512.0,0.0
modular,transformer_publication_20260622T101458Z_modular_seed101,101,rslora,marginal_gain_soft,marginal_gain_soft,marginal_gain_soft,False,1024,3,0.005024212802444702,0.0,1024.0,960.0,64.0
modular,transformer_publication_20260622T101458Z_modular_seed101,101,rslora,marginal_gain_soft,marginal_gain_soft,marginal_gain_soft,False,1536,3,0.004056341336872766,0.0,1536.0,1536.0,0.0
modular,transformer_publication_20260622T101458Z_modular_seed101,101,rslora,marginal_gain_soft,marginal_gain_soft,marginal_gain_soft,False,2048,3,0.0020451849873073997,0.0,2048.0,1920.0,128.0
modular,transformer_publication_20260622T101458Z_modular_seed101,101,rslora,marginal_gain_soft,marginal_gain_soft,marginal_gain_soft,False,3072,3,0.0012631528228107998,0.0,3072.0,3072.0,0.0
modular,transformer_publication_20260622T101458Z_modular_seed101,101,rslora,marginal_gain_soft,marginal_gain_soft,marginal_gain_soft,False,4096,3,0.0009800098770844999,0.0,4096.0,3840.0,256.0
modular,transformer_publication_20260622T101458Z_modular_seed101,101,rslora,soft_dimension,soft_dimension,soft_dimension,True,512,3,0.1727434543842993,-0.04439819632327439,512.0,512.0,0.0
modular,transformer_publication_20260622T101458Z_modular_seed101,101,rslora,soft_dimension,soft_dimension,soft_dimension,True,1024,3,0.0010851400752851688,0.0003468609087755962,1024.0,960.0,64.0
modular,transformer_publication_20260622T101458Z_modular_seed101,101,rslora,soft_dimension,soft_dimension,soft_dimension,True,1536,3,0.0023373867105014336,0.0,1536.0,1536.0,0.0
modular,transformer_publication_20260622T101458Z_modular_seed101,101,rslora,soft_dimension,soft_dimension,soft_dimension,True,2048,3,-0.00044849076047613336,0.0,2048.0,1920.0,128.0
modular,transformer_publication_20260622T101458Z_modular_seed101,101,rslora,soft_dimension,soft_dimension,soft_dimension,True,3072,3,0.00011809926497496671,0.0,3072.0,3072.0,0.0
modular,transformer_publication_20260622T101458Z_modular_seed101,101,rslora,soft_dimension,soft_dimension,soft_dimension,True,4096,3,-0.00010836787733106672,0.0,4096.0,3840.0,256.0
modular,transformer_publication_20260622T101458Z_modular_seed101,101,rslora,uniform,uniform,uniform,False,512,3,7.245967874076686,-0.9646201873048907,0.0,512.0,-512.0
modular,transformer_publication_20260622T101458Z_modular_seed101,101,rslora,uniform,uniform,uniform,False,1024,3,7.381457519286903,-0.9993062781824488,0.0,960.0,-960.0
modular,transformer_publication_20260622T101458Z_modular_seed101,101,rslora,uniform,uniform,uniform,False,1536,3,0.013712152619363233,-0.0006937218175511924,1152.0,1536.0,-384.0
modular,transformer_publication_20260622T101458Z_modular_seed101,101,rslora,uniform,uniform,uniform,False,2048,3,0.02877090354244917,-0.0013874436351023849,1152.0,1920.0,-768.0
modular,transformer_publication_20260622T101458Z_modular_seed101,101,rslora,uniform,uniform,uniform,False,3072,3,0.0010445501026705335,0.0,2304.0,3072.0,-768.0
modular,transformer_publication_20260622T101458Z_modular_seed101,101,rslora,uniform,uniform,uniform,False,4096,3,0.0016346405509974672,0.0,2304.0,3840.0,-1536.0
modular,transformer_publication_20260622T101458Z_modular_seed101,101,standard,effective_rank,effective_rank,effective_rank,False,512,3,0.26098774146628473,-0.07977800901838361,448.0,512.0,-64.0
modular,transformer_publication_20260622T101458Z_modular_seed101,101,standard,effective_rank,effective_rank,effective_rank,False,1024,3,-0.014258114491181402,0.007977800901838306,1024.0,960.0,64.0
modular,transformer_publication_20260622T101458Z_modular_seed101,101,standard,effective_rank,effective_rank,effective_rank,False,1536,3,0.003979693814605635,0.0003468609087755962,1472.0,1536.0,-64.0
modular,transformer_publication_20260622T101458Z_modular_seed101,101,standard,effective_rank,effective_rank,effective_rank,False,2048,3,-0.0045901880335635,0.0,2048.0,1920.0,128.0
modular,transformer_publication_20260622T101458Z_modular_seed101,101,standard,effective_rank,effective_rank,effective_rank,False,3072,3,0.0078041021821311654,-0.0006937218175511924,3072.0,3072.0,0.0
modular,transformer_publication_20260622T101458Z_modular_seed101,101,standard,effective_rank,effective_rank,effective_rank,False,4096,3,-0.00014344145528693338,0.0,4096.0,3840.0,256.0
modular,transformer_publication_20260622T101458Z_modular_seed101,101,standard,gradient_norm,gradient_norm,gradient_norm,False,512,3,0.07010192007208879,-0.029483177245924346,448.0,512.0,-64.0
modular,transformer_publication_20260622T101458Z_modular_seed101,101,standard,gradient_norm,gradient_norm,gradient_norm,False,1024,3,-0.002934341958846403,0.003468609087755814,1024.0,960.0,64.0
modular,transformer_publication_20260622T101458Z_modular_seed101,101,standard,gradient_norm,gradient_norm,gradient_norm,False,1536,3,0.008286789243771466,-0.00346860908775574,1472.0,1536.0,-64.0
modular,transformer_publication_20260622T101458Z_modular_seed101,101,standard,gradient_norm,gradient_norm,gradient_norm,False,2048,3,0.0033288465701676664,0.0,2048.0,1920.0,128.0
modular,transformer_publication_20260622T101458Z_modular_seed101,101,standard,gradient_norm,gradient_norm,gradient_norm,False,3072,3,-0.00048548743232796655,0.0,3072.0,3072.0,0.0
modular,transformer_publication_20260622T101458Z_modular_seed101,101,standard,gradient_norm,gradient_norm,gradient_norm,False,4096,3,0.0008752780320058665,0.0,4096.0,3840.0,256.0
modular,transformer_publication_20260622T101458Z_modular_seed101,101,standard,marginal_gain_edge,marginal_gain_edge,marginal_gain_edge,False,512,3,-0.035748199481249604,0.010752688172043076,512.0,512.0,0.0
modular,transformer_publication_20260622T101458Z_modular_seed101,101,standard,marginal_gain_edge,marginal_gain_edge,marginal_gain_edge,False,1024,3,-0.009526791868319834,0.006243496357960547,1024.0,960.0,64.0
modular,transformer_publication_20260622T101458Z_modular_seed101,101,standard,marginal_gain_edge,marginal_gain_edge,marginal_gain_edge,False,1536,3,0.007185395200359867,-0.003468609087755851,1536.0,1536.0,0.0
modular,transformer_publication_20260622T101458Z_modular_seed101,101,standard,marginal_gain_edge,marginal_gain_edge,marginal_gain_edge,False,2048,3,-0.0026418961021833338,0.0,2048.0,1920.0,128.0
modular,transformer_publication_20260622T101458Z_modular_seed101,101,standard,marginal_gain_edge,marginal_gain_edge,marginal_gain_edge,False,3072,3,0.00027958818905486654,0.0,3072.0,3072.0,0.0
modular,transformer_publication_20260622T101458Z_modular_seed101,101,standard,marginal_gain_edge,marginal_gain_edge,marginal_gain_edge,False,4096,3,0.0011744916337621996,0.0,4096.0,3840.0,256.0
modular,transformer_publication_20260622T101458Z_modular_seed101,101,standard,marginal_gain_soft,marginal_gain_soft,marginal_gain_soft,False,512,3,-0.06226450149028037,0.02705515088449532,512.0,512.0,0.0
modular,transformer_publication_20260622T101458Z_modular_seed101,101,standard,marginal_gain_soft,marginal_gain_soft,marginal_gain_soft,False,1024,3,-0.009526791868319834,0.006243496357960547,1024.0,960.0,64.0
modular,transformer_publication_20260622T101458Z_modular_seed101,101,standard,marginal_gain_soft,marginal_gain_soft,marginal_gain_soft,False,1536,3,-0.011833826712475732,0.0006937218175511924,1536.0,1536.0,0.0
modular,transformer_publication_20260622T101458Z_modular_seed101,101,standard,marginal_gain_soft,marginal_gain_soft,marginal_gain_soft,False,2048,3,-0.0026418961021833338,0.0,2048.0,1920.0,128.0
modular,transformer_publication_20260622T101458Z_modular_seed101,101,standard,marginal_gain_soft,marginal_gain_soft,marginal_gain_soft,False,3072,3,0.00027958818905486654,0.0,3072.0,3072.0,0.0
modular,transformer_publication_20260622T101458Z_modular_seed101,101,standard,marginal_gain_soft,marginal_gain_soft,marginal_gain_soft,False,4096,3,0.0011744916337621996,0.0,4096.0,3840.0,256.0
modular,transformer_publication_20260622T101458Z_modular_seed101,101,standard,soft_dimension,soft_dimension,soft_dimension,True,512,3,0.13216982917822032,-0.03329864724245576,512.0,512.0,0.0
modular,transformer_publication_20260622T101458Z_modular_seed101,101,standard,soft_dimension,soft_dimension,soft_dimension,True,1024,3,-0.014258114491181402,0.007977800901838306,1024.0,960.0,64.0
modular,transformer_publication_20260622T101458Z_modular_seed101,101,standard,soft_dimension,soft_dimension,soft_dimension,True,1536,3,-0.004399837575209332,0.0006937218175511924,1536.0,1536.0,0.0
modular,transformer_publication_20260622T101458Z_modular_seed101,101,standard,soft_dimension,soft_dimension,soft_dimension,True,2048,3,0.0026470529060246347,-0.0003468609087755962,2048.0,1920.0,128.0
modular,transformer_publication_20260622T101458Z_modular_seed101,101,standard,soft_dimension,soft_dimension,soft_dimension,True,3072,3,-0.0004480107429951331,0.0,3072.0,3072.0,0.0
modular,transformer_publication_20260622T101458Z_modular_seed101,101,standard,soft_dimension,soft_dimension,soft_dimension,True,4096,3,-0.00014344145528693338,0.0,4096.0,3840.0,256.0
modular,transformer_publication_20260622T101458Z_modular_seed101,101,standard,uniform,uniform,uniform,False,512,3,7.203513432719251,-0.9507457509538675,0.0,512.0,-512.0
modular,transformer_publication_20260622T101458Z_modular_seed101,101,standard,uniform,uniform,uniform,False,1024,3,7.32925243145795,-0.9861255636489767,0.0,960.0,-960.0
modular,transformer_publication_20260622T101458Z_modular_seed101,101,standard,uniform,uniform,uniform,False,1536,3,0.028417498593038066,-0.007630939993062784,1152.0,1536.0,-384.0
modular,transformer_publication_20260622T101458Z_modular_seed101,101,standard,uniform,uniform,uniform,False,2048,3,0.055271873651172566,-0.010752688172043001,1152.0,1920.0,-768.0
modular,transformer_publication_20260622T101458Z_modular_seed101,101,standard,uniform,uniform,uniform,False,3072,3,0.006517898742473934,-0.0006937218175511924,2304.0,3072.0,-768.0
modular,transformer_publication_20260622T101458Z_modular_seed101,101,standard,uniform,uniform,uniform,False,4096,3,0.001494918584706,0.0,2304.0,3840.0,-1536.0
modular,transformer_publication_20260622T101458Z_modular_seed103,103,fixed_update_scale,effective_rank,effective_rank,effective_rank,False,512,3,0.1815994451164248,-0.07249392993409644,512.0,512.0,0.0
modular,transformer_publication_20260622T101458Z_modular_seed103,103,fixed_update_scale,effective_rank,effective_rank,effective_rank,False,1024,3,0.023402450277372828,0.010058966354491808,1024.0,960.0,64.0
modular,transformer_publication_20260622T101458Z_modular_seed103,103,fixed_update_scale,effective_rank,effective_rank,effective_rank,False,1536,3,0.032723909610267964,0.014568158168574374,1536.0,1536.0,0.0
modular,transformer_publication_20260622T101458Z_modular_seed103,103,fixed_update_scale,effective_rank,effective_rank,effective_rank,False,2048,3,-0.01625084234036554,0.01144640998959423,2048.0,1920.0,128.0
modular,transformer_publication_20260622T101458Z_modular_seed103,103,fixed_update_scale,effective_rank,effective_rank,effective_rank,False,3072,3,-0.035300673540272005,0.007284079084287261,3072.0,3072.0,0.0
modular,transformer_publication_20260622T101458Z_modular_seed103,103,fixed_update_scale,effective_rank,effective_rank,effective_rank,False,4096,3,-0.034851771929571666,0.006937218175511554,4096.0,3840.0,256.0
modular,transformer_publication_20260622T101458Z_modular_seed103,103,fixed_update_scale,gradient_norm,gradient_norm,gradient_norm,False,512,3,0.07252613719949445,-0.02185223725286156,512.0,512.0,0.0
modular,transformer_publication_20260622T101458Z_modular_seed103,103,fixed_update_scale,gradient_norm,gradient_norm,gradient_norm,False,1024,3,0.01967990816032313,0.01630246271245228,1024.0,960.0,64.0
modular,transformer_publication_20260622T101458Z_modular_seed103,103,fixed_update_scale,gradient_norm,gradient_norm,gradient_norm,False,1536,3,0.03933587405692355,0.015261879986125604,1472.0,1536.0,-64.0
modular,transformer_publication_20260622T101458Z_modular_seed103,103,fixed_update_scale,gradient_norm,gradient_norm,gradient_norm,False,2048,3,-0.002660191843710672,0.010058966354491883,2048.0,1920.0,128.0
modular,transformer_publication_20260622T101458Z_modular_seed103,103,fixed_update_scale,gradient_norm,gradient_norm,gradient_norm,False,3072,3,-0.02269828383640581,0.014915019077349934,3072.0,3072.0,0.0
modular,transformer_publication_20260622T101458Z_modular_seed103,103,fixed_update_scale,gradient_norm,gradient_norm,gradient_norm,False,4096,3,-0.03870758047812603,0.00728407908428715,4096.0,3840.0,256.0
modular,transformer_publication_20260622T101458Z_modular_seed103,103,fixed_update_scale,marginal_gain_edge,marginal_gain_edge,marginal_gain_edge,False,512,3,-0.005542806606511075,0.0027748872702046587,512.0,512.0,0.0
modular,transformer_publication_20260622T101458Z_modular_seed103,103,fixed_update_scale,marginal_gain_edge,marginal_gain_edge,marginal_gain_edge,False,1024,3,-0.05229830373875847,0.02740201179327088,1024.0,960.0,64.0
modular,transformer_publication_20260622T101458Z_modular_seed103,103,fixed_update_scale,marginal_gain_edge,marginal_gain_edge,marginal_gain_edge,False,1536,3,0.07132211900237034,-0.026014568158168532,1472.0,1536.0,-64.0
modular,transformer_publication_20260622T101458Z_modular_seed103,103,fixed_update_scale,marginal_gain_edge,marginal_gain_edge,marginal_gain_edge,False,2048,3,-0.013673720666198699,0.0006937218175512294,1984.0,1920.0,64.0
modular,transformer_publication_20260622T101458Z_modular_seed103,103,fixed_update_scale,marginal_gain_edge,marginal_gain_edge,marginal_gain_edge,False,3072,3,-0.05245118849741848,0.017343045438778997,3072.0,3072.0,0.0
modular,transformer_publication_20260622T101458Z_modular_seed103,103,fixed_update_scale,marginal_gain_edge,marginal_gain_edge,marginal_gain_edge,False,4096,3,-0.034851771929571666,0.006937218175511554,4096.0,3840.0,256.0
modular,transformer_publication_20260622T101458Z_modular_seed103,103,fixed_update_scale,marginal_gain_soft,marginal_gain_soft,marginal_gain_soft,False,512,3,-0.005542806606511075,0.0027748872702046587,512.0,512.0,0.0
modular,transformer_publication_20260622T101458Z_modular_seed103,103,fixed_update_scale,marginal_gain_soft,marginal_gain_soft,marginal_gain_soft,False,1024,3,-0.05229830373875847,0.02740201179327088,1024.0,960.0,64.0
modular,transformer_publication_20260622T101458Z_modular_seed103,103,fixed_update_scale,marginal_gain_soft,marginal_gain_soft,marginal_gain_soft,False,1536,3,0.05085553868214702,-0.011793270898369642,1472.0,1536.0,-64.0
modular,transformer_publication_20260622T101458Z_modular_seed103,103,fixed_update_scale,marginal_gain_soft,marginal_gain_soft,marginal_gain_soft,False,2048,3,-0.013673720666198699,0.0006937218175512294,1984.0,1920.0,64.0
modular,transformer_publication_20260622T101458Z_modular_seed103,103,fixed_update_scale,marginal_gain_soft,marginal_gain_soft,marginal_gain_soft,False,3072,3,-0.0050724098769650465,0.0013874436351023478,3072.0,3072.0,0.0
modular,transformer_publication_20260622T101458Z_modular_seed103,103,fixed_update_scale,marginal_gain_soft,marginal_gain_soft,marginal_gain_soft,False,4096,3,-0.034851771929571666,0.006937218175511554,4096.0,3840.0,256.0
modular,transformer_publication_20260622T101458Z_modular_seed103,103,fixed_update_scale,soft_dimension,soft_dimension,soft_dimension,True,512,3,0.1815994451164248,-0.07249392993409644,512.0,512.0,0.0
modular,transformer_publication_20260622T101458Z_modular_seed103,103,fixed_update_scale,soft_dimension,soft_dimension,soft_dimension,True,1024,3,0.015188597470904397,0.005896635449184839,1024.0,960.0,64.0
modular,transformer_publication_20260622T101458Z_modular_seed103,103,fixed_update_scale,soft_dimension,soft_dimension,soft_dimension,True,1536,3,-0.00106787468632021,0.026708289975719685,1536.0,1536.0,0.0
modular,transformer_publication_20260622T101458Z_modular_seed103,103,fixed_update_scale,soft_dimension,soft_dimension,soft_dimension,True,2048,3,-0.01625084234036554,0.01144640998959423,2048.0,1920.0,128.0
modular,transformer_publication_20260622T101458Z_modular_seed103,103,fixed_update_scale,soft_dimension,soft_dimension,soft_dimension,True,3072,3,-0.026360834049053844,0.015608740894901016,3072.0,3072.0,0.0
modular,transformer_publication_20260622T101458Z_modular_seed103,103,fixed_update_scale,soft_dimension,soft_dimension,soft_dimension,True,4096,3,-0.034851771929571666,0.006937218175511554,4096.0,3840.0,256.0
modular,transformer_publication_20260622T101458Z_modular_seed103,103,fixed_update_scale,uniform,uniform,uniform,False,512,3,8.657412218501738,-0.5650364203954213,0.0,512.0,-512.0
modular,transformer_publication_20260622T101458Z_modular_seed103,103,fixed_update_scale,uniform,uniform,uniform,False,1024,3,9.437347871807354,-0.804717308359348,0.0,960.0,-960.0
modular,transformer_publication_20260622T101458Z_modular_seed103,103,fixed_update_scale,uniform,uniform,uniform,False,1536,3,0.12954960706082638,-0.039889004509191785,1152.0,1536.0,-384.0
modular,transformer_publication_20260622T101458Z_modular_seed103,103,fixed_update_scale,uniform,uniform,uniform,False,2048,3,0.2476024248359768,-0.08879639264654875,1152.0,1920.0,-768.0
modular,transformer_publication_20260622T101458Z_modular_seed103,103,fixed_update_scale,uniform,uniform,uniform,False,3072,3,0.049010513967372764,0.0024280263614290623,2304.0,3072.0,-768.0
modular,transformer_publication_20260622T101458Z_modular_seed103,103,fixed_update_scale,uniform,uniform,uniform,False,4096,3,0.0829202873122556,-0.006937218175511517,2304.0,3840.0,-1536.0
modular,transformer_publication_20260622T101458Z_modular_seed103,103,rslora,effective_rank,effective_rank,effective_rank,False,512,3,0.12151431594918775,-0.05064169268123486,512.0,512.0,0.0
modular,transformer_publication_20260622T101458Z_modular_seed103,103,rslora,effective_rank,effective_rank,effective_rank,False,1024,3,0.028911973199536756,0.005202913631633758,1024.0,960.0,64.0
modular,transformer_publication_20260622T101458Z_modular_seed103,103,rslora,effective_rank,effective_rank,effective_rank,False,1536,3,0.024224516245957433,0.011099549080818524,1536.0,1536.0,0.0
modular,transformer_publication_20260622T101458Z_modular_seed103,103,rslora,effective_rank,effective_rank,effective_rank,False,2048,3,-0.038648675893314825,0.02254595907041283,2048.0,1920.0,128.0
modular,transformer_publication_20260622T101458Z_modular_seed103,103,rslora,effective_rank,effective_rank,effective_rank,False,3072,3,-0.04651097797226911,0.011099549080818671,3072.0,3072.0,0.0
modular,transformer_publication_20260622T101458Z_modular_seed103,103,rslora,effective_rank,effective_rank,effective_rank,False,4096,3,-0.039766250580724964,0.006937218175511554,4096.0,3840.0,256.0
modular,transformer_publication_20260622T101458Z_modular_seed103,103,rslora,gradient_norm,gradient_norm,gradient_norm,False,512,3,0.16301909598715403,-0.06867845993756505,512.0,512.0,0.0
modular,transformer_publication_20260622T101458Z_modular_seed103,103,rslora,gradient_norm,gradient_norm,gradient_norm,False,1024,3,0.06489816679129205,-0.00554977454040928,1024.0,960.0,64.0
modular,transformer_publication_20260622T101458Z_modular_seed103,103,rslora,gradient_norm,gradient_norm,gradient_norm,False,1536,3,0.03711865709508575,0.010058966354491883,1472.0,1536.0,-64.0
modular,transformer_publication_20260622T101458Z_modular_seed103,103,rslora,gradient_norm,gradient_norm,gradient_norm,False,2048,3,-0.04449982529210827,0.02566770724939312,2048.0,1920.0,128.0
modular,transformer_publication_20260622T101458Z_modular_seed103,103,rslora,gradient_norm,gradient_norm,gradient_norm,False,3072,3,-0.028031207370418965,0.018730489073881345,3072.0,3072.0,0.0
modular,transformer_publication_20260622T101458Z_modular_seed103,103,rslora,gradient_norm,gradient_norm,gradient_norm,False,4096,3,-0.03684534223448513,0.006243496357960361,4096.0,3840.0,256.0
modular,transformer_publication_20260622T101458Z_modular_seed103,103,rslora,marginal_gain_edge,marginal_gain_edge,marginal_gain_edge,False,512,3,0.0010302806123858588,0.0013874436351023107,512.0,512.0,0.0
modular,transformer_publication_20260622T101458Z_modular_seed103,103,rslora,marginal_gain_edge,marginal_gain_edge,marginal_gain_edge,False,1024,3,0.016493496487961872,0.003121748178980255,1024.0,960.0,64.0
modular,transformer_publication_20260622T101458Z_modular_seed103,103,rslora,marginal_gain_edge,marginal_gain_edge,marginal_gain_edge,False,1536,3,0.04687614441744945,-0.013527575442247697,1472.0,1536.0,-64.0
modular,transformer_publication_20260622T101458Z_modular_seed103,103,rslora,marginal_gain_edge,marginal_gain_edge,marginal_gain_edge,False,2048,3,-0.005044444708041801,0.001734304543877981,1984.0,1920.0,64.0
modular,transformer_publication_20260622T101458Z_modular_seed103,103,rslora,marginal_gain_edge,marginal_gain_edge,marginal_gain_edge,False,3072,3,-0.058627295183444894,0.01803676725633015,3072.0,3072.0,0.0
modular,transformer_publication_20260622T101458Z_modular_seed103,103,rslora,marginal_gain_edge,marginal_gain_edge,marginal_gain_edge,False,4096,3,-0.039766250580724964,0.006937218175511554,4096.0,3840.0,256.0
modular,transformer_publication_20260622T101458Z_modular_seed103,103,rslora,marginal_gain_soft,marginal_gain_soft,marginal_gain_soft,False,512,3,0.0010302806123858588,0.0013874436351023107,512.0,512.0,0.0
modular,transformer_publication_20260622T101458Z_modular_seed103,103,rslora,marginal_gain_soft,marginal_gain_soft,marginal_gain_soft,False,1024,3,0.016493496487961872,0.003121748178980255,1024.0,960.0,64.0
modular,transformer_publication_20260622T101458Z_modular_seed103,103,rslora,marginal_gain_soft,marginal_gain_soft,marginal_gain_soft,False,1536,3,0.03656841324014959,-0.015608740894901163,1472.0,1536.0,-64.0
modular,transformer_publication_20260622T101458Z_modular_seed103,103,rslora,marginal_gain_soft,marginal_gain_soft,marginal_gain_soft,False,2048,3,-0.005044444708041801,0.001734304543877981,1984.0,1920.0,64.0
modular,transformer_publication_20260622T101458Z_modular_seed103,103,rslora,marginal_gain_soft,marginal_gain_soft,marginal_gain_soft,False,3072,3,-0.014056479919506667,0.003815469996531373,3072.0,3072.0,0.0
modular,transformer_publication_20260622T101458Z_modular_seed103,103,rslora,marginal_gain_soft,marginal_gain_soft,marginal_gain_soft,False,4096,3,-0.039766250580724964,0.006937218175511554,4096.0,3840.0,256.0
modular,transformer_publication_20260622T101458Z_modular_seed103,103,rslora,soft_dimension,soft_dimension,soft_dimension,True,512,3,0.12151431594918775,-0.05064169268123486,512.0,512.0,0.0
modular,transformer_publication_20260622T101458Z_modular_seed103,103,rslora,soft_dimension,soft_dimension,soft_dimension,True,1024,3,0.05710175617924592,-0.010058966354491846,1024.0,960.0,64.0
modular,transformer_publication_20260622T101458Z_modular_seed103,103,rslora,soft_dimension,soft_dimension,soft_dimension,True,1536,3,-0.011336626172934109,0.022545959070412718,1536.0,1536.0,0.0
modular,transformer_publication_20260622T101458Z_modular_seed103,103,rslora,soft_dimension,soft_dimension,soft_dimension,True,2048,3,-0.038648675893314825,0.02254595907041283,2048.0,1920.0,128.0
modular,transformer_publication_20260622T101458Z_modular_seed103,103,rslora,soft_dimension,soft_dimension,soft_dimension,True,3072,3,-0.030146933942154525,0.019424210891432425,3072.0,3072.0,0.0
modular,transformer_publication_20260622T101458Z_modular_seed103,103,rslora,soft_dimension,soft_dimension,soft_dimension,True,4096,3,-0.039766250580724964,0.006937218175511554,4096.0,3840.0,256.0
modular,transformer_publication_20260622T101458Z_modular_seed103,103,rslora,uniform,uniform,uniform,False,512,3,8.599237246601026,-0.5365938258758237,0.0,512.0,-512.0
modular,transformer_publication_20260622T101458Z_modular_seed103,103,rslora,uniform,uniform,uniform,False,1024,3,9.451434931798895,-0.804717308359348,0.0,960.0,-960.0
modular,transformer_publication_20260622T101458Z_modular_seed103,103,rslora,uniform,uniform,uniform,False,1536,3,0.1354941740513179,-0.058272632674297685,1152.0,1536.0,-384.0
modular,transformer_publication_20260622T101458Z_modular_seed103,103,rslora,uniform,uniform,uniform,False,2048,3,0.22461373309604502,-0.08081859174471025,1152.0,1920.0,-768.0
modular,transformer_publication_20260622T101458Z_modular_seed103,103,rslora,uniform,uniform,uniform,False,3072,3,0.07492187334417763,-0.0065903572667360315,2304.0,3072.0,-768.0
modular,transformer_publication_20260622T101458Z_modular_seed103,103,rslora,uniform,uniform,uniform,False,4096,3,0.10270587945931331,-0.020811654526534846,2304.0,3840.0,-1536.0
modular,transformer_publication_20260622T101458Z_modular_seed103,103,standard,effective_rank,effective_rank,effective_rank,False,512,3,-0.4971010086232905,0.1536593825875824,512.0,512.0,0.0
modular,transformer_publication_20260622T101458Z_modular_seed103,103,standard,effective_rank,effective_rank,effective_rank,False,1024,3,-0.010567574421647427,0.018036767256330227,1024.0,960.0,64.0
modular,transformer_publication_20260622T101458Z_modular_seed103,103,standard,effective_rank,effective_rank,effective_rank,False,1536,3,-0.03464760009795067,0.024627124523066257,1536.0,1536.0,0.0
modular,transformer_publication_20260622T101458Z_modular_seed103,103,standard,effective_rank,effective_rank,effective_rank,False,2048,3,-0.083615674906996,0.03780783905653843,2048.0,1920.0,128.0
modular,transformer_publication_20260622T101458Z_modular_seed103,103,standard,effective_rank,effective_rank,effective_rank,False,3072,3,-0.0402296101244795,0.004162330905306932,3072.0,3072.0,0.0
modular,transformer_publication_20260622T101458Z_modular_seed103,103,standard,effective_rank,effective_rank,effective_rank,False,4096,3,-0.03080055662380753,0.004856052722858088,4096.0,3840.0,256.0
modular,transformer_publication_20260622T101458Z_modular_seed103,103,standard,gradient_norm,gradient_norm,gradient_norm,False,512,3,-0.3146040296538024,0.08844953173777319,512.0,512.0,0.0
modular,transformer_publication_20260622T101458Z_modular_seed103,103,standard,gradient_norm,gradient_norm,gradient_norm,False,1024,3,-0.057124565820333394,0.033992369060006945,1024.0,960.0,64.0
modular,transformer_publication_20260622T101458Z_modular_seed103,103,standard,gradient_norm,gradient_norm,gradient_norm,False,1536,3,-0.016689337823608468,0.022892819979188312,1472.0,1536.0,-64.0
modular,transformer_publication_20260622T101458Z_modular_seed103,103,standard,gradient_norm,gradient_norm,gradient_norm,False,2048,3,-0.08361650544903243,0.04405133541449879,2048.0,1920.0,128.0
modular,transformer_publication_20260622T101458Z_modular_seed103,103,standard,gradient_norm,gradient_norm,gradient_norm,False,3072,3,-0.027124964416626634,0.015955601803676722,3072.0,3072.0,0.0
modular,transformer_publication_20260622T101458Z_modular_seed103,103,standard,gradient_norm,gradient_norm,gradient_norm,False,4096,3,-0.03947842601548456,0.005202913631633684,4096.0,3840.0,256.0
modular,transformer_publication_20260622T101458Z_modular_seed103,103,standard,marginal_gain_edge,marginal_gain_edge,marginal_gain_edge,False,512,3,-0.5454545769474798,0.17377731529656612,512.0,512.0,0.0
modular,transformer_publication_20260622T101458Z_modular_seed103,103,standard,marginal_gain_edge,marginal_gain_edge,marginal_gain_edge,False,1024,3,-0.05046309117761453,0.016649323621227913,1024.0,960.0,64.0
modular,transformer_publication_20260622T101458Z_modular_seed103,103,standard,marginal_gain_edge,marginal_gain_edge,marginal_gain_edge,False,1536,3,-0.04222157809455657,0.01422129725979874,1472.0,1536.0,-64.0
modular,transformer_publication_20260622T101458Z_modular_seed103,103,standard,marginal_gain_edge,marginal_gain_edge,marginal_gain_edge,False,2048,3,-0.05922794122891092,0.024973985431841816,1984.0,1920.0,64.0
modular,transformer_publication_20260622T101458Z_modular_seed103,103,standard,marginal_gain_edge,marginal_gain_edge,marginal_gain_edge,False,3072,3,-0.0735167070520325,0.019424210891432463,3072.0,3072.0,0.0
modular,transformer_publication_20260622T101458Z_modular_seed103,103,standard,marginal_gain_edge,marginal_gain_edge,marginal_gain_edge,False,4096,3,-0.03080055662380753,0.004856052722858088,4096.0,3840.0,256.0
modular,transformer_publication_20260622T101458Z_modular_seed103,103,standard,marginal_gain_soft,marginal_gain_soft,marginal_gain_soft,False,512,3,-0.5454545769474798,0.17377731529656612,512.0,512.0,0.0
modular,transformer_publication_20260622T101458Z_modular_seed103,103,standard,marginal_gain_soft,marginal_gain_soft,marginal_gain_soft,False,1024,3,-0.05046309117761453,0.016649323621227913,1024.0,960.0,64.0
modular,transformer_publication_20260622T101458Z_modular_seed103,103,standard,marginal_gain_soft,marginal_gain_soft,marginal_gain_soft,False,1536,3,-0.02486449578260737,0.011099549080818524,1472.0,1536.0,-64.0
modular,transformer_publication_20260622T101458Z_modular_seed103,103,standard,marginal_gain_soft,marginal_gain_soft,marginal_gain_soft,False,2048,3,-0.05922794122891092,0.024973985431841816,1984.0,1920.0,64.0
modular,transformer_publication_20260622T101458Z_modular_seed103,103,standard,marginal_gain_soft,marginal_gain_soft,marginal_gain_soft,False,3072,3,-0.028665908350325925,0.006937218175511665,3072.0,3072.0,0.0
modular,transformer_publication_20260622T101458Z_modular_seed103,103,standard,marginal_gain_soft,marginal_gain_soft,marginal_gain_soft,False,4096,3,-0.03080055662380753,0.004856052722858088,4096.0,3840.0,256.0
modular,transformer_publication_20260622T101458Z_modular_seed103,103,standard,soft_dimension,soft_dimension,soft_dimension,True,512,3,-0.4971010086232905,0.1536593825875824,512.0,512.0,0.0
modular,transformer_publication_20260622T101458Z_modular_seed103,103,standard,soft_dimension,soft_dimension,soft_dimension,True,1024,3,-0.01630732381959943,0.019077349982656977,1024.0,960.0,64.0
modular,transformer_publication_20260622T101458Z_modular_seed103,103,standard,soft_dimension,soft_dimension,soft_dimension,True,1536,3,-0.08233810050016971,0.0395421436004163,1536.0,1536.0,0.0
modular,transformer_publication_20260622T101458Z_modular_seed103,103,standard,soft_dimension,soft_dimension,soft_dimension,True,2048,3,-0.083615674906996,0.03780783905653843,2048.0,1920.0,128.0
modular,transformer_publication_20260622T101458Z_modular_seed103,103,standard,soft_dimension,soft_dimension,soft_dimension,True,3072,3,-0.028807696703197327,0.019077349982657088,3072.0,3072.0,0.0
modular,transformer_publication_20260622T101458Z_modular_seed103,103,standard,soft_dimension,soft_dimension,soft_dimension,True,4096,3,-0.03080055662380753,0.004856052722858088,4096.0,3840.0,256.0
modular,transformer_publication_20260622T101458Z_modular_seed103,103,standard,uniform,uniform,uniform,False,512,3,7.971193416805843,-0.33090530697190423,0.0,512.0,-512.0
modular,transformer_publication_20260622T101458Z_modular_seed103,103,standard,uniform,uniform,uniform,False,1024,3,9.321493338265023,-0.7589316684009711,0.0,960.0,-960.0
modular,transformer_publication_20260622T101458Z_modular_seed103,103,standard,uniform,uniform,uniform,False,1536,3,0.18809868726637724,-0.08532778355879293,1152.0,1536.0,-384.0
modular,transformer_publication_20260622T101458Z_modular_seed103,103,standard,uniform,uniform,uniform,False,2048,3,0.33547422916286324,-0.12937911897329168,1152.0,1920.0,-768.0
modular,transformer_publication_20260622T101458Z_modular_seed103,103,standard,uniform,uniform,uniform,False,3072,3,0.0842431351526967,-0.024280263614290625,2304.0,3072.0,-768.0
modular,transformer_publication_20260622T101458Z_modular_seed103,103,standard,uniform,uniform,uniform,False,4096,3,0.10967733635542255,-0.015261879986125493,2304.0,3840.0,-1536.0
modular,transformer_publication_20260622T101458Z_modular_seed107,107,fixed_update_scale,effective_rank,effective_rank,effective_rank,False,512,3,-0.8667917588581608,0.12903225806451607,512.0,512.0,0.0
modular,transformer_publication_20260622T101458Z_modular_seed107,107,fixed_update_scale,effective_rank,effective_rank,effective_rank,False,1024,3,-0.9344298055177757,0.21054457162677767,1024.0,960.0,64.0
modular,transformer_publication_20260622T101458Z_modular_seed107,107,fixed_update_scale,effective_rank,effective_rank,effective_rank,False,1536,3,-1.037062398373481,0.37842525147415884,1536.0,1536.0,0.0
modular,transformer_publication_20260622T101458Z_modular_seed107,107,fixed_update_scale,effective_rank,effective_rank,effective_rank,False,2048,3,-0.7814136695373898,0.2618799861255636,2048.0,1920.0,128.0
modular,transformer_publication_20260622T101458Z_modular_seed107,107,fixed_update_scale,effective_rank,effective_rank,effective_rank,False,3072,3,-1.705389533219055,0.6250433576135971,3072.0,3072.0,0.0
modular,transformer_publication_20260622T101458Z_modular_seed107,107,fixed_update_scale,effective_rank,effective_rank,effective_rank,False,4096,3,-1.356944483320125,0.45508151231356225,4096.0,3840.0,256.0
modular,transformer_publication_20260622T101458Z_modular_seed107,107,fixed_update_scale,gradient_norm,gradient_norm,gradient_norm,False,512,3,-0.27815408256787455,0.04439819632327433,448.0,512.0,-64.0
modular,transformer_publication_20260622T101458Z_modular_seed107,107,fixed_update_scale,gradient_norm,gradient_norm,gradient_norm,False,1024,3,-0.8979368147401813,0.20742282344779747,1024.0,960.0,64.0
modular,transformer_publication_20260622T101458Z_modular_seed107,107,fixed_update_scale,gradient_norm,gradient_norm,gradient_norm,False,1536,3,-0.9077407565747041,0.31390912244190083,1472.0,1536.0,-64.0
modular,transformer_publication_20260622T101458Z_modular_seed107,107,fixed_update_scale,gradient_norm,gradient_norm,gradient_norm,False,2048,3,-0.049529741900355084,0.06382240721470693,2048.0,1920.0,128.0
modular,transformer_publication_20260622T101458Z_modular_seed107,107,fixed_update_scale,gradient_norm,gradient_norm,gradient_norm,False,3072,3,-1.6644718547662098,0.613596947624003,3072.0,3072.0,0.0
modular,transformer_publication_20260622T101458Z_modular_seed107,107,fixed_update_scale,gradient_norm,gradient_norm,gradient_norm,False,4096,3,-1.0455823592373863,0.3368019424210891,4096.0,3840.0,256.0
modular,transformer_publication_20260622T101458Z_modular_seed107,107,fixed_update_scale,marginal_gain_edge,marginal_gain_edge,marginal_gain_edge,False,512,3,0.2674892474659772,-0.03954214360041627,448.0,512.0,-64.0
modular,transformer_publication_20260622T101458Z_modular_seed107,107,fixed_update_scale,marginal_gain_edge,marginal_gain_edge,marginal_gain_edge,False,1024,3,-1.0979178792438782,0.2639611515782172,1024.0,960.0,64.0
modular,transformer_publication_20260622T101458Z_modular_seed107,107,fixed_update_scale,marginal_gain_edge,marginal_gain_edge,marginal_gain_edge,False,1536,3,-1.1244884883203814,0.4099895941727368,1536.0,1536.0,0.0
modular,transformer_publication_20260622T101458Z_modular_seed107,107,fixed_update_scale,marginal_gain_edge,marginal_gain_edge,marginal_gain_edge,False,2048,3,-1.234814710276763,0.45924384321886924,2048.0,1920.0,128.0
modular,transformer_publication_20260622T101458Z_modular_seed107,107,fixed_update_scale,marginal_gain_edge,marginal_gain_edge,marginal_gain_edge,False,3072,3,-1.7407233983774464,0.631633714880333,3072.0,3072.0,0.0
modular,transformer_publication_20260622T101458Z_modular_seed107,107,fixed_update_scale,marginal_gain_edge,marginal_gain_edge,marginal_gain_edge,False,4096,3,-1.3379152194518327,0.4523066250433576,4096.0,3840.0,256.0
modular,transformer_publication_20260622T101458Z_modular_seed107,107,fixed_update_scale,marginal_gain_soft,marginal_gain_soft,marginal_gain_soft,False,512,3,0.2674892474659772,-0.03954214360041627,448.0,512.0,-64.0
modular,transformer_publication_20260622T101458Z_modular_seed107,107,fixed_update_scale,marginal_gain_soft,marginal_gain_soft,marginal_gain_soft,False,1024,3,-0.8979368147401813,0.20742282344779747,1024.0,960.0,64.0
modular,transformer_publication_20260622T101458Z_modular_seed107,107,fixed_update_scale,marginal_gain_soft,marginal_gain_soft,marginal_gain_soft,False,1536,3,-1.1244884883203814,0.4099895941727368,1536.0,1536.0,0.0
modular,transformer_publication_20260622T101458Z_modular_seed107,107,fixed_update_scale,marginal_gain_soft,marginal_gain_soft,marginal_gain_soft,False,2048,3,-1.234814710276763,0.45924384321886924,2048.0,1920.0,128.0
modular,transformer_publication_20260622T101458Z_modular_seed107,107,fixed_update_scale,marginal_gain_soft,marginal_gain_soft,marginal_gain_soft,False,3072,3,-1.731793257916631,0.6285119667013528,3072.0,3072.0,0.0
modular,transformer_publication_20260622T101458Z_modular_seed107,107,fixed_update_scale,marginal_gain_soft,marginal_gain_soft,marginal_gain_soft,False,4096,3,-1.0455823592373863,0.3368019424210891,4096.0,3840.0,256.0
modular,transformer_publication_20260622T101458Z_modular_seed107,107,fixed_update_scale,soft_dimension,soft_dimension,soft_dimension,True,512,3,-0.8667917588581608,0.12903225806451607,512.0,512.0,0.0
modular,transformer_publication_20260622T101458Z_modular_seed107,107,fixed_update_scale,soft_dimension,soft_dimension,soft_dimension,True,1024,3,-0.9344298055177757,0.21054457162677767,1024.0,960.0,64.0
modular,transformer_publication_20260622T101458Z_modular_seed107,107,fixed_update_scale,soft_dimension,soft_dimension,soft_dimension,True,1536,3,-1.037062398373481,0.37842525147415884,1536.0,1536.0,0.0
modular,transformer_publication_20260622T101458Z_modular_seed107,107,fixed_update_scale,soft_dimension,soft_dimension,soft_dimension,True,2048,3,-0.8359186286484661,0.288935137010059,2048.0,1920.0,128.0
modular,transformer_publication_20260622T101458Z_modular_seed107,107,fixed_update_scale,soft_dimension,soft_dimension,soft_dimension,True,3072,3,-1.705389533219055,0.6250433576135971,3072.0,3072.0,0.0
modular,transformer_publication_20260622T101458Z_modular_seed107,107,fixed_update_scale,soft_dimension,soft_dimension,soft_dimension,True,4096,3,-1.3854134828730915,0.46618106139438087,4096.0,3840.0,256.0
modular,transformer_publication_20260622T101458Z_modular_seed107,107,fixed_update_scale,uniform,uniform,uniform,False,512,3,8.889445972740342,-0.09573361082206033,0.0,512.0,-512.0
modular,transformer_publication_20260622T101458Z_modular_seed107,107,fixed_update_scale,uniform,uniform,uniform,False,1024,3,9.509071147032511,-0.2518210197710718,0.0,960.0,-960.0
modular,transformer_publication_20260622T101458Z_modular_seed107,107,fixed_update_scale,uniform,uniform,uniform,False,1536,3,-0.34365983059784194,0.07734998265695457,1152.0,1536.0,-384.0
modular,transformer_publication_20260622T101458Z_modular_seed107,107,fixed_update_scale,uniform,uniform,uniform,False,2048,3,-0.018376914651866194,-0.05098855359001039,1152.0,1920.0,-768.0
modular,transformer_publication_20260622T101458Z_modular_seed107,107,fixed_update_scale,uniform,uniform,uniform,False,3072,3,-1.1742588015550381,0.4165799514394728,2304.0,3072.0,-768.0
modular,transformer_publication_20260622T101458Z_modular_seed107,107,fixed_update_scale,uniform,uniform,uniform,False,4096,3,-0.917553842295138,0.3010752688172043,2304.0,3840.0,-1536.0
modular,transformer_publication_20260622T101458Z_modular_seed107,107,rslora,effective_rank,effective_rank,effective_rank,False,512,3,-0.8992389296228341,0.12972597988206727,512.0,512.0,0.0
modular,transformer_publication_20260622T101458Z_modular_seed107,107,rslora,effective_rank,effective_rank,effective_rank,False,1024,3,-0.8759114181172546,0.18730489073881382,1024.0,960.0,64.0
modular,transformer_publication_20260622T101458Z_modular_seed107,107,rslora,effective_rank,effective_rank,effective_rank,False,1536,3,-0.6338476809701116,0.2389871661463753,1536.0,1536.0,0.0
modular,transformer_publication_20260622T101458Z_modular_seed107,107,rslora,effective_rank,effective_rank,effective_rank,False,2048,3,-0.9475760731149623,0.3139091224419008,2048.0,1920.0,128.0
modular,transformer_publication_20260622T101458Z_modular_seed107,107,rslora,effective_rank,effective_rank,effective_rank,False,3072,3,-1.3927783147043293,0.492542490461325,3072.0,3072.0,0.0
modular,transformer_publication_20260622T101458Z_modular_seed107,107,rslora,effective_rank,effective_rank,effective_rank,False,4096,3,-1.1654884114246422,0.3614290669441554,4096.0,3840.0,256.0
modular,transformer_publication_20260622T101458Z_modular_seed107,107,rslora,gradient_norm,gradient_norm,gradient_norm,False,512,3,0.09570540788063682,0.0,448.0,512.0,-64.0
modular,transformer_publication_20260622T101458Z_modular_seed107,107,rslora,gradient_norm,gradient_norm,gradient_norm,False,1024,3,-1.1210744233748338,0.23759972251127304,1024.0,960.0,64.0
modular,transformer_publication_20260622T101458Z_modular_seed107,107,rslora,gradient_norm,gradient_norm,gradient_norm,False,1536,3,-0.030806364655039904,0.09573361082206035,1472.0,1536.0,-64.0
modular,transformer_publication_20260622T101458Z_modular_seed107,107,rslora,gradient_norm,gradient_norm,gradient_norm,False,2048,3,-0.1914610288186989,0.08324661810613945,2048.0,1920.0,128.0
modular,transformer_publication_20260622T101458Z_modular_seed107,107,rslora,gradient_norm,gradient_norm,gradient_norm,False,3072,3,-1.3371579751263798,0.4696496704821366,3072.0,3072.0,0.0
modular,transformer_publication_20260622T101458Z_modular_seed107,107,rslora,gradient_norm,gradient_norm,gradient_norm,False,4096,3,-1.113027071155817,0.3395768296912938,4096.0,3840.0,256.0
modular,transformer_publication_20260622T101458Z_modular_seed107,107,rslora,marginal_gain_edge,marginal_gain_edge,marginal_gain_edge,False,512,3,0.19641061140107396,-0.013527575442247674,448.0,512.0,-64.0
modular,transformer_publication_20260622T101458Z_modular_seed107,107,rslora,marginal_gain_edge,marginal_gain_edge,marginal_gain_edge,False,1024,3,-1.4101755478462328,0.3236212278876171,1024.0,960.0,64.0
modular,transformer_publication_20260622T101458Z_modular_seed107,107,rslora,marginal_gain_edge,marginal_gain_edge,marginal_gain_edge,False,1536,3,-0.08929551451974471,0.11030176899063475,1536.0,1536.0,0.0
modular,transformer_publication_20260622T101458Z_modular_seed107,107,rslora,marginal_gain_edge,marginal_gain_edge,marginal_gain_edge,False,2048,3,-1.340025247642244,0.47658688865764837,2048.0,1920.0,128.0
modular,transformer_publication_20260622T101458Z_modular_seed107,107,rslora,marginal_gain_edge,marginal_gain_edge,marginal_gain_edge,False,3072,3,-1.408045011368056,0.4949705168227541,3072.0,3072.0,0.0
modular,transformer_publication_20260622T101458Z_modular_seed107,107,rslora,marginal_gain_edge,marginal_gain_edge,marginal_gain_edge,False,4096,3,-1.1523467307542705,0.3600416233090531,4096.0,3840.0,256.0
modular,transformer_publication_20260622T101458Z_modular_seed107,107,rslora,marginal_gain_soft,marginal_gain_soft,marginal_gain_soft,False,512,3,0.19641061140107396,-0.013527575442247674,448.0,512.0,-64.0
modular,transformer_publication_20260622T101458Z_modular_seed107,107,rslora,marginal_gain_soft,marginal_gain_soft,marginal_gain_soft,False,1024,3,-1.1210744233748338,0.23759972251127304,1024.0,960.0,64.0
modular,transformer_publication_20260622T101458Z_modular_seed107,107,rslora,marginal_gain_soft,marginal_gain_soft,marginal_gain_soft,False,1536,3,-0.08929551451974471,0.11030176899063475,1536.0,1536.0,0.0
modular,transformer_publication_20260622T101458Z_modular_seed107,107,rslora,marginal_gain_soft,marginal_gain_soft,marginal_gain_soft,False,2048,3,-1.340025247642244,0.47658688865764837,2048.0,1920.0,128.0
modular,transformer_publication_20260622T101458Z_modular_seed107,107,rslora,marginal_gain_soft,marginal_gain_soft,marginal_gain_soft,False,3072,3,-1.4292022367442518,0.49705168227540764,3072.0,3072.0,0.0
modular,transformer_publication_20260622T101458Z_modular_seed107,107,rslora,marginal_gain_soft,marginal_gain_soft,marginal_gain_soft,False,4096,3,-1.113027071155817,0.3395768296912938,4096.0,3840.0,256.0
modular,transformer_publication_20260622T101458Z_modular_seed107,107,rslora,soft_dimension,soft_dimension,soft_dimension,True,512,3,-0.8992389296228341,0.12972597988206727,512.0,512.0,0.0
modular,transformer_publication_20260622T101458Z_modular_seed107,107,rslora,soft_dimension,soft_dimension,soft_dimension,True,1024,3,-0.8759114181172546,0.18730489073881382,1024.0,960.0,64.0
modular,transformer_publication_20260622T101458Z_modular_seed107,107,rslora,soft_dimension,soft_dimension,soft_dimension,True,1536,3,-0.6338476809701116,0.2389871661463753,1536.0,1536.0,0.0
modular,transformer_publication_20260622T101458Z_modular_seed107,107,rslora,soft_dimension,soft_dimension,soft_dimension,True,2048,3,-0.9608117255989231,0.3093999306278183,2048.0,1920.0,128.0
modular,transformer_publication_20260622T101458Z_modular_seed107,107,rslora,soft_dimension,soft_dimension,soft_dimension,True,3072,3,-1.3927783147043293,0.492542490461325,3072.0,3072.0,0.0
modular,transformer_publication_20260622T101458Z_modular_seed107,107,rslora,soft_dimension,soft_dimension,soft_dimension,True,4096,3,-1.2124710421191294,0.37530350329517875,4096.0,3840.0,256.0
modular,transformer_publication_20260622T101458Z_modular_seed107,107,rslora,uniform,uniform,uniform,False,512,3,8.827275469862998,-0.07873742629205684,0.0,512.0,-512.0
modular,transformer_publication_20260622T101458Z_modular_seed107,107,rslora,uniform,uniform,uniform,False,1024,3,9.126710199044476,-0.16198404439819625,0.0,960.0,-960.0
modular,transformer_publication_20260622T101458Z_modular_seed107,107,rslora,uniform,uniform,uniform,False,1536,3,0.6714112595721247,-0.16753381893860564,1152.0,1536.0,-384.0
modular,transformer_publication_20260622T101458Z_modular_seed107,107,rslora,uniform,uniform,uniform,False,2048,3,-0.1732373847508241,-0.024627124523066257,1152.0,1920.0,-768.0
modular,transformer_publication_20260622T101458Z_modular_seed107,107,rslora,uniform,uniform,uniform,False,3072,3,-0.9306341374536542,0.3093999306278183,2304.0,3072.0,-768.0
modular,transformer_publication_20260622T101458Z_modular_seed107,107,rslora,uniform,uniform,uniform,False,4096,3,-0.6475806893200002,0.1519250780437045,2304.0,3840.0,-1536.0
modular,transformer_publication_20260622T101458Z_modular_seed107,107,standard,effective_rank,effective_rank,effective_rank,False,512,3,-1.0607588096000733,0.16198404439819636,512.0,512.0,0.0
modular,transformer_publication_20260622T101458Z_modular_seed107,107,standard,effective_rank,effective_rank,effective_rank,False,1024,3,-0.6817452937747056,0.1377037807839057,1024.0,960.0,64.0
modular,transformer_publication_20260622T101458Z_modular_seed107,107,standard,effective_rank,effective_rank,effective_rank,False,1536,3,1.912289979761357,-0.4516129032258065,1536.0,1536.0,0.0
modular,transformer_publication_20260622T101458Z_modular_seed107,107,standard,effective_rank,effective_rank,effective_rank,False,2048,3,-0.13379442770366126,0.04370447450572316,2048.0,1920.0,128.0
modular,transformer_publication_20260622T101458Z_modular_seed107,107,standard,effective_rank,effective_rank,effective_rank,False,3072,3,0.6851369473014571,-0.17655220256677073,3072.0,3072.0,0.0
modular,transformer_publication_20260622T101458Z_modular_seed107,107,standard,effective_rank,effective_rank,effective_rank,False,4096,3,-0.9043719311100388,0.30801248699271594,4096.0,3840.0,256.0
modular,transformer_publication_20260622T101458Z_modular_seed107,107,standard,gradient_norm,gradient_norm,gradient_norm,False,512,3,-0.26268115136261994,0.04231703087062086,448.0,512.0,-64.0
modular,transformer_publication_20260622T101458Z_modular_seed107,107,standard,gradient_norm,gradient_norm,gradient_norm,False,1024,3,-0.9229066465780053,0.22823447797433227,1024.0,960.0,64.0
modular,transformer_publication_20260622T101458Z_modular_seed107,107,standard,gradient_norm,gradient_norm,gradient_norm,False,1536,3,0.1850055969923353,0.023933402705515083,1472.0,1536.0,-64.0
modular,transformer_publication_20260622T101458Z_modular_seed107,107,standard,gradient_norm,gradient_norm,gradient_norm,False,2048,3,-0.08052340711192707,0.06208810267082896,2048.0,1920.0,128.0
modular,transformer_publication_20260622T101458Z_modular_seed107,107,standard,gradient_norm,gradient_norm,gradient_norm,False,3072,3,-0.32245100880099226,0.134928893513701,3072.0,3072.0,0.0
modular,transformer_publication_20260622T101458Z_modular_seed107,107,standard,gradient_norm,gradient_norm,gradient_norm,False,4096,3,-1.012063942562777,0.3381893860561915,4096.0,3840.0,256.0
modular,transformer_publication_20260622T101458Z_modular_seed107,107,standard,marginal_gain_edge,marginal_gain_edge,marginal_gain_edge,False,512,3,0.06924259071336876,-0.0013874436351023385,448.0,512.0,-64.0
modular,transformer_publication_20260622T101458Z_modular_seed107,107,standard,marginal_gain_edge,marginal_gain_edge,marginal_gain_edge,False,1024,3,-0.9516704326448364,0.21436004162330904,1024.0,960.0,64.0
modular,transformer_publication_20260622T101458Z_modular_seed107,107,standard,marginal_gain_edge,marginal_gain_edge,marginal_gain_edge,False,1536,3,0.955068343098363,-0.1876517516475893,1536.0,1536.0,0.0
modular,transformer_publication_20260622T101458Z_modular_seed107,107,standard,marginal_gain_edge,marginal_gain_edge,marginal_gain_edge,False,2048,3,-0.5760572947254209,0.21713492889351368,2048.0,1920.0,128.0
modular,transformer_publication_20260622T101458Z_modular_seed107,107,standard,marginal_gain_edge,marginal_gain_edge,marginal_gain_edge,False,3072,3,-0.14455099639030863,0.060006937218175516,3072.0,3072.0,0.0
modular,transformer_publication_20260622T101458Z_modular_seed107,107,standard,marginal_gain_edge,marginal_gain_edge,marginal_gain_edge,False,4096,3,-0.9203173000645894,0.306278182448838,4096.0,3840.0,256.0
modular,transformer_publication_20260622T101458Z_modular_seed107,107,standard,marginal_gain_soft,marginal_gain_soft,marginal_gain_soft,False,512,3,0.06924259071336876,-0.0013874436351023385,448.0,512.0,-64.0
modular,transformer_publication_20260622T101458Z_modular_seed107,107,standard,marginal_gain_soft,marginal_gain_soft,marginal_gain_soft,False,1024,3,-0.9229066465780053,0.22823447797433227,1024.0,960.0,64.0
modular,transformer_publication_20260622T101458Z_modular_seed107,107,standard,marginal_gain_soft,marginal_gain_soft,marginal_gain_soft,False,1536,3,0.955068343098363,-0.1876517516475893,1536.0,1536.0,0.0
modular,transformer_publication_20260622T101458Z_modular_seed107,107,standard,marginal_gain_soft,marginal_gain_soft,marginal_gain_soft,False,2048,3,-0.5760572947254209,0.21713492889351368,2048.0,1920.0,128.0
modular,transformer_publication_20260622T101458Z_modular_seed107,107,standard,marginal_gain_soft,marginal_gain_soft,marginal_gain_soft,False,3072,3,-0.3835527140607116,0.16024973985431842,3072.0,3072.0,0.0
modular,transformer_publication_20260622T101458Z_modular_seed107,107,standard,marginal_gain_soft,marginal_gain_soft,marginal_gain_soft,False,4096,3,-1.012063942562777,0.3381893860561915,4096.0,3840.0,256.0
modular,transformer_publication_20260622T101458Z_modular_seed107,107,standard,soft_dimension,soft_dimension,soft_dimension,True,512,3,-1.0607588096000733,0.16198404439819636,512.0,512.0,0.0
modular,transformer_publication_20260622T101458Z_modular_seed107,107,standard,soft_dimension,soft_dimension,soft_dimension,True,1024,3,-0.6817452937747056,0.1377037807839057,1024.0,960.0,64.0
modular,transformer_publication_20260622T101458Z_modular_seed107,107,standard,soft_dimension,soft_dimension,soft_dimension,True,1536,3,1.912289979761357,-0.4516129032258065,1536.0,1536.0,0.0
modular,transformer_publication_20260622T101458Z_modular_seed107,107,standard,soft_dimension,soft_dimension,soft_dimension,True,2048,3,-0.7609707290126431,0.23829344432882413,2048.0,1920.0,128.0
modular,transformer_publication_20260622T101458Z_modular_seed107,107,standard,soft_dimension,soft_dimension,soft_dimension,True,3072,3,0.6851369473014571,-0.17655220256677073,3072.0,3072.0,0.0
modular,transformer_publication_20260622T101458Z_modular_seed107,107,standard,soft_dimension,soft_dimension,soft_dimension,True,4096,3,-1.0101838676808734,0.33610822060353795,4096.0,3840.0,256.0
modular,transformer_publication_20260622T101458Z_modular_seed107,107,standard,uniform,uniform,uniform,False,512,3,8.673248087991828,-0.055497745404092906,0.0,512.0,-512.0
modular,transformer_publication_20260622T101458Z_modular_seed107,107,standard,uniform,uniform,uniform,False,1024,3,8.969093321844229,-0.10995490808185913,0.0,960.0,-960.0
modular,transformer_publication_20260622T101458Z_modular_seed107,107,standard,uniform,uniform,uniform,False,1536,3,1.7954140589380285,-0.42317030870620886,1152.0,1536.0,-384.0
modular,transformer_publication_20260622T101458Z_modular_seed107,107,standard,uniform,uniform,uniform,False,2048,3,1.0792190833634234,-0.2910163024627125,1152.0,1920.0,-768.0
modular,transformer_publication_20260622T101458Z_modular_seed107,107,standard,uniform,uniform,uniform,False,3072,3,0.8540724922169259,-0.3291710024280264,2304.0,3072.0,-768.0
modular,transformer_publication_20260622T101458Z_modular_seed107,107,standard,uniform,uniform,uniform,False,4096,3,-0.2873215871555211,0.05272285813388833,2304.0,3840.0,-1536.0
modular,transformer_publication_20260622T101458Z_modular_seed109,109,fixed_update_scale,effective_rank,effective_rank,effective_rank,False,512,3,-0.3102313257777107,0.09608047173083596,512.0,512.0,0.0
modular,transformer_publication_20260622T101458Z_modular_seed109,109,fixed_update_scale,effective_rank,effective_rank,effective_rank,False,1024,3,-0.02984386868581057,0.020464793617759252,1024.0,960.0,64.0
modular,transformer_publication_20260622T101458Z_modular_seed109,109,fixed_update_scale,effective_rank,effective_rank,effective_rank,False,1536,3,-0.12160820596920215,0.04751994450225453,1536.0,1536.0,0.0
modular,transformer_publication_20260622T101458Z_modular_seed109,109,fixed_update_scale,effective_rank,effective_rank,effective_rank,False,2048,3,-0.06631590753142469,0.034686090877558175,2048.0,1920.0,128.0
modular,transformer_publication_20260622T101458Z_modular_seed109,109,fixed_update_scale,effective_rank,effective_rank,effective_rank,False,3072,3,-0.11894158244215691,0.020117932708983616,3072.0,3072.0,0.0
modular,transformer_publication_20260622T101458Z_modular_seed109,109,fixed_update_scale,effective_rank,effective_rank,effective_rank,False,4096,3,-0.0682092392445644,0.010405827263267331,4096.0,3840.0,256.0
modular,transformer_publication_20260622T101458Z_modular_seed109,109,fixed_update_scale,gradient_norm,gradient_norm,gradient_norm,False,512,3,0.02000030001707483,0.010752688172043057,512.0,512.0,0.0
modular,transformer_publication_20260622T101458Z_modular_seed109,109,fixed_update_scale,gradient_norm,gradient_norm,gradient_norm,False,1024,3,-0.33266772973301756,0.13596947624002773,1024.0,960.0,64.0
modular,transformer_publication_20260622T101458Z_modular_seed109,109,fixed_update_scale,gradient_norm,gradient_norm,gradient_norm,False,1536,3,-0.08608702947768414,0.02844259451959763,1536.0,1536.0,0.0
modular,transformer_publication_20260622T101458Z_modular_seed109,109,fixed_update_scale,gradient_norm,gradient_norm,gradient_norm,False,2048,3,-0.09458025319787973,0.03676725633021172,2048.0,1920.0,128.0
modular,transformer_publication_20260622T101458Z_modular_seed109,109,fixed_update_scale,gradient_norm,gradient_norm,gradient_norm,False,3072,3,-0.037273256079091245,0.006243496357960361,3072.0,3072.0,0.0
modular,transformer_publication_20260622T101458Z_modular_seed109,109,fixed_update_scale,gradient_norm,gradient_norm,gradient_norm,False,4096,3,-0.0707244120106654,0.010058966354491735,4096.0,3840.0,256.0
modular,transformer_publication_20260622T101458Z_modular_seed109,109,fixed_update_scale,marginal_gain_edge,marginal_gain_edge,marginal_gain_edge,False,512,3,-0.018065543502227888,0.004162330905307006,448.0,512.0,-64.0
modular,transformer_publication_20260622T101458Z_modular_seed109,109,fixed_update_scale,marginal_gain_edge,marginal_gain_edge,marginal_gain_edge,False,1024,3,-0.02876271936490719,-0.0038154699965314474,1024.0,960.0,64.0
modular,transformer_publication_20260622T101458Z_modular_seed109,109,fixed_update_scale,marginal_gain_edge,marginal_gain_edge,marginal_gain_edge,False,1536,3,-0.21776833446994248,0.0766562608394034,1536.0,1536.0,0.0
modular,transformer_publication_20260622T101458Z_modular_seed109,109,fixed_update_scale,marginal_gain_edge,marginal_gain_edge,marginal_gain_edge,False,2048,3,-0.13029503368520923,0.0395421436004163,2048.0,1920.0,128.0
modular,transformer_publication_20260622T101458Z_modular_seed109,109,fixed_update_scale,marginal_gain_edge,marginal_gain_edge,marginal_gain_edge,False,3072,3,-0.12004636886955715,0.019077349982656828,3072.0,3072.0,0.0
modular,transformer_publication_20260622T101458Z_modular_seed109,109,fixed_update_scale,marginal_gain_edge,marginal_gain_edge,marginal_gain_edge,False,4096,3,-0.10324620151200353,0.010405827263267331,4096.0,3840.0,256.0
modular,transformer_publication_20260622T101458Z_modular_seed109,109,fixed_update_scale,marginal_gain_soft,marginal_gain_soft,marginal_gain_soft,False,512,3,-0.018065543502227888,0.004162330905307006,448.0,512.0,-64.0
modular,transformer_publication_20260622T101458Z_modular_seed109,109,fixed_update_scale,marginal_gain_soft,marginal_gain_soft,marginal_gain_soft,False,1024,3,-0.004681290167716863,-0.0013874436351023478,1024.0,960.0,64.0
modular,transformer_publication_20260622T101458Z_modular_seed109,109,fixed_update_scale,marginal_gain_soft,marginal_gain_soft,marginal_gain_soft,False,1536,3,-0.09973027594090338,0.031217481789802253,1472.0,1536.0,-64.0
modular,transformer_publication_20260622T101458Z_modular_seed109,109,fixed_update_scale,marginal_gain_soft,marginal_gain_soft,marginal_gain_soft,False,2048,3,-0.1152708582835937,0.03988900450919197,1984.0,1920.0,64.0
modular,transformer_publication_20260622T101458Z_modular_seed109,109,fixed_update_scale,marginal_gain_soft,marginal_gain_soft,marginal_gain_soft,False,3072,3,-0.12482322103941847,0.019771071800208023,3072.0,3072.0,0.0
modular,transformer_publication_20260622T101458Z_modular_seed109,109,fixed_update_scale,marginal_gain_soft,marginal_gain_soft,marginal_gain_soft,False,4096,3,-0.08392122259187153,0.010405827263267331,4096.0,3840.0,256.0
modular,transformer_publication_20260622T101458Z_modular_seed109,109,fixed_update_scale,soft_dimension,soft_dimension,soft_dimension,True,512,3,-0.3102313257777107,0.09608047173083596,512.0,512.0,0.0
modular,transformer_publication_20260622T101458Z_modular_seed109,109,fixed_update_scale,soft_dimension,soft_dimension,soft_dimension,True,1024,3,-0.15142816102550208,0.07145334720776964,1024.0,960.0,64.0
modular,transformer_publication_20260622T101458Z_modular_seed109,109,fixed_update_scale,soft_dimension,soft_dimension,soft_dimension,True,1536,3,-0.1620222293292736,0.060006937218175516,1536.0,1536.0,0.0
modular,transformer_publication_20260622T101458Z_modular_seed109,109,fixed_update_scale,soft_dimension,soft_dimension,soft_dimension,True,2048,3,-0.06631590753142469,0.034686090877558175,2048.0,1920.0,128.0
modular,transformer_publication_20260622T101458Z_modular_seed109,109,fixed_update_scale,soft_dimension,soft_dimension,soft_dimension,True,3072,3,-0.11894158244215691,0.020117932708983616,3072.0,3072.0,0.0
modular,transformer_publication_20260622T101458Z_modular_seed109,109,fixed_update_scale,soft_dimension,soft_dimension,soft_dimension,True,4096,3,-0.0682092392445644,0.010405827263267331,4096.0,3840.0,256.0
modular,transformer_publication_20260622T101458Z_modular_seed109,109,fixed_update_scale,uniform,uniform,uniform,False,512,3,9.105876638167357,-0.3472077696843565,0.0,512.0,-512.0
modular,transformer_publication_20260622T101458Z_modular_seed109,109,fixed_update_scale,uniform,uniform,uniform,False,1024,3,10.27360891580499,-0.6951092611862643,0.0,960.0,-960.0
modular,transformer_publication_20260622T101458Z_modular_seed109,109,fixed_update_scale,uniform,uniform,uniform,False,1536,3,0.17803794270664963,-0.07110648629899408,1152.0,1536.0,-384.0
modular,transformer_publication_20260622T101458Z_modular_seed109,109,fixed_update_scale,uniform,uniform,uniform,False,2048,3,0.3459031933138778,-0.1193201526187998,1152.0,1920.0,-768.0
modular,transformer_publication_20260622T101458Z_modular_seed109,109,fixed_update_scale,uniform,uniform,uniform,False,3072,3,-0.022357785687279547,0.00936524453694069,2304.0,3072.0,-768.0
modular,transformer_publication_20260622T101458Z_modular_seed109,109,fixed_update_scale,uniform,uniform,uniform,False,4096,3,0.06357959050334994,-0.006590357266736069,2304.0,3840.0,-1536.0
modular,transformer_publication_20260622T101458Z_modular_seed109,109,rslora,effective_rank,effective_rank,effective_rank,False,512,3,-0.25757729945148083,0.08151231356226152,512.0,512.0,0.0
modular,transformer_publication_20260622T101458Z_modular_seed109,109,rslora,effective_rank,effective_rank,effective_rank,False,1024,3,0.10858075628254175,-0.028789455428373228,1024.0,960.0,64.0
modular,transformer_publication_20260622T101458Z_modular_seed109,109,rslora,effective_rank,effective_rank,effective_rank,False,1536,3,-0.046788193846261594,0.02878945542837319,1536.0,1536.0,0.0
modular,transformer_publication_20260622T101458Z_modular_seed109,109,rslora,effective_rank,effective_rank,effective_rank,False,2048,3,-0.08090781584573294,0.040929587235518615,2048.0,1920.0,128.0
modular,transformer_publication_20260622T101458Z_modular_seed109,109,rslora,effective_rank,effective_rank,effective_rank,False,3072,3,-0.10186032088492174,0.015608740894901016,3072.0,3072.0,0.0
modular,transformer_publication_20260622T101458Z_modular_seed109,109,rslora,effective_rank,effective_rank,effective_rank,False,4096,3,-0.0892605614866848,0.014568158168574338,4096.0,3840.0,256.0
modular,transformer_publication_20260622T101458Z_modular_seed109,109,rslora,gradient_norm,gradient_norm,gradient_norm,False,512,3,-0.04906281984972908,0.016996184530003473,512.0,512.0,0.0
modular,transformer_publication_20260622T101458Z_modular_seed109,109,rslora,gradient_norm,gradient_norm,gradient_norm,False,1024,3,-0.3808636318632517,0.15365938258758238,1024.0,960.0,64.0
modular,transformer_publication_20260622T101458Z_modular_seed109,109,rslora,gradient_norm,gradient_norm,gradient_norm,False,1536,3,-0.02317032374072066,0.006937218175511665,1536.0,1536.0,0.0
modular,transformer_publication_20260622T101458Z_modular_seed109,109,rslora,gradient_norm,gradient_norm,gradient_norm,False,2048,3,-0.07705782658310348,0.0326049254249046,2048.0,1920.0,128.0
modular,transformer_publication_20260622T101458Z_modular_seed109,109,rslora,gradient_norm,gradient_norm,gradient_norm,False,3072,3,-0.025248338654766538,0.004509191814082492,3072.0,3072.0,0.0
modular,transformer_publication_20260622T101458Z_modular_seed109,109,rslora,gradient_norm,gradient_norm,gradient_norm,False,4096,3,-0.09614470490602374,0.014915019077349934,4096.0,3840.0,256.0
modular,transformer_publication_20260622T101458Z_modular_seed109,109,rslora,marginal_gain_edge,marginal_gain_edge,marginal_gain_edge,False,512,3,-0.005742799148268733,0.01664932362122788,448.0,512.0,-64.0
modular,transformer_publication_20260622T101458Z_modular_seed109,109,rslora,marginal_gain_edge,marginal_gain_edge,marginal_gain_edge,False,1024,3,-0.15922896302990974,0.0478668054110302,1024.0,960.0,64.0
modular,transformer_publication_20260622T101458Z_modular_seed109,109,rslora,marginal_gain_edge,marginal_gain_edge,marginal_gain_edge,False,1536,3,-0.17683820451790375,0.060700659035726745,1536.0,1536.0,0.0
modular,transformer_publication_20260622T101458Z_modular_seed109,109,rslora,marginal_gain_edge,marginal_gain_edge,marginal_gain_edge,False,2048,3,-0.1357701909219561,0.045438779049601107,2048.0,1920.0,128.0
modular,transformer_publication_20260622T101458Z_modular_seed109,109,rslora,marginal_gain_edge,marginal_gain_edge,marginal_gain_edge,False,3072,3,-0.10815478568916675,0.015608740894901016,3072.0,3072.0,0.0
modular,transformer_publication_20260622T101458Z_modular_seed109,109,rslora,marginal_gain_edge,marginal_gain_edge,marginal_gain_edge,False,4096,3,-0.1266004395436339,0.01526187998612553,4096.0,3840.0,256.0
modular,transformer_publication_20260622T101458Z_modular_seed109,109,rslora,marginal_gain_soft,marginal_gain_soft,marginal_gain_soft,False,512,3,-0.005742799148268733,0.01664932362122788,448.0,512.0,-64.0
modular,transformer_publication_20260622T101458Z_modular_seed109,109,rslora,marginal_gain_soft,marginal_gain_soft,marginal_gain_soft,False,1024,3,-0.04995476488350903,0.021158515435310443,1024.0,960.0,64.0
modular,transformer_publication_20260622T101458Z_modular_seed109,109,rslora,marginal_gain_soft,marginal_gain_soft,marginal_gain_soft,False,1536,3,-0.060002012640248126,0.01942421089143261,1472.0,1536.0,-64.0
modular,transformer_publication_20260622T101458Z_modular_seed109,109,rslora,marginal_gain_soft,marginal_gain_soft,marginal_gain_soft,False,2048,3,-0.08976431225597385,0.027055150884495355,1984.0,1920.0,64.0
modular,transformer_publication_20260622T101458Z_modular_seed109,109,rslora,marginal_gain_soft,marginal_gain_soft,marginal_gain_soft,False,3072,3,-0.11650452294693486,0.01630246271245221,3072.0,3072.0,0.0
modular,transformer_publication_20260622T101458Z_modular_seed109,109,rslora,marginal_gain_soft,marginal_gain_soft,marginal_gain_soft,False,4096,3,-0.1067002361567327,0.01526187998612553,4096.0,3840.0,256.0
modular,transformer_publication_20260622T101458Z_modular_seed109,109,rslora,soft_dimension,soft_dimension,soft_dimension,True,512,3,-0.25757729945148083,0.08151231356226152,512.0,512.0,0.0
modular,transformer_publication_20260622T101458Z_modular_seed109,109,rslora,soft_dimension,soft_dimension,soft_dimension,True,1024,3,-0.12320590149475559,0.051682275407561575,1024.0,960.0,64.0
modular,transformer_publication_20260622T101458Z_modular_seed109,109,rslora,soft_dimension,soft_dimension,soft_dimension,True,1536,3,-0.10271260375948445,0.04543877904960125,1536.0,1536.0,0.0
modular,transformer_publication_20260622T101458Z_modular_seed109,109,rslora,soft_dimension,soft_dimension,soft_dimension,True,2048,3,-0.08090781584573294,0.040929587235518615,2048.0,1920.0,128.0
modular,transformer_publication_20260622T101458Z_modular_seed109,109,rslora,soft_dimension,soft_dimension,soft_dimension,True,3072,3,-0.10186032088492174,0.015608740894901016,3072.0,3072.0,0.0
modular,transformer_publication_20260622T101458Z_modular_seed109,109,rslora,soft_dimension,soft_dimension,soft_dimension,True,4096,3,-0.0892605614866848,0.014568158168574338,4096.0,3840.0,256.0
modular,transformer_publication_20260622T101458Z_modular_seed109,109,rslora,uniform,uniform,uniform,False,512,3,9.117732174231945,-0.3485952133194589,0.0,512.0,-512.0
modular,transformer_publication_20260622T101458Z_modular_seed109,109,rslora,uniform,uniform,uniform,False,1024,3,10.262101823077034,-0.6916406520985084,0.0,960.0,-960.0
modular,transformer_publication_20260622T101458Z_modular_seed109,109,rslora,uniform,uniform,uniform,False,1536,3,0.24130821827588464,-0.09087755809920217,1152.0,1536.0,-384.0
modular,transformer_publication_20260622T101458Z_modular_seed109,109,rslora,uniform,uniform,uniform,False,2048,3,0.3726301500770808,-0.12591050988553595,1152.0,1920.0,-768.0
modular,transformer_publication_20260622T101458Z_modular_seed109,109,rslora,uniform,uniform,uniform,False,3072,3,0.01986866672027457,-0.004509191814082676,2304.0,3072.0,-768.0
modular,transformer_publication_20260622T101458Z_modular_seed109,109,rslora,uniform,uniform,uniform,False,4096,3,0.06820679591672106,-0.009365244536940653,2304.0,3840.0,-1536.0
modular,transformer_publication_20260622T101458Z_modular_seed109,109,standard,effective_rank,effective_rank,effective_rank,False,512,3,-0.28126459439264745,0.0776968435657301,512.0,512.0,0.0
modular,transformer_publication_20260622T101458Z_modular_seed109,109,standard,effective_rank,effective_rank,effective_rank,False,1024,3,-0.4668375248301993,0.16163718348942077,1024.0,960.0,64.0
modular,transformer_publication_20260622T101458Z_modular_seed109,109,standard,effective_rank,effective_rank,effective_rank,False,1536,3,-0.13958104018366177,0.06833159902878934,1536.0,1536.0,0.0
modular,transformer_publication_20260622T101458Z_modular_seed109,109,standard,effective_rank,effective_rank,effective_rank,False,2048,3,-0.1263938579776822,0.05515088449531743,2048.0,1920.0,128.0
modular,transformer_publication_20260622T101458Z_modular_seed109,109,standard,effective_rank,effective_rank,effective_rank,False,3072,3,-0.0642551764757981,0.012486992715920908,3072.0,3072.0,0.0
modular,transformer_publication_20260622T101458Z_modular_seed109,109,standard,effective_rank,effective_rank,effective_rank,False,4096,3,-0.0778046650950937,0.009712105445716213,4096.0,3840.0,256.0
modular,transformer_publication_20260622T101458Z_modular_seed109,109,standard,gradient_norm,gradient_norm,gradient_norm,False,512,3,-0.07629396181076802,0.02462712452306622,512.0,512.0,0.0
modular,transformer_publication_20260622T101458Z_modular_seed109,109,standard,gradient_norm,gradient_norm,gradient_norm,False,1024,3,-0.3729402408432804,0.13354144987859864,1024.0,960.0,64.0
modular,transformer_publication_20260622T101458Z_modular_seed109,109,standard,gradient_norm,gradient_norm,gradient_norm,False,1536,3,-0.008987298524094486,0.003468609087755814,1536.0,1536.0,0.0
modular,transformer_publication_20260622T101458Z_modular_seed109,109,standard,gradient_norm,gradient_norm,gradient_norm,False,2048,3,-0.17046794319603534,0.06104751994450223,2048.0,1920.0,128.0
modular,transformer_publication_20260622T101458Z_modular_seed109,109,standard,gradient_norm,gradient_norm,gradient_norm,False,3072,3,0.004926368402930305,-0.0003468609087754852,3072.0,3072.0,0.0
modular,transformer_publication_20260622T101458Z_modular_seed109,109,standard,gradient_norm,gradient_norm,gradient_norm,False,4096,3,-0.08555399018920963,0.009712105445716213,4096.0,3840.0,256.0
modular,transformer_publication_20260622T101458Z_modular_seed109,109,standard,marginal_gain_edge,marginal_gain_edge,marginal_gain_edge,False,512,3,-0.010952863724662754,-0.0031217481789802735,448.0,512.0,-64.0
modular,transformer_publication_20260622T101458Z_modular_seed109,109,standard,marginal_gain_edge,marginal_gain_edge,marginal_gain_edge,False,1024,3,-0.3609657652502957,0.11515782171349291,1024.0,960.0,64.0
modular,transformer_publication_20260622T101458Z_modular_seed109,109,standard,marginal_gain_edge,marginal_gain_edge,marginal_gain_edge,False,1536,3,-0.1602384928217209,0.07006590357266733,1536.0,1536.0,0.0
modular,transformer_publication_20260622T101458Z_modular_seed109,109,standard,marginal_gain_edge,marginal_gain_edge,marginal_gain_edge,False,2048,3,-0.19970569262126647,0.06937218175511617,2048.0,1920.0,128.0
modular,transformer_publication_20260622T101458Z_modular_seed109,109,standard,marginal_gain_edge,marginal_gain_edge,marginal_gain_edge,False,3072,3,-0.08005642437770513,0.012140131807145313,3072.0,3072.0,0.0
modular,transformer_publication_20260622T101458Z_modular_seed109,109,standard,marginal_gain_edge,marginal_gain_edge,marginal_gain_edge,False,4096,3,-0.1060377796068452,0.009712105445716213,4096.0,3840.0,256.0
modular,transformer_publication_20260622T101458Z_modular_seed109,109,standard,marginal_gain_soft,marginal_gain_soft,marginal_gain_soft,False,512,3,-0.010952863724662754,-0.0031217481789802735,448.0,512.0,-64.0
modular,transformer_publication_20260622T101458Z_modular_seed109,109,standard,marginal_gain_soft,marginal_gain_soft,marginal_gain_soft,False,1024,3,-0.3896537406594233,0.12937911897329177,1024.0,960.0,64.0
modular,transformer_publication_20260622T101458Z_modular_seed109,109,standard,marginal_gain_soft,marginal_gain_soft,marginal_gain_soft,False,1536,3,-0.0824112689230453,0.035379812695109335,1472.0,1536.0,-64.0
modular,transformer_publication_20260622T101458Z_modular_seed109,109,standard,marginal_gain_soft,marginal_gain_soft,marginal_gain_soft,False,2048,3,-0.16211828623035493,0.056885189039195296,1984.0,1920.0,64.0
modular,transformer_publication_20260622T101458Z_modular_seed109,109,standard,marginal_gain_soft,marginal_gain_soft,marginal_gain_soft,False,3072,3,-0.0836844891128836,0.012486992715920908,3072.0,3072.0,0.0
modular,transformer_publication_20260622T101458Z_modular_seed109,109,standard,marginal_gain_soft,marginal_gain_soft,marginal_gain_soft,False,4096,3,-0.08864356255261514,0.009712105445716213,4096.0,3840.0,256.0
modular,transformer_publication_20260622T101458Z_modular_seed109,109,standard,soft_dimension,soft_dimension,soft_dimension,True,512,3,-0.28126459439264745,0.0776968435657301,512.0,512.0,0.0
modular,transformer_publication_20260622T101458Z_modular_seed109,109,standard,soft_dimension,soft_dimension,soft_dimension,True,1024,3,-0.4068776682313846,0.15019077349982657,1024.0,960.0,64.0
modular,transformer_publication_20260622T101458Z_modular_seed109,109,standard,soft_dimension,soft_dimension,soft_dimension,True,1536,3,-0.1513293861329783,0.06763787721123822,1536.0,1536.0,0.0
modular,transformer_publication_20260622T101458Z_modular_seed109,109,standard,soft_dimension,soft_dimension,soft_dimension,True,2048,3,-0.1263938579776822,0.05515088449531743,2048.0,1920.0,128.0
modular,transformer_publication_20260622T101458Z_modular_seed109,109,standard,soft_dimension,soft_dimension,soft_dimension,True,3072,3,-0.0642551764757981,0.012486992715920908,3072.0,3072.0,0.0
modular,transformer_publication_20260622T101458Z_modular_seed109,109,standard,soft_dimension,soft_dimension,soft_dimension,True,4096,3,-0.0778046650950937,0.009712105445716213,4096.0,3840.0,256.0
modular,transformer_publication_20260622T101458Z_modular_seed109,109,standard,uniform,uniform,uniform,False,512,3,9.07783130134843,-0.34755463059313213,0.0,512.0,-512.0
modular,transformer_publication_20260622T101458Z_modular_seed109,109,standard,uniform,uniform,uniform,False,1024,3,10.087432936542031,-0.6375303503295179,0.0,960.0,-960.0
modular,transformer_publication_20260622T101458Z_modular_seed109,109,standard,uniform,uniform,uniform,False,1536,3,0.15781277216560013,-0.05792577176552205,1152.0,1536.0,-384.0
modular,transformer_publication_20260622T101458Z_modular_seed109,109,standard,uniform,uniform,uniform,False,2048,3,0.3229756351460858,-0.11585154353104406,1152.0,1920.0,-768.0
modular,transformer_publication_20260622T101458Z_modular_seed109,109,standard,uniform,uniform,uniform,False,3072,3,0.058708953766453964,-0.006937218175511665,2304.0,3072.0,-768.0
modular,transformer_publication_20260622T101458Z_modular_seed109,109,standard,uniform,uniform,uniform,False,4096,3,0.11942286279273451,-0.027748872702046623,2304.0,3840.0,-1536.0
modular,transformer_publication_20260622T101458Z_modular_seed113,113,fixed_update_scale,effective_rank,effective_rank,effective_rank,False,512,3,0.5033376670073935,-0.13007284079084291,448.0,512.0,-64.0
modular,transformer_publication_20260622T101458Z_modular_seed113,113,fixed_update_scale,effective_rank,effective_rank,effective_rank,False,1024,3,-0.49625997519766,0.18210197710718,1024.0,960.0,64.0
modular,transformer_publication_20260622T101458Z_modular_seed113,113,fixed_update_scale,effective_rank,effective_rank,effective_rank,False,1536,3,-0.3178387715446011,0.11134235171696154,1536.0,1536.0,0.0
modular,transformer_publication_20260622T101458Z_modular_seed113,113,fixed_update_scale,effective_rank,effective_rank,effective_rank,False,2048,3,-0.29199981950985815,0.11862643080124861,2048.0,1920.0,128.0
modular,transformer_publication_20260622T101458Z_modular_seed113,113,fixed_update_scale,effective_rank,effective_rank,effective_rank,False,3072,3,-0.13557360311721378,0.04717308359347908,3072.0,3072.0,0.0
modular,transformer_publication_20260622T101458Z_modular_seed113,113,fixed_update_scale,effective_rank,effective_rank,effective_rank,False,4096,3,-0.09242058897593185,0.03676725633021164,4096.0,3840.0,256.0
modular,transformer_publication_20260622T101458Z_modular_seed113,113,fixed_update_scale,gradient_norm,gradient_norm,gradient_norm,False,512,3,-0.28880227426667204,0.06070065903572666,448.0,512.0,-64.0
modular,transformer_publication_20260622T101458Z_modular_seed113,113,fixed_update_scale,gradient_norm,gradient_norm,gradient_norm,False,1024,3,-0.6429838279531599,0.2313562261533125,1024.0,960.0,64.0
modular,transformer_publication_20260622T101458Z_modular_seed113,113,fixed_update_scale,gradient_norm,gradient_norm,gradient_norm,False,1536,3,-0.33836242582415116,0.13146028442594526,1472.0,1536.0,-64.0
modular,transformer_publication_20260622T101458Z_modular_seed113,113,fixed_update_scale,gradient_norm,gradient_norm,gradient_norm,False,2048,3,-0.2833368475450395,0.10475199445022547,2048.0,1920.0,128.0
modular,transformer_publication_20260622T101458Z_modular_seed113,113,fixed_update_scale,gradient_norm,gradient_norm,gradient_norm,False,3072,3,-0.16925459418948474,0.04960110995490811,3072.0,3072.0,0.0
modular,transformer_publication_20260622T101458Z_modular_seed113,113,fixed_update_scale,gradient_norm,gradient_norm,gradient_norm,False,4096,3,-0.17652449473361362,0.045785639958376735,4096.0,3840.0,256.0
modular,transformer_publication_20260622T101458Z_modular_seed113,113,fixed_update_scale,marginal_gain_edge,marginal_gain_edge,marginal_gain_edge,False,512,3,0.6533957798779526,-0.14776274713839754,448.0,512.0,-64.0
modular,transformer_publication_20260622T101458Z_modular_seed113,113,fixed_update_scale,marginal_gain_edge,marginal_gain_edge,marginal_gain_edge,False,1024,3,0.2890418213851908,-0.06971904266389178,1024.0,960.0,64.0
modular,transformer_publication_20260622T101458Z_modular_seed113,113,fixed_update_scale,marginal_gain_edge,marginal_gain_edge,marginal_gain_edge,False,1536,3,-0.4043927870915658,0.15123135622615333,1536.0,1536.0,0.0
modular,transformer_publication_20260622T101458Z_modular_seed113,113,fixed_update_scale,marginal_gain_edge,marginal_gain_edge,marginal_gain_edge,False,2048,3,-0.29199981950985815,0.11862643080124861,2048.0,1920.0,128.0
modular,transformer_publication_20260622T101458Z_modular_seed113,113,fixed_update_scale,marginal_gain_edge,marginal_gain_edge,marginal_gain_edge,False,3072,3,-0.1315917105976385,0.03433922996878266,3072.0,3072.0,0.0
modular,transformer_publication_20260622T101458Z_modular_seed113,113,fixed_update_scale,marginal_gain_edge,marginal_gain_edge,marginal_gain_edge,False,4096,3,-0.10759828709249403,0.031564342698577885,3840.0,3840.0,0.0
modular,transformer_publication_20260622T101458Z_modular_seed113,113,fixed_update_scale,marginal_gain_soft,marginal_gain_soft,marginal_gain_soft,False,512,3,0.6533957798779526,-0.14776274713839754,448.0,512.0,-64.0
modular,transformer_publication_20260622T101458Z_modular_seed113,113,fixed_update_scale,marginal_gain_soft,marginal_gain_soft,marginal_gain_soft,False,1024,3,0.2890418213851908,-0.06971904266389178,1024.0,960.0,64.0
modular,transformer_publication_20260622T101458Z_modular_seed113,113,fixed_update_scale,marginal_gain_soft,marginal_gain_soft,marginal_gain_soft,False,1536,3,-0.4043927870915658,0.15123135622615333,1536.0,1536.0,0.0
modular,transformer_publication_20260622T101458Z_modular_seed113,113,fixed_update_scale,marginal_gain_soft,marginal_gain_soft,marginal_gain_soft,False,2048,3,-0.29199981950985815,0.11862643080124861,2048.0,1920.0,128.0
modular,transformer_publication_20260622T101458Z_modular_seed113,113,fixed_update_scale,marginal_gain_soft,marginal_gain_soft,marginal_gain_soft,False,3072,3,-0.1315917105976385,0.03433922996878266,3072.0,3072.0,0.0
modular,transformer_publication_20260622T101458Z_modular_seed113,113,fixed_update_scale,marginal_gain_soft,marginal_gain_soft,marginal_gain_soft,False,4096,3,-0.09242058897593185,0.03676725633021164,4096.0,3840.0,256.0
modular,transformer_publication_20260622T101458Z_modular_seed113,113,fixed_update_scale,soft_dimension,soft_dimension,soft_dimension,True,512,3,0.5033376670073935,-0.13007284079084291,448.0,512.0,-64.0
modular,transformer_publication_20260622T101458Z_modular_seed113,113,fixed_update_scale,soft_dimension,soft_dimension,soft_dimension,True,1024,3,-0.6028778455425293,0.1984044398196323,1024.0,960.0,64.0
modular,transformer_publication_20260622T101458Z_modular_seed113,113,fixed_update_scale,soft_dimension,soft_dimension,soft_dimension,True,1536,3,-0.22102994497889986,0.08324661810613947,1472.0,1536.0,-64.0
modular,transformer_publication_20260622T101458Z_modular_seed113,113,fixed_update_scale,soft_dimension,soft_dimension,soft_dimension,True,2048,3,-0.29199981950985815,0.11862643080124861,2048.0,1920.0,128.0
modular,transformer_publication_20260622T101458Z_modular_seed113,113,fixed_update_scale,soft_dimension,soft_dimension,soft_dimension,True,3072,3,-0.13557360311721378,0.04717308359347908,3072.0,3072.0,0.0
modular,transformer_publication_20260622T101458Z_modular_seed113,113,fixed_update_scale,soft_dimension,soft_dimension,soft_dimension,True,4096,3,-0.09242058897593185,0.03676725633021164,4096.0,3840.0,256.0
modular,transformer_publication_20260622T101458Z_modular_seed113,113,fixed_update_scale,uniform,uniform,uniform,False,512,3,13.119502703844985,-0.24037460978147762,0.0,512.0,-512.0
modular,transformer_publication_20260622T101458Z_modular_seed113,113,fixed_update_scale,uniform,uniform,uniform,False,1024,3,13.872499033514098,-0.44849115504682624,0.0,960.0,-960.0
modular,transformer_publication_20260622T101458Z_modular_seed113,113,fixed_update_scale,uniform,uniform,uniform,False,1536,3,0.07881835029640431,-0.05064169268123483,1152.0,1536.0,-384.0
modular,transformer_publication_20260622T101458Z_modular_seed113,113,fixed_update_scale,uniform,uniform,uniform,False,2048,3,0.2759144742208515,-0.08463406174124181,1152.0,1920.0,-768.0
modular,transformer_publication_20260622T101458Z_modular_seed113,113,fixed_update_scale,uniform,uniform,uniform,False,3072,3,0.2373676009985295,-0.08289975719736387,2304.0,3072.0,-768.0
modular,transformer_publication_20260622T101458Z_modular_seed113,113,fixed_update_scale,uniform,uniform,uniform,False,4096,3,0.143603289877835,-0.05133541449878598,2304.0,3840.0,-1536.0
modular,transformer_publication_20260622T101458Z_modular_seed113,113,rslora,effective_rank,effective_rank,effective_rank,False,512,3,0.4419976088722006,-0.10058966354491843,448.0,512.0,-64.0
modular,transformer_publication_20260622T101458Z_modular_seed113,113,rslora,effective_rank,effective_rank,effective_rank,False,1024,3,-0.9665429075889773,0.3260492542490462,1024.0,960.0,64.0
modular,transformer_publication_20260622T101458Z_modular_seed113,113,rslora,effective_rank,effective_rank,effective_rank,False,1536,3,-0.25033100568044947,0.09226500173430456,1536.0,1536.0,0.0
modular,transformer_publication_20260622T101458Z_modular_seed113,113,rslora,effective_rank,effective_rank,effective_rank,False,2048,3,-0.14345608172506,0.04197016996184529,2048.0,1920.0,128.0
modular,transformer_publication_20260622T101458Z_modular_seed113,113,rslora,effective_rank,effective_rank,effective_rank,False,3072,3,-0.12936997296824215,0.0551508844953175,3072.0,3072.0,0.0
modular,transformer_publication_20260622T101458Z_modular_seed113,113,rslora,effective_rank,effective_rank,effective_rank,False,4096,3,-0.05910130436433674,0.027402011793270915,4096.0,3840.0,256.0
modular,transformer_publication_20260622T101458Z_modular_seed113,113,rslora,gradient_norm,gradient_norm,gradient_norm,False,512,3,-0.33874882123472805,0.07075962539021857,448.0,512.0,-64.0
modular,transformer_publication_20260622T101458Z_modular_seed113,113,rslora,gradient_norm,gradient_norm,gradient_norm,False,1024,3,-0.9613533422759204,0.31321540062434966,1024.0,960.0,64.0
modular,transformer_publication_20260622T101458Z_modular_seed113,113,rslora,gradient_norm,gradient_norm,gradient_norm,False,1536,3,-0.2175321128895165,0.08289975719736382,1472.0,1536.0,-64.0
modular,transformer_publication_20260622T101458Z_modular_seed113,113,rslora,gradient_norm,gradient_norm,gradient_norm,False,2048,3,-0.2220325470177448,0.07110648629899412,2048.0,1920.0,128.0
modular,transformer_publication_20260622T101458Z_modular_seed113,113,rslora,gradient_norm,gradient_norm,gradient_norm,False,3072,3,-0.25934478945247097,0.0835934790149152,3072.0,3072.0,0.0
modular,transformer_publication_20260622T101458Z_modular_seed113,113,rslora,gradient_norm,gradient_norm,gradient_norm,False,4096,3,-0.14165686781605705,0.040235865417967455,4096.0,3840.0,256.0
modular,transformer_publication_20260622T101458Z_modular_seed113,113,rslora,marginal_gain_edge,marginal_gain_edge,marginal_gain_edge,False,512,3,0.6066866154229106,-0.13978494623655913,448.0,512.0,-64.0
modular,transformer_publication_20260622T101458Z_modular_seed113,113,rslora,marginal_gain_edge,marginal_gain_edge,marginal_gain_edge,False,1024,3,0.4867476849683324,-0.10579257717655217,1024.0,960.0,64.0
modular,transformer_publication_20260622T101458Z_modular_seed113,113,rslora,marginal_gain_edge,marginal_gain_edge,marginal_gain_edge,False,1536,3,-0.42189966022782227,0.1460284425945196,1536.0,1536.0,0.0
modular,transformer_publication_20260622T101458Z_modular_seed113,113,rslora,marginal_gain_edge,marginal_gain_edge,marginal_gain_edge,False,2048,3,-0.14345608172506,0.04197016996184529,2048.0,1920.0,128.0
modular,transformer_publication_20260622T101458Z_modular_seed113,113,rslora,marginal_gain_edge,marginal_gain_edge,marginal_gain_edge,False,3072,3,-0.2370596180617955,0.07214706902532093,3072.0,3072.0,0.0
modular,transformer_publication_20260622T101458Z_modular_seed113,113,rslora,marginal_gain_edge,marginal_gain_edge,marginal_gain_edge,False,4096,3,-0.0659230533538905,0.03607353451266052,3840.0,3840.0,0.0
modular,transformer_publication_20260622T101458Z_modular_seed113,113,rslora,marginal_gain_soft,marginal_gain_soft,marginal_gain_soft,False,512,3,0.6066866154229106,-0.13978494623655913,448.0,512.0,-64.0
modular,transformer_publication_20260622T101458Z_modular_seed113,113,rslora,marginal_gain_soft,marginal_gain_soft,marginal_gain_soft,False,1024,3,0.4867476849683324,-0.10579257717655217,1024.0,960.0,64.0
modular,transformer_publication_20260622T101458Z_modular_seed113,113,rslora,marginal_gain_soft,marginal_gain_soft,marginal_gain_soft,False,1536,3,-0.42189966022782227,0.1460284425945196,1536.0,1536.0,0.0
modular,transformer_publication_20260622T101458Z_modular_seed113,113,rslora,marginal_gain_soft,marginal_gain_soft,marginal_gain_soft,False,2048,3,-0.14345608172506,0.04197016996184529,2048.0,1920.0,128.0
modular,transformer_publication_20260622T101458Z_modular_seed113,113,rslora,marginal_gain_soft,marginal_gain_soft,marginal_gain_soft,False,3072,3,-0.2370596180617955,0.07214706902532093,3072.0,3072.0,0.0
modular,transformer_publication_20260622T101458Z_modular_seed113,113,rslora,marginal_gain_soft,marginal_gain_soft,marginal_gain_soft,False,4096,3,-0.05910130436433674,0.027402011793270915,4096.0,3840.0,256.0
modular,transformer_publication_20260622T101458Z_modular_seed113,113,rslora,soft_dimension,soft_dimension,soft_dimension,True,512,3,0.4419976088722006,-0.10058966354491843,448.0,512.0,-64.0
modular,transformer_publication_20260622T101458Z_modular_seed113,113,rslora,soft_dimension,soft_dimension,soft_dimension,True,1024,3,-0.9840248901729073,0.3128685397155741,1024.0,960.0,64.0
modular,transformer_publication_20260622T101458Z_modular_seed113,113,rslora,soft_dimension,soft_dimension,soft_dimension,True,1536,3,-0.26346340766186277,0.10405827263267431,1472.0,1536.0,-64.0
modular,transformer_publication_20260622T101458Z_modular_seed113,113,rslora,soft_dimension,soft_dimension,soft_dimension,True,2048,3,-0.14345608172506,0.04197016996184529,2048.0,1920.0,128.0
modular,transformer_publication_20260622T101458Z_modular_seed113,113,rslora,soft_dimension,soft_dimension,soft_dimension,True,3072,3,-0.12936997296824215,0.0551508844953175,3072.0,3072.0,0.0
modular,transformer_publication_20260622T101458Z_modular_seed113,113,rslora,soft_dimension,soft_dimension,soft_dimension,True,4096,3,-0.05910130436433674,0.027402011793270915,4096.0,3840.0,256.0
modular,transformer_publication_20260622T101458Z_modular_seed113,113,rslora,uniform,uniform,uniform,False,512,3,13.031596822950355,-0.2195629552549427,0.0,512.0,-512.0
modular,transformer_publication_20260622T101458Z_modular_seed113,113,rslora,uniform,uniform,uniform,False,1024,3,13.481554406407888,-0.3315990287894554,0.0,960.0,-960.0
modular,transformer_publication_20260622T101458Z_modular_seed113,113,rslora,uniform,uniform,uniform,False,1536,3,0.1640497629236439,-0.0669441553936871,1152.0,1536.0,-384.0
modular,transformer_publication_20260622T101458Z_modular_seed113,113,rslora,uniform,uniform,uniform,False,2048,3,0.5592759742304305,-0.22580645161290325,1152.0,1920.0,-768.0
modular,transformer_publication_20260622T101458Z_modular_seed113,113,rslora,uniform,uniform,uniform,False,3072,3,-0.0011049429244810356,-0.0003468609087754482,2304.0,3072.0,-768.0
modular,transformer_publication_20260622T101458Z_modular_seed113,113,rslora,uniform,uniform,uniform,False,4096,3,0.18616757639840462,-0.05341657995143945,2304.0,3840.0,-1536.0
modular,transformer_publication_20260622T101458Z_modular_seed113,113,standard,effective_rank,effective_rank,effective_rank,False,512,3,0.02977854966538433,-0.010405827263267395,448.0,512.0,-64.0
modular,transformer_publication_20260622T101458Z_modular_seed113,113,standard,effective_rank,effective_rank,effective_rank,False,1024,3,-1.1494423201462067,0.34720776968435657,1024.0,960.0,64.0
modular,transformer_publication_20260622T101458Z_modular_seed113,113,standard,effective_rank,effective_rank,effective_rank,False,1536,3,-0.16947415401817323,0.0638224072147069,1536.0,1536.0,0.0
modular,transformer_publication_20260622T101458Z_modular_seed113,113,standard,effective_rank,effective_rank,effective_rank,False,2048,3,-0.0716329226570745,0.02913631633714882,2048.0,1920.0,128.0
modular,transformer_publication_20260622T101458Z_modular_seed113,113,standard,effective_rank,effective_rank,effective_rank,False,3072,3,-0.01921849365743795,0.00936524453694069,3072.0,3072.0,0.0
modular,transformer_publication_20260622T101458Z_modular_seed113,113,standard,effective_rank,effective_rank,effective_rank,False,4096,3,-0.03439414777711904,0.015261879986125678,4096.0,3840.0,256.0
modular,transformer_publication_20260622T101458Z_modular_seed113,113,standard,gradient_norm,gradient_norm,gradient_norm,False,512,3,-0.7479681785926194,0.15712799167533828,448.0,512.0,-64.0
modular,transformer_publication_20260622T101458Z_modular_seed113,113,standard,gradient_norm,gradient_norm,gradient_norm,False,1024,3,-0.5653944277655858,0.16788067984738123,1024.0,960.0,64.0
modular,transformer_publication_20260622T101458Z_modular_seed113,113,standard,gradient_norm,gradient_norm,gradient_norm,False,1536,3,-0.30236815393198463,0.10371141172389874,1472.0,1536.0,-64.0
modular,transformer_publication_20260622T101458Z_modular_seed113,113,standard,gradient_norm,gradient_norm,gradient_norm,False,2048,3,-0.1367505959988137,0.0433576135969476,2048.0,1920.0,128.0
modular,transformer_publication_20260622T101458Z_modular_seed113,113,standard,gradient_norm,gradient_norm,gradient_norm,False,3072,3,-0.06484906808539397,0.013874436351023292,3072.0,3072.0,0.0
modular,transformer_publication_20260622T101458Z_modular_seed113,113,standard,gradient_norm,gradient_norm,gradient_norm,False,4096,3,-0.09078915734031402,0.019771071800208206,4096.0,3840.0,256.0
modular,transformer_publication_20260622T101458Z_modular_seed113,113,standard,marginal_gain_edge,marginal_gain_edge,marginal_gain_edge,False,512,3,-0.0010770869842221902,-0.0031217481789801624,448.0,512.0,-64.0
modular,transformer_publication_20260622T101458Z_modular_seed113,113,standard,marginal_gain_edge,marginal_gain_edge,marginal_gain_edge,False,1024,3,0.3052900776117163,-0.056191467221644094,1024.0,960.0,64.0
modular,transformer_publication_20260622T101458Z_modular_seed113,113,standard,marginal_gain_edge,marginal_gain_edge,marginal_gain_edge,False,1536,3,-0.19814706872082652,0.08255289628858829,1536.0,1536.0,0.0
modular,transformer_publication_20260622T101458Z_modular_seed113,113,standard,marginal_gain_edge,marginal_gain_edge,marginal_gain_edge,False,2048,3,-0.0716329226570745,0.02913631633714882,2048.0,1920.0,128.0
modular,transformer_publication_20260622T101458Z_modular_seed113,113,standard,marginal_gain_edge,marginal_gain_edge,marginal_gain_edge,False,3072,3,-0.009433018227769726,-0.00346860908775574,3072.0,3072.0,0.0
modular,transformer_publication_20260622T101458Z_modular_seed113,113,standard,marginal_gain_edge,marginal_gain_edge,marginal_gain_edge,False,4096,3,0.06766243062931507,-0.01318071453347199,3840.0,3840.0,0.0
modular,transformer_publication_20260622T101458Z_modular_seed113,113,standard,marginal_gain_soft,marginal_gain_soft,marginal_gain_soft,False,512,3,-0.0010770869842221902,-0.0031217481789801624,448.0,512.0,-64.0
modular,transformer_publication_20260622T101458Z_modular_seed113,113,standard,marginal_gain_soft,marginal_gain_soft,marginal_gain_soft,False,1024,3,0.3052900776117163,-0.056191467221644094,1024.0,960.0,64.0
modular,transformer_publication_20260622T101458Z_modular_seed113,113,standard,marginal_gain_soft,marginal_gain_soft,marginal_gain_soft,False,1536,3,-0.19814706872082652,0.08255289628858829,1536.0,1536.0,0.0
modular,transformer_publication_20260622T101458Z_modular_seed113,113,standard,marginal_gain_soft,marginal_gain_soft,marginal_gain_soft,False,2048,3,-0.0716329226570745,0.02913631633714882,2048.0,1920.0,128.0
modular,transformer_publication_20260622T101458Z_modular_seed113,113,standard,marginal_gain_soft,marginal_gain_soft,marginal_gain_soft,False,3072,3,-0.009433018227769726,-0.00346860908775574,3072.0,3072.0,0.0
modular,transformer_publication_20260622T101458Z_modular_seed113,113,standard,marginal_gain_soft,marginal_gain_soft,marginal_gain_soft,False,4096,3,-0.03439414777711904,0.015261879986125678,4096.0,3840.0,256.0
modular,transformer_publication_20260622T101458Z_modular_seed113,113,standard,soft_dimension,soft_dimension,soft_dimension,True,512,3,0.02977854966538433,-0.010405827263267395,448.0,512.0,-64.0
modular,transformer_publication_20260622T101458Z_modular_seed113,113,standard,soft_dimension,soft_dimension,soft_dimension,True,1024,3,-1.6359217796026317,0.49635796045785646,1024.0,960.0,64.0
modular,transformer_publication_20260622T101458Z_modular_seed113,113,standard,soft_dimension,soft_dimension,soft_dimension,True,1536,3,-0.3829738620127236,0.14637530350329522,1472.0,1536.0,-64.0
modular,transformer_publication_20260622T101458Z_modular_seed113,113,standard,soft_dimension,soft_dimension,soft_dimension,True,2048,3,-0.0716329226570745,0.02913631633714882,2048.0,1920.0,128.0
modular,transformer_publication_20260622T101458Z_modular_seed113,113,standard,soft_dimension,soft_dimension,soft_dimension,True,3072,3,-0.01921849365743795,0.00936524453694069,3072.0,3072.0,0.0
modular,transformer_publication_20260622T101458Z_modular_seed113,113,standard,soft_dimension,soft_dimension,soft_dimension,True,4096,3,-0.03439414777711904,0.015261879986125678,4096.0,3840.0,256.0
modular,transformer_publication_20260622T101458Z_modular_seed113,113,standard,uniform,uniform,uniform,False,512,3,12.457302807686522,-0.086021505376344,0.0,512.0,-512.0
modular,transformer_publication_20260622T101458Z_modular_seed113,113,standard,uniform,uniform,uniform,False,1024,3,12.771134550439953,-0.14394727714186606,0.0,960.0,-960.0
modular,transformer_publication_20260622T101458Z_modular_seed113,113,standard,uniform,uniform,uniform,False,1536,3,0.5390643873977199,-0.1897329171002428,1152.0,1536.0,-384.0
modular,transformer_publication_20260622T101458Z_modular_seed113,113,standard,uniform,uniform,uniform,False,2048,3,0.5720609044846751,-0.21054457162677764,1152.0,1920.0,-768.0
modular,transformer_publication_20260622T101458Z_modular_seed113,113,standard,uniform,uniform,uniform,False,3072,3,0.26167772899495206,-0.10197710718002077,2304.0,3072.0,-768.0
modular,transformer_publication_20260622T101458Z_modular_seed113,113,standard,uniform,uniform,uniform,False,4096,3,0.3207075133728477,-0.11515782171349283,2304.0,3840.0,-1536.0
