target,predictor,n,r2_log2_target,spearman,rmse_log2,run_dir,condition,seed
best_rank,gradient_detectable_rank,48,,,0.0,runs/20260612_160944_stage4_hard_s101,hard_knee,101
best_rank,predicted_rank_detectable,48,,,0.0,runs/20260612_160944_stage4_hard_s101,hard_knee,101
best_rank,gradient_effective_rank,48,,,0.0,runs/20260612_160944_stage4_hard_s101,hard_knee,101
best_rank,gradient_stable_rank,48,,,0.0,runs/20260612_160944_stage4_hard_s101,hard_knee,101
best_rank,raw_gradient_detectable_rank,48,,,0.0,runs/20260612_160944_stage4_hard_s101,hard_knee,101
best_rank,raw_gradient_effective_rank,48,,,0.0,runs/20260612_160944_stage4_hard_s101,hard_knee,101
best_rank,raw_gradient_stable_rank,48,,,0.0,runs/20260612_160944_stage4_hard_s101,hard_knee,101
best_rank,predicted_rank_raw_detectable,48,,,0.0,runs/20260612_160944_stage4_hard_s101,hard_knee,101
best_rank,predicted_rank_raw_effective,48,,,0.0,runs/20260612_160944_stage4_hard_s101,hard_knee,101
best_rank,predicted_rank_raw_stable,48,,,0.0,runs/20260612_160944_stage4_hard_s101,hard_knee,101
best_rank,whitened_gradient_detectable_rank,48,,,0.0,runs/20260612_160944_stage4_hard_s101,hard_knee,101
best_rank,whitened_gradient_effective_rank,48,,,0.0,runs/20260612_160944_stage4_hard_s101,hard_knee,101
best_rank,whitened_gradient_stable_rank,48,,,0.0,runs/20260612_160944_stage4_hard_s101,hard_knee,101
best_rank,predicted_rank_whitened_detectable,48,,,0.0,runs/20260612_160944_stage4_hard_s101,hard_knee,101
best_rank,predicted_rank_whitened_effective,48,,,0.0,runs/20260612_160944_stage4_hard_s101,hard_knee,101
best_rank,predicted_rank_whitened_stable,48,,,0.0,runs/20260612_160944_stage4_hard_s101,hard_knee,101
best_rank,true_k_strong,48,,,0.0,runs/20260612_160944_stage4_hard_s101,hard_knee,101
near_best_rank_gap_0.02,true_k_strong,48,0.8318007385897095,0.8955940729137881,0.7119928967930736,runs/20260612_160944_stage4_hard_s101,hard_knee,101
near_best_rank_gap_0.02,gradient_effective_rank,48,0.8304938144704378,0.884858655589087,0.7147536702707347,runs/20260612_160944_stage4_hard_s101,hard_knee,101
near_best_rank_gap_0.02,whitened_gradient_effective_rank,48,0.8304938144704378,0.884858655589087,0.7147536702707347,runs/20260612_160944_stage4_hard_s101,hard_knee,101
near_best_rank_gap_0.02,gradient_detectable_rank,48,0.8296982530826857,0.890210950840716,0.7164290214616248,runs/20260612_160944_stage4_hard_s101,hard_knee,101
near_best_rank_gap_0.02,whitened_gradient_detectable_rank,48,0.8296982530826857,0.890210950840716,0.7164290214616248,runs/20260612_160944_stage4_hard_s101,hard_knee,101
near_best_rank_gap_0.02,predicted_rank_detectable,48,0.8090574544972318,0.8785529970342099,0.758603728113008,runs/20260612_160944_stage4_hard_s101,hard_knee,101
near_best_rank_gap_0.02,predicted_rank_whitened_detectable,48,0.8090574544972318,0.8785529970342099,0.758603728113008,runs/20260612_160944_stage4_hard_s101,hard_knee,101
near_best_rank_gap_0.02,raw_gradient_effective_rank,48,0.7954871725562271,0.8548144104923752,0.7850980437295955,runs/20260612_160944_stage4_hard_s101,hard_knee,101
near_best_rank_gap_0.02,predicted_rank_whitened_effective,48,0.7841787697005482,0.858279182284697,0.8065117531603913,runs/20260612_160944_stage4_hard_s101,hard_knee,101
near_best_rank_gap_0.02,gradient_stable_rank,48,0.7686390307252167,0.8440763747448466,0.8350426663469558,runs/20260612_160944_stage4_hard_s101,hard_knee,101
near_best_rank_gap_0.02,whitened_gradient_stable_rank,48,0.7686390307252167,0.8440763747448466,0.8350426663469558,runs/20260612_160944_stage4_hard_s101,hard_knee,101
near_best_rank_gap_0.02,raw_gradient_detectable_rank,48,0.6901448590619023,0.7587490796577869,0.9663689597862888,runs/20260612_160944_stage4_hard_s101,hard_knee,101
near_best_rank_gap_0.02,predicted_rank_raw_effective,48,0.6408610985035466,0.797026066040455,1.0403868245935848,runs/20260612_160944_stage4_hard_s101,hard_knee,101
near_best_rank_gap_0.02,predicted_rank_raw_detectable,48,0.6255949233209942,0.7268544544966873,1.0622689398388945,runs/20260612_160944_stage4_hard_s101,hard_knee,101
near_best_rank_gap_0.02,raw_gradient_stable_rank,48,0.6244610278693474,0.7408131915976292,1.06387627826234,runs/20260612_160944_stage4_hard_s101,hard_knee,101
near_best_rank_gap_0.02,predicted_rank_whitened_stable,48,0.5858345608605753,0.7726058581223669,1.1172504711048905,runs/20260612_160944_stage4_hard_s101,hard_knee,101
near_best_rank_gap_0.02,predicted_rank_raw_stable,48,0.30935912346208,0.5592284879608681,1.4427455991997065,runs/20260612_160944_stage4_hard_s101,hard_knee,101
near_best_rank_gap_0.05,true_k_strong,48,0.8873438362401374,0.9271977336551418,0.5030271417329328,runs/20260612_160944_stage4_hard_s101,hard_knee,101
near_best_rank_gap_0.05,gradient_detectable_rank,48,0.8872472889587101,0.9242213875890738,0.5032426448199687,runs/20260612_160944_stage4_hard_s101,hard_knee,101
near_best_rank_gap_0.05,whitened_gradient_detectable_rank,48,0.8872472889587101,0.9242213875890738,0.5032426448199687,runs/20260612_160944_stage4_hard_s101,hard_knee,101
near_best_rank_gap_0.05,gradient_effective_rank,48,0.8763803344514841,0.9080127570399006,0.5269358197784735,runs/20260612_160944_stage4_hard_s101,hard_knee,101
near_best_rank_gap_0.05,whitened_gradient_effective_rank,48,0.8763803344514841,0.9080127570399006,0.5269358197784735,runs/20260612_160944_stage4_hard_s101,hard_knee,101
near_best_rank_gap_0.05,predicted_rank_detectable,48,0.8563653425086017,0.8943010612431231,0.5679937556653419,runs/20260612_160944_stage4_hard_s101,hard_knee,101
near_best_rank_gap_0.05,predicted_rank_whitened_detectable,48,0.8563653425086017,0.8943010612431231,0.5679937556653419,runs/20260612_160944_stage4_hard_s101,hard_knee,101
near_best_rank_gap_0.05,raw_gradient_effective_rank,48,0.832977493552886,0.869254419624455,0.6124934349364062,runs/20260612_160944_stage4_hard_s101,hard_knee,101
near_best_rank_gap_0.05,gradient_stable_rank,48,0.8152322994999819,0.8531282821058336,0.6442092651421294,runs/20260612_160944_stage4_hard_s101,hard_knee,101
near_best_rank_gap_0.05,whitened_gradient_stable_rank,48,0.8152322994999819,0.8531282821058336,0.6442092651421294,runs/20260612_160944_stage4_hard_s101,hard_knee,101
near_best_rank_gap_0.05,predicted_rank_whitened_effective,48,0.7676025974882157,0.8519444590976769,0.7224862305248128,runs/20260612_160944_stage4_hard_s101,hard_knee,101
near_best_rank_gap_0.05,raw_gradient_detectable_rank,48,0.7383588846913075,0.7869634331232371,0.7665966826421072,runs/20260612_160944_stage4_hard_s101,hard_knee,101
near_best_rank_gap_0.05,predicted_rank_raw_effective,48,0.7202588066139468,0.8415089913506679,0.7926695062142578,runs/20260612_160944_stage4_hard_s101,hard_knee,101
near_best_rank_gap_0.05,predicted_rank_raw_detectable,48,0.6899501069137561,0.7742352663083669,0.8345065170801127,runs/20260612_160944_stage4_hard_s101,hard_knee,101
near_best_rank_gap_0.05,raw_gradient_stable_rank,48,0.6560068862900665,0.7691611522674936,0.8789998764203104,runs/20260612_160944_stage4_hard_s101,hard_knee,101
near_best_rank_gap_0.05,predicted_rank_whitened_stable,48,0.6305087339028432,0.8037104739505619,0.91099507323608,runs/20260612_160944_stage4_hard_s101,hard_knee,101
near_best_rank_gap_0.05,predicted_rank_raw_stable,48,0.2871875257817012,0.5347646863677744,1.265323533039577,runs/20260612_160944_stage4_hard_s101,hard_knee,101
near_best_rank_gap_0.1,gradient_effective_rank,48,0.8827229471871716,0.905988319527484,0.4271193873405625,runs/20260612_160944_stage4_hard_s101,hard_knee,101
near_best_rank_gap_0.1,whitened_gradient_effective_rank,48,0.8827229471871716,0.905988319527484,0.4271193873405625,runs/20260612_160944_stage4_hard_s101,hard_knee,101
near_best_rank_gap_0.1,gradient_detectable_rank,48,0.8799290645130056,0.911794780679232,0.4321770594993988,runs/20260612_160944_stage4_hard_s101,hard_knee,101
near_best_rank_gap_0.1,whitened_gradient_detectable_rank,48,0.8799290645130056,0.911794780679232,0.4321770594993988,runs/20260612_160944_stage4_hard_s101,hard_knee,101
near_best_rank_gap_0.1,true_k_strong,48,0.8754045384988313,0.9092068893532944,0.4402444347577278,runs/20260612_160944_stage4_hard_s101,hard_knee,101
near_best_rank_gap_0.1,predicted_rank_detectable,48,0.8698869475847892,0.8995671020357567,0.4498867430084734,runs/20260612_160944_stage4_hard_s101,hard_knee,101
near_best_rank_gap_0.1,predicted_rank_whitened_detectable,48,0.8698869475847892,0.8995671020357567,0.4498867430084734,runs/20260612_160944_stage4_hard_s101,hard_knee,101
near_best_rank_gap_0.1,gradient_stable_rank,48,0.8525008620410857,0.8829455795833531,0.4790021957064962,runs/20260612_160944_stage4_hard_s101,hard_knee,101
near_best_rank_gap_0.1,whitened_gradient_stable_rank,48,0.8525008620410857,0.8829455795833531,0.4790021957064962,runs/20260612_160944_stage4_hard_s101,hard_knee,101
near_best_rank_gap_0.1,raw_gradient_effective_rank,48,0.8384806642195197,0.8707431434060425,0.5012507357630204,runs/20260612_160944_stage4_hard_s101,hard_knee,101
near_best_rank_gap_0.1,predicted_rank_whitened_effective,48,0.7733266543918552,0.8651412700001824,0.5938038245558157,runs/20260612_160944_stage4_hard_s101,hard_knee,101
near_best_rank_gap_0.1,raw_gradient_detectable_rank,48,0.7689926481424909,0.8066902765587182,0.5994537259506568,runs/20260612_160944_stage4_hard_s101,hard_knee,101
near_best_rank_gap_0.1,predicted_rank_raw_detectable,48,0.7172131147540983,0.7951397719113359,0.6632425728061443,runs/20260612_160944_stage4_hard_s101,hard_knee,101
near_best_rank_gap_0.1,predicted_rank_whitened_stable,48,0.7052262253875157,0.8509735248229092,0.6771535887304527,runs/20260612_160944_stage4_hard_s101,hard_knee,101
near_best_rank_gap_0.1,predicted_rank_raw_effective,48,0.6969420766149738,0.8313426432149763,0.6866028228726615,runs/20260612_160944_stage4_hard_s101,hard_knee,101
near_best_rank_gap_0.1,raw_gradient_stable_rank,48,0.6378575209824255,0.7437242961278049,0.7505549581066326,runs/20260612_160944_stage4_hard_s101,hard_knee,101
near_best_rank_gap_0.1,predicted_rank_raw_stable,48,0.2805977229601516,0.5342982129624705,1.0578611481327087,runs/20260612_160944_stage4_hard_s101,hard_knee,101
near_best_rank_gap_0.2,gradient_effective_rank,48,0.8618355413041073,0.8931205891395158,0.3578127998032046,runs/20260612_160944_stage4_hard_s101,hard_knee,101
near_best_rank_gap_0.2,whitened_gradient_effective_rank,48,0.8618355413041073,0.8931205891395158,0.3578127998032046,runs/20260612_160944_stage4_hard_s101,hard_knee,101
near_best_rank_gap_0.2,gradient_stable_rank,48,0.8495362596435954,0.8668014093122169,0.3733994115053661,runs/20260612_160944_stage4_hard_s101,hard_knee,101
near_best_rank_gap_0.2,whitened_gradient_stable_rank,48,0.8495362596435954,0.8668014093122169,0.3733994115053661,runs/20260612_160944_stage4_hard_s101,hard_knee,101
near_best_rank_gap_0.2,gradient_detectable_rank,48,0.8480341586775872,0.8845733088626323,0.3752586325850205,runs/20260612_160944_stage4_hard_s101,hard_knee,101
near_best_rank_gap_0.2,whitened_gradient_detectable_rank,48,0.8480341586775872,0.8845733088626323,0.3752586325850205,runs/20260612_160944_stage4_hard_s101,hard_knee,101
near_best_rank_gap_0.2,predicted_rank_detectable,48,0.8408599396829141,0.8760107403037417,0.3840143569957989,runs/20260612_160944_stage4_hard_s101,hard_knee,101
near_best_rank_gap_0.2,predicted_rank_whitened_detectable,48,0.8408599396829141,0.8760107403037417,0.3840143569957989,runs/20260612_160944_stage4_hard_s101,hard_knee,101
near_best_rank_gap_0.2,true_k_strong,48,0.8370923269413455,0.870418563067424,0.3885335019138938,runs/20260612_160944_stage4_hard_s101,hard_knee,101
near_best_rank_gap_0.2,raw_gradient_effective_rank,48,0.8201312137856517,0.855200191888342,0.4082588466116155,runs/20260612_160944_stage4_hard_s101,hard_knee,101
near_best_rank_gap_0.2,predicted_rank_whitened_effective,48,0.7353242911651543,0.8249695611468699,0.4952388936556117,runs/20260612_160944_stage4_hard_s101,hard_knee,101
near_best_rank_gap_0.2,raw_gradient_detectable_rank,48,0.7202179444542958,0.7459670695158571,0.5091756548366513,runs/20260612_160944_stage4_hard_s101,hard_knee,101
near_best_rank_gap_0.2,predicted_rank_whitened_stable,48,0.7096842871565241,0.8726042991300347,0.5186722025501974,runs/20260612_160944_stage4_hard_s101,hard_knee,101
near_best_rank_gap_0.2,predicted_rank_raw_detectable,48,0.6901984873497907,0.7702070566960644,0.5357960027448666,runs/20260612_160944_stage4_hard_s101,hard_knee,101
near_best_rank_gap_0.2,predicted_rank_raw_effective,48,0.6628119544007395,0.8176711268358405,0.5589768047926406,runs/20260612_160944_stage4_hard_s101,hard_knee,101
near_best_rank_gap_0.2,raw_gradient_stable_rank,48,0.6515860362579636,0.7393611701484553,0.5682055592366345,runs/20260612_160944_stage4_hard_s101,hard_knee,101
near_best_rank_gap_0.2,predicted_rank_raw_stable,48,0.2897768732030095,0.555057363159962,0.8112507425179508,runs/20260612_160944_stage4_hard_s101,hard_knee,101
near_best_rank_gap_0.5,predicted_rank_whitened_stable,48,0.7455156981834861,0.8679833936718836,0.3413622490501435,runs/20260612_160944_stage4_hard_s101,hard_knee,101
near_best_rank_gap_0.5,gradient_stable_rank,48,0.7166602144213416,0.8513754843128112,0.3601959064907979,runs/20260612_160944_stage4_hard_s101,hard_knee,101
near_best_rank_gap_0.5,whitened_gradient_stable_rank,48,0.7166602144213416,0.8513754843128112,0.3601959064907979,runs/20260612_160944_stage4_hard_s101,hard_knee,101
near_best_rank_gap_0.5,raw_gradient_effective_rank,48,0.7116803040147309,0.859687128667319,0.3633474763496282,runs/20260612_160944_stage4_hard_s101,hard_knee,101
near_best_rank_gap_0.5,predicted_rank_raw_effective,48,0.7020248653326565,0.842248881920253,0.3693813845295939,runs/20260612_160944_stage4_hard_s101,hard_knee,101
near_best_rank_gap_0.5,raw_gradient_stable_rank,48,0.6733436917342264,0.8172917628590747,0.3867501735102898,runs/20260612_160944_stage4_hard_s101,hard_knee,101
near_best_rank_gap_0.5,gradient_effective_rank,48,0.6669349592716196,0.8267395312620403,0.3905256084488676,runs/20260612_160944_stage4_hard_s101,hard_knee,101
near_best_rank_gap_0.5,whitened_gradient_effective_rank,48,0.6669349592716196,0.8267395312620403,0.3905256084488676,runs/20260612_160944_stage4_hard_s101,hard_knee,101
near_best_rank_gap_0.5,raw_gradient_detectable_rank,48,0.6489607882771093,0.8292935079831653,0.4009246952616929,runs/20260612_160944_stage4_hard_s101,hard_knee,101
near_best_rank_gap_0.5,predicted_rank_raw_detectable,48,0.6266490560174035,0.810290902577576,0.4134696336832272,runs/20260612_160944_stage4_hard_s101,hard_knee,101
near_best_rank_gap_0.5,gradient_detectable_rank,48,0.6227971645563106,0.8016861073892602,0.4155970601475086,runs/20260612_160944_stage4_hard_s101,hard_knee,101
near_best_rank_gap_0.5,whitened_gradient_detectable_rank,48,0.6227971645563106,0.8016861073892602,0.4155970601475086,runs/20260612_160944_stage4_hard_s101,hard_knee,101
near_best_rank_gap_0.5,true_k_strong,48,0.6149163670144291,0.7931753724203222,0.4199160965298942,runs/20260612_160944_stage4_hard_s101,hard_knee,101
near_best_rank_gap_0.5,predicted_rank_detectable,48,0.6031231886528693,0.7751973272679332,0.4262975677938527,runs/20260612_160944_stage4_hard_s101,hard_knee,101
near_best_rank_gap_0.5,predicted_rank_whitened_detectable,48,0.6031231886528693,0.7751973272679332,0.4262975677938527,runs/20260612_160944_stage4_hard_s101,hard_knee,101
near_best_rank_gap_0.5,predicted_rank_whitened_effective,48,0.5302602502973315,0.7271707183336922,0.463781743043743,runs/20260612_160944_stage4_hard_s101,hard_knee,101
near_best_rank_gap_0.5,predicted_rank_raw_stable,48,0.455064435191597,0.6633812639103345,0.4995253914450117,runs/20260612_160944_stage4_hard_s101,hard_knee,101
penalized_rank_lambda_0.03,predicted_rank_whitened_effective,48,0.7361713482488882,0.8557827812806352,0.7410701644431169,runs/20260612_160944_stage4_hard_s101,hard_knee,101
penalized_rank_lambda_0.03,gradient_effective_rank,48,0.7185128720714083,0.8639862900576347,0.7654690219646172,runs/20260612_160944_stage4_hard_s101,hard_knee,101
penalized_rank_lambda_0.03,whitened_gradient_effective_rank,48,0.7185128720714083,0.8639862900576347,0.7654690219646172,runs/20260612_160944_stage4_hard_s101,hard_knee,101
penalized_rank_lambda_0.03,true_k_strong,48,0.7093720078351563,0.856113109809984,0.7777984450938176,runs/20260612_160944_stage4_hard_s101,hard_knee,101
penalized_rank_lambda_0.03,gradient_detectable_rank,48,0.707060681794921,0.8527868237809201,0.7808851842975151,runs/20260612_160944_stage4_hard_s101,hard_knee,101
penalized_rank_lambda_0.03,whitened_gradient_detectable_rank,48,0.707060681794921,0.8527868237809201,0.7808851842975151,runs/20260612_160944_stage4_hard_s101,hard_knee,101
penalized_rank_lambda_0.03,raw_gradient_effective_rank,48,0.6940314585078164,0.8243894963462504,0.7980621943542459,runs/20260612_160944_stage4_hard_s101,hard_knee,101
penalized_rank_lambda_0.03,predicted_rank_detectable,48,0.6876821811941606,0.8545009374579722,0.8063001327525244,runs/20260612_160944_stage4_hard_s101,hard_knee,101
penalized_rank_lambda_0.03,predicted_rank_whitened_detectable,48,0.6876821811941606,0.8545009374579722,0.8063001327525244,runs/20260612_160944_stage4_hard_s101,hard_knee,101
penalized_rank_lambda_0.03,gradient_stable_rank,48,0.6622826286114772,0.8282704320935311,0.8384459089163352,runs/20260612_160944_stage4_hard_s101,hard_knee,101
penalized_rank_lambda_0.03,whitened_gradient_stable_rank,48,0.6622826286114772,0.8282704320935311,0.8384459089163352,runs/20260612_160944_stage4_hard_s101,hard_knee,101
penalized_rank_lambda_0.03,predicted_rank_raw_effective,48,0.622589876898374,0.7902627621026365,0.8863497412911518,runs/20260612_160944_stage4_hard_s101,hard_knee,101
penalized_rank_lambda_0.03,raw_gradient_stable_rank,48,0.5529344857577191,0.718704304039871,0.9646814669091976,runs/20260612_160944_stage4_hard_s101,hard_knee,101
penalized_rank_lambda_0.03,raw_gradient_detectable_rank,48,0.5415604775030074,0.7129818177033102,0.9768758552582932,runs/20260612_160944_stage4_hard_s101,hard_knee,101
penalized_rank_lambda_0.03,predicted_rank_raw_detectable,48,0.4910102681196078,0.6766052418801904,1.0293258046031188,runs/20260612_160944_stage4_hard_s101,hard_knee,101
penalized_rank_lambda_0.03,predicted_rank_whitened_stable,48,0.4771204742955395,0.7094787668399176,1.0432758831024889,runs/20260612_160944_stage4_hard_s101,hard_knee,101
penalized_rank_lambda_0.03,predicted_rank_raw_stable,48,0.2570279154197125,0.5115749679207066,1.243611123885188,runs/20260612_160944_stage4_hard_s101,hard_knee,101
penalized_rank_lambda_0.05,true_k_strong,48,0.7945161103736458,0.904394865670853,0.6252207555387015,runs/20260612_160944_stage4_hard_s101,hard_knee,101
penalized_rank_lambda_0.05,gradient_detectable_rank,48,0.7881626299357096,0.8973435262697452,0.6348129621851148,runs/20260612_160944_stage4_hard_s101,hard_knee,101
penalized_rank_lambda_0.05,whitened_gradient_detectable_rank,48,0.7881626299357096,0.8973435262697452,0.6348129621851148,runs/20260612_160944_stage4_hard_s101,hard_knee,101
penalized_rank_lambda_0.05,gradient_effective_rank,48,0.7827473001089955,0.8928317597820216,0.6428758167860089,runs/20260612_160944_stage4_hard_s101,hard_knee,101
penalized_rank_lambda_0.05,whitened_gradient_effective_rank,48,0.7827473001089955,0.8928317597820216,0.6428758167860089,runs/20260612_160944_stage4_hard_s101,hard_knee,101
penalized_rank_lambda_0.05,predicted_rank_whitened_effective,48,0.7562959930131874,0.853889935810564,0.6808882393912522,runs/20260612_160944_stage4_hard_s101,hard_knee,101
penalized_rank_lambda_0.05,raw_gradient_effective_rank,48,0.7394292120014676,0.8390166347594302,0.7040562548416022,runs/20260612_160944_stage4_hard_s101,hard_knee,101
penalized_rank_lambda_0.05,predicted_rank_detectable,48,0.7356772487554104,0.8586990746667974,0.7091069974361764,runs/20260612_160944_stage4_hard_s101,hard_knee,101
penalized_rank_lambda_0.05,predicted_rank_whitened_detectable,48,0.7356772487554104,0.8586990746667974,0.7091069974361764,runs/20260612_160944_stage4_hard_s101,hard_knee,101
penalized_rank_lambda_0.05,gradient_stable_rank,48,0.6999123639386733,0.8121645517584672,0.7555592888142793,runs/20260612_160944_stage4_hard_s101,hard_knee,101
penalized_rank_lambda_0.05,whitened_gradient_stable_rank,48,0.6999123639386733,0.8121645517584672,0.7555592888142793,runs/20260612_160944_stage4_hard_s101,hard_knee,101
penalized_rank_lambda_0.05,predicted_rank_raw_effective,48,0.6294630928955134,0.7918995146365527,0.8395764225932923,runs/20260612_160944_stage4_hard_s101,hard_knee,101
penalized_rank_lambda_0.05,predicted_rank_whitened_stable,48,0.5831401382173058,0.7720060496604746,0.8905115118223751,runs/20260612_160944_stage4_hard_s101,hard_knee,101
penalized_rank_lambda_0.05,raw_gradient_detectable_rank,48,0.5656392634775868,0.697181107804475,0.9090123389530032,runs/20260612_160944_stage4_hard_s101,hard_knee,101
penalized_rank_lambda_0.05,raw_gradient_stable_rank,48,0.5634656538517694,0.7072527977195807,0.9112839212097528,runs/20260612_160944_stage4_hard_s101,hard_knee,101
penalized_rank_lambda_0.05,predicted_rank_raw_detectable,48,0.5213586023496146,0.6840116480857895,0.954222443307364,runs/20260612_160944_stage4_hard_s101,hard_knee,101
penalized_rank_lambda_0.05,predicted_rank_raw_stable,48,0.2188553238080023,0.4644326439861016,1.2190183315273075,runs/20260612_160944_stage4_hard_s101,hard_knee,101
penalized_rank_lambda_0.08,gradient_detectable_rank,48,0.7777256544679225,0.8586328086733853,0.6211251788109557,runs/20260612_160944_stage4_hard_s101,hard_knee,101
penalized_rank_lambda_0.08,whitened_gradient_detectable_rank,48,0.7777256544679225,0.8586328086733853,0.6211251788109557,runs/20260612_160944_stage4_hard_s101,hard_knee,101
penalized_rank_lambda_0.08,gradient_effective_rank,48,0.7708529488966133,0.8484751084016146,0.6306546482137119,runs/20260612_160944_stage4_hard_s101,hard_knee,101
penalized_rank_lambda_0.08,whitened_gradient_effective_rank,48,0.7708529488966133,0.8484751084016146,0.6306546482137119,runs/20260612_160944_stage4_hard_s101,hard_knee,101
penalized_rank_lambda_0.08,true_k_strong,48,0.7664020459853197,0.8435491479186716,0.6367500416151023,runs/20260612_160944_stage4_hard_s101,hard_knee,101
penalized_rank_lambda_0.08,predicted_rank_whitened_effective,48,0.750020901737944,0.831623158368473,0.6586979521493764,runs/20260612_160944_stage4_hard_s101,hard_knee,101
penalized_rank_lambda_0.08,raw_gradient_effective_rank,48,0.7422614622658786,0.8090852130095997,0.6688429362989177,runs/20260612_160944_stage4_hard_s101,hard_knee,101
penalized_rank_lambda_0.08,predicted_rank_detectable,48,0.7367888734773621,0.8326475140960243,0.6759064435139622,runs/20260612_160944_stage4_hard_s101,hard_knee,101
penalized_rank_lambda_0.08,predicted_rank_whitened_detectable,48,0.7367888734773621,0.8326475140960243,0.6759064435139622,runs/20260612_160944_stage4_hard_s101,hard_knee,101
penalized_rank_lambda_0.08,gradient_stable_rank,48,0.7285202525355212,0.8054535205266481,0.6864409488537353,runs/20260612_160944_stage4_hard_s101,hard_knee,101
penalized_rank_lambda_0.08,whitened_gradient_stable_rank,48,0.7285202525355212,0.8054535205266481,0.6864409488537353,runs/20260612_160944_stage4_hard_s101,hard_knee,101
penalized_rank_lambda_0.08,raw_gradient_detectable_rank,48,0.6353254338976464,0.7141281920628592,0.7955861281208854,runs/20260612_160944_stage4_hard_s101,hard_knee,101
penalized_rank_lambda_0.08,predicted_rank_raw_effective,48,0.6040131528209156,0.7727999218105881,0.8290387783150772,runs/20260612_160944_stage4_hard_s101,hard_knee,101
penalized_rank_lambda_0.08,predicted_rank_raw_detectable,48,0.5976904062081094,0.7143185296616121,0.8356312238958802,runs/20260612_160944_stage4_hard_s101,hard_knee,101
penalized_rank_lambda_0.08,raw_gradient_stable_rank,48,0.5918838273973316,0.700693160441502,0.8416399991232372,runs/20260612_160944_stage4_hard_s101,hard_knee,101
penalized_rank_lambda_0.08,predicted_rank_whitened_stable,48,0.4839061671576251,0.7031344252349522,0.9464524491564138,runs/20260612_160944_stage4_hard_s101,hard_knee,101
penalized_rank_lambda_0.08,predicted_rank_raw_stable,48,0.2521697786875561,0.5081800764825922,1.1392944208395404,runs/20260612_160944_stage4_hard_s101,hard_knee,101
penalized_rank_lambda_0.1,gradient_detectable_rank,48,0.844704276436267,0.9112254614164584,0.5258831666255372,runs/20260612_160944_stage4_hard_s101,hard_knee,101
penalized_rank_lambda_0.1,whitened_gradient_detectable_rank,48,0.844704276436267,0.9112254614164584,0.5258831666255372,runs/20260612_160944_stage4_hard_s101,hard_knee,101
penalized_rank_lambda_0.1,gradient_effective_rank,48,0.8397888767639548,0.8993324039026509,0.5341409244632096,runs/20260612_160944_stage4_hard_s101,hard_knee,101
penalized_rank_lambda_0.1,whitened_gradient_effective_rank,48,0.8397888767639548,0.8993324039026509,0.5341409244632096,runs/20260612_160944_stage4_hard_s101,hard_knee,101
penalized_rank_lambda_0.1,true_k_strong,48,0.8332619943270987,0.8972807264844314,0.5449125651687453,runs/20260612_160944_stage4_hard_s101,hard_knee,101
penalized_rank_lambda_0.1,predicted_rank_detectable,48,0.8134174502951868,0.8919340280272279,0.5764279526985816,runs/20260612_160944_stage4_hard_s101,hard_knee,101
penalized_rank_lambda_0.1,predicted_rank_whitened_detectable,48,0.8134174502951868,0.8919340280272279,0.5764279526985816,runs/20260612_160944_stage4_hard_s101,hard_knee,101
penalized_rank_lambda_0.1,raw_gradient_effective_rank,48,0.8010197471873728,0.8624772564850728,0.5952707051128437,runs/20260612_160944_stage4_hard_s101,hard_knee,101
penalized_rank_lambda_0.1,gradient_stable_rank,48,0.7933348866559986,0.8644814638975091,0.6066568509001721,runs/20260612_160944_stage4_hard_s101,hard_knee,101
penalized_rank_lambda_0.1,whitened_gradient_stable_rank,48,0.7933348866559986,0.8644814638975091,0.6066568509001721,runs/20260612_160944_stage4_hard_s101,hard_knee,101
penalized_rank_lambda_0.1,predicted_rank_whitened_effective,48,0.769732274891964,0.8627360990946531,0.640362743107113,runs/20260612_160944_stage4_hard_s101,hard_knee,101
penalized_rank_lambda_0.1,predicted_rank_raw_effective,48,0.7213324121695247,0.8536611899240327,0.7044541797371561,runs/20260612_160944_stage4_hard_s101,hard_knee,101
penalized_rank_lambda_0.1,raw_gradient_detectable_rank,48,0.6805963859165409,0.7746920789168084,0.754187680584433,runs/20260612_160944_stage4_hard_s101,hard_knee,101
penalized_rank_lambda_0.1,predicted_rank_raw_detectable,48,0.6536280929987255,0.7787447213274783,0.7853818334523277,runs/20260612_160944_stage4_hard_s101,hard_knee,101
penalized_rank_lambda_0.1,raw_gradient_stable_rank,48,0.6308731378009325,0.759928643882084,0.8107693950688879,runs/20260612_160944_stage4_hard_s101,hard_knee,101
penalized_rank_lambda_0.1,predicted_rank_whitened_stable,48,0.5820238821032888,0.7873944097084451,0.8627505704187635,runs/20260612_160944_stage4_hard_s101,hard_knee,101
penalized_rank_lambda_0.1,predicted_rank_raw_stable,48,0.2937680162754055,0.5531291659805168,1.1214585131474737,runs/20260612_160944_stage4_hard_s101,hard_knee,101
penalized_rank_lambda_0.15,gradient_effective_rank,48,0.8470286766406916,0.8999966171067459,0.4779065642804048,runs/20260612_160944_stage4_hard_s101,hard_knee,101
penalized_rank_lambda_0.15,whitened_gradient_effective_rank,48,0.8470286766406916,0.8999966171067459,0.4779065642804048,runs/20260612_160944_stage4_hard_s101,hard_knee,101
penalized_rank_lambda_0.15,gradient_detectable_rank,48,0.8400422922025078,0.9027705310030744,0.4886980092868989,runs/20260612_160944_stage4_hard_s101,hard_knee,101
penalized_rank_lambda_0.15,whitened_gradient_detectable_rank,48,0.8400422922025078,0.9027705310030744,0.4886980092868989,runs/20260612_160944_stage4_hard_s101,hard_knee,101
penalized_rank_lambda_0.15,true_k_strong,48,0.8308323193175807,0.891533544463632,0.502570139844514,runs/20260612_160944_stage4_hard_s101,hard_knee,101
penalized_rank_lambda_0.15,predicted_rank_detectable,48,0.8151313367910323,0.8740124626176989,0.5253752798260288,runs/20260612_160944_stage4_hard_s101,hard_knee,101
penalized_rank_lambda_0.15,predicted_rank_whitened_detectable,48,0.8151313367910323,0.8740124626176989,0.5253752798260288,runs/20260612_160944_stage4_hard_s101,hard_knee,101
penalized_rank_lambda_0.15,gradient_stable_rank,48,0.802256008674333,0.8531574795924229,0.5433624617384943,runs/20260612_160944_stage4_hard_s101,hard_knee,101
penalized_rank_lambda_0.15,whitened_gradient_stable_rank,48,0.802256008674333,0.8531574795924229,0.5433624617384943,runs/20260612_160944_stage4_hard_s101,hard_knee,101
penalized_rank_lambda_0.15,raw_gradient_effective_rank,48,0.7991528811654798,0.8511356463184233,0.5476092645246311,runs/20260612_160944_stage4_hard_s101,hard_knee,101
penalized_rank_lambda_0.15,predicted_rank_whitened_effective,48,0.7494084665973165,0.837123024640911,0.6116756339123394,runs/20260612_160944_stage4_hard_s101,hard_knee,101
penalized_rank_lambda_0.15,predicted_rank_raw_effective,48,0.7106180930566934,0.8406987898612138,0.6573151936772531,runs/20260612_160944_stage4_hard_s101,hard_knee,101
penalized_rank_lambda_0.15,raw_gradient_detectable_rank,48,0.6978009104908305,0.7645544710364591,0.6717142468903694,runs/20260612_160944_stage4_hard_s101,hard_knee,101
penalized_rank_lambda_0.15,predicted_rank_raw_detectable,48,0.6443004193671369,0.7509524806007378,0.7287518335981581,runs/20260612_160944_stage4_hard_s101,hard_knee,101
penalized_rank_lambda_0.15,predicted_rank_whitened_stable,48,0.6393643865511833,0.8179953767367754,0.7337908463526522,runs/20260612_160944_stage4_hard_s101,hard_knee,101
penalized_rank_lambda_0.15,raw_gradient_stable_rank,48,0.6269468844526176,0.7506617650077232,0.74631697467318,runs/20260612_160944_stage4_hard_s101,hard_knee,101
penalized_rank_lambda_0.15,predicted_rank_raw_stable,48,0.2891399320418339,0.5433523895930731,1.03022015787284,runs/20260612_160944_stage4_hard_s101,hard_knee,101
penalized_rank_lambda_0.2,gradient_effective_rank,48,0.831335021915321,0.886581139725548,0.4887421068426593,runs/20260612_160944_stage4_hard_s101,hard_knee,101
penalized_rank_lambda_0.2,whitened_gradient_effective_rank,48,0.831335021915321,0.886581139725548,0.4887421068426593,runs/20260612_160944_stage4_hard_s101,hard_knee,101
penalized_rank_lambda_0.2,gradient_detectable_rank,48,0.8186796763132074,0.8835453946306798,0.5067462486285752,runs/20260612_160944_stage4_hard_s101,hard_knee,101
penalized_rank_lambda_0.2,whitened_gradient_detectable_rank,48,0.8186796763132074,0.8835453946306798,0.5067462486285752,runs/20260612_160944_stage4_hard_s101,hard_knee,101
penalized_rank_lambda_0.2,true_k_strong,48,0.8112664171027785,0.8763299031527585,0.5170016055618075,runs/20260612_160944_stage4_hard_s101,hard_knee,101
penalized_rank_lambda_0.2,gradient_stable_rank,48,0.7960848803539036,0.8472759857316932,0.5373930107525913,runs/20260612_160944_stage4_hard_s101,hard_knee,101
penalized_rank_lambda_0.2,whitened_gradient_stable_rank,48,0.7960848803539036,0.8472759857316932,0.5373930107525913,runs/20260612_160944_stage4_hard_s101,hard_knee,101
penalized_rank_lambda_0.2,predicted_rank_detectable,48,0.7953350956991072,0.8551107421636414,0.5383800864686539,runs/20260612_160944_stage4_hard_s101,hard_knee,101
penalized_rank_lambda_0.2,predicted_rank_whitened_detectable,48,0.7953350956991072,0.8551107421636414,0.5383800864686539,runs/20260612_160944_stage4_hard_s101,hard_knee,101
penalized_rank_lambda_0.2,raw_gradient_effective_rank,48,0.7748964109419109,0.824613042894196,0.5646229272311722,runs/20260612_160944_stage4_hard_s101,hard_knee,101
penalized_rank_lambda_0.2,predicted_rank_whitened_effective,48,0.7238149518912743,0.814644406459599,0.6254136866943953,runs/20260612_160944_stage4_hard_s101,hard_knee,101
penalized_rank_lambda_0.2,raw_gradient_detectable_rank,48,0.699377557101222,0.7543472083126603,0.6524962188516963,runs/20260612_160944_stage4_hard_s101,hard_knee,101
penalized_rank_lambda_0.2,predicted_rank_raw_effective,48,0.640478510665627,0.7926960206419013,0.7135587344972258,runs/20260612_160944_stage4_hard_s101,hard_knee,101
penalized_rank_lambda_0.2,predicted_rank_whitened_stable,48,0.6342102827130458,0.8262736462966871,0.719752274460959,runs/20260612_160944_stage4_hard_s101,hard_knee,101
penalized_rank_lambda_0.2,predicted_rank_raw_detectable,48,0.6280050039438714,0.7330392108203355,0.7258315609823209,runs/20260612_160944_stage4_hard_s101,hard_knee,101
penalized_rank_lambda_0.2,raw_gradient_stable_rank,48,0.5874617790908454,0.7074359725339036,0.7643625404483787,runs/20260612_160944_stage4_hard_s101,hard_knee,101
penalized_rank_lambda_0.2,predicted_rank_raw_stable,48,0.2571672149527708,0.5182582654817105,1.0256822292604175,runs/20260612_160944_stage4_hard_s101,hard_knee,101
penalized_rank_lambda_0.3,gradient_stable_rank,48,0.8455940069021716,0.8885031159296275,0.4390209851613545,runs/20260612_160944_stage4_hard_s101,hard_knee,101
penalized_rank_lambda_0.3,whitened_gradient_stable_rank,48,0.8455940069021716,0.8885031159296275,0.4390209851613545,runs/20260612_160944_stage4_hard_s101,hard_knee,101
penalized_rank_lambda_0.3,gradient_effective_rank,48,0.8445589917759323,0.8988057958453236,0.4404899515523419,runs/20260612_160944_stage4_hard_s101,hard_knee,101
penalized_rank_lambda_0.3,whitened_gradient_effective_rank,48,0.8445589917759323,0.8988057958453236,0.4404899515523419,runs/20260612_160944_stage4_hard_s101,hard_knee,101
penalized_rank_lambda_0.3,predicted_rank_detectable,48,0.8273861578331215,0.8856988215368352,0.4641849048593465,runs/20260612_160944_stage4_hard_s101,hard_knee,101
penalized_rank_lambda_0.3,predicted_rank_whitened_detectable,48,0.8273861578331215,0.8856988215368352,0.4641849048593465,runs/20260612_160944_stage4_hard_s101,hard_knee,101
penalized_rank_lambda_0.3,raw_gradient_effective_rank,48,0.8245031477480322,0.8800254821704262,0.4680452790914571,runs/20260612_160944_stage4_hard_s101,hard_knee,101
penalized_rank_lambda_0.3,gradient_detectable_rank,48,0.8235358868973366,0.8881008343256228,0.469333335776247,runs/20260612_160944_stage4_hard_s101,hard_knee,101
penalized_rank_lambda_0.3,whitened_gradient_detectable_rank,48,0.8235358868973366,0.8881008343256228,0.469333335776247,runs/20260612_160944_stage4_hard_s101,hard_knee,101
penalized_rank_lambda_0.3,true_k_strong,48,0.8191085845177755,0.8858744144140688,0.475184408157988,runs/20260612_160944_stage4_hard_s101,hard_knee,101
penalized_rank_lambda_0.3,predicted_rank_whitened_effective,48,0.7529042210719336,0.8501782839920966,0.5553744123857142,runs/20260612_160944_stage4_hard_s101,hard_knee,101
penalized_rank_lambda_0.3,raw_gradient_detectable_rank,48,0.7491933142575415,0.7964014526912744,0.5595292029056343,runs/20260612_160944_stage4_hard_s101,hard_knee,101
penalized_rank_lambda_0.3,predicted_rank_raw_detectable,48,0.7125105451560683,0.8062479070914074,0.5990515043951002,runs/20260612_160944_stage4_hard_s101,hard_knee,101
penalized_rank_lambda_0.3,predicted_rank_raw_effective,48,0.6937994998645174,0.8407054144742098,0.6182386489688592,runs/20260612_160944_stage4_hard_s101,hard_knee,101
penalized_rank_lambda_0.3,raw_gradient_stable_rank,48,0.6770807901428946,0.8019017321811196,0.634892422929395,runs/20260612_160944_stage4_hard_s101,hard_knee,101
penalized_rank_lambda_0.3,predicted_rank_whitened_stable,48,0.6416658849248916,0.8436480077602395,0.6688015669877078,runs/20260612_160944_stage4_hard_s101,hard_knee,101
penalized_rank_lambda_0.3,predicted_rank_raw_stable,48,0.2997231554472926,0.5883334342002114,0.934949355462745,runs/20260612_160944_stage4_hard_s101,hard_knee,101
penalized_rank_lambda_0.5,predicted_rank_detectable,48,0.8233480718276006,0.8764998110249866,0.4491365283553738,runs/20260612_160944_stage4_hard_s101,hard_knee,101
penalized_rank_lambda_0.5,predicted_rank_whitened_detectable,48,0.8233480718276006,0.8764998110249866,0.4491365283553738,runs/20260612_160944_stage4_hard_s101,hard_knee,101
penalized_rank_lambda_0.5,gradient_effective_rank,48,0.8232334175794778,0.8684584740094614,0.4492822586017259,runs/20260612_160944_stage4_hard_s101,hard_knee,101
penalized_rank_lambda_0.5,whitened_gradient_effective_rank,48,0.8232334175794778,0.8684584740094614,0.4492822586017259,runs/20260612_160944_stage4_hard_s101,hard_knee,101
penalized_rank_lambda_0.5,gradient_stable_rank,48,0.8194406177664169,0.8660530891566258,0.4540766991626681,runs/20260612_160944_stage4_hard_s101,hard_knee,101
penalized_rank_lambda_0.5,whitened_gradient_stable_rank,48,0.8194406177664169,0.8660530891566258,0.4540766991626681,runs/20260612_160944_stage4_hard_s101,hard_knee,101
penalized_rank_lambda_0.5,raw_gradient_effective_rank,48,0.8144997092470804,0.8570615314924551,0.4602475485833323,runs/20260612_160944_stage4_hard_s101,hard_knee,101
penalized_rank_lambda_0.5,gradient_detectable_rank,48,0.8077068222059128,0.8549252363312968,0.4685987491055648,runs/20260612_160944_stage4_hard_s101,hard_knee,101
penalized_rank_lambda_0.5,whitened_gradient_detectable_rank,48,0.8077068222059128,0.8549252363312968,0.4685987491055648,runs/20260612_160944_stage4_hard_s101,hard_knee,101
penalized_rank_lambda_0.5,true_k_strong,48,0.807210287136061,0.8565443492293271,0.4692033615687217,runs/20260612_160944_stage4_hard_s101,hard_knee,101
penalized_rank_lambda_0.5,predicted_rank_whitened_effective,48,0.775981769818018,0.8669542587566537,0.5057790863659805,runs/20260612_160944_stage4_hard_s101,hard_knee,101
penalized_rank_lambda_0.5,raw_gradient_detectable_rank,48,0.7649164014145874,0.8001839247205338,0.5181199938934459,runs/20260612_160944_stage4_hard_s101,hard_knee,101
penalized_rank_lambda_0.5,predicted_rank_raw_detectable,48,0.7177972596594202,0.7895561644812897,0.5676750410100768,runs/20260612_160944_stage4_hard_s101,hard_knee,101
penalized_rank_lambda_0.5,raw_gradient_stable_rank,48,0.6700666050282846,0.775507530767747,0.613807689275978,runs/20260612_160944_stage4_hard_s101,hard_knee,101
penalized_rank_lambda_0.5,predicted_rank_whitened_stable,48,0.650314154157903,0.8269969635247691,0.6319143438990885,runs/20260612_160944_stage4_hard_s101,hard_knee,101
penalized_rank_lambda_0.5,predicted_rank_raw_effective,48,0.6421497704333199,0.7998582636372038,0.6392486753363222,runs/20260612_160944_stage4_hard_s101,hard_knee,101
penalized_rank_lambda_0.5,predicted_rank_raw_stable,48,0.3227905205558885,0.598873035228719,0.8793883360991884,runs/20260612_160944_stage4_hard_s101,hard_knee,101
recovery_rank_0.5,predicted_rank_raw_effective,48,0.897196261682243,0.946969635503102,0.2359774528539786,runs/20260612_160944_stage4_hard_s101,hard_knee,101
recovery_rank_0.5,raw_gradient_effective_rank,48,0.8291624444259746,0.9276672276126532,0.3041989632941962,runs/20260612_160944_stage4_hard_s101,hard_knee,101
recovery_rank_0.5,gradient_stable_rank,48,0.8090951045001802,0.917450628189606,0.3215693057425347,runs/20260612_160944_stage4_hard_s101,hard_knee,101
recovery_rank_0.5,whitened_gradient_stable_rank,48,0.8090951045001802,0.917450628189606,0.3215693057425347,runs/20260612_160944_stage4_hard_s101,hard_knee,101
recovery_rank_0.5,raw_gradient_stable_rank,48,0.8006042024776974,0.899060749228122,0.3286427497926088,runs/20260612_160944_stage4_hard_s101,hard_knee,101
recovery_rank_0.5,gradient_effective_rank,48,0.7815952220217666,0.899060749228122,0.3439514327220386,runs/20260612_160944_stage4_hard_s101,hard_knee,101
recovery_rank_0.5,whitened_gradient_effective_rank,48,0.7815952220217666,0.899060749228122,0.3439514327220386,runs/20260612_160944_stage4_hard_s101,hard_knee,101
recovery_rank_0.5,gradient_detectable_rank,48,0.7575579210690511,0.8858664610004322,0.3623848682744135,runs/20260612_160944_stage4_hard_s101,hard_knee,101
recovery_rank_0.5,whitened_gradient_detectable_rank,48,0.7575579210690511,0.8858664610004322,0.3623848682744135,runs/20260612_160944_stage4_hard_s101,hard_knee,101
recovery_rank_0.5,true_k_strong,48,0.7444443428462875,0.8696305936637363,0.3720564217403874,runs/20260612_160944_stage4_hard_s101,hard_knee,101
recovery_rank_0.5,predicted_rank_detectable,48,0.7231876037631433,0.8510215473296392,0.3872209291368826,runs/20260612_160944_stage4_hard_s101,hard_knee,101
recovery_rank_0.5,predicted_rank_whitened_detectable,48,0.7231876037631433,0.8510215473296392,0.3872209291368826,runs/20260612_160944_stage4_hard_s101,hard_knee,101
recovery_rank_0.5,predicted_rank_whitened_stable,48,0.7218587863749155,0.8546304648813926,0.3881492290948428,runs/20260612_160944_stage4_hard_s101,hard_knee,101
recovery_rank_0.5,predicted_rank_raw_detectable,48,0.689470365699874,0.8362079127714616,0.4101262633782044,runs/20260612_160944_stage4_hard_s101,hard_knee,101
recovery_rank_0.5,predicted_rank_whitened_effective,48,0.6774362862308275,0.8196561646738473,0.4179976215542003,runs/20260612_160944_stage4_hard_s101,hard_knee,101
recovery_rank_0.5,raw_gradient_detectable_rank,48,0.6757657041926208,0.8274921265626901,0.4190786444439719,runs/20260612_160944_stage4_hard_s101,hard_knee,101
recovery_rank_0.5,predicted_rank_raw_stable,48,0.5044519048314114,0.7102477770689687,0.5180944748624381,runs/20260612_160944_stage4_hard_s101,hard_knee,101
recovery_rank_0.6,gradient_stable_rank,48,0.8289994477106106,0.8971669035039129,0.3530066341038143,runs/20260612_160944_stage4_hard_s101,hard_knee,101
recovery_rank_0.6,whitened_gradient_stable_rank,48,0.8289994477106106,0.8971669035039129,0.3530066341038143,runs/20260612_160944_stage4_hard_s101,hard_knee,101
recovery_rank_0.6,raw_gradient_effective_rank,48,0.8164322447903649,0.8752947685772156,0.3657482941434272,runs/20260612_160944_stage4_hard_s101,hard_knee,101
recovery_rank_0.6,gradient_effective_rank,48,0.8013374053839909,0.8817862310821979,0.3804890495441858,runs/20260612_160944_stage4_hard_s101,hard_knee,101
recovery_rank_0.6,whitened_gradient_effective_rank,48,0.8013374053839909,0.8817862310821979,0.3804890495441858,runs/20260612_160944_stage4_hard_s101,hard_knee,101
recovery_rank_0.6,gradient_detectable_rank,48,0.7888548941578409,0.8719632919313107,0.3922605386332282,runs/20260612_160944_stage4_hard_s101,hard_knee,101
recovery_rank_0.6,whitened_gradient_detectable_rank,48,0.7888548941578409,0.8719632919313107,0.3922605386332282,runs/20260612_160944_stage4_hard_s101,hard_knee,101
recovery_rank_0.6,predicted_rank_whitened_effective,48,0.7808291425859557,0.8692285463259427,0.3996460400039976,runs/20260612_160944_stage4_hard_s101,hard_knee,101
recovery_rank_0.6,true_k_strong,48,0.7689365077527753,0.8473685569743343,0.4103455963650669,runs/20260612_160944_stage4_hard_s101,hard_knee,101
recovery_rank_0.6,predicted_rank_detectable,48,0.7395983391964214,0.8498985155675763,0.4356181693277282,runs/20260612_160944_stage4_hard_s101,hard_knee,101
recovery_rank_0.6,predicted_rank_whitened_detectable,48,0.7395983391964214,0.8498985155675763,0.4356181693277282,runs/20260612_160944_stage4_hard_s101,hard_knee,101
recovery_rank_0.6,raw_gradient_stable_rank,48,0.7097154217111625,0.80868417584591,0.4599346114016349,runs/20260612_160944_stage4_hard_s101,hard_knee,101
recovery_rank_0.6,raw_gradient_detectable_rank,48,0.6927345884443403,0.8041063237810898,0.4731958729767583,runs/20260612_160944_stage4_hard_s101,hard_knee,101
recovery_rank_0.6,predicted_rank_raw_effective,48,0.6488409921862188,0.8010200693451409,0.5058666132823363,runs/20260612_160944_stage4_hard_s101,hard_knee,101
recovery_rank_0.6,predicted_rank_raw_detectable,48,0.6187133246760854,0.7550320007340815,0.5271205223494597,runs/20260612_160944_stage4_hard_s101,hard_knee,101
recovery_rank_0.6,predicted_rank_whitened_stable,48,0.6021650926836426,0.7786579163935372,0.5384378161410709,runs/20260612_160944_stage4_hard_s101,hard_knee,101
recovery_rank_0.6,predicted_rank_raw_stable,48,0.4386466146719211,0.6894555296042523,0.6395909113170248,runs/20260612_160944_stage4_hard_s101,hard_knee,101
recovery_rank_0.7,gradient_detectable_rank,48,0.8366864451644868,0.9122715649467232,0.4151945689723709,runs/20260612_160944_stage4_hard_s101,hard_knee,101
recovery_rank_0.7,whitened_gradient_detectable_rank,48,0.8366864451644868,0.9122715649467232,0.4151945689723709,runs/20260612_160944_stage4_hard_s101,hard_knee,101
recovery_rank_0.7,gradient_effective_rank,48,0.8301824598635598,0.9053719399155838,0.4233814449427348,runs/20260612_160944_stage4_hard_s101,hard_knee,101
recovery_rank_0.7,whitened_gradient_effective_rank,48,0.8301824598635598,0.9053719399155838,0.4233814449427348,runs/20260612_160944_stage4_hard_s101,hard_knee,101
recovery_rank_0.7,true_k_strong,48,0.827265216471792,0.9018729240335008,0.4270025297242234,runs/20260612_160944_stage4_hard_s101,hard_knee,101
recovery_rank_0.7,gradient_stable_rank,48,0.8001747010625233,0.8961800603636535,0.4592675738978348,runs/20260612_160944_stage4_hard_s101,hard_knee,101
recovery_rank_0.7,whitened_gradient_stable_rank,48,0.8001747010625233,0.8961800603636535,0.4592675738978348,runs/20260612_160944_stage4_hard_s101,hard_knee,101
recovery_rank_0.7,raw_gradient_effective_rank,48,0.7948783721413657,0.8836046668662273,0.4653141668279407,runs/20260612_160944_stage4_hard_s101,hard_knee,101
recovery_rank_0.7,predicted_rank_detectable,48,0.763498674744415,0.8809278816097139,0.4996401582837234,runs/20260612_160944_stage4_hard_s101,hard_knee,101
recovery_rank_0.7,predicted_rank_whitened_detectable,48,0.763498674744415,0.8809278816097139,0.4996401582837234,runs/20260612_160944_stage4_hard_s101,hard_knee,101
recovery_rank_0.7,predicted_rank_whitened_effective,48,0.7508878336858067,0.8750760681193805,0.5127881932235047,runs/20260612_160944_stage4_hard_s101,hard_knee,101
recovery_rank_0.7,raw_gradient_stable_rank,48,0.6382991952603523,0.78232481609772,0.6178958600701662,runs/20260612_160944_stage4_hard_s101,hard_knee,101
recovery_rank_0.7,raw_gradient_detectable_rank,48,0.6307467937132946,0.7641126666196629,0.624313441552105,runs/20260612_160944_stage4_hard_s101,hard_knee,101
recovery_rank_0.7,predicted_rank_raw_effective,48,0.6266601082144614,0.7960711355438793,0.6277587091269504,runs/20260612_160944_stage4_hard_s101,hard_knee,101
recovery_rank_0.7,predicted_rank_raw_detectable,48,0.5832614322691976,0.7443423977765116,0.6632425728061443,runs/20260612_160944_stage4_hard_s101,hard_knee,101
recovery_rank_0.7,predicted_rank_whitened_stable,48,0.5787930236147554,0.7835804110811165,0.6667888451093065,runs/20260612_160944_stage4_hard_s101,hard_knee,101
recovery_rank_0.7,predicted_rank_raw_stable,48,0.3357635074403275,0.6174485797352646,0.837340145892993,runs/20260612_160944_stage4_hard_s101,hard_knee,101
recovery_rank_0.8,gradient_detectable_rank,47,0.871230291655737,0.936885202006032,0.4612702340460661,runs/20260612_160944_stage4_hard_s101,hard_knee,101
recovery_rank_0.8,whitened_gradient_detectable_rank,47,0.871230291655737,0.936885202006032,0.4612702340460661,runs/20260612_160944_stage4_hard_s101,hard_knee,101
recovery_rank_0.8,true_k_strong,47,0.8669153636136179,0.93366668864835,0.4689348779813327,runs/20260612_160944_stage4_hard_s101,hard_knee,101
recovery_rank_0.8,gradient_effective_rank,47,0.8562217178396667,0.925552725700854,0.4874108802407894,runs/20260612_160944_stage4_hard_s101,hard_knee,101
recovery_rank_0.8,whitened_gradient_effective_rank,47,0.8562217178396667,0.925552725700854,0.4874108802407894,runs/20260612_160944_stage4_hard_s101,hard_knee,101
recovery_rank_0.8,predicted_rank_detectable,47,0.8505095685188035,0.9297708030592872,0.4969987220301252,runs/20260612_160944_stage4_hard_s101,hard_knee,101
recovery_rank_0.8,predicted_rank_whitened_detectable,47,0.8505095685188035,0.9297708030592872,0.4969987220301252,runs/20260612_160944_stage4_hard_s101,hard_knee,101
recovery_rank_0.8,raw_gradient_effective_rank,47,0.8331276825269769,0.891895183661835,0.5250984338412317,runs/20260612_160944_stage4_hard_s101,hard_knee,101
recovery_rank_0.8,gradient_stable_rank,47,0.8108119501949196,0.8915983799401503,0.5591076370756985,runs/20260612_160944_stage4_hard_s101,hard_knee,101
recovery_rank_0.8,whitened_gradient_stable_rank,47,0.8108119501949196,0.8915983799401503,0.5591076370756985,runs/20260612_160944_stage4_hard_s101,hard_knee,101
recovery_rank_0.8,predicted_rank_whitened_effective,47,0.7640591659633406,0.8818890255719931,0.6243816476600867,runs/20260612_160944_stage4_hard_s101,hard_knee,101
recovery_rank_0.8,raw_gradient_detectable_rank,47,0.6915257957741435,0.7773026800571275,0.7139338939920584,runs/20260612_160944_stage4_hard_s101,hard_knee,101
recovery_rank_0.8,predicted_rank_whitened_stable,47,0.690018904109589,0.8618400373124312,0.7156755475504959,runs/20260612_160944_stage4_hard_s101,hard_knee,101
recovery_rank_0.8,predicted_rank_raw_effective,47,0.6640704500978474,0.8199751838211982,0.7450281430734115,runs/20260612_160944_stage4_hard_s101,hard_knee,101
recovery_rank_0.8,raw_gradient_stable_rank,47,0.6607686331745994,0.7805344272858215,0.7486805925474365,runs/20260612_160944_stage4_hard_s101,hard_knee,101
recovery_rank_0.8,predicted_rank_raw_detectable,47,0.6533691730512152,0.7759364649142942,0.7568018166947048,runs/20260612_160944_stage4_hard_s101,hard_knee,101
recovery_rank_0.8,predicted_rank_raw_stable,47,0.3251592801504164,0.5697704693807143,1.0559642476343691,runs/20260612_160944_stage4_hard_s101,hard_knee,101
recovery_rank_0.85,true_k_strong,45,0.8457216624378086,0.9249234667819334,0.559169709592751,runs/20260612_160944_stage4_hard_s101,hard_knee,101
recovery_rank_0.85,gradient_detectable_rank,45,0.8292374098244177,0.9128452243028548,0.5882846669959311,runs/20260612_160944_stage4_hard_s101,hard_knee,101
recovery_rank_0.85,whitened_gradient_detectable_rank,45,0.8292374098244177,0.9128452243028548,0.5882846669959311,runs/20260612_160944_stage4_hard_s101,hard_knee,101
recovery_rank_0.85,gradient_effective_rank,45,0.8258227750273399,0.9082429225957246,0.5941373376119289,runs/20260612_160944_stage4_hard_s101,hard_knee,101
recovery_rank_0.85,whitened_gradient_effective_rank,45,0.8258227750273399,0.9082429225957246,0.5941373376119289,runs/20260612_160944_stage4_hard_s101,hard_knee,101
recovery_rank_0.85,predicted_rank_detectable,45,0.799342105263158,0.8961442324694602,0.6377042156569663,runs/20260612_160944_stage4_hard_s101,hard_knee,101
recovery_rank_0.85,predicted_rank_whitened_detectable,45,0.799342105263158,0.8961442324694602,0.6377042156569663,runs/20260612_160944_stage4_hard_s101,hard_knee,101
recovery_rank_0.85,raw_gradient_effective_rank,45,0.7794279497563474,0.8650318409378845,0.6686000462362652,runs/20260612_160944_stage4_hard_s101,hard_knee,101
recovery_rank_0.85,gradient_stable_rank,45,0.7706619961907566,0.8728638494883679,0.6817563257646141,runs/20260612_160944_stage4_hard_s101,hard_knee,101
recovery_rank_0.85,whitened_gradient_stable_rank,45,0.7706619961907566,0.8728638494883679,0.6817563257646141,runs/20260612_160944_stage4_hard_s101,hard_knee,101
recovery_rank_0.85,predicted_rank_whitened_effective,45,0.715035163339383,0.8558953309956395,0.7599531141012477,runs/20260612_160944_stage4_hard_s101,hard_knee,101
recovery_rank_0.85,predicted_rank_whitened_stable,45,0.7004303210857332,0.8598717993194546,0.7791841134158093,runs/20260612_160944_stage4_hard_s101,hard_knee,101
recovery_rank_0.85,raw_gradient_detectable_rank,45,0.6937871593120832,0.8120999053330961,0.7877762100542968,runs/20260612_160944_stage4_hard_s101,hard_knee,101
recovery_rank_0.85,predicted_rank_raw_effective,45,0.5930969825717507,0.7879853202613596,0.9081061512774368,runs/20260612_160944_stage4_hard_s101,hard_knee,101
recovery_rank_0.85,predicted_rank_raw_detectable,45,0.5858408622362359,0.7672155145822942,0.9161672986967112,runs/20260612_160944_stage4_hard_s101,hard_knee,101
recovery_rank_0.85,raw_gradient_stable_rank,45,0.5804707997356228,0.7405974292263234,0.9220877647323698,runs/20260612_160944_stage4_hard_s101,hard_knee,101
recovery_rank_0.85,predicted_rank_raw_stable,45,0.2654690335753176,0.5293966161624931,1.2201022191961444,runs/20260612_160944_stage4_hard_s101,hard_knee,101
recovery_rank_0.9,gradient_effective_rank,42,0.8755033280301274,0.9268558147103462,0.5096282452211336,runs/20260612_160944_stage4_hard_s101,hard_knee,101
recovery_rank_0.9,whitened_gradient_effective_rank,42,0.8755033280301274,0.9268558147103462,0.5096282452211336,runs/20260612_160944_stage4_hard_s101,hard_knee,101
recovery_rank_0.9,gradient_detectable_rank,42,0.8703774441396522,0.9306191937647712,0.520013848131321,runs/20260612_160944_stage4_hard_s101,hard_knee,101
recovery_rank_0.9,whitened_gradient_detectable_rank,42,0.8703774441396522,0.9306191937647712,0.520013848131321,runs/20260612_160944_stage4_hard_s101,hard_knee,101
recovery_rank_0.9,true_k_strong,42,0.8703774441396522,0.9306191937647712,0.520013848131321,runs/20260612_160944_stage4_hard_s101,hard_knee,101
recovery_rank_0.9,gradient_stable_rank,42,0.8445491678089203,0.902796721775688,0.5694703861226965,runs/20260612_160944_stage4_hard_s101,hard_knee,101
recovery_rank_0.9,whitened_gradient_stable_rank,42,0.8445491678089203,0.902796721775688,0.5694703861226965,runs/20260612_160944_stage4_hard_s101,hard_knee,101
recovery_rank_0.9,predicted_rank_detectable,42,0.8387207752255947,0.9062503606984452,0.5800478649270843,runs/20260612_160944_stage4_hard_s101,hard_knee,101
recovery_rank_0.9,predicted_rank_whitened_detectable,42,0.8387207752255947,0.9062503606984452,0.5800478649270843,runs/20260612_160944_stage4_hard_s101,hard_knee,101
recovery_rank_0.9,raw_gradient_effective_rank,42,0.8249518967536824,0.8846279584905498,0.6043010148286451,runs/20260612_160944_stage4_hard_s101,hard_knee,101
recovery_rank_0.9,predicted_rank_whitened_effective,42,0.7408634843417452,0.8562499551574252,0.7352565911897486,runs/20260612_160944_stage4_hard_s101,hard_knee,101
recovery_rank_0.9,predicted_rank_whitened_stable,42,0.728219976783453,0.8645057008454096,0.7529799022821719,runs/20260612_160944_stage4_hard_s101,hard_knee,101
recovery_rank_0.9,predicted_rank_raw_effective,42,0.7218070652173912,0.8532006779353482,0.7618117502750551,runs/20260612_160944_stage4_hard_s101,hard_knee,101
recovery_rank_0.9,raw_gradient_detectable_rank,42,0.7016042790081234,0.8008339541381585,0.7889889384055798,runs/20260612_160944_stage4_hard_s101,hard_knee,101
recovery_rank_0.9,raw_gradient_stable_rank,42,0.6400885232347413,0.7764450026740182,0.8665077806005876,runs/20260612_160944_stage4_hard_s101,hard_knee,101
recovery_rank_0.9,predicted_rank_raw_detectable,42,0.6348538956630367,0.7839286712007727,0.8727863686657876,runs/20260612_160944_stage4_hard_s101,hard_knee,101
recovery_rank_0.9,predicted_rank_raw_stable,42,0.3595169082125603,0.6002118934199898,1.1559217978833471,runs/20260612_160944_stage4_hard_s101,hard_knee,101
recovery_rank_0.95,gradient_effective_rank,33,0.6819465200094845,0.833011141704502,0.9909117782041742,runs/20260612_160944_stage4_hard_s101,hard_knee,101
recovery_rank_0.95,whitened_gradient_effective_rank,33,0.6819465200094845,0.833011141704502,0.9909117782041742,runs/20260612_160944_stage4_hard_s101,hard_knee,101
recovery_rank_0.95,raw_gradient_effective_rank,33,0.6729896540105224,0.8175818695906998,1.0047676902199985,runs/20260612_160944_stage4_hard_s101,hard_knee,101
recovery_rank_0.95,gradient_detectable_rank,33,0.6642553568707683,0.8088746031582625,1.0180977103610904,runs/20260612_160944_stage4_hard_s101,hard_knee,101
recovery_rank_0.95,whitened_gradient_detectable_rank,33,0.6642553568707683,0.8088746031582625,1.0180977103610904,runs/20260612_160944_stage4_hard_s101,hard_knee,101
recovery_rank_0.95,true_k_strong,33,0.6642553568707683,0.8088746031582625,1.0180977103610904,runs/20260612_160944_stage4_hard_s101,hard_knee,101
recovery_rank_0.95,gradient_stable_rank,33,0.6518882560972574,0.8109693243990704,1.0366788830301694,runs/20260612_160944_stage4_hard_s101,hard_knee,101
recovery_rank_0.95,whitened_gradient_stable_rank,33,0.6518882560972574,0.8109693243990704,1.0366788830301694,runs/20260612_160944_stage4_hard_s101,hard_knee,101
recovery_rank_0.95,predicted_rank_whitened_effective,33,0.6482068903911979,0.802727698427426,1.0421460316309177,runs/20260612_160944_stage4_hard_s101,hard_knee,101
recovery_rank_0.95,raw_gradient_detectable_rank,33,0.6352460940579441,0.7810359787528718,1.061169820634357,runs/20260612_160944_stage4_hard_s101,hard_knee,101
recovery_rank_0.95,predicted_rank_detectable,33,0.6244833013991924,0.7889558889206402,1.076711971300707,runs/20260612_160944_stage4_hard_s101,hard_knee,101
recovery_rank_0.95,predicted_rank_whitened_detectable,33,0.6244833013991924,0.7889558889206402,1.076711971300707,runs/20260612_160944_stage4_hard_s101,hard_knee,101
recovery_rank_0.95,predicted_rank_raw_effective,33,0.5961668778935933,0.7782385457308425,1.116569814689604,runs/20260612_160944_stage4_hard_s101,hard_knee,101
recovery_rank_0.95,predicted_rank_raw_detectable,33,0.5791480501727695,0.7595012843297798,1.139854941925064,runs/20260612_160944_stage4_hard_s101,hard_knee,101
recovery_rank_0.95,raw_gradient_stable_rank,33,0.5707205805332658,0.7521346274376491,1.151211047662425,runs/20260612_160944_stage4_hard_s101,hard_knee,101
recovery_rank_0.95,predicted_rank_whitened_stable,33,0.4032638089720974,0.6549870532139391,1.357300795421689,runs/20260612_160944_stage4_hard_s101,hard_knee,101
recovery_rank_0.95,predicted_rank_raw_stable,33,0.3143173059514262,0.5550536713190106,1.4549447739090184,runs/20260612_160944_stage4_hard_s101,hard_knee,101
best_rank,gradient_detectable_rank,48,,,0.0,runs/20260612_165048_stage4_hard_s103,hard_knee,103
best_rank,predicted_rank_detectable,48,,,0.0,runs/20260612_165048_stage4_hard_s103,hard_knee,103
best_rank,gradient_effective_rank,48,,,0.0,runs/20260612_165048_stage4_hard_s103,hard_knee,103
best_rank,gradient_stable_rank,48,,,0.0,runs/20260612_165048_stage4_hard_s103,hard_knee,103
best_rank,raw_gradient_detectable_rank,48,,,0.0,runs/20260612_165048_stage4_hard_s103,hard_knee,103
best_rank,raw_gradient_effective_rank,48,,,0.0,runs/20260612_165048_stage4_hard_s103,hard_knee,103
best_rank,raw_gradient_stable_rank,48,,,0.0,runs/20260612_165048_stage4_hard_s103,hard_knee,103
best_rank,predicted_rank_raw_detectable,48,,,0.0,runs/20260612_165048_stage4_hard_s103,hard_knee,103
best_rank,predicted_rank_raw_effective,48,,,0.0,runs/20260612_165048_stage4_hard_s103,hard_knee,103
best_rank,predicted_rank_raw_stable,48,,,0.0,runs/20260612_165048_stage4_hard_s103,hard_knee,103
best_rank,whitened_gradient_detectable_rank,48,,,0.0,runs/20260612_165048_stage4_hard_s103,hard_knee,103
best_rank,whitened_gradient_effective_rank,48,,,0.0,runs/20260612_165048_stage4_hard_s103,hard_knee,103
best_rank,whitened_gradient_stable_rank,48,,,0.0,runs/20260612_165048_stage4_hard_s103,hard_knee,103
best_rank,predicted_rank_whitened_detectable,48,,,0.0,runs/20260612_165048_stage4_hard_s103,hard_knee,103
best_rank,predicted_rank_whitened_effective,48,,,0.0,runs/20260612_165048_stage4_hard_s103,hard_knee,103
best_rank,predicted_rank_whitened_stable,48,,,0.0,runs/20260612_165048_stage4_hard_s103,hard_knee,103
best_rank,true_k_strong,48,,,0.0,runs/20260612_165048_stage4_hard_s103,hard_knee,103
near_best_rank_gap_0.02,gradient_detectable_rank,48,0.7305658264972714,0.7793959341104622,0.8092433053560445,runs/20260612_165048_stage4_hard_s103,hard_knee,103
near_best_rank_gap_0.02,whitened_gradient_detectable_rank,48,0.7305658264972714,0.7793959341104622,0.8092433053560445,runs/20260612_165048_stage4_hard_s103,hard_knee,103
near_best_rank_gap_0.02,true_k_strong,48,0.7200172475558139,0.7637415040204241,0.8249325029436968,runs/20260612_165048_stage4_hard_s103,hard_knee,103
near_best_rank_gap_0.02,gradient_effective_rank,48,0.7183315238850096,0.7695599715005184,0.8274121581449942,runs/20260612_165048_stage4_hard_s103,hard_knee,103
near_best_rank_gap_0.02,whitened_gradient_effective_rank,48,0.7183315238850096,0.7695599715005184,0.8274121581449942,runs/20260612_165048_stage4_hard_s103,hard_knee,103
near_best_rank_gap_0.02,predicted_rank_detectable,48,0.7166750567867887,0.7812820897899789,0.8298415600307887,runs/20260612_165048_stage4_hard_s103,hard_knee,103
near_best_rank_gap_0.02,predicted_rank_whitened_detectable,48,0.7166750567867887,0.7812820897899789,0.8298415600307887,runs/20260612_165048_stage4_hard_s103,hard_knee,103
near_best_rank_gap_0.02,predicted_rank_whitened_effective,48,0.6931805157593123,0.7785576318465697,0.8635634325131499,runs/20260612_165048_stage4_hard_s103,hard_knee,103
near_best_rank_gap_0.02,raw_gradient_effective_rank,48,0.682506437644476,0.7638717464173599,0.8784564541491756,runs/20260612_165048_stage4_hard_s103,hard_knee,103
near_best_rank_gap_0.02,gradient_stable_rank,48,0.6566247136481724,0.7305387474300508,0.9135604577054076,runs/20260612_165048_stage4_hard_s103,hard_knee,103
near_best_rank_gap_0.02,whitened_gradient_stable_rank,48,0.6566247136481724,0.7305387474300508,0.9135604577054076,runs/20260612_165048_stage4_hard_s103,hard_knee,103
near_best_rank_gap_0.02,raw_gradient_stable_rank,48,0.5612272692887442,0.6716087355685284,1.0326962274824696,runs/20260612_165048_stage4_hard_s103,hard_knee,103
near_best_rank_gap_0.02,raw_gradient_detectable_rank,48,0.5376248342755461,0.6198692693267237,1.0601077906526732,runs/20260612_165048_stage4_hard_s103,hard_knee,103
near_best_rank_gap_0.02,predicted_rank_raw_effective,48,0.5084033613445378,0.6748104184469225,1.0930932902440076,runs/20260612_165048_stage4_hard_s103,hard_knee,103
near_best_rank_gap_0.02,predicted_rank_raw_detectable,48,0.4923887587822013,0.6068374388023703,1.110755293664798,runs/20260612_165048_stage4_hard_s103,hard_knee,103
near_best_rank_gap_0.02,predicted_rank_whitened_stable,48,0.378402332361516,0.5925069217617643,1.2291572984769252,runs/20260612_165048_stage4_hard_s103,hard_knee,103
near_best_rank_gap_0.02,predicted_rank_raw_stable,48,0.3087166191340419,0.6074910825079594,1.296226315821038,runs/20260612_165048_stage4_hard_s103,hard_knee,103
near_best_rank_gap_0.05,gradient_detectable_rank,48,0.7748908808831961,0.8161995398017111,0.6198149702787348,runs/20260612_165048_stage4_hard_s103,hard_knee,103
near_best_rank_gap_0.05,whitened_gradient_detectable_rank,48,0.7748908808831961,0.8161995398017111,0.6198149702787348,runs/20260612_165048_stage4_hard_s103,hard_knee,103
near_best_rank_gap_0.05,true_k_strong,48,0.7674628269480703,0.8054384415840515,0.6299581681301,runs/20260612_165048_stage4_hard_s103,hard_knee,103
near_best_rank_gap_0.05,gradient_effective_rank,48,0.7654861460338371,0.8140117813129251,0.632629980123675,runs/20260612_165048_stage4_hard_s103,hard_knee,103
near_best_rank_gap_0.05,whitened_gradient_effective_rank,48,0.7654861460338371,0.8140117813129251,0.632629980123675,runs/20260612_165048_stage4_hard_s103,hard_knee,103
near_best_rank_gap_0.05,predicted_rank_detectable,48,0.7467947807178414,0.7971077758892449,0.6573578354892413,runs/20260612_165048_stage4_hard_s103,hard_knee,103
near_best_rank_gap_0.05,predicted_rank_whitened_detectable,48,0.7467947807178414,0.7971077758892449,0.6573578354892413,runs/20260612_165048_stage4_hard_s103,hard_knee,103
near_best_rank_gap_0.05,predicted_rank_whitened_effective,48,0.7202878737972466,0.7892203703450056,0.6909095002961608,runs/20260612_165048_stage4_hard_s103,hard_knee,103
near_best_rank_gap_0.05,raw_gradient_effective_rank,48,0.7079237806267972,0.7657681601920224,0.706014493236135,runs/20260612_165048_stage4_hard_s103,hard_knee,103
near_best_rank_gap_0.05,gradient_stable_rank,48,0.688464976230917,0.7403409340012406,0.7291534860296912,runs/20260612_165048_stage4_hard_s103,hard_knee,103
near_best_rank_gap_0.05,whitened_gradient_stable_rank,48,0.688464976230917,0.7403409340012406,0.7291534860296912,runs/20260612_165048_stage4_hard_s103,hard_knee,103
near_best_rank_gap_0.05,raw_gradient_stable_rank,48,0.5490897052335396,0.6486780538715256,0.8772241768897189,runs/20260612_165048_stage4_hard_s103,hard_knee,103
near_best_rank_gap_0.05,raw_gradient_detectable_rank,48,0.5409456344227774,0.6352542713552132,0.8851106739516096,runs/20260612_165048_stage4_hard_s103,hard_knee,103
near_best_rank_gap_0.05,predicted_rank_raw_effective,48,0.5287535156483754,0.6865050321006044,0.8967875674742991,runs/20260612_165048_stage4_hard_s103,hard_knee,103
near_best_rank_gap_0.05,predicted_rank_raw_detectable,48,0.5211547120724448,0.6318162872237834,0.9039889591424036,runs/20260612_165048_stage4_hard_s103,hard_knee,103
near_best_rank_gap_0.05,predicted_rank_whitened_stable,48,0.4449643947100713,0.6418068733228228,0.9732534213770956,runs/20260612_165048_stage4_hard_s103,hard_knee,103
near_best_rank_gap_0.05,predicted_rank_raw_stable,48,0.2998506368703532,0.5739987840514736,1.093102446368918,runs/20260612_165048_stage4_hard_s103,hard_knee,103
near_best_rank_gap_0.1,gradient_effective_rank,48,0.8376361944056026,0.8534586334995709,0.4866010170819241,runs/20260612_165048_stage4_hard_s103,hard_knee,103
near_best_rank_gap_0.1,whitened_gradient_effective_rank,48,0.8376361944056026,0.8534586334995709,0.4866010170819241,runs/20260612_165048_stage4_hard_s103,hard_knee,103
near_best_rank_gap_0.1,gradient_detectable_rank,48,0.8255749928643771,0.8367942602123645,0.504350871985747,runs/20260612_165048_stage4_hard_s103,hard_knee,103
near_best_rank_gap_0.1,whitened_gradient_detectable_rank,48,0.8255749928643771,0.8367942602123645,0.504350871985747,runs/20260612_165048_stage4_hard_s103,hard_knee,103
near_best_rank_gap_0.1,predicted_rank_detectable,48,0.8122045552213151,0.8331765406827669,0.5233243324831319,runs/20260612_165048_stage4_hard_s103,hard_knee,103
near_best_rank_gap_0.1,predicted_rank_whitened_detectable,48,0.8122045552213151,0.8331765406827669,0.5233243324831319,runs/20260612_165048_stage4_hard_s103,hard_knee,103
near_best_rank_gap_0.1,gradient_stable_rank,48,0.8068907641348825,0.8386718221004907,0.5306765828983127,runs/20260612_165048_stage4_hard_s103,hard_knee,103
near_best_rank_gap_0.1,whitened_gradient_stable_rank,48,0.8068907641348825,0.8386718221004907,0.5306765828983127,runs/20260612_165048_stage4_hard_s103,hard_knee,103
near_best_rank_gap_0.1,true_k_strong,48,0.8060902929833238,0.8126075624161083,0.5317753185315388,runs/20260612_165048_stage4_hard_s103,hard_knee,103
near_best_rank_gap_0.1,raw_gradient_effective_rank,48,0.7904031773376337,0.8243365163929858,0.5528671025203835,runs/20260612_165048_stage4_hard_s103,hard_knee,103
near_best_rank_gap_0.1,predicted_rank_whitened_effective,48,0.7349979533360622,0.8065790560914916,0.6216601306594914,runs/20260612_165048_stage4_hard_s103,hard_knee,103
near_best_rank_gap_0.1,predicted_rank_raw_detectable,48,0.6495316159250585,0.7533640135923438,0.7149123909794517,runs/20260612_165048_stage4_hard_s103,hard_knee,103
near_best_rank_gap_0.1,raw_gradient_detectable_rank,48,0.6368227387319207,0.7277158507800274,0.7277592362972447,runs/20260612_165048_stage4_hard_s103,hard_knee,103
near_best_rank_gap_0.1,predicted_rank_raw_effective,48,0.6056722689075631,0.7387715822256737,0.7583279465441082,runs/20260612_165048_stage4_hard_s103,hard_knee,103
near_best_rank_gap_0.1,raw_gradient_stable_rank,48,0.5949234916505111,0.6849341341192163,0.7685938945088869,runs/20260612_165048_stage4_hard_s103,hard_knee,103
near_best_rank_gap_0.1,predicted_rank_whitened_stable,48,0.56,0.7231345919572619,0.8010409893798611,runs/20260612_165048_stage4_hard_s103,hard_knee,103
near_best_rank_gap_0.1,predicted_rank_raw_stable,48,0.3811252268602541,0.6619045512985838,0.9500135319187808,runs/20260612_165048_stage4_hard_s103,hard_knee,103
near_best_rank_gap_0.2,gradient_effective_rank,48,0.8061299510855172,0.8362600348909482,0.3959319510527598,runs/20260612_165048_stage4_hard_s103,hard_knee,103
near_best_rank_gap_0.2,whitened_gradient_effective_rank,48,0.8061299510855172,0.8362600348909482,0.3959319510527598,runs/20260612_165048_stage4_hard_s103,hard_knee,103
near_best_rank_gap_0.2,gradient_detectable_rank,48,0.7919292169972026,0.8048258217425085,0.4101764677473199,runs/20260612_165048_stage4_hard_s103,hard_knee,103
near_best_rank_gap_0.2,whitened_gradient_detectable_rank,48,0.7919292169972026,0.8048258217425085,0.4101764677473199,runs/20260612_165048_stage4_hard_s103,hard_knee,103
near_best_rank_gap_0.2,gradient_stable_rank,48,0.7871251349145536,0.8188587715990171,0.4148846652265966,runs/20260612_165048_stage4_hard_s103,hard_knee,103
near_best_rank_gap_0.2,whitened_gradient_stable_rank,48,0.7871251349145536,0.8188587715990171,0.4148846652265966,runs/20260612_165048_stage4_hard_s103,hard_knee,103
near_best_rank_gap_0.2,true_k_strong,48,0.7730533260340873,0.7841598549310804,0.4283779431204702,runs/20260612_165048_stage4_hard_s103,hard_knee,103
near_best_rank_gap_0.2,predicted_rank_detectable,48,0.7548625773061042,0.7586138007336107,0.4452152152402165,runs/20260612_165048_stage4_hard_s103,hard_knee,103
near_best_rank_gap_0.2,predicted_rank_whitened_detectable,48,0.7548625773061042,0.7586138007336107,0.4452152152402165,runs/20260612_165048_stage4_hard_s103,hard_knee,103
near_best_rank_gap_0.2,raw_gradient_effective_rank,48,0.7230538849158424,0.7579543500772582,0.4732197140270368,runs/20260612_165048_stage4_hard_s103,hard_knee,103
near_best_rank_gap_0.2,predicted_rank_whitened_effective,48,0.6419491623179178,0.7112328205981835,0.5380684617518445,runs/20260612_165048_stage4_hard_s103,hard_knee,103
near_best_rank_gap_0.2,predicted_rank_raw_detectable,48,0.5893719806763285,0.7052836634317567,0.5762215285808054,runs/20260612_165048_stage4_hard_s103,hard_knee,103
near_best_rank_gap_0.2,raw_gradient_detectable_rank,48,0.5786455905346873,0.6671382187976976,0.58369901664179,runs/20260612_165048_stage4_hard_s103,hard_knee,103
near_best_rank_gap_0.2,predicted_rank_raw_effective,48,0.5754475703324808,0.7079786365896544,0.5859099258217687,runs/20260612_165048_stage4_hard_s103,hard_knee,103
near_best_rank_gap_0.2,predicted_rank_whitened_stable,48,0.5719872490058825,0.7447338994316324,0.5882928143145637,runs/20260612_165048_stage4_hard_s103,hard_knee,103
near_best_rank_gap_0.2,raw_gradient_stable_rank,48,0.4945590960641984,0.5878805166192959,0.6392936382577568,runs/20260612_165048_stage4_hard_s103,hard_knee,103
near_best_rank_gap_0.2,predicted_rank_raw_stable,48,0.2329449310432502,0.4912842790241803,0.7875505918125177,runs/20260612_165048_stage4_hard_s103,hard_knee,103
near_best_rank_gap_0.5,gradient_stable_rank,48,0.6827859655465064,0.8347528991854386,0.3566735833605938,runs/20260612_165048_stage4_hard_s103,hard_knee,103
near_best_rank_gap_0.5,whitened_gradient_stable_rank,48,0.6827859655465064,0.8347528991854386,0.3566735833605938,runs/20260612_165048_stage4_hard_s103,hard_knee,103
near_best_rank_gap_0.5,predicted_rank_whitened_stable,48,0.6531142327060695,0.8292639241769246,0.3729820991126831,runs/20260612_165048_stage4_hard_s103,hard_knee,103
near_best_rank_gap_0.5,raw_gradient_effective_rank,48,0.6062571381905566,0.7926862239446784,0.3973755069681096,runs/20260612_165048_stage4_hard_s103,hard_knee,103
near_best_rank_gap_0.5,predicted_rank_raw_effective,48,0.5867074102368219,0.7611265738628404,0.4071210495904232,runs/20260612_165048_stage4_hard_s103,hard_knee,103
near_best_rank_gap_0.5,gradient_effective_rank,48,0.5730048086936161,0.7600291997446142,0.4138150108202508,runs/20260612_165048_stage4_hard_s103,hard_knee,103
near_best_rank_gap_0.5,whitened_gradient_effective_rank,48,0.5730048086936161,0.7600291997446142,0.4138150108202508,runs/20260612_165048_stage4_hard_s103,hard_knee,103
near_best_rank_gap_0.5,raw_gradient_stable_rank,48,0.549781092372736,0.7480980082289602,0.4249194524609153,runs/20260612_165048_stage4_hard_s103,hard_knee,103
near_best_rank_gap_0.5,gradient_detectable_rank,48,0.5242257709139251,0.7143338441516436,0.4368126483856986,runs/20260612_165048_stage4_hard_s103,hard_knee,103
near_best_rank_gap_0.5,whitened_gradient_detectable_rank,48,0.5242257709139251,0.7143338441516436,0.4368126483856986,runs/20260612_165048_stage4_hard_s103,hard_knee,103
near_best_rank_gap_0.5,true_k_strong,48,0.5147836557058493,0.7049264957417775,0.4411257999818571,runs/20260612_165048_stage4_hard_s103,hard_knee,103
near_best_rank_gap_0.5,predicted_rank_raw_detectable,48,0.510964445390675,0.7351755268877355,0.4428584806456588,runs/20260612_165048_stage4_hard_s103,hard_knee,103
near_best_rank_gap_0.5,raw_gradient_detectable_rank,48,0.50063353775424,0.7450521173917094,0.4475117409593592,runs/20260612_165048_stage4_hard_s103,hard_knee,103
near_best_rank_gap_0.5,predicted_rank_detectable,48,0.4895830426556684,0.7008448023446272,0.4524361471725039,runs/20260612_165048_stage4_hard_s103,hard_knee,103
near_best_rank_gap_0.5,predicted_rank_whitened_detectable,48,0.4895830426556684,0.7008448023446272,0.4524361471725039,runs/20260612_165048_stage4_hard_s103,hard_knee,103
near_best_rank_gap_0.5,predicted_rank_whitened_effective,48,0.442116622632382,0.6662918338596877,0.4730057922109817,runs/20260612_165048_stage4_hard_s103,hard_knee,103
near_best_rank_gap_0.5,predicted_rank_raw_stable,48,0.3977420039126027,0.6254582414921752,0.4914575775326051,runs/20260612_165048_stage4_hard_s103,hard_knee,103
penalized_rank_lambda_0.03,gradient_detectable_rank,48,0.579224955535546,0.7510693784060796,0.8098255086487891,runs/20260612_165048_stage4_hard_s103,hard_knee,103
penalized_rank_lambda_0.03,whitened_gradient_detectable_rank,48,0.579224955535546,0.7510693784060796,0.8098255086487891,runs/20260612_165048_stage4_hard_s103,hard_knee,103
penalized_rank_lambda_0.03,true_k_strong,48,0.5760861029341214,0.7428688004596622,0.8128404213036048,runs/20260612_165048_stage4_hard_s103,hard_knee,103
penalized_rank_lambda_0.03,predicted_rank_detectable,48,0.575526698137695,0.7610122206296558,0.8133765642827756,runs/20260612_165048_stage4_hard_s103,hard_knee,103
penalized_rank_lambda_0.03,predicted_rank_whitened_detectable,48,0.575526698137695,0.7610122206296558,0.8133765642827756,runs/20260612_165048_stage4_hard_s103,hard_knee,103
penalized_rank_lambda_0.03,predicted_rank_whitened_effective,48,0.5630719587890451,0.7517620851952108,0.8252231905558257,runs/20260612_165048_stage4_hard_s103,hard_knee,103
penalized_rank_lambda_0.03,gradient_effective_rank,48,0.5596575682127425,0.7283637081470841,0.8284412846082823,runs/20260612_165048_stage4_hard_s103,hard_knee,103
penalized_rank_lambda_0.03,whitened_gradient_effective_rank,48,0.5596575682127425,0.7283637081470841,0.8284412846082823,runs/20260612_165048_stage4_hard_s103,hard_knee,103
penalized_rank_lambda_0.03,raw_gradient_effective_rank,48,0.5386072688437126,0.726804042819146,0.8480116904121192,runs/20260612_165048_stage4_hard_s103,hard_knee,103
penalized_rank_lambda_0.03,gradient_stable_rank,48,0.4866106199904699,0.6770102830901598,0.894519691789526,runs/20260612_165048_stage4_hard_s103,hard_knee,103
penalized_rank_lambda_0.03,whitened_gradient_stable_rank,48,0.4866106199904699,0.6770102830901598,0.894519691789526,runs/20260612_165048_stage4_hard_s103,hard_knee,103
penalized_rank_lambda_0.03,raw_gradient_stable_rank,48,0.4376605491238797,0.6395205498371297,0.9361937585318292,runs/20260612_165048_stage4_hard_s103,hard_knee,103
penalized_rank_lambda_0.03,predicted_rank_raw_effective,48,0.4141235441545039,0.6528955453509107,0.9555853611022624,runs/20260612_165048_stage4_hard_s103,hard_knee,103
penalized_rank_lambda_0.03,raw_gradient_detectable_rank,48,0.3703213016404746,0.564998531518027,0.9906630525921978,runs/20260612_165048_stage4_hard_s103,hard_knee,103
penalized_rank_lambda_0.03,predicted_rank_raw_detectable,48,0.3471794239697605,0.55103845447969,1.0087031623188911,runs/20260612_165048_stage4_hard_s103,hard_knee,103
penalized_rank_lambda_0.03,predicted_rank_raw_stable,48,0.3051230617378292,0.5989223539687342,1.0406876827341405,runs/20260612_165048_stage4_hard_s103,hard_knee,103
penalized_rank_lambda_0.03,predicted_rank_whitened_stable,48,0.2967452645218488,0.5318038952020574,1.046942422186698,runs/20260612_165048_stage4_hard_s103,hard_knee,103
penalized_rank_lambda_0.05,gradient_detectable_rank,48,0.7523958328469499,0.8133822741514737,0.7179221034042871,runs/20260612_165048_stage4_hard_s103,hard_knee,103
penalized_rank_lambda_0.05,whitened_gradient_detectable_rank,48,0.7523958328469499,0.8133822741514737,0.7179221034042871,runs/20260612_165048_stage4_hard_s103,hard_knee,103
penalized_rank_lambda_0.05,true_k_strong,48,0.745874279427916,0.801773317517337,0.727315195797579,runs/20260612_165048_stage4_hard_s103,hard_knee,103
penalized_rank_lambda_0.05,gradient_effective_rank,48,0.7457397534678849,0.8193185723468123,0.727507678930462,runs/20260612_165048_stage4_hard_s103,hard_knee,103
penalized_rank_lambda_0.05,whitened_gradient_effective_rank,48,0.7457397534678849,0.8193185723468123,0.727507678930462,runs/20260612_165048_stage4_hard_s103,hard_knee,103
penalized_rank_lambda_0.05,predicted_rank_detectable,48,0.7176245926181859,0.7868261630774543,0.7666758530368961,runs/20260612_165048_stage4_hard_s103,hard_knee,103
penalized_rank_lambda_0.05,predicted_rank_whitened_detectable,48,0.7176245926181859,0.7868261630774543,0.7666758530368961,runs/20260612_165048_stage4_hard_s103,hard_knee,103
penalized_rank_lambda_0.05,raw_gradient_effective_rank,48,0.7133566390103907,0.7876705930362258,0.7724480720439482,runs/20260612_165048_stage4_hard_s103,hard_knee,103
penalized_rank_lambda_0.05,predicted_rank_whitened_effective,48,0.711373613636961,0.7943650045037854,0.7751154005135878,runs/20260612_165048_stage4_hard_s103,hard_knee,103
penalized_rank_lambda_0.05,gradient_stable_rank,48,0.6925207822255344,0.7658810993161937,0.800029927946692,runs/20260612_165048_stage4_hard_s103,hard_knee,103
penalized_rank_lambda_0.05,whitened_gradient_stable_rank,48,0.6925207822255344,0.7658810993161937,0.800029927946692,runs/20260612_165048_stage4_hard_s103,hard_knee,103
penalized_rank_lambda_0.05,predicted_rank_raw_effective,48,0.5828877005347594,0.7533421368838545,0.9318045953533222,runs/20260612_165048_stage4_hard_s103,hard_knee,103
penalized_rank_lambda_0.05,raw_gradient_stable_rank,48,0.570123686758381,0.6826441130232174,0.945954195266813,runs/20260612_165048_stage4_hard_s103,hard_knee,103
penalized_rank_lambda_0.05,raw_gradient_detectable_rank,48,0.5675456537279144,0.6716042300022701,0.9487864701490532,runs/20260612_165048_stage4_hard_s103,hard_knee,103
penalized_rank_lambda_0.05,predicted_rank_raw_detectable,48,0.5359657638195763,0.6522336091124702,0.9828185880665772,runs/20260612_165048_stage4_hard_s103,hard_knee,103
penalized_rank_lambda_0.05,predicted_rank_whitened_stable,48,0.4460962366598016,0.6438042028849067,1.0737804874122978,runs/20260612_165048_stage4_hard_s103,hard_knee,103
penalized_rank_lambda_0.05,predicted_rank_raw_stable,48,0.3244824407514427,0.6283686478821713,1.1858142666092917,runs/20260612_165048_stage4_hard_s103,hard_knee,103
penalized_rank_lambda_0.08,gradient_detectable_rank,48,0.73298005785656,0.7893294005424799,0.6876393053137246,runs/20260612_165048_stage4_hard_s103,hard_knee,103
penalized_rank_lambda_0.08,whitened_gradient_detectable_rank,48,0.73298005785656,0.7893294005424799,0.6876393053137246,runs/20260612_165048_stage4_hard_s103,hard_knee,103
penalized_rank_lambda_0.08,gradient_effective_rank,48,0.7221741821315465,0.7942891345899279,0.7014151546281653,runs/20260612_165048_stage4_hard_s103,hard_knee,103
penalized_rank_lambda_0.08,whitened_gradient_effective_rank,48,0.7221741821315465,0.7942891345899279,0.7014151546281653,runs/20260612_165048_stage4_hard_s103,hard_knee,103
penalized_rank_lambda_0.08,true_k_strong,48,0.7204280805524292,0.771879741594753,0.7036158568578026,runs/20260612_165048_stage4_hard_s103,hard_knee,103
penalized_rank_lambda_0.08,predicted_rank_detectable,48,0.7142091559442858,0.7824585441199923,0.711398589410555,runs/20260612_165048_stage4_hard_s103,hard_knee,103
penalized_rank_lambda_0.08,predicted_rank_whitened_detectable,48,0.7142091559442858,0.7824585441199923,0.711398589410555,runs/20260612_165048_stage4_hard_s103,hard_knee,103
penalized_rank_lambda_0.08,raw_gradient_effective_rank,48,0.6993864774883565,0.7714768010823798,0.7296139020840877,runs/20260612_165048_stage4_hard_s103,hard_knee,103
penalized_rank_lambda_0.08,predicted_rank_whitened_effective,48,0.6893308612843418,0.7808106081952585,0.7417164326584956,runs/20260612_165048_stage4_hard_s103,hard_knee,103
penalized_rank_lambda_0.08,gradient_stable_rank,48,0.6646041256860131,0.742252045469476,0.7706686668716234,runs/20260612_165048_stage4_hard_s103,hard_knee,103
penalized_rank_lambda_0.08,whitened_gradient_stable_rank,48,0.6646041256860131,0.742252045469476,0.7706686668716234,runs/20260612_165048_stage4_hard_s103,hard_knee,103
penalized_rank_lambda_0.08,raw_gradient_stable_rank,48,0.581125836315876,0.689704232464527,0.8612527686596831,runs/20260612_165048_stage4_hard_s103,hard_knee,103
penalized_rank_lambda_0.08,raw_gradient_detectable_rank,48,0.5661118172942432,0.6801028394165208,0.8765521415607732,runs/20260612_165048_stage4_hard_s103,hard_knee,103
penalized_rank_lambda_0.08,predicted_rank_raw_detectable,48,0.5349083895853424,0.6583489448760905,0.907523953830397,runs/20260612_165048_stage4_hard_s103,hard_knee,103
penalized_rank_lambda_0.08,predicted_rank_raw_effective,48,0.5314878892733563,0.7102483695616245,0.9108550174122652,runs/20260612_165048_stage4_hard_s103,hard_knee,103
penalized_rank_lambda_0.08,predicted_rank_whitened_stable,48,0.4153181272509003,0.6203847845649095,1.0175333653791725,runs/20260612_165048_stage4_hard_s103,hard_knee,103
penalized_rank_lambda_0.08,predicted_rank_raw_stable,48,0.3413472830148394,0.6574893931222754,1.0799834194689697,runs/20260612_165048_stage4_hard_s103,hard_knee,103
penalized_rank_lambda_0.1,gradient_detectable_rank,48,0.7320712331187358,0.7847095753308116,0.665102667127104,runs/20260612_165048_stage4_hard_s103,hard_knee,103
penalized_rank_lambda_0.1,whitened_gradient_detectable_rank,48,0.7320712331187358,0.7847095753308116,0.665102667127104,runs/20260612_165048_stage4_hard_s103,hard_knee,103
penalized_rank_lambda_0.1,gradient_effective_rank,48,0.7249945460362299,0.7929953852737043,0.6738289568241828,runs/20260612_165048_stage4_hard_s103,hard_knee,103
penalized_rank_lambda_0.1,whitened_gradient_effective_rank,48,0.7249945460362299,0.7929953852737043,0.6738289568241828,runs/20260612_165048_stage4_hard_s103,hard_knee,103
penalized_rank_lambda_0.1,true_k_strong,48,0.7222751204956288,0.7693642873879198,0.6771523816185662,runs/20260612_165048_stage4_hard_s103,hard_knee,103
penalized_rank_lambda_0.1,predicted_rank_detectable,48,0.7208249340142261,0.787951292395539,0.678918011424744,runs/20260612_165048_stage4_hard_s103,hard_knee,103
penalized_rank_lambda_0.1,predicted_rank_whitened_detectable,48,0.7208249340142261,0.787951292395539,0.678918011424744,runs/20260612_165048_stage4_hard_s103,hard_knee,103
penalized_rank_lambda_0.1,predicted_rank_whitened_effective,48,0.6835663861596449,0.7867222593021879,0.7228036256026503,runs/20260612_165048_stage4_hard_s103,hard_knee,103
penalized_rank_lambda_0.1,raw_gradient_effective_rank,48,0.6801349408525728,0.757789875861553,0.7267121440867769,runs/20260612_165048_stage4_hard_s103,hard_knee,103
penalized_rank_lambda_0.1,gradient_stable_rank,48,0.6736796367703046,0.7533746634600292,0.734008526090827,runs/20260612_165048_stage4_hard_s103,hard_knee,103
penalized_rank_lambda_0.1,whitened_gradient_stable_rank,48,0.6736796367703046,0.7533746634600292,0.734008526090827,runs/20260612_165048_stage4_hard_s103,hard_knee,103
penalized_rank_lambda_0.1,raw_gradient_detectable_rank,48,0.5706067197591733,0.6795287522526662,0.8419894281190717,runs/20260612_165048_stage4_hard_s103,hard_knee,103
penalized_rank_lambda_0.1,predicted_rank_raw_detectable,48,0.5473444691524022,0.6674951307439799,0.8644958889876242,runs/20260612_165048_stage4_hard_s103,hard_knee,103
penalized_rank_lambda_0.1,raw_gradient_stable_rank,48,0.5387280099249956,0.6572276039268438,0.8726850951403292,runs/20260612_165048_stage4_hard_s103,hard_knee,103
penalized_rank_lambda_0.1,predicted_rank_raw_effective,48,0.5010205975134533,0.6744351995336693,0.9076540003292696,runs/20260612_165048_stage4_hard_s103,hard_knee,103
penalized_rank_lambda_0.1,predicted_rank_whitened_stable,48,0.4406746925899698,0.633362038800818,0.9609731462195508,runs/20260612_165048_stage4_hard_s103,hard_knee,103
penalized_rank_lambda_0.1,predicted_rank_raw_stable,48,0.3038181224844991,0.6237334028834538,1.072112534837795,runs/20260612_165048_stage4_hard_s103,hard_knee,103
penalized_rank_lambda_0.15,gradient_detectable_rank,48,0.7608665505182237,0.7934111675121005,0.6009054477162736,runs/20260612_165048_stage4_hard_s103,hard_knee,103
penalized_rank_lambda_0.15,whitened_gradient_detectable_rank,48,0.7608665505182237,0.7934111675121005,0.6009054477162736,runs/20260612_165048_stage4_hard_s103,hard_knee,103
penalized_rank_lambda_0.15,gradient_effective_rank,48,0.7519460104609368,0.7942390146889485,0.6120107986883168,runs/20260612_165048_stage4_hard_s103,hard_knee,103
penalized_rank_lambda_0.15,whitened_gradient_effective_rank,48,0.7519460104609368,0.7942390146889485,0.6120107986883168,runs/20260612_165048_stage4_hard_s103,hard_knee,103
penalized_rank_lambda_0.15,true_k_strong,48,0.7494860958437457,0.7774239883774764,0.6150379224700043,runs/20260612_165048_stage4_hard_s103,hard_knee,103
penalized_rank_lambda_0.15,predicted_rank_detectable,48,0.7444785355264992,0.7778120906881124,0.6211545501873508,runs/20260612_165048_stage4_hard_s103,hard_knee,103
penalized_rank_lambda_0.15,predicted_rank_whitened_detectable,48,0.7444785355264992,0.7778120906881124,0.6211545501873508,runs/20260612_165048_stage4_hard_s103,hard_knee,103
penalized_rank_lambda_0.15,gradient_stable_rank,48,0.6920353797672478,0.7361784306723245,0.6819246512214274,runs/20260612_165048_stage4_hard_s103,hard_knee,103
penalized_rank_lambda_0.15,whitened_gradient_stable_rank,48,0.6920353797672478,0.7361784306723245,0.6819246512214274,runs/20260612_165048_stage4_hard_s103,hard_knee,103
penalized_rank_lambda_0.15,raw_gradient_effective_rank,48,0.6776011271621158,0.7331437058667217,0.6977225098723356,runs/20260612_165048_stage4_hard_s103,hard_knee,103
penalized_rank_lambda_0.15,predicted_rank_whitened_effective,48,0.6553236735188042,0.7498247646351732,0.7214258582991077,runs/20260612_165048_stage4_hard_s103,hard_knee,103
penalized_rank_lambda_0.15,predicted_rank_raw_effective,48,0.5417547300610385,0.6694965829033627,0.8318307531948937,runs/20260612_165048_stage4_hard_s103,hard_knee,103
penalized_rank_lambda_0.15,raw_gradient_detectable_rank,48,0.5330362799206725,0.6273360247753162,0.8397065620267329,runs/20260612_165048_stage4_hard_s103,hard_knee,103
penalized_rank_lambda_0.15,predicted_rank_raw_detectable,48,0.5204529283428909,0.6408938260945874,0.8509452113574884,runs/20260612_165048_stage4_hard_s103,hard_knee,103
penalized_rank_lambda_0.15,raw_gradient_stable_rank,48,0.5076658350863975,0.6063151125759697,0.8622157743577873,runs/20260612_165048_stage4_hard_s103,hard_knee,103
penalized_rank_lambda_0.15,predicted_rank_whitened_stable,48,0.4792404573211865,0.6669428360420276,0.8867569387835235,runs/20260612_165048_stage4_hard_s103,hard_knee,103
penalized_rank_lambda_0.15,predicted_rank_raw_stable,48,0.2348762004226551,0.4963484332764917,1.0748598299138787,runs/20260612_165048_stage4_hard_s103,hard_knee,103
penalized_rank_lambda_0.2,gradient_effective_rank,48,0.7368072122830096,0.7935530690915613,0.5969982412314333,runs/20260612_165048_stage4_hard_s103,hard_knee,103
penalized_rank_lambda_0.2,whitened_gradient_effective_rank,48,0.7368072122830096,0.7935530690915613,0.5969982412314333,runs/20260612_165048_stage4_hard_s103,hard_knee,103
penalized_rank_lambda_0.2,gradient_detectable_rank,48,0.731165582146234,0.7789883674837549,0.6033627495216359,runs/20260612_165048_stage4_hard_s103,hard_knee,103
penalized_rank_lambda_0.2,whitened_gradient_detectable_rank,48,0.731165582146234,0.7789883674837549,0.6033627495216359,runs/20260612_165048_stage4_hard_s103,hard_knee,103
penalized_rank_lambda_0.2,predicted_rank_detectable,48,0.7235661631020462,0.7691186470312139,0.6118312573463203,runs/20260612_165048_stage4_hard_s103,hard_knee,103
penalized_rank_lambda_0.2,predicted_rank_whitened_detectable,48,0.7235661631020462,0.7691186470312139,0.6118312573463203,runs/20260612_165048_stage4_hard_s103,hard_knee,103
penalized_rank_lambda_0.2,true_k_strong,48,0.7175276257076009,0.7614357978320336,0.6184777065674698,runs/20260612_165048_stage4_hard_s103,hard_knee,103
penalized_rank_lambda_0.2,gradient_stable_rank,48,0.7150432842463077,0.7783310956345028,0.6211915050259931,runs/20260612_165048_stage4_hard_s103,hard_knee,103
penalized_rank_lambda_0.2,whitened_gradient_stable_rank,48,0.7150432842463077,0.7783310956345028,0.6211915050259931,runs/20260612_165048_stage4_hard_s103,hard_knee,103
penalized_rank_lambda_0.2,raw_gradient_effective_rank,48,0.6982240234438416,0.7674746692821101,0.6392612675996655,runs/20260612_165048_stage4_hard_s103,hard_knee,103
penalized_rank_lambda_0.2,predicted_rank_whitened_effective,48,0.6454044522812432,0.7445840255932912,0.6929512759705042,runs/20260612_165048_stage4_hard_s103,hard_knee,103
penalized_rank_lambda_0.2,predicted_rank_raw_detectable,48,0.5754098360655737,0.7023654720842599,0.7582650242458342,runs/20260612_165048_stage4_hard_s103,hard_knee,103
penalized_rank_lambda_0.2,predicted_rank_raw_effective,48,0.570814479638009,0.7111375150767565,0.7623573476331136,runs/20260612_165048_stage4_hard_s103,hard_knee,103
penalized_rank_lambda_0.2,raw_gradient_detectable_rank,48,0.5567820222975677,0.6501847581255076,0.7747199568050663,runs/20260612_165048_stage4_hard_s103,hard_knee,103
penalized_rank_lambda_0.2,raw_gradient_stable_rank,48,0.5279465695603611,0.638576146875924,0.7995242462783796,runs/20260612_165048_stage4_hard_s103,hard_knee,103
penalized_rank_lambda_0.2,predicted_rank_whitened_stable,48,0.4752904238618525,0.6632073426698815,0.8429378492433915,runs/20260612_165048_stage4_hard_s103,hard_knee,103
penalized_rank_lambda_0.2,predicted_rank_raw_stable,48,0.2533854530224766,0.5288472267382688,1.0055051130478634,runs/20260612_165048_stage4_hard_s103,hard_knee,103
penalized_rank_lambda_0.3,gradient_effective_rank,48,0.7191260612785921,0.7874311231404861,0.5697706420614956,runs/20260612_165048_stage4_hard_s103,hard_knee,103
penalized_rank_lambda_0.3,whitened_gradient_effective_rank,48,0.7191260612785921,0.7874311231404861,0.5697706420614956,runs/20260612_165048_stage4_hard_s103,hard_knee,103
penalized_rank_lambda_0.3,gradient_detectable_rank,48,0.7087700139570764,0.7612593916848828,0.5801795148559331,runs/20260612_165048_stage4_hard_s103,hard_knee,103
penalized_rank_lambda_0.3,whitened_gradient_detectable_rank,48,0.7087700139570764,0.7612593916848828,0.5801795148559331,runs/20260612_165048_stage4_hard_s103,hard_knee,103
penalized_rank_lambda_0.3,gradient_stable_rank,48,0.7061506629867207,0.764890609872341,0.5827827701183854,runs/20260612_165048_stage4_hard_s103,hard_knee,103
penalized_rank_lambda_0.3,whitened_gradient_stable_rank,48,0.7061506629867207,0.764890609872341,0.5827827701183854,runs/20260612_165048_stage4_hard_s103,hard_knee,103
penalized_rank_lambda_0.3,true_k_strong,48,0.699508961232143,0.7515504145515601,0.5893321152945391,runs/20260612_165048_stage4_hard_s103,hard_knee,103
penalized_rank_lambda_0.3,predicted_rank_detectable,48,0.6988381585918282,0.7561231566274368,0.5899895478086207,runs/20260612_165048_stage4_hard_s103,hard_knee,103
penalized_rank_lambda_0.3,predicted_rank_whitened_detectable,48,0.6988381585918282,0.7561231566274368,0.5899895478086207,runs/20260612_165048_stage4_hard_s103,hard_knee,103
penalized_rank_lambda_0.3,raw_gradient_effective_rank,48,0.6773784592854575,0.760430086138539,0.6106481226867156,runs/20260612_165048_stage4_hard_s103,hard_knee,103
penalized_rank_lambda_0.3,predicted_rank_whitened_effective,48,0.6164353493216497,0.7300606071887737,0.6658304210787267,runs/20260612_165048_stage4_hard_s103,hard_knee,103
penalized_rank_lambda_0.3,predicted_rank_raw_effective,48,0.5444765964966536,0.6964338886716546,0.7256040418094404,runs/20260612_165048_stage4_hard_s103,hard_knee,103
penalized_rank_lambda_0.3,raw_gradient_stable_rank,48,0.5304297032138271,0.6530801482783746,0.7367067592377498,runs/20260612_165048_stage4_hard_s103,hard_knee,103
penalized_rank_lambda_0.3,raw_gradient_detectable_rank,48,0.5207221553501749,0.6113707006769449,0.7442828682554159,runs/20260612_165048_stage4_hard_s103,hard_knee,103
penalized_rank_lambda_0.3,predicted_rank_raw_detectable,48,0.5073656605701693,0.6303426282168314,0.7545824262319804,runs/20260612_165048_stage4_hard_s103,hard_knee,103
penalized_rank_lambda_0.3,predicted_rank_whitened_stable,48,0.444738556331282,0.6398559129945011,0.8011117558440107,runs/20260612_165048_stage4_hard_s103,hard_knee,103
penalized_rank_lambda_0.3,predicted_rank_raw_stable,48,0.2870559996401585,0.5896773132206958,0.907762118022068,runs/20260612_165048_stage4_hard_s103,hard_knee,103
penalized_rank_lambda_0.5,gradient_detectable_rank,48,0.7838043982132432,0.7830094269882099,0.4345064003866649,runs/20260612_165048_stage4_hard_s103,hard_knee,103
penalized_rank_lambda_0.5,whitened_gradient_detectable_rank,48,0.7838043982132432,0.7830094269882099,0.4345064003866649,runs/20260612_165048_stage4_hard_s103,hard_knee,103
penalized_rank_lambda_0.5,gradient_effective_rank,48,0.7783337517028159,0.7880187282865456,0.4399694648761537,runs/20260612_165048_stage4_hard_s103,hard_knee,103
penalized_rank_lambda_0.5,whitened_gradient_effective_rank,48,0.7783337517028159,0.7880187282865456,0.4399694648761537,runs/20260612_165048_stage4_hard_s103,hard_knee,103
penalized_rank_lambda_0.5,predicted_rank_detectable,48,0.7759280159182421,0.7817252147545795,0.4423505083192344,runs/20260612_165048_stage4_hard_s103,hard_knee,103
penalized_rank_lambda_0.5,predicted_rank_whitened_detectable,48,0.7759280159182421,0.7817252147545795,0.4423505083192344,runs/20260612_165048_stage4_hard_s103,hard_knee,103
penalized_rank_lambda_0.5,true_k_strong,48,0.7742503479007083,0.7704730314728747,0.4440033998828624,runs/20260612_165048_stage4_hard_s103,hard_knee,103
penalized_rank_lambda_0.5,gradient_stable_rank,48,0.7360141920647584,0.7807843422901845,0.4801346407509089,runs/20260612_165048_stage4_hard_s103,hard_knee,103
penalized_rank_lambda_0.5,whitened_gradient_stable_rank,48,0.7360141920647584,0.7807843422901845,0.4801346407509089,runs/20260612_165048_stage4_hard_s103,hard_knee,103
penalized_rank_lambda_0.5,raw_gradient_effective_rank,48,0.696314225764521,0.737554474750954,0.514973611177415,runs/20260612_165048_stage4_hard_s103,hard_knee,103
penalized_rank_lambda_0.5,predicted_rank_whitened_effective,48,0.663224093832421,0.7426912494273202,0.5423045615740104,runs/20260612_165048_stage4_hard_s103,hard_knee,103
penalized_rank_lambda_0.5,raw_gradient_detectable_rank,48,0.5718735845811039,0.6479398765846099,0.6114469220339286,runs/20260612_165048_stage4_hard_s103,hard_knee,103
penalized_rank_lambda_0.5,predicted_rank_raw_effective,48,0.5249678400187112,0.6686367977489837,0.6440717594900035,runs/20260612_165048_stage4_hard_s103,hard_knee,103
penalized_rank_lambda_0.5,raw_gradient_stable_rank,48,0.5217756272584797,0.6140405674960095,0.6462322148436346,runs/20260612_165048_stage4_hard_s103,hard_knee,103
penalized_rank_lambda_0.5,predicted_rank_raw_detectable,48,0.5163119642798943,0.6144223577326536,0.6499132981267326,runs/20260612_165048_stage4_hard_s103,hard_knee,103
penalized_rank_lambda_0.5,predicted_rank_whitened_stable,48,0.4978050066945267,0.6870344846672513,0.6622301358549512,runs/20260612_165048_stage4_hard_s103,hard_knee,103
penalized_rank_lambda_0.5,predicted_rank_raw_stable,48,0.2533799020757487,0.5315070539654339,0.8074629218954482,runs/20260612_165048_stage4_hard_s103,hard_knee,103
recovery_rank_0.5,gradient_stable_rank,48,0.699791781796631,0.8404084402547066,0.3681177176531058,runs/20260612_165048_stage4_hard_s103,hard_knee,103
recovery_rank_0.5,whitened_gradient_stable_rank,48,0.699791781796631,0.8404084402547066,0.3681177176531058,runs/20260612_165048_stage4_hard_s103,hard_knee,103
recovery_rank_0.5,raw_gradient_effective_rank,48,0.6267188447468506,0.7660956035001768,0.4104813831501739,runs/20260612_165048_stage4_hard_s103,hard_knee,103
recovery_rank_0.5,gradient_effective_rank,48,0.6253560793240904,0.774993904341334,0.411229988063706,runs/20260612_165048_stage4_hard_s103,hard_knee,103
recovery_rank_0.5,whitened_gradient_effective_rank,48,0.6253560793240904,0.774993904341334,0.411229988063706,runs/20260612_165048_stage4_hard_s103,hard_knee,103
recovery_rank_0.5,predicted_rank_raw_effective,48,0.611764705882353,0.7725271976916225,0.4186228589544719,runs/20260612_165048_stage4_hard_s103,hard_knee,103
recovery_rank_0.5,gradient_detectable_rank,48,0.5865470454851626,0.7295677248078517,0.432004710328812,runs/20260612_165048_stage4_hard_s103,hard_knee,103
recovery_rank_0.5,whitened_gradient_detectable_rank,48,0.5865470454851626,0.7295677248078517,0.432004710328812,runs/20260612_165048_stage4_hard_s103,hard_knee,103
recovery_rank_0.5,true_k_strong,48,0.5683648074234916,0.708436699590418,0.4414015518577746,runs/20260612_165048_stage4_hard_s103,hard_knee,103
recovery_rank_0.5,predicted_rank_detectable,48,0.5521867045717497,0.7030041962713536,0.4495975376411993,runs/20260612_165048_stage4_hard_s103,hard_knee,103
recovery_rank_0.5,predicted_rank_whitened_detectable,48,0.5521867045717497,0.7030041962713536,0.4495975376411993,runs/20260612_165048_stage4_hard_s103,hard_knee,103
recovery_rank_0.5,predicted_rank_raw_detectable,48,0.5327868852459017,0.7222804335810211,0.4592328480663915,runs/20260612_165048_stage4_hard_s103,hard_knee,103
recovery_rank_0.5,raw_gradient_detectable_rank,48,0.5063428219966442,0.6925159686953125,0.4720501721967266,runs/20260612_165048_stage4_hard_s103,hard_knee,103
recovery_rank_0.5,raw_gradient_stable_rank,48,0.4926158140507631,0.6679136759757859,0.4785682646555446,runs/20260612_165048_stage4_hard_s103,hard_knee,103
recovery_rank_0.5,predicted_rank_whitened_effective,48,0.4920872823451619,0.6719928167552255,0.478817457153301,runs/20260612_165048_stage4_hard_s103,hard_knee,103
recovery_rank_0.5,predicted_rank_whitened_stable,48,0.4899843014128727,0.6894682937220278,0.4798076901229635,runs/20260612_165048_stage4_hard_s103,hard_knee,103
recovery_rank_0.5,predicted_rank_raw_stable,48,0.2848247940806924,0.5348066529808717,0.5681743936159025,runs/20260612_165048_stage4_hard_s103,hard_knee,103
recovery_rank_0.6,gradient_effective_rank,48,0.7268946288874552,0.8709160172050925,0.4396943285443455,runs/20260612_165048_stage4_hard_s103,hard_knee,103
recovery_rank_0.6,whitened_gradient_effective_rank,48,0.7268946288874552,0.8709160172050925,0.4396943285443455,runs/20260612_165048_stage4_hard_s103,hard_knee,103
recovery_rank_0.6,raw_gradient_effective_rank,48,0.7068473193767792,0.8300105813432638,0.4555464619936451,runs/20260612_165048_stage4_hard_s103,hard_knee,103
recovery_rank_0.6,gradient_detectable_rank,48,0.7055187637835652,0.8507909435078083,0.4565775537811246,runs/20260612_165048_stage4_hard_s103,hard_knee,103
recovery_rank_0.6,whitened_gradient_detectable_rank,48,0.7055187637835652,0.8507909435078083,0.4565775537811246,runs/20260612_165048_stage4_hard_s103,hard_knee,103
recovery_rank_0.6,gradient_stable_rank,48,0.7032251454908214,0.8447434713782443,0.4583521718214048,runs/20260612_165048_stage4_hard_s103,hard_knee,103
recovery_rank_0.6,whitened_gradient_stable_rank,48,0.7032251454908214,0.8447434713782443,0.4583521718214048,runs/20260612_165048_stage4_hard_s103,hard_knee,103
recovery_rank_0.6,true_k_strong,48,0.6904920577624278,0.8302929011535247,0.4680816781010621,runs/20260612_165048_stage4_hard_s103,hard_knee,103
recovery_rank_0.6,predicted_rank_detectable,48,0.650282438687263,0.8216029866914846,0.497558859627551,runs/20260612_165048_stage4_hard_s103,hard_knee,103
recovery_rank_0.6,predicted_rank_whitened_detectable,48,0.650282438687263,0.8216029866914846,0.497558859627551,runs/20260612_165048_stage4_hard_s103,hard_knee,103
recovery_rank_0.6,predicted_rank_whitened_effective,48,0.649315992614442,0.8165668309769203,0.498245888390136,runs/20260612_165048_stage4_hard_s103,hard_knee,103
recovery_rank_0.6,predicted_rank_raw_effective,48,0.6379702095430447,0.797793184189767,0.5062416787018844,runs/20260612_165048_stage4_hard_s103,hard_knee,103
recovery_rank_0.6,raw_gradient_stable_rank,48,0.5343259813983507,0.7243959814062259,0.5741518217191098,runs/20260612_165048_stage4_hard_s103,hard_knee,103
recovery_rank_0.6,predicted_rank_raw_detectable,48,0.4462916243680334,0.6613369533551107,0.6260748953521168,runs/20260612_165048_stage4_hard_s103,hard_knee,103
recovery_rank_0.6,raw_gradient_detectable_rank,48,0.44512307579345,0.6588392121566173,0.6267351827643151,runs/20260612_165048_stage4_hard_s103,hard_knee,103
recovery_rank_0.6,predicted_rank_whitened_stable,48,0.3937061274540473,0.6267670017115159,0.6551297667927084,runs/20260612_165048_stage4_hard_s103,hard_knee,103
recovery_rank_0.6,predicted_rank_raw_stable,48,0.362799480572083,0.6481338990114179,0.671620283495564,runs/20260612_165048_stage4_hard_s103,hard_knee,103
recovery_rank_0.7,gradient_effective_rank,48,0.7302293727086653,0.8442915844599223,0.4853668170532736,runs/20260612_165048_stage4_hard_s103,hard_knee,103
recovery_rank_0.7,whitened_gradient_effective_rank,48,0.7302293727086653,0.8442915844599223,0.4853668170532736,runs/20260612_165048_stage4_hard_s103,hard_knee,103
recovery_rank_0.7,gradient_detectable_rank,48,0.7135226544878706,0.8297758329577869,0.5001702918211837,runs/20260612_165048_stage4_hard_s103,hard_knee,103
recovery_rank_0.7,whitened_gradient_detectable_rank,48,0.7135226544878706,0.8297758329577869,0.5001702918211837,runs/20260612_165048_stage4_hard_s103,hard_knee,103
recovery_rank_0.7,true_k_strong,48,0.7004850390805549,0.8164403984958323,0.5114250673880957,runs/20260612_165048_stage4_hard_s103,hard_knee,103
recovery_rank_0.7,raw_gradient_effective_rank,48,0.696839358939643,0.820627409615202,0.5145281725721303,runs/20260612_165048_stage4_hard_s103,hard_knee,103
recovery_rank_0.7,gradient_stable_rank,48,0.6944808814104417,0.8258797020807374,0.5165257143932172,runs/20260612_165048_stage4_hard_s103,hard_knee,103
recovery_rank_0.7,whitened_gradient_stable_rank,48,0.6944808814104417,0.8258797020807374,0.5165257143932172,runs/20260612_165048_stage4_hard_s103,hard_knee,103
recovery_rank_0.7,predicted_rank_detectable,48,0.6481446516432133,0.7832459510703774,0.5543127004069114,runs/20260612_165048_stage4_hard_s103,hard_knee,103
recovery_rank_0.7,predicted_rank_whitened_detectable,48,0.6481446516432133,0.7832459510703774,0.5543127004069114,runs/20260612_165048_stage4_hard_s103,hard_knee,103
recovery_rank_0.7,predicted_rank_whitened_effective,48,0.5976006425629604,0.7580939245174885,0.592790711602214,runs/20260612_165048_stage4_hard_s103,hard_knee,103
recovery_rank_0.7,predicted_rank_raw_effective,48,0.5407554671968191,0.7342779161764953,0.6332785063987777,runs/20260612_165048_stage4_hard_s103,hard_knee,103
recovery_rank_0.7,raw_gradient_detectable_rank,48,0.5309031385874798,0.6916150469932797,0.640035428287114,runs/20260612_165048_stage4_hard_s103,hard_knee,103
recovery_rank_0.7,predicted_rank_raw_detectable,48,0.5047746309031059,0.6780487464154967,0.6576187586238619,runs/20260612_165048_stage4_hard_s103,hard_knee,103
recovery_rank_0.7,raw_gradient_stable_rank,48,0.5037057902063554,0.6802584505362759,0.6583280426029535,runs/20260612_165048_stage4_hard_s103,hard_knee,103
recovery_rank_0.7,predicted_rank_whitened_stable,48,0.4569075343855235,0.7151489595267314,0.688667582037047,runs/20260612_165048_stage4_hard_s103,hard_knee,103
recovery_rank_0.7,predicted_rank_raw_stable,48,0.2971968551666407,0.591885721388093,0.7834108803051693,runs/20260612_165048_stage4_hard_s103,hard_knee,103
recovery_rank_0.8,gradient_effective_rank,48,0.7433109705613405,0.8557138858566685,0.6519430917179446,runs/20260612_165048_stage4_hard_s103,hard_knee,103
recovery_rank_0.8,whitened_gradient_effective_rank,48,0.7433109705613405,0.8557138858566685,0.6519430917179446,runs/20260612_165048_stage4_hard_s103,hard_knee,103
recovery_rank_0.8,gradient_detectable_rank,48,0.7404303026475202,0.846051343260476,0.6555910697844536,runs/20260612_165048_stage4_hard_s103,hard_knee,103
recovery_rank_0.8,whitened_gradient_detectable_rank,48,0.7404303026475202,0.846051343260476,0.6555910697844536,runs/20260612_165048_stage4_hard_s103,hard_knee,103
recovery_rank_0.8,true_k_strong,48,0.7250221002994194,0.8274218581899412,0.6747686998759957,runs/20260612_165048_stage4_hard_s103,hard_knee,103
recovery_rank_0.8,raw_gradient_effective_rank,48,0.7036932170332489,0.8153753232039841,0.7004495013304883,runs/20260612_165048_stage4_hard_s103,hard_knee,103
recovery_rank_0.8,predicted_rank_detectable,48,0.6922486667143527,0.8040184321078929,0.7138484244761343,runs/20260612_165048_stage4_hard_s103,hard_knee,103
recovery_rank_0.8,predicted_rank_whitened_detectable,48,0.6922486667143527,0.8040184321078929,0.7138484244761343,runs/20260612_165048_stage4_hard_s103,hard_knee,103
recovery_rank_0.8,gradient_stable_rank,48,0.6696361545555491,0.800904841587578,0.7396091751267526,runs/20260612_165048_stage4_hard_s103,hard_knee,103
recovery_rank_0.8,whitened_gradient_stable_rank,48,0.6696361545555491,0.800904841587578,0.7396091751267526,runs/20260612_165048_stage4_hard_s103,hard_knee,103
recovery_rank_0.8,predicted_rank_whitened_effective,48,0.6163177323714638,0.7715371613376708,0.7970616205775883,runs/20260612_165048_stage4_hard_s103,hard_knee,103
recovery_rank_0.8,predicted_rank_raw_effective,48,0.598396422789299,0.7634048987485774,0.8154640504933733,runs/20260612_165048_stage4_hard_s103,hard_knee,103
recovery_rank_0.8,predicted_rank_raw_detectable,48,0.5501063532647229,0.703933982576221,0.863099696480988,runs/20260612_165048_stage4_hard_s103,hard_knee,103
recovery_rank_0.8,raw_gradient_detectable_rank,48,0.530388476910427,0.6780977576109057,0.8818107850731469,runs/20260612_165048_stage4_hard_s103,hard_knee,103
recovery_rank_0.8,raw_gradient_stable_rank,48,0.5096186702558019,0.6637425544513726,0.9011000156863918,runs/20260612_165048_stage4_hard_s103,hard_knee,103
recovery_rank_0.8,predicted_rank_whitened_stable,48,0.4957306015459918,0.7019752909362797,0.9137709364293868,runs/20260612_165048_stage4_hard_s103,hard_knee,103
recovery_rank_0.8,predicted_rank_raw_stable,48,0.334871186190722,0.6204275476206876,1.0494431444774048,runs/20260612_165048_stage4_hard_s103,hard_knee,103
recovery_rank_0.85,gradient_effective_rank,45,0.8844431944591917,0.9258602126583536,0.4729642158676938,runs/20260612_165048_stage4_hard_s103,hard_knee,103
recovery_rank_0.85,whitened_gradient_effective_rank,45,0.8844431944591917,0.9258602126583536,0.4729642158676938,runs/20260612_165048_stage4_hard_s103,hard_knee,103
recovery_rank_0.85,gradient_detectable_rank,45,0.878961701721409,0.9261050430821888,0.4840518946019034,runs/20260612_165048_stage4_hard_s103,hard_knee,103
recovery_rank_0.85,whitened_gradient_detectable_rank,45,0.878961701721409,0.9261050430821888,0.4840518946019034,runs/20260612_165048_stage4_hard_s103,hard_knee,103
recovery_rank_0.85,true_k_strong,45,0.8668207187688428,0.9082025003024102,0.5077487384967152,runs/20260612_165048_stage4_hard_s103,hard_knee,103
recovery_rank_0.85,raw_gradient_effective_rank,45,0.8517438966820627,0.9008424312383791,0.5357187049817429,runs/20260612_165048_stage4_hard_s103,hard_knee,103
recovery_rank_0.85,gradient_stable_rank,45,0.820004767227501,0.8763641168032019,0.5902840130256595,runs/20260612_165048_stage4_hard_s103,hard_knee,103
recovery_rank_0.85,whitened_gradient_stable_rank,45,0.820004767227501,0.8763641168032019,0.5902840130256595,runs/20260612_165048_stage4_hard_s103,hard_knee,103
recovery_rank_0.85,predicted_rank_detectable,45,0.8181641300588032,0.8880423712297875,0.5932944682108754,runs/20260612_165048_stage4_hard_s103,hard_knee,103
recovery_rank_0.85,predicted_rank_whitened_detectable,45,0.8181641300588032,0.8880423712297875,0.5932944682108754,runs/20260612_165048_stage4_hard_s103,hard_knee,103
recovery_rank_0.85,predicted_rank_whitened_effective,45,0.7672585718609477,0.8642293551732481,0.6712238309697968,runs/20260612_165048_stage4_hard_s103,hard_knee,103
recovery_rank_0.85,predicted_rank_raw_effective,45,0.7280034655371582,0.8360388246189988,0.7256249465182067,runs/20260612_165048_stage4_hard_s103,hard_knee,103
recovery_rank_0.85,predicted_rank_whitened_stable,45,0.6818181818181818,0.8035621681714382,0.7848166341703535,runs/20260612_165048_stage4_hard_s103,hard_knee,103
recovery_rank_0.85,raw_gradient_stable_rank,45,0.6693131458204268,0.7765627246157029,0.800090262927608,runs/20260612_165048_stage4_hard_s103,hard_knee,103
recovery_rank_0.85,predicted_rank_raw_detectable,45,0.6196636817992502,0.7547145330138629,0.8580536019824353,runs/20260612_165048_stage4_hard_s103,hard_knee,103
recovery_rank_0.85,raw_gradient_detectable_rank,45,0.6138274166474149,0.7549915764304554,0.864611959416758,runs/20260612_165048_stage4_hard_s103,hard_knee,103
recovery_rank_0.85,predicted_rank_raw_stable,45,0.5144557823129251,0.754390733824335,0.9694935252353422,runs/20260612_165048_stage4_hard_s103,hard_knee,103
recovery_rank_0.9,gradient_effective_rank,38,0.7961595606146958,0.8651171512970948,0.6762917380570723,runs/20260612_165048_stage4_hard_s103,hard_knee,103
recovery_rank_0.9,whitened_gradient_effective_rank,38,0.7961595606146958,0.8651171512970948,0.6762917380570723,runs/20260612_165048_stage4_hard_s103,hard_knee,103
recovery_rank_0.9,predicted_rank_whitened_effective,38,0.791329479768786,0.8912092118847285,0.684257329142735,runs/20260612_165048_stage4_hard_s103,hard_knee,103
recovery_rank_0.9,gradient_detectable_rank,38,0.7899327807323868,0.8792928823756742,0.6865434874278159,runs/20260612_165048_stage4_hard_s103,hard_knee,103
recovery_rank_0.9,whitened_gradient_detectable_rank,38,0.7899327807323868,0.8792928823756742,0.6865434874278159,runs/20260612_165048_stage4_hard_s103,hard_knee,103
recovery_rank_0.9,true_k_strong,38,0.7883158431027475,0.8704730546406443,0.6891806671186614,runs/20260612_165048_stage4_hard_s103,hard_knee,103
recovery_rank_0.9,predicted_rank_detectable,38,0.7816986165394876,0.8909050443427163,0.6998696368579005,runs/20260612_165048_stage4_hard_s103,hard_knee,103
recovery_rank_0.9,predicted_rank_whitened_detectable,38,0.7816986165394876,0.8909050443427163,0.6998696368579005,runs/20260612_165048_stage4_hard_s103,hard_knee,103
recovery_rank_0.9,raw_gradient_effective_rank,38,0.7673997166268148,0.8458774111854966,0.7224270986278133,runs/20260612_165048_stage4_hard_s103,hard_knee,103
recovery_rank_0.9,gradient_stable_rank,38,0.734640912636183,0.8201498517339407,0.7716242909859623,runs/20260612_165048_stage4_hard_s103,hard_knee,103
recovery_rank_0.9,whitened_gradient_stable_rank,38,0.734640912636183,0.8201498517339407,0.7716242909859623,runs/20260612_165048_stage4_hard_s103,hard_knee,103
recovery_rank_0.9,raw_gradient_stable_rank,38,0.6566447960532311,0.7599697344081281,0.8777295616366503,runs/20260612_165048_stage4_hard_s103,hard_knee,103
recovery_rank_0.9,raw_gradient_detectable_rank,38,0.5887368816280635,0.7387485504485622,0.9606137319721052,runs/20260612_165048_stage4_hard_s103,hard_knee,103
recovery_rank_0.9,predicted_rank_raw_detectable,38,0.5604049310147766,0.7123374655703053,0.993151069451948,runs/20260612_165048_stage4_hard_s103,hard_knee,103
recovery_rank_0.9,predicted_rank_raw_effective,38,0.5533315975612401,0.730920247336785,1.0011093652297334,runs/20260612_165048_stage4_hard_s103,hard_knee,103
recovery_rank_0.9,predicted_rank_whitened_stable,38,0.5455797173402177,0.7284887582516727,1.009759068592628,runs/20260612_165048_stage4_hard_s103,hard_knee,103
recovery_rank_0.9,predicted_rank_raw_stable,38,0.4150808496487507,0.6572414460574728,1.14561008651164,runs/20260612_165048_stage4_hard_s103,hard_knee,103
recovery_rank_0.95,predicted_rank_whitened_effective,26,0.3627939962563797,0.5700264259843578,1.1926450265038062,runs/20260612_165048_stage4_hard_s103,hard_knee,103
recovery_rank_0.95,gradient_detectable_rank,26,0.3398066070288085,0.4951128715155616,1.2139669372938031,runs/20260612_165048_stage4_hard_s103,hard_knee,103
recovery_rank_0.95,whitened_gradient_detectable_rank,26,0.3398066070288085,0.4951128715155616,1.2139669372938031,runs/20260612_165048_stage4_hard_s103,hard_knee,103
recovery_rank_0.95,true_k_strong,26,0.3398066070288085,0.4951128715155616,1.2139669372938031,runs/20260612_165048_stage4_hard_s103,hard_knee,103
recovery_rank_0.95,gradient_effective_rank,26,0.3367717360123088,0.4877160391130388,1.2167540060257145,runs/20260612_165048_stage4_hard_s103,hard_knee,103
recovery_rank_0.95,whitened_gradient_effective_rank,26,0.3367717360123088,0.4877160391130388,1.2167540060257145,runs/20260612_165048_stage4_hard_s103,hard_knee,103
recovery_rank_0.95,predicted_rank_detectable,26,0.3345673087909326,0.5095935153386141,1.2187744420455962,runs/20260612_165048_stage4_hard_s103,hard_knee,103
recovery_rank_0.95,predicted_rank_whitened_detectable,26,0.3345673087909326,0.5095935153386141,1.2187744420455962,runs/20260612_165048_stage4_hard_s103,hard_knee,103
recovery_rank_0.95,gradient_stable_rank,26,0.3333101187389318,0.4768934212085977,1.2199252031241032,runs/20260612_165048_stage4_hard_s103,hard_knee,103
recovery_rank_0.95,whitened_gradient_stable_rank,26,0.3333101187389318,0.4768934212085977,1.2199252031241032,runs/20260612_165048_stage4_hard_s103,hard_knee,103
recovery_rank_0.95,raw_gradient_effective_rank,26,0.3219101482667139,0.4775916546217875,1.2303109641225387,runs/20260612_165048_stage4_hard_s103,hard_knee,103
recovery_rank_0.95,raw_gradient_stable_rank,26,0.3137071634309973,0.5069174579757568,1.2377302489658506,runs/20260612_165048_stage4_hard_s103,hard_knee,103
recovery_rank_0.95,predicted_rank_raw_effective,26,0.2091385277098584,0.4202198550715468,1.3286833150176336,runs/20260612_165048_stage4_hard_s103,hard_knee,103
recovery_rank_0.95,raw_gradient_detectable_rank,26,0.191980354845466,0.3289841765797997,1.3430192320294134,runs/20260612_165048_stage4_hard_s103,hard_knee,103
recovery_rank_0.95,predicted_rank_raw_detectable,26,0.1837955939978872,0.3432590400723736,1.3498040887088942,runs/20260612_165048_stage4_hard_s103,hard_knee,103
recovery_rank_0.95,predicted_rank_whitened_stable,26,0.1194262993467762,0.2836249042757692,1.4020197361875262,runs/20260612_165048_stage4_hard_s103,hard_knee,103
recovery_rank_0.95,predicted_rank_raw_stable,26,0.0431133008711018,0.2130855726280846,1.461509123686067,runs/20260612_165048_stage4_hard_s103,hard_knee,103
best_rank,gradient_detectable_rank,48,,,0.0,runs/20260612_173148_stage4_hard_s107,hard_knee,107
best_rank,predicted_rank_detectable,48,,,0.0,runs/20260612_173148_stage4_hard_s107,hard_knee,107
best_rank,gradient_effective_rank,48,,,0.0,runs/20260612_173148_stage4_hard_s107,hard_knee,107
best_rank,gradient_stable_rank,48,,,0.0,runs/20260612_173148_stage4_hard_s107,hard_knee,107
best_rank,raw_gradient_detectable_rank,48,,,0.0,runs/20260612_173148_stage4_hard_s107,hard_knee,107
best_rank,raw_gradient_effective_rank,48,,,0.0,runs/20260612_173148_stage4_hard_s107,hard_knee,107
best_rank,raw_gradient_stable_rank,48,,,0.0,runs/20260612_173148_stage4_hard_s107,hard_knee,107
best_rank,predicted_rank_raw_detectable,48,,,0.0,runs/20260612_173148_stage4_hard_s107,hard_knee,107
best_rank,predicted_rank_raw_effective,48,,,0.0,runs/20260612_173148_stage4_hard_s107,hard_knee,107
best_rank,predicted_rank_raw_stable,48,,,0.0,runs/20260612_173148_stage4_hard_s107,hard_knee,107
best_rank,whitened_gradient_detectable_rank,48,,,0.0,runs/20260612_173148_stage4_hard_s107,hard_knee,107
best_rank,whitened_gradient_effective_rank,48,,,0.0,runs/20260612_173148_stage4_hard_s107,hard_knee,107
best_rank,whitened_gradient_stable_rank,48,,,0.0,runs/20260612_173148_stage4_hard_s107,hard_knee,107
best_rank,predicted_rank_whitened_detectable,48,,,0.0,runs/20260612_173148_stage4_hard_s107,hard_knee,107
best_rank,predicted_rank_whitened_effective,48,,,0.0,runs/20260612_173148_stage4_hard_s107,hard_knee,107
best_rank,predicted_rank_whitened_stable,48,,,0.0,runs/20260612_173148_stage4_hard_s107,hard_knee,107
best_rank,true_k_strong,48,,,0.0,runs/20260612_173148_stage4_hard_s107,hard_knee,107
near_best_rank_gap_0.02,true_k_strong,48,0.5232954810526426,0.70566784267401,0.8611273789672469,runs/20260612_173148_stage4_hard_s107,hard_knee,107
near_best_rank_gap_0.02,gradient_effective_rank,48,0.5038358554080808,0.666391127952223,0.8785276840187961,runs/20260612_173148_stage4_hard_s107,hard_knee,107
near_best_rank_gap_0.02,whitened_gradient_effective_rank,48,0.5038358554080808,0.666391127952223,0.8785276840187961,runs/20260612_173148_stage4_hard_s107,hard_knee,107
near_best_rank_gap_0.02,gradient_detectable_rank,48,0.50357118168521,0.6741094242713618,0.8787619736125654,runs/20260612_173148_stage4_hard_s107,hard_knee,107
near_best_rank_gap_0.02,whitened_gradient_detectable_rank,48,0.50357118168521,0.6741094242713618,0.8787619736125654,runs/20260612_173148_stage4_hard_s107,hard_knee,107
near_best_rank_gap_0.02,predicted_rank_detectable,48,0.4916297966476645,0.6688755115668733,0.8892682914079603,runs/20260612_173148_stage4_hard_s107,hard_knee,107
near_best_rank_gap_0.02,predicted_rank_whitened_detectable,48,0.4916297966476645,0.6688755115668733,0.8892682914079603,runs/20260612_173148_stage4_hard_s107,hard_knee,107
near_best_rank_gap_0.02,predicted_rank_whitened_effective,48,0.4392097264437689,0.6499243466086648,0.933991662453105,runs/20260612_173148_stage4_hard_s107,hard_knee,107
near_best_rank_gap_0.02,predicted_rank_raw_effective,48,0.4237506789788158,0.5866027232156402,0.9467776046673368,runs/20260612_173148_stage4_hard_s107,hard_knee,107
near_best_rank_gap_0.02,raw_gradient_effective_rank,48,0.407011274226708,0.5768682665973311,0.9604305840394995,runs/20260612_173148_stage4_hard_s107,hard_knee,107
near_best_rank_gap_0.02,gradient_stable_rank,48,0.3567579946552776,0.5485051505236226,1.000299292702279,runs/20260612_173148_stage4_hard_s107,hard_knee,107
near_best_rank_gap_0.02,whitened_gradient_stable_rank,48,0.3567579946552776,0.5485051505236226,1.000299292702279,runs/20260612_173148_stage4_hard_s107,hard_knee,107
near_best_rank_gap_0.02,predicted_rank_whitened_stable,48,0.3003635585970915,0.4783048774139958,1.043227373727038,runs/20260612_173148_stage4_hard_s107,hard_knee,107
near_best_rank_gap_0.02,raw_gradient_detectable_rank,48,0.2452303493464843,0.3694975241040756,1.0835525475207937,runs/20260612_173148_stage4_hard_s107,hard_knee,107
near_best_rank_gap_0.02,predicted_rank_raw_detectable,48,0.2232888977317946,0.3464646922155125,1.0991893695787756,runs/20260612_173148_stage4_hard_s107,hard_knee,107
near_best_rank_gap_0.02,raw_gradient_stable_rank,48,0.1563156488258075,0.2769240511244651,1.1455993538773923,runs/20260612_173148_stage4_hard_s107,hard_knee,107
near_best_rank_gap_0.02,predicted_rank_raw_stable,48,0.0360889110889109,0.1122047685702799,1.224506941351191,runs/20260612_173148_stage4_hard_s107,hard_knee,107
near_best_rank_gap_0.05,predicted_rank_detectable,48,0.7127443965018575,0.7824560946392957,0.6032676884361189,runs/20260612_173148_stage4_hard_s107,hard_knee,107
near_best_rank_gap_0.05,predicted_rank_whitened_detectable,48,0.7127443965018575,0.7824560946392957,0.6032676884361189,runs/20260612_173148_stage4_hard_s107,hard_knee,107
near_best_rank_gap_0.05,true_k_strong,48,0.7099777662855519,0.7872283931429014,0.6061658375903942,runs/20260612_173148_stage4_hard_s107,hard_knee,107
near_best_rank_gap_0.05,gradient_effective_rank,48,0.6974487813876704,0.7694216316669917,0.6191206126074826,runs/20260612_173148_stage4_hard_s107,hard_knee,107
near_best_rank_gap_0.05,whitened_gradient_effective_rank,48,0.6974487813876704,0.7694216316669917,0.6191206126074826,runs/20260612_173148_stage4_hard_s107,hard_knee,107
near_best_rank_gap_0.05,gradient_detectable_rank,48,0.694327883573308,0.7674254910505695,0.6223056185836634,runs/20260612_173148_stage4_hard_s107,hard_knee,107
near_best_rank_gap_0.05,whitened_gradient_detectable_rank,48,0.694327883573308,0.7674254910505695,0.6223056185836634,runs/20260612_173148_stage4_hard_s107,hard_knee,107
near_best_rank_gap_0.05,raw_gradient_effective_rank,48,0.6206899605246889,0.6988187321122725,0.6932230247124711,runs/20260612_173148_stage4_hard_s107,hard_knee,107
near_best_rank_gap_0.05,predicted_rank_whitened_effective,48,0.617239946644508,0.7350601610305985,0.6963684929792447,runs/20260612_173148_stage4_hard_s107,hard_knee,107
near_best_rank_gap_0.05,gradient_stable_rank,48,0.5758550050867749,0.6655361560966903,0.73304896242737,runs/20260612_173148_stage4_hard_s107,hard_knee,107
near_best_rank_gap_0.05,whitened_gradient_stable_rank,48,0.5758550050867749,0.6655361560966903,0.73304896242737,runs/20260612_173148_stage4_hard_s107,hard_knee,107
near_best_rank_gap_0.05,predicted_rank_raw_effective,48,0.5120887537661343,0.659123435383301,0.7862238689562937,runs/20260612_173148_stage4_hard_s107,hard_knee,107
near_best_rank_gap_0.05,predicted_rank_whitened_stable,48,0.478568043768578,0.6612679591446304,0.8127830383719076,runs/20260612_173148_stage4_hard_s107,hard_knee,107
near_best_rank_gap_0.05,raw_gradient_detectable_rank,48,0.3995788134896747,0.4972139376509126,0.8721753622965199,runs/20260612_173148_stage4_hard_s107,hard_knee,107
near_best_rank_gap_0.05,predicted_rank_raw_detectable,48,0.3680057943299162,0.478790767960381,0.8948131512629696,runs/20260612_173148_stage4_hard_s107,hard_knee,107
near_best_rank_gap_0.05,raw_gradient_stable_rank,48,0.3603602158259794,0.4795113594758004,0.9002094012770333,runs/20260612_173148_stage4_hard_s107,hard_knee,107
near_best_rank_gap_0.05,predicted_rank_raw_stable,48,0.127836192584394,0.3063190846791168,1.0511745567306834,runs/20260612_173148_stage4_hard_s107,hard_knee,107
near_best_rank_gap_0.1,predicted_rank_detectable,48,0.8009500998557942,0.9052884263564728,0.375376192749335,runs/20260612_173148_stage4_hard_s107,hard_knee,107
near_best_rank_gap_0.1,predicted_rank_whitened_detectable,48,0.8009500998557942,0.9052884263564728,0.375376192749335,runs/20260612_173148_stage4_hard_s107,hard_knee,107
near_best_rank_gap_0.1,gradient_effective_rank,48,0.7598311801221602,0.8393877316313679,0.4123291656039141,runs/20260612_173148_stage4_hard_s107,hard_knee,107
near_best_rank_gap_0.1,whitened_gradient_effective_rank,48,0.7598311801221602,0.8393877316313679,0.4123291656039141,runs/20260612_173148_stage4_hard_s107,hard_knee,107
near_best_rank_gap_0.1,true_k_strong,48,0.7463474572615707,0.8320398710466645,0.4237457478924537,runs/20260612_173148_stage4_hard_s107,hard_knee,107
near_best_rank_gap_0.1,gradient_detectable_rank,48,0.7452176743957922,0.830564785350656,0.4246883932520973,runs/20260612_173148_stage4_hard_s107,hard_knee,107
near_best_rank_gap_0.1,whitened_gradient_detectable_rank,48,0.7452176743957922,0.830564785350656,0.4246883932520973,runs/20260612_173148_stage4_hard_s107,hard_knee,107
near_best_rank_gap_0.1,raw_gradient_effective_rank,48,0.7334264269519257,0.8378511491472157,0.4344044742405342,runs/20260612_173148_stage4_hard_s107,hard_knee,107
near_best_rank_gap_0.1,gradient_stable_rank,48,0.6675040839557955,0.8009731695275597,0.4851532006157958,runs/20260612_173148_stage4_hard_s107,hard_knee,107
near_best_rank_gap_0.1,whitened_gradient_stable_rank,48,0.6675040839557955,0.8009731695275597,0.4851532006157958,runs/20260612_173148_stage4_hard_s107,hard_knee,107
near_best_rank_gap_0.1,predicted_rank_whitened_effective,48,0.6487209256819337,0.8005822447268465,0.49866843971316,runs/20260612_173148_stage4_hard_s107,hard_knee,107
near_best_rank_gap_0.1,predicted_rank_raw_effective,48,0.6087403515070416,0.7747761130017016,0.5262817054202777,runs/20260612_173148_stage4_hard_s107,hard_knee,107
near_best_rank_gap_0.1,predicted_rank_raw_detectable,48,0.568595236102738,0.7072362805568064,0.55262205237959,runs/20260612_173148_stage4_hard_s107,hard_knee,107
near_best_rank_gap_0.1,raw_gradient_detectable_rank,48,0.5619476375483423,0.6893001328708533,0.5568635049781041,runs/20260612_173148_stage4_hard_s107,hard_knee,107
near_best_rank_gap_0.1,predicted_rank_whitened_stable,48,0.4731713764378049,0.6564327742255535,0.6106894601730629,runs/20260612_173148_stage4_hard_s107,hard_knee,107
near_best_rank_gap_0.1,raw_gradient_stable_rank,48,0.4351425723173246,0.6289941299551256,0.6323465669982429,runs/20260612_173148_stage4_hard_s107,hard_knee,107
near_best_rank_gap_0.1,predicted_rank_raw_stable,48,0.2209335728649034,0.4830915372653855,0.7426308522749258,runs/20260612_173148_stage4_hard_s107,hard_knee,107
near_best_rank_gap_0.2,gradient_stable_rank,48,0.8245544268062722,0.8932566413469372,0.322637041939579,runs/20260612_173148_stage4_hard_s107,hard_knee,107
near_best_rank_gap_0.2,whitened_gradient_stable_rank,48,0.8245544268062722,0.8932566413469372,0.322637041939579,runs/20260612_173148_stage4_hard_s107,hard_knee,107
near_best_rank_gap_0.2,raw_gradient_effective_rank,48,0.8050119212130187,0.8669878990536173,0.3401316532421544,runs/20260612_173148_stage4_hard_s107,hard_knee,107
near_best_rank_gap_0.2,gradient_effective_rank,48,0.7908977198269709,0.8574356291287737,0.352226805701588,runs/20260612_173148_stage4_hard_s107,hard_knee,107
near_best_rank_gap_0.2,whitened_gradient_effective_rank,48,0.7908977198269709,0.8574356291287737,0.352226805701588,runs/20260612_173148_stage4_hard_s107,hard_knee,107
near_best_rank_gap_0.2,gradient_detectable_rank,48,0.7681201165529219,0.8321269468716578,0.3709151365018402,runs/20260612_173148_stage4_hard_s107,hard_knee,107
near_best_rank_gap_0.2,whitened_gradient_detectable_rank,48,0.7681201165529219,0.8321269468716578,0.3709151365018402,runs/20260612_173148_stage4_hard_s107,hard_knee,107
near_best_rank_gap_0.2,raw_gradient_detectable_rank,48,0.7387937341526805,0.8141279317738779,0.3936722616234711,runs/20260612_173148_stage4_hard_s107,hard_knee,107
near_best_rank_gap_0.2,predicted_rank_raw_detectable,48,0.7213914127881033,0.8157106856960593,0.4065746238897434,runs/20260612_173148_stage4_hard_s107,hard_knee,107
near_best_rank_gap_0.2,true_k_strong,48,0.714161061014291,0.7599199885027719,0.4118164736666983,runs/20260612_173148_stage4_hard_s107,hard_knee,107
near_best_rank_gap_0.2,predicted_rank_detectable,48,0.6906090250362389,0.7562685676123565,0.4284467377719256,runs/20260612_173148_stage4_hard_s107,hard_knee,107
near_best_rank_gap_0.2,predicted_rank_whitened_detectable,48,0.6906090250362389,0.7562685676123565,0.4284467377719256,runs/20260612_173148_stage4_hard_s107,hard_knee,107
near_best_rank_gap_0.2,predicted_rank_raw_effective,48,0.6760356140531429,0.8285505594597931,0.4384213094882988,runs/20260612_173148_stage4_hard_s107,hard_knee,107
near_best_rank_gap_0.2,predicted_rank_whitened_stable,48,0.5835804616078744,0.7494325233417244,0.4970597180153036,runs/20260612_173148_stage4_hard_s107,hard_knee,107
near_best_rank_gap_0.2,predicted_rank_whitened_effective,48,0.5797599962645333,0.6898280365348258,0.4993346637106007,runs/20260612_173148_stage4_hard_s107,hard_knee,107
near_best_rank_gap_0.2,raw_gradient_stable_rank,48,0.5560737124723624,0.7016142259797624,0.5132139484459304,runs/20260612_173148_stage4_hard_s107,hard_knee,107
near_best_rank_gap_0.2,predicted_rank_raw_stable,48,0.3378793846972341,0.6075293416838355,0.6267748691489924,runs/20260612_173148_stage4_hard_s107,hard_knee,107
near_best_rank_gap_0.5,gradient_stable_rank,48,0.715829967408149,0.8685372560939609,0.3608941649171749,runs/20260612_173148_stage4_hard_s107,hard_knee,107
near_best_rank_gap_0.5,whitened_gradient_stable_rank,48,0.715829967408149,0.8685372560939609,0.3608941649171749,runs/20260612_173148_stage4_hard_s107,hard_knee,107
near_best_rank_gap_0.5,raw_gradient_effective_rank,48,0.6558209664988739,0.813004183453682,0.3971759354341802,runs/20260612_173148_stage4_hard_s107,hard_knee,107
near_best_rank_gap_0.5,predicted_rank_whitened_stable,48,0.6401741970604246,0.8007417711375665,0.4061036317008735,runs/20260612_173148_stage4_hard_s107,hard_knee,107
near_best_rank_gap_0.5,predicted_rank_raw_detectable,48,0.6077487971638389,0.7849600399555691,0.4240068411003614,runs/20260612_173148_stage4_hard_s107,hard_knee,107
near_best_rank_gap_0.5,predicted_rank_raw_effective,48,0.5993778085032838,0.7681373347487838,0.4285072979961892,runs/20260612_173148_stage4_hard_s107,hard_knee,107
near_best_rank_gap_0.5,raw_gradient_detectable_rank,48,0.5918592969343821,0.7713479683882544,0.432509524640874,runs/20260612_173148_stage4_hard_s107,hard_knee,107
near_best_rank_gap_0.5,gradient_effective_rank,48,0.5853523479355276,0.7707990482470702,0.4359436208152951,runs/20260612_173148_stage4_hard_s107,hard_knee,107
near_best_rank_gap_0.5,whitened_gradient_effective_rank,48,0.5853523479355276,0.7707990482470702,0.4359436208152951,runs/20260612_173148_stage4_hard_s107,hard_knee,107
near_best_rank_gap_0.5,gradient_detectable_rank,48,0.5370275646052067,0.7167100872979426,0.4606470444450359,runs/20260612_173148_stage4_hard_s107,hard_knee,107
near_best_rank_gap_0.5,whitened_gradient_detectable_rank,48,0.5370275646052067,0.7167100872979426,0.4606470444450359,runs/20260612_173148_stage4_hard_s107,hard_knee,107
near_best_rank_gap_0.5,predicted_rank_detectable,48,0.5197899182413774,0.7051076604892598,0.4691442075446547,runs/20260612_173148_stage4_hard_s107,hard_knee,107
near_best_rank_gap_0.5,predicted_rank_whitened_detectable,48,0.5197899182413774,0.7051076604892598,0.4691442075446547,runs/20260612_173148_stage4_hard_s107,hard_knee,107
near_best_rank_gap_0.5,raw_gradient_stable_rank,48,0.4866297019115978,0.6997167152675132,0.4850718709193353,runs/20260612_173148_stage4_hard_s107,hard_knee,107
near_best_rank_gap_0.5,true_k_strong,48,0.4760748711506853,0.6314654574006997,0.4900330098295445,runs/20260612_173148_stage4_hard_s107,hard_knee,107
near_best_rank_gap_0.5,predicted_rank_whitened_effective,48,0.4177949709864603,0.6496511005773291,0.5165694257611514,runs/20260612_173148_stage4_hard_s107,hard_knee,107
near_best_rank_gap_0.5,predicted_rank_raw_stable,48,0.3814367450731087,0.6176056549879613,0.5324548417548276,runs/20260612_173148_stage4_hard_s107,hard_knee,107
penalized_rank_lambda_0.03,true_k_strong,48,0.6869631818590796,0.7717797457242623,0.680365901672699,runs/20260612_173148_stage4_hard_s107,hard_knee,107
penalized_rank_lambda_0.03,gradient_detectable_rank,48,0.6778440002837833,0.7504719790404537,0.6902047461400489,runs/20260612_173148_stage4_hard_s107,hard_knee,107
penalized_rank_lambda_0.03,whitened_gradient_detectable_rank,48,0.6778440002837833,0.7504719790404537,0.6902047461400489,runs/20260612_173148_stage4_hard_s107,hard_knee,107
penalized_rank_lambda_0.03,gradient_effective_rank,48,0.6649654460852157,0.7395654605977092,0.7038654203960945,runs/20260612_173148_stage4_hard_s107,hard_knee,107
penalized_rank_lambda_0.03,whitened_gradient_effective_rank,48,0.6649654460852157,0.7395654605977092,0.7038654203960945,runs/20260612_173148_stage4_hard_s107,hard_knee,107
penalized_rank_lambda_0.03,predicted_rank_detectable,48,0.6237938462888567,0.7043307164086714,0.7458607902574835,runs/20260612_173148_stage4_hard_s107,hard_knee,107
penalized_rank_lambda_0.03,predicted_rank_whitened_detectable,48,0.6237938462888567,0.7043307164086714,0.7458607902574835,runs/20260612_173148_stage4_hard_s107,hard_knee,107
penalized_rank_lambda_0.03,predicted_rank_whitened_effective,48,0.588581705999538,0.6984044343526284,0.7799856790829355,runs/20260612_173148_stage4_hard_s107,hard_knee,107
penalized_rank_lambda_0.03,raw_gradient_effective_rank,48,0.5657308711243759,0.6654357141958779,0.8013538138239754,runs/20260612_173148_stage4_hard_s107,hard_knee,107
penalized_rank_lambda_0.03,gradient_stable_rank,48,0.5517038843426862,0.6428042028333251,0.8141929120973592,runs/20260612_173148_stage4_hard_s107,hard_knee,107
penalized_rank_lambda_0.03,whitened_gradient_stable_rank,48,0.5517038843426862,0.6428042028333251,0.8141929120973592,runs/20260612_173148_stage4_hard_s107,hard_knee,107
penalized_rank_lambda_0.03,predicted_rank_raw_effective,48,0.4788006352387893,0.6459568843239226,0.8779034753550972,runs/20260612_173148_stage4_hard_s107,hard_knee,107
penalized_rank_lambda_0.03,raw_gradient_detectable_rank,48,0.421809952765794,0.4774907811226977,0.9246558788684192,runs/20260612_173148_stage4_hard_s107,hard_knee,107
penalized_rank_lambda_0.03,predicted_rank_raw_detectable,48,0.3703083852432277,0.4473277097319107,0.9649588297826428,runs/20260612_173148_stage4_hard_s107,hard_knee,107
penalized_rank_lambda_0.03,predicted_rank_whitened_stable,48,0.363859893948528,0.5337342782591821,0.96988717783284,runs/20260612_173148_stage4_hard_s107,hard_knee,107
penalized_rank_lambda_0.03,raw_gradient_stable_rank,48,0.2822021023184111,0.3830036897427948,1.0302578218230585,runs/20260612_173148_stage4_hard_s107,hard_knee,107
penalized_rank_lambda_0.03,predicted_rank_raw_stable,48,0.0493122961570277,0.1733607651348711,1.1856698263272694,runs/20260612_173148_stage4_hard_s107,hard_knee,107
penalized_rank_lambda_0.05,true_k_strong,48,0.7000186595091891,0.7766769420035143,0.6541927629459379,runs/20260612_173148_stage4_hard_s107,hard_knee,107
penalized_rank_lambda_0.05,gradient_detectable_rank,48,0.6774641829096435,0.7393142863152905,0.6783402534633712,runs/20260612_173148_stage4_hard_s107,hard_knee,107
penalized_rank_lambda_0.05,whitened_gradient_detectable_rank,48,0.6774641829096435,0.7393142863152905,0.6783402534633712,runs/20260612_173148_stage4_hard_s107,hard_knee,107
penalized_rank_lambda_0.05,gradient_effective_rank,48,0.6649346708884085,0.7322950929522637,0.6913904245018119,runs/20260612_173148_stage4_hard_s107,hard_knee,107
penalized_rank_lambda_0.05,whitened_gradient_effective_rank,48,0.6649346708884085,0.7322950929522637,0.6913904245018119,runs/20260612_173148_stage4_hard_s107,hard_knee,107
penalized_rank_lambda_0.05,predicted_rank_detectable,48,0.6315943490636584,0.709132640403695,0.7249728726449521,runs/20260612_173148_stage4_hard_s107,hard_knee,107
penalized_rank_lambda_0.05,predicted_rank_whitened_detectable,48,0.6315943490636584,0.709132640403695,0.7249728726449521,runs/20260612_173148_stage4_hard_s107,hard_knee,107
penalized_rank_lambda_0.05,predicted_rank_whitened_effective,48,0.602146431137492,0.7029285494162154,0.7533906806766968,runs/20260612_173148_stage4_hard_s107,hard_knee,107
penalized_rank_lambda_0.05,raw_gradient_effective_rank,48,0.5312776159358356,0.6197086296896767,0.8177422966457615,runs/20260612_173148_stage4_hard_s107,hard_knee,107
penalized_rank_lambda_0.05,gradient_stable_rank,48,0.5015572613637278,0.5960092075894753,0.8432692256537333,runs/20260612_173148_stage4_hard_s107,hard_knee,107
penalized_rank_lambda_0.05,whitened_gradient_stable_rank,48,0.5015572613637278,0.5960092075894753,0.8432692256537333,runs/20260612_173148_stage4_hard_s107,hard_knee,107
penalized_rank_lambda_0.05,predicted_rank_raw_effective,48,0.493254334103352,0.6446184388609699,0.8502636957701653,runs/20260612_173148_stage4_hard_s107,hard_knee,107
penalized_rank_lambda_0.05,raw_gradient_detectable_rank,48,0.3648516565087081,0.4140317565548834,0.9519106802461106,runs/20260612_173148_stage4_hard_s107,hard_knee,107
penalized_rank_lambda_0.05,predicted_rank_whitened_stable,48,0.3607479291493068,0.5426972458761585,0.9549809018792428,runs/20260612_173148_stage4_hard_s107,hard_knee,107
penalized_rank_lambda_0.05,predicted_rank_raw_detectable,48,0.3163648813211155,0.3873936196510205,0.9875766133908904,runs/20260612_173148_stage4_hard_s107,hard_knee,107
penalized_rank_lambda_0.05,raw_gradient_stable_rank,48,0.2314783745631188,0.2995675153241274,1.0470963867925211,runs/20260612_173148_stage4_hard_s107,hard_knee,107
penalized_rank_lambda_0.05,predicted_rank_raw_stable,48,0.044730140562206,0.1469549497428851,1.1674052773501933,runs/20260612_173148_stage4_hard_s107,hard_knee,107
penalized_rank_lambda_0.08,true_k_strong,48,0.7327333050849296,0.8044682881277497,0.583989245469399,runs/20260612_173148_stage4_hard_s107,hard_knee,107
penalized_rank_lambda_0.08,gradient_detectable_rank,48,0.7308713404623455,0.8043290561276257,0.5860199512509746,runs/20260612_173148_stage4_hard_s107,hard_knee,107
penalized_rank_lambda_0.08,whitened_gradient_detectable_rank,48,0.7308713404623455,0.8043290561276257,0.5860199512509746,runs/20260612_173148_stage4_hard_s107,hard_knee,107
penalized_rank_lambda_0.08,gradient_effective_rank,48,0.7238451546762684,0.8031668346770443,0.593620324016092,runs/20260612_173148_stage4_hard_s107,hard_knee,107
penalized_rank_lambda_0.08,whitened_gradient_effective_rank,48,0.7238451546762684,0.8031668346770443,0.593620324016092,runs/20260612_173148_stage4_hard_s107,hard_knee,107
penalized_rank_lambda_0.08,predicted_rank_detectable,48,0.6963401441577226,0.7821287047713158,0.6224810266576318,runs/20260612_173148_stage4_hard_s107,hard_knee,107
penalized_rank_lambda_0.08,predicted_rank_whitened_detectable,48,0.6963401441577226,0.7821287047713158,0.6224810266576318,runs/20260612_173148_stage4_hard_s107,hard_knee,107
penalized_rank_lambda_0.08,raw_gradient_effective_rank,48,0.6407143309418772,0.7253120762344949,0.6770993161674108,runs/20260612_173148_stage4_hard_s107,hard_knee,107
penalized_rank_lambda_0.08,predicted_rank_whitened_effective,48,0.6255319148936169,0.7315628011848633,0.691257462478796,runs/20260612_173148_stage4_hard_s107,hard_knee,107
penalized_rank_lambda_0.08,gradient_stable_rank,48,0.5876240329874705,0.6873694670232823,0.7254025890772287,runs/20260612_173148_stage4_hard_s107,hard_knee,107
penalized_rank_lambda_0.08,whitened_gradient_stable_rank,48,0.5876240329874705,0.6873694670232823,0.7254025890772287,runs/20260612_173148_stage4_hard_s107,hard_knee,107
penalized_rank_lambda_0.08,predicted_rank_raw_effective,48,0.533048808877163,0.6979858471749816,0.7719126739290981,runs/20260612_173148_stage4_hard_s107,hard_knee,107
penalized_rank_lambda_0.08,raw_gradient_detectable_rank,48,0.4587155501864143,0.5559488647255028,0.8310845393104588,runs/20260612_173148_stage4_hard_s107,hard_knee,107
penalized_rank_lambda_0.08,predicted_rank_whitened_stable,48,0.4124404252719051,0.609630795792076,0.8658813423339228,runs/20260612_173148_stage4_hard_s107,hard_knee,107
penalized_rank_lambda_0.08,predicted_rank_raw_detectable,48,0.4052413165823432,0.5303982138888401,0.8711698236582459,runs/20260612_173148_stage4_hard_s107,hard_knee,107
penalized_rank_lambda_0.08,raw_gradient_stable_rank,48,0.3432131982332292,0.4783665142995335,0.915471094667188,runs/20260612_173148_stage4_hard_s107,hard_knee,107
penalized_rank_lambda_0.08,predicted_rank_raw_stable,48,0.1302411873840445,0.3301713023876442,1.0534934669225458,runs/20260612_173148_stage4_hard_s107,hard_knee,107
penalized_rank_lambda_0.1,predicted_rank_detectable,48,0.7382322526059941,0.8247814765662481,0.5246788253434175,runs/20260612_173148_stage4_hard_s107,hard_knee,107
penalized_rank_lambda_0.1,predicted_rank_whitened_detectable,48,0.7382322526059941,0.8247814765662481,0.5246788253434175,runs/20260612_173148_stage4_hard_s107,hard_knee,107
penalized_rank_lambda_0.1,gradient_detectable_rank,48,0.7381879771718243,0.8091035439191974,0.5247231955930157,runs/20260612_173148_stage4_hard_s107,hard_knee,107
penalized_rank_lambda_0.1,whitened_gradient_detectable_rank,48,0.7381879771718243,0.8091035439191974,0.5247231955930157,runs/20260612_173148_stage4_hard_s107,hard_knee,107
penalized_rank_lambda_0.1,true_k_strong,48,0.729308844706531,0.7940321981070844,0.5335467790966485,runs/20260612_173148_stage4_hard_s107,hard_knee,107
penalized_rank_lambda_0.1,gradient_effective_rank,48,0.7274593323841475,0.796831032466843,0.535366420158996,runs/20260612_173148_stage4_hard_s107,hard_knee,107
penalized_rank_lambda_0.1,whitened_gradient_effective_rank,48,0.7274593323841475,0.796831032466843,0.535366420158996,runs/20260612_173148_stage4_hard_s107,hard_knee,107
penalized_rank_lambda_0.1,raw_gradient_effective_rank,48,0.6791549418494156,0.7528072185183986,0.580875617146213,runs/20260612_173148_stage4_hard_s107,hard_knee,107
penalized_rank_lambda_0.1,predicted_rank_whitened_effective,48,0.6448924754787893,0.7460731024850272,0.6111043949770643,runs/20260612_173148_stage4_hard_s107,hard_knee,107
penalized_rank_lambda_0.1,gradient_stable_rank,48,0.609257751143418,0.7048506105238932,0.6410333959016804,runs/20260612_173148_stage4_hard_s107,hard_knee,107
penalized_rank_lambda_0.1,whitened_gradient_stable_rank,48,0.609257751143418,0.7048506105238932,0.6410333959016804,runs/20260612_173148_stage4_hard_s107,hard_knee,107
penalized_rank_lambda_0.1,predicted_rank_raw_effective,48,0.5116383077886352,0.6788558524325529,0.71664861297153,runs/20260612_173148_stage4_hard_s107,hard_knee,107
penalized_rank_lambda_0.1,raw_gradient_detectable_rank,48,0.5017522556672496,0.5939804170326457,0.723865936705243,runs/20260612_173148_stage4_hard_s107,hard_knee,107
penalized_rank_lambda_0.1,predicted_rank_raw_detectable,48,0.4664778233663693,0.5916414978241816,0.7490515513335821,runs/20260612_173148_stage4_hard_s107,hard_knee,107
penalized_rank_lambda_0.1,predicted_rank_whitened_stable,48,0.4338685402616147,0.633685553498509,0.7716033673377961,runs/20260612_173148_stage4_hard_s107,hard_knee,107
penalized_rank_lambda_0.1,raw_gradient_stable_rank,48,0.4208002346964565,0.560980786540377,0.7804582185866276,runs/20260612_173148_stage4_hard_s107,hard_knee,107
penalized_rank_lambda_0.1,predicted_rank_raw_stable,48,0.1648566043943674,0.3867891793707686,0.9371648585110156,runs/20260612_173148_stage4_hard_s107,hard_knee,107
penalized_rank_lambda_0.15,gradient_effective_rank,48,0.6759756176940026,0.7611726623011651,0.5809693608404956,runs/20260612_173148_stage4_hard_s107,hard_knee,107
penalized_rank_lambda_0.15,whitened_gradient_effective_rank,48,0.6759756176940026,0.7611726623011651,0.5809693608404956,runs/20260612_173148_stage4_hard_s107,hard_knee,107
penalized_rank_lambda_0.15,gradient_detectable_rank,48,0.6610874879922455,0.7409158109334197,0.5941665310960761,runs/20260612_173148_stage4_hard_s107,hard_knee,107
penalized_rank_lambda_0.15,whitened_gradient_detectable_rank,48,0.6610874879922455,0.7409158109334197,0.5941665310960761,runs/20260612_173148_stage4_hard_s107,hard_knee,107
penalized_rank_lambda_0.15,predicted_rank_detectable,48,0.6609648600357356,0.739599674053462,0.5942740143481305,runs/20260612_173148_stage4_hard_s107,hard_knee,107
penalized_rank_lambda_0.15,predicted_rank_whitened_detectable,48,0.6609648600357356,0.739599674053462,0.5942740143481305,runs/20260612_173148_stage4_hard_s107,hard_knee,107
penalized_rank_lambda_0.15,true_k_strong,48,0.6459747996464575,0.7157203112581586,0.6072695039010879,runs/20260612_173148_stage4_hard_s107,hard_knee,107
penalized_rank_lambda_0.15,raw_gradient_effective_rank,48,0.631453480618926,0.7072762481688294,0.6195987607761053,runs/20260612_173148_stage4_hard_s107,hard_knee,107
penalized_rank_lambda_0.15,gradient_stable_rank,48,0.6305480713223266,0.7161257653197955,0.620359378940339,runs/20260612_173148_stage4_hard_s107,hard_knee,107
penalized_rank_lambda_0.15,whitened_gradient_stable_rank,48,0.6305480713223266,0.7161257653197955,0.620359378940339,runs/20260612_173148_stage4_hard_s107,hard_knee,107
penalized_rank_lambda_0.15,predicted_rank_whitened_effective,48,0.5629787234042553,0.6848072257978535,0.6747077118678138,runs/20260612_173148_stage4_hard_s107,hard_knee,107
penalized_rank_lambda_0.15,predicted_rank_raw_effective,48,0.5256273764258556,0.6629289834636286,0.702949606697664,runs/20260612_173148_stage4_hard_s107,hard_knee,107
penalized_rank_lambda_0.15,predicted_rank_whitened_stable,48,0.5188023952095808,0.7074754487811953,0.7079883508858178,runs/20260612_173148_stage4_hard_s107,hard_knee,107
penalized_rank_lambda_0.15,raw_gradient_detectable_rank,48,0.4518291348601183,0.5544756165765581,0.7556529083210382,runs/20260612_173148_stage4_hard_s107,hard_knee,107
penalized_rank_lambda_0.15,raw_gradient_stable_rank,48,0.4315769982493899,0.5448447882043218,0.7694850833448422,runs/20260612_173148_stage4_hard_s107,hard_knee,107
penalized_rank_lambda_0.15,predicted_rank_raw_detectable,48,0.4178272980501392,0.5411372319755031,0.7787360899973997,runs/20260612_173148_stage4_hard_s107,hard_knee,107
penalized_rank_lambda_0.15,predicted_rank_raw_stable,48,0.2030769230769231,0.4381234795169668,0.9111137169026734,runs/20260612_173148_stage4_hard_s107,hard_knee,107
penalized_rank_lambda_0.2,predicted_rank_detectable,48,0.664027721659933,0.7639324353179807,0.5189720065834308,runs/20260612_173148_stage4_hard_s107,hard_knee,107
penalized_rank_lambda_0.2,predicted_rank_whitened_detectable,48,0.664027721659933,0.7639324353179807,0.5189720065834308,runs/20260612_173148_stage4_hard_s107,hard_knee,107
penalized_rank_lambda_0.2,gradient_effective_rank,48,0.6160216440937079,0.7061827332184711,0.5548116638649939,runs/20260612_173148_stage4_hard_s107,hard_knee,107
penalized_rank_lambda_0.2,whitened_gradient_effective_rank,48,0.6160216440937079,0.7061827332184711,0.5548116638649939,runs/20260612_173148_stage4_hard_s107,hard_knee,107
penalized_rank_lambda_0.2,gradient_detectable_rank,48,0.6113827621497628,0.6939559879771648,0.5581529708328719,runs/20260612_173148_stage4_hard_s107,hard_knee,107
penalized_rank_lambda_0.2,whitened_gradient_detectable_rank,48,0.6113827621497628,0.6939559879771648,0.5581529708328719,runs/20260612_173148_stage4_hard_s107,hard_knee,107
penalized_rank_lambda_0.2,true_k_strong,48,0.611268029675595,0.7010622852501912,0.5582353572265035,runs/20260612_173148_stage4_hard_s107,hard_knee,107
penalized_rank_lambda_0.2,predicted_rank_whitened_effective,48,0.5626259950005184,0.7066343325043942,0.5921322211937858,runs/20260612_173148_stage4_hard_s107,hard_knee,107
penalized_rank_lambda_0.2,gradient_stable_rank,48,0.5522011897282306,0.6396170491222197,0.5991473986282239,runs/20260612_173148_stage4_hard_s107,hard_knee,107
penalized_rank_lambda_0.2,whitened_gradient_stable_rank,48,0.5522011897282306,0.6396170491222197,0.5991473986282239,runs/20260612_173148_stage4_hard_s107,hard_knee,107
penalized_rank_lambda_0.2,raw_gradient_effective_rank,48,0.5476118983157408,0.6508188514679325,0.602209770392994,runs/20260612_173148_stage4_hard_s107,hard_knee,107
penalized_rank_lambda_0.2,predicted_rank_whitened_stable,48,0.4510599807423592,0.6483386316570867,0.6633682124051022,runs/20260612_173148_stage4_hard_s107,hard_knee,107
penalized_rank_lambda_0.2,predicted_rank_raw_effective,48,0.437501157976865,0.5962509002128884,0.6715108383962616,runs/20260612_173148_stage4_hard_s107,hard_knee,107
penalized_rank_lambda_0.2,predicted_rank_raw_detectable,48,0.3999936658557954,0.5487289904643436,0.6935377863502724,runs/20260612_173148_stage4_hard_s107,hard_knee,107
penalized_rank_lambda_0.2,raw_gradient_detectable_rank,48,0.3968398001509662,0.5200966627818279,0.6953581489762869,runs/20260612_173148_stage4_hard_s107,hard_knee,107
penalized_rank_lambda_0.2,raw_gradient_stable_rank,48,0.3494222078846364,0.5097113308198433,0.7221739646782814,runs/20260612_173148_stage4_hard_s107,hard_knee,107
penalized_rank_lambda_0.2,predicted_rank_raw_stable,48,0.178285709958693,0.4272237604060696,0.811619793977876,runs/20260612_173148_stage4_hard_s107,hard_knee,107
penalized_rank_lambda_0.3,predicted_rank_detectable,48,0.7068479766581233,0.8222082504975841,0.4256574170019816,runs/20260612_173148_stage4_hard_s107,hard_knee,107
penalized_rank_lambda_0.3,predicted_rank_whitened_detectable,48,0.7068479766581233,0.8222082504975841,0.4256574170019816,runs/20260612_173148_stage4_hard_s107,hard_knee,107
penalized_rank_lambda_0.3,gradient_effective_rank,48,0.6840128974879425,0.7735004830857825,0.4419248626084303,runs/20260612_173148_stage4_hard_s107,hard_knee,107
penalized_rank_lambda_0.3,whitened_gradient_effective_rank,48,0.6840128974879425,0.7735004830857825,0.4419248626084303,runs/20260612_173148_stage4_hard_s107,hard_knee,107
penalized_rank_lambda_0.3,gradient_detectable_rank,48,0.6708913459298993,0.7625241756872959,0.4510071307966619,runs/20260612_173148_stage4_hard_s107,hard_knee,107
penalized_rank_lambda_0.3,whitened_gradient_detectable_rank,48,0.6708913459298993,0.7625241756872959,0.4510071307966619,runs/20260612_173148_stage4_hard_s107,hard_knee,107
penalized_rank_lambda_0.3,true_k_strong,48,0.6691023236588596,0.7638784210444984,0.4522312983231766,runs/20260612_173148_stage4_hard_s107,hard_knee,107
penalized_rank_lambda_0.3,raw_gradient_effective_rank,48,0.6648171550808541,0.773804460325068,0.4551501064804823,runs/20260612_173148_stage4_hard_s107,hard_knee,107
penalized_rank_lambda_0.3,gradient_stable_rank,48,0.6230186355222805,0.736232873549385,0.4826959981772878,runs/20260612_173148_stage4_hard_s107,hard_knee,107
penalized_rank_lambda_0.3,whitened_gradient_stable_rank,48,0.6230186355222805,0.736232873549385,0.4826959981772878,runs/20260612_173148_stage4_hard_s107,hard_knee,107
penalized_rank_lambda_0.3,predicted_rank_whitened_effective,48,0.5976571838393498,0.7456979706970179,0.4986684397131599,runs/20260612_173148_stage4_hard_s107,hard_knee,107
penalized_rank_lambda_0.3,predicted_rank_raw_effective,48,0.545520570769428,0.717590934059659,0.5299939019664972,runs/20260612_173148_stage4_hard_s107,hard_knee,107
penalized_rank_lambda_0.3,predicted_rank_raw_detectable,48,0.5371036900253514,0.6766340237931319,0.5348790854258542,runs/20260612_173148_stage4_hard_s107,hard_knee,107
penalized_rank_lambda_0.3,raw_gradient_detectable_rank,48,0.5303318658712177,0.6471155842930715,0.5387773190899054,runs/20260612_173148_stage4_hard_s107,hard_knee,107
penalized_rank_lambda_0.3,predicted_rank_whitened_stable,48,0.4199017694947184,0.6300713039277275,0.5987761970316927,runs/20260612_173148_stage4_hard_s107,hard_knee,107
penalized_rank_lambda_0.3,raw_gradient_stable_rank,48,0.4173781368737856,0.5827243677102275,0.6000772277742968,runs/20260612_173148_stage4_hard_s107,hard_knee,107
penalized_rank_lambda_0.3,predicted_rank_raw_stable,48,0.188654042586627,0.4513172075924427,0.708136199086642,runs/20260612_173148_stage4_hard_s107,hard_knee,107
penalized_rank_lambda_0.5,predicted_rank_detectable,48,0.8113565250945818,0.9168163663666196,0.3049782177818959,runs/20260612_173148_stage4_hard_s107,hard_knee,107
penalized_rank_lambda_0.5,predicted_rank_whitened_detectable,48,0.8113565250945818,0.9168163663666196,0.3049782177818959,runs/20260612_173148_stage4_hard_s107,hard_knee,107
penalized_rank_lambda_0.5,gradient_effective_rank,48,0.7853359594511655,0.8484841391144311,0.3253325956165565,runs/20260612_173148_stage4_hard_s107,hard_knee,107
penalized_rank_lambda_0.5,whitened_gradient_effective_rank,48,0.7853359594511655,0.8484841391144311,0.3253325956165565,runs/20260612_173148_stage4_hard_s107,hard_knee,107
penalized_rank_lambda_0.5,gradient_detectable_rank,48,0.7780057533407237,0.8472705474696842,0.3308405909448332,runs/20260612_173148_stage4_hard_s107,hard_knee,107
penalized_rank_lambda_0.5,whitened_gradient_detectable_rank,48,0.7780057533407237,0.8472705474696842,0.3308405909448332,runs/20260612_173148_stage4_hard_s107,hard_knee,107
penalized_rank_lambda_0.5,true_k_strong,48,0.7706881289937781,0.8379487732083704,0.3362491516040696,runs/20260612_173148_stage4_hard_s107,hard_knee,107
penalized_rank_lambda_0.5,raw_gradient_effective_rank,48,0.7592282806990224,0.8458086838957816,0.3445487393998269,runs/20260612_173148_stage4_hard_s107,hard_knee,107
penalized_rank_lambda_0.5,predicted_rank_whitened_effective,48,0.7195085406053341,0.8332358372063109,0.371884218998905,runs/20260612_173148_stage4_hard_s107,hard_knee,107
penalized_rank_lambda_0.5,gradient_stable_rank,48,0.7063052317978703,0.8177164040999619,0.3805362493898067,runs/20260612_173148_stage4_hard_s107,hard_knee,107
penalized_rank_lambda_0.5,whitened_gradient_stable_rank,48,0.7063052317978703,0.8177164040999619,0.3805362493898067,runs/20260612_173148_stage4_hard_s107,hard_knee,107
penalized_rank_lambda_0.5,predicted_rank_raw_effective,48,0.636266266802335,0.7868677796656114,0.4234866442948006,runs/20260612_173148_stage4_hard_s107,hard_knee,107
penalized_rank_lambda_0.5,raw_gradient_detectable_rank,48,0.5807623730101059,0.6970314851364363,0.4546509002358788,runs/20260612_173148_stage4_hard_s107,hard_knee,107
penalized_rank_lambda_0.5,predicted_rank_raw_detectable,48,0.5744046451410412,0.7071619695145412,0.4580853131588566,runs/20260612_173148_stage4_hard_s107,hard_knee,107
penalized_rank_lambda_0.5,raw_gradient_stable_rank,48,0.4760104877775886,0.6518381805436937,0.5082872613533667,runs/20260612_173148_stage4_hard_s107,hard_knee,107
penalized_rank_lambda_0.5,predicted_rank_whitened_stable,48,0.4251497005988024,0.6256120842004901,0.5323843853199819,runs/20260612_173148_stage4_hard_s107,hard_knee,107
penalized_rank_lambda_0.5,predicted_rank_raw_stable,48,0.2766669949768541,0.5579027710911614,0.5971962463406453,runs/20260612_173148_stage4_hard_s107,hard_knee,107
recovery_rank_0.5,predicted_rank_raw_effective,48,0.7313095952420184,0.8744868344664255,0.3776574617671288,runs/20260612_173148_stage4_hard_s107,hard_knee,107
recovery_rank_0.5,raw_gradient_effective_rank,48,0.7141045791768046,0.8536401545959905,0.389561106577833,runs/20260612_173148_stage4_hard_s107,hard_knee,107
recovery_rank_0.5,gradient_stable_rank,48,0.6746990864764932,0.8609478093540094,0.4155417195381918,runs/20260612_173148_stage4_hard_s107,hard_knee,107
recovery_rank_0.5,whitened_gradient_stable_rank,48,0.6746990864764932,0.8609478093540094,0.4155417195381918,runs/20260612_173148_stage4_hard_s107,hard_knee,107
recovery_rank_0.5,gradient_effective_rank,48,0.6616206131232707,0.8392016431789372,0.4238126746865064,runs/20260612_173148_stage4_hard_s107,hard_knee,107
recovery_rank_0.5,whitened_gradient_effective_rank,48,0.6616206131232707,0.8392016431789372,0.4238126746865064,runs/20260612_173148_stage4_hard_s107,hard_knee,107
recovery_rank_0.5,gradient_detectable_rank,48,0.6240680324463517,0.8016799314804581,0.4467109723819225,runs/20260612_173148_stage4_hard_s107,hard_knee,107
recovery_rank_0.5,whitened_gradient_detectable_rank,48,0.6240680324463517,0.8016799314804581,0.4467109723819225,runs/20260612_173148_stage4_hard_s107,hard_knee,107
recovery_rank_0.5,raw_gradient_detectable_rank,48,0.6112115414254253,0.7845616935534141,0.4542852888076412,runs/20260612_173148_stage4_hard_s107,hard_knee,107
recovery_rank_0.5,predicted_rank_raw_detectable,48,0.6040787414845908,0.7793805001760509,0.4584335587217658,runs/20260612_173148_stage4_hard_s107,hard_knee,107
recovery_rank_0.5,true_k_strong,48,0.5866209147763704,0.7348990738875762,0.4684316609915622,runs/20260612_173148_stage4_hard_s107,hard_knee,107
recovery_rank_0.5,predicted_rank_detectable,48,0.562781451599943,0.7372728443485627,0.4817495083988826,runs/20260612_173148_stage4_hard_s107,hard_knee,107
recovery_rank_0.5,predicted_rank_whitened_detectable,48,0.562781451599943,0.7372728443485627,0.4817495083988826,runs/20260612_173148_stage4_hard_s107,hard_knee,107
recovery_rank_0.5,raw_gradient_stable_rank,48,0.5038752383838311,0.6861534221581718,0.5131773062800078,runs/20260612_173148_stage4_hard_s107,hard_knee,107
recovery_rank_0.5,predicted_rank_whitened_effective,48,0.4509490092378351,0.657104849265333,0.5398564952475731,runs/20260612_173148_stage4_hard_s107,hard_knee,107
recovery_rank_0.5,predicted_rank_whitened_stable,48,0.4435984939360852,0.666089194054091,0.5434581919404892,runs/20260612_173148_stage4_hard_s107,hard_knee,107
recovery_rank_0.5,predicted_rank_raw_stable,48,0.3321020761740302,0.5816801695669254,0.5954249623427673,runs/20260612_173148_stage4_hard_s107,hard_knee,107
recovery_rank_0.6,raw_gradient_effective_rank,48,0.7261341117105637,0.8478492733732615,0.3620891318480181,runs/20260612_173148_stage4_hard_s107,hard_knee,107
recovery_rank_0.6,predicted_rank_whitened_effective,48,0.7037094191855868,0.8956209090910958,0.3766217885773547,runs/20260612_173148_stage4_hard_s107,hard_knee,107
recovery_rank_0.6,gradient_effective_rank,48,0.6779866854645384,0.8390356132840225,0.3926299578800876,runs/20260612_173148_stage4_hard_s107,hard_knee,107
recovery_rank_0.6,whitened_gradient_effective_rank,48,0.6779866854645384,0.8390356132840225,0.3926299578800876,runs/20260612_173148_stage4_hard_s107,hard_knee,107
recovery_rank_0.6,true_k_strong,48,0.654602050246778,0.8165381821149322,0.4066365354369573,runs/20260612_173148_stage4_hard_s107,hard_knee,107
recovery_rank_0.6,gradient_stable_rank,48,0.6526032472103487,0.8364908241033268,0.4078114321649416,runs/20260612_173148_stage4_hard_s107,hard_knee,107
recovery_rank_0.6,whitened_gradient_stable_rank,48,0.6526032472103487,0.8364908241033268,0.4078114321649416,runs/20260612_173148_stage4_hard_s107,hard_knee,107
recovery_rank_0.6,gradient_detectable_rank,48,0.6435066007750956,0.8118625592188968,0.4131162375862375,runs/20260612_173148_stage4_hard_s107,hard_knee,107
recovery_rank_0.6,whitened_gradient_detectable_rank,48,0.6435066007750956,0.8118625592188968,0.4131162375862375,runs/20260612_173148_stage4_hard_s107,hard_knee,107
recovery_rank_0.6,predicted_rank_detectable,48,0.6032867208765741,0.8184680725995261,0.4357976537305152,runs/20260612_173148_stage4_hard_s107,hard_knee,107
recovery_rank_0.6,predicted_rank_whitened_detectable,48,0.6032867208765741,0.8184680725995261,0.4357976537305152,runs/20260612_173148_stage4_hard_s107,hard_knee,107
recovery_rank_0.6,raw_gradient_detectable_rank,48,0.58572118098929,0.7466510277697788,0.4453412088059779,runs/20260612_173148_stage4_hard_s107,hard_knee,107
recovery_rank_0.6,raw_gradient_stable_rank,48,0.5438969943222403,0.6321008052733011,0.467280852928159,runs/20260612_173148_stage4_hard_s107,hard_knee,107
recovery_rank_0.6,predicted_rank_raw_detectable,48,0.5091230046189552,0.6889078080366836,0.4847667886402868,runs/20260612_173148_stage4_hard_s107,hard_knee,107
recovery_rank_0.6,predicted_rank_raw_effective,48,0.5056689498740042,0.7383352016064664,0.4864693290553203,runs/20260612_173148_stage4_hard_s107,hard_knee,107
recovery_rank_0.6,predicted_rank_whitened_stable,48,0.3312088425144273,0.6183997741569022,0.5658375700575411,runs/20260612_173148_stage4_hard_s107,hard_knee,107
recovery_rank_0.6,predicted_rank_raw_stable,48,0.2217030476323315,0.4831984730847189,0.6104065480039953,runs/20260612_173148_stage4_hard_s107,hard_knee,107
recovery_rank_0.7,gradient_stable_rank,47,0.7502914192821858,0.7981309421164383,0.3923805114852409,runs/20260612_173148_stage4_hard_s107,hard_knee,107
recovery_rank_0.7,whitened_gradient_stable_rank,47,0.7502914192821858,0.7981309421164383,0.3923805114852409,runs/20260612_173148_stage4_hard_s107,hard_knee,107
recovery_rank_0.7,gradient_effective_rank,47,0.7326725491083792,0.8090374707883295,0.405987324447161,runs/20260612_173148_stage4_hard_s107,hard_knee,107
recovery_rank_0.7,whitened_gradient_effective_rank,47,0.7326725491083792,0.8090374707883295,0.405987324447161,runs/20260612_173148_stage4_hard_s107,hard_knee,107
recovery_rank_0.7,gradient_detectable_rank,47,0.7033784530935216,0.7822742209801249,0.4276535126524042,runs/20260612_173148_stage4_hard_s107,hard_knee,107
recovery_rank_0.7,whitened_gradient_detectable_rank,47,0.7033784530935216,0.7822742209801249,0.4276535126524042,runs/20260612_173148_stage4_hard_s107,hard_knee,107
recovery_rank_0.7,raw_gradient_effective_rank,47,0.6816902029537946,0.7477591709670675,0.4430122126328385,runs/20260612_173148_stage4_hard_s107,hard_knee,107
recovery_rank_0.7,true_k_strong,47,0.6786934472026303,0.7464217914769125,0.4450927161717471,runs/20260612_173148_stage4_hard_s107,hard_knee,107
recovery_rank_0.7,predicted_rank_detectable,47,0.6575540895379874,0.7257950189214731,0.4595012402501505,runs/20260612_173148_stage4_hard_s107,hard_knee,107
recovery_rank_0.7,predicted_rank_whitened_detectable,47,0.6575540895379874,0.7257950189214731,0.4595012402501505,runs/20260612_173148_stage4_hard_s107,hard_knee,107
recovery_rank_0.7,predicted_rank_whitened_stable,47,0.6382456093081322,0.7937134163720522,0.4722778759247242,runs/20260612_173148_stage4_hard_s107,hard_knee,107
recovery_rank_0.7,predicted_rank_raw_effective,47,0.56518451698035,0.7194685653476438,0.5177775258371132,runs/20260612_173148_stage4_hard_s107,hard_knee,107
recovery_rank_0.7,predicted_rank_whitened_effective,47,0.5301118668409418,0.6543046255924944,0.5382548285551569,runs/20260612_173148_stage4_hard_s107,hard_knee,107
recovery_rank_0.7,raw_gradient_detectable_rank,47,0.4926087982732382,0.597076261339492,0.5593223348932883,runs/20260612_173148_stage4_hard_s107,hard_knee,107
recovery_rank_0.7,predicted_rank_raw_detectable,47,0.4753100196006135,0.6065855502852822,0.568777072116562,runs/20260612_173148_stage4_hard_s107,hard_knee,107
recovery_rank_0.7,raw_gradient_stable_rank,47,0.4580519224345212,0.5600155733665341,0.578055497579305,runs/20260612_173148_stage4_hard_s107,hard_knee,107
recovery_rank_0.7,predicted_rank_raw_stable,47,0.2173113230381953,0.464423999870625,0.6946806809885355,runs/20260612_173148_stage4_hard_s107,hard_knee,107
recovery_rank_0.8,true_k_strong,47,0.7461580608617027,0.840723432954964,0.4711805898153458,runs/20260612_173148_stage4_hard_s107,hard_knee,107
recovery_rank_0.8,gradient_detectable_rank,47,0.7215525484530465,0.8228503559420431,0.4934888298276375,runs/20260612_173148_stage4_hard_s107,hard_knee,107
recovery_rank_0.8,whitened_gradient_detectable_rank,47,0.7215525484530465,0.8228503559420431,0.4934888298276375,runs/20260612_173148_stage4_hard_s107,hard_knee,107
recovery_rank_0.8,gradient_effective_rank,47,0.7185099425765282,0.8134118755192566,0.4961776900563128,runs/20260612_173148_stage4_hard_s107,hard_knee,107
recovery_rank_0.8,whitened_gradient_effective_rank,47,0.7185099425765282,0.8134118755192566,0.4961776900563128,runs/20260612_173148_stage4_hard_s107,hard_knee,107
recovery_rank_0.8,predicted_rank_detectable,47,0.7152048975512243,0.8102384846868462,0.4990820627470324,runs/20260612_173148_stage4_hard_s107,hard_knee,107
recovery_rank_0.8,predicted_rank_whitened_detectable,47,0.7152048975512243,0.8102384846868462,0.4990820627470324,runs/20260612_173148_stage4_hard_s107,hard_knee,107
recovery_rank_0.8,raw_gradient_effective_rank,47,0.618763367450704,0.7553988194229905,0.5774348820814972,runs/20260612_173148_stage4_hard_s107,hard_knee,107
recovery_rank_0.8,gradient_stable_rank,47,0.5859984048658775,0.7270068364606229,0.6017369914510369,runs/20260612_173148_stage4_hard_s107,hard_knee,107
recovery_rank_0.8,whitened_gradient_stable_rank,47,0.5859984048658775,0.7270068364606229,0.6017369914510369,runs/20260612_173148_stage4_hard_s107,hard_knee,107
recovery_rank_0.8,predicted_rank_raw_effective,47,0.5511573416642996,0.7472129203361346,0.6265457177242771,runs/20260612_173148_stage4_hard_s107,hard_knee,107
recovery_rank_0.8,predicted_rank_whitened_effective,47,0.5468405171433122,0.7027302429860648,0.6295514656728174,runs/20260612_173148_stage4_hard_s107,hard_knee,107
recovery_rank_0.8,predicted_rank_whitened_stable,47,0.4345617983930705,0.6423120056398514,0.7032314359222407,runs/20260612_173148_stage4_hard_s107,hard_knee,107
recovery_rank_0.8,raw_gradient_detectable_rank,47,0.4261279467198231,0.5572839198996743,0.708456584398119,runs/20260612_173148_stage4_hard_s107,hard_knee,107
recovery_rank_0.8,predicted_rank_raw_detectable,47,0.3922863405721095,0.5516266389650062,0.7290464542570475,runs/20260612_173148_stage4_hard_s107,hard_knee,107
recovery_rank_0.8,raw_gradient_stable_rank,47,0.303997039723676,0.4739986246509539,0.7802095223153649,runs/20260612_173148_stage4_hard_s107,hard_knee,107
recovery_rank_0.8,predicted_rank_raw_stable,47,0.1013668009009624,0.3202562142196283,0.8865371365367232,runs/20260612_173148_stage4_hard_s107,hard_knee,107
recovery_rank_0.85,true_k_strong,45,0.6951810837693475,0.8658727200246586,0.6461921411399455,runs/20260612_173148_stage4_hard_s107,hard_knee,107
recovery_rank_0.85,predicted_rank_detectable,45,0.6769265023962,0.8936789714474326,0.6652599537776327,runs/20260612_173148_stage4_hard_s107,hard_knee,107
recovery_rank_0.85,predicted_rank_whitened_detectable,45,0.6769265023962,0.8936789714474326,0.6652599537776327,runs/20260612_173148_stage4_hard_s107,hard_knee,107
recovery_rank_0.85,gradient_detectable_rank,45,0.6685509429362804,0.8528410597623648,0.6738280853011556,runs/20260612_173148_stage4_hard_s107,hard_knee,107
recovery_rank_0.85,whitened_gradient_detectable_rank,45,0.6685509429362804,0.8528410597623648,0.6738280853011556,runs/20260612_173148_stage4_hard_s107,hard_knee,107
recovery_rank_0.85,gradient_effective_rank,45,0.6476588875514248,0.8256984934205835,0.6947401133890115,runs/20260612_173148_stage4_hard_s107,hard_knee,107
recovery_rank_0.85,whitened_gradient_effective_rank,45,0.6476588875514248,0.8256984934205835,0.6947401133890115,runs/20260612_173148_stage4_hard_s107,hard_knee,107
recovery_rank_0.85,predicted_rank_whitened_effective,45,0.5773839959436822,0.8030344833881542,0.7608756473575954,runs/20260612_173148_stage4_hard_s107,hard_knee,107
recovery_rank_0.85,raw_gradient_effective_rank,45,0.5676400098527135,0.7908387060327939,0.769597173023148,runs/20260612_173148_stage4_hard_s107,hard_knee,107
recovery_rank_0.85,predicted_rank_raw_effective,45,0.5179536219467682,0.7609290389806833,0.8126155462667464,runs/20260612_173148_stage4_hard_s107,hard_knee,107
recovery_rank_0.85,gradient_stable_rank,45,0.4631680003116331,0.7289113190262503,0.8575509104522866,runs/20260612_173148_stage4_hard_s107,hard_knee,107
recovery_rank_0.85,whitened_gradient_stable_rank,45,0.4631680003116331,0.7289113190262503,0.8575509104522866,runs/20260612_173148_stage4_hard_s107,hard_knee,107
recovery_rank_0.85,predicted_rank_raw_detectable,45,0.3523574226553206,0.6226058723826728,0.9419078378952288,runs/20260612_173148_stage4_hard_s107,hard_knee,107
recovery_rank_0.85,raw_gradient_detectable_rank,45,0.3512867783292729,0.6008533259411775,0.9426860695039668,runs/20260612_173148_stage4_hard_s107,hard_knee,107
recovery_rank_0.85,predicted_rank_whitened_stable,45,0.3127909548039648,0.6054889410060993,0.9702533438724674,runs/20260612_173148_stage4_hard_s107,hard_knee,107
recovery_rank_0.85,raw_gradient_stable_rank,45,0.2875835735616256,0.5457265539296308,0.9878879246024488,runs/20260612_173148_stage4_hard_s107,hard_knee,107
recovery_rank_0.85,predicted_rank_raw_stable,45,0.08219821814811,0.3647709930987957,1.1212828065546767,runs/20260612_173148_stage4_hard_s107,hard_knee,107
recovery_rank_0.9,true_k_strong,40,0.6085652745769592,0.7606372707237208,0.771191374393952,runs/20260612_173148_stage4_hard_s107,hard_knee,107
recovery_rank_0.9,gradient_effective_rank,40,0.60207063864947,0.768484848964297,0.7775628099401113,runs/20260612_173148_stage4_hard_s107,hard_knee,107
recovery_rank_0.9,whitened_gradient_effective_rank,40,0.60207063864947,0.768484848964297,0.7775628099401113,runs/20260612_173148_stage4_hard_s107,hard_knee,107
recovery_rank_0.9,predicted_rank_detectable,40,0.5949932420520656,0.7572777066680656,0.7844470299880948,runs/20260612_173148_stage4_hard_s107,hard_knee,107
recovery_rank_0.9,predicted_rank_whitened_detectable,40,0.5949932420520656,0.7572777066680656,0.7844470299880948,runs/20260612_173148_stage4_hard_s107,hard_knee,107
recovery_rank_0.9,gradient_detectable_rank,40,0.5893527653211559,0.7450139821802078,0.7898905887464218,runs/20260612_173148_stage4_hard_s107,hard_knee,107
recovery_rank_0.9,whitened_gradient_detectable_rank,40,0.5893527653211559,0.7450139821802078,0.7898905887464218,runs/20260612_173148_stage4_hard_s107,hard_knee,107
recovery_rank_0.9,predicted_rank_whitened_effective,40,0.5480558586946044,0.7330019778067347,0.8286571243257886,runs/20260612_173148_stage4_hard_s107,hard_knee,107
recovery_rank_0.9,raw_gradient_effective_rank,40,0.5401865930612841,0.7119187849618834,0.835840292859534,runs/20260612_173148_stage4_hard_s107,hard_knee,107
recovery_rank_0.9,gradient_stable_rank,40,0.539575727214296,0.7097878715919296,0.8363953188915987,runs/20260612_173148_stage4_hard_s107,hard_knee,107
recovery_rank_0.9,whitened_gradient_stable_rank,40,0.539575727214296,0.7097878715919296,0.8363953188915987,runs/20260612_173148_stage4_hard_s107,hard_knee,107
recovery_rank_0.9,predicted_rank_raw_effective,40,0.5168813087365124,0.7145042361056179,0.8567604458297906,runs/20260612_173148_stage4_hard_s107,hard_knee,107
recovery_rank_0.9,raw_gradient_detectable_rank,40,0.3848518196579816,0.5601964558839249,0.966768207228162,runs/20260612_173148_stage4_hard_s107,hard_knee,107
recovery_rank_0.9,raw_gradient_stable_rank,40,0.3797018039659114,0.5586867417224685,0.9708066602569708,runs/20260612_173148_stage4_hard_s107,hard_knee,107
recovery_rank_0.9,predicted_rank_whitened_stable,40,0.3771695929969312,0.6168543446761979,0.9727861787876552,runs/20260612_173148_stage4_hard_s107,hard_knee,107
recovery_rank_0.9,predicted_rank_raw_detectable,40,0.3730326178144015,0.5602121605075187,0.9760115605402652,runs/20260612_173148_stage4_hard_s107,hard_knee,107
recovery_rank_0.9,predicted_rank_raw_stable,40,0.1814068284656521,0.4427635982783544,1.1152354011597732,runs/20260612_173148_stage4_hard_s107,hard_knee,107
recovery_rank_0.95,gradient_effective_rank,32,0.4159686643863154,0.6682375726648363,1.0219091047006932,runs/20260612_173148_stage4_hard_s107,hard_knee,107
recovery_rank_0.95,whitened_gradient_effective_rank,32,0.4159686643863154,0.6682375726648363,1.0219091047006932,runs/20260612_173148_stage4_hard_s107,hard_knee,107
recovery_rank_0.95,gradient_detectable_rank,32,0.4044206117972933,0.6676787740207406,1.03196275548593,runs/20260612_173148_stage4_hard_s107,hard_knee,107
recovery_rank_0.95,whitened_gradient_detectable_rank,32,0.4044206117972933,0.6676787740207406,1.03196275548593,runs/20260612_173148_stage4_hard_s107,hard_knee,107
recovery_rank_0.95,true_k_strong,32,0.4044206117972933,0.6676787740207406,1.03196275548593,runs/20260612_173148_stage4_hard_s107,hard_knee,107
recovery_rank_0.95,predicted_rank_raw_effective,32,0.4006033953881398,0.6099453185801508,1.0352645264335656,runs/20260612_173148_stage4_hard_s107,hard_knee,107
recovery_rank_0.95,raw_gradient_effective_rank,32,0.376973254329243,0.6087047074372951,1.0554739990261577,runs/20260612_173148_stage4_hard_s107,hard_knee,107
recovery_rank_0.95,predicted_rank_whitened_effective,32,0.3665462665752139,0.6161513320785551,1.0642695677288407,runs/20260612_173148_stage4_hard_s107,hard_knee,107
recovery_rank_0.95,predicted_rank_whitened_stable,32,0.3621891977349162,0.5734490907432745,1.0679234646339546,runs/20260612_173148_stage4_hard_s107,hard_knee,107
recovery_rank_0.95,predicted_rank_detectable,32,0.36129524042627,0.5977345210311582,1.068671604754288,runs/20260612_173148_stage4_hard_s107,hard_knee,107
recovery_rank_0.95,predicted_rank_whitened_detectable,32,0.36129524042627,0.5977345210311582,1.068671604754288,runs/20260612_173148_stage4_hard_s107,hard_knee,107
recovery_rank_0.95,gradient_stable_rank,32,0.3497680244513231,0.6222691577423045,1.0782720675188766,runs/20260612_173148_stage4_hard_s107,hard_knee,107
recovery_rank_0.95,whitened_gradient_stable_rank,32,0.3497680244513231,0.6222691577423045,1.0782720675188766,runs/20260612_173148_stage4_hard_s107,hard_knee,107
recovery_rank_0.95,raw_gradient_detectable_rank,32,0.3160730832083054,0.5799578558441786,1.1058571798351546,runs/20260612_173148_stage4_hard_s107,hard_knee,107
recovery_rank_0.95,predicted_rank_raw_detectable,32,0.2986536283407235,0.5348878042763453,1.1198515903817794,runs/20260612_173148_stage4_hard_s107,hard_knee,107
recovery_rank_0.95,predicted_rank_raw_stable,32,0.1971600218459859,0.4209516946184786,1.1981430945425509,runs/20260612_173148_stage4_hard_s107,hard_knee,107
recovery_rank_0.95,raw_gradient_stable_rank,32,0.1828314314365737,0.4125853634440348,1.2087876678785514,runs/20260612_173148_stage4_hard_s107,hard_knee,107
best_rank,gradient_detectable_rank,48,,,0.0,runs/20260612_181259_stage4_hard_s109,hard_knee,109
best_rank,predicted_rank_detectable,48,,,0.0,runs/20260612_181259_stage4_hard_s109,hard_knee,109
best_rank,gradient_effective_rank,48,,,0.0,runs/20260612_181259_stage4_hard_s109,hard_knee,109
best_rank,gradient_stable_rank,48,,,0.0,runs/20260612_181259_stage4_hard_s109,hard_knee,109
best_rank,raw_gradient_detectable_rank,48,,,0.0,runs/20260612_181259_stage4_hard_s109,hard_knee,109
best_rank,raw_gradient_effective_rank,48,,,0.0,runs/20260612_181259_stage4_hard_s109,hard_knee,109
best_rank,raw_gradient_stable_rank,48,,,0.0,runs/20260612_181259_stage4_hard_s109,hard_knee,109
best_rank,predicted_rank_raw_detectable,48,,,0.0,runs/20260612_181259_stage4_hard_s109,hard_knee,109
best_rank,predicted_rank_raw_effective,48,,,0.0,runs/20260612_181259_stage4_hard_s109,hard_knee,109
best_rank,predicted_rank_raw_stable,48,,,0.0,runs/20260612_181259_stage4_hard_s109,hard_knee,109
best_rank,whitened_gradient_detectable_rank,48,,,0.0,runs/20260612_181259_stage4_hard_s109,hard_knee,109
best_rank,whitened_gradient_effective_rank,48,,,0.0,runs/20260612_181259_stage4_hard_s109,hard_knee,109
best_rank,whitened_gradient_stable_rank,48,,,0.0,runs/20260612_181259_stage4_hard_s109,hard_knee,109
best_rank,predicted_rank_whitened_detectable,48,,,0.0,runs/20260612_181259_stage4_hard_s109,hard_knee,109
best_rank,predicted_rank_whitened_effective,48,,,0.0,runs/20260612_181259_stage4_hard_s109,hard_knee,109
best_rank,predicted_rank_whitened_stable,48,,,0.0,runs/20260612_181259_stage4_hard_s109,hard_knee,109
best_rank,true_k_strong,48,,,0.0,runs/20260612_181259_stage4_hard_s109,hard_knee,109
near_best_rank_gap_0.02,true_k_strong,48,0.4863920151735085,0.7229928291638866,1.049711490827143,runs/20260612_181259_stage4_hard_s109,hard_knee,109
near_best_rank_gap_0.02,gradient_detectable_rank,48,0.4843865134355151,0.7276552223115915,1.0517589153463471,runs/20260612_181259_stage4_hard_s109,hard_knee,109
near_best_rank_gap_0.02,whitened_gradient_detectable_rank,48,0.4843865134355151,0.7276552223115915,1.0517589153463471,runs/20260612_181259_stage4_hard_s109,hard_knee,109
near_best_rank_gap_0.02,gradient_effective_rank,48,0.4718835635392613,0.7132792614612493,1.0644344207302503,runs/20260612_181259_stage4_hard_s109,hard_knee,109
near_best_rank_gap_0.02,whitened_gradient_effective_rank,48,0.4718835635392613,0.7132792614612493,1.0644344207302503,runs/20260612_181259_stage4_hard_s109,hard_knee,109
near_best_rank_gap_0.02,predicted_rank_detectable,48,0.4532452567970516,0.6722464170855866,1.0830545906725162,runs/20260612_181259_stage4_hard_s109,hard_knee,109
near_best_rank_gap_0.02,predicted_rank_whitened_detectable,48,0.4532452567970516,0.6722464170855866,1.0830545906725162,runs/20260612_181259_stage4_hard_s109,hard_knee,109
near_best_rank_gap_0.02,predicted_rank_whitened_effective,48,0.4098504463488814,0.6684280334537842,1.1252139541336263,runs/20260612_181259_stage4_hard_s109,hard_knee,109
near_best_rank_gap_0.02,raw_gradient_effective_rank,48,0.3913090183232083,0.6555044761786293,1.142753345821975,runs/20260612_181259_stage4_hard_s109,hard_knee,109
near_best_rank_gap_0.02,gradient_stable_rank,48,0.3793373586276539,0.6262831252408878,1.1539363933009947,runs/20260612_181259_stage4_hard_s109,hard_knee,109
near_best_rank_gap_0.02,whitened_gradient_stable_rank,48,0.3793373586276539,0.6262831252408878,1.1539363933009947,runs/20260612_181259_stage4_hard_s109,hard_knee,109
near_best_rank_gap_0.02,predicted_rank_whitened_stable,48,0.3593121586081327,0.5712174156521156,1.1724040472465111,runs/20260612_181259_stage4_hard_s109,hard_knee,109
near_best_rank_gap_0.02,predicted_rank_raw_effective,48,0.3289062824431225,0.5627630968613855,1.1999016608077602,runs/20260612_181259_stage4_hard_s109,hard_knee,109
near_best_rank_gap_0.02,raw_gradient_detectable_rank,48,0.2756044111378118,0.507874249124652,1.2466426084858666,runs/20260612_181259_stage4_hard_s109,hard_knee,109
near_best_rank_gap_0.02,predicted_rank_raw_detectable,48,0.2642572085870786,0.4807673525935669,1.2563686058497272,runs/20260612_181259_stage4_hard_s109,hard_knee,109
near_best_rank_gap_0.02,raw_gradient_stable_rank,48,0.1981951815265722,0.4009725945818837,1.311560711802542,runs/20260612_181259_stage4_hard_s109,hard_knee,109
near_best_rank_gap_0.02,predicted_rank_raw_stable,48,0.0800537896728587,0.2595532817487311,1.4048672395583557,runs/20260612_181259_stage4_hard_s109,hard_knee,109
near_best_rank_gap_0.05,predicted_rank_detectable,48,0.6961540706156988,0.8406066921225371,0.7283841556904362,runs/20260612_181259_stage4_hard_s109,hard_knee,109
near_best_rank_gap_0.05,predicted_rank_whitened_detectable,48,0.6961540706156988,0.8406066921225371,0.7283841556904362,runs/20260612_181259_stage4_hard_s109,hard_knee,109
near_best_rank_gap_0.05,gradient_detectable_rank,48,0.6920465120862538,0.8419375305012455,0.7332909794460128,runs/20260612_181259_stage4_hard_s109,hard_knee,109
near_best_rank_gap_0.05,whitened_gradient_detectable_rank,48,0.6920465120862538,0.8419375305012455,0.7332909794460128,runs/20260612_181259_stage4_hard_s109,hard_knee,109
near_best_rank_gap_0.05,true_k_strong,48,0.6910973484509425,0.8372900158659197,0.7344201721278066,runs/20260612_181259_stage4_hard_s109,hard_knee,109
near_best_rank_gap_0.05,gradient_effective_rank,48,0.6803059138042131,0.8332573234304929,0.7471384381882816,runs/20260612_181259_stage4_hard_s109,hard_knee,109
near_best_rank_gap_0.05,whitened_gradient_effective_rank,48,0.6803059138042131,0.8332573234304929,0.7471384381882816,runs/20260612_181259_stage4_hard_s109,hard_knee,109
near_best_rank_gap_0.05,predicted_rank_whitened_effective,48,0.6023536931551143,0.7900124266957357,0.8332633023795282,runs/20260612_181259_stage4_hard_s109,hard_knee,109
near_best_rank_gap_0.05,raw_gradient_effective_rank,48,0.6002620235294451,0.7953465646613745,0.835451962923592,runs/20260612_181259_stage4_hard_s109,hard_knee,109
near_best_rank_gap_0.05,gradient_stable_rank,48,0.586455571658762,0.7529265966994533,0.849757225137838,runs/20260612_181259_stage4_hard_s109,hard_knee,109
near_best_rank_gap_0.05,whitened_gradient_stable_rank,48,0.586455571658762,0.7529265966994533,0.849757225137838,runs/20260612_181259_stage4_hard_s109,hard_knee,109
near_best_rank_gap_0.05,predicted_rank_whitened_stable,48,0.5413870246085011,0.7361295899752354,0.8948638164547721,runs/20260612_181259_stage4_hard_s109,hard_knee,109
near_best_rank_gap_0.05,predicted_rank_raw_effective,48,0.5128690599852166,0.7052858288379297,0.9222669297938848,runs/20260612_181259_stage4_hard_s109,hard_knee,109
near_best_rank_gap_0.05,raw_gradient_detectable_rank,48,0.4558399087799185,0.6475809652256166,0.974758705669672,runs/20260612_181259_stage4_hard_s109,hard_knee,109
near_best_rank_gap_0.05,predicted_rank_raw_detectable,48,0.4517287600472648,0.6619012455708664,0.9784339453362304,runs/20260612_181259_stage4_hard_s109,hard_knee,109
near_best_rank_gap_0.05,raw_gradient_stable_rank,48,0.3466750728704332,0.5526843069894397,1.0680667450960832,runs/20260612_181259_stage4_hard_s109,hard_knee,109
near_best_rank_gap_0.05,predicted_rank_raw_stable,48,0.1001823548211231,0.339343447349685,1.2534615935027904,runs/20260612_181259_stage4_hard_s109,hard_knee,109
near_best_rank_gap_0.1,gradient_effective_rank,48,0.6609951728606172,0.8017123884825584,0.6232519804198055,runs/20260612_181259_stage4_hard_s109,hard_knee,109
near_best_rank_gap_0.1,whitened_gradient_effective_rank,48,0.6609951728606172,0.8017123884825584,0.6232519804198055,runs/20260612_181259_stage4_hard_s109,hard_knee,109
near_best_rank_gap_0.1,predicted_rank_detectable,48,0.653501976284585,0.7827872883767419,0.6301023611344798,runs/20260612_181259_stage4_hard_s109,hard_knee,109
near_best_rank_gap_0.1,predicted_rank_whitened_detectable,48,0.653501976284585,0.7827872883767419,0.6301023611344798,runs/20260612_181259_stage4_hard_s109,hard_knee,109
near_best_rank_gap_0.1,gradient_detectable_rank,48,0.6510317622534743,0.7864522498872493,0.6323443991090305,runs/20260612_181259_stage4_hard_s109,hard_knee,109
near_best_rank_gap_0.1,whitened_gradient_detectable_rank,48,0.6510317622534743,0.7864522498872493,0.6323443991090305,runs/20260612_181259_stage4_hard_s109,hard_knee,109
near_best_rank_gap_0.1,gradient_stable_rank,48,0.6440312481778999,0.7706912133513555,0.6386555107903031,runs/20260612_181259_stage4_hard_s109,hard_knee,109
near_best_rank_gap_0.1,whitened_gradient_stable_rank,48,0.6440312481778999,0.7706912133513555,0.6386555107903031,runs/20260612_181259_stage4_hard_s109,hard_knee,109
near_best_rank_gap_0.1,raw_gradient_effective_rank,48,0.6403423084440972,0.7929467720234662,0.6419562068976917,runs/20260612_181259_stage4_hard_s109,hard_knee,109
near_best_rank_gap_0.1,true_k_strong,48,0.6336261125435428,0.7683123496929901,0.6479223817021016,runs/20260612_181259_stage4_hard_s109,hard_knee,109
near_best_rank_gap_0.1,predicted_rank_whitened_stable,48,0.5770909090909091,0.743468949415577,0.69612020034857,runs/20260612_181259_stage4_hard_s109,hard_knee,109
near_best_rank_gap_0.1,predicted_rank_whitened_effective,48,0.5614973262032086,0.7406929549756395,0.7088377673291377,runs/20260612_181259_stage4_hard_s109,hard_knee,109
near_best_rank_gap_0.1,raw_gradient_detectable_rank,48,0.5606328243360943,0.7059052599696423,0.7095361551381475,runs/20260612_181259_stage4_hard_s109,hard_knee,109
near_best_rank_gap_0.1,predicted_rank_raw_detectable,48,0.5421522110457393,0.7084078467932249,0.7243046722041472,runs/20260612_181259_stage4_hard_s109,hard_knee,109
near_best_rank_gap_0.1,predicted_rank_raw_effective,48,0.5178525097295679,0.6988254268197375,0.7432769779394961,runs/20260612_181259_stage4_hard_s109,hard_knee,109
near_best_rank_gap_0.1,raw_gradient_stable_rank,48,0.431624081633401,0.5750016718814913,0.8070093389350551,runs/20260612_181259_stage4_hard_s109,hard_knee,109
near_best_rank_gap_0.1,predicted_rank_raw_stable,48,0.1031321619556913,0.3209427567262085,1.0137361907447966,runs/20260612_181259_stage4_hard_s109,hard_knee,109
near_best_rank_gap_0.2,predicted_rank_whitened_stable,48,0.7772323759791122,0.9196030474217552,0.3848701079585163,runs/20260612_181259_stage4_hard_s109,hard_knee,109
near_best_rank_gap_0.2,gradient_stable_rank,48,0.7647214887999637,0.8366624114234371,0.3955298612779117,runs/20260612_181259_stage4_hard_s109,hard_knee,109
near_best_rank_gap_0.2,whitened_gradient_stable_rank,48,0.7647214887999637,0.8366624114234371,0.3955298612779117,runs/20260612_181259_stage4_hard_s109,hard_knee,109
near_best_rank_gap_0.2,raw_gradient_effective_rank,48,0.754501323952483,0.8322160212830115,0.4040291710414346,runs/20260612_181259_stage4_hard_s109,hard_knee,109
near_best_rank_gap_0.2,gradient_effective_rank,48,0.7456438231678444,0.8299928262127985,0.411253199343169,runs/20260612_181259_stage4_hard_s109,hard_knee,109
near_best_rank_gap_0.2,whitened_gradient_effective_rank,48,0.7456438231678444,0.8299928262127985,0.411253199343169,runs/20260612_181259_stage4_hard_s109,hard_knee,109
near_best_rank_gap_0.2,gradient_detectable_rank,48,0.7268825329345963,0.8376692175392897,0.4261503832072957,runs/20260612_181259_stage4_hard_s109,hard_knee,109
near_best_rank_gap_0.2,whitened_gradient_detectable_rank,48,0.7268825329345963,0.8376692175392897,0.4261503832072957,runs/20260612_181259_stage4_hard_s109,hard_knee,109
near_best_rank_gap_0.2,raw_gradient_detectable_rank,48,0.7038159152220166,0.7965461751588903,0.4437813065442688,runs/20260612_181259_stage4_hard_s109,hard_knee,109
near_best_rank_gap_0.2,true_k_strong,48,0.6984601273673329,0.8078507268650478,0.4477756972322089,runs/20260612_181259_stage4_hard_s109,hard_knee,109
near_best_rank_gap_0.2,predicted_rank_detectable,48,0.6871199909183789,0.7949484047242491,0.4561178337456995,runs/20260612_181259_stage4_hard_s109,hard_knee,109
near_best_rank_gap_0.2,predicted_rank_whitened_detectable,48,0.6871199909183789,0.7949484047242491,0.4561178337456995,runs/20260612_181259_stage4_hard_s109,hard_knee,109
near_best_rank_gap_0.2,predicted_rank_raw_detectable,48,0.6639212458505263,0.7876136689460617,0.4727251132603688,runs/20260612_181259_stage4_hard_s109,hard_knee,109
near_best_rank_gap_0.2,predicted_rank_raw_effective,48,0.6466511709222642,0.8104388774275016,0.4847189218748984,runs/20260612_181259_stage4_hard_s109,hard_knee,109
near_best_rank_gap_0.2,predicted_rank_whitened_effective,48,0.5687298418061741,0.699967729774768,0.5355041604715625,runs/20260612_181259_stage4_hard_s109,hard_knee,109
near_best_rank_gap_0.2,raw_gradient_stable_rank,48,0.5671402867152984,0.6788155614383246,0.5364901207217289,runs/20260612_181259_stage4_hard_s109,hard_knee,109
near_best_rank_gap_0.2,predicted_rank_raw_stable,48,0.1980165434319941,0.4705536923850522,0.7302487968645541,runs/20260612_181259_stage4_hard_s109,hard_knee,109
near_best_rank_gap_0.5,gradient_stable_rank,48,0.6010096479347804,0.7949729941586682,0.3759110041261078,runs/20260612_181259_stage4_hard_s109,hard_knee,109
near_best_rank_gap_0.5,whitened_gradient_stable_rank,48,0.6010096479347804,0.7949729941586682,0.3759110041261078,runs/20260612_181259_stage4_hard_s109,hard_knee,109
near_best_rank_gap_0.5,predicted_rank_whitened_stable,48,0.5964705882352941,0.8047844203180652,0.3780432074071251,runs/20260612_181259_stage4_hard_s109,hard_knee,109
near_best_rank_gap_0.5,gradient_effective_rank,48,0.5731192958371674,0.7661642258605097,0.3888276174060555,runs/20260612_181259_stage4_hard_s109,hard_knee,109
near_best_rank_gap_0.5,whitened_gradient_effective_rank,48,0.5731192958371674,0.7661642258605097,0.3888276174060555,runs/20260612_181259_stage4_hard_s109,hard_knee,109
near_best_rank_gap_0.5,predicted_rank_detectable,48,0.5674680306905371,0.7557028910503506,0.3913929046330572,runs/20260612_181259_stage4_hard_s109,hard_knee,109
near_best_rank_gap_0.5,predicted_rank_whitened_detectable,48,0.5674680306905371,0.7557028910503506,0.3913929046330572,runs/20260612_181259_stage4_hard_s109,hard_knee,109
near_best_rank_gap_0.5,raw_gradient_effective_rank,48,0.5627509961281711,0.756230167826662,0.3935213109916743,runs/20260612_181259_stage4_hard_s109,hard_knee,109
near_best_rank_gap_0.5,gradient_detectable_rank,48,0.5605746545375504,0.747136492076507,0.3944994421431851,runs/20260612_181259_stage4_hard_s109,hard_knee,109
near_best_rank_gap_0.5,whitened_gradient_detectable_rank,48,0.5605746545375504,0.747136492076507,0.3944994421431851,runs/20260612_181259_stage4_hard_s109,hard_knee,109
near_best_rank_gap_0.5,true_k_strong,48,0.5346482371030439,0.724255201015106,0.4059705441194865,runs/20260612_181259_stage4_hard_s109,hard_knee,109
near_best_rank_gap_0.5,raw_gradient_detectable_rank,48,0.4898727438430402,0.6967688265799475,0.4250530200915213,runs/20260612_181259_stage4_hard_s109,hard_knee,109
near_best_rank_gap_0.5,predicted_rank_raw_detectable,48,0.4513078717917229,0.672692431083397,0.4408270205803686,runs/20260612_181259_stage4_hard_s109,hard_knee,109
near_best_rank_gap_0.5,predicted_rank_whitened_effective,48,0.4285714285714285,0.6571470397424245,0.4498677054212187,runs/20260612_181259_stage4_hard_s109,hard_knee,109
near_best_rank_gap_0.5,predicted_rank_raw_effective,48,0.427907277071092,0.6591143155546518,0.4501290622743528,runs/20260612_181259_stage4_hard_s109,hard_knee,109
near_best_rank_gap_0.5,raw_gradient_stable_rank,48,0.3831813219848076,0.6151665437460235,0.4673934264946188,runs/20260612_181259_stage4_hard_s109,hard_knee,109
near_best_rank_gap_0.5,predicted_rank_raw_stable,48,0.1794364804745428,0.4163163793692154,0.5390883475819148,runs/20260612_181259_stage4_hard_s109,hard_knee,109
penalized_rank_lambda_0.03,gradient_effective_rank,48,0.3810963455761126,0.6147599734095105,1.0235347445855307,runs/20260612_181259_stage4_hard_s109,hard_knee,109
penalized_rank_lambda_0.03,whitened_gradient_effective_rank,48,0.3810963455761126,0.6147599734095105,1.0235347445855307,runs/20260612_181259_stage4_hard_s109,hard_knee,109
penalized_rank_lambda_0.03,true_k_strong,48,0.3761919819753857,0.6222307230759467,1.0275821283529676,runs/20260612_181259_stage4_hard_s109,hard_knee,109
penalized_rank_lambda_0.03,gradient_detectable_rank,48,0.3748983481114292,0.626426294764027,1.0286470606248852,runs/20260612_181259_stage4_hard_s109,hard_knee,109
penalized_rank_lambda_0.03,whitened_gradient_detectable_rank,48,0.3748983481114292,0.626426294764027,1.0286470606248852,runs/20260612_181259_stage4_hard_s109,hard_knee,109
penalized_rank_lambda_0.03,predicted_rank_detectable,48,0.3469003344481605,0.5690721534202351,1.0514310468959966,runs/20260612_181259_stage4_hard_s109,hard_knee,109
penalized_rank_lambda_0.03,predicted_rank_whitened_detectable,48,0.3469003344481605,0.5690721534202351,1.0514310468959966,runs/20260612_181259_stage4_hard_s109,hard_knee,109
penalized_rank_lambda_0.03,raw_gradient_effective_rank,48,0.3336703441853118,0.5870255965269261,1.0620271941643746,runs/20260612_181259_stage4_hard_s109,hard_knee,109
penalized_rank_lambda_0.03,predicted_rank_whitened_stable,48,0.3256615384615385,0.55705218174709,1.068390534090102,runs/20260612_181259_stage4_hard_s109,hard_knee,109
penalized_rank_lambda_0.03,gradient_stable_rank,48,0.324148153995241,0.576470813421813,1.0695887302281062,runs/20260612_181259_stage4_hard_s109,hard_knee,109
penalized_rank_lambda_0.03,whitened_gradient_stable_rank,48,0.324148153995241,0.576470813421813,1.0695887302281062,runs/20260612_181259_stage4_hard_s109,hard_knee,109
penalized_rank_lambda_0.03,predicted_rank_whitened_effective,48,0.3078733031674208,0.5554183780643789,1.0823902380615693,runs/20260612_181259_stage4_hard_s109,hard_knee,109
penalized_rank_lambda_0.03,predicted_rank_raw_effective,48,0.2758591573081145,0.5258342072460603,1.1071401171177824,runs/20260612_181259_stage4_hard_s109,hard_knee,109
penalized_rank_lambda_0.03,raw_gradient_detectable_rank,48,0.2437131062778934,0.4665757475206945,1.1314473595329968,runs/20260612_181259_stage4_hard_s109,hard_knee,109
penalized_rank_lambda_0.03,predicted_rank_raw_detectable,48,0.237436968042396,0.4603587877391979,1.1361323861621802,runs/20260612_181259_stage4_hard_s109,hard_knee,109
penalized_rank_lambda_0.03,raw_gradient_stable_rank,48,0.1746351184939193,0.3923235337155852,1.181990699187613,runs/20260612_181259_stage4_hard_s109,hard_knee,109
penalized_rank_lambda_0.03,predicted_rank_raw_stable,48,0.0652359405300581,0.2361373348747177,1.2578882753111529,runs/20260612_181259_stage4_hard_s109,hard_knee,109
penalized_rank_lambda_0.05,gradient_effective_rank,48,0.58492288344495,0.7637069642223802,0.869753320615471,runs/20260612_181259_stage4_hard_s109,hard_knee,109
penalized_rank_lambda_0.05,whitened_gradient_effective_rank,48,0.58492288344495,0.7637069642223802,0.869753320615471,runs/20260612_181259_stage4_hard_s109,hard_knee,109
penalized_rank_lambda_0.05,true_k_strong,48,0.5833976544871702,0.7738278231410316,0.8713498390529046,runs/20260612_181259_stage4_hard_s109,hard_knee,109
penalized_rank_lambda_0.05,gradient_detectable_rank,48,0.5788868971341694,0.7739190601120883,0.8760544041220311,runs/20260612_181259_stage4_hard_s109,hard_knee,109
penalized_rank_lambda_0.05,whitened_gradient_detectable_rank,48,0.5788868971341694,0.7739190601120883,0.8760544041220311,runs/20260612_181259_stage4_hard_s109,hard_knee,109
penalized_rank_lambda_0.05,predicted_rank_detectable,48,0.537320894208766,0.7258233749682571,0.9182726379900248,runs/20260612_181259_stage4_hard_s109,hard_knee,109
penalized_rank_lambda_0.05,predicted_rank_whitened_detectable,48,0.537320894208766,0.7258233749682571,0.9182726379900248,runs/20260612_181259_stage4_hard_s109,hard_knee,109
penalized_rank_lambda_0.05,raw_gradient_effective_rank,48,0.5069601915635609,0.7003662073325713,0.9479221967843742,runs/20260612_181259_stage4_hard_s109,hard_knee,109
penalized_rank_lambda_0.05,gradient_stable_rank,48,0.4915791934298744,0.6614044060822494,0.9625944593773328,runs/20260612_181259_stage4_hard_s109,hard_knee,109
penalized_rank_lambda_0.05,whitened_gradient_stable_rank,48,0.4915791934298744,0.6614044060822494,0.9625944593773328,runs/20260612_181259_stage4_hard_s109,hard_knee,109
penalized_rank_lambda_0.05,predicted_rank_whitened_effective,48,0.4903628514992565,0.6894022756654746,0.963745223217964,runs/20260612_181259_stage4_hard_s109,hard_knee,109
penalized_rank_lambda_0.05,predicted_rank_whitened_stable,48,0.4344081924267681,0.6502835912603065,1.0152739778010664,runs/20260612_181259_stage4_hard_s109,hard_knee,109
penalized_rank_lambda_0.05,predicted_rank_raw_effective,48,0.4156865010722065,0.6394239294258601,1.031940505777501,runs/20260612_181259_stage4_hard_s109,hard_knee,109
penalized_rank_lambda_0.05,raw_gradient_detectable_rank,48,0.3834166955920874,0.5673885433363169,1.0600530023126973,runs/20260612_181259_stage4_hard_s109,hard_knee,109
penalized_rank_lambda_0.05,predicted_rank_raw_detectable,48,0.3668638670803913,0.5628098660827142,1.0741878840776573,runs/20260612_181259_stage4_hard_s109,hard_knee,109
penalized_rank_lambda_0.05,raw_gradient_stable_rank,48,0.2838769436209062,0.4477267560822699,1.1424192914858131,runs/20260612_181259_stage4_hard_s109,hard_knee,109
penalized_rank_lambda_0.05,predicted_rank_raw_stable,48,0.0977443609022554,0.3087496554135233,1.2823202556675295,runs/20260612_181259_stage4_hard_s109,hard_knee,109
penalized_rank_lambda_0.08,true_k_strong,48,0.5630161701058733,0.755842993406739,0.8261946326919336,runs/20260612_181259_stage4_hard_s109,hard_knee,109
penalized_rank_lambda_0.08,gradient_effective_rank,48,0.5483304565798005,0.7312551573247406,0.8399628708852797,runs/20260612_181259_stage4_hard_s109,hard_knee,109
penalized_rank_lambda_0.08,whitened_gradient_effective_rank,48,0.5483304565798005,0.7312551573247406,0.8399628708852797,runs/20260612_181259_stage4_hard_s109,hard_knee,109
penalized_rank_lambda_0.08,gradient_detectable_rank,48,0.547422202540393,0.7425457295973832,0.8408069797491771,runs/20260612_181259_stage4_hard_s109,hard_knee,109
penalized_rank_lambda_0.08,whitened_gradient_detectable_rank,48,0.547422202540393,0.7425457295973832,0.8408069797491771,runs/20260612_181259_stage4_hard_s109,hard_knee,109
penalized_rank_lambda_0.08,predicted_rank_detectable,48,0.5378426374476002,0.7266217204257222,0.8496589256019573,runs/20260612_181259_stage4_hard_s109,hard_knee,109
penalized_rank_lambda_0.08,predicted_rank_whitened_detectable,48,0.5378426374476002,0.7266217204257222,0.8496589256019573,runs/20260612_181259_stage4_hard_s109,hard_knee,109
penalized_rank_lambda_0.08,predicted_rank_whitened_effective,48,0.4582248570447905,0.6716854418865416,0.9199394085515428,runs/20260612_181259_stage4_hard_s109,hard_knee,109
penalized_rank_lambda_0.08,raw_gradient_effective_rank,48,0.4526907968855492,0.6676165586770193,0.9246259148807932,runs/20260612_181259_stage4_hard_s109,hard_knee,109
penalized_rank_lambda_0.08,gradient_stable_rank,48,0.4345000267866865,0.6265738677429823,0.9398660891047698,runs/20260612_181259_stage4_hard_s109,hard_knee,109
penalized_rank_lambda_0.08,whitened_gradient_stable_rank,48,0.4345000267866865,0.6265738677429823,0.9398660891047698,runs/20260612_181259_stage4_hard_s109,hard_knee,109
penalized_rank_lambda_0.08,predicted_rank_whitened_stable,48,0.3931981105862738,0.6253474161623958,0.9735833725641238,runs/20260612_181259_stage4_hard_s109,hard_knee,109
penalized_rank_lambda_0.08,predicted_rank_raw_effective,48,0.3724125710001771,0.6098457158368887,0.9901176533296704,runs/20260612_181259_stage4_hard_s109,hard_knee,109
penalized_rank_lambda_0.08,raw_gradient_detectable_rank,48,0.3304776941649904,0.5282660691276112,1.0226622177379137,runs/20260612_181259_stage4_hard_s109,hard_knee,109
penalized_rank_lambda_0.08,predicted_rank_raw_detectable,48,0.327161743490566,0.5387062681831593,1.0251915651734138,runs/20260612_181259_stage4_hard_s109,hard_knee,109
penalized_rank_lambda_0.08,raw_gradient_stable_rank,48,0.2211442894169777,0.4241078063183819,1.1030068008732758,runs/20260612_181259_stage4_hard_s109,hard_knee,109
penalized_rank_lambda_0.08,predicted_rank_raw_stable,48,0.0799124873622691,0.2905144739091346,1.1988483619532468,runs/20260612_181259_stage4_hard_s109,hard_knee,109
penalized_rank_lambda_0.1,gradient_effective_rank,48,0.6078393350458593,0.7329726370675493,0.7665247308100654,runs/20260612_181259_stage4_hard_s109,hard_knee,109
penalized_rank_lambda_0.1,whitened_gradient_effective_rank,48,0.6078393350458593,0.7329726370675493,0.7665247308100654,runs/20260612_181259_stage4_hard_s109,hard_knee,109
penalized_rank_lambda_0.1,predicted_rank_detectable,48,0.598569197440677,0.7303431118695913,0.7755316082290385,runs/20260612_181259_stage4_hard_s109,hard_knee,109
penalized_rank_lambda_0.1,predicted_rank_whitened_detectable,48,0.598569197440677,0.7303431118695913,0.7755316082290385,runs/20260612_181259_stage4_hard_s109,hard_knee,109
penalized_rank_lambda_0.1,true_k_strong,48,0.597563504546478,0.7253456620666024,0.7765024589201309,runs/20260612_181259_stage4_hard_s109,hard_knee,109
penalized_rank_lambda_0.1,gradient_detectable_rank,48,0.5975302613536735,0.7268288891997708,0.7765345296793568,runs/20260612_181259_stage4_hard_s109,hard_knee,109
penalized_rank_lambda_0.1,whitened_gradient_detectable_rank,48,0.5975302613536735,0.7268288891997708,0.7765345296793568,runs/20260612_181259_stage4_hard_s109,hard_knee,109
penalized_rank_lambda_0.1,gradient_stable_rank,48,0.5474703672135319,0.6710676825880553,0.8234129021676272,runs/20260612_181259_stage4_hard_s109,hard_knee,109
penalized_rank_lambda_0.1,whitened_gradient_stable_rank,48,0.5474703672135319,0.6710676825880553,0.8234129021676272,runs/20260612_181259_stage4_hard_s109,hard_knee,109
penalized_rank_lambda_0.1,raw_gradient_effective_rank,48,0.5432363444781724,0.6998293311302523,0.8272560007792257,runs/20260612_181259_stage4_hard_s109,hard_knee,109
penalized_rank_lambda_0.1,predicted_rank_whitened_stable,48,0.4939976825028968,0.6955160905579794,0.8707037383634,runs/20260612_181259_stage4_hard_s109,hard_knee,109
penalized_rank_lambda_0.1,predicted_rank_whitened_effective,48,0.4929550035541447,0.6682390466735484,0.8716003718543378,runs/20260612_181259_stage4_hard_s109,hard_knee,109
penalized_rank_lambda_0.1,predicted_rank_raw_effective,48,0.4503029154418825,0.6560762938047298,0.9075193064728316,runs/20260612_181259_stage4_hard_s109,hard_knee,109
penalized_rank_lambda_0.1,raw_gradient_detectable_rank,48,0.4493525719773212,0.6053843274980719,0.9083034497985368,runs/20260612_181259_stage4_hard_s109,hard_knee,109
penalized_rank_lambda_0.1,predicted_rank_raw_detectable,48,0.4287635741707931,0.6112002320064138,0.9251285904337064,runs/20260612_181259_stage4_hard_s109,hard_knee,109
penalized_rank_lambda_0.1,raw_gradient_stable_rank,48,0.3341935074098183,0.5072611061250745,0.9987761635299656,runs/20260612_181259_stage4_hard_s109,hard_knee,109
penalized_rank_lambda_0.1,predicted_rank_raw_stable,48,0.0878798796459485,0.3064721055103241,1.169015243123657,runs/20260612_181259_stage4_hard_s109,hard_knee,109
penalized_rank_lambda_0.15,predicted_rank_detectable,48,0.656089560010414,0.7896541229972044,0.631538264644467,runs/20260612_181259_stage4_hard_s109,hard_knee,109
penalized_rank_lambda_0.15,predicted_rank_whitened_detectable,48,0.656089560010414,0.7896541229972044,0.631538264644467,runs/20260612_181259_stage4_hard_s109,hard_knee,109
penalized_rank_lambda_0.15,gradient_effective_rank,48,0.6418301201534359,0.7776496749008464,0.6444979200809913,runs/20260612_181259_stage4_hard_s109,hard_knee,109
penalized_rank_lambda_0.15,whitened_gradient_effective_rank,48,0.6418301201534359,0.7776496749008464,0.6444979200809913,runs/20260612_181259_stage4_hard_s109,hard_knee,109
penalized_rank_lambda_0.15,gradient_detectable_rank,48,0.6323989323842365,0.7699157781244531,0.6529281178097743,runs/20260612_181259_stage4_hard_s109,hard_knee,109
penalized_rank_lambda_0.15,whitened_gradient_detectable_rank,48,0.6323989323842365,0.7699157781244531,0.6529281178097743,runs/20260612_181259_stage4_hard_s109,hard_knee,109
penalized_rank_lambda_0.15,true_k_strong,48,0.6303354544270086,0.7641354964227185,0.6547581143206074,runs/20260612_181259_stage4_hard_s109,hard_knee,109
penalized_rank_lambda_0.15,raw_gradient_effective_rank,48,0.6020370514378757,0.7521464170372604,0.679357398626507,runs/20260612_181259_stage4_hard_s109,hard_knee,109
penalized_rank_lambda_0.15,gradient_stable_rank,48,0.5861096303405001,0.7137488945715031,0.6928187780782881,runs/20260612_181259_stage4_hard_s109,hard_knee,109
penalized_rank_lambda_0.15,whitened_gradient_stable_rank,48,0.5861096303405001,0.7137488945715031,0.6928187780782881,runs/20260612_181259_stage4_hard_s109,hard_knee,109
penalized_rank_lambda_0.15,predicted_rank_whitened_effective,48,0.5547728073265235,0.7372818560947382,0.7185679294826939,runs/20260612_181259_stage4_hard_s109,hard_knee,109
penalized_rank_lambda_0.15,predicted_rank_whitened_stable,48,0.5537724550898204,0.7469581857184241,0.7193747284969079,runs/20260612_181259_stage4_hard_s109,hard_knee,109
penalized_rank_lambda_0.15,raw_gradient_detectable_rank,48,0.4956121658981737,0.6476766632349631,0.7648200963798112,runs/20260612_181259_stage4_hard_s109,hard_knee,109
penalized_rank_lambda_0.15,predicted_rank_raw_detectable,48,0.4950558173840211,0.6718438542120261,0.7652417850337151,runs/20260612_181259_stage4_hard_s109,hard_knee,109
penalized_rank_lambda_0.15,predicted_rank_raw_effective,48,0.4409249557964204,0.6592301625342615,0.8052153455149513,runs/20260612_181259_stage4_hard_s109,hard_knee,109
penalized_rank_lambda_0.15,raw_gradient_stable_rank,48,0.4038918668044203,0.5694586504171201,0.8314564624286217,runs/20260612_181259_stage4_hard_s109,hard_knee,109
penalized_rank_lambda_0.15,predicted_rank_raw_stable,48,0.1413475569868667,0.3843036591306677,0.997896948250535,runs/20260612_181259_stage4_hard_s109,hard_knee,109
penalized_rank_lambda_0.2,predicted_rank_detectable,48,0.6559066808059384,0.7957488220796818,0.621096505838841,runs/20260612_181259_stage4_hard_s109,hard_knee,109
penalized_rank_lambda_0.2,predicted_rank_whitened_detectable,48,0.6559066808059384,0.7957488220796818,0.621096505838841,runs/20260612_181259_stage4_hard_s109,hard_knee,109
penalized_rank_lambda_0.2,gradient_effective_rank,48,0.6441209540857595,0.787475728875986,0.6316437082172338,runs/20260612_181259_stage4_hard_s109,hard_knee,109
penalized_rank_lambda_0.2,whitened_gradient_effective_rank,48,0.6441209540857595,0.787475728875986,0.6316437082172338,runs/20260612_181259_stage4_hard_s109,hard_knee,109
penalized_rank_lambda_0.2,gradient_detectable_rank,48,0.6370413197918667,0.7821930594718772,0.6378955305452351,runs/20260612_181259_stage4_hard_s109,hard_knee,109
penalized_rank_lambda_0.2,whitened_gradient_detectable_rank,48,0.6370413197918667,0.7821930594718772,0.6378955305452351,runs/20260612_181259_stage4_hard_s109,hard_knee,109
penalized_rank_lambda_0.2,true_k_strong,48,0.6236846386634514,0.767277490759293,0.6495265965481293,runs/20260612_181259_stage4_hard_s109,hard_knee,109
penalized_rank_lambda_0.2,predicted_rank_whitened_stable,48,0.6157491289198607,0.774537856534502,0.6563392796412538,runs/20260612_181259_stage4_hard_s109,hard_knee,109
penalized_rank_lambda_0.2,raw_gradient_effective_rank,48,0.6121605320695359,0.7744084460387427,0.6593969999174767,runs/20260612_181259_stage4_hard_s109,hard_knee,109
penalized_rank_lambda_0.2,gradient_stable_rank,48,0.605077732218614,0.741052487217358,0.6653907770216975,runs/20260612_181259_stage4_hard_s109,hard_knee,109
penalized_rank_lambda_0.2,whitened_gradient_stable_rank,48,0.605077732218614,0.741052487217358,0.6653907770216975,runs/20260612_181259_stage4_hard_s109,hard_knee,109
penalized_rank_lambda_0.2,predicted_rank_whitened_effective,48,0.5389114995591733,0.7418467466691265,0.7189738771618083,runs/20260612_181259_stage4_hard_s109,hard_knee,109
penalized_rank_lambda_0.2,predicted_rank_raw_detectable,48,0.5108275806885716,0.6927211452130453,0.7405458405543992,runs/20260612_181259_stage4_hard_s109,hard_knee,109
penalized_rank_lambda_0.2,raw_gradient_detectable_rank,48,0.5027606779195541,0.6700911659393629,0.7466270127973035,runs/20260612_181259_stage4_hard_s109,hard_knee,109
penalized_rank_lambda_0.2,predicted_rank_raw_effective,48,0.4499745656073466,0.6632317723261887,0.7852579683382008,runs/20260612_181259_stage4_hard_s109,hard_knee,109
penalized_rank_lambda_0.2,raw_gradient_stable_rank,48,0.3995089031102125,0.5600018447487088,0.820491813276516,runs/20260612_181259_stage4_hard_s109,hard_knee,109
penalized_rank_lambda_0.2,predicted_rank_raw_stable,48,0.116212338593974,0.3353866565175522,0.995393803240412,runs/20260612_181259_stage4_hard_s109,hard_knee,109
penalized_rank_lambda_0.3,raw_gradient_effective_rank,48,0.6196009414009424,0.8101764398076933,0.5971801381799436,runs/20260612_181259_stage4_hard_s109,hard_knee,109
penalized_rank_lambda_0.3,predicted_rank_detectable,48,0.6178550724637681,0.7679114042248821,0.598548970064453,runs/20260612_181259_stage4_hard_s109,hard_knee,109
penalized_rank_lambda_0.3,predicted_rank_whitened_detectable,48,0.6178550724637681,0.7679114042248821,0.598548970064453,runs/20260612_181259_stage4_hard_s109,hard_knee,109
penalized_rank_lambda_0.3,gradient_effective_rank,48,0.6145682056050381,0.7824464989129634,0.6011175486086534,runs/20260612_181259_stage4_hard_s109,hard_knee,109
penalized_rank_lambda_0.3,whitened_gradient_effective_rank,48,0.6145682056050381,0.7824464989129634,0.6011175486086534,runs/20260612_181259_stage4_hard_s109,hard_knee,109
penalized_rank_lambda_0.3,gradient_stable_rank,48,0.6039461027961747,0.7836596838271077,0.6093443432317939,runs/20260612_181259_stage4_hard_s109,hard_knee,109
penalized_rank_lambda_0.3,whitened_gradient_stable_rank,48,0.6039461027961747,0.7836596838271077,0.6093443432317939,runs/20260612_181259_stage4_hard_s109,hard_knee,109
penalized_rank_lambda_0.3,gradient_detectable_rank,48,0.6023201284790222,0.7614525518691642,0.6105938744787052,runs/20260612_181259_stage4_hard_s109,hard_knee,109
penalized_rank_lambda_0.3,whitened_gradient_detectable_rank,48,0.6023201284790222,0.7614525518691642,0.6105938744787052,runs/20260612_181259_stage4_hard_s109,hard_knee,109
penalized_rank_lambda_0.3,true_k_strong,48,0.5814724027537398,0.7403746450448032,0.6263941430268717,runs/20260612_181259_stage4_hard_s109,hard_knee,109
penalized_rank_lambda_0.3,predicted_rank_whitened_stable,48,0.5333333333333333,0.7175288740747604,0.6614378277661477,runs/20260612_181259_stage4_hard_s109,hard_knee,109
penalized_rank_lambda_0.3,raw_gradient_detectable_rank,48,0.5253956771678743,0.7133942534275711,0.6670393936306295,runs/20260612_181259_stage4_hard_s109,hard_knee,109
penalized_rank_lambda_0.3,predicted_rank_raw_detectable,48,0.5178844815588031,0.7073231445051321,0.6722970314813401,runs/20260612_181259_stage4_hard_s109,hard_knee,109
penalized_rank_lambda_0.3,predicted_rank_whitened_effective,48,0.4930594460006224,0.7145033806100674,0.6893886925199865,runs/20260612_181259_stage4_hard_s109,hard_knee,109
penalized_rank_lambda_0.3,raw_gradient_stable_rank,48,0.4432750103764518,0.6203418860991878,0.7224470068953683,runs/20260612_181259_stage4_hard_s109,hard_knee,109
penalized_rank_lambda_0.3,predicted_rank_raw_effective,48,0.4338821807537505,0.6470544302843683,0.7285159267602589,runs/20260612_181259_stage4_hard_s109,hard_knee,109
penalized_rank_lambda_0.3,predicted_rank_raw_stable,48,0.1619047619047618,0.4173017053474234,0.8864052604279183,runs/20260612_181259_stage4_hard_s109,hard_knee,109
penalized_rank_lambda_0.5,predicted_rank_detectable,48,0.6486356821589205,0.7829135329275665,0.5320183063211918,runs/20260612_181259_stage4_hard_s109,hard_knee,109
penalized_rank_lambda_0.5,predicted_rank_whitened_detectable,48,0.6486356821589205,0.7829135329275665,0.5320183063211918,runs/20260612_181259_stage4_hard_s109,hard_knee,109
penalized_rank_lambda_0.5,gradient_detectable_rank,48,0.6302118249021741,0.7720326706365275,0.545788346182661,runs/20260612_181259_stage4_hard_s109,hard_knee,109
penalized_rank_lambda_0.5,whitened_gradient_detectable_rank,48,0.6302118249021741,0.7720326706365275,0.545788346182661,runs/20260612_181259_stage4_hard_s109,hard_knee,109
penalized_rank_lambda_0.5,gradient_effective_rank,48,0.6254162565500546,0.7714180902757217,0.54931595239616,runs/20260612_181259_stage4_hard_s109,hard_knee,109
penalized_rank_lambda_0.5,whitened_gradient_effective_rank,48,0.6254162565500546,0.7714180902757217,0.54931595239616,runs/20260612_181259_stage4_hard_s109,hard_knee,109
penalized_rank_lambda_0.5,raw_gradient_effective_rank,48,0.6081063570061316,0.7973882343173109,0.5618648425561223,runs/20260612_181259_stage4_hard_s109,hard_knee,109
penalized_rank_lambda_0.5,true_k_strong,48,0.6047908924392618,0.745836454154929,0.5642365569525832,runs/20260612_181259_stage4_hard_s109,hard_knee,109
penalized_rank_lambda_0.5,gradient_stable_rank,48,0.5762443986274911,0.7490581456300486,0.5842590854093841,runs/20260612_181259_stage4_hard_s109,hard_knee,109
penalized_rank_lambda_0.5,whitened_gradient_stable_rank,48,0.5762443986274911,0.7490581456300486,0.5842590854093841,runs/20260612_181259_stage4_hard_s109,hard_knee,109
penalized_rank_lambda_0.5,predicted_rank_whitened_effective,48,0.5357867284844973,0.7404852688446304,0.6115141697719954,runs/20260612_181259_stage4_hard_s109,hard_knee,109
penalized_rank_lambda_0.5,predicted_rank_whitened_stable,48,0.521551724137931,0.7079751613630532,0.6208193510729725,runs/20260612_181259_stage4_hard_s109,hard_knee,109
penalized_rank_lambda_0.5,predicted_rank_raw_detectable,48,0.5201209416168743,0.7038590922170325,0.6217469271940921,runs/20260612_181259_stage4_hard_s109,hard_knee,109
penalized_rank_lambda_0.5,raw_gradient_detectable_rank,48,0.5191503197383921,0.7114754507489702,0.6223753942130511,runs/20260612_181259_stage4_hard_s109,hard_knee,109
penalized_rank_lambda_0.5,raw_gradient_stable_rank,48,0.4070146558086084,0.5935866555156029,0.6911458879110826,runs/20260612_181259_stage4_hard_s109,hard_knee,109
penalized_rank_lambda_0.5,predicted_rank_raw_effective,48,0.4015670540141564,0.6101562038594397,0.6943133185143247,runs/20260612_181259_stage4_hard_s109,hard_knee,109
penalized_rank_lambda_0.5,predicted_rank_raw_stable,48,0.1958852506519848,0.4685301397508093,0.8048348300374784,runs/20260612_181259_stage4_hard_s109,hard_knee,109
recovery_rank_0.5,gradient_stable_rank,48,0.74677545363935,0.8821402318096896,0.369761639433851,runs/20260612_181259_stage4_hard_s109,hard_knee,109
recovery_rank_0.5,whitened_gradient_stable_rank,48,0.74677545363935,0.8821402318096896,0.369761639433851,runs/20260612_181259_stage4_hard_s109,hard_knee,109
recovery_rank_0.5,gradient_effective_rank,48,0.7464425892919222,0.8896159964860431,0.3700045859564995,runs/20260612_181259_stage4_hard_s109,hard_knee,109
recovery_rank_0.5,whitened_gradient_effective_rank,48,0.7464425892919222,0.8896159964860431,0.3700045859564995,runs/20260612_181259_stage4_hard_s109,hard_knee,109
recovery_rank_0.5,predicted_rank_raw_effective,48,0.7371462051877552,0.857459754828788,0.3767264199161791,runs/20260612_181259_stage4_hard_s109,hard_knee,109
recovery_rank_0.5,raw_gradient_effective_rank,48,0.7360762593036887,0.8753653200717446,0.3774923733513827,runs/20260612_181259_stage4_hard_s109,hard_knee,109
recovery_rank_0.5,gradient_detectable_rank,48,0.707963574667123,0.8538870623462547,0.3970886417066582,runs/20260612_181259_stage4_hard_s109,hard_knee,109
recovery_rank_0.5,whitened_gradient_detectable_rank,48,0.707963574667123,0.8538870623462547,0.3970886417066582,runs/20260612_181259_stage4_hard_s109,hard_knee,109
recovery_rank_0.5,true_k_strong,48,0.6982782635838902,0.8414900627352115,0.4036196040411529,runs/20260612_181259_stage4_hard_s109,hard_knee,109
recovery_rank_0.5,predicted_rank_detectable,48,0.6733342653432126,0.8200915881930226,0.419972393847742,runs/20260612_181259_stage4_hard_s109,hard_knee,109
recovery_rank_0.5,predicted_rank_whitened_detectable,48,0.6733342653432126,0.8200915881930226,0.419972393847742,runs/20260612_181259_stage4_hard_s109,hard_knee,109
recovery_rank_0.5,predicted_rank_whitened_stable,48,0.617620578778135,0.7884408363392311,0.4543768626738528,runs/20260612_181259_stage4_hard_s109,hard_knee,109
recovery_rank_0.5,predicted_rank_raw_detectable,48,0.5841819438943673,0.7555008396294437,0.4738278949609715,runs/20260612_181259_stage4_hard_s109,hard_knee,109
recovery_rank_0.5,predicted_rank_whitened_effective,48,0.5838850009457159,0.760014928801913,0.4739970491621009,runs/20260612_181259_stage4_hard_s109,hard_knee,109
recovery_rank_0.5,raw_gradient_detectable_rank,48,0.5826785405960009,0.7554101445257647,0.4746836919689326,runs/20260612_181259_stage4_hard_s109,hard_knee,109
recovery_rank_0.5,raw_gradient_stable_rank,48,0.4871582683883968,0.6517932327195536,0.5262118594835412,runs/20260612_181259_stage4_hard_s109,hard_knee,109
recovery_rank_0.5,predicted_rank_raw_stable,48,0.1602042746358993,0.3987381391700346,0.6733731302547048,runs/20260612_181259_stage4_hard_s109,hard_knee,109
recovery_rank_0.6,gradient_stable_rank,48,0.7813360879437038,0.8844967114631953,0.3633380528592011,runs/20260612_181259_stage4_hard_s109,hard_knee,109
recovery_rank_0.6,whitened_gradient_stable_rank,48,0.7813360879437038,0.8844967114631953,0.3633380528592011,runs/20260612_181259_stage4_hard_s109,hard_knee,109
recovery_rank_0.6,raw_gradient_effective_rank,48,0.7421915713544482,0.8537239630524479,0.3945216888258195,runs/20260612_181259_stage4_hard_s109,hard_knee,109
recovery_rank_0.6,gradient_effective_rank,48,0.7342022016325876,0.8582372994860241,0.4005880754830511,runs/20260612_181259_stage4_hard_s109,hard_knee,109
recovery_rank_0.6,whitened_gradient_effective_rank,48,0.7342022016325876,0.8582372994860241,0.4005880754830511,runs/20260612_181259_stage4_hard_s109,hard_knee,109
recovery_rank_0.6,gradient_detectable_rank,48,0.6993860435304187,0.8277956443960276,0.4260169682374281,runs/20260612_181259_stage4_hard_s109,hard_knee,109
recovery_rank_0.6,whitened_gradient_detectable_rank,48,0.6993860435304187,0.8277956443960276,0.4260169682374281,runs/20260612_181259_stage4_hard_s109,hard_knee,109
recovery_rank_0.6,true_k_strong,48,0.6814029517116759,0.8087229191935162,0.4385743228978649,runs/20260612_181259_stage4_hard_s109,hard_knee,109
recovery_rank_0.6,predicted_rank_whitened_effective,48,0.6618840203227229,0.798054056302831,0.4518093100646161,runs/20260612_181259_stage4_hard_s109,hard_knee,109
recovery_rank_0.6,raw_gradient_detectable_rank,48,0.6194498138939625,0.7382366763083958,0.4793230310421728,runs/20260612_181259_stage4_hard_s109,hard_knee,109
recovery_rank_0.6,predicted_rank_detectable,48,0.6178964148407464,0.77338938304846,0.4803003287497328,runs/20260612_181259_stage4_hard_s109,hard_knee,109
recovery_rank_0.6,predicted_rank_whitened_detectable,48,0.6178964148407464,0.77338938304846,0.4803003287497328,runs/20260612_181259_stage4_hard_s109,hard_knee,109
recovery_rank_0.6,predicted_rank_raw_effective,48,0.6125003057920566,0.7658031921643895,0.4836798661850616,runs/20260612_181259_stage4_hard_s109,hard_knee,109
recovery_rank_0.6,raw_gradient_stable_rank,48,0.5634840364668159,0.6808104243634866,0.5133604334003695,runs/20260612_181259_stage4_hard_s109,hard_knee,109
recovery_rank_0.6,predicted_rank_raw_detectable,48,0.5385065639684881,0.6895023215404152,0.5278433953031954,runs/20260612_181259_stage4_hard_s109,hard_knee,109
recovery_rank_0.6,predicted_rank_whitened_stable,48,0.5190510424155284,0.7118106064395364,0.5388548815157318,runs/20260612_181259_stage4_hard_s109,hard_knee,109
recovery_rank_0.6,predicted_rank_raw_stable,48,0.1725437838686875,0.4180391414761535,0.706797230420417,runs/20260612_181259_stage4_hard_s109,hard_knee,109
recovery_rank_0.7,gradient_stable_rank,48,0.6904017460772927,0.8292248101269617,0.5562947776858536,runs/20260612_181259_stage4_hard_s109,hard_knee,109
recovery_rank_0.7,whitened_gradient_stable_rank,48,0.6904017460772927,0.8292248101269617,0.5562947776858536,runs/20260612_181259_stage4_hard_s109,hard_knee,109
recovery_rank_0.7,raw_gradient_effective_rank,48,0.6809273294227631,0.826904884187582,0.5647425822222693,runs/20260612_181259_stage4_hard_s109,hard_knee,109
recovery_rank_0.7,gradient_effective_rank,48,0.6798164522555106,0.8367794407500695,0.5657248263871587,runs/20260612_181259_stage4_hard_s109,hard_knee,109
recovery_rank_0.7,whitened_gradient_effective_rank,48,0.6798164522555106,0.8367794407500695,0.5657248263871587,runs/20260612_181259_stage4_hard_s109,hard_knee,109
recovery_rank_0.7,predicted_rank_raw_effective,48,0.6783730284509346,0.8139565389122589,0.5669985683485721,runs/20260612_181259_stage4_hard_s109,hard_knee,109
recovery_rank_0.7,predicted_rank_whitened_stable,48,0.6519843682153711,0.8524976181850494,0.589800460607936,runs/20260612_181259_stage4_hard_s109,hard_knee,109
recovery_rank_0.7,gradient_detectable_rank,48,0.6469614287228802,0.8212698267520945,0.5940415328329817,runs/20260612_181259_stage4_hard_s109,hard_knee,109
recovery_rank_0.7,whitened_gradient_detectable_rank,48,0.6469614287228802,0.8212698267520945,0.5940415328329817,runs/20260612_181259_stage4_hard_s109,hard_knee,109
recovery_rank_0.7,true_k_strong,48,0.6468962947699005,0.8142130542517003,0.5940963292376021,runs/20260612_181259_stage4_hard_s109,hard_knee,109
recovery_rank_0.7,raw_gradient_detectable_rank,48,0.5802043737902709,0.748350567464084,0.6477757507401495,runs/20260612_181259_stage4_hard_s109,hard_knee,109
recovery_rank_0.7,predicted_rank_detectable,48,0.5728943344220203,0.7654740199605354,0.6533913757121932,runs/20260612_181259_stage4_hard_s109,hard_knee,109
recovery_rank_0.7,predicted_rank_whitened_detectable,48,0.5728943344220203,0.7654740199605354,0.6533913757121932,runs/20260612_181259_stage4_hard_s109,hard_knee,109
recovery_rank_0.7,predicted_rank_raw_detectable,48,0.5332873432764923,0.7333785091793007,0.6830154394054714,runs/20260612_181259_stage4_hard_s109,hard_knee,109
recovery_rank_0.7,predicted_rank_whitened_effective,48,0.5022349365278025,0.688430243673999,0.7053715472060403,runs/20260612_181259_stage4_hard_s109,hard_knee,109
recovery_rank_0.7,raw_gradient_stable_rank,48,0.4963430700181744,0.6777752859818221,0.7095338814205725,runs/20260612_181259_stage4_hard_s109,hard_knee,109
recovery_rank_0.7,predicted_rank_raw_stable,48,0.1718219202574645,0.4532560705963163,0.9098453865635524,runs/20260612_181259_stage4_hard_s109,hard_knee,109
recovery_rank_0.8,gradient_effective_rank,45,0.5876693203722857,0.7696259274503495,0.6834504250414739,runs/20260612_181259_stage4_hard_s109,hard_knee,109
recovery_rank_0.8,whitened_gradient_effective_rank,45,0.5876693203722857,0.7696259274503495,0.6834504250414739,runs/20260612_181259_stage4_hard_s109,hard_knee,109
recovery_rank_0.8,true_k_strong,45,0.5726256625768171,0.7644465955098244,0.6958063907132667,runs/20260612_181259_stage4_hard_s109,hard_knee,109
recovery_rank_0.8,gradient_detectable_rank,45,0.5673277321253917,0.7714367546112333,0.700105876474233,runs/20260612_181259_stage4_hard_s109,hard_knee,109
recovery_rank_0.8,whitened_gradient_detectable_rank,45,0.5673277321253917,0.7714367546112333,0.700105876474233,runs/20260612_181259_stage4_hard_s109,hard_knee,109
recovery_rank_0.8,gradient_stable_rank,45,0.5586514188644303,0.7619467330522861,0.707090594410435,runs/20260612_181259_stage4_hard_s109,hard_knee,109
recovery_rank_0.8,whitened_gradient_stable_rank,45,0.5586514188644303,0.7619467330522861,0.707090594410435,runs/20260612_181259_stage4_hard_s109,hard_knee,109
recovery_rank_0.8,raw_gradient_effective_rank,45,0.5398996143549116,0.7544808496097244,0.7219556036655682,runs/20260612_181259_stage4_hard_s109,hard_knee,109
recovery_rank_0.8,predicted_rank_detectable,45,0.5048315161393702,0.7253307710553617,0.7489635643534535,runs/20260612_181259_stage4_hard_s109,hard_knee,109
recovery_rank_0.8,predicted_rank_whitened_detectable,45,0.5048315161393702,0.7253307710553617,0.7489635643534535,runs/20260612_181259_stage4_hard_s109,hard_knee,109
recovery_rank_0.8,predicted_rank_whitened_stable,45,0.472762044041961,0.7455017439276546,0.7728363252740404,runs/20260612_181259_stage4_hard_s109,hard_knee,109
recovery_rank_0.8,predicted_rank_raw_effective,45,0.4568990498930015,0.670498595946493,0.7843763204745615,runs/20260612_181259_stage4_hard_s109,hard_knee,109
recovery_rank_0.8,predicted_rank_whitened_effective,45,0.4054095969418551,0.6345328075882816,0.82071645443204,runs/20260612_181259_stage4_hard_s109,hard_knee,109
recovery_rank_0.8,raw_gradient_detectable_rank,45,0.3593284689405107,0.5931136450453086,0.8519260653744719,runs/20260612_181259_stage4_hard_s109,hard_knee,109
recovery_rank_0.8,predicted_rank_raw_detectable,45,0.347316825650225,0.6129610195321294,0.859875156588281,runs/20260612_181259_stage4_hard_s109,hard_knee,109
recovery_rank_0.8,raw_gradient_stable_rank,45,0.3306237530823399,0.5435163146184839,0.8708018471512511,runs/20260612_181259_stage4_hard_s109,hard_knee,109
recovery_rank_0.8,predicted_rank_raw_stable,45,0.0732741539193155,0.3341115128740018,1.024612926832201,runs/20260612_181259_stage4_hard_s109,hard_knee,109
recovery_rank_0.85,gradient_effective_rank,44,0.6000460915494237,0.7956321574793803,0.7876439875833359,runs/20260612_181259_stage4_hard_s109,hard_knee,109
recovery_rank_0.85,whitened_gradient_effective_rank,44,0.6000460915494237,0.7956321574793803,0.7876439875833359,runs/20260612_181259_stage4_hard_s109,hard_knee,109
recovery_rank_0.85,gradient_stable_rank,44,0.5840927066717838,0.7762657092629722,0.8031991823844018,runs/20260612_181259_stage4_hard_s109,hard_knee,109
recovery_rank_0.85,whitened_gradient_stable_rank,44,0.5840927066717838,0.7762657092629722,0.8031991823844018,runs/20260612_181259_stage4_hard_s109,hard_knee,109
recovery_rank_0.85,gradient_detectable_rank,44,0.5815345218701204,0.7788057245697402,0.8056655758152594,runs/20260612_181259_stage4_hard_s109,hard_knee,109
recovery_rank_0.85,whitened_gradient_detectable_rank,44,0.5815345218701204,0.7788057245697402,0.8056655758152594,runs/20260612_181259_stage4_hard_s109,hard_knee,109
recovery_rank_0.85,raw_gradient_effective_rank,44,0.5713623587866273,0.7835738029295413,0.8153989404637335,runs/20260612_181259_stage4_hard_s109,hard_knee,109
recovery_rank_0.85,true_k_strong,44,0.5712931707695917,0.7643580528312034,0.8154647461163057,runs/20260612_181259_stage4_hard_s109,hard_knee,109
recovery_rank_0.85,predicted_rank_detectable,44,0.547334652924715,0.7610222278805819,0.8379413347046141,runs/20260612_181259_stage4_hard_s109,hard_knee,109
recovery_rank_0.85,predicted_rank_whitened_detectable,44,0.547334652924715,0.7610222278805819,0.8379413347046141,runs/20260612_181259_stage4_hard_s109,hard_knee,109
recovery_rank_0.85,predicted_rank_whitened_stable,44,0.5403536860490503,0.7488104848585106,0.8443779438028532,runs/20260612_181259_stage4_hard_s109,hard_knee,109
recovery_rank_0.85,predicted_rank_whitened_effective,44,0.461312350201239,0.7040677762346441,0.9140995581689496,runs/20260612_181259_stage4_hard_s109,hard_knee,109
recovery_rank_0.85,predicted_rank_raw_effective,44,0.4163191139569093,0.653757583373761,0.9515086164091896,runs/20260612_181259_stage4_hard_s109,hard_knee,109
recovery_rank_0.85,predicted_rank_raw_detectable,44,0.4146741031163142,0.6688324197952208,0.9528485101181372,runs/20260612_181259_stage4_hard_s109,hard_knee,109
recovery_rank_0.85,raw_gradient_detectable_rank,44,0.391953849246782,0.6367272622728433,0.9711655343979392,runs/20260612_181259_stage4_hard_s109,hard_knee,109
recovery_rank_0.85,raw_gradient_stable_rank,44,0.37538051293723,0.567546554145758,0.984311942332793,runs/20260612_181259_stage4_hard_s109,hard_knee,109
recovery_rank_0.85,predicted_rank_raw_stable,44,0.1074481074481076,0.3646524028297062,1.1766349038549284,runs/20260612_181259_stage4_hard_s109,hard_knee,109
recovery_rank_0.9,predicted_rank_detectable,41,0.4849034622703937,0.7536121599317684,0.9896094731408216,runs/20260612_181259_stage4_hard_s109,hard_knee,109
recovery_rank_0.9,predicted_rank_whitened_detectable,41,0.4849034622703937,0.7536121599317684,0.9896094731408216,runs/20260612_181259_stage4_hard_s109,hard_knee,109
recovery_rank_0.9,true_k_strong,41,0.475317971536592,0.7514335735314396,0.9987749078044944,runs/20260612_181259_stage4_hard_s109,hard_knee,109
recovery_rank_0.9,gradient_detectable_rank,41,0.4675588971470087,0.7470925380036896,1.0061328196979686,runs/20260612_181259_stage4_hard_s109,hard_knee,109
recovery_rank_0.9,whitened_gradient_detectable_rank,41,0.4675588971470087,0.7470925380036896,1.0061328196979686,runs/20260612_181259_stage4_hard_s109,hard_knee,109
recovery_rank_0.9,gradient_effective_rank,41,0.4512981155757785,0.7325621892670992,1.0213809523111776,runs/20260612_181259_stage4_hard_s109,hard_knee,109
recovery_rank_0.9,whitened_gradient_effective_rank,41,0.4512981155757785,0.7325621892670992,1.0213809523111776,runs/20260612_181259_stage4_hard_s109,hard_knee,109
recovery_rank_0.9,predicted_rank_whitened_stable,41,0.4073943644130061,0.6758720350029708,1.0614570288029843,runs/20260612_181259_stage4_hard_s109,hard_knee,109
recovery_rank_0.9,predicted_rank_whitened_effective,41,0.3971410577324219,0.6824473643149247,1.0706003529316208,runs/20260612_181259_stage4_hard_s109,hard_knee,109
recovery_rank_0.9,raw_gradient_effective_rank,41,0.3808047512170018,0.6812703258078024,1.085008989046632,runs/20260612_181259_stage4_hard_s109,hard_knee,109
recovery_rank_0.9,gradient_stable_rank,41,0.351013428810253,0.6191660660443682,1.110803869224828,runs/20260612_181259_stage4_hard_s109,hard_knee,109
recovery_rank_0.9,whitened_gradient_stable_rank,41,0.351013428810253,0.6191660660443682,1.110803869224828,runs/20260612_181259_stage4_hard_s109,hard_knee,109
recovery_rank_0.9,predicted_rank_raw_detectable,41,0.3337411015937552,0.6233744830615782,1.1254884429266374,runs/20260612_181259_stage4_hard_s109,hard_knee,109
recovery_rank_0.9,raw_gradient_detectable_rank,41,0.3142650137232966,0.5979721525406261,1.1418200964874543,runs/20260612_181259_stage4_hard_s109,hard_knee,109
recovery_rank_0.9,predicted_rank_raw_effective,41,0.2989849067840378,0.5707956882833523,1.1544714915053216,runs/20260612_181259_stage4_hard_s109,hard_knee,109
recovery_rank_0.9,raw_gradient_stable_rank,41,0.2178926903451786,0.4680605937278685,1.2194182797146866,runs/20260612_181259_stage4_hard_s109,hard_knee,109
recovery_rank_0.9,predicted_rank_raw_stable,41,0.0882021086964764,0.3293112565884505,1.3166453823347255,runs/20260612_181259_stage4_hard_s109,hard_knee,109
recovery_rank_0.95,predicted_rank_detectable,33,0.2190334476289059,0.4754642220136011,1.305894829364641,runs/20260612_181259_stage4_hard_s109,hard_knee,109
recovery_rank_0.95,predicted_rank_whitened_detectable,33,0.2190334476289059,0.4754642220136011,1.305894829364641,runs/20260612_181259_stage4_hard_s109,hard_knee,109
recovery_rank_0.95,gradient_detectable_rank,33,0.1903880364629665,0.4635987180627938,1.3296288929325688,runs/20260612_181259_stage4_hard_s109,hard_knee,109
recovery_rank_0.95,whitened_gradient_detectable_rank,33,0.1903880364629665,0.4635987180627938,1.3296288929325688,runs/20260612_181259_stage4_hard_s109,hard_knee,109
recovery_rank_0.95,true_k_strong,33,0.1903880364629665,0.4635987180627938,1.3296288929325688,runs/20260612_181259_stage4_hard_s109,hard_knee,109
recovery_rank_0.95,gradient_effective_rank,33,0.1891381993661965,0.4431732571429136,1.3306548033235617,runs/20260612_181259_stage4_hard_s109,hard_knee,109
recovery_rank_0.95,whitened_gradient_effective_rank,33,0.1891381993661965,0.4431732571429136,1.3306548033235617,runs/20260612_181259_stage4_hard_s109,hard_knee,109
recovery_rank_0.95,predicted_rank_whitened_stable,33,0.158761864712243,0.4013313609914891,1.3553500036625885,runs/20260612_181259_stage4_hard_s109,hard_knee,109
recovery_rank_0.95,raw_gradient_effective_rank,33,0.1458146644783806,0.4230986144009314,1.3657400365543864,runs/20260612_181259_stage4_hard_s109,hard_knee,109
recovery_rank_0.95,predicted_rank_whitened_effective,33,0.1453116332337205,0.3962356174636378,1.3661421207194615,runs/20260612_181259_stage4_hard_s109,hard_knee,109
recovery_rank_0.95,gradient_stable_rank,33,0.1124018428486275,0.3984306212010379,1.3921953574884065,runs/20260612_181259_stage4_hard_s109,hard_knee,109
recovery_rank_0.95,whitened_gradient_stable_rank,33,0.1124018428486275,0.3984306212010379,1.3921953574884065,runs/20260612_181259_stage4_hard_s109,hard_knee,109
recovery_rank_0.95,predicted_rank_raw_detectable,33,0.0946567493692178,0.329265686892958,1.4060430543575366,runs/20260612_181259_stage4_hard_s109,hard_knee,109
recovery_rank_0.95,raw_gradient_detectable_rank,33,0.0819003493577277,0.32552239571001,1.415914066572746,runs/20260612_181259_stage4_hard_s109,hard_knee,109
recovery_rank_0.95,predicted_rank_raw_effective,33,0.0579408912911882,0.2247580437111135,1.4342704862864832,runs/20260612_181259_stage4_hard_s109,hard_knee,109
recovery_rank_0.95,raw_gradient_stable_rank,33,0.039986206536314,0.219460077433535,1.4478738412262002,runs/20260612_181259_stage4_hard_s109,hard_knee,109
recovery_rank_0.95,predicted_rank_raw_stable,33,0.0355340622371741,0.1852186287137014,1.451227275811961,runs/20260612_181259_stage4_hard_s109,hard_knee,109
best_rank,gradient_detectable_rank,48,,,0.0,runs/20260612_185340_stage4_hard_s113,hard_knee,113
best_rank,predicted_rank_detectable,48,,,0.0,runs/20260612_185340_stage4_hard_s113,hard_knee,113
best_rank,gradient_effective_rank,48,,,0.0,runs/20260612_185340_stage4_hard_s113,hard_knee,113
best_rank,gradient_stable_rank,48,,,0.0,runs/20260612_185340_stage4_hard_s113,hard_knee,113
best_rank,raw_gradient_detectable_rank,48,,,0.0,runs/20260612_185340_stage4_hard_s113,hard_knee,113
best_rank,raw_gradient_effective_rank,48,,,0.0,runs/20260612_185340_stage4_hard_s113,hard_knee,113
best_rank,raw_gradient_stable_rank,48,,,0.0,runs/20260612_185340_stage4_hard_s113,hard_knee,113
best_rank,predicted_rank_raw_detectable,48,,,0.0,runs/20260612_185340_stage4_hard_s113,hard_knee,113
best_rank,predicted_rank_raw_effective,48,,,0.0,runs/20260612_185340_stage4_hard_s113,hard_knee,113
best_rank,predicted_rank_raw_stable,48,,,0.0,runs/20260612_185340_stage4_hard_s113,hard_knee,113
best_rank,whitened_gradient_detectable_rank,48,,,0.0,runs/20260612_185340_stage4_hard_s113,hard_knee,113
best_rank,whitened_gradient_effective_rank,48,,,0.0,runs/20260612_185340_stage4_hard_s113,hard_knee,113
best_rank,whitened_gradient_stable_rank,48,,,0.0,runs/20260612_185340_stage4_hard_s113,hard_knee,113
best_rank,predicted_rank_whitened_detectable,48,,,0.0,runs/20260612_185340_stage4_hard_s113,hard_knee,113
best_rank,predicted_rank_whitened_effective,48,,,0.0,runs/20260612_185340_stage4_hard_s113,hard_knee,113
best_rank,predicted_rank_whitened_stable,48,,,0.0,runs/20260612_185340_stage4_hard_s113,hard_knee,113
best_rank,true_k_strong,48,,,0.0,runs/20260612_185340_stage4_hard_s113,hard_knee,113
near_best_rank_gap_0.02,gradient_detectable_rank,48,0.600324967485238,0.7497873848401144,0.9570381128842236,runs/20260612_185340_stage4_hard_s113,hard_knee,113
near_best_rank_gap_0.02,whitened_gradient_detectable_rank,48,0.600324967485238,0.7497873848401144,0.9570381128842236,runs/20260612_185340_stage4_hard_s113,hard_knee,113
near_best_rank_gap_0.02,true_k_strong,48,0.5981342935325445,0.7439811096925082,0.9596573575958864,runs/20260612_185340_stage4_hard_s113,hard_knee,113
near_best_rank_gap_0.02,gradient_effective_rank,48,0.594664291520477,0.740320827487745,0.9637916434231208,runs/20260612_185340_stage4_hard_s113,hard_knee,113
near_best_rank_gap_0.02,whitened_gradient_effective_rank,48,0.594664291520477,0.740320827487745,0.9637916434231208,runs/20260612_185340_stage4_hard_s113,hard_knee,113
near_best_rank_gap_0.02,predicted_rank_detectable,48,0.5823045383854093,0.715032440677132,0.978375575226663,runs/20260612_185340_stage4_hard_s113,hard_knee,113
near_best_rank_gap_0.02,predicted_rank_whitened_detectable,48,0.5823045383854093,0.715032440677132,0.978375575226663,runs/20260612_185340_stage4_hard_s113,hard_knee,113
near_best_rank_gap_0.02,raw_gradient_effective_rank,48,0.5664313321301586,0.7288129589985892,0.9967922872235652,runs/20260612_185340_stage4_hard_s113,hard_knee,113
near_best_rank_gap_0.02,gradient_stable_rank,48,0.5425648339218743,0.6740242778014373,1.023859815727901,runs/20260612_185340_stage4_hard_s113,hard_knee,113
near_best_rank_gap_0.02,whitened_gradient_stable_rank,48,0.5425648339218743,0.6740242778014373,1.023859815727901,runs/20260612_185340_stage4_hard_s113,hard_knee,113
near_best_rank_gap_0.02,predicted_rank_raw_effective,48,0.5252840909090909,0.7438648518697399,1.0430199542674148,runs/20260612_185340_stage4_hard_s113,hard_knee,113
near_best_rank_gap_0.02,raw_gradient_stable_rank,48,0.5016353133376155,0.6819394458842226,1.0686841162232947,runs/20260612_185340_stage4_hard_s113,hard_knee,113
near_best_rank_gap_0.02,predicted_rank_whitened_effective,48,0.4894582053460558,0.6437475104259963,1.0816615056239276,runs/20260612_185340_stage4_hard_s113,hard_knee,113
near_best_rank_gap_0.02,raw_gradient_detectable_rank,48,0.4813386474880562,0.6228707967805801,1.0902288442523758,runs/20260612_185340_stage4_hard_s113,hard_knee,113
near_best_rank_gap_0.02,predicted_rank_raw_detectable,48,0.4496674057649666,0.6199285081615589,1.123022200042643,runs/20260612_185340_stage4_hard_s113,hard_knee,113
near_best_rank_gap_0.02,predicted_rank_whitened_stable,48,0.4247493950916005,0.6685880787100469,1.148164899414895,runs/20260612_185340_stage4_hard_s113,hard_knee,113
near_best_rank_gap_0.02,predicted_rank_raw_stable,48,0.2145045965270684,0.4938775633103393,1.3416756809895607,runs/20260612_185340_stage4_hard_s113,hard_knee,113
near_best_rank_gap_0.05,gradient_detectable_rank,48,0.7541934871685596,0.8081331644405594,0.723836405954221,runs/20260612_185340_stage4_hard_s113,hard_knee,113
near_best_rank_gap_0.05,whitened_gradient_detectable_rank,48,0.7541934871685596,0.8081331644405594,0.723836405954221,runs/20260612_185340_stage4_hard_s113,hard_knee,113
near_best_rank_gap_0.05,gradient_effective_rank,48,0.7512657265978218,0.7988425932093577,0.7281343933222476,runs/20260612_185340_stage4_hard_s113,hard_knee,113
near_best_rank_gap_0.05,whitened_gradient_effective_rank,48,0.7512657265978218,0.7988425932093577,0.7281343933222476,runs/20260612_185340_stage4_hard_s113,hard_knee,113
near_best_rank_gap_0.05,predicted_rank_detectable,48,0.7499260396488284,0.7804997835030854,0.730092632085552,runs/20260612_185340_stage4_hard_s113,hard_knee,113
near_best_rank_gap_0.05,predicted_rank_whitened_detectable,48,0.7499260396488284,0.7804997835030854,0.730092632085552,runs/20260612_185340_stage4_hard_s113,hard_knee,113
near_best_rank_gap_0.05,true_k_strong,48,0.7485026439367337,0.7973425534030649,0.7321674905463761,runs/20260612_185340_stage4_hard_s113,hard_knee,113
near_best_rank_gap_0.05,gradient_stable_rank,48,0.7113518587299532,0.7763511280072265,0.7843828911115899,runs/20260612_185340_stage4_hard_s113,hard_knee,113
near_best_rank_gap_0.05,whitened_gradient_stable_rank,48,0.7113518587299532,0.7763511280072265,0.7843828911115899,runs/20260612_185340_stage4_hard_s113,hard_knee,113
near_best_rank_gap_0.05,raw_gradient_effective_rank,48,0.7056334362286449,0.7937565834902828,0.7921145100280741,runs/20260612_185340_stage4_hard_s113,hard_knee,113
near_best_rank_gap_0.05,predicted_rank_whitened_stable,48,0.6397379050521332,0.8124951664578219,0.8763004097405944,runs/20260612_185340_stage4_hard_s113,hard_knee,113
near_best_rank_gap_0.05,raw_gradient_detectable_rank,48,0.6345668697935576,0.7144717215393317,0.882567008011368,runs/20260612_185340_stage4_hard_s113,hard_knee,113
near_best_rank_gap_0.05,predicted_rank_whitened_effective,48,0.6327205128351515,0.7294290949081708,0.8847937910721717,runs/20260612_185340_stage4_hard_s113,hard_knee,113
near_best_rank_gap_0.05,predicted_rank_raw_detectable,48,0.6014571569051061,0.7056864043627552,0.9216822779812548,runs/20260612_185340_stage4_hard_s113,hard_knee,113
near_best_rank_gap_0.05,predicted_rank_raw_effective,48,0.564752596212584,0.7344553884209765,0.9631896879639026,runs/20260612_185340_stage4_hard_s113,hard_knee,113
near_best_rank_gap_0.05,raw_gradient_stable_rank,48,0.5601772131171772,0.7096678894682451,0.9682390467896346,runs/20260612_185340_stage4_hard_s113,hard_knee,113
near_best_rank_gap_0.05,predicted_rank_raw_stable,48,0.2525339485866072,0.5203166167023201,1.2622328131895275,runs/20260612_185340_stage4_hard_s113,hard_knee,113
near_best_rank_gap_0.1,predicted_rank_detectable,48,0.8235348549863947,0.8708537314074124,0.5161969637062526,runs/20260612_185340_stage4_hard_s113,hard_knee,113
near_best_rank_gap_0.1,predicted_rank_whitened_detectable,48,0.8235348549863947,0.8708537314074124,0.5161969637062526,runs/20260612_185340_stage4_hard_s113,hard_knee,113
near_best_rank_gap_0.1,gradient_effective_rank,48,0.8211918719451774,0.8417310180365956,0.5196125181854295,runs/20260612_185340_stage4_hard_s113,hard_knee,113
near_best_rank_gap_0.1,whitened_gradient_effective_rank,48,0.8211918719451774,0.8417310180365956,0.5196125181854295,runs/20260612_185340_stage4_hard_s113,hard_knee,113
near_best_rank_gap_0.1,true_k_strong,48,0.8148130115443506,0.8414360251949501,0.5287997139902286,runs/20260612_185340_stage4_hard_s113,hard_knee,113
near_best_rank_gap_0.1,gradient_detectable_rank,48,0.813021787257778,0.8404793885030528,0.5313509716667774,runs/20260612_185340_stage4_hard_s113,hard_knee,113
near_best_rank_gap_0.1,whitened_gradient_detectable_rank,48,0.813021787257778,0.8404793885030528,0.5313509716667774,runs/20260612_185340_stage4_hard_s113,hard_knee,113
near_best_rank_gap_0.1,gradient_stable_rank,48,0.7719725382707526,0.8314695607272903,0.586785743181499,runs/20260612_185340_stage4_hard_s113,hard_knee,113
near_best_rank_gap_0.1,whitened_gradient_stable_rank,48,0.7719725382707526,0.8314695607272903,0.586785743181499,runs/20260612_185340_stage4_hard_s113,hard_knee,113
near_best_rank_gap_0.1,raw_gradient_effective_rank,48,0.7605526101330708,0.8175349681311314,0.601299760208103,runs/20260612_185340_stage4_hard_s113,hard_knee,113
near_best_rank_gap_0.1,predicted_rank_whitened_effective,48,0.7280261625209818,0.8224140376486606,0.6408398964057291,runs/20260612_185340_stage4_hard_s113,hard_knee,113
near_best_rank_gap_0.1,raw_gradient_detectable_rank,48,0.7078106362283403,0.800721570975868,0.6642295285239856,runs/20260612_185340_stage4_hard_s113,hard_knee,113
near_best_rank_gap_0.1,predicted_rank_raw_detectable,48,0.6737287838529435,0.7942034446356877,0.7019001866014992,runs/20260612_185340_stage4_hard_s113,hard_knee,113
near_best_rank_gap_0.1,predicted_rank_whitened_stable,48,0.6564372656361852,0.835736047668448,0.72025951174459,runs/20260612_185340_stage4_hard_s113,hard_knee,113
near_best_rank_gap_0.1,predicted_rank_raw_effective,48,0.5902558206381143,0.777536698872515,0.7865790470272026,runs/20260612_185340_stage4_hard_s113,hard_knee,113
near_best_rank_gap_0.1,raw_gradient_stable_rank,48,0.5635658900212455,0.6983621343798809,0.8117930334062022,runs/20260612_185340_stage4_hard_s113,hard_knee,113
near_best_rank_gap_0.1,predicted_rank_raw_stable,48,0.2114632301952046,0.445740359820619,1.091181393046438,runs/20260612_185340_stage4_hard_s113,hard_knee,113
near_best_rank_gap_0.2,gradient_effective_rank,48,0.8512160960762012,0.8483551734858598,0.410934481273626,runs/20260612_185340_stage4_hard_s113,hard_knee,113
near_best_rank_gap_0.2,whitened_gradient_effective_rank,48,0.8512160960762012,0.8483551734858598,0.410934481273626,runs/20260612_185340_stage4_hard_s113,hard_knee,113
near_best_rank_gap_0.2,gradient_stable_rank,48,0.8346208804061378,0.8342121339707299,0.4332463843747146,runs/20260612_185340_stage4_hard_s113,hard_knee,113
near_best_rank_gap_0.2,whitened_gradient_stable_rank,48,0.8346208804061378,0.8342121339707299,0.4332463843747146,runs/20260612_185340_stage4_hard_s113,hard_knee,113
near_best_rank_gap_0.2,gradient_detectable_rank,48,0.8329179431254544,0.8329041466309908,0.4354712778386826,runs/20260612_185340_stage4_hard_s113,hard_knee,113
near_best_rank_gap_0.2,whitened_gradient_detectable_rank,48,0.8329179431254544,0.8329041466309908,0.4354712778386826,runs/20260612_185340_stage4_hard_s113,hard_knee,113
near_best_rank_gap_0.2,true_k_strong,48,0.8264388481917073,0.825466892738927,0.4438343092731465,runs/20260612_185340_stage4_hard_s113,hard_knee,113
near_best_rank_gap_0.2,raw_gradient_effective_rank,48,0.8196258003608569,0.8475031831536228,0.4524616946150314,runs/20260612_185340_stage4_hard_s113,hard_knee,113
near_best_rank_gap_0.2,predicted_rank_detectable,48,0.7923614510138601,0.7986802911773814,0.4854545789910204,runs/20260612_185340_stage4_hard_s113,hard_knee,113
near_best_rank_gap_0.2,predicted_rank_whitened_detectable,48,0.7923614510138601,0.7986802911773814,0.4854545789910204,runs/20260612_185340_stage4_hard_s113,hard_knee,113
near_best_rank_gap_0.2,raw_gradient_detectable_rank,48,0.7511884972972543,0.7897292560132948,0.5314101390860662,runs/20260612_185340_stage4_hard_s113,hard_knee,113
near_best_rank_gap_0.2,predicted_rank_whitened_effective,48,0.7277400607291067,0.7778512807746005,0.5558869528397002,runs/20260612_185340_stage4_hard_s113,hard_knee,113
near_best_rank_gap_0.2,predicted_rank_raw_detectable,48,0.720831973138087,0.7980710343436989,0.5628950735449176,runs/20260612_185340_stage4_hard_s113,hard_knee,113
near_best_rank_gap_0.2,predicted_rank_whitened_stable,48,0.6902572901293357,0.8520027287084218,0.5929187113134499,runs/20260612_185340_stage4_hard_s113,hard_knee,113
near_best_rank_gap_0.2,predicted_rank_raw_effective,48,0.6630975143403441,0.8152968158915213,0.6183675866523263,runs/20260612_185340_stage4_hard_s113,hard_knee,113
near_best_rank_gap_0.2,raw_gradient_stable_rank,48,0.6229226028023227,0.7194774358961827,0.6541989753406631,runs/20260612_185340_stage4_hard_s113,hard_knee,113
near_best_rank_gap_0.2,predicted_rank_raw_stable,48,0.2351914654619448,0.4872559340721887,0.9316890086153996,runs/20260612_185340_stage4_hard_s113,hard_knee,113
near_best_rank_gap_0.5,raw_gradient_effective_rank,48,0.7549374440167687,0.8842008346160595,0.3449945904273681,runs/20260612_185340_stage4_hard_s113,hard_knee,113
near_best_rank_gap_0.5,gradient_stable_rank,48,0.7373041659040025,0.8862719783191488,0.357190910449246,runs/20260612_185340_stage4_hard_s113,hard_knee,113
near_best_rank_gap_0.5,whitened_gradient_stable_rank,48,0.7373041659040025,0.8862719783191488,0.357190910449246,runs/20260612_185340_stage4_hard_s113,hard_knee,113
near_best_rank_gap_0.5,predicted_rank_whitened_stable,48,0.7158788570729568,0.8690774288358389,0.3714715709312618,runs/20260612_185340_stage4_hard_s113,hard_knee,113
near_best_rank_gap_0.5,raw_gradient_detectable_rank,48,0.7128640815264684,0.8591376743474152,0.3734371907087759,runs/20260612_185340_stage4_hard_s113,hard_knee,113
near_best_rank_gap_0.5,predicted_rank_raw_effective,48,0.7091152815013404,0.8604487060868019,0.3758670531805982,runs/20260612_185340_stage4_hard_s113,hard_knee,113
near_best_rank_gap_0.5,predicted_rank_raw_detectable,48,0.7062054534754463,0.8604185755007429,0.3777423440061818,runs/20260612_185340_stage4_hard_s113,hard_knee,113
near_best_rank_gap_0.5,gradient_effective_rank,48,0.6968202749935558,0.8621283602945636,0.3837283473590814,runs/20260612_185340_stage4_hard_s113,hard_knee,113
near_best_rank_gap_0.5,whitened_gradient_effective_rank,48,0.6968202749935558,0.8621283602945636,0.3837283473590814,runs/20260612_185340_stage4_hard_s113,hard_knee,113
near_best_rank_gap_0.5,gradient_detectable_rank,48,0.6666277054119042,0.8370305527816139,0.4023820121472717,runs/20260612_185340_stage4_hard_s113,hard_knee,113
near_best_rank_gap_0.5,whitened_gradient_detectable_rank,48,0.6666277054119042,0.8370305527816139,0.4023820121472717,runs/20260612_185340_stage4_hard_s113,hard_knee,113
near_best_rank_gap_0.5,raw_gradient_stable_rank,48,0.6515154506132739,0.813841124245393,0.4114012147926597,runs/20260612_185340_stage4_hard_s113,hard_knee,113
near_best_rank_gap_0.5,predicted_rank_detectable,48,0.6481372921001172,0.8338783765694043,0.413390437367126,runs/20260612_185340_stage4_hard_s113,hard_knee,113
near_best_rank_gap_0.5,predicted_rank_whitened_detectable,48,0.6481372921001172,0.8338783765694043,0.413390437367126,runs/20260612_185340_stage4_hard_s113,hard_knee,113
near_best_rank_gap_0.5,true_k_strong,48,0.6478682020401694,0.8200688441409049,0.4135484791195019,runs/20260612_185340_stage4_hard_s113,hard_knee,113
near_best_rank_gap_0.5,predicted_rank_whitened_effective,48,0.6032402865606744,0.8172751166054715,0.4389727786633025,runs/20260612_185340_stage4_hard_s113,hard_knee,113
near_best_rank_gap_0.5,predicted_rank_raw_stable,48,0.3430043162247878,0.5822718431846535,0.5648785245152572,runs/20260612_185340_stage4_hard_s113,hard_knee,113
penalized_rank_lambda_0.03,true_k_strong,48,0.5798526515769329,0.7165186186563338,0.8523525033585304,runs/20260612_185340_stage4_hard_s113,hard_knee,113
penalized_rank_lambda_0.03,gradient_detectable_rank,48,0.5715885698223075,0.7048073293825459,0.8606943503255148,runs/20260612_185340_stage4_hard_s113,hard_knee,113
penalized_rank_lambda_0.03,whitened_gradient_detectable_rank,48,0.5715885698223075,0.7048073293825459,0.8606943503255148,runs/20260612_185340_stage4_hard_s113,hard_knee,113
penalized_rank_lambda_0.03,gradient_effective_rank,48,0.5611229075838533,0.6899192457375151,0.8711438681237371,runs/20260612_185340_stage4_hard_s113,hard_knee,113
penalized_rank_lambda_0.03,whitened_gradient_effective_rank,48,0.5611229075838533,0.6899192457375151,0.8711438681237371,runs/20260612_185340_stage4_hard_s113,hard_knee,113
penalized_rank_lambda_0.03,predicted_rank_detectable,48,0.5392006595589199,0.664448352371725,0.8926359053459035,runs/20260612_185340_stage4_hard_s113,hard_knee,113
penalized_rank_lambda_0.03,predicted_rank_whitened_detectable,48,0.5392006595589199,0.664448352371725,0.8926359053459035,runs/20260612_185340_stage4_hard_s113,hard_knee,113
penalized_rank_lambda_0.03,raw_gradient_effective_rank,48,0.5038603292367545,0.6497094023155752,0.9262333295097832,runs/20260612_185340_stage4_hard_s113,hard_knee,113
penalized_rank_lambda_0.03,gradient_stable_rank,48,0.4878067912688579,0.613696354963062,0.9410990508075828,runs/20260612_185340_stage4_hard_s113,hard_knee,113
penalized_rank_lambda_0.03,whitened_gradient_stable_rank,48,0.4878067912688579,0.613696354963062,0.9410990508075828,runs/20260612_185340_stage4_hard_s113,hard_knee,113
penalized_rank_lambda_0.03,predicted_rank_whitened_effective,48,0.45964158575351,0.6148441274176469,0.9666280349585816,runs/20260612_185340_stage4_hard_s113,hard_knee,113
penalized_rank_lambda_0.03,predicted_rank_raw_effective,48,0.4352409638554217,0.6408587988004846,0.9882117688026184,runs/20260612_185340_stage4_hard_s113,hard_knee,113
penalized_rank_lambda_0.03,raw_gradient_stable_rank,48,0.4307619184408511,0.6014462475171678,0.9921227323418014,runs/20260612_185340_stage4_hard_s113,hard_knee,113
penalized_rank_lambda_0.03,raw_gradient_detectable_rank,48,0.4069590203253042,0.5393322633147827,1.0126532940848156,runs/20260612_185340_stage4_hard_s113,hard_knee,113
penalized_rank_lambda_0.03,predicted_rank_whitened_stable,48,0.3860460854826149,0.6254133767147585,1.0303536498955,runs/20260612_185340_stage4_hard_s113,hard_knee,113
penalized_rank_lambda_0.03,predicted_rank_raw_detectable,48,0.3704819277108434,0.5377723364904567,1.0433320021290762,runs/20260612_185340_stage4_hard_s113,hard_knee,113
penalized_rank_lambda_0.03,predicted_rank_raw_stable,48,0.1884971668374944,0.443153919669425,1.1845774136839542,runs/20260612_185340_stage4_hard_s113,hard_knee,113
penalized_rank_lambda_0.05,gradient_detectable_rank,48,0.6748281721017162,0.7903158366135368,0.7624495540897754,runs/20260612_185340_stage4_hard_s113,hard_knee,113
penalized_rank_lambda_0.05,whitened_gradient_detectable_rank,48,0.6748281721017162,0.7903158366135368,0.7624495540897754,runs/20260612_185340_stage4_hard_s113,hard_knee,113
penalized_rank_lambda_0.05,true_k_strong,48,0.6736225812342113,0.7888915722723618,0.7638616564295643,runs/20260612_185340_stage4_hard_s113,hard_knee,113
penalized_rank_lambda_0.05,gradient_effective_rank,48,0.664526448880194,0.7750351231097901,0.7744329122206718,runs/20260612_185340_stage4_hard_s113,hard_knee,113
penalized_rank_lambda_0.05,whitened_gradient_effective_rank,48,0.664526448880194,0.7750351231097901,0.7744329122206718,runs/20260612_185340_stage4_hard_s113,hard_knee,113
penalized_rank_lambda_0.05,predicted_rank_detectable,48,0.6567147577304582,0.7649435646560853,0.7833975796205358,runs/20260612_185340_stage4_hard_s113,hard_knee,113
penalized_rank_lambda_0.05,predicted_rank_whitened_detectable,48,0.6567147577304582,0.7649435646560853,0.7833975796205358,runs/20260612_185340_stage4_hard_s113,hard_knee,113
penalized_rank_lambda_0.05,raw_gradient_effective_rank,48,0.6340845991478437,0.7567369300236233,0.8088071893178258,runs/20260612_185340_stage4_hard_s113,hard_knee,113
penalized_rank_lambda_0.05,gradient_stable_rank,48,0.6076596262756269,0.7135172715072171,0.8375025910435387,runs/20260612_185340_stage4_hard_s113,hard_knee,113
penalized_rank_lambda_0.05,whitened_gradient_stable_rank,48,0.6076596262756269,0.7135172715072171,0.8375025910435387,runs/20260612_185340_stage4_hard_s113,hard_knee,113
penalized_rank_lambda_0.05,predicted_rank_whitened_effective,48,0.5673780514942852,0.6996618902572688,0.8794455042353233,runs/20260612_185340_stage4_hard_s113,hard_knee,113
penalized_rank_lambda_0.05,raw_gradient_stable_rank,48,0.5631211221600017,0.719916026144711,0.8837617126126822,runs/20260612_185340_stage4_hard_s113,hard_knee,113
penalized_rank_lambda_0.05,raw_gradient_detectable_rank,48,0.5512299721826119,0.6705124220223025,0.8957082627275051,runs/20260612_185340_stage4_hard_s113,hard_knee,113
penalized_rank_lambda_0.05,predicted_rank_raw_effective,48,0.5258557902403496,0.7313980556837062,0.9206824914160148,runs/20260612_185340_stage4_hard_s113,hard_knee,113
penalized_rank_lambda_0.05,predicted_rank_raw_detectable,48,0.5118220737924786,0.6671233062399208,0.934208313367114,runs/20260612_185340_stage4_hard_s113,hard_knee,113
penalized_rank_lambda_0.05,predicted_rank_whitened_stable,48,0.4905773762873894,0.7275792311893569,0.9543194444356058,runs/20260612_185340_stage4_hard_s113,hard_knee,113
penalized_rank_lambda_0.05,predicted_rank_raw_stable,48,0.2769333827461278,0.5699451441415072,1.136956409428057,runs/20260612_185340_stage4_hard_s113,hard_knee,113
penalized_rank_lambda_0.08,gradient_detectable_rank,48,0.6450199907621442,0.7798347172515485,0.7904167593183,runs/20260612_185340_stage4_hard_s113,hard_knee,113
penalized_rank_lambda_0.08,whitened_gradient_detectable_rank,48,0.6450199907621442,0.7798347172515485,0.7904167593183,runs/20260612_185340_stage4_hard_s113,hard_knee,113
penalized_rank_lambda_0.08,gradient_effective_rank,48,0.6442807065785316,0.7667413681101475,0.7912393953410097,runs/20260612_185340_stage4_hard_s113,hard_knee,113
penalized_rank_lambda_0.08,whitened_gradient_effective_rank,48,0.6442807065785316,0.7667413681101475,0.7912393953410097,runs/20260612_185340_stage4_hard_s113,hard_knee,113
penalized_rank_lambda_0.08,true_k_strong,48,0.6431005354742347,0.7757431988958121,0.7925508572918761,runs/20260612_185340_stage4_hard_s113,hard_knee,113
penalized_rank_lambda_0.08,raw_gradient_effective_rank,48,0.6301752024778191,0.7764883191486555,0.8067745800839519,runs/20260612_185340_stage4_hard_s113,hard_knee,113
penalized_rank_lambda_0.08,predicted_rank_detectable,48,0.6173718677668834,0.74156364418955,0.8206210269550539,runs/20260612_185340_stage4_hard_s113,hard_knee,113
penalized_rank_lambda_0.08,predicted_rank_whitened_detectable,48,0.6173718677668834,0.74156364418955,0.8206210269550539,runs/20260612_185340_stage4_hard_s113,hard_knee,113
penalized_rank_lambda_0.08,gradient_stable_rank,48,0.6025054832623651,0.7442614058883862,0.8364110523610783,runs/20260612_185340_stage4_hard_s113,hard_knee,113
penalized_rank_lambda_0.08,whitened_gradient_stable_rank,48,0.6025054832623651,0.7442614058883862,0.8364110523610783,runs/20260612_185340_stage4_hard_s113,hard_knee,113
penalized_rank_lambda_0.08,raw_gradient_stable_rank,48,0.5770463868916831,0.7512476598119411,0.86278097807379,runs/20260612_185340_stage4_hard_s113,hard_knee,113
penalized_rank_lambda_0.08,predicted_rank_whitened_effective,48,0.5361436608956113,0.6848526546968762,0.9035369963439688,runs/20260612_185340_stage4_hard_s113,hard_knee,113
penalized_rank_lambda_0.08,raw_gradient_detectable_rank,48,0.5291962808802528,0.6814499050357943,0.9102781838400148,runs/20260612_185340_stage4_hard_s113,hard_knee,113
penalized_rank_lambda_0.08,predicted_rank_whitened_stable,48,0.5204343321159155,0.7528275845095367,0.9187095567605374,runs/20260612_185340_stage4_hard_s113,hard_knee,113
penalized_rank_lambda_0.08,predicted_rank_raw_detectable,48,0.4919912183092237,0.6644026246501099,0.9455615454209534,runs/20260612_185340_stage4_hard_s113,hard_knee,113
penalized_rank_lambda_0.08,predicted_rank_raw_effective,48,0.4794081381011096,0.6901791803667763,0.957200417305012,runs/20260612_185340_stage4_hard_s113,hard_knee,113
penalized_rank_lambda_0.08,predicted_rank_raw_stable,48,0.3030659887224816,0.607653623781238,1.1075160316219468,runs/20260612_185340_stage4_hard_s113,hard_knee,113
penalized_rank_lambda_0.1,gradient_effective_rank,48,0.6541238230965256,0.8053719457779923,0.7285765950337868,runs/20260612_185340_stage4_hard_s113,hard_knee,113
penalized_rank_lambda_0.1,whitened_gradient_effective_rank,48,0.6541238230965256,0.8053719457779923,0.7285765950337868,runs/20260612_185340_stage4_hard_s113,hard_knee,113
penalized_rank_lambda_0.1,gradient_detectable_rank,48,0.6521859967074702,0.8032912348062078,0.7306147275090467,runs/20260612_185340_stage4_hard_s113,hard_knee,113
penalized_rank_lambda_0.1,whitened_gradient_detectable_rank,48,0.6521859967074702,0.8032912348062078,0.7306147275090467,runs/20260612_185340_stage4_hard_s113,hard_knee,113
penalized_rank_lambda_0.1,true_k_strong,48,0.6449631179720363,0.790446619041991,0.738161901317594,runs/20260612_185340_stage4_hard_s113,hard_knee,113
penalized_rank_lambda_0.1,raw_gradient_effective_rank,48,0.6360696700993738,0.805485859773152,0.747349961289325,runs/20260612_185340_stage4_hard_s113,hard_knee,113
penalized_rank_lambda_0.1,predicted_rank_detectable,48,0.6336826105008337,0.7649278031898058,0.7497969312092466,runs/20260612_185340_stage4_hard_s113,hard_knee,113
penalized_rank_lambda_0.1,predicted_rank_whitened_detectable,48,0.6336826105008337,0.7649278031898058,0.7497969312092466,runs/20260612_185340_stage4_hard_s113,hard_knee,113
penalized_rank_lambda_0.1,gradient_stable_rank,48,0.6283797124632053,0.776096049021989,0.7552045507750405,runs/20260612_185340_stage4_hard_s113,hard_knee,113
penalized_rank_lambda_0.1,whitened_gradient_stable_rank,48,0.6283797124632053,0.776096049021989,0.7552045507750405,runs/20260612_185340_stage4_hard_s113,hard_knee,113
penalized_rank_lambda_0.1,predicted_rank_whitened_stable,48,0.5636495019183456,0.7963683184400195,0.8183378312675335,runs/20260612_185340_stage4_hard_s113,hard_knee,113
penalized_rank_lambda_0.1,raw_gradient_stable_rank,48,0.5612729042638633,0.7573571968182436,0.8205633572840462,runs/20260612_185340_stage4_hard_s113,hard_knee,113
penalized_rank_lambda_0.1,predicted_rank_whitened_effective,48,0.5548565275803403,0.7221545031005754,0.8265419403754516,runs/20260612_185340_stage4_hard_s113,hard_knee,113
penalized_rank_lambda_0.1,raw_gradient_detectable_rank,48,0.5512139516020225,0.7087580520670104,0.8299168160121072,runs/20260612_185340_stage4_hard_s113,hard_knee,113
penalized_rank_lambda_0.1,predicted_rank_raw_effective,48,0.5497737556561084,0.756677508988426,0.8312473893025002,runs/20260612_185340_stage4_hard_s113,hard_knee,113
penalized_rank_lambda_0.1,predicted_rank_raw_detectable,48,0.5178512305485046,0.6890245670981031,0.8602118523330802,runs/20260612_185340_stage4_hard_s113,hard_knee,113
penalized_rank_lambda_0.1,predicted_rank_raw_stable,48,0.2485782558485796,0.5554101866828377,1.0738825117349504,runs/20260612_185340_stage4_hard_s113,hard_knee,113
penalized_rank_lambda_0.15,gradient_effective_rank,48,0.6898028568079331,0.7941849969013005,0.7022570678688557,runs/20260612_185340_stage4_hard_s113,hard_knee,113
penalized_rank_lambda_0.15,whitened_gradient_effective_rank,48,0.6898028568079331,0.7941849969013005,0.7022570678688557,runs/20260612_185340_stage4_hard_s113,hard_knee,113
penalized_rank_lambda_0.15,gradient_detectable_rank,48,0.6865655709826498,0.7931206048083753,0.7059120115198868,runs/20260612_185340_stage4_hard_s113,hard_knee,113
penalized_rank_lambda_0.15,whitened_gradient_detectable_rank,48,0.6865655709826498,0.7931206048083753,0.7059120115198868,runs/20260612_185340_stage4_hard_s113,hard_knee,113
penalized_rank_lambda_0.15,true_k_strong,48,0.6821676217363803,0.7854215187907252,0.7108472551329515,runs/20260612_185340_stage4_hard_s113,hard_knee,113
penalized_rank_lambda_0.15,predicted_rank_detectable,48,0.6738384645072047,0.7613650097511985,0.7201012975225247,runs/20260612_185340_stage4_hard_s113,hard_knee,113
penalized_rank_lambda_0.15,predicted_rank_whitened_detectable,48,0.6738384645072047,0.7613650097511985,0.7201012975225247,runs/20260612_185340_stage4_hard_s113,hard_knee,113
penalized_rank_lambda_0.15,raw_gradient_effective_rank,48,0.6487677129480773,0.790904642975914,0.7472646494835047,runs/20260612_185340_stage4_hard_s113,hard_knee,113
penalized_rank_lambda_0.15,gradient_stable_rank,48,0.6467114950162614,0.7626822876523314,0.7494488118579151,runs/20260612_185340_stage4_hard_s113,hard_knee,113
penalized_rank_lambda_0.15,whitened_gradient_stable_rank,48,0.6467114950162614,0.7626822876523314,0.7494488118579151,runs/20260612_185340_stage4_hard_s113,hard_knee,113
penalized_rank_lambda_0.15,predicted_rank_whitened_stable,48,0.607477508618193,0.8136003959658737,0.7899679928059077,runs/20260612_185340_stage4_hard_s113,hard_knee,113
penalized_rank_lambda_0.15,raw_gradient_detectable_rank,48,0.5796252236488014,0.7254375467901211,0.8175146548164142,runs/20260612_185340_stage4_hard_s113,hard_knee,113
penalized_rank_lambda_0.15,predicted_rank_whitened_effective,48,0.5638652834914517,0.7096693924782101,0.8326980564401104,runs/20260612_185340_stage4_hard_s113,hard_knee,113
penalized_rank_lambda_0.15,predicted_rank_raw_detectable,48,0.5522862108227962,0.7099275299081051,0.8436794234258621,runs/20260612_185340_stage4_hard_s113,hard_knee,113
penalized_rank_lambda_0.15,predicted_rank_raw_effective,48,0.5307125307125309,0.7360207347504248,0.8637671850678282,runs/20260612_185340_stage4_hard_s113,hard_knee,113
penalized_rank_lambda_0.15,raw_gradient_stable_rank,48,0.4984398039538249,0.6851980656216533,0.8929738758400416,runs/20260612_185340_stage4_hard_s113,hard_knee,113
penalized_rank_lambda_0.15,predicted_rank_raw_stable,48,0.2367280457168097,0.5105458537157934,1.1015821104517882,runs/20260612_185340_stage4_hard_s113,hard_knee,113
penalized_rank_lambda_0.2,gradient_effective_rank,48,0.733522018213282,0.8119873840352281,0.656640067969684,runs/20260612_185340_stage4_hard_s113,hard_knee,113
penalized_rank_lambda_0.2,whitened_gradient_effective_rank,48,0.733522018213282,0.8119873840352281,0.656640067969684,runs/20260612_185340_stage4_hard_s113,hard_knee,113
penalized_rank_lambda_0.2,gradient_detectable_rank,48,0.7221235838986616,0.8054001636627429,0.6705367095324742,runs/20260612_185340_stage4_hard_s113,hard_knee,113
penalized_rank_lambda_0.2,whitened_gradient_detectable_rank,48,0.7221235838986616,0.8054001636627429,0.6705367095324742,runs/20260612_185340_stage4_hard_s113,hard_knee,113
penalized_rank_lambda_0.2,true_k_strong,48,0.7188492238163078,0.7995539171037974,0.6744757781809365,runs/20260612_185340_stage4_hard_s113,hard_knee,113
penalized_rank_lambda_0.2,predicted_rank_detectable,48,0.7055567050908096,0.7780474875422397,0.6902359083124395,runs/20260612_185340_stage4_hard_s113,hard_knee,113
penalized_rank_lambda_0.2,predicted_rank_whitened_detectable,48,0.7055567050908096,0.7780474875422397,0.6902359083124395,runs/20260612_185340_stage4_hard_s113,hard_knee,113
penalized_rank_lambda_0.2,gradient_stable_rank,48,0.7016139128574088,0.8010522940629504,0.694841900004277,runs/20260612_185340_stage4_hard_s113,hard_knee,113
penalized_rank_lambda_0.2,whitened_gradient_stable_rank,48,0.7016139128574088,0.8010522940629504,0.694841900004277,runs/20260612_185340_stage4_hard_s113,hard_knee,113
penalized_rank_lambda_0.2,raw_gradient_effective_rank,48,0.6985522164870335,0.8121012912224392,0.6983976380423003,runs/20260612_185340_stage4_hard_s113,hard_knee,113
penalized_rank_lambda_0.2,raw_gradient_detectable_rank,48,0.6367520673052925,0.7716139577589689,0.7666520302854104,runs/20260612_185340_stage4_hard_s113,hard_knee,113
penalized_rank_lambda_0.2,predicted_rank_whitened_stable,48,0.6333164705690366,0.8332526291726314,0.7702689932267099,runs/20260612_185340_stage4_hard_s113,hard_knee,113
penalized_rank_lambda_0.2,predicted_rank_raw_detectable,48,0.6206427300324504,0.7687397677397214,0.7834673817150157,runs/20260612_185340_stage4_hard_s113,hard_knee,113
penalized_rank_lambda_0.2,predicted_rank_whitened_effective,48,0.6109940358466289,0.7356438345534311,0.79336830125901,runs/20260612_185340_stage4_hard_s113,hard_knee,113
penalized_rank_lambda_0.2,predicted_rank_raw_effective,48,0.5508315450643777,0.7518006631655747,0.8525136444004218,runs/20260612_185340_stage4_hard_s113,hard_knee,113
penalized_rank_lambda_0.2,raw_gradient_stable_rank,48,0.528226537907659,0.6907331832488774,0.8737022784119259,runs/20260612_185340_stage4_hard_s113,hard_knee,113
penalized_rank_lambda_0.2,predicted_rank_raw_stable,48,0.2256904497826519,0.4896894800274727,1.1193193777688757,runs/20260612_185340_stage4_hard_s113,hard_knee,113
penalized_rank_lambda_0.3,gradient_effective_rank,48,0.7055466866829905,0.7979099157684594,0.599906145111893,runs/20260612_185340_stage4_hard_s113,hard_knee,113
penalized_rank_lambda_0.3,whitened_gradient_effective_rank,48,0.7055466866829905,0.7979099157684594,0.599906145111893,runs/20260612_185340_stage4_hard_s113,hard_knee,113
penalized_rank_lambda_0.3,true_k_strong,48,0.7010074779977005,0.8044620273204441,0.6045124520383987,runs/20260612_185340_stage4_hard_s113,hard_knee,113
penalized_rank_lambda_0.3,gradient_detectable_rank,48,0.6990790979691055,0.8024891998227673,0.6064587484679528,runs/20260612_185340_stage4_hard_s113,hard_knee,113
penalized_rank_lambda_0.3,whitened_gradient_detectable_rank,48,0.6990790979691055,0.8024891998227673,0.6064587484679528,runs/20260612_185340_stage4_hard_s113,hard_knee,113
penalized_rank_lambda_0.3,predicted_rank_detectable,48,0.6969885479994344,0.8144896381082475,0.6085616897430477,runs/20260612_185340_stage4_hard_s113,hard_knee,113
penalized_rank_lambda_0.3,predicted_rank_whitened_detectable,48,0.6969885479994344,0.8144896381082475,0.6085616897430477,runs/20260612_185340_stage4_hard_s113,hard_knee,113
penalized_rank_lambda_0.3,gradient_stable_rank,48,0.6667436018564209,0.7851871140417288,0.6382110744172487,runs/20260612_185340_stage4_hard_s113,hard_knee,113
penalized_rank_lambda_0.3,whitened_gradient_stable_rank,48,0.6667436018564209,0.7851871140417288,0.6382110744172487,runs/20260612_185340_stage4_hard_s113,hard_knee,113
penalized_rank_lambda_0.3,raw_gradient_effective_rank,48,0.6419255367285044,0.7668163395858423,0.6615486121372465,runs/20260612_185340_stage4_hard_s113,hard_knee,113
penalized_rank_lambda_0.3,predicted_rank_whitened_effective,48,0.6149271289458206,0.7621895603686,0.6860354365317658,runs/20260612_185340_stage4_hard_s113,hard_knee,113
penalized_rank_lambda_0.3,raw_gradient_detectable_rank,48,0.5582417120115694,0.7011783366071389,0.7347971124264875,runs/20260612_185340_stage4_hard_s113,hard_knee,113
penalized_rank_lambda_0.3,predicted_rank_whitened_stable,48,0.5393190459730384,0.7709466876552358,0.7503695751869783,runs/20260612_185340_stage4_hard_s113,hard_knee,113
penalized_rank_lambda_0.3,predicted_rank_raw_detectable,48,0.5327050997782705,0.7016545952996132,0.7557368664966093,runs/20260612_185340_stage4_hard_s113,hard_knee,113
penalized_rank_lambda_0.3,predicted_rank_raw_effective,48,0.5118963068181819,0.7303138342051054,0.7723802046631928,runs/20260612_185340_stage4_hard_s113,hard_knee,113
penalized_rank_lambda_0.3,raw_gradient_stable_rank,48,0.4414022055857903,0.6217526189633074,0.8262751585382241,runs/20260612_185340_stage4_hard_s113,hard_knee,113
penalized_rank_lambda_0.3,predicted_rank_raw_stable,48,0.140230555960893,0.3787076668169365,1.0250996636875078,runs/20260612_185340_stage4_hard_s113,hard_knee,113
penalized_rank_lambda_0.5,predicted_rank_detectable,48,0.7912952051343833,0.8552636067247467,0.4811775990256025,runs/20260612_185340_stage4_hard_s113,hard_knee,113
penalized_rank_lambda_0.5,predicted_rank_whitened_detectable,48,0.7912952051343833,0.8552636067247467,0.4811775990256025,runs/20260612_185340_stage4_hard_s113,hard_knee,113
penalized_rank_lambda_0.5,gradient_effective_rank,48,0.777640303712446,0.8069103383543043,0.4966691937990569,runs/20260612_185340_stage4_hard_s113,hard_knee,113
penalized_rank_lambda_0.5,whitened_gradient_effective_rank,48,0.777640303712446,0.8069103383543043,0.4966691937990569,runs/20260612_185340_stage4_hard_s113,hard_knee,113
penalized_rank_lambda_0.5,true_k_strong,48,0.7758910717600868,0.8083814744958889,0.4986189349254135,runs/20260612_185340_stage4_hard_s113,hard_knee,113
penalized_rank_lambda_0.5,gradient_detectable_rank,48,0.769984095808709,0.8035200839853779,0.5051473980059815,runs/20260612_185340_stage4_hard_s113,hard_knee,113
penalized_rank_lambda_0.5,whitened_gradient_detectable_rank,48,0.769984095808709,0.8035200839853779,0.5051473980059815,runs/20260612_185340_stage4_hard_s113,hard_knee,113
penalized_rank_lambda_0.5,gradient_stable_rank,48,0.7040567744714715,0.7668719008979065,0.5729851794075579,runs/20260612_185340_stage4_hard_s113,hard_knee,113
penalized_rank_lambda_0.5,whitened_gradient_stable_rank,48,0.7040567744714715,0.7668719008979065,0.5729851794075579,runs/20260612_185340_stage4_hard_s113,hard_knee,113
penalized_rank_lambda_0.5,predicted_rank_whitened_effective,48,0.7003675539939855,0.8145464076554986,0.5765455270730337,runs/20260612_185340_stage4_hard_s113,hard_knee,113
penalized_rank_lambda_0.5,raw_gradient_effective_rank,48,0.6996685394921062,0.757305194603015,0.5772176487261497,runs/20260612_185340_stage4_hard_s113,hard_knee,113
penalized_rank_lambda_0.5,raw_gradient_detectable_rank,48,0.635220500840006,0.7548631147043938,0.636142481587748,runs/20260612_185340_stage4_hard_s113,hard_knee,113
penalized_rank_lambda_0.5,predicted_rank_raw_detectable,48,0.6351769151494333,0.7738551698499518,0.6361804852053365,runs/20260612_185340_stage4_hard_s113,hard_knee,113
penalized_rank_lambda_0.5,predicted_rank_whitened_stable,48,0.546296792159803,0.7597741448553228,0.709455422276635,runs/20260612_185340_stage4_hard_s113,hard_knee,113
penalized_rank_lambda_0.5,predicted_rank_raw_effective,48,0.4935446009389671,0.6953586674751336,0.7495658465627508,runs/20260612_185340_stage4_hard_s113,hard_knee,113
penalized_rank_lambda_0.5,raw_gradient_stable_rank,48,0.4637803536931468,0.625142918751366,0.7712772978129625,runs/20260612_185340_stage4_hard_s113,hard_knee,113
penalized_rank_lambda_0.5,predicted_rank_raw_stable,48,0.1711165871634301,0.4055640776975309,0.958927805476288,runs/20260612_185340_stage4_hard_s113,hard_knee,113
recovery_rank_0.5,predicted_rank_raw_effective,48,0.8483523873570948,0.9203713848606884,0.3128470295350251,runs/20260612_185340_stage4_hard_s113,hard_knee,113
recovery_rank_0.5,raw_gradient_effective_rank,48,0.8071073133430541,0.9178491286657356,0.3528353809004112,runs/20260612_185340_stage4_hard_s113,hard_knee,113
recovery_rank_0.5,gradient_stable_rank,48,0.7757145721095157,0.8819736027758583,0.3804650567486444,runs/20260612_185340_stage4_hard_s113,hard_knee,113
recovery_rank_0.5,whitened_gradient_stable_rank,48,0.7757145721095157,0.8819736027758583,0.3804650567486444,runs/20260612_185340_stage4_hard_s113,hard_knee,113
recovery_rank_0.5,raw_gradient_detectable_rank,48,0.7586833677414303,0.8749617973096069,0.3946461540148165,runs/20260612_185340_stage4_hard_s113,hard_knee,113
recovery_rank_0.5,gradient_effective_rank,48,0.7540475509589966,0.8896900080234404,0.3984187995197412,runs/20260612_185340_stage4_hard_s113,hard_knee,113
recovery_rank_0.5,whitened_gradient_effective_rank,48,0.7540475509589966,0.8896900080234404,0.3984187995197412,runs/20260612_185340_stage4_hard_s113,hard_knee,113
recovery_rank_0.5,gradient_detectable_rank,48,0.7385334895208214,0.8653045219888968,0.4107922884978444,runs/20260612_185340_stage4_hard_s113,hard_knee,113
recovery_rank_0.5,whitened_gradient_detectable_rank,48,0.7385334895208214,0.8653045219888968,0.4107922884978444,runs/20260612_185340_stage4_hard_s113,hard_knee,113
recovery_rank_0.5,predicted_rank_raw_detectable,48,0.7371856906195156,0.8541188832844856,0.4118496968121108,runs/20260612_185340_stage4_hard_s113,hard_knee,113
recovery_rank_0.5,predicted_rank_detectable,48,0.7338099715418541,0.8638435134215561,0.4144862597393319,runs/20260612_185340_stage4_hard_s113,hard_knee,113
recovery_rank_0.5,predicted_rank_whitened_detectable,48,0.7338099715418541,0.8638435134215561,0.4144862597393319,runs/20260612_185340_stage4_hard_s113,hard_knee,113
recovery_rank_0.5,raw_gradient_stable_rank,48,0.732135449361923,0.8536417267921994,0.4157879206575941,runs/20260612_185340_stage4_hard_s113,hard_knee,113
recovery_rank_0.5,predicted_rank_whitened_stable,48,0.7264198465279571,0.8645804065186165,0.4202004772303796,runs/20260612_185340_stage4_hard_s113,hard_knee,113
recovery_rank_0.5,true_k_strong,48,0.714953900088517,0.8443959667858093,0.4289155568805946,runs/20260612_185340_stage4_hard_s113,hard_knee,113
recovery_rank_0.5,predicted_rank_whitened_effective,48,0.676599061021061,0.8328171596717127,0.4568618406400581,runs/20260612_185340_stage4_hard_s113,hard_knee,113
recovery_rank_0.5,predicted_rank_raw_stable,48,0.3373064148246817,0.5901645443167953,0.6539892810041092,runs/20260612_185340_stage4_hard_s113,hard_knee,113
recovery_rank_0.6,raw_gradient_effective_rank,48,0.9096876382398628,0.9052597966091028,0.2599566868256719,runs/20260612_185340_stage4_hard_s113,hard_knee,113
recovery_rank_0.6,gradient_effective_rank,48,0.8930585070168366,0.9005226966791755,0.2828788741195878,runs/20260612_185340_stage4_hard_s113,hard_knee,113
recovery_rank_0.6,whitened_gradient_effective_rank,48,0.8930585070168366,0.9005226966791755,0.2828788741195878,runs/20260612_185340_stage4_hard_s113,hard_knee,113
recovery_rank_0.6,gradient_stable_rank,48,0.8922082102176824,0.9026543916476428,0.2840012391043577,runs/20260612_185340_stage4_hard_s113,hard_knee,113
recovery_rank_0.6,whitened_gradient_stable_rank,48,0.8922082102176824,0.9026543916476428,0.2840012391043577,runs/20260612_185340_stage4_hard_s113,hard_knee,113
recovery_rank_0.6,gradient_detectable_rank,48,0.883728298015068,0.9059832999556592,0.2949608718033208,runs/20260612_185340_stage4_hard_s113,hard_knee,113
recovery_rank_0.6,whitened_gradient_detectable_rank,48,0.883728298015068,0.9059832999556592,0.2949608718033208,runs/20260612_185340_stage4_hard_s113,hard_knee,113
recovery_rank_0.6,raw_gradient_detectable_rank,48,0.8799875015086578,0.8939739691554411,0.2996681812211694,runs/20260612_185340_stage4_hard_s113,hard_knee,113
recovery_rank_0.6,predicted_rank_whitened_effective,48,0.8767415987096365,0.9260299459452024,0.3036936131823562,runs/20260612_185340_stage4_hard_s113,hard_knee,113
recovery_rank_0.6,true_k_strong,48,0.8711839484731706,0.896112524902777,0.3104648122843824,runs/20260612_185340_stage4_hard_s113,hard_knee,113
recovery_rank_0.6,predicted_rank_detectable,48,0.8589962220305773,0.913161946109989,0.3248200043892396,runs/20260612_185340_stage4_hard_s113,hard_knee,113
recovery_rank_0.6,predicted_rank_whitened_detectable,48,0.8589962220305773,0.913161946109989,0.3248200043892396,runs/20260612_185340_stage4_hard_s113,hard_knee,113
recovery_rank_0.6,predicted_rank_raw_detectable,48,0.7879576707600022,0.8660409570909179,0.398326019594727,runs/20260612_185340_stage4_hard_s113,hard_knee,113
recovery_rank_0.6,raw_gradient_stable_rank,48,0.7635412877892137,0.8261502277793172,0.4206346580591066,runs/20260612_185340_stage4_hard_s113,hard_knee,113
recovery_rank_0.6,predicted_rank_whitened_stable,48,0.7065450407135232,0.8758538583661181,0.4685955068600527,runs/20260612_185340_stage4_hard_s113,hard_knee,113
recovery_rank_0.6,predicted_rank_raw_effective,48,0.6821345707656612,0.8439249387982212,0.4876958296133177,runs/20260612_185340_stage4_hard_s113,hard_knee,113
recovery_rank_0.6,predicted_rank_raw_stable,48,0.3197200880404298,0.582142784629135,0.7134626076087371,runs/20260612_185340_stage4_hard_s113,hard_knee,113
recovery_rank_0.7,gradient_effective_rank,48,0.8379362631182494,0.8829964501020019,0.4282251819377587,runs/20260612_185340_stage4_hard_s113,hard_knee,113
recovery_rank_0.7,whitened_gradient_effective_rank,48,0.8379362631182494,0.8829964501020019,0.4282251819377587,runs/20260612_185340_stage4_hard_s113,hard_knee,113
recovery_rank_0.7,gradient_stable_rank,48,0.8377090264246263,0.8871395419499878,0.4285252934559523,runs/20260612_185340_stage4_hard_s113,hard_knee,113
recovery_rank_0.7,whitened_gradient_stable_rank,48,0.8377090264246263,0.8871395419499878,0.4285252934559523,runs/20260612_185340_stage4_hard_s113,hard_knee,113
recovery_rank_0.7,gradient_detectable_rank,48,0.8259449801390717,0.8867249062009994,0.4437849344510964,runs/20260612_185340_stage4_hard_s113,hard_knee,113
recovery_rank_0.7,whitened_gradient_detectable_rank,48,0.8259449801390717,0.8867249062009994,0.4437849344510964,runs/20260612_185340_stage4_hard_s113,hard_knee,113
recovery_rank_0.7,true_k_strong,48,0.8210862111236827,0.883130606957029,0.4499364575124512,runs/20260612_185340_stage4_hard_s113,hard_knee,113
recovery_rank_0.7,raw_gradient_effective_rank,48,0.8146282370936649,0.8866216554689895,0.4579848039884966,runs/20260612_185340_stage4_hard_s113,hard_knee,113
recovery_rank_0.7,predicted_rank_detectable,48,0.763089803084291,0.8475527927900091,0.5177512487910348,runs/20260612_185340_stage4_hard_s113,hard_knee,113
recovery_rank_0.7,predicted_rank_whitened_detectable,48,0.763089803084291,0.8475527927900091,0.5177512487910348,runs/20260612_185340_stage4_hard_s113,hard_knee,113
recovery_rank_0.7,predicted_rank_whitened_stable,48,0.7497932591545722,0.8874740844916139,0.5320822620486599,runs/20260612_185340_stage4_hard_s113,hard_knee,113
recovery_rank_0.7,raw_gradient_detectable_rank,48,0.7354013744823382,0.823118091843347,0.5471709979603421,runs/20260612_185340_stage4_hard_s113,hard_knee,113
recovery_rank_0.7,predicted_rank_whitened_effective,48,0.7050643666046481,0.8153795401931607,0.5776874080616798,runs/20260612_185340_stage4_hard_s113,hard_knee,113
recovery_rank_0.7,predicted_rank_raw_detectable,48,0.6820286844985826,0.8156644245808989,0.5998231870235236,runs/20260612_185340_stage4_hard_s113,hard_knee,113
recovery_rank_0.7,raw_gradient_stable_rank,48,0.6714884460364474,0.7948406624476345,0.6096837256357706,runs/20260612_185340_stage4_hard_s113,hard_knee,113
recovery_rank_0.7,predicted_rank_raw_effective,48,0.665132336018412,0.8328045158984366,0.6155536126122565,runs/20260612_185340_stage4_hard_s113,hard_knee,113
recovery_rank_0.7,predicted_rank_raw_stable,48,0.2905924966798243,0.5810025839335361,0.8959363703234018,runs/20260612_185340_stage4_hard_s113,hard_knee,113
recovery_rank_0.8,true_k_strong,48,0.7703899768952691,0.8537441499751495,0.6729353535163003,runs/20260612_185340_stage4_hard_s113,hard_knee,113
recovery_rank_0.8,gradient_detectable_rank,48,0.769014154395605,0.8494520716618083,0.6749484556021881,runs/20260612_185340_stage4_hard_s113,hard_knee,113
recovery_rank_0.8,whitened_gradient_detectable_rank,48,0.769014154395605,0.8494520716618083,0.6749484556021881,runs/20260612_185340_stage4_hard_s113,hard_knee,113
recovery_rank_0.8,gradient_effective_rank,48,0.765108691979002,0.8431563888862053,0.6806304852751286,runs/20260612_185340_stage4_hard_s113,hard_knee,113
recovery_rank_0.8,whitened_gradient_effective_rank,48,0.765108691979002,0.8431563888862053,0.6806304852751286,runs/20260612_185340_stage4_hard_s113,hard_knee,113
recovery_rank_0.8,predicted_rank_detectable,48,0.7328368343810922,0.8303125898324729,0.7258823129081229,runs/20260612_185340_stage4_hard_s113,hard_knee,113
recovery_rank_0.8,predicted_rank_whitened_detectable,48,0.7328368343810922,0.8303125898324729,0.7258823129081229,runs/20260612_185340_stage4_hard_s113,hard_knee,113
recovery_rank_0.8,raw_gradient_effective_rank,48,0.7240710794984553,0.8127191701063692,0.7376944819957211,runs/20260612_185340_stage4_hard_s113,hard_knee,113
recovery_rank_0.8,gradient_stable_rank,48,0.7143977655533521,0.8059048673944655,0.7505138729510601,runs/20260612_185340_stage4_hard_s113,hard_knee,113
recovery_rank_0.8,whitened_gradient_stable_rank,48,0.7143977655533521,0.8059048673944655,0.7505138729510601,runs/20260612_185340_stage4_hard_s113,hard_knee,113
recovery_rank_0.8,predicted_rank_whitened_stable,48,0.683821560541959,0.8345744951032086,0.7896671099182819,runs/20260612_185340_stage4_hard_s113,hard_knee,113
recovery_rank_0.8,predicted_rank_whitened_effective,48,0.6481202093943965,0.7875421362824563,0.8330577066345844,runs/20260612_185340_stage4_hard_s113,hard_knee,113
recovery_rank_0.8,raw_gradient_detectable_rank,48,0.6447120513036175,0.7453790935349371,0.8370823064112359,runs/20260612_185340_stage4_hard_s113,hard_knee,113
recovery_rank_0.8,predicted_rank_raw_effective,48,0.6103653169014084,0.7823447652723506,0.876610620832052,runs/20260612_185340_stage4_hard_s113,hard_knee,113
recovery_rank_0.8,raw_gradient_stable_rank,48,0.6094762441072314,0.7100503425803549,0.8776101809330864,runs/20260612_185340_stage4_hard_s113,hard_knee,113
recovery_rank_0.8,predicted_rank_raw_detectable,48,0.5774647887323943,0.7392772223685188,0.9128709291752768,runs/20260612_185340_stage4_hard_s113,hard_knee,113
recovery_rank_0.8,predicted_rank_raw_stable,48,0.2686003662423981,0.4796669551389919,1.2010339757983273,runs/20260612_185340_stage4_hard_s113,hard_knee,113
recovery_rank_0.85,predicted_rank_detectable,44,0.7879336032935649,0.83997696272707,0.5831014325739747,runs/20260612_185340_stage4_hard_s113,hard_knee,113
recovery_rank_0.85,predicted_rank_whitened_detectable,44,0.7879336032935649,0.83997696272707,0.5831014325739747,runs/20260612_185340_stage4_hard_s113,hard_knee,113
recovery_rank_0.85,true_k_strong,44,0.7856643535455423,0.8254248517252125,0.586212915175636,runs/20260612_185340_stage4_hard_s113,hard_knee,113
recovery_rank_0.85,gradient_effective_rank,44,0.7849904731435745,0.8283741878159981,0.5871337311598389,runs/20260612_185340_stage4_hard_s113,hard_knee,113
recovery_rank_0.85,whitened_gradient_effective_rank,44,0.7849904731435745,0.8283741878159981,0.5871337311598389,runs/20260612_185340_stage4_hard_s113,hard_knee,113
recovery_rank_0.85,gradient_detectable_rank,44,0.7848911698697055,0.8259066971934648,0.5872693008996381,runs/20260612_185340_stage4_hard_s113,hard_knee,113
recovery_rank_0.85,whitened_gradient_detectable_rank,44,0.7848911698697055,0.8259066971934648,0.5872693008996381,runs/20260612_185340_stage4_hard_s113,hard_knee,113
recovery_rank_0.85,gradient_stable_rank,44,0.7225044036212509,0.7928702923070303,0.6670159630926937,runs/20260612_185340_stage4_hard_s113,hard_knee,113
recovery_rank_0.85,whitened_gradient_stable_rank,44,0.7225044036212509,0.7928702923070303,0.6670159630926937,runs/20260612_185340_stage4_hard_s113,hard_knee,113
recovery_rank_0.85,raw_gradient_effective_rank,44,0.7207637888545084,0.805330433225611,0.6691046500702742,runs/20260612_185340_stage4_hard_s113,hard_knee,113
recovery_rank_0.85,predicted_rank_whitened_effective,44,0.6628305223655264,0.7693887039994469,0.735245383568355,runs/20260612_185340_stage4_hard_s113,hard_knee,113
recovery_rank_0.85,predicted_rank_raw_detectable,44,0.6523371707786559,0.7849281496442638,0.7465988383081952,runs/20260612_185340_stage4_hard_s113,hard_knee,113
recovery_rank_0.85,raw_gradient_detectable_rank,44,0.652058472433372,0.761914703500424,0.7468980278675564,runs/20260612_185340_stage4_hard_s113,hard_knee,113
recovery_rank_0.85,predicted_rank_whitened_stable,44,0.5741790127671196,0.7850749989913662,0.8262694792001433,runs/20260612_185340_stage4_hard_s113,hard_knee,113
recovery_rank_0.85,predicted_rank_raw_effective,44,0.5493760173629951,0.7525155462528501,0.8499929636635305,runs/20260612_185340_stage4_hard_s113,hard_knee,113
recovery_rank_0.85,raw_gradient_stable_rank,44,0.5402280659981593,0.6789275578829017,0.8585773125483726,runs/20260612_185340_stage4_hard_s113,hard_knee,113
recovery_rank_0.85,predicted_rank_raw_stable,44,0.1750914532756902,0.4052906744899369,1.1500350625790894,runs/20260612_185340_stage4_hard_s113,hard_knee,113
recovery_rank_0.9,true_k_strong,44,0.6790026256574796,0.7590555321126496,0.9401613746821356,runs/20260612_185340_stage4_hard_s113,hard_knee,113
recovery_rank_0.9,gradient_detectable_rank,44,0.6677721000800623,0.7461739239676238,0.956466393566065,runs/20260612_185340_stage4_hard_s113,hard_knee,113
recovery_rank_0.9,whitened_gradient_detectable_rank,44,0.6677721000800623,0.7461739239676238,0.956466393566065,runs/20260612_185340_stage4_hard_s113,hard_knee,113
recovery_rank_0.9,predicted_rank_detectable,44,0.6575006843979861,0.7326086153883704,0.9711392760722491,runs/20260612_185340_stage4_hard_s113,hard_knee,113
recovery_rank_0.9,predicted_rank_whitened_detectable,44,0.6575006843979861,0.7326086153883704,0.9711392760722491,runs/20260612_185340_stage4_hard_s113,hard_knee,113
recovery_rank_0.9,gradient_effective_rank,44,0.649186733711737,0.7154600866061966,0.9828554922720976,runs/20260612_185340_stage4_hard_s113,hard_knee,113
recovery_rank_0.9,whitened_gradient_effective_rank,44,0.649186733711737,0.7154600866061966,0.9828554922720976,runs/20260612_185340_stage4_hard_s113,hard_knee,113
recovery_rank_0.9,gradient_stable_rank,44,0.5581939933814332,0.6557304676278076,1.1029795815311254,runs/20260612_185340_stage4_hard_s113,hard_knee,113
recovery_rank_0.9,whitened_gradient_stable_rank,44,0.5581939933814332,0.6557304676278076,1.1029795815311254,runs/20260612_185340_stage4_hard_s113,hard_knee,113
recovery_rank_0.9,raw_gradient_effective_rank,44,0.5558271927087451,0.6679642450089234,1.1059300234515423,runs/20260612_185340_stage4_hard_s113,hard_knee,113
recovery_rank_0.9,predicted_rank_whitened_effective,44,0.5068968196598564,0.652930806680927,1.1652539038025662,runs/20260612_185340_stage4_hard_s113,hard_knee,113
recovery_rank_0.9,predicted_rank_whitened_stable,44,0.4670025752160611,0.6848141970453334,1.2114743407378072,runs/20260612_185340_stage4_hard_s113,hard_knee,113
recovery_rank_0.9,raw_gradient_detectable_rank,44,0.4659679339456488,0.592750443993091,1.212649612507564,runs/20260612_185340_stage4_hard_s113,hard_knee,113
recovery_rank_0.9,predicted_rank_raw_detectable,44,0.4523795812373478,0.6120807582940874,1.227980530832289,runs/20260612_185340_stage4_hard_s113,hard_knee,113
recovery_rank_0.9,raw_gradient_stable_rank,44,0.4091541516383589,0.5689426116182449,1.275524365033197,runs/20260612_185340_stage4_hard_s113,hard_knee,113
recovery_rank_0.9,predicted_rank_raw_effective,44,0.4048440600657524,0.6106310148797467,1.2801682473904727,runs/20260612_185340_stage4_hard_s113,hard_knee,113
recovery_rank_0.9,predicted_rank_raw_stable,44,0.1726318229485948,0.3905676587884398,1.5093886192960564,runs/20260612_185340_stage4_hard_s113,hard_knee,113
recovery_rank_0.95,raw_gradient_stable_rank,28,0.6821458467902084,0.8229635269202162,0.9952166825720904,runs/20260612_185340_stage4_hard_s113,hard_knee,113
recovery_rank_0.95,raw_gradient_effective_rank,28,0.5719617087972798,0.742790230170012,1.1549016796036506,runs/20260612_185340_stage4_hard_s113,hard_knee,113
recovery_rank_0.95,predicted_rank_raw_effective,28,0.5669138715658183,0.7623914564186,1.161691573062476,runs/20260612_185340_stage4_hard_s113,hard_knee,113
recovery_rank_0.95,gradient_effective_rank,28,0.5200702828247816,0.7408347839078118,1.2229044441051249,runs/20260612_185340_stage4_hard_s113,hard_knee,113
recovery_rank_0.95,whitened_gradient_effective_rank,28,0.5200702828247816,0.7408347839078118,1.2229044441051249,runs/20260612_185340_stage4_hard_s113,hard_knee,113
recovery_rank_0.95,gradient_stable_rank,28,0.5068399480582129,0.6869203369642946,1.2396458960399153,runs/20260612_185340_stage4_hard_s113,hard_knee,113
recovery_rank_0.95,whitened_gradient_stable_rank,28,0.5068399480582129,0.6869203369642946,1.2396458960399153,runs/20260612_185340_stage4_hard_s113,hard_knee,113
recovery_rank_0.95,gradient_detectable_rank,28,0.5034438662350205,0.6939650788460938,1.2439069021059996,runs/20260612_185340_stage4_hard_s113,hard_knee,113
recovery_rank_0.95,whitened_gradient_detectable_rank,28,0.5034438662350205,0.6939650788460938,1.2439069021059996,runs/20260612_185340_stage4_hard_s113,hard_knee,113
recovery_rank_0.95,true_k_strong,28,0.5034438662350205,0.6939650788460938,1.2439069021059996,runs/20260612_185340_stage4_hard_s113,hard_knee,113
recovery_rank_0.95,raw_gradient_detectable_rank,28,0.5016536033060449,0.6561194416911905,1.246147249834287,runs/20260612_185340_stage4_hard_s113,hard_knee,113
recovery_rank_0.95,predicted_rank_detectable,28,0.4973724812361519,0.6915481215179542,1.2514884140229892,runs/20260612_185340_stage4_hard_s113,hard_knee,113
recovery_rank_0.95,predicted_rank_whitened_detectable,28,0.4973724812361519,0.6915481215179542,1.2514884140229892,runs/20260612_185340_stage4_hard_s113,hard_knee,113
recovery_rank_0.95,predicted_rank_whitened_effective,28,0.4631553621032832,0.6422039897086712,1.2933855719512777,runs/20260612_185340_stage4_hard_s113,hard_knee,113
recovery_rank_0.95,predicted_rank_raw_detectable,28,0.4604993860008186,0.6599801136839406,1.296581061476525,runs/20260612_185340_stage4_hard_s113,hard_knee,113
recovery_rank_0.95,predicted_rank_whitened_stable,28,0.3671877216374932,0.6135312772234942,1.404239388514151,runs/20260612_185340_stage4_hard_s113,hard_knee,113
recovery_rank_0.95,predicted_rank_raw_stable,28,0.3294793813569262,0.5749698091425786,1.4454722902988215,runs/20260612_185340_stage4_hard_s113,hard_knee,113
best_rank,gradient_detectable_rank,48,,,0.0,runs/20260612_193443_stage4_sample_s101,sample_limited,101
best_rank,predicted_rank_detectable,48,,,0.0,runs/20260612_193443_stage4_sample_s101,sample_limited,101
best_rank,gradient_effective_rank,48,,,0.0,runs/20260612_193443_stage4_sample_s101,sample_limited,101
best_rank,gradient_stable_rank,48,,,0.0,runs/20260612_193443_stage4_sample_s101,sample_limited,101
best_rank,raw_gradient_detectable_rank,48,,,0.0,runs/20260612_193443_stage4_sample_s101,sample_limited,101
best_rank,raw_gradient_effective_rank,48,,,0.0,runs/20260612_193443_stage4_sample_s101,sample_limited,101
best_rank,raw_gradient_stable_rank,48,,,0.0,runs/20260612_193443_stage4_sample_s101,sample_limited,101
best_rank,predicted_rank_raw_detectable,48,,,0.0,runs/20260612_193443_stage4_sample_s101,sample_limited,101
best_rank,predicted_rank_raw_effective,48,,,0.0,runs/20260612_193443_stage4_sample_s101,sample_limited,101
best_rank,predicted_rank_raw_stable,48,,,0.0,runs/20260612_193443_stage4_sample_s101,sample_limited,101
best_rank,whitened_gradient_detectable_rank,48,,,0.0,runs/20260612_193443_stage4_sample_s101,sample_limited,101
best_rank,whitened_gradient_effective_rank,48,,,0.0,runs/20260612_193443_stage4_sample_s101,sample_limited,101
best_rank,whitened_gradient_stable_rank,48,,,0.0,runs/20260612_193443_stage4_sample_s101,sample_limited,101
best_rank,predicted_rank_whitened_detectable,48,,,0.0,runs/20260612_193443_stage4_sample_s101,sample_limited,101
best_rank,predicted_rank_whitened_effective,48,,,0.0,runs/20260612_193443_stage4_sample_s101,sample_limited,101
best_rank,predicted_rank_whitened_stable,48,,,0.0,runs/20260612_193443_stage4_sample_s101,sample_limited,101
best_rank,true_k_strong,48,,,0.0,runs/20260612_193443_stage4_sample_s101,sample_limited,101
near_best_rank_gap_0.02,gradient_effective_rank,48,0.7507735577059114,0.766697816211299,0.7890712394578656,runs/20260612_193443_stage4_sample_s101,sample_limited,101
near_best_rank_gap_0.02,whitened_gradient_effective_rank,48,0.7507735577059114,0.766697816211299,0.7890712394578656,runs/20260612_193443_stage4_sample_s101,sample_limited,101
near_best_rank_gap_0.02,raw_gradient_effective_rank,48,0.6754072262862222,0.708912963325597,0.9005100805451395,runs/20260612_193443_stage4_sample_s101,sample_limited,101
near_best_rank_gap_0.02,predicted_rank_whitened_effective,48,0.6348943038400323,0.7345324733813987,0.955055169267245,runs/20260612_193443_stage4_sample_s101,sample_limited,101
near_best_rank_gap_0.02,predicted_rank_raw_effective,48,0.581071084310341,0.6934274958972807,1.0230322487971006,runs/20260612_193443_stage4_sample_s101,sample_limited,101
near_best_rank_gap_0.02,raw_gradient_detectable_rank,48,0.5791919487429158,0.6686486972783214,1.0253241236844464,runs/20260612_193443_stage4_sample_s101,sample_limited,101
near_best_rank_gap_0.02,gradient_stable_rank,48,0.5769406190330899,0.6806030454803842,1.0280632151406444,runs/20260612_193443_stage4_sample_s101,sample_limited,101
near_best_rank_gap_0.02,whitened_gradient_stable_rank,48,0.5769406190330899,0.6806030454803842,1.0280632151406444,runs/20260612_193443_stage4_sample_s101,sample_limited,101
near_best_rank_gap_0.02,predicted_rank_detectable,48,0.5710809440916295,0.7042529667430248,1.0351584364879594,runs/20260612_193443_stage4_sample_s101,sample_limited,101
near_best_rank_gap_0.02,predicted_rank_whitened_detectable,48,0.5710809440916295,0.7042529667430248,1.0351584364879594,runs/20260612_193443_stage4_sample_s101,sample_limited,101
near_best_rank_gap_0.02,true_k_strong,48,0.5685882668349109,0.7322722233812817,1.0381620076892195,runs/20260612_193443_stage4_sample_s101,sample_limited,101
near_best_rank_gap_0.02,gradient_detectable_rank,48,0.5626007004735322,0.7004141276803427,1.045341511197307,runs/20260612_193443_stage4_sample_s101,sample_limited,101
near_best_rank_gap_0.02,whitened_gradient_detectable_rank,48,0.5626007004735322,0.7004141276803427,1.045341511197307,runs/20260612_193443_stage4_sample_s101,sample_limited,101
near_best_rank_gap_0.02,predicted_rank_raw_detectable,48,0.5512025437702409,0.6965568109299806,1.058874156037439,runs/20260612_193443_stage4_sample_s101,sample_limited,101
near_best_rank_gap_0.02,predicted_rank_whitened_stable,48,0.4951929738258472,0.6577801478993135,1.1230054159924048,runs/20260612_193443_stage4_sample_s101,sample_limited,101
near_best_rank_gap_0.02,raw_gradient_stable_rank,48,0.4706572773935664,0.5815183330221394,1.149972960001139,runs/20260612_193443_stage4_sample_s101,sample_limited,101
near_best_rank_gap_0.02,predicted_rank_raw_stable,48,0.1402993441991112,0.3657325947177969,1.4655234913304722,runs/20260612_193443_stage4_sample_s101,sample_limited,101
near_best_rank_gap_0.05,gradient_effective_rank,48,0.8026880467769015,0.8104854960286015,0.6537764091146098,runs/20260612_193443_stage4_sample_s101,sample_limited,101
near_best_rank_gap_0.05,whitened_gradient_effective_rank,48,0.8026880467769015,0.8104854960286015,0.6537764091146098,runs/20260612_193443_stage4_sample_s101,sample_limited,101
near_best_rank_gap_0.05,raw_gradient_effective_rank,48,0.7574751239356854,0.7881739036457496,0.7248208759914418,runs/20260612_193443_stage4_sample_s101,sample_limited,101
near_best_rank_gap_0.05,gradient_stable_rank,48,0.7418584478771924,0.7904839422510447,0.7477931904356065,runs/20260612_193443_stage4_sample_s101,sample_limited,101
near_best_rank_gap_0.05,whitened_gradient_stable_rank,48,0.7418584478771924,0.7904839422510447,0.7477931904356065,runs/20260612_193443_stage4_sample_s101,sample_limited,101
near_best_rank_gap_0.05,gradient_detectable_rank,48,0.7023386726626566,0.7575567772909308,0.8029966890424536,runs/20260612_193443_stage4_sample_s101,sample_limited,101
near_best_rank_gap_0.05,whitened_gradient_detectable_rank,48,0.7023386726626566,0.7575567772909308,0.8029966890424536,runs/20260612_193443_stage4_sample_s101,sample_limited,101
near_best_rank_gap_0.05,predicted_rank_detectable,48,0.6839300840522842,0.7467656086044896,0.8274545111949113,runs/20260612_193443_stage4_sample_s101,sample_limited,101
near_best_rank_gap_0.05,predicted_rank_whitened_detectable,48,0.6839300840522842,0.7467656086044896,0.8274545111949113,runs/20260612_193443_stage4_sample_s101,sample_limited,101
near_best_rank_gap_0.05,true_k_strong,48,0.6831074453968021,0.7495831869778079,0.8285306239375384,runs/20260612_193443_stage4_sample_s101,sample_limited,101
near_best_rank_gap_0.05,predicted_rank_whitened_effective,48,0.6602335817374501,0.7500135026250481,0.8579120612502832,runs/20260612_193443_stage4_sample_s101,sample_limited,101
near_best_rank_gap_0.05,predicted_rank_raw_effective,48,0.6251316886524777,0.7366167626566481,0.9011392630033188,runs/20260612_193443_stage4_sample_s101,sample_limited,101
near_best_rank_gap_0.05,raw_gradient_detectable_rank,48,0.62007684822891,0.66509788253371,0.9071945390246088,runs/20260612_193443_stage4_sample_s101,sample_limited,101
near_best_rank_gap_0.05,predicted_rank_whitened_stable,48,0.6043673047343023,0.7254699469638161,0.9257604752289526,runs/20260612_193443_stage4_sample_s101,sample_limited,101
near_best_rank_gap_0.05,raw_gradient_stable_rank,48,0.5909048735220346,0.7123370265060556,0.9413794215867196,runs/20260612_193443_stage4_sample_s101,sample_limited,101
near_best_rank_gap_0.05,predicted_rank_raw_detectable,48,0.5619485328725496,0.6380576132903519,0.97412595982483,runs/20260612_193443_stage4_sample_s101,sample_limited,101
near_best_rank_gap_0.05,predicted_rank_raw_stable,48,0.1912164585329224,0.4533497859288884,1.3236363946802492,runs/20260612_193443_stage4_sample_s101,sample_limited,101
near_best_rank_gap_0.1,gradient_detectable_rank,48,0.757904570671797,0.8138631076578913,0.6053970436917839,runs/20260612_193443_stage4_sample_s101,sample_limited,101
near_best_rank_gap_0.1,whitened_gradient_detectable_rank,48,0.757904570671797,0.8138631076578913,0.6053970436917839,runs/20260612_193443_stage4_sample_s101,sample_limited,101
near_best_rank_gap_0.1,gradient_stable_rank,48,0.7495751364975705,0.7912210028248717,0.6157234918028097,runs/20260612_193443_stage4_sample_s101,sample_limited,101
near_best_rank_gap_0.1,whitened_gradient_stable_rank,48,0.7495751364975705,0.7912210028248717,0.6157234918028097,runs/20260612_193443_stage4_sample_s101,sample_limited,101
near_best_rank_gap_0.1,true_k_strong,48,0.7420990018393134,0.8125315692798155,0.6248467456495368,runs/20260612_193443_stage4_sample_s101,sample_limited,101
near_best_rank_gap_0.1,gradient_effective_rank,48,0.7331536001395351,0.8079349646056764,0.635590905999102,runs/20260612_193443_stage4_sample_s101,sample_limited,101
near_best_rank_gap_0.1,whitened_gradient_effective_rank,48,0.7331536001395351,0.8079349646056764,0.635590905999102,runs/20260612_193443_stage4_sample_s101,sample_limited,101
near_best_rank_gap_0.1,predicted_rank_detectable,48,0.7194719471947194,0.7884524980219981,0.6516811353442339,runs/20260612_193443_stage4_sample_s101,sample_limited,101
near_best_rank_gap_0.1,predicted_rank_whitened_detectable,48,0.7194719471947194,0.7884524980219981,0.6516811353442339,runs/20260612_193443_stage4_sample_s101,sample_limited,101
near_best_rank_gap_0.1,raw_gradient_effective_rank,48,0.671415072034862,0.7602609125463341,0.7052950244420971,runs/20260612_193443_stage4_sample_s101,sample_limited,101
near_best_rank_gap_0.1,raw_gradient_detectable_rank,48,0.6364311998902528,0.7143374848679106,0.7418913443576571,runs/20260612_193443_stage4_sample_s101,sample_limited,101
near_best_rank_gap_0.1,predicted_rank_raw_detectable,48,0.6305555396973105,0.7477118961418937,0.7478621955372485,runs/20260612_193443_stage4_sample_s101,sample_limited,101
near_best_rank_gap_0.1,predicted_rank_whitened_effective,48,0.5860461675051789,0.7406786519931617,0.7916312951916957,runs/20260612_193443_stage4_sample_s101,sample_limited,101
near_best_rank_gap_0.1,predicted_rank_whitened_stable,48,0.5479347163336783,0.7082760541137689,0.8272705784656239,runs/20260612_193443_stage4_sample_s101,sample_limited,101
near_best_rank_gap_0.1,predicted_rank_raw_effective,48,0.5327019828351582,0.693123419904822,0.8410929056802602,runs/20260612_193443_stage4_sample_s101,sample_limited,101
near_best_rank_gap_0.1,raw_gradient_stable_rank,48,0.4449757207487536,0.615556142766213,0.9166488364810298,runs/20260612_193443_stage4_sample_s101,sample_limited,101
near_best_rank_gap_0.1,predicted_rank_raw_stable,48,0.1296738879037853,0.3555662918854205,1.1478575829833269,runs/20260612_193443_stage4_sample_s101,sample_limited,101
near_best_rank_gap_0.2,gradient_detectable_rank,48,0.8165316262216868,0.8722530392750777,0.379436042013427,runs/20260612_193443_stage4_sample_s101,sample_limited,101
near_best_rank_gap_0.2,whitened_gradient_detectable_rank,48,0.8165316262216868,0.8722530392750777,0.379436042013427,runs/20260612_193443_stage4_sample_s101,sample_limited,101
near_best_rank_gap_0.2,gradient_stable_rank,48,0.8049361852937406,0.860454826620461,0.391242776484678,runs/20260612_193443_stage4_sample_s101,sample_limited,101
near_best_rank_gap_0.2,whitened_gradient_stable_rank,48,0.8049361852937406,0.860454826620461,0.391242776484678,runs/20260612_193443_stage4_sample_s101,sample_limited,101
near_best_rank_gap_0.2,predicted_rank_detectable,48,0.7759864482023424,0.8554542445976462,0.4192712870857611,runs/20260612_193443_stage4_sample_s101,sample_limited,101
near_best_rank_gap_0.2,predicted_rank_whitened_detectable,48,0.7759864482023424,0.8554542445976462,0.4192712870857611,runs/20260612_193443_stage4_sample_s101,sample_limited,101
near_best_rank_gap_0.2,raw_gradient_effective_rank,48,0.7756502401678991,0.8578939491602809,0.419585798246876,runs/20260612_193443_stage4_sample_s101,sample_limited,101
near_best_rank_gap_0.2,true_k_strong,48,0.7603258342972918,0.8230677942848833,0.4336791947044339,runs/20260612_193443_stage4_sample_s101,sample_limited,101
near_best_rank_gap_0.2,raw_gradient_detectable_rank,48,0.7395706485103486,0.8254012227502837,0.4520671404037805,runs/20260612_193443_stage4_sample_s101,sample_limited,101
near_best_rank_gap_0.2,gradient_effective_rank,48,0.7134000396313659,0.8316449551934365,0.4742376596067371,runs/20260612_193443_stage4_sample_s101,sample_limited,101
near_best_rank_gap_0.2,whitened_gradient_effective_rank,48,0.7134000396313659,0.8316449551934365,0.4742376596067371,runs/20260612_193443_stage4_sample_s101,sample_limited,101
near_best_rank_gap_0.2,predicted_rank_raw_detectable,48,0.670743594120854,0.7833309616928499,0.508305831662775,runs/20260612_193443_stage4_sample_s101,sample_limited,101
near_best_rank_gap_0.2,raw_gradient_stable_rank,48,0.6315803242965509,0.768263238053983,0.5376868109117063,runs/20260612_193443_stage4_sample_s101,sample_limited,101
near_best_rank_gap_0.2,predicted_rank_raw_effective,48,0.6306023408506994,0.7846690240818589,0.5383999925439507,runs/20260612_193443_stage4_sample_s101,sample_limited,101
near_best_rank_gap_0.2,predicted_rank_whitened_stable,48,0.6089507734814187,0.7810206043365922,0.5539539854824969,runs/20260612_193443_stage4_sample_s101,sample_limited,101
near_best_rank_gap_0.2,predicted_rank_whitened_effective,48,0.5311161861261777,0.7123691550269721,0.606583504875542,runs/20260612_193443_stage4_sample_s101,sample_limited,101
near_best_rank_gap_0.2,predicted_rank_raw_stable,48,0.3141964750501971,0.5800667617801472,0.7335974823473991,runs/20260612_193443_stage4_sample_s101,sample_limited,101
near_best_rank_gap_0.5,raw_gradient_stable_rank,48,0.4547023446303364,0.6734265550687368,0.3839897229523593,runs/20260612_193443_stage4_sample_s101,sample_limited,101
near_best_rank_gap_0.5,predicted_rank_raw_stable,48,0.3852462333247906,0.622887666234846,0.4077118977864623,runs/20260612_193443_stage4_sample_s101,sample_limited,101
near_best_rank_gap_0.5,raw_gradient_effective_rank,48,0.3420999212568603,0.6113221025830224,0.4217768656731782,runs/20260612_193443_stage4_sample_s101,sample_limited,101
near_best_rank_gap_0.5,gradient_stable_rank,48,0.3403083970304472,0.6382406458862021,0.4223507444338156,runs/20260612_193443_stage4_sample_s101,sample_limited,101
near_best_rank_gap_0.5,whitened_gradient_stable_rank,48,0.3403083970304472,0.6382406458862021,0.4223507444338156,runs/20260612_193443_stage4_sample_s101,sample_limited,101
near_best_rank_gap_0.5,predicted_rank_raw_effective,48,0.3231502097033085,0.5843740073021838,0.4278080331897109,runs/20260612_193443_stage4_sample_s101,sample_limited,101
near_best_rank_gap_0.5,predicted_rank_whitened_stable,48,0.2493022494238128,0.5171073125156536,0.4505420628952624,runs/20260612_193443_stage4_sample_s101,sample_limited,101
near_best_rank_gap_0.5,raw_gradient_detectable_rank,48,0.2447754066809655,0.5419853102610189,0.4518984460826832,runs/20260612_193443_stage4_sample_s101,sample_limited,101
near_best_rank_gap_0.5,gradient_detectable_rank,48,0.2360323563826247,0.4993918776418517,0.4545066779498981,runs/20260612_193443_stage4_sample_s101,sample_limited,101
near_best_rank_gap_0.5,whitened_gradient_detectable_rank,48,0.2360323563826247,0.4993918776418517,0.4545066779498981,runs/20260612_193443_stage4_sample_s101,sample_limited,101
near_best_rank_gap_0.5,predicted_rank_raw_detectable,48,0.2178360922968432,0.4554674442158662,0.4598875704708197,runs/20260612_193443_stage4_sample_s101,sample_limited,101
near_best_rank_gap_0.5,gradient_effective_rank,48,0.2131457591735595,0.477523053191542,0.4612643930468873,runs/20260612_193443_stage4_sample_s101,sample_limited,101
near_best_rank_gap_0.5,whitened_gradient_effective_rank,48,0.2131457591735595,0.477523053191542,0.4612643930468873,runs/20260612_193443_stage4_sample_s101,sample_limited,101
near_best_rank_gap_0.5,predicted_rank_detectable,48,0.1973258321016689,0.4523660385050736,0.4658782433072959,runs/20260612_193443_stage4_sample_s101,sample_limited,101
near_best_rank_gap_0.5,predicted_rank_whitened_detectable,48,0.1973258321016689,0.4523660385050736,0.4658782433072959,runs/20260612_193443_stage4_sample_s101,sample_limited,101
near_best_rank_gap_0.5,true_k_strong,48,0.1871138912512616,0.415148958406488,0.4688324213420149,runs/20260612_193443_stage4_sample_s101,sample_limited,101
near_best_rank_gap_0.5,predicted_rank_whitened_effective,48,0.1656915031326048,0.4327411394513394,0.4749699339663965,runs/20260612_193443_stage4_sample_s101,sample_limited,101
penalized_rank_lambda_0.03,gradient_effective_rank,48,0.67786250037179,0.7840704774960177,0.7670386887344154,runs/20260612_193443_stage4_sample_s101,sample_limited,101
penalized_rank_lambda_0.03,whitened_gradient_effective_rank,48,0.67786250037179,0.7840704774960177,0.7670386887344154,runs/20260612_193443_stage4_sample_s101,sample_limited,101
penalized_rank_lambda_0.03,raw_gradient_effective_rank,48,0.6489872712981402,0.7434217325237755,0.8006783046640186,runs/20260612_193443_stage4_sample_s101,sample_limited,101
penalized_rank_lambda_0.03,raw_gradient_detectable_rank,48,0.6221075164808358,0.7197006652822445,0.830769903820564,runs/20260612_193443_stage4_sample_s101,sample_limited,101
penalized_rank_lambda_0.03,predicted_rank_detectable,48,0.6128951298171641,0.7658272097261729,0.8408353190350101,runs/20260612_193443_stage4_sample_s101,sample_limited,101
penalized_rank_lambda_0.03,predicted_rank_whitened_detectable,48,0.6128951298171641,0.7658272097261729,0.8408353190350101,runs/20260612_193443_stage4_sample_s101,sample_limited,101
penalized_rank_lambda_0.03,gradient_detectable_rank,48,0.6105819186500796,0.7686669542232692,0.8433438544922967,runs/20260612_193443_stage4_sample_s101,sample_limited,101
penalized_rank_lambda_0.03,whitened_gradient_detectable_rank,48,0.6105819186500796,0.7686669542232692,0.8433438544922967,runs/20260612_193443_stage4_sample_s101,sample_limited,101
penalized_rank_lambda_0.03,true_k_strong,48,0.6046822952954094,0.7720912021159958,0.8497081048533802,runs/20260612_193443_stage4_sample_s101,sample_limited,101
penalized_rank_lambda_0.03,gradient_stable_rank,48,0.5911686241730902,0.7288173930127904,0.8641094156641425,runs/20260612_193443_stage4_sample_s101,sample_limited,101
penalized_rank_lambda_0.03,whitened_gradient_stable_rank,48,0.5911686241730902,0.7288173930127904,0.8641094156641425,runs/20260612_193443_stage4_sample_s101,sample_limited,101
penalized_rank_lambda_0.03,predicted_rank_raw_detectable,48,0.5891548619277354,0.7403656415048294,0.8662349538255806,runs/20260612_193443_stage4_sample_s101,sample_limited,101
penalized_rank_lambda_0.03,predicted_rank_whitened_effective,48,0.5770268612780571,0.7662095301869492,0.8789274377673136,runs/20260612_193443_stage4_sample_s101,sample_limited,101
penalized_rank_lambda_0.03,predicted_rank_raw_effective,48,0.5182141542990313,0.6650663039441896,0.9380449431728664,runs/20260612_193443_stage4_sample_s101,sample_limited,101
penalized_rank_lambda_0.03,predicted_rank_whitened_stable,48,0.4908351502400668,0.7085967174348304,0.9643303501468375,runs/20260612_193443_stage4_sample_s101,sample_limited,101
penalized_rank_lambda_0.03,raw_gradient_stable_rank,48,0.4508684764616013,0.613199705217491,1.001462786692126,runs/20260612_193443_stage4_sample_s101,sample_limited,101
penalized_rank_lambda_0.03,predicted_rank_raw_stable,48,0.1349969645652938,0.3857697066406835,1.2569136536664358,runs/20260612_193443_stage4_sample_s101,sample_limited,101
penalized_rank_lambda_0.05,gradient_effective_rank,48,0.7666651015714678,0.800783751584387,0.6954009821966282,runs/20260612_193443_stage4_sample_s101,sample_limited,101
penalized_rank_lambda_0.05,whitened_gradient_effective_rank,48,0.7666651015714678,0.800783751584387,0.6954009821966282,runs/20260612_193443_stage4_sample_s101,sample_limited,101
penalized_rank_lambda_0.05,raw_gradient_effective_rank,48,0.7145517542471779,0.7632487958540459,0.7691466268690339,runs/20260612_193443_stage4_sample_s101,sample_limited,101
penalized_rank_lambda_0.05,true_k_strong,48,0.6448623145027763,0.7766000575951383,0.8579141493227503,runs/20260612_193443_stage4_sample_s101,sample_limited,101
penalized_rank_lambda_0.05,gradient_stable_rank,48,0.6447350175805655,0.7202376155794609,0.8580678925757823,runs/20260612_193443_stage4_sample_s101,sample_limited,101
penalized_rank_lambda_0.05,whitened_gradient_stable_rank,48,0.6447350175805655,0.7202376155794609,0.8580678925757823,runs/20260612_193443_stage4_sample_s101,sample_limited,101
penalized_rank_lambda_0.05,gradient_detectable_rank,48,0.6373009040398537,0.7451634133284202,0.866999180805898,runs/20260612_193443_stage4_sample_s101,sample_limited,101
penalized_rank_lambda_0.05,whitened_gradient_detectable_rank,48,0.6373009040398537,0.7451634133284202,0.866999180805898,runs/20260612_193443_stage4_sample_s101,sample_limited,101
penalized_rank_lambda_0.05,raw_gradient_detectable_rank,48,0.6352584077015984,0.7147114137471592,0.8694369544246014,runs/20260612_193443_stage4_sample_s101,sample_limited,101
penalized_rank_lambda_0.05,predicted_rank_detectable,48,0.6198462149879909,0.7132572246028066,0.8876159752648033,runs/20260612_193443_stage4_sample_s101,sample_limited,101
penalized_rank_lambda_0.05,predicted_rank_whitened_detectable,48,0.6198462149879909,0.7132572246028066,0.8876159752648033,runs/20260612_193443_stage4_sample_s101,sample_limited,101
penalized_rank_lambda_0.05,predicted_rank_whitened_effective,48,0.6187603445363958,0.7143558066391066,0.8888827634757585,runs/20260612_193443_stage4_sample_s101,sample_limited,101
penalized_rank_lambda_0.05,predicted_rank_raw_effective,48,0.612065529471373,0.7179391594728778,0.8966534755395378,runs/20260612_193443_stage4_sample_s101,sample_limited,101
penalized_rank_lambda_0.05,predicted_rank_raw_detectable,48,0.6040860502318065,0.7239415101872309,0.9058282328281164,runs/20260612_193443_stage4_sample_s101,sample_limited,101
penalized_rank_lambda_0.05,predicted_rank_whitened_stable,48,0.5228937423630611,0.6562853500532013,0.9943814337857508,runs/20260612_193443_stage4_sample_s101,sample_limited,101
penalized_rank_lambda_0.05,raw_gradient_stable_rank,48,0.5126862931747154,0.6341011670189518,1.004962286400834,runs/20260612_193443_stage4_sample_s101,sample_limited,101
penalized_rank_lambda_0.05,predicted_rank_raw_stable,48,0.1658656342117999,0.4103138005337005,1.3148113901227958,runs/20260612_193443_stage4_sample_s101,sample_limited,101
penalized_rank_lambda_0.08,gradient_effective_rank,48,0.8014177015933621,0.857886901840322,0.577020686560816,runs/20260612_193443_stage4_sample_s101,sample_limited,101
penalized_rank_lambda_0.08,whitened_gradient_effective_rank,48,0.8014177015933621,0.857886901840322,0.577020686560816,runs/20260612_193443_stage4_sample_s101,sample_limited,101
penalized_rank_lambda_0.08,raw_gradient_effective_rank,48,0.7488272037759374,0.8247603512799709,0.6489442921881058,runs/20260612_193443_stage4_sample_s101,sample_limited,101
penalized_rank_lambda_0.08,gradient_stable_rank,48,0.7050065719810608,0.7925413774473009,0.7032784130281601,runs/20260612_193443_stage4_sample_s101,sample_limited,101
penalized_rank_lambda_0.08,whitened_gradient_stable_rank,48,0.7050065719810608,0.7925413774473009,0.7032784130281601,runs/20260612_193443_stage4_sample_s101,sample_limited,101
penalized_rank_lambda_0.08,gradient_detectable_rank,48,0.6906241407635656,0.7976715505426859,0.7202185915015115,runs/20260612_193443_stage4_sample_s101,sample_limited,101
penalized_rank_lambda_0.08,whitened_gradient_detectable_rank,48,0.6906241407635656,0.7976715505426859,0.7202185915015115,runs/20260612_193443_stage4_sample_s101,sample_limited,101
penalized_rank_lambda_0.08,predicted_rank_whitened_effective,48,0.6814693577613922,0.7871528439090032,0.7307969486167323,runs/20260612_193443_stage4_sample_s101,sample_limited,101
penalized_rank_lambda_0.08,predicted_rank_detectable,48,0.6782472966426851,0.7983245054888941,0.734483796039548,runs/20260612_193443_stage4_sample_s101,sample_limited,101
penalized_rank_lambda_0.08,predicted_rank_whitened_detectable,48,0.6782472966426851,0.7983245054888941,0.734483796039548,runs/20260612_193443_stage4_sample_s101,sample_limited,101
penalized_rank_lambda_0.08,true_k_strong,48,0.6693803515391825,0.775902888668455,0.7445355626125937,runs/20260612_193443_stage4_sample_s101,sample_limited,101
penalized_rank_lambda_0.08,predicted_rank_raw_effective,48,0.6407271634113549,0.7817465215350669,0.776127922427306,runs/20260612_193443_stage4_sample_s101,sample_limited,101
penalized_rank_lambda_0.08,raw_gradient_stable_rank,48,0.5879581860661771,0.7391645211505711,0.8311736408188095,runs/20260612_193443_stage4_sample_s101,sample_limited,101
penalized_rank_lambda_0.08,predicted_rank_whitened_stable,48,0.5751874179040162,0.746136701913631,0.843955994565175,runs/20260612_193443_stage4_sample_s101,sample_limited,101
penalized_rank_lambda_0.08,raw_gradient_detectable_rank,48,0.5523695189014692,0.6860367805661131,0.8663251902601878,runs/20260612_193443_stage4_sample_s101,sample_limited,101
penalized_rank_lambda_0.08,predicted_rank_raw_detectable,48,0.4905127241499903,0.6346702326895648,0.9242464429162336,runs/20260612_193443_stage4_sample_s101,sample_limited,101
penalized_rank_lambda_0.08,predicted_rank_raw_stable,48,0.2383330759173977,0.5169263417654046,1.130065626115462,runs/20260612_193443_stage4_sample_s101,sample_limited,101
penalized_rank_lambda_0.1,gradient_effective_rank,48,0.712664664783877,0.7622118496826007,0.6741281540064257,runs/20260612_193443_stage4_sample_s101,sample_limited,101
penalized_rank_lambda_0.1,whitened_gradient_effective_rank,48,0.712664664783877,0.7622118496826007,0.6741281540064257,runs/20260612_193443_stage4_sample_s101,sample_limited,101
penalized_rank_lambda_0.1,predicted_rank_whitened_effective,48,0.680145887185298,0.7799385392147282,0.7112526810804203,runs/20260612_193443_stage4_sample_s101,sample_limited,101
penalized_rank_lambda_0.1,raw_gradient_effective_rank,48,0.6727155931779771,0.7512395101958073,0.7194665445358521,runs/20260612_193443_stage4_sample_s101,sample_limited,101
penalized_rank_lambda_0.1,gradient_stable_rank,48,0.6585318144623109,0.7465129639553422,0.7348912393842177,runs/20260612_193443_stage4_sample_s101,sample_limited,101
penalized_rank_lambda_0.1,whitened_gradient_stable_rank,48,0.6585318144623109,0.7465129639553422,0.7348912393842177,runs/20260612_193443_stage4_sample_s101,sample_limited,101
penalized_rank_lambda_0.1,predicted_rank_whitened_stable,48,0.588583295018637,0.7454952345298731,0.8066570013173773,runs/20260612_193443_stage4_sample_s101,sample_limited,101
penalized_rank_lambda_0.1,predicted_rank_detectable,48,0.5825426669999603,0.7026414887779905,0.8125572953762462,runs/20260612_193443_stage4_sample_s101,sample_limited,101
penalized_rank_lambda_0.1,predicted_rank_whitened_detectable,48,0.5825426669999603,0.7026414887779905,0.8125572953762462,runs/20260612_193443_stage4_sample_s101,sample_limited,101
penalized_rank_lambda_0.1,gradient_detectable_rank,48,0.5807585088231169,0.686575040216612,0.8142918259970812,runs/20260612_193443_stage4_sample_s101,sample_limited,101
penalized_rank_lambda_0.1,whitened_gradient_detectable_rank,48,0.5807585088231169,0.686575040216612,0.8142918259970812,runs/20260612_193443_stage4_sample_s101,sample_limited,101
penalized_rank_lambda_0.1,predicted_rank_raw_effective,48,0.5711200028327609,0.7079933362238471,0.823599060336023,runs/20260612_193443_stage4_sample_s101,sample_limited,101
penalized_rank_lambda_0.1,true_k_strong,48,0.5641075617734337,0.6773807110170108,0.8303049256067369,runs/20260612_193443_stage4_sample_s101,sample_limited,101
penalized_rank_lambda_0.1,raw_gradient_stable_rank,48,0.551097727016336,0.7162968290609412,0.8426046451332942,runs/20260612_193443_stage4_sample_s101,sample_limited,101
penalized_rank_lambda_0.1,raw_gradient_detectable_rank,48,0.490967643508567,0.621083909971274,0.8972648221389727,runs/20260612_193443_stage4_sample_s101,sample_limited,101
penalized_rank_lambda_0.1,predicted_rank_raw_detectable,48,0.4492700363461994,0.6037673540285629,0.9332914768224322,runs/20260612_193443_stage4_sample_s101,sample_limited,101
penalized_rank_lambda_0.1,predicted_rank_raw_stable,48,0.1731313820808236,0.4184548041896698,1.1435790787014677,runs/20260612_193443_stage4_sample_s101,sample_limited,101
penalized_rank_lambda_0.15,gradient_effective_rank,48,0.6806500141759257,0.7717531254398542,0.6158149950805747,runs/20260612_193443_stage4_sample_s101,sample_limited,101
penalized_rank_lambda_0.15,whitened_gradient_effective_rank,48,0.6806500141759257,0.7717531254398542,0.6158149950805747,runs/20260612_193443_stage4_sample_s101,sample_limited,101
penalized_rank_lambda_0.15,gradient_stable_rank,48,0.6417711222377334,0.7614057870300445,0.6522244953562321,runs/20260612_193443_stage4_sample_s101,sample_limited,101
penalized_rank_lambda_0.15,whitened_gradient_stable_rank,48,0.6417711222377334,0.7614057870300445,0.6522244953562321,runs/20260612_193443_stage4_sample_s101,sample_limited,101
penalized_rank_lambda_0.15,gradient_detectable_rank,48,0.6392445953507782,0.7587389076060165,0.6545204679923698,runs/20260612_193443_stage4_sample_s101,sample_limited,101
penalized_rank_lambda_0.15,whitened_gradient_detectable_rank,48,0.6392445953507782,0.7587389076060165,0.6545204679923698,runs/20260612_193443_stage4_sample_s101,sample_limited,101
penalized_rank_lambda_0.15,predicted_rank_detectable,48,0.6322930538667902,0.7549268591046937,0.6607964879849064,runs/20260612_193443_stage4_sample_s101,sample_limited,101
penalized_rank_lambda_0.15,predicted_rank_whitened_detectable,48,0.6322930538667902,0.7549268591046937,0.6607964879849064,runs/20260612_193443_stage4_sample_s101,sample_limited,101
penalized_rank_lambda_0.15,raw_gradient_effective_rank,48,0.6297467023791821,0.7333605419411612,0.6630805312514622,runs/20260612_193443_stage4_sample_s101,sample_limited,101
penalized_rank_lambda_0.15,true_k_strong,48,0.6200246689737471,0.7424583429041234,0.6717296372750539,runs/20260612_193443_stage4_sample_s101,sample_limited,101
penalized_rank_lambda_0.15,predicted_rank_whitened_effective,48,0.5738539898132429,0.7099185819029608,0.7113707803225925,runs/20260612_193443_stage4_sample_s101,sample_limited,101
penalized_rank_lambda_0.15,raw_gradient_detectable_rank,48,0.5392600905112863,0.676209564293647,0.7396814466497368,runs/20260612_193443_stage4_sample_s101,sample_limited,101
penalized_rank_lambda_0.15,predicted_rank_raw_effective,48,0.5299000188643652,0.6860639445191111,0.7471570970007354,runs/20260612_193443_stage4_sample_s101,sample_limited,101
penalized_rank_lambda_0.15,predicted_rank_raw_detectable,48,0.5117413945567091,0.685322698649938,0.7614506510364989,runs/20260612_193443_stage4_sample_s101,sample_limited,101
penalized_rank_lambda_0.15,predicted_rank_whitened_stable,48,0.5076873017164241,0.6943017703432854,0.7646053421287,runs/20260612_193443_stage4_sample_s101,sample_limited,101
penalized_rank_lambda_0.15,raw_gradient_stable_rank,48,0.459889619270753,0.6215753614155115,0.8008627080317704,runs/20260612_193443_stage4_sample_s101,sample_limited,101
penalized_rank_lambda_0.15,predicted_rank_raw_stable,48,0.1596638655462187,0.3929221548903284,0.9989490275603982,runs/20260612_193443_stage4_sample_s101,sample_limited,101
penalized_rank_lambda_0.2,gradient_stable_rank,48,0.7275748065324675,0.7943290595906367,0.5428207185782749,runs/20260612_193443_stage4_sample_s101,sample_limited,101
penalized_rank_lambda_0.2,whitened_gradient_stable_rank,48,0.7275748065324675,0.7943290595906367,0.5428207185782749,runs/20260612_193443_stage4_sample_s101,sample_limited,101
penalized_rank_lambda_0.2,gradient_effective_rank,48,0.7125489115703185,0.7899525909427544,0.5575897226189681,runs/20260612_193443_stage4_sample_s101,sample_limited,101
penalized_rank_lambda_0.2,whitened_gradient_effective_rank,48,0.7125489115703185,0.7899525909427544,0.5575897226189681,runs/20260612_193443_stage4_sample_s101,sample_limited,101
penalized_rank_lambda_0.2,gradient_detectable_rank,48,0.7015131997582387,0.7963577068584835,0.5681923037242659,runs/20260612_193443_stage4_sample_s101,sample_limited,101
penalized_rank_lambda_0.2,whitened_gradient_detectable_rank,48,0.7015131997582387,0.7963577068584835,0.5681923037242659,runs/20260612_193443_stage4_sample_s101,sample_limited,101
penalized_rank_lambda_0.2,true_k_strong,48,0.6852091154563352,0.7984447941054514,0.5835040242391685,runs/20260612_193443_stage4_sample_s101,sample_limited,101
penalized_rank_lambda_0.2,raw_gradient_effective_rank,48,0.6695229337800843,0.7512553944772689,0.5978654337153221,runs/20260612_193443_stage4_sample_s101,sample_limited,101
penalized_rank_lambda_0.2,predicted_rank_detectable,48,0.6676149155846565,0.7672972811785936,0.5995888458033009,runs/20260612_193443_stage4_sample_s101,sample_limited,101
penalized_rank_lambda_0.2,predicted_rank_whitened_detectable,48,0.6676149155846565,0.7672972811785936,0.5995888458033009,runs/20260612_193443_stage4_sample_s101,sample_limited,101
penalized_rank_lambda_0.2,raw_gradient_detectable_rank,48,0.6257229922429661,0.7256929654001195,0.6362522863861889,runs/20260612_193443_stage4_sample_s101,sample_limited,101
penalized_rank_lambda_0.2,predicted_rank_raw_detectable,48,0.6155103924343838,0.7603324918956543,0.6448743222646433,runs/20260612_193443_stage4_sample_s101,sample_limited,101
penalized_rank_lambda_0.2,predicted_rank_raw_effective,48,0.5708590068865531,0.7126733762112247,0.6812912050607949,runs/20260612_193443_stage4_sample_s101,sample_limited,101
penalized_rank_lambda_0.2,predicted_rank_whitened_effective,48,0.5518562626210325,0.7227664919965925,0.6962119084771362,runs/20260612_193443_stage4_sample_s101,sample_limited,101
penalized_rank_lambda_0.2,predicted_rank_whitened_stable,48,0.5136064463470121,0.7061368135820704,0.7253150464025043,runs/20260612_193443_stage4_sample_s101,sample_limited,101
penalized_rank_lambda_0.2,raw_gradient_stable_rank,48,0.4514765318056349,0.6214585479992859,0.7702476611601783,runs/20260612_193443_stage4_sample_s101,sample_limited,101
penalized_rank_lambda_0.2,predicted_rank_raw_stable,48,0.1116986120290812,0.3299606766767603,0.9801960588196068,runs/20260612_193443_stage4_sample_s101,sample_limited,101
penalized_rank_lambda_0.3,gradient_effective_rank,48,0.6639187274849263,0.7257035512589304,0.5837371565753476,runs/20260612_193443_stage4_sample_s101,sample_limited,101
penalized_rank_lambda_0.3,whitened_gradient_effective_rank,48,0.6639187274849263,0.7257035512589304,0.5837371565753476,runs/20260612_193443_stage4_sample_s101,sample_limited,101
penalized_rank_lambda_0.3,gradient_stable_rank,48,0.6626046465850544,0.7419799197341206,0.5848772520710249,runs/20260612_193443_stage4_sample_s101,sample_limited,101
penalized_rank_lambda_0.3,whitened_gradient_stable_rank,48,0.6626046465850544,0.7419799197341206,0.5848772520710249,runs/20260612_193443_stage4_sample_s101,sample_limited,101
penalized_rank_lambda_0.3,gradient_detectable_rank,48,0.6447271973020214,0.7439161504458233,0.600172597824905,runs/20260612_193443_stage4_sample_s101,sample_limited,101
penalized_rank_lambda_0.3,whitened_gradient_detectable_rank,48,0.6447271973020214,0.7439161504458233,0.600172597824905,runs/20260612_193443_stage4_sample_s101,sample_limited,101
penalized_rank_lambda_0.3,predicted_rank_detectable,48,0.6380035263800352,0.7367161414074758,0.6058252243182369,runs/20260612_193443_stage4_sample_s101,sample_limited,101
penalized_rank_lambda_0.3,predicted_rank_whitened_detectable,48,0.6380035263800352,0.7367161414074758,0.6058252243182369,runs/20260612_193443_stage4_sample_s101,sample_limited,101
penalized_rank_lambda_0.3,raw_gradient_effective_rank,48,0.6278328817637486,0.7064412302936872,0.6142768968384964,runs/20260612_193443_stage4_sample_s101,sample_limited,101
penalized_rank_lambda_0.3,true_k_strong,48,0.6194446493808576,0.7261065585815782,0.6211608822197063,runs/20260612_193443_stage4_sample_s101,sample_limited,101
penalized_rank_lambda_0.3,raw_gradient_detectable_rank,48,0.60640594391918,0.7113227124061384,0.631712466390409,runs/20260612_193443_stage4_sample_s101,sample_limited,101
penalized_rank_lambda_0.3,predicted_rank_raw_detectable,48,0.602569239031293,0.7560586011761612,0.6347839259534129,runs/20260612_193443_stage4_sample_s101,sample_limited,101
penalized_rank_lambda_0.3,predicted_rank_whitened_stable,48,0.5697952615866699,0.7340714084493976,0.660439099557731,runs/20260612_193443_stage4_sample_s101,sample_limited,101
penalized_rank_lambda_0.3,predicted_rank_whitened_effective,48,0.5413168360583296,0.7147385805729001,0.6819485049773628,runs/20260612_193443_stage4_sample_s101,sample_limited,101
penalized_rank_lambda_0.3,predicted_rank_raw_effective,48,0.4675209898365001,0.6362474277694823,0.7347615613049762,runs/20260612_193443_stage4_sample_s101,sample_limited,101
penalized_rank_lambda_0.3,raw_gradient_stable_rank,48,0.4184644399783488,0.5949656706650464,0.7678622550950982,runs/20260612_193443_stage4_sample_s101,sample_limited,101
penalized_rank_lambda_0.3,predicted_rank_raw_stable,48,0.1114308737193509,0.3212028050493795,0.9491629808129152,runs/20260612_193443_stage4_sample_s101,sample_limited,101
penalized_rank_lambda_0.5,raw_gradient_effective_rank,48,0.7237721761158873,0.8019605853044324,0.467632719743735,runs/20260612_193443_stage4_sample_s101,sample_limited,101
penalized_rank_lambda_0.5,gradient_effective_rank,48,0.7208151188151501,0.7984550607108407,0.4701290931981762,runs/20260612_193443_stage4_sample_s101,sample_limited,101
penalized_rank_lambda_0.5,whitened_gradient_effective_rank,48,0.7208151188151501,0.7984550607108407,0.4701290931981762,runs/20260612_193443_stage4_sample_s101,sample_limited,101
penalized_rank_lambda_0.5,predicted_rank_detectable,48,0.7045336112558624,0.8041997135408815,0.483643351126746,runs/20260612_193443_stage4_sample_s101,sample_limited,101
penalized_rank_lambda_0.5,predicted_rank_whitened_detectable,48,0.7045336112558624,0.8041997135408815,0.483643351126746,runs/20260612_193443_stage4_sample_s101,sample_limited,101
penalized_rank_lambda_0.5,gradient_detectable_rank,48,0.7021206392664888,0.8028843590756968,0.4856142096157158,runs/20260612_193443_stage4_sample_s101,sample_limited,101
penalized_rank_lambda_0.5,whitened_gradient_detectable_rank,48,0.7021206392664888,0.8028843590756968,0.4856142096157158,runs/20260612_193443_stage4_sample_s101,sample_limited,101
penalized_rank_lambda_0.5,true_k_strong,48,0.702089417866666,0.802995424986543,0.4856396581028188,runs/20260612_193443_stage4_sample_s101,sample_limited,101
penalized_rank_lambda_0.5,gradient_stable_rank,48,0.6637040816067745,0.7478835583770608,0.5159789421361788,runs/20260612_193443_stage4_sample_s101,sample_limited,101
penalized_rank_lambda_0.5,whitened_gradient_stable_rank,48,0.6637040816067745,0.7478835583770608,0.5159789421361788,runs/20260612_193443_stage4_sample_s101,sample_limited,101
penalized_rank_lambda_0.5,predicted_rank_raw_detectable,48,0.6610552516948875,0.7852669720800024,0.5180070067816465,runs/20260612_193443_stage4_sample_s101,sample_limited,101
penalized_rank_lambda_0.5,raw_gradient_detectable_rank,48,0.6560772379488291,0.7605055496356865,0.521797074180992,runs/20260612_193443_stage4_sample_s101,sample_limited,101
penalized_rank_lambda_0.5,predicted_rank_whitened_effective,48,0.6162988115449914,0.7651958729470892,0.5511473857873365,runs/20260612_193443_stage4_sample_s101,sample_limited,101
penalized_rank_lambda_0.5,predicted_rank_whitened_stable,48,0.5642235418530872,0.7453488992038068,0.5873582348388184,runs/20260612_193443_stage4_sample_s101,sample_limited,101
penalized_rank_lambda_0.5,predicted_rank_raw_effective,48,0.5478211658177703,0.7119724378657328,0.5983100453730199,runs/20260612_193443_stage4_sample_s101,sample_limited,101
penalized_rank_lambda_0.5,raw_gradient_stable_rank,48,0.5133365473269149,0.6765087789468848,0.6207054320417957,runs/20260612_193443_stage4_sample_s101,sample_limited,101
penalized_rank_lambda_0.5,predicted_rank_raw_stable,48,0.2149491375497567,0.4781673707307303,0.7883518246568444,runs/20260612_193443_stage4_sample_s101,sample_limited,101
recovery_rank_0.5,gradient_effective_rank,48,0.7750179225323848,0.9035982939003582,0.4135002695725152,runs/20260612_193443_stage4_sample_s101,sample_limited,101
recovery_rank_0.5,whitened_gradient_effective_rank,48,0.7750179225323848,0.9035982939003582,0.4135002695725152,runs/20260612_193443_stage4_sample_s101,sample_limited,101
recovery_rank_0.5,raw_gradient_effective_rank,48,0.7485908452437728,0.8803274488647711,0.4371116480631264,runs/20260612_193443_stage4_sample_s101,sample_limited,101
recovery_rank_0.5,gradient_stable_rank,48,0.7200946541393729,0.8624002793558742,0.4612192573887896,runs/20260612_193443_stage4_sample_s101,sample_limited,101
recovery_rank_0.5,whitened_gradient_stable_rank,48,0.7200946541393729,0.8624002793558742,0.4612192573887896,runs/20260612_193443_stage4_sample_s101,sample_limited,101
recovery_rank_0.5,gradient_detectable_rank,48,0.6806783254480635,0.8612936811012019,0.4926245313424816,runs/20260612_193443_stage4_sample_s101,sample_limited,101
recovery_rank_0.5,whitened_gradient_detectable_rank,48,0.6806783254480635,0.8612936811012019,0.4926245313424816,runs/20260612_193443_stage4_sample_s101,sample_limited,101
recovery_rank_0.5,true_k_strong,48,0.680472002563161,0.8514338402040887,0.4927836550565888,runs/20260612_193443_stage4_sample_s101,sample_limited,101
recovery_rank_0.5,predicted_rank_detectable,48,0.6717688901957015,0.8495849510980384,0.4994496421006821,runs/20260612_193443_stage4_sample_s101,sample_limited,101
recovery_rank_0.5,predicted_rank_whitened_detectable,48,0.6717688901957015,0.8495849510980384,0.4994496421006821,runs/20260612_193443_stage4_sample_s101,sample_limited,101
recovery_rank_0.5,predicted_rank_raw_effective,48,0.6442217350454118,0.8144735154350995,0.5199858696729155,runs/20260612_193443_stage4_sample_s101,sample_limited,101
recovery_rank_0.5,predicted_rank_whitened_stable,48,0.6124908089614503,0.8098102686957414,0.5426787793890375,runs/20260612_193443_stage4_sample_s101,sample_limited,101
recovery_rank_0.5,predicted_rank_raw_detectable,48,0.5526254532479796,0.7986861966340403,0.5830925214855024,runs/20260612_193443_stage4_sample_s101,sample_limited,101
recovery_rank_0.5,raw_gradient_detectable_rank,48,0.5449713198099648,0.7762454962759853,0.5880594333406711,runs/20260612_193443_stage4_sample_s101,sample_limited,101
recovery_rank_0.5,predicted_rank_whitened_effective,48,0.5130340266391555,0.7599830493431003,0.6083466819864073,runs/20260612_193443_stage4_sample_s101,sample_limited,101
recovery_rank_0.5,raw_gradient_stable_rank,48,0.5054757650025775,0.7539753791530268,0.6130496171663842,runs/20260612_193443_stage4_sample_s101,sample_limited,101
recovery_rank_0.5,predicted_rank_raw_stable,48,0.2516737134602558,0.5078661129803146,0.754131942032956,runs/20260612_193443_stage4_sample_s101,sample_limited,101
recovery_rank_0.6,gradient_effective_rank,48,0.7138984227706817,0.9015443347838212,0.6176315808304259,runs/20260612_193443_stage4_sample_s101,sample_limited,101
recovery_rank_0.6,whitened_gradient_effective_rank,48,0.7138984227706817,0.9015443347838212,0.6176315808304259,runs/20260612_193443_stage4_sample_s101,sample_limited,101
recovery_rank_0.6,gradient_stable_rank,48,0.6643134975852109,0.8577635929166955,0.6690156972894723,runs/20260612_193443_stage4_sample_s101,sample_limited,101
recovery_rank_0.6,whitened_gradient_stable_rank,48,0.6643134975852109,0.8577635929166955,0.6690156972894723,runs/20260612_193443_stage4_sample_s101,sample_limited,101
recovery_rank_0.6,raw_gradient_effective_rank,48,0.6489197618234201,0.8601927179493231,0.684183443409324,runs/20260612_193443_stage4_sample_s101,sample_limited,101
recovery_rank_0.6,predicted_rank_raw_effective,48,0.6458333333333334,0.8426838856155494,0.6871842709362768,runs/20260612_193443_stage4_sample_s101,sample_limited,101
recovery_rank_0.6,true_k_strong,48,0.639816945701974,0.8416590816612443,0.692996444722026,runs/20260612_193443_stage4_sample_s101,sample_limited,101
recovery_rank_0.6,gradient_detectable_rank,48,0.638533760738656,0.857939504240115,0.6942297787345282,runs/20260612_193443_stage4_sample_s101,sample_limited,101
recovery_rank_0.6,whitened_gradient_detectable_rank,48,0.638533760738656,0.857939504240115,0.6942297787345282,runs/20260612_193443_stage4_sample_s101,sample_limited,101
recovery_rank_0.6,predicted_rank_detectable,48,0.6205308030803081,0.8491017919170266,0.7113079004385202,runs/20260612_193443_stage4_sample_s101,sample_limited,101
recovery_rank_0.6,predicted_rank_whitened_detectable,48,0.6205308030803081,0.8491017919170266,0.7113079004385202,runs/20260612_193443_stage4_sample_s101,sample_limited,101
recovery_rank_0.6,predicted_rank_whitened_stable,48,0.4871522411128283,0.7599574417304256,0.8269201967841651,runs/20260612_193443_stage4_sample_s101,sample_limited,101
recovery_rank_0.6,raw_gradient_detectable_rank,48,0.4848741050935518,0.7855550622463248,0.8287548048379153,runs/20260612_193443_stage4_sample_s101,sample_limited,101
recovery_rank_0.6,predicted_rank_whitened_effective,48,0.4725302419354839,0.750792729315145,0.8386256678355893,runs/20260612_193443_stage4_sample_s101,sample_limited,101
recovery_rank_0.6,predicted_rank_raw_detectable,48,0.4341552582451773,0.7445650102538979,0.8685963709762418,runs/20260612_193443_stage4_sample_s101,sample_limited,101
recovery_rank_0.6,raw_gradient_stable_rank,48,0.4286908613497658,0.7327483906561154,0.8727803378859496,runs/20260612_193443_stage4_sample_s101,sample_limited,101
recovery_rank_0.6,predicted_rank_raw_stable,48,0.2268907563025211,0.5389144870932657,1.0152892814020895,runs/20260612_193443_stage4_sample_s101,sample_limited,101
recovery_rank_0.7,gradient_effective_rank,46,0.6822797807663517,0.8274553445689943,0.6993160154284893,runs/20260612_193443_stage4_sample_s101,sample_limited,101
recovery_rank_0.7,whitened_gradient_effective_rank,46,0.6822797807663517,0.8274553445689943,0.6993160154284893,runs/20260612_193443_stage4_sample_s101,sample_limited,101
recovery_rank_0.7,gradient_stable_rank,46,0.6771667627453818,0.7800728553755936,0.7049205447115798,runs/20260612_193443_stage4_sample_s101,sample_limited,101
recovery_rank_0.7,whitened_gradient_stable_rank,46,0.6771667627453818,0.7800728553755936,0.7049205447115798,runs/20260612_193443_stage4_sample_s101,sample_limited,101
recovery_rank_0.7,gradient_detectable_rank,46,0.662715267136866,0.8042609595809498,0.7205255561057673,runs/20260612_193443_stage4_sample_s101,sample_limited,101
recovery_rank_0.7,whitened_gradient_detectable_rank,46,0.662715267136866,0.8042609595809498,0.7205255561057673,runs/20260612_193443_stage4_sample_s101,sample_limited,101
recovery_rank_0.7,true_k_strong,46,0.6278225335016749,0.7810498712567462,0.7568783543490705,runs/20260612_193443_stage4_sample_s101,sample_limited,101
recovery_rank_0.7,predicted_rank_detectable,46,0.6144445527121991,0.7799393593563195,0.7703613211543064,runs/20260612_193443_stage4_sample_s101,sample_limited,101
recovery_rank_0.7,predicted_rank_whitened_detectable,46,0.6144445527121991,0.7799393593563195,0.7703613211543064,runs/20260612_193443_stage4_sample_s101,sample_limited,101
recovery_rank_0.7,predicted_rank_whitened_effective,46,0.5795125392771052,0.8038491368009898,0.8045028227790064,runs/20260612_193443_stage4_sample_s101,sample_limited,101
recovery_rank_0.7,raw_gradient_effective_rank,46,0.5760851013332022,0.7552871782839369,0.8077749623915167,runs/20260612_193443_stage4_sample_s101,sample_limited,101
recovery_rank_0.7,predicted_rank_whitened_stable,46,0.5680950203376738,0.774555024973203,0.8153520233061027,runs/20260612_193443_stage4_sample_s101,sample_limited,101
recovery_rank_0.7,raw_gradient_detectable_rank,46,0.5120932771920976,0.7043389082597741,0.8666015245520976,runs/20260612_193443_stage4_sample_s101,sample_limited,101
recovery_rank_0.7,predicted_rank_raw_detectable,46,0.4572344055929976,0.6913598633545218,0.91402316513345,runs/20260612_193443_stage4_sample_s101,sample_limited,101
recovery_rank_0.7,predicted_rank_raw_effective,46,0.4162317060689795,0.6555163416331854,0.9479191551169756,runs/20260612_193443_stage4_sample_s101,sample_limited,101
recovery_rank_0.7,raw_gradient_stable_rank,46,0.3679496464217601,0.6181612245041224,0.9863405474867244,runs/20260612_193443_stage4_sample_s101,sample_limited,101
recovery_rank_0.7,predicted_rank_raw_stable,46,0.1468660292731521,0.3853273575404528,1.1459341585683671,runs/20260612_193443_stage4_sample_s101,sample_limited,101
recovery_rank_0.8,gradient_effective_rank,36,0.6818975325917838,0.7568575961898937,0.8454281482950351,runs/20260612_193443_stage4_sample_s101,sample_limited,101
recovery_rank_0.8,whitened_gradient_effective_rank,36,0.6818975325917838,0.7568575961898937,0.8454281482950351,runs/20260612_193443_stage4_sample_s101,sample_limited,101
recovery_rank_0.8,predicted_rank_whitened_effective,36,0.6362835200805741,0.7742699235187764,0.9040129966380804,runs/20260612_193443_stage4_sample_s101,sample_limited,101
recovery_rank_0.8,raw_gradient_effective_rank,36,0.4532349350261111,0.6279300028879475,1.108392461944061,runs/20260612_193443_stage4_sample_s101,sample_limited,101
recovery_rank_0.8,gradient_stable_rank,36,0.4206176305812391,0.6006973377721284,1.1409741951519532,runs/20260612_193443_stage4_sample_s101,sample_limited,101
recovery_rank_0.8,whitened_gradient_stable_rank,36,0.4206176305812391,0.6006973377721284,1.1409741951519532,runs/20260612_193443_stage4_sample_s101,sample_limited,101
recovery_rank_0.8,true_k_strong,36,0.4163003155106248,0.6252096353794618,1.1452173365195863,runs/20260612_193443_stage4_sample_s101,sample_limited,101
recovery_rank_0.8,gradient_detectable_rank,36,0.4067812290183679,0.608621043033629,1.1545177835685394,runs/20260612_193443_stage4_sample_s101,sample_limited,101
recovery_rank_0.8,whitened_gradient_detectable_rank,36,0.4067812290183679,0.608621043033629,1.1545177835685394,runs/20260612_193443_stage4_sample_s101,sample_limited,101
recovery_rank_0.8,predicted_rank_detectable,36,0.3855037387819053,0.5946964726932508,1.1750404224289015,runs/20260612_193443_stage4_sample_s101,sample_limited,101
recovery_rank_0.8,predicted_rank_whitened_detectable,36,0.3855037387819053,0.5946964726932508,1.1750404224289015,runs/20260612_193443_stage4_sample_s101,sample_limited,101
recovery_rank_0.8,predicted_rank_raw_effective,36,0.3633241758241756,0.5914260989794594,1.1960583412006105,runs/20260612_193443_stage4_sample_s101,sample_limited,101
recovery_rank_0.8,raw_gradient_detectable_rank,36,0.3366129282090189,0.5341125789641339,1.22089042119569,runs/20260612_193443_stage4_sample_s101,sample_limited,101
recovery_rank_0.8,predicted_rank_raw_detectable,36,0.3107711254262978,0.5265218590178081,1.244442733988972,runs/20260612_193443_stage4_sample_s101,sample_limited,101
recovery_rank_0.8,raw_gradient_stable_rank,36,0.2918535175443817,0.537022893733208,1.261405544713361,runs/20260612_193443_stage4_sample_s101,sample_limited,101
recovery_rank_0.8,predicted_rank_whitened_stable,36,0.2713851937536145,0.5060198843561542,1.2795055697119797,runs/20260612_193443_stage4_sample_s101,sample_limited,101
recovery_rank_0.8,predicted_rank_raw_stable,36,0.0457875457875455,0.2051524849655545,1.4642516593163553,runs/20260612_193443_stage4_sample_s101,sample_limited,101
recovery_rank_0.85,gradient_effective_rank,28,0.6904171153366901,0.7636621304447107,1.028721548381374,runs/20260612_193443_stage4_sample_s101,sample_limited,101
recovery_rank_0.85,whitened_gradient_effective_rank,28,0.6904171153366901,0.7636621304447107,1.028721548381374,runs/20260612_193443_stage4_sample_s101,sample_limited,101
recovery_rank_0.85,predicted_rank_whitened_effective,28,0.6071053184780324,0.7211462279161114,1.158903943431294,runs/20260612_193443_stage4_sample_s101,sample_limited,101
recovery_rank_0.85,raw_gradient_effective_rank,28,0.5957583128842338,0.7120633378470952,1.1755197078347843,runs/20260612_193443_stage4_sample_s101,sample_limited,101
recovery_rank_0.85,raw_gradient_detectable_rank,28,0.5652511632882653,0.6727115115137237,1.2190698206152966,runs/20260612_193443_stage4_sample_s101,sample_limited,101
recovery_rank_0.85,predicted_rank_raw_detectable,28,0.5416119402985076,0.6858681691963031,1.2517742510174126,runs/20260612_193443_stage4_sample_s101,sample_limited,101
recovery_rank_0.85,predicted_rank_raw_effective,28,0.5266194799199876,0.6968994756487473,1.2720803876007247,runs/20260612_193443_stage4_sample_s101,sample_limited,101
recovery_rank_0.85,predicted_rank_detectable,28,0.4890134390289217,0.6386615460399075,1.321642831762074,runs/20260612_193443_stage4_sample_s101,sample_limited,101
recovery_rank_0.85,predicted_rank_whitened_detectable,28,0.4890134390289217,0.6386615460399075,1.321642831762074,runs/20260612_193443_stage4_sample_s101,sample_limited,101
recovery_rank_0.85,gradient_stable_rank,28,0.4752056957939596,0.6579543337177036,1.3393803467862977,runs/20260612_193443_stage4_sample_s101,sample_limited,101
recovery_rank_0.85,whitened_gradient_stable_rank,28,0.4752056957939596,0.6579543337177036,1.3393803467862977,runs/20260612_193443_stage4_sample_s101,sample_limited,101
recovery_rank_0.85,gradient_detectable_rank,28,0.4682778680788027,0.6215939849258809,1.3481919645970648,runs/20260612_193443_stage4_sample_s101,sample_limited,101
recovery_rank_0.85,whitened_gradient_detectable_rank,28,0.4682778680788027,0.6215939849258809,1.3481919645970648,runs/20260612_193443_stage4_sample_s101,sample_limited,101
recovery_rank_0.85,true_k_strong,28,0.4659101958334387,0.6195923378251931,1.3511902704267442,runs/20260612_193443_stage4_sample_s101,sample_limited,101
recovery_rank_0.85,predicted_rank_whitened_stable,28,0.4280818131564401,0.6070603962930317,1.3982226056770986,runs/20260612_193443_stage4_sample_s101,sample_limited,101
recovery_rank_0.85,raw_gradient_stable_rank,28,0.4204532415996383,0.6133283509305766,1.4075168613341766,runs/20260612_193443_stage4_sample_s101,sample_limited,101
recovery_rank_0.85,predicted_rank_raw_stable,28,0.1934328358208955,0.4039625712290077,1.6604646509766046,runs/20260612_193443_stage4_sample_s101,sample_limited,101
recovery_rank_0.9,predicted_rank_whitened_effective,17,0.6632472585779979,0.8270404458857261,1.0944683469917458,runs/20260612_193443_stage4_sample_s101,sample_limited,101
recovery_rank_0.9,gradient_effective_rank,17,0.6402625614550801,0.795709201102,1.1312027570653769,runs/20260612_193443_stage4_sample_s101,sample_limited,101
recovery_rank_0.9,whitened_gradient_effective_rank,17,0.6402625614550801,0.795709201102,1.1312027570653769,runs/20260612_193443_stage4_sample_s101,sample_limited,101
recovery_rank_0.9,raw_gradient_effective_rank,17,0.5836438356783622,0.7342111713638327,1.21697073704294,runs/20260612_193443_stage4_sample_s101,sample_limited,101
recovery_rank_0.9,predicted_rank_whitened_stable,17,0.5558643690939411,0.7246005142501355,1.2569136536664358,runs/20260612_193443_stage4_sample_s101,sample_limited,101
recovery_rank_0.9,predicted_rank_detectable,17,0.5342254230931507,0.749391096579969,1.2871688643412542,runs/20260612_193443_stage4_sample_s101,sample_limited,101
recovery_rank_0.9,predicted_rank_whitened_detectable,17,0.5342254230931507,0.749391096579969,1.2871688643412542,runs/20260612_193443_stage4_sample_s101,sample_limited,101
recovery_rank_0.9,true_k_strong,17,0.5272956786436078,0.7491979613405747,1.2967086927109532,runs/20260612_193443_stage4_sample_s101,sample_limited,101
recovery_rank_0.9,gradient_detectable_rank,17,0.5149942575250618,0.7487138269046599,1.313472777768361,runs/20260612_193443_stage4_sample_s101,sample_limited,101
recovery_rank_0.9,whitened_gradient_detectable_rank,17,0.5149942575250618,0.7487138269046599,1.313472777768361,runs/20260612_193443_stage4_sample_s101,sample_limited,101
recovery_rank_0.9,gradient_stable_rank,17,0.4637235404273953,0.758057346160265,1.3811536730765064,runs/20260612_193443_stage4_sample_s101,sample_limited,101
recovery_rank_0.9,whitened_gradient_stable_rank,17,0.4637235404273953,0.758057346160265,1.3811536730765064,runs/20260612_193443_stage4_sample_s101,sample_limited,101
recovery_rank_0.9,raw_gradient_stable_rank,17,0.3916358886719933,0.6413365958408864,1.4710567564778754,runs/20260612_193443_stage4_sample_s101,sample_limited,101
recovery_rank_0.9,predicted_rank_raw_effective,17,0.3577733898600382,0.6168304977028254,1.5114430365309133,runs/20260612_193443_stage4_sample_s101,sample_limited,101
recovery_rank_0.9,predicted_rank_raw_detectable,17,0.3329384083275133,0.6255970716035565,1.5403896916729114,runs/20260612_193443_stage4_sample_s101,sample_limited,101
recovery_rank_0.9,raw_gradient_detectable_rank,17,0.3302169854925515,0.6245753171483683,1.5435286707692548,runs/20260612_193443_stage4_sample_s101,sample_limited,101
recovery_rank_0.9,predicted_rank_raw_stable,17,0.2003196220122289,0.3870849274957385,1.686575766197905,runs/20260612_193443_stage4_sample_s101,sample_limited,101
recovery_rank_0.95,predicted_rank_whitened_stable,8,0.5929824561403509,0.7190924955066749,0.7772815877574012,runs/20260612_193443_stage4_sample_s101,sample_limited,101
recovery_rank_0.95,gradient_effective_rank,8,0.5179648180299359,0.6794785402726762,0.8458847281023661,runs/20260612_193443_stage4_sample_s101,sample_limited,101
recovery_rank_0.95,whitened_gradient_effective_rank,8,0.5179648180299359,0.6794785402726762,0.8458847281023661,runs/20260612_193443_stage4_sample_s101,sample_limited,101
recovery_rank_0.95,raw_gradient_effective_rank,8,0.4396700717684481,0.592999453328881,0.9119976629458596,runs/20260612_193443_stage4_sample_s101,sample_limited,101
recovery_rank_0.95,predicted_rank_detectable,8,0.3848970251716248,0.5920120146400962,0.955533085905909,runs/20260612_193443_stage4_sample_s101,sample_limited,101
recovery_rank_0.95,predicted_rank_raw_detectable,8,0.3848970251716248,0.5920120146400962,0.955533085905909,runs/20260612_193443_stage4_sample_s101,sample_limited,101
recovery_rank_0.95,predicted_rank_whitened_detectable,8,0.3848970251716248,0.5920120146400962,0.955533085905909,runs/20260612_193443_stage4_sample_s101,sample_limited,101
recovery_rank_0.95,raw_gradient_stable_rank,8,0.3368897720056703,0.5312286769404558,0.9921210836783396,runs/20260612_193443_stage4_sample_s101,sample_limited,101
recovery_rank_0.95,gradient_stable_rank,8,0.3041663205433296,0.6794785402726762,1.0163061142901262,runs/20260612_193443_stage4_sample_s101,sample_limited,101
recovery_rank_0.95,whitened_gradient_stable_rank,8,0.3041663205433296,0.6794785402726762,1.0163061142901262,runs/20260612_193443_stage4_sample_s101,sample_limited,101
recovery_rank_0.95,predicted_rank_raw_effective,8,0.2631578947368421,0.5095246653650681,1.0458250331675945,runs/20260612_193443_stage4_sample_s101,sample_limited,101
recovery_rank_0.95,gradient_detectable_rank,8,0.2595708462736988,0.5920120146400962,1.0483675524654883,runs/20260612_193443_stage4_sample_s101,sample_limited,101
recovery_rank_0.95,raw_gradient_detectable_rank,8,0.2595708462736988,0.5920120146400962,1.0483675524654883,runs/20260612_193443_stage4_sample_s101,sample_limited,101
recovery_rank_0.95,whitened_gradient_detectable_rank,8,0.2595708462736988,0.5920120146400962,1.0483675524654883,runs/20260612_193443_stage4_sample_s101,sample_limited,101
recovery_rank_0.95,true_k_strong,8,0.2595708462736988,0.5920120146400962,1.0483675524654883,runs/20260612_193443_stage4_sample_s101,sample_limited,101
recovery_rank_0.95,predicted_rank_raw_stable,8,0.0,,1.2183492931011204,runs/20260612_193443_stage4_sample_s101,sample_limited,101
recovery_rank_0.95,predicted_rank_whitened_effective,8,0.0,,1.2183492931011204,runs/20260612_193443_stage4_sample_s101,sample_limited,101
best_rank,gradient_detectable_rank,48,,,0.0,runs/20260612_195235_stage4_sample_s103,sample_limited,103
best_rank,predicted_rank_detectable,48,,,0.0,runs/20260612_195235_stage4_sample_s103,sample_limited,103
best_rank,gradient_effective_rank,48,,,0.0,runs/20260612_195235_stage4_sample_s103,sample_limited,103
best_rank,gradient_stable_rank,48,,,0.0,runs/20260612_195235_stage4_sample_s103,sample_limited,103
best_rank,raw_gradient_detectable_rank,48,,,0.0,runs/20260612_195235_stage4_sample_s103,sample_limited,103
best_rank,raw_gradient_effective_rank,48,,,0.0,runs/20260612_195235_stage4_sample_s103,sample_limited,103
best_rank,raw_gradient_stable_rank,48,,,0.0,runs/20260612_195235_stage4_sample_s103,sample_limited,103
best_rank,predicted_rank_raw_detectable,48,,,0.0,runs/20260612_195235_stage4_sample_s103,sample_limited,103
best_rank,predicted_rank_raw_effective,48,,,0.0,runs/20260612_195235_stage4_sample_s103,sample_limited,103
best_rank,predicted_rank_raw_stable,48,,,0.0,runs/20260612_195235_stage4_sample_s103,sample_limited,103
best_rank,whitened_gradient_detectable_rank,48,,,0.0,runs/20260612_195235_stage4_sample_s103,sample_limited,103
best_rank,whitened_gradient_effective_rank,48,,,0.0,runs/20260612_195235_stage4_sample_s103,sample_limited,103
best_rank,whitened_gradient_stable_rank,48,,,0.0,runs/20260612_195235_stage4_sample_s103,sample_limited,103
best_rank,predicted_rank_whitened_detectable,48,,,0.0,runs/20260612_195235_stage4_sample_s103,sample_limited,103
best_rank,predicted_rank_whitened_effective,48,,,0.0,runs/20260612_195235_stage4_sample_s103,sample_limited,103
best_rank,predicted_rank_whitened_stable,48,,,0.0,runs/20260612_195235_stage4_sample_s103,sample_limited,103
best_rank,true_k_strong,48,,,0.0,runs/20260612_195235_stage4_sample_s103,sample_limited,103
near_best_rank_gap_0.02,predicted_rank_whitened_effective,48,0.5742771684945165,0.7316389736544581,0.7233839324490765,runs/20260612_195235_stage4_sample_s103,sample_limited,103
near_best_rank_gap_0.02,gradient_effective_rank,48,0.5728983583084035,0.6825249505615989,0.7245544156555259,runs/20260612_195235_stage4_sample_s103,sample_limited,103
near_best_rank_gap_0.02,whitened_gradient_effective_rank,48,0.5728983583084035,0.6825249505615989,0.7245544156555259,runs/20260612_195235_stage4_sample_s103,sample_limited,103
near_best_rank_gap_0.02,gradient_detectable_rank,48,0.4570227702454104,0.6468504729736436,0.816951352023699,runs/20260612_195235_stage4_sample_s103,sample_limited,103
near_best_rank_gap_0.02,whitened_gradient_detectable_rank,48,0.4570227702454104,0.6468504729736436,0.816951352023699,runs/20260612_195235_stage4_sample_s103,sample_limited,103
near_best_rank_gap_0.02,predicted_rank_detectable,48,0.445777450257922,0.6386236190256956,0.8253677265667533,runs/20260612_195235_stage4_sample_s103,sample_limited,103
near_best_rank_gap_0.02,predicted_rank_whitened_detectable,48,0.445777450257922,0.6386236190256956,0.8253677265667533,runs/20260612_195235_stage4_sample_s103,sample_limited,103
near_best_rank_gap_0.02,raw_gradient_effective_rank,48,0.4331420702436209,0.5299167423151097,0.8347232307730604,runs/20260612_195235_stage4_sample_s103,sample_limited,103
near_best_rank_gap_0.02,true_k_strong,48,0.4049174648857279,0.5232560667418934,0.8552517851942546,runs/20260612_195235_stage4_sample_s103,sample_limited,103
near_best_rank_gap_0.02,gradient_stable_rank,48,0.3591032852410089,0.5219200722029935,0.8875634504405455,runs/20260612_195235_stage4_sample_s103,sample_limited,103
near_best_rank_gap_0.02,whitened_gradient_stable_rank,48,0.3591032852410089,0.5219200722029935,0.8875634504405455,runs/20260612_195235_stage4_sample_s103,sample_limited,103
near_best_rank_gap_0.02,predicted_rank_raw_effective,48,0.3091759205143191,0.455141107272949,0.9214868045905392,runs/20260612_195235_stage4_sample_s103,sample_limited,103
near_best_rank_gap_0.02,raw_gradient_stable_rank,48,0.3083564628891903,0.5066592513783446,0.9220331778369132,runs/20260612_195235_stage4_sample_s103,sample_limited,103
near_best_rank_gap_0.02,raw_gradient_detectable_rank,48,0.2693146361810603,0.451582585820503,0.9476993684853054,runs/20260612_195235_stage4_sample_s103,sample_limited,103
near_best_rank_gap_0.02,predicted_rank_raw_detectable,48,0.2376181190940454,0.4146473953853185,0.9680363605155728,runs/20260612_195235_stage4_sample_s103,sample_limited,103
near_best_rank_gap_0.02,predicted_rank_whitened_stable,48,0.2222353917269173,0.4607442447931194,0.977753716946313,runs/20260612_195235_stage4_sample_s103,sample_limited,103
near_best_rank_gap_0.02,predicted_rank_raw_stable,48,0.1661016949152542,0.429708253387076,1.0124228365658292,runs/20260612_195235_stage4_sample_s103,sample_limited,103
near_best_rank_gap_0.05,gradient_effective_rank,48,0.4988477184588601,0.6533352456255004,0.8216833273284735,runs/20260612_195235_stage4_sample_s103,sample_limited,103
near_best_rank_gap_0.05,whitened_gradient_effective_rank,48,0.4988477184588601,0.6533352456255004,0.8216833273284735,runs/20260612_195235_stage4_sample_s103,sample_limited,103
near_best_rank_gap_0.05,predicted_rank_whitened_effective,48,0.481200727713766,0.6502024028577892,0.8360250645146544,runs/20260612_195235_stage4_sample_s103,sample_limited,103
near_best_rank_gap_0.05,gradient_detectable_rank,48,0.4457244302817902,0.5406524954055351,0.864136774335669,runs/20260612_195235_stage4_sample_s103,sample_limited,103
near_best_rank_gap_0.05,whitened_gradient_detectable_rank,48,0.4457244302817902,0.5406524954055351,0.864136774335669,runs/20260612_195235_stage4_sample_s103,sample_limited,103
near_best_rank_gap_0.05,predicted_rank_detectable,48,0.4338861497086509,0.5382434237087509,0.8733161852503878,runs/20260612_195235_stage4_sample_s103,sample_limited,103
near_best_rank_gap_0.05,predicted_rank_whitened_detectable,48,0.4338861497086509,0.5382434237087509,0.8733161852503878,runs/20260612_195235_stage4_sample_s103,sample_limited,103
near_best_rank_gap_0.05,gradient_stable_rank,48,0.4062074913386825,0.5171027050784793,0.8944106791947468,runs/20260612_195235_stage4_sample_s103,sample_limited,103
near_best_rank_gap_0.05,whitened_gradient_stable_rank,48,0.4062074913386825,0.5171027050784793,0.8944106791947468,runs/20260612_195235_stage4_sample_s103,sample_limited,103
near_best_rank_gap_0.05,true_k_strong,48,0.3817388026949075,0.441398571352819,0.9126528497447092,runs/20260612_195235_stage4_sample_s103,sample_limited,103
near_best_rank_gap_0.05,raw_gradient_effective_rank,48,0.3750738897021064,0.4775981730648442,0.917558904398087,runs/20260612_195235_stage4_sample_s103,sample_limited,103
near_best_rank_gap_0.05,predicted_rank_raw_effective,48,0.3422206422561916,0.4942569461296955,0.9413686674579304,runs/20260612_195235_stage4_sample_s103,sample_limited,103
near_best_rank_gap_0.05,raw_gradient_detectable_rank,48,0.3188212275697989,0.4969648540304915,0.9579661682564896,runs/20260612_195235_stage4_sample_s103,sample_limited,103
near_best_rank_gap_0.05,predicted_rank_raw_detectable,48,0.2960313839978105,0.4509897007264845,0.973859416561329,runs/20260612_195235_stage4_sample_s103,sample_limited,103
near_best_rank_gap_0.05,raw_gradient_stable_rank,48,0.2763329517343059,0.4280432233477402,0.987390666815068,runs/20260612_195235_stage4_sample_s103,sample_limited,103
near_best_rank_gap_0.05,predicted_rank_whitened_stable,48,0.2306971379136329,0.4053124457951064,1.0180480889535186,runs/20260612_195235_stage4_sample_s103,sample_limited,103
near_best_rank_gap_0.05,predicted_rank_raw_stable,48,0.1663230240549829,0.4106158083493065,1.0597868409015787,runs/20260612_195235_stage4_sample_s103,sample_limited,103
near_best_rank_gap_0.1,gradient_stable_rank,48,0.6716015701399443,0.7065190279008149,0.6148172704445077,runs/20260612_195235_stage4_sample_s103,sample_limited,103
near_best_rank_gap_0.1,whitened_gradient_stable_rank,48,0.6716015701399443,0.7065190279008149,0.6148172704445077,runs/20260612_195235_stage4_sample_s103,sample_limited,103
near_best_rank_gap_0.1,gradient_detectable_rank,48,0.6478418800609738,0.6390195433489683,0.636669984611193,runs/20260612_195235_stage4_sample_s103,sample_limited,103
near_best_rank_gap_0.1,whitened_gradient_detectable_rank,48,0.6478418800609738,0.6390195433489683,0.636669984611193,runs/20260612_195235_stage4_sample_s103,sample_limited,103
near_best_rank_gap_0.1,predicted_rank_detectable,48,0.5819161912256541,0.5967516564889097,0.6937087890880229,runs/20260612_195235_stage4_sample_s103,sample_limited,103
near_best_rank_gap_0.1,predicted_rank_whitened_detectable,48,0.5819161912256541,0.5967516564889097,0.6937087890880229,runs/20260612_195235_stage4_sample_s103,sample_limited,103
near_best_rank_gap_0.1,gradient_effective_rank,48,0.5810309450364342,0.7115281677775462,0.6944428265213927,runs/20260612_195235_stage4_sample_s103,sample_limited,103
near_best_rank_gap_0.1,whitened_gradient_effective_rank,48,0.5810309450364342,0.7115281677775462,0.6944428265213927,runs/20260612_195235_stage4_sample_s103,sample_limited,103
near_best_rank_gap_0.1,true_k_strong,48,0.5600081989060547,0.5402169650756353,0.7116522297097392,runs/20260612_195235_stage4_sample_s103,sample_limited,103
near_best_rank_gap_0.1,predicted_rank_whitened_effective,48,0.5389938780942242,0.707704625357877,0.7284485259110357,runs/20260612_195235_stage4_sample_s103,sample_limited,103
near_best_rank_gap_0.1,predicted_rank_raw_detectable,48,0.53722820646298,0.6617355891711678,0.7298421860369364,runs/20260612_195235_stage4_sample_s103,sample_limited,103
near_best_rank_gap_0.1,raw_gradient_effective_rank,48,0.5232443658015025,0.6621852611757211,0.740787148768499,runs/20260612_195235_stage4_sample_s103,sample_limited,103
near_best_rank_gap_0.1,raw_gradient_detectable_rank,48,0.5162437187870503,0.6385627088542274,0.7462061619873038,runs/20260612_195235_stage4_sample_s103,sample_limited,103
near_best_rank_gap_0.1,predicted_rank_whitened_stable,48,0.4785305192545011,0.6489971322008267,0.7747471201838058,runs/20260612_195235_stage4_sample_s103,sample_limited,103
near_best_rank_gap_0.1,raw_gradient_stable_rank,48,0.4718116642341302,0.5993119192746788,0.7797222469019591,runs/20260612_195235_stage4_sample_s103,sample_limited,103
near_best_rank_gap_0.1,predicted_rank_raw_effective,48,0.3349629860786047,0.4873834673527681,0.8749201751583433,runs/20260612_195235_stage4_sample_s103,sample_limited,103
near_best_rank_gap_0.1,predicted_rank_raw_stable,48,0.1690296631473101,0.4020077599739126,0.9779987124129976,runs/20260612_195235_stage4_sample_s103,sample_limited,103
near_best_rank_gap_0.2,gradient_stable_rank,48,0.6110580425019336,0.6985233659896554,0.4845791518162102,runs/20260612_195235_stage4_sample_s103,sample_limited,103
near_best_rank_gap_0.2,whitened_gradient_stable_rank,48,0.6110580425019336,0.6985233659896554,0.4845791518162102,runs/20260612_195235_stage4_sample_s103,sample_limited,103
near_best_rank_gap_0.2,gradient_detectable_rank,48,0.4852826296643199,0.5656422848022055,0.557451052806172,runs/20260612_195235_stage4_sample_s103,sample_limited,103
near_best_rank_gap_0.2,whitened_gradient_detectable_rank,48,0.4852826296643199,0.5656422848022055,0.557451052806172,runs/20260612_195235_stage4_sample_s103,sample_limited,103
near_best_rank_gap_0.2,raw_gradient_stable_rank,48,0.4817930856662138,0.6187969354206829,0.5593374901445505,runs/20260612_195235_stage4_sample_s103,sample_limited,103
near_best_rank_gap_0.2,predicted_rank_detectable,48,0.4337461319663676,0.5167331816116661,0.5846930323075396,runs/20260612_195235_stage4_sample_s103,sample_limited,103
near_best_rank_gap_0.2,predicted_rank_whitened_detectable,48,0.4337461319663676,0.5167331816116661,0.5846930323075396,runs/20260612_195235_stage4_sample_s103,sample_limited,103
near_best_rank_gap_0.2,raw_gradient_effective_rank,48,0.4309763129639725,0.5949523741308829,0.586121294754376,runs/20260612_195235_stage4_sample_s103,sample_limited,103
near_best_rank_gap_0.2,true_k_strong,48,0.4305237383849339,0.4996090712255682,0.5863543350308268,runs/20260612_195235_stage4_sample_s103,sample_limited,103
near_best_rank_gap_0.2,predicted_rank_raw_detectable,48,0.423286233244053,0.5789407253078208,0.5900685759190358,runs/20260612_195235_stage4_sample_s103,sample_limited,103
near_best_rank_gap_0.2,raw_gradient_detectable_rank,48,0.4217448435612679,0.5655363082906505,0.5908565913551806,runs/20260612_195235_stage4_sample_s103,sample_limited,103
near_best_rank_gap_0.2,predicted_rank_whitened_stable,48,0.3801913399325332,0.6112384882123942,0.6117178417773328,runs/20260612_195235_stage4_sample_s103,sample_limited,103
near_best_rank_gap_0.2,gradient_effective_rank,48,0.3557857192235237,0.5271482242068105,0.6236450815512695,runs/20260612_195235_stage4_sample_s103,sample_limited,103
near_best_rank_gap_0.2,whitened_gradient_effective_rank,48,0.3557857192235237,0.5271482242068105,0.6236450815512695,runs/20260612_195235_stage4_sample_s103,sample_limited,103
near_best_rank_gap_0.2,predicted_rank_raw_effective,48,0.3206904815025986,0.501865861339894,0.640407158161725,runs/20260612_195235_stage4_sample_s103,sample_limited,103
near_best_rank_gap_0.2,predicted_rank_whitened_effective,48,0.2802469657884719,0.4741968841355627,0.6591952659817958,runs/20260612_195235_stage4_sample_s103,sample_limited,103
near_best_rank_gap_0.2,predicted_rank_raw_stable,48,0.1668344116942246,0.4093938272435528,0.70923145676095,runs/20260612_195235_stage4_sample_s103,sample_limited,103
near_best_rank_gap_0.5,gradient_stable_rank,48,0.2751184969479675,0.57741391867366,0.4013536824996218,runs/20260612_195235_stage4_sample_s103,sample_limited,103
near_best_rank_gap_0.5,whitened_gradient_stable_rank,48,0.2751184969479675,0.57741391867366,0.4013536824996218,runs/20260612_195235_stage4_sample_s103,sample_limited,103
near_best_rank_gap_0.5,predicted_rank_whitened_stable,48,0.2237762237762238,0.4665298527636454,0.4153241775940482,runs/20260612_195235_stage4_sample_s103,sample_limited,103
near_best_rank_gap_0.5,predicted_rank_raw_detectable,48,0.2150442477876106,0.4799882363533956,0.4176536981791891,runs/20260612_195235_stage4_sample_s103,sample_limited,103
near_best_rank_gap_0.5,raw_gradient_detectable_rank,48,0.193073473223065,0.4532440801555214,0.423458387507474,runs/20260612_195235_stage4_sample_s103,sample_limited,103
near_best_rank_gap_0.5,raw_gradient_stable_rank,48,0.1811800804068437,0.4083369148631407,0.426567675910649,runs/20260612_195235_stage4_sample_s103,sample_limited,103
near_best_rank_gap_0.5,gradient_detectable_rank,48,0.120859859648439,0.3298001307518811,0.4420005380468221,runs/20260612_195235_stage4_sample_s103,sample_limited,103
near_best_rank_gap_0.5,whitened_gradient_detectable_rank,48,0.120859859648439,0.3298001307518811,0.4420005380468221,runs/20260612_195235_stage4_sample_s103,sample_limited,103
near_best_rank_gap_0.5,raw_gradient_effective_rank,48,0.116596848075172,0.3477244040631433,0.4430708877130732,runs/20260612_195235_stage4_sample_s103,sample_limited,103
near_best_rank_gap_0.5,predicted_rank_detectable,48,0.1150000000000003,0.3103476461624918,0.4434711565216689,runs/20260612_195235_stage4_sample_s103,sample_limited,103
near_best_rank_gap_0.5,predicted_rank_whitened_detectable,48,0.1150000000000003,0.3103476461624918,0.4434711565216689,runs/20260612_195235_stage4_sample_s103,sample_limited,103
near_best_rank_gap_0.5,predicted_rank_raw_stable,48,0.075,0.273861278752583,0.4533823502911814,runs/20260612_195235_stage4_sample_s103,sample_limited,103
near_best_rank_gap_0.5,true_k_strong,48,0.0718246796932854,0.1918809157193449,0.454159864244278,runs/20260612_195235_stage4_sample_s103,sample_limited,103
near_best_rank_gap_0.5,gradient_effective_rank,48,0.0622185854304861,0.2424500431999898,0.4565039648287147,runs/20260612_195235_stage4_sample_s103,sample_limited,103
near_best_rank_gap_0.5,whitened_gradient_effective_rank,48,0.0622185854304861,0.2424500431999898,0.4565039648287147,runs/20260612_195235_stage4_sample_s103,sample_limited,103
near_best_rank_gap_0.5,predicted_rank_raw_effective,48,0.0517241379310345,0.2182178902359924,0.4590511620164565,runs/20260612_195235_stage4_sample_s103,sample_limited,103
near_best_rank_gap_0.5,predicted_rank_whitened_effective,48,0.0496323529411766,0.2118943271170468,0.4595571895395788,runs/20260612_195235_stage4_sample_s103,sample_limited,103
penalized_rank_lambda_0.03,gradient_effective_rank,48,0.5072303876974706,0.6386677524129805,0.6077526910899802,runs/20260612_195235_stage4_sample_s103,sample_limited,103
penalized_rank_lambda_0.03,whitened_gradient_effective_rank,48,0.5072303876974706,0.6386677524129805,0.6077526910899802,runs/20260612_195235_stage4_sample_s103,sample_limited,103
penalized_rank_lambda_0.03,predicted_rank_whitened_effective,48,0.4317245137777172,0.5982586864225875,0.6526560865572782,runs/20260612_195235_stage4_sample_s103,sample_limited,103
penalized_rank_lambda_0.03,raw_gradient_effective_rank,48,0.3661023071407766,0.4847703058771441,0.6893099015953909,runs/20260612_195235_stage4_sample_s103,sample_limited,103
penalized_rank_lambda_0.03,predicted_rank_detectable,48,0.3565116688905112,0.5875389749002387,0.6945048282926038,runs/20260612_195235_stage4_sample_s103,sample_limited,103
penalized_rank_lambda_0.03,predicted_rank_whitened_detectable,48,0.3565116688905112,0.5875389749002387,0.6945048282926038,runs/20260612_195235_stage4_sample_s103,sample_limited,103
penalized_rank_lambda_0.03,gradient_detectable_rank,48,0.3533706669321252,0.5662493958372998,0.6961977770062389,runs/20260612_195235_stage4_sample_s103,sample_limited,103
penalized_rank_lambda_0.03,whitened_gradient_detectable_rank,48,0.3533706669321252,0.5662493958372998,0.6961977770062389,runs/20260612_195235_stage4_sample_s103,sample_limited,103
penalized_rank_lambda_0.03,true_k_strong,48,0.3249273846033196,0.4941867357374666,0.7113448258618397,runs/20260612_195235_stage4_sample_s103,sample_limited,103
penalized_rank_lambda_0.03,gradient_stable_rank,48,0.2905465534982695,0.449189003415315,0.7292339558560584,runs/20260612_195235_stage4_sample_s103,sample_limited,103
penalized_rank_lambda_0.03,whitened_gradient_stable_rank,48,0.2905465534982695,0.449189003415315,0.7292339558560584,runs/20260612_195235_stage4_sample_s103,sample_limited,103
penalized_rank_lambda_0.03,raw_gradient_stable_rank,48,0.2534542995092314,0.4400775297007905,0.7480543120634242,runs/20260612_195235_stage4_sample_s103,sample_limited,103
penalized_rank_lambda_0.03,predicted_rank_raw_effective,48,0.2530798873869375,0.4458366987129363,0.7482418729148629,runs/20260612_195235_stage4_sample_s103,sample_limited,103
penalized_rank_lambda_0.03,raw_gradient_detectable_rank,48,0.2017511654043328,0.4044020194297074,0.773524507549022,runs/20260612_195235_stage4_sample_s103,sample_limited,103
penalized_rank_lambda_0.03,predicted_rank_raw_detectable,48,0.1697915972759555,0.3620664896385233,0.7888573816190774,runs/20260612_195235_stage4_sample_s103,sample_limited,103
penalized_rank_lambda_0.03,predicted_rank_whitened_stable,48,0.1571462700588352,0.3904694616325439,0.7948424218198696,runs/20260612_195235_stage4_sample_s103,sample_limited,103
penalized_rank_lambda_0.03,predicted_rank_raw_stable,48,0.1084346651225631,0.3501761680010485,0.817488248867858,runs/20260612_195235_stage4_sample_s103,sample_limited,103
penalized_rank_lambda_0.05,gradient_effective_rank,48,0.4687742604089647,0.6624355150411055,0.8181290908014544,runs/20260612_195235_stage4_sample_s103,sample_limited,103
penalized_rank_lambda_0.05,whitened_gradient_effective_rank,48,0.4687742604089647,0.6624355150411055,0.8181290908014544,runs/20260612_195235_stage4_sample_s103,sample_limited,103
penalized_rank_lambda_0.05,predicted_rank_whitened_effective,48,0.4392008267309678,0.6340557980782487,0.840593375076334,runs/20260612_195235_stage4_sample_s103,sample_limited,103
penalized_rank_lambda_0.05,gradient_detectable_rank,48,0.3899118427464804,0.6134547015312803,0.8767556594235073,runs/20260612_195235_stage4_sample_s103,sample_limited,103
penalized_rank_lambda_0.05,whitened_gradient_detectable_rank,48,0.3899118427464804,0.6134547015312803,0.8767556594235073,runs/20260612_195235_stage4_sample_s103,sample_limited,103
penalized_rank_lambda_0.05,predicted_rank_detectable,48,0.3748332309904296,0.5723360938437336,0.8875242393097322,runs/20260612_195235_stage4_sample_s103,sample_limited,103
penalized_rank_lambda_0.05,predicted_rank_whitened_detectable,48,0.3748332309904296,0.5723360938437336,0.8875242393097322,runs/20260612_195235_stage4_sample_s103,sample_limited,103
penalized_rank_lambda_0.05,raw_gradient_effective_rank,48,0.3531689323631301,0.5254203421053855,0.9027712420743256,runs/20260612_195235_stage4_sample_s103,sample_limited,103
penalized_rank_lambda_0.05,true_k_strong,48,0.3377715307296406,0.5018542687143984,0.9134529951007972,runs/20260612_195235_stage4_sample_s103,sample_limited,103
penalized_rank_lambda_0.05,gradient_stable_rank,48,0.3146959999181837,0.5109328644876102,0.929231479484094,runs/20260612_195235_stage4_sample_s103,sample_limited,103
penalized_rank_lambda_0.05,whitened_gradient_stable_rank,48,0.3146959999181837,0.5109328644876102,0.929231479484094,runs/20260612_195235_stage4_sample_s103,sample_limited,103
penalized_rank_lambda_0.05,predicted_rank_raw_effective,48,0.3082067302552651,0.5230844687230017,0.9336206454328996,runs/20260612_195235_stage4_sample_s103,sample_limited,103
penalized_rank_lambda_0.05,raw_gradient_stable_rank,48,0.2525802612152469,0.4864155946729138,0.970430777970102,runs/20260612_195235_stage4_sample_s103,sample_limited,103
penalized_rank_lambda_0.05,raw_gradient_detectable_rank,48,0.243636281971564,0.4871847187188277,0.976219828420464,runs/20260612_195235_stage4_sample_s103,sample_limited,103
penalized_rank_lambda_0.05,predicted_rank_whitened_stable,48,0.2359965215631767,0.465261712587722,0.9811376656112633,runs/20260612_195235_stage4_sample_s103,sample_limited,103
penalized_rank_lambda_0.05,predicted_rank_raw_detectable,48,0.225340889345474,0.4400291657739403,0.98795598610556,runs/20260612_195235_stage4_sample_s103,sample_limited,103
penalized_rank_lambda_0.05,predicted_rank_raw_stable,48,0.2160753243770811,0.5119132462964969,0.9938468098663302,runs/20260612_195235_stage4_sample_s103,sample_limited,103
penalized_rank_lambda_0.08,predicted_rank_whitened_effective,48,0.5084033613445378,0.7166647209371151,0.757317246446102,runs/20260612_195235_stage4_sample_s103,sample_limited,103
penalized_rank_lambda_0.08,gradient_effective_rank,48,0.4442141958593923,0.678437135049803,0.8052432995668921,runs/20260612_195235_stage4_sample_s103,sample_limited,103
penalized_rank_lambda_0.08,whitened_gradient_effective_rank,48,0.4442141958593923,0.678437135049803,0.8052432995668921,runs/20260612_195235_stage4_sample_s103,sample_limited,103
penalized_rank_lambda_0.08,predicted_rank_detectable,48,0.430807453416149,0.6190335352017897,0.8148975217869379,runs/20260612_195235_stage4_sample_s103,sample_limited,103
penalized_rank_lambda_0.08,predicted_rank_whitened_detectable,48,0.430807453416149,0.6190335352017897,0.8148975217869379,runs/20260612_195235_stage4_sample_s103,sample_limited,103
penalized_rank_lambda_0.08,gradient_detectable_rank,48,0.4211373842308077,0.5815795070921495,0.8217905562838934,runs/20260612_195235_stage4_sample_s103,sample_limited,103
penalized_rank_lambda_0.08,whitened_gradient_detectable_rank,48,0.4211373842308077,0.5815795070921495,0.8217905562838934,runs/20260612_195235_stage4_sample_s103,sample_limited,103
penalized_rank_lambda_0.08,true_k_strong,48,0.3898412395826506,0.5208492091155539,0.8437131545457699,runs/20260612_195235_stage4_sample_s103,sample_limited,103
penalized_rank_lambda_0.08,raw_gradient_effective_rank,48,0.3825553650545866,0.5358682759495573,0.8487355737230425,runs/20260612_195235_stage4_sample_s103,sample_limited,103
penalized_rank_lambda_0.08,predicted_rank_raw_effective,48,0.3746579091406677,0.5456587932190822,0.8541462244072855,runs/20260612_195235_stage4_sample_s103,sample_limited,103
penalized_rank_lambda_0.08,raw_gradient_detectable_rank,48,0.3693261896808327,0.5576074099193242,0.8577797573031369,runs/20260612_195235_stage4_sample_s103,sample_limited,103
penalized_rank_lambda_0.08,predicted_rank_raw_detectable,48,0.3551201011378001,0.5325381467594572,0.867386812215807,runs/20260612_195235_stage4_sample_s103,sample_limited,103
penalized_rank_lambda_0.08,gradient_stable_rank,48,0.3513654785339211,0.5415059356856861,0.8699081992048119,runs/20260612_195235_stage4_sample_s103,sample_limited,103
penalized_rank_lambda_0.08,whitened_gradient_stable_rank,48,0.3513654785339211,0.5415059356856861,0.8699081992048119,runs/20260612_195235_stage4_sample_s103,sample_limited,103
penalized_rank_lambda_0.08,raw_gradient_stable_rank,48,0.2617771846223586,0.4612419347001829,0.928040921120354,runs/20260612_195235_stage4_sample_s103,sample_limited,103
penalized_rank_lambda_0.08,predicted_rank_whitened_stable,48,0.2532467532467534,0.45055145370855,0.9333874443188752,runs/20260612_195235_stage4_sample_s103,sample_limited,103
penalized_rank_lambda_0.08,predicted_rank_raw_stable,48,0.1920634920634921,0.4656781497839857,0.9708720783875662,runs/20260612_195235_stage4_sample_s103,sample_limited,103
penalized_rank_lambda_0.1,gradient_detectable_rank,48,0.5603789689826608,0.6861470460726561,0.7442545712135606,runs/20260612_195235_stage4_sample_s103,sample_limited,103
penalized_rank_lambda_0.1,whitened_gradient_detectable_rank,48,0.5603789689826608,0.6861470460726561,0.7442545712135606,runs/20260612_195235_stage4_sample_s103,sample_limited,103
penalized_rank_lambda_0.1,predicted_rank_detectable,48,0.5440902215099821,0.6813392236696587,0.7579171496919049,runs/20260612_195235_stage4_sample_s103,sample_limited,103
penalized_rank_lambda_0.1,predicted_rank_whitened_detectable,48,0.5440902215099821,0.6813392236696587,0.7579171496919049,runs/20260612_195235_stage4_sample_s103,sample_limited,103
penalized_rank_lambda_0.1,raw_gradient_detectable_rank,48,0.5176261033380991,0.691668689410264,0.7796042170532289,runs/20260612_195235_stage4_sample_s103,sample_limited,103
penalized_rank_lambda_0.1,true_k_strong,48,0.5096485101691984,0.6021899615384037,0.7860244042904212,runs/20260612_195235_stage4_sample_s103,sample_limited,103
penalized_rank_lambda_0.1,gradient_stable_rank,48,0.5035415532258614,0.6721260351050341,0.7909039283409574,runs/20260612_195235_stage4_sample_s103,sample_limited,103
penalized_rank_lambda_0.1,whitened_gradient_stable_rank,48,0.5035415532258614,0.6721260351050341,0.7909039283409574,runs/20260612_195235_stage4_sample_s103,sample_limited,103
penalized_rank_lambda_0.1,raw_gradient_effective_rank,48,0.4907580378060335,0.6669465383022725,0.8010218669662581,runs/20260612_195235_stage4_sample_s103,sample_limited,103
penalized_rank_lambda_0.1,predicted_rank_raw_detectable,48,0.4813494736906282,0.6157359887648992,0.8083876909010882,runs/20260612_195235_stage4_sample_s103,sample_limited,103
penalized_rank_lambda_0.1,gradient_effective_rank,48,0.4784740834891461,0.75499798394922,0.8106254378776254,runs/20260612_195235_stage4_sample_s103,sample_limited,103
penalized_rank_lambda_0.1,whitened_gradient_effective_rank,48,0.4784740834891461,0.75499798394922,0.8106254378776254,runs/20260612_195235_stage4_sample_s103,sample_limited,103
penalized_rank_lambda_0.1,predicted_rank_whitened_effective,48,0.4601122570971205,0.6699740677825733,0.8247722006751537,runs/20260612_195235_stage4_sample_s103,sample_limited,103
penalized_rank_lambda_0.1,predicted_rank_raw_effective,48,0.4285736911082867,0.6480709088714641,0.8485206117755291,runs/20260612_195235_stage4_sample_s103,sample_limited,103
penalized_rank_lambda_0.1,raw_gradient_stable_rank,48,0.4060017185257508,0.615554420025982,0.8651170569277833,runs/20260612_195235_stage4_sample_s103,sample_limited,103
penalized_rank_lambda_0.1,predicted_rank_whitened_stable,48,0.3244509537999031,0.5230375412351049,0.9225942065339832,runs/20260612_195235_stage4_sample_s103,sample_limited,103
penalized_rank_lambda_0.1,predicted_rank_raw_stable,48,0.2829486737857387,0.5879142399423328,0.9505115581739249,runs/20260612_195235_stage4_sample_s103,sample_limited,103
penalized_rank_lambda_0.15,gradient_detectable_rank,48,0.5071893712967639,0.5580072912359393,0.787992916482119,runs/20260612_195235_stage4_sample_s103,sample_limited,103
penalized_rank_lambda_0.15,whitened_gradient_detectable_rank,48,0.5071893712967639,0.5580072912359393,0.787992916482119,runs/20260612_195235_stage4_sample_s103,sample_limited,103
penalized_rank_lambda_0.15,gradient_stable_rank,48,0.4848571531519207,0.577909894003927,0.8056494545249675,runs/20260612_195235_stage4_sample_s103,sample_limited,103
penalized_rank_lambda_0.15,whitened_gradient_stable_rank,48,0.4848571531519207,0.577909894003927,0.8056494545249675,runs/20260612_195235_stage4_sample_s103,sample_limited,103
penalized_rank_lambda_0.15,predicted_rank_detectable,48,0.4734658299510251,0.5408767105115089,0.8145083873377108,runs/20260612_195235_stage4_sample_s103,sample_limited,103
penalized_rank_lambda_0.15,predicted_rank_whitened_detectable,48,0.4734658299510251,0.5408767105115089,0.8145083873377108,runs/20260612_195235_stage4_sample_s103,sample_limited,103
penalized_rank_lambda_0.15,true_k_strong,48,0.4494447114559826,0.4822139702076061,0.8328806068782756,runs/20260612_195235_stage4_sample_s103,sample_limited,103
penalized_rank_lambda_0.15,gradient_effective_rank,48,0.4296753040680421,0.6128915040586724,0.8477023153229272,runs/20260612_195235_stage4_sample_s103,sample_limited,103
penalized_rank_lambda_0.15,whitened_gradient_effective_rank,48,0.4296753040680421,0.6128915040586724,0.8477023153229272,runs/20260612_195235_stage4_sample_s103,sample_limited,103
penalized_rank_lambda_0.15,predicted_rank_whitened_effective,48,0.4187757086989118,0.5929335916433548,0.8557642878385785,runs/20260612_195235_stage4_sample_s103,sample_limited,103
penalized_rank_lambda_0.15,predicted_rank_raw_detectable,48,0.3954865122744551,0.5434378195520547,0.8727407974355031,runs/20260612_195235_stage4_sample_s103,sample_limited,103
penalized_rank_lambda_0.15,raw_gradient_detectable_rank,48,0.3871451619707797,0.5375146453883851,0.878741404553057,runs/20260612_195235_stage4_sample_s103,sample_limited,103
penalized_rank_lambda_0.15,raw_gradient_effective_rank,48,0.3701958018950602,0.5136532986994516,0.890809943541024,runs/20260612_195235_stage4_sample_s103,sample_limited,103
penalized_rank_lambda_0.15,raw_gradient_stable_rank,48,0.3142027667599876,0.4746770512811952,0.92956581675557,runs/20260612_195235_stage4_sample_s103,sample_limited,103
penalized_rank_lambda_0.15,predicted_rank_whitened_stable,48,0.3104601220343556,0.4873458681693223,0.9320988547671728,runs/20260612_195235_stage4_sample_s103,sample_limited,103
penalized_rank_lambda_0.15,predicted_rank_raw_effective,48,0.2454892085476379,0.4206087253745942,0.9750233320717464,runs/20260612_195235_stage4_sample_s103,sample_limited,103
penalized_rank_lambda_0.15,predicted_rank_raw_stable,48,0.1157653002640946,0.3396591810911059,1.0555190052151455,runs/20260612_195235_stage4_sample_s103,sample_limited,103
penalized_rank_lambda_0.2,gradient_detectable_rank,48,0.4642248682611524,0.4904004617352605,0.7653571121048967,runs/20260612_195235_stage4_sample_s103,sample_limited,103
penalized_rank_lambda_0.2,whitened_gradient_detectable_rank,48,0.4642248682611524,0.4904004617352605,0.7653571121048967,runs/20260612_195235_stage4_sample_s103,sample_limited,103
penalized_rank_lambda_0.2,gradient_stable_rank,48,0.455782451043023,0.5446323109543355,0.7713635580180672,runs/20260612_195235_stage4_sample_s103,sample_limited,103
penalized_rank_lambda_0.2,whitened_gradient_stable_rank,48,0.455782451043023,0.5446323109543355,0.7713635580180672,runs/20260612_195235_stage4_sample_s103,sample_limited,103
penalized_rank_lambda_0.2,predicted_rank_raw_detectable,48,0.4518628336149686,0.597440209732032,0.7741363697549577,runs/20260612_195235_stage4_sample_s103,sample_limited,103
penalized_rank_lambda_0.2,raw_gradient_detectable_rank,48,0.4295010232937587,0.5527334389814771,0.7897693608702271,runs/20260612_195235_stage4_sample_s103,sample_limited,103
penalized_rank_lambda_0.2,predicted_rank_whitened_effective,48,0.4153609041870022,0.5797154801759087,0.7994968801927301,runs/20260612_195235_stage4_sample_s103,sample_limited,103
penalized_rank_lambda_0.2,predicted_rank_detectable,48,0.414674560298255,0.4572813154783071,0.7999660318875502,runs/20260612_195235_stage4_sample_s103,sample_limited,103
penalized_rank_lambda_0.2,predicted_rank_whitened_detectable,48,0.414674560298255,0.4572813154783071,0.7999660318875502,runs/20260612_195235_stage4_sample_s103,sample_limited,103
penalized_rank_lambda_0.2,true_k_strong,48,0.3943551178911469,0.4013308437351009,0.8137328942007037,runs/20260612_195235_stage4_sample_s103,sample_limited,103
penalized_rank_lambda_0.2,gradient_effective_rank,48,0.3642421992436795,0.5142231406085346,0.8337170731319818,runs/20260612_195235_stage4_sample_s103,sample_limited,103
penalized_rank_lambda_0.2,whitened_gradient_effective_rank,48,0.3642421992436795,0.5142231406085346,0.8337170731319818,runs/20260612_195235_stage4_sample_s103,sample_limited,103
penalized_rank_lambda_0.2,raw_gradient_effective_rank,48,0.3523042751999217,0.4989313398419081,0.8415082180608663,runs/20260612_195235_stage4_sample_s103,sample_limited,103
penalized_rank_lambda_0.2,raw_gradient_stable_rank,48,0.3244560956146771,0.4644521084555602,0.8594084829706041,runs/20260612_195235_stage4_sample_s103,sample_limited,103
penalized_rank_lambda_0.2,predicted_rank_whitened_stable,48,0.3004883167646169,0.4719180962238193,0.8745211810112411,runs/20260612_195235_stage4_sample_s103,sample_limited,103
penalized_rank_lambda_0.2,predicted_rank_raw_effective,48,0.2109257003098292,0.3599425100349643,0.9288205074831888,runs/20260612_195235_stage4_sample_s103,sample_limited,103
penalized_rank_lambda_0.2,predicted_rank_raw_stable,48,0.1118168585417495,0.3261066517090201,0.985426209725931,runs/20260612_195235_stage4_sample_s103,sample_limited,103
penalized_rank_lambda_0.3,gradient_detectable_rank,48,0.5805084342145563,0.6146756686363113,0.6058507407458237,runs/20260612_195235_stage4_sample_s103,sample_limited,103
penalized_rank_lambda_0.3,whitened_gradient_detectable_rank,48,0.5805084342145563,0.6146756686363113,0.6058507407458237,runs/20260612_195235_stage4_sample_s103,sample_limited,103
penalized_rank_lambda_0.3,gradient_stable_rank,48,0.5506766374638565,0.6647219873486531,0.6270230794947866,runs/20260612_195235_stage4_sample_s103,sample_limited,103
penalized_rank_lambda_0.3,whitened_gradient_stable_rank,48,0.5506766374638565,0.6647219873486531,0.6270230794947866,runs/20260612_195235_stage4_sample_s103,sample_limited,103
penalized_rank_lambda_0.3,predicted_rank_detectable,48,0.5411180124223601,0.5995116512806268,0.633657430423123,runs/20260612_195235_stage4_sample_s103,sample_limited,103
penalized_rank_lambda_0.3,predicted_rank_whitened_detectable,48,0.5411180124223601,0.5995116512806268,0.633657430423123,runs/20260612_195235_stage4_sample_s103,sample_limited,103
penalized_rank_lambda_0.3,true_k_strong,48,0.5326783377248175,0.5656234115287082,0.6394579380153042,runs/20260612_195235_stage4_sample_s103,sample_limited,103
penalized_rank_lambda_0.3,predicted_rank_whitened_effective,48,0.5056022408963585,0.6914082656114515,0.6577218555101284,runs/20260612_195235_stage4_sample_s103,sample_limited,103
penalized_rank_lambda_0.3,raw_gradient_detectable_rank,48,0.4855771607102378,0.6308171727635812,0.6709098183649885,runs/20260612_195235_stage4_sample_s103,sample_limited,103
penalized_rank_lambda_0.3,predicted_rank_raw_detectable,48,0.4734934681837336,0.6307349706366772,0.6787438510507724,runs/20260612_195235_stage4_sample_s103,sample_limited,103
penalized_rank_lambda_0.3,raw_gradient_effective_rank,48,0.4549225063819582,0.6436830376808649,0.690610459604969,runs/20260612_195235_stage4_sample_s103,sample_limited,103
penalized_rank_lambda_0.3,gradient_effective_rank,48,0.4509924684342042,0.6503937371438663,0.6930956572653383,runs/20260612_195235_stage4_sample_s103,sample_limited,103
penalized_rank_lambda_0.3,whitened_gradient_effective_rank,48,0.4509924684342042,0.6503937371438663,0.6930956572653383,runs/20260612_195235_stage4_sample_s103,sample_limited,103
penalized_rank_lambda_0.3,predicted_rank_whitened_stable,48,0.4495504495504496,0.6397739486706706,0.69400530015509,runs/20260612_195235_stage4_sample_s103,sample_limited,103
penalized_rank_lambda_0.3,raw_gradient_stable_rank,48,0.4219457542853007,0.5945316983707735,0.7111943932571192,runs/20260612_195235_stage4_sample_s103,sample_limited,103
penalized_rank_lambda_0.3,predicted_rank_raw_effective,48,0.2660098522167489,0.4481832280085968,0.8013996377029033,runs/20260612_195235_stage4_sample_s103,sample_limited,103
penalized_rank_lambda_0.3,predicted_rank_raw_stable,48,0.1354497354497352,0.3684895002364542,0.8697594388573668,runs/20260612_195235_stage4_sample_s103,sample_limited,103
penalized_rank_lambda_0.5,gradient_detectable_rank,48,0.4776670928010872,0.5489708241630387,0.5962185520794405,runs/20260612_195235_stage4_sample_s103,sample_limited,103
penalized_rank_lambda_0.5,whitened_gradient_detectable_rank,48,0.4776670928010872,0.5489708241630387,0.5962185520794405,runs/20260612_195235_stage4_sample_s103,sample_limited,103
penalized_rank_lambda_0.5,true_k_strong,48,0.4455467825657013,0.5126582472877306,0.6142769875394685,runs/20260612_195235_stage4_sample_s103,sample_limited,103
penalized_rank_lambda_0.5,predicted_rank_detectable,48,0.44301685891748,0.5246943631536113,0.615676839758077,runs/20260612_195235_stage4_sample_s103,sample_limited,103
penalized_rank_lambda_0.5,predicted_rank_whitened_detectable,48,0.44301685891748,0.5246943631536113,0.615676839758077,runs/20260612_195235_stage4_sample_s103,sample_limited,103
penalized_rank_lambda_0.5,gradient_stable_rank,48,0.4149142421657978,0.5485484810448996,0.6310177200130743,runs/20260612_195235_stage4_sample_s103,sample_limited,103
penalized_rank_lambda_0.5,whitened_gradient_stable_rank,48,0.4149142421657978,0.5485484810448996,0.6310177200130743,runs/20260612_195235_stage4_sample_s103,sample_limited,103
penalized_rank_lambda_0.5,predicted_rank_whitened_effective,48,0.3529411764705882,0.5390877959403134,0.6635958688269412,runs/20260612_195235_stage4_sample_s103,sample_limited,103
penalized_rank_lambda_0.5,raw_gradient_stable_rank,48,0.3164907307805684,0.4603772487211872,0.6820308134102168,runs/20260612_195235_stage4_sample_s103,sample_limited,103
penalized_rank_lambda_0.5,raw_gradient_effective_rank,48,0.3103148709841475,0.487611835286856,0.6851051350966423,runs/20260612_195235_stage4_sample_s103,sample_limited,103
penalized_rank_lambda_0.5,gradient_effective_rank,48,0.2985534725809591,0.4807883549926254,0.6909220876192775,runs/20260612_195235_stage4_sample_s103,sample_limited,103
penalized_rank_lambda_0.5,whitened_gradient_effective_rank,48,0.2985534725809591,0.4807883549926254,0.6909220876192775,runs/20260612_195235_stage4_sample_s103,sample_limited,103
penalized_rank_lambda_0.5,predicted_rank_raw_detectable,48,0.2966949611703088,0.4416507584522684,0.6918367953685045,runs/20260612_195235_stage4_sample_s103,sample_limited,103
penalized_rank_lambda_0.5,predicted_rank_whitened_stable,48,0.2922791494220065,0.4969932626084347,0.6940053001550901,runs/20260612_195235_stage4_sample_s103,sample_limited,103
penalized_rank_lambda_0.5,raw_gradient_detectable_rank,48,0.2651239022758723,0.3569240041405845,0.7071944647345186,runs/20260612_195235_stage4_sample_s103,sample_limited,103
penalized_rank_lambda_0.5,predicted_rank_raw_effective,48,0.1693642974431151,0.3003457563800509,0.7518601878127874,runs/20260612_195235_stage4_sample_s103,sample_limited,103
penalized_rank_lambda_0.5,predicted_rank_raw_stable,48,0.0680272108843537,0.2207253209817766,0.7964039548239694,runs/20260612_195235_stage4_sample_s103,sample_limited,103
recovery_rank_0.5,raw_gradient_effective_rank,48,0.6406444704822994,0.8421104887080502,0.4776866362297186,runs/20260612_195235_stage4_sample_s103,sample_limited,103
recovery_rank_0.5,gradient_stable_rank,48,0.6404612581434663,0.8357990429911544,0.4778083916036352,runs/20260612_195235_stage4_sample_s103,sample_limited,103
recovery_rank_0.5,whitened_gradient_stable_rank,48,0.6404612581434663,0.8357990429911544,0.4778083916036352,runs/20260612_195235_stage4_sample_s103,sample_limited,103
recovery_rank_0.5,gradient_effective_rank,48,0.6157302040650977,0.8205463825086561,0.4939682672682923,runs/20260612_195235_stage4_sample_s103,sample_limited,103
recovery_rank_0.5,whitened_gradient_effective_rank,48,0.6157302040650977,0.8205463825086561,0.4939682672682923,runs/20260612_195235_stage4_sample_s103,sample_limited,103
recovery_rank_0.5,raw_gradient_detectable_rank,48,0.5408102119084566,0.7909313878882221,0.5399792064452092,runs/20260612_195235_stage4_sample_s103,sample_limited,103
recovery_rank_0.5,predicted_rank_raw_detectable,48,0.5323852672711545,0.7546080541927523,0.544910301766708,runs/20260612_195235_stage4_sample_s103,sample_limited,103
recovery_rank_0.5,raw_gradient_stable_rank,48,0.5028035393084462,0.740835160676749,0.5618817675064199,runs/20260612_195235_stage4_sample_s103,sample_limited,103
recovery_rank_0.5,predicted_rank_whitened_stable,48,0.4682829132589897,0.7220112220605098,0.5810603401378542,runs/20260612_195235_stage4_sample_s103,sample_limited,103
recovery_rank_0.5,predicted_rank_whitened_effective,48,0.4488359937276345,0.67824805200055,0.5915907159205583,runs/20260612_195235_stage4_sample_s103,sample_limited,103
recovery_rank_0.5,gradient_detectable_rank,48,0.4390101265826874,0.6925931182008639,0.5968407075698413,runs/20260612_195235_stage4_sample_s103,sample_limited,103
recovery_rank_0.5,whitened_gradient_detectable_rank,48,0.4390101265826874,0.6925931182008639,0.5968407075698413,runs/20260612_195235_stage4_sample_s103,sample_limited,103
recovery_rank_0.5,predicted_rank_raw_effective,48,0.4192377495462794,0.6805717148658355,0.6072676068753817,runs/20260612_195235_stage4_sample_s103,sample_limited,103
recovery_rank_0.5,true_k_strong,48,0.3761257627151941,0.6071538096564908,0.6294039319275808,runs/20260612_195235_stage4_sample_s103,sample_limited,103
recovery_rank_0.5,predicted_rank_detectable,48,0.3609034443817052,0.6088262106006289,0.6370362763542625,runs/20260612_195235_stage4_sample_s103,sample_limited,103
recovery_rank_0.5,predicted_rank_whitened_detectable,48,0.3609034443817052,0.6088262106006289,0.6370362763542625,runs/20260612_195235_stage4_sample_s103,sample_limited,103
recovery_rank_0.5,predicted_rank_raw_stable,48,0.2989747095010253,0.5769323536305637,0.6671872967082698,runs/20260612_195235_stage4_sample_s103,sample_limited,103
recovery_rank_0.6,gradient_effective_rank,48,0.619516728417208,0.8345754332549332,0.7159577631817049,runs/20260612_195235_stage4_sample_s103,sample_limited,103
recovery_rank_0.6,whitened_gradient_effective_rank,48,0.619516728417208,0.8345754332549332,0.7159577631817049,runs/20260612_195235_stage4_sample_s103,sample_limited,103
recovery_rank_0.6,gradient_stable_rank,48,0.5526876096517448,0.7718531416309993,0.7762919505910842,runs/20260612_195235_stage4_sample_s103,sample_limited,103
recovery_rank_0.6,whitened_gradient_stable_rank,48,0.5526876096517448,0.7718531416309993,0.7762919505910842,runs/20260612_195235_stage4_sample_s103,sample_limited,103
recovery_rank_0.6,raw_gradient_effective_rank,48,0.5092055067789112,0.7531215975261139,0.8131477404578731,runs/20260612_195235_stage4_sample_s103,sample_limited,103
recovery_rank_0.6,predicted_rank_whitened_effective,48,0.4812007277137659,0.7318327030791695,0.8360250645146544,runs/20260612_195235_stage4_sample_s103,sample_limited,103
recovery_rank_0.6,raw_gradient_detectable_rank,48,0.3936169877596831,0.6965547908860283,0.9038432769392072,runs/20260612_195235_stage4_sample_s103,sample_limited,103
recovery_rank_0.6,gradient_detectable_rank,48,0.390420121763786,0.6782660891728186,0.9062226868597716,runs/20260612_195235_stage4_sample_s103,sample_limited,103
recovery_rank_0.6,whitened_gradient_detectable_rank,48,0.390420121763786,0.6782660891728186,0.9062226868597716,runs/20260612_195235_stage4_sample_s103,sample_limited,103
recovery_rank_0.6,raw_gradient_stable_rank,48,0.3742365102503366,0.6838716465929018,0.9181734472560584,runs/20260612_195235_stage4_sample_s103,sample_limited,103
recovery_rank_0.6,predicted_rank_raw_detectable,48,0.368287565003193,0.6208669302994155,0.9225275228857996,runs/20260612_195235_stage4_sample_s103,sample_limited,103
recovery_rank_0.6,predicted_rank_whitened_stable,48,0.360464277990051,0.6291585386236033,0.9282223529934714,runs/20260612_195235_stage4_sample_s103,sample_limited,103
recovery_rank_0.6,predicted_rank_raw_effective,48,0.3422206422561914,0.6362884253715982,0.9413686674579304,runs/20260612_195235_stage4_sample_s103,sample_limited,103
recovery_rank_0.6,true_k_strong,48,0.3192252869996074,0.5653432692437553,0.9576820044676022,runs/20260612_195235_stage4_sample_s103,sample_limited,103
recovery_rank_0.6,predicted_rank_detectable,48,0.3168444643657551,0.6055628616709411,0.9593551578224718,runs/20260612_195235_stage4_sample_s103,sample_limited,103
recovery_rank_0.6,predicted_rank_whitened_detectable,48,0.3168444643657551,0.6055628616709411,0.9593551578224718,runs/20260612_195235_stage4_sample_s103,sample_limited,103
recovery_rank_0.6,predicted_rank_raw_stable,48,0.2323024054982817,0.542508827903825,1.0169853780951126,runs/20260612_195235_stage4_sample_s103,sample_limited,103
recovery_rank_0.7,gradient_effective_rank,44,0.7068640008442836,0.8619762221911587,0.7491921092518307,runs/20260612_195235_stage4_sample_s103,sample_limited,103
recovery_rank_0.7,whitened_gradient_effective_rank,44,0.7068640008442836,0.8619762221911587,0.7491921092518307,runs/20260612_195235_stage4_sample_s103,sample_limited,103
recovery_rank_0.7,raw_gradient_effective_rank,44,0.6035066978793379,0.7705798399647321,0.8713177155589973,runs/20260612_195235_stage4_sample_s103,sample_limited,103
recovery_rank_0.7,gradient_detectable_rank,44,0.5955817836445627,0.7818147808645863,0.8799823697607085,runs/20260612_195235_stage4_sample_s103,sample_limited,103
recovery_rank_0.7,whitened_gradient_detectable_rank,44,0.5955817836445627,0.7818147808645863,0.8799823697607085,runs/20260612_195235_stage4_sample_s103,sample_limited,103
recovery_rank_0.7,gradient_stable_rank,44,0.5824973448266821,0.7535657163044427,0.8941044109553531,runs/20260612_195235_stage4_sample_s103,sample_limited,103
recovery_rank_0.7,whitened_gradient_stable_rank,44,0.5824973448266821,0.7535657163044427,0.8941044109553531,runs/20260612_195235_stage4_sample_s103,sample_limited,103
recovery_rank_0.7,predicted_rank_detectable,44,0.529643461301611,0.7221707122853958,0.9490131044374858,runs/20260612_195235_stage4_sample_s103,sample_limited,103
recovery_rank_0.7,predicted_rank_whitened_detectable,44,0.529643461301611,0.7221707122853958,0.9490131044374858,runs/20260612_195235_stage4_sample_s103,sample_limited,103
recovery_rank_0.7,true_k_strong,44,0.5284843814222563,0.6789708372195178,0.9501816915389358,runs/20260612_195235_stage4_sample_s103,sample_limited,103
recovery_rank_0.7,predicted_rank_whitened_effective,44,0.4839185071595006,0.7451567947623944,0.9940718120644924,runs/20260612_195235_stage4_sample_s103,sample_limited,103
recovery_rank_0.7,predicted_rank_raw_effective,44,0.4642268381140784,0.6775720006861459,1.0128592391758289,runs/20260612_195235_stage4_sample_s103,sample_limited,103
recovery_rank_0.7,raw_gradient_stable_rank,44,0.4633357589286053,0.6928529246106748,1.0137011652878885,runs/20260612_195235_stage4_sample_s103,sample_limited,103
recovery_rank_0.7,predicted_rank_whitened_stable,44,0.4071071867988709,0.6651737071497401,1.065483453139243,runs/20260612_195235_stage4_sample_s103,sample_limited,103
recovery_rank_0.7,raw_gradient_detectable_rank,44,0.3979328462870365,0.6487358744048397,1.07369537854845,runs/20260612_195235_stage4_sample_s103,sample_limited,103
recovery_rank_0.7,predicted_rank_raw_detectable,44,0.3476550840166452,0.5950304345292412,1.1176279586248488,runs/20260612_195235_stage4_sample_s103,sample_limited,103
recovery_rank_0.7,predicted_rank_raw_stable,44,0.3170299123435314,0.5843497895216153,1.1435613220932537,runs/20260612_195235_stage4_sample_s103,sample_limited,103
recovery_rank_0.8,gradient_effective_rank,32,0.5843998319180606,0.6873576909072574,0.924960490244005,runs/20260612_195235_stage4_sample_s103,sample_limited,103
recovery_rank_0.8,whitened_gradient_effective_rank,32,0.5843998319180606,0.6873576909072574,0.924960490244005,runs/20260612_195235_stage4_sample_s103,sample_limited,103
recovery_rank_0.8,predicted_rank_whitened_effective,32,0.4508202627723202,0.6433774023707097,1.0632675931690687,runs/20260612_195235_stage4_sample_s103,sample_limited,103
recovery_rank_0.8,gradient_stable_rank,32,0.3506093367324007,0.5209585992493051,1.1562143230002968,runs/20260612_195235_stage4_sample_s103,sample_limited,103
recovery_rank_0.8,whitened_gradient_stable_rank,32,0.3506093367324007,0.5209585992493051,1.1562143230002968,runs/20260612_195235_stage4_sample_s103,sample_limited,103
recovery_rank_0.8,gradient_detectable_rank,32,0.3423711127582224,0.5138301897618076,1.1635251252531584,runs/20260612_195235_stage4_sample_s103,sample_limited,103
recovery_rank_0.8,whitened_gradient_detectable_rank,32,0.3423711127582224,0.5138301897618076,1.1635251252531584,runs/20260612_195235_stage4_sample_s103,sample_limited,103
recovery_rank_0.8,raw_gradient_effective_rank,32,0.3251083667521597,0.4545490406845756,1.1786974582696343,runs/20260612_195235_stage4_sample_s103,sample_limited,103
recovery_rank_0.8,predicted_rank_detectable,32,0.3206831119544592,0.4895628254323181,1.1825554955265314,runs/20260612_195235_stage4_sample_s103,sample_limited,103
recovery_rank_0.8,predicted_rank_whitened_detectable,32,0.3206831119544592,0.4895628254323181,1.1825554955265314,runs/20260612_195235_stage4_sample_s103,sample_limited,103
recovery_rank_0.8,true_k_strong,32,0.2658583415685744,0.3979455166639947,1.2293491894744826,runs/20260612_195235_stage4_sample_s103,sample_limited,103
recovery_rank_0.8,predicted_rank_whitened_stable,32,0.2376746593065378,0.429745169242613,1.2527243039943712,runs/20260612_195235_stage4_sample_s103,sample_limited,103
recovery_rank_0.8,raw_gradient_stable_rank,32,0.2268112362260684,0.3941426060579006,1.2616186256849735,runs/20260612_195235_stage4_sample_s103,sample_limited,103
recovery_rank_0.8,predicted_rank_raw_effective,32,0.212650221378874,0.3991565491220194,1.2731195282978474,runs/20260612_195235_stage4_sample_s103,sample_limited,103
recovery_rank_0.8,predicted_rank_raw_detectable,32,0.1903709272202396,0.3781226817027969,1.291006331914259,runs/20260612_195235_stage4_sample_s103,sample_limited,103
recovery_rank_0.8,raw_gradient_detectable_rank,32,0.1802774530023354,0.3582229455106017,1.2990287571811,runs/20260612_195235_stage4_sample_s103,sample_limited,103
recovery_rank_0.8,predicted_rank_raw_stable,32,0.1150338845215505,0.3519530760512479,1.3497354238093162,runs/20260612_195235_stage4_sample_s103,sample_limited,103
recovery_rank_0.85,predicted_rank_detectable,24,0.5504711388806167,0.7598873786346865,1.0041504913688954,runs/20260612_195235_stage4_sample_s103,sample_limited,103
recovery_rank_0.85,predicted_rank_whitened_detectable,24,0.5504711388806167,0.7598873786346865,1.0041504913688954,runs/20260612_195235_stage4_sample_s103,sample_limited,103
recovery_rank_0.85,gradient_effective_rank,24,0.5468207334257573,0.6756288675706278,1.0082193568623583,runs/20260612_195235_stage4_sample_s103,sample_limited,103
recovery_rank_0.85,whitened_gradient_effective_rank,24,0.5468207334257573,0.6756288675706278,1.0082193568623583,runs/20260612_195235_stage4_sample_s103,sample_limited,103
recovery_rank_0.85,gradient_detectable_rank,24,0.506479668321562,0.7360690369525238,1.05213759639647,runs/20260612_195235_stage4_sample_s103,sample_limited,103
recovery_rank_0.85,whitened_gradient_detectable_rank,24,0.506479668321562,0.7360690369525238,1.05213759639647,runs/20260612_195235_stage4_sample_s103,sample_limited,103
recovery_rank_0.85,true_k_strong,24,0.4783246496946977,0.6684232336334562,1.0817332354599718,runs/20260612_195235_stage4_sample_s103,sample_limited,103
recovery_rank_0.85,predicted_rank_whitened_effective,24,0.3995428978976545,0.6008895060649224,1.1605423898951108,runs/20260612_195235_stage4_sample_s103,sample_limited,103
recovery_rank_0.85,gradient_stable_rank,24,0.318694480537089,0.4623667051279097,1.2362063462310595,runs/20260612_195235_stage4_sample_s103,sample_limited,103
recovery_rank_0.85,whitened_gradient_stable_rank,24,0.318694480537089,0.4623667051279097,1.2362063462310595,runs/20260612_195235_stage4_sample_s103,sample_limited,103
recovery_rank_0.85,predicted_rank_raw_effective,24,0.3079168509509068,0.5393598899705936,1.245945806357946,runs/20260612_195235_stage4_sample_s103,sample_limited,103
recovery_rank_0.85,raw_gradient_effective_rank,24,0.2809339180488513,0.3888898256308388,1.2700020354047037,runs/20260612_195235_stage4_sample_s103,sample_limited,103
recovery_rank_0.85,raw_gradient_stable_rank,24,0.2068465780682506,0.4229400868611887,1.333824272335719,runs/20260612_195235_stage4_sample_s103,sample_limited,103
recovery_rank_0.85,predicted_rank_raw_stable,24,0.1789473684210527,0.4327327324440939,1.3570801990548187,runs/20260612_195235_stage4_sample_s103,sample_limited,103
recovery_rank_0.85,raw_gradient_detectable_rank,24,0.149356219846534,0.4293293145961088,1.3813186659391854,runs/20260612_195235_stage4_sample_s103,sample_limited,103
recovery_rank_0.85,predicted_rank_raw_detectable,24,0.1219337937604191,0.3615504677698706,1.403407026507735,runs/20260612_195235_stage4_sample_s103,sample_limited,103
recovery_rank_0.85,predicted_rank_whitened_stable,24,0.0745098039215687,0.2690566949148184,1.4408073868237647,runs/20260612_195235_stage4_sample_s103,sample_limited,103
recovery_rank_0.9,gradient_effective_rank,12,0.7080216666807937,0.6406025910051011,0.7902589530861049,runs/20260612_195235_stage4_sample_s103,sample_limited,103
recovery_rank_0.9,whitened_gradient_effective_rank,12,0.7080216666807937,0.6406025910051011,0.7902589530861049,runs/20260612_195235_stage4_sample_s103,sample_limited,103
recovery_rank_0.9,raw_gradient_effective_rank,12,0.630473904733875,0.5976571659097871,0.8890305165286577,runs/20260612_195235_stage4_sample_s103,sample_limited,103
recovery_rank_0.9,raw_gradient_stable_rank,12,0.5540293179757239,0.6191298784574442,0.976668693340748,runs/20260612_195235_stage4_sample_s103,sample_limited,103
recovery_rank_0.9,gradient_stable_rank,12,0.5285183808463318,0.5869208096359586,1.0042145171840144,runs/20260612_195235_stage4_sample_s103,sample_limited,103
recovery_rank_0.9,whitened_gradient_stable_rank,12,0.5285183808463318,0.5869208096359586,1.0042145171840144,runs/20260612_195235_stage4_sample_s103,sample_limited,103
recovery_rank_0.9,true_k_strong,12,0.5247900057956176,0.6703296703296703,1.0081772545007683,runs/20260612_195235_stage4_sample_s103,sample_limited,103
recovery_rank_0.9,predicted_rank_whitened_effective,12,0.515660809778457,0.6508306892584168,1.0178151661369077,runs/20260612_195235_stage4_sample_s103,sample_limited,103
recovery_rank_0.9,gradient_detectable_rank,12,0.5128904541413861,0.6715607635069922,1.0207218991031308,runs/20260612_195235_stage4_sample_s103,sample_limited,103
recovery_rank_0.9,whitened_gradient_detectable_rank,12,0.5128904541413861,0.6715607635069922,1.0207218991031308,runs/20260612_195235_stage4_sample_s103,sample_limited,103
recovery_rank_0.9,predicted_rank_raw_effective,12,0.507977736549165,0.6784833530306107,1.0258562045340236,runs/20260612_195235_stage4_sample_s103,sample_limited,103
recovery_rank_0.9,predicted_rank_detectable,12,0.497159090909091,0.6610301722113687,1.0370732053878036,runs/20260612_195235_stage4_sample_s103,sample_limited,103
recovery_rank_0.9,predicted_rank_whitened_detectable,12,0.497159090909091,0.6610301722113687,1.0370732053878036,runs/20260612_195235_stage4_sample_s103,sample_limited,103
recovery_rank_0.9,raw_gradient_detectable_rank,12,0.4298576045543395,0.5504689443733232,1.1042967149743852,runs/20260612_195235_stage4_sample_s103,sample_limited,103
recovery_rank_0.9,predicted_rank_raw_detectable,12,0.4225027309139459,0.5771832842926582,1.1113966403637532,runs/20260612_195235_stage4_sample_s103,sample_limited,103
recovery_rank_0.9,predicted_rank_whitened_stable,12,0.1964285714285712,0.4193139346887673,1.3110110602126894,runs/20260612_195235_stage4_sample_s103,sample_limited,103
recovery_rank_0.9,predicted_rank_raw_stable,12,0.1428571428571428,0.4022911406409068,1.3540064007726602,runs/20260612_195235_stage4_sample_s103,sample_limited,103
best_rank,predicted_rank_whitened_stable,48,0.0887747615553928,0.3050403996031853,0.1363391435684026,runs/20260612_201022_stage4_sample_s107,sample_limited,107
best_rank,predicted_rank_detectable,48,0.0604530040492782,0.2276404611396964,0.1384417070618644,runs/20260612_201022_stage4_sample_s107,sample_limited,107
best_rank,predicted_rank_whitened_detectable,48,0.0604530040492782,0.2276404611396964,0.1384417070618644,runs/20260612_201022_stage4_sample_s107,sample_limited,107
best_rank,predicted_rank_whitened_effective,48,0.0595979781356529,0.2513749283166667,0.1385046865238612,runs/20260612_201022_stage4_sample_s107,sample_limited,107
best_rank,gradient_detectable_rank,48,0.0531190891913538,0.2079312554287621,0.1389809808006416,runs/20260612_201022_stage4_sample_s107,sample_limited,107
best_rank,whitened_gradient_detectable_rank,48,0.0531190891913538,0.2079312554287621,0.1389809808006416,runs/20260612_201022_stage4_sample_s107,sample_limited,107
best_rank,predicted_rank_raw_detectable,48,0.0463146930036079,0.2257699090989141,0.1394794536168793,runs/20260612_201022_stage4_sample_s107,sample_limited,107
best_rank,true_k_strong,48,0.0448288061032496,0.2023857403507614,0.1395880691254256,runs/20260612_201022_stage4_sample_s107,sample_limited,107
best_rank,raw_gradient_effective_rank,48,0.0441996694908867,0.2158482769310759,0.1396340323565727,runs/20260612_201022_stage4_sample_s107,sample_limited,107
best_rank,raw_gradient_detectable_rank,48,0.0427065266776598,0.20600505716048,0.1397430573182134,runs/20260612_201022_stage4_sample_s107,sample_limited,107
best_rank,gradient_effective_rank,48,0.0238849567726388,0.1632023557283744,0.1411101308346401,runs/20260612_201022_stage4_sample_s107,sample_limited,107
best_rank,whitened_gradient_effective_rank,48,0.0238849567726388,0.1632023557283744,0.1411101308346401,runs/20260612_201022_stage4_sample_s107,sample_limited,107
best_rank,gradient_stable_rank,48,0.0185757340367564,0.184260724209455,0.1414933690355171,runs/20260612_201022_stage4_sample_s107,sample_limited,107
best_rank,whitened_gradient_stable_rank,48,0.0185757340367564,0.184260724209455,0.1414933690355171,runs/20260612_201022_stage4_sample_s107,sample_limited,107
best_rank,predicted_rank_raw_stable,48,0.0151975683890579,0.1232784181803845,0.1417366773784602,runs/20260612_201022_stage4_sample_s107,sample_limited,107
best_rank,predicted_rank_raw_effective,48,0.0108390204737055,0.1101745458732371,0.142049980869374,runs/20260612_201022_stage4_sample_s107,sample_limited,107
best_rank,raw_gradient_stable_rank,48,0.0084099438888088,0.1210856187662133,0.1422242895586498,runs/20260612_201022_stage4_sample_s107,sample_limited,107
near_best_rank_gap_0.02,gradient_effective_rank,48,0.5072404559322281,0.6335680026942827,0.6680939046882016,runs/20260612_201022_stage4_sample_s107,sample_limited,107
near_best_rank_gap_0.02,whitened_gradient_effective_rank,48,0.5072404559322281,0.6335680026942827,0.6680939046882016,runs/20260612_201022_stage4_sample_s107,sample_limited,107
near_best_rank_gap_0.02,raw_gradient_effective_rank,48,0.4035971128374465,0.6046120880157563,0.7350042592198284,runs/20260612_201022_stage4_sample_s107,sample_limited,107
near_best_rank_gap_0.02,predicted_rank_whitened_effective,48,0.3739725265852541,0.5809817209162094,0.7530376381489834,runs/20260612_201022_stage4_sample_s107,sample_limited,107
near_best_rank_gap_0.02,gradient_detectable_rank,48,0.3546931866471361,0.4667983112555062,0.764545105614344,runs/20260612_201022_stage4_sample_s107,sample_limited,107
near_best_rank_gap_0.02,whitened_gradient_detectable_rank,48,0.3546931866471361,0.4667983112555062,0.764545105614344,runs/20260612_201022_stage4_sample_s107,sample_limited,107
near_best_rank_gap_0.02,raw_gradient_detectable_rank,48,0.346217854939719,0.4562355550151488,0.769549419692659,runs/20260612_201022_stage4_sample_s107,sample_limited,107
near_best_rank_gap_0.02,predicted_rank_raw_detectable,48,0.3101811889949483,0.4751447336931911,0.7904738433039503,runs/20260612_201022_stage4_sample_s107,sample_limited,107
near_best_rank_gap_0.02,predicted_rank_detectable,48,0.3050649149359937,0.4061139745925516,0.7933998359645568,runs/20260612_201022_stage4_sample_s107,sample_limited,107
near_best_rank_gap_0.02,predicted_rank_whitened_detectable,48,0.3050649149359937,0.4061139745925516,0.7933998359645568,runs/20260612_201022_stage4_sample_s107,sample_limited,107
near_best_rank_gap_0.02,true_k_strong,48,0.2690918458663061,0.3879138527549718,0.8136757832464733,runs/20260612_201022_stage4_sample_s107,sample_limited,107
near_best_rank_gap_0.02,gradient_stable_rank,48,0.2425057144793067,0.5111977893572053,0.8283419720693286,runs/20260612_201022_stage4_sample_s107,sample_limited,107
near_best_rank_gap_0.02,whitened_gradient_stable_rank,48,0.2425057144793067,0.5111977893572053,0.8283419720693286,runs/20260612_201022_stage4_sample_s107,sample_limited,107
near_best_rank_gap_0.02,predicted_rank_whitened_stable,48,0.2185119706557835,0.4587598087904707,0.8413586269127215,runs/20260612_201022_stage4_sample_s107,sample_limited,107
near_best_rank_gap_0.02,predicted_rank_raw_effective,48,0.2052869967724726,0.400725772182508,0.8484478367325741,runs/20260612_201022_stage4_sample_s107,sample_limited,107
near_best_rank_gap_0.02,raw_gradient_stable_rank,48,0.158660585458386,0.3734054040717819,0.8729826342785332,runs/20260612_201022_stage4_sample_s107,sample_limited,107
near_best_rank_gap_0.02,predicted_rank_raw_stable,48,0.0328701485385719,0.1945699250364192,0.9359709753334592,runs/20260612_201022_stage4_sample_s107,sample_limited,107
near_best_rank_gap_0.05,gradient_effective_rank,48,0.655719146620752,0.7559174619261385,0.6449852953103592,runs/20260612_201022_stage4_sample_s107,sample_limited,107
near_best_rank_gap_0.05,whitened_gradient_effective_rank,48,0.655719146620752,0.7559174619261385,0.6449852953103592,runs/20260612_201022_stage4_sample_s107,sample_limited,107
near_best_rank_gap_0.05,raw_gradient_effective_rank,48,0.5573544981924105,0.7210537054190976,0.7313434997893744,runs/20260612_201022_stage4_sample_s107,sample_limited,107
near_best_rank_gap_0.05,predicted_rank_whitened_effective,48,0.4667555724899981,0.6485583393276446,0.8027060586382698,runs/20260612_201022_stage4_sample_s107,sample_limited,107
near_best_rank_gap_0.05,gradient_detectable_rank,48,0.4525677388581341,0.5618631824836875,0.8133146063361671,runs/20260612_201022_stage4_sample_s107,sample_limited,107
near_best_rank_gap_0.05,whitened_gradient_detectable_rank,48,0.4525677388581341,0.5618631824836875,0.8133146063361671,runs/20260612_201022_stage4_sample_s107,sample_limited,107
near_best_rank_gap_0.05,raw_gradient_detectable_rank,48,0.4263477237872169,0.514143943336427,0.8325642119923521,runs/20260612_201022_stage4_sample_s107,sample_limited,107
near_best_rank_gap_0.05,predicted_rank_detectable,48,0.420889084711175,0.51004795972504,0.8365160026207887,runs/20260612_201022_stage4_sample_s107,sample_limited,107
near_best_rank_gap_0.05,predicted_rank_whitened_detectable,48,0.420889084711175,0.51004795972504,0.8365160026207887,runs/20260612_201022_stage4_sample_s107,sample_limited,107
near_best_rank_gap_0.05,predicted_rank_raw_detectable,48,0.4143558320567729,0.5466197523846051,0.841221355885635,runs/20260612_201022_stage4_sample_s107,sample_limited,107
near_best_rank_gap_0.05,gradient_stable_rank,48,0.3666802420353812,0.6106613825088295,0.8747921891553717,runs/20260612_201022_stage4_sample_s107,sample_limited,107
near_best_rank_gap_0.05,whitened_gradient_stable_rank,48,0.3666802420353812,0.6106613825088295,0.8747921891553717,runs/20260612_201022_stage4_sample_s107,sample_limited,107
near_best_rank_gap_0.05,true_k_strong,48,0.3359591072715385,0.4730947956003506,0.89575819582085,runs/20260612_201022_stage4_sample_s107,sample_limited,107
near_best_rank_gap_0.05,predicted_rank_raw_effective,48,0.3331164606376057,0.5461055993066878,0.8976734428860493,runs/20260612_201022_stage4_sample_s107,sample_limited,107
near_best_rank_gap_0.05,predicted_rank_whitened_stable,48,0.3014268727705114,0.5160367514216904,0.918754153951044,runs/20260612_201022_stage4_sample_s107,sample_limited,107
near_best_rank_gap_0.05,raw_gradient_stable_rank,48,0.2426038559490905,0.5001541872542219,0.9566540688226068,runs/20260612_201022_stage4_sample_s107,sample_limited,107
near_best_rank_gap_0.05,predicted_rank_raw_stable,48,0.0945812807881772,0.326017136031613,1.045967312609538,runs/20260612_201022_stage4_sample_s107,sample_limited,107
near_best_rank_gap_0.1,gradient_effective_rank,48,0.7162014680774104,0.8299818832762836,0.5070199632250193,runs/20260612_201022_stage4_sample_s107,sample_limited,107
near_best_rank_gap_0.1,whitened_gradient_effective_rank,48,0.7162014680774104,0.8299818832762836,0.5070199632250193,runs/20260612_201022_stage4_sample_s107,sample_limited,107
near_best_rank_gap_0.1,raw_gradient_effective_rank,48,0.6415926857608585,0.7895729179785523,0.5697815983331539,runs/20260612_201022_stage4_sample_s107,sample_limited,107
near_best_rank_gap_0.1,gradient_stable_rank,48,0.586919225428727,0.7513327954510381,0.6116985887057337,runs/20260612_201022_stage4_sample_s107,sample_limited,107
near_best_rank_gap_0.1,whitened_gradient_stable_rank,48,0.586919225428727,0.7513327954510381,0.6116985887057337,runs/20260612_201022_stage4_sample_s107,sample_limited,107
near_best_rank_gap_0.1,raw_gradient_stable_rank,48,0.4905102141688588,0.6785053382195337,0.6793408464754102,runs/20260612_201022_stage4_sample_s107,sample_limited,107
near_best_rank_gap_0.1,predicted_rank_whitened_effective,48,0.4845227096442857,0.6839567784853537,0.6833209808882192,runs/20260612_201022_stage4_sample_s107,sample_limited,107
near_best_rank_gap_0.1,raw_gradient_detectable_rank,48,0.4648723432091458,0.63303839875776,0.6962235120268542,runs/20260612_201022_stage4_sample_s107,sample_limited,107
near_best_rank_gap_0.1,predicted_rank_raw_detectable,48,0.4581871717201116,0.6419232227789601,0.7005588582059462,runs/20260612_201022_stage4_sample_s107,sample_limited,107
near_best_rank_gap_0.1,predicted_rank_raw_effective,48,0.4513384744736057,0.6611838330672677,0.7049726045497218,runs/20260612_201022_stage4_sample_s107,sample_limited,107
near_best_rank_gap_0.1,gradient_detectable_rank,48,0.4227089414115395,0.6151754192279877,0.7231317041110161,runs/20260612_201022_stage4_sample_s107,sample_limited,107
near_best_rank_gap_0.1,whitened_gradient_detectable_rank,48,0.4227089414115395,0.6151754192279877,0.7231317041110161,runs/20260612_201022_stage4_sample_s107,sample_limited,107
near_best_rank_gap_0.1,predicted_rank_detectable,48,0.3835447863273751,0.5566717531023714,0.7472583078857848,runs/20260612_201022_stage4_sample_s107,sample_limited,107
near_best_rank_gap_0.1,predicted_rank_whitened_detectable,48,0.3835447863273751,0.5566717531023714,0.7472583078857848,runs/20260612_201022_stage4_sample_s107,sample_limited,107
near_best_rank_gap_0.1,predicted_rank_whitened_stable,48,0.3668192257488888,0.578769206409962,0.7573277088689477,runs/20260612_201022_stage4_sample_s107,sample_limited,107
near_best_rank_gap_0.1,true_k_strong,48,0.3506427822849813,0.4930987787697019,0.7669407666072047,runs/20260612_201022_stage4_sample_s107,sample_limited,107
near_best_rank_gap_0.1,predicted_rank_raw_stable,48,0.1938667944417824,0.4699110554355762,0.8545222836961791,runs/20260612_201022_stage4_sample_s107,sample_limited,107
near_best_rank_gap_0.2,gradient_stable_rank,48,0.5733363673104855,0.7206556514319564,0.4851481182886122,runs/20260612_201022_stage4_sample_s107,sample_limited,107
near_best_rank_gap_0.2,whitened_gradient_stable_rank,48,0.5733363673104855,0.7206556514319564,0.4851481182886122,runs/20260612_201022_stage4_sample_s107,sample_limited,107
near_best_rank_gap_0.2,raw_gradient_effective_rank,48,0.5653782668492293,0.7479710689956667,0.4896516897468798,runs/20260612_201022_stage4_sample_s107,sample_limited,107
near_best_rank_gap_0.2,raw_gradient_stable_rank,48,0.5480083310302406,0.7067562132911306,0.4993404553048594,runs/20260612_201022_stage4_sample_s107,sample_limited,107
near_best_rank_gap_0.2,raw_gradient_detectable_rank,48,0.4833897122950692,0.6732961887742782,0.5338423985178404,runs/20260612_201022_stage4_sample_s107,sample_limited,107
near_best_rank_gap_0.2,gradient_effective_rank,48,0.4736289822726401,0.6597398529712929,0.5388619548584489,runs/20260612_201022_stage4_sample_s107,sample_limited,107
near_best_rank_gap_0.2,whitened_gradient_effective_rank,48,0.4736289822726401,0.6597398529712929,0.5388619548584489,runs/20260612_201022_stage4_sample_s107,sample_limited,107
near_best_rank_gap_0.2,predicted_rank_whitened_stable,48,0.4375864782007107,0.645269880732453,0.5570054117651212,runs/20260612_201022_stage4_sample_s107,sample_limited,107
near_best_rank_gap_0.2,predicted_rank_raw_detectable,48,0.4262240238873596,0.6448010074025664,0.5626038737575481,runs/20260612_201022_stage4_sample_s107,sample_limited,107
near_best_rank_gap_0.2,predicted_rank_whitened_effective,48,0.4085485392369518,0.6273313296472297,0.5712038056593762,runs/20260612_201022_stage4_sample_s107,sample_limited,107
near_best_rank_gap_0.2,predicted_rank_raw_effective,48,0.4019268738031263,0.6165038909456224,0.5743923961352078,runs/20260612_201022_stage4_sample_s107,sample_limited,107
near_best_rank_gap_0.2,gradient_detectable_rank,48,0.3692321945599028,0.5433135412580867,0.5898835663398594,runs/20260612_201022_stage4_sample_s107,sample_limited,107
near_best_rank_gap_0.2,whitened_gradient_detectable_rank,48,0.3692321945599028,0.5433135412580867,0.5898835663398594,runs/20260612_201022_stage4_sample_s107,sample_limited,107
near_best_rank_gap_0.2,predicted_rank_detectable,48,0.3032042188873196,0.4619806651558805,0.6199894424624108,runs/20260612_201022_stage4_sample_s107,sample_limited,107
near_best_rank_gap_0.2,predicted_rank_whitened_detectable,48,0.3032042188873196,0.4619806651558805,0.6199894424624108,runs/20260612_201022_stage4_sample_s107,sample_limited,107
near_best_rank_gap_0.2,true_k_strong,48,0.3028995438513832,0.4070777795203696,0.6201249733213826,runs/20260612_201022_stage4_sample_s107,sample_limited,107
near_best_rank_gap_0.2,predicted_rank_raw_stable,48,0.2115094975834551,0.4669879482540445,0.6595227350859393,runs/20260612_201022_stage4_sample_s107,sample_limited,107
near_best_rank_gap_0.5,gradient_stable_rank,48,0.5237140080458534,0.7518768583179909,0.3374958728957631,runs/20260612_201022_stage4_sample_s107,sample_limited,107
near_best_rank_gap_0.5,whitened_gradient_stable_rank,48,0.5237140080458534,0.7518768583179909,0.3374958728957631,runs/20260612_201022_stage4_sample_s107,sample_limited,107
near_best_rank_gap_0.5,predicted_rank_raw_stable,48,0.3746435053150116,0.6120812897932854,0.3867215683519235,runs/20260612_201022_stage4_sample_s107,sample_limited,107
near_best_rank_gap_0.5,raw_gradient_stable_rank,48,0.3719118273816891,0.6719226729753823,0.3875652852221506,runs/20260612_201022_stage4_sample_s107,sample_limited,107
near_best_rank_gap_0.5,raw_gradient_detectable_rank,48,0.3556017899039029,0.6317428138749657,0.3925651340169229,runs/20260612_201022_stage4_sample_s107,sample_limited,107
near_best_rank_gap_0.5,predicted_rank_raw_detectable,48,0.349683177211795,0.6107989116339548,0.3943638124383302,runs/20260612_201022_stage4_sample_s107,sample_limited,107
near_best_rank_gap_0.5,raw_gradient_effective_rank,48,0.3423365981327434,0.6319455803040782,0.3965851054261351,runs/20260612_201022_stage4_sample_s107,sample_limited,107
near_best_rank_gap_0.5,predicted_rank_raw_effective,48,0.3107557442728489,0.5648966199253468,0.4059954249930705,runs/20260612_201022_stage4_sample_s107,sample_limited,107
near_best_rank_gap_0.5,gradient_detectable_rank,48,0.242616463416919,0.524756949901906,0.4255910558424067,runs/20260612_201022_stage4_sample_s107,sample_limited,107
near_best_rank_gap_0.5,whitened_gradient_detectable_rank,48,0.242616463416919,0.524756949901906,0.4255910558424067,runs/20260612_201022_stage4_sample_s107,sample_limited,107
near_best_rank_gap_0.5,gradient_effective_rank,48,0.2033935619697463,0.4689620486441456,0.4364720798126953,runs/20260612_201022_stage4_sample_s107,sample_limited,107
near_best_rank_gap_0.5,whitened_gradient_effective_rank,48,0.2033935619697463,0.4689620486441456,0.4364720798126953,runs/20260612_201022_stage4_sample_s107,sample_limited,107
near_best_rank_gap_0.5,predicted_rank_detectable,48,0.1923616289756231,0.4398227454713483,0.4394839650891712,runs/20260612_201022_stage4_sample_s107,sample_limited,107
near_best_rank_gap_0.5,predicted_rank_whitened_detectable,48,0.1923616289756231,0.4398227454713483,0.4394839650891712,runs/20260612_201022_stage4_sample_s107,sample_limited,107
near_best_rank_gap_0.5,predicted_rank_whitened_stable,48,0.1893109706489769,0.4324139641877155,0.4403132048789867,runs/20260612_201022_stage4_sample_s107,sample_limited,107
near_best_rank_gap_0.5,true_k_strong,48,0.1182158234733173,0.2799896307817934,0.4592146267990966,runs/20260612_201022_stage4_sample_s107,sample_limited,107
near_best_rank_gap_0.5,predicted_rank_whitened_effective,48,0.0505660226007963,0.2301713974429494,0.4765044347809037,runs/20260612_201022_stage4_sample_s107,sample_limited,107
penalized_rank_lambda_0.03,gradient_effective_rank,48,0.3083610729030773,0.4555062462429319,0.6754920946686018,runs/20260612_201022_stage4_sample_s107,sample_limited,107
penalized_rank_lambda_0.03,whitened_gradient_effective_rank,48,0.3083610729030773,0.4555062462429319,0.6754920946686018,runs/20260612_201022_stage4_sample_s107,sample_limited,107
penalized_rank_lambda_0.03,predicted_rank_whitened_effective,48,0.2932829310846176,0.516564425501614,0.682815462029992,runs/20260612_201022_stage4_sample_s107,sample_limited,107
penalized_rank_lambda_0.03,gradient_detectable_rank,48,0.2648087084545735,0.4042182524961367,0.696435232176528,runs/20260612_201022_stage4_sample_s107,sample_limited,107
penalized_rank_lambda_0.03,whitened_gradient_detectable_rank,48,0.2648087084545735,0.4042182524961367,0.696435232176528,runs/20260612_201022_stage4_sample_s107,sample_limited,107
penalized_rank_lambda_0.03,raw_gradient_detectable_rank,48,0.2421899460727697,0.4244182905306736,0.7070672760064735,runs/20260612_201022_stage4_sample_s107,sample_limited,107
penalized_rank_lambda_0.03,predicted_rank_detectable,48,0.2319116553994268,0.3634638809261252,0.7118461558250337,runs/20260612_201022_stage4_sample_s107,sample_limited,107
penalized_rank_lambda_0.03,predicted_rank_whitened_detectable,48,0.2319116553994268,0.3634638809261252,0.7118461558250337,runs/20260612_201022_stage4_sample_s107,sample_limited,107
penalized_rank_lambda_0.03,raw_gradient_effective_rank,48,0.2230782392229808,0.4263218008178194,0.7159277550930798,runs/20260612_201022_stage4_sample_s107,sample_limited,107
penalized_rank_lambda_0.03,predicted_rank_raw_detectable,48,0.2118719282340028,0.4252602404205191,0.7210725365046007,runs/20260612_201022_stage4_sample_s107,sample_limited,107
penalized_rank_lambda_0.03,true_k_strong,48,0.201664289909121,0.3409794041908693,0.7257270897110777,runs/20260612_201022_stage4_sample_s107,sample_limited,107
penalized_rank_lambda_0.03,predicted_rank_whitened_stable,48,0.1310344827586209,0.3475409063728644,0.7571498280188442,runs/20260612_201022_stage4_sample_s107,sample_limited,107
penalized_rank_lambda_0.03,predicted_rank_raw_effective,48,0.1006951340615692,0.3101185180182387,0.770254116906985,runs/20260612_201022_stage4_sample_s107,sample_limited,107
penalized_rank_lambda_0.03,gradient_stable_rank,48,0.0953668526335121,0.3097270801243554,0.772532582016126,runs/20260612_201022_stage4_sample_s107,sample_limited,107
penalized_rank_lambda_0.03,whitened_gradient_stable_rank,48,0.0953668526335121,0.3097270801243554,0.772532582016126,runs/20260612_201022_stage4_sample_s107,sample_limited,107
penalized_rank_lambda_0.03,raw_gradient_stable_rank,48,0.0538126903789232,0.2032896909268864,0.7900764485425968,runs/20260612_201022_stage4_sample_s107,sample_limited,107
penalized_rank_lambda_0.03,predicted_rank_raw_stable,48,0.0147368421052634,0.1045197098536881,0.8062257748298549,runs/20260612_201022_stage4_sample_s107,sample_limited,107
penalized_rank_lambda_0.05,gradient_effective_rank,48,0.5690902702199478,0.6894838848576388,0.6798111532752376,runs/20260612_201022_stage4_sample_s107,sample_limited,107
penalized_rank_lambda_0.05,whitened_gradient_effective_rank,48,0.5690902702199478,0.6894838848576388,0.6798111532752376,runs/20260612_201022_stage4_sample_s107,sample_limited,107
penalized_rank_lambda_0.05,raw_gradient_effective_rank,48,0.4396673066946202,0.6540787805444532,0.7752077692927698,runs/20260612_201022_stage4_sample_s107,sample_limited,107
penalized_rank_lambda_0.05,gradient_detectable_rank,48,0.4093699780343939,0.5406768774990931,0.795889718845944,runs/20260612_201022_stage4_sample_s107,sample_limited,107
penalized_rank_lambda_0.05,whitened_gradient_detectable_rank,48,0.4093699780343939,0.5406768774990931,0.795889718845944,runs/20260612_201022_stage4_sample_s107,sample_limited,107
penalized_rank_lambda_0.05,predicted_rank_whitened_effective,48,0.4092265864134459,0.6235900493656468,0.7959863250010673,runs/20260612_201022_stage4_sample_s107,sample_limited,107
penalized_rank_lambda_0.05,raw_gradient_detectable_rank,48,0.3798268434245828,0.5180524161133133,0.815551925711696,runs/20260612_201022_stage4_sample_s107,sample_limited,107
penalized_rank_lambda_0.05,predicted_rank_detectable,48,0.3731900673229777,0.4982574695621355,0.8199041228578009,runs/20260612_201022_stage4_sample_s107,sample_limited,107
penalized_rank_lambda_0.05,predicted_rank_whitened_detectable,48,0.3731900673229777,0.4982574695621355,0.8199041228578009,runs/20260612_201022_stage4_sample_s107,sample_limited,107
penalized_rank_lambda_0.05,predicted_rank_raw_detectable,48,0.3632435435090568,0.5401313386512204,0.8263838362328638,runs/20260612_201022_stage4_sample_s107,sample_limited,107
penalized_rank_lambda_0.05,gradient_stable_rank,48,0.2830290988888981,0.5678856645268361,0.8768915805446984,runs/20260612_201022_stage4_sample_s107,sample_limited,107
penalized_rank_lambda_0.05,whitened_gradient_stable_rank,48,0.2830290988888981,0.5678856645268361,0.8768915805446984,runs/20260612_201022_stage4_sample_s107,sample_limited,107
penalized_rank_lambda_0.05,true_k_strong,48,0.2767181186926076,0.3957853730935728,0.8807424485768086,runs/20260612_201022_stage4_sample_s107,sample_limited,107
penalized_rank_lambda_0.05,predicted_rank_raw_effective,48,0.2155341585027832,0.438637270123683,0.9172382437552024,runs/20260612_201022_stage4_sample_s107,sample_limited,107
penalized_rank_lambda_0.05,raw_gradient_stable_rank,48,0.1927184581942876,0.4401831158661738,0.9304812938915438,runs/20260612_201022_stage4_sample_s107,sample_limited,107
penalized_rank_lambda_0.05,predicted_rank_whitened_stable,48,0.1657991320001676,0.412789462117714,0.945867828121806,runs/20260612_201022_stage4_sample_s107,sample_limited,107
penalized_rank_lambda_0.05,predicted_rank_raw_stable,48,0.0519049546164075,0.2504345882338474,1.0083726871501808,runs/20260612_201022_stage4_sample_s107,sample_limited,107
penalized_rank_lambda_0.08,gradient_effective_rank,48,0.59555962661307,0.7226683578138413,0.6224252186455573,runs/20260612_201022_stage4_sample_s107,sample_limited,107
penalized_rank_lambda_0.08,whitened_gradient_effective_rank,48,0.59555962661307,0.7226683578138413,0.6224252186455573,runs/20260612_201022_stage4_sample_s107,sample_limited,107
penalized_rank_lambda_0.08,gradient_detectable_rank,48,0.3828969456130796,0.5141336785668355,0.7688449695832335,runs/20260612_201022_stage4_sample_s107,sample_limited,107
penalized_rank_lambda_0.08,whitened_gradient_detectable_rank,48,0.3828969456130796,0.5141336785668355,0.7688449695832335,runs/20260612_201022_stage4_sample_s107,sample_limited,107
penalized_rank_lambda_0.08,predicted_rank_whitened_effective,48,0.3601874497768277,0.5556377843758302,0.782863971290355,runs/20260612_201022_stage4_sample_s107,sample_limited,107
penalized_rank_lambda_0.08,raw_gradient_effective_rank,48,0.3383901808627642,0.4894901299223231,0.7960876750084095,runs/20260612_201022_stage4_sample_s107,sample_limited,107
penalized_rank_lambda_0.08,predicted_rank_detectable,48,0.3238948397057843,0.4451510519245095,0.8047612462888337,runs/20260612_201022_stage4_sample_s107,sample_limited,107
penalized_rank_lambda_0.08,predicted_rank_whitened_detectable,48,0.3238948397057843,0.4451510519245095,0.8047612462888337,runs/20260612_201022_stage4_sample_s107,sample_limited,107
penalized_rank_lambda_0.08,true_k_strong,48,0.3123737682562023,0.490420372323985,0.8115889907269365,runs/20260612_201022_stage4_sample_s107,sample_limited,107
penalized_rank_lambda_0.08,gradient_stable_rank,48,0.2720629596476396,0.4686583139063484,0.8350391520412037,runs/20260612_201022_stage4_sample_s107,sample_limited,107
penalized_rank_lambda_0.08,whitened_gradient_stable_rank,48,0.2720629596476396,0.4686583139063484,0.8350391520412037,runs/20260612_201022_stage4_sample_s107,sample_limited,107
penalized_rank_lambda_0.08,raw_gradient_detectable_rank,48,0.235541330570786,0.3114015980490669,0.8557303480490617,runs/20260612_201022_stage4_sample_s107,sample_limited,107
penalized_rank_lambda_0.08,predicted_rank_raw_detectable,48,0.2171155735007831,0.3308226479381785,0.8659817829919169,runs/20260612_201022_stage4_sample_s107,sample_limited,107
penalized_rank_lambda_0.08,predicted_rank_whitened_stable,48,0.1995062731434465,0.4074413120246719,0.8756668230882516,runs/20260612_201022_stage4_sample_s107,sample_limited,107
penalized_rank_lambda_0.08,predicted_rank_raw_effective,48,0.1853023398962137,0.361624872543454,0.8834015637586075,runs/20260612_201022_stage4_sample_s107,sample_limited,107
penalized_rank_lambda_0.08,raw_gradient_stable_rank,48,0.1094173991082189,0.2237406095859384,0.9236278768714692,runs/20260612_201022_stage4_sample_s107,sample_limited,107
penalized_rank_lambda_0.08,predicted_rank_raw_stable,48,0.0068483396983625,0.0501283978523704,0.9753662315839552,runs/20260612_201022_stage4_sample_s107,sample_limited,107
penalized_rank_lambda_0.1,gradient_effective_rank,48,0.5965711397113789,0.7028180838816519,0.6079758953002826,runs/20260612_201022_stage4_sample_s107,sample_limited,107
penalized_rank_lambda_0.1,whitened_gradient_effective_rank,48,0.5965711397113789,0.7028180838816519,0.6079758953002826,runs/20260612_201022_stage4_sample_s107,sample_limited,107
penalized_rank_lambda_0.1,predicted_rank_detectable,48,0.4641040286939677,0.5860219901520537,0.7007177605567382,runs/20260612_201022_stage4_sample_s107,sample_limited,107
penalized_rank_lambda_0.1,predicted_rank_whitened_detectable,48,0.4641040286939677,0.5860219901520537,0.7007177605567382,runs/20260612_201022_stage4_sample_s107,sample_limited,107
penalized_rank_lambda_0.1,gradient_detectable_rank,48,0.4636699866980751,0.5690350127889511,0.7010014717551851,runs/20260612_201022_stage4_sample_s107,sample_limited,107
penalized_rank_lambda_0.1,whitened_gradient_detectable_rank,48,0.4636699866980751,0.5690350127889511,0.7010014717551851,runs/20260612_201022_stage4_sample_s107,sample_limited,107
penalized_rank_lambda_0.1,predicted_rank_whitened_effective,48,0.4336008961216046,0.6444084410568636,0.7203841652971033,runs/20260612_201022_stage4_sample_s107,sample_limited,107
penalized_rank_lambda_0.1,raw_gradient_effective_rank,48,0.4192272557250486,0.5750595310224406,0.7294675757576758,runs/20260612_201022_stage4_sample_s107,sample_limited,107
penalized_rank_lambda_0.1,true_k_strong,48,0.415042584650689,0.5441448361276033,0.7320908934709699,runs/20260612_201022_stage4_sample_s107,sample_limited,107
penalized_rank_lambda_0.1,raw_gradient_detectable_rank,48,0.3753572725484179,0.4828029466713711,0.756517055019724,runs/20260612_201022_stage4_sample_s107,sample_limited,107
penalized_rank_lambda_0.1,gradient_stable_rank,48,0.3264970297306814,0.4967219821499199,0.7855478367033816,runs/20260612_201022_stage4_sample_s107,sample_limited,107
penalized_rank_lambda_0.1,whitened_gradient_stable_rank,48,0.3264970297306814,0.4967219821499199,0.7855478367033816,runs/20260612_201022_stage4_sample_s107,sample_limited,107
penalized_rank_lambda_0.1,predicted_rank_raw_detectable,48,0.302315333960651,0.4260159767058031,0.7995257736168021,runs/20260612_201022_stage4_sample_s107,sample_limited,107
penalized_rank_lambda_0.1,predicted_rank_whitened_stable,48,0.2889462421797154,0.5052855494623247,0.8071497140676817,runs/20260612_201022_stage4_sample_s107,sample_limited,107
penalized_rank_lambda_0.1,predicted_rank_raw_effective,48,0.2735268092560979,0.4437086482414747,0.8158544285822787,runs/20260612_201022_stage4_sample_s107,sample_limited,107
penalized_rank_lambda_0.1,raw_gradient_stable_rank,48,0.1655853687085825,0.3389953736817576,0.8743671537492901,runs/20260612_201022_stage4_sample_s107,sample_limited,107
penalized_rank_lambda_0.1,predicted_rank_raw_stable,48,0.0409420044664005,0.2035478201653985,0.937400788401225,runs/20260612_201022_stage4_sample_s107,sample_limited,107
penalized_rank_lambda_0.15,gradient_effective_rank,48,0.6617851515131945,0.751585968924134,0.5598272541408428,runs/20260612_201022_stage4_sample_s107,sample_limited,107
penalized_rank_lambda_0.15,whitened_gradient_effective_rank,48,0.6617851515131945,0.751585968924134,0.5598272541408428,runs/20260612_201022_stage4_sample_s107,sample_limited,107
penalized_rank_lambda_0.15,predicted_rank_whitened_effective,48,0.5701424560404724,0.7247683715640211,0.6311316777011853,runs/20260612_201022_stage4_sample_s107,sample_limited,107
penalized_rank_lambda_0.15,raw_gradient_effective_rank,48,0.5328390975856688,0.6824028073114761,0.6579470539526312,runs/20260612_201022_stage4_sample_s107,sample_limited,107
penalized_rank_lambda_0.15,predicted_rank_detectable,48,0.4992782097459796,0.5984357570085848,0.6811706828801594,runs/20260612_201022_stage4_sample_s107,sample_limited,107
penalized_rank_lambda_0.15,predicted_rank_whitened_detectable,48,0.4992782097459796,0.5984357570085848,0.6811706828801594,runs/20260612_201022_stage4_sample_s107,sample_limited,107
penalized_rank_lambda_0.15,true_k_strong,48,0.4739431846363273,0.531649905250271,0.6981906492065862,runs/20260612_201022_stage4_sample_s107,sample_limited,107
penalized_rank_lambda_0.15,gradient_detectable_rank,48,0.462979125111821,0.5723987516629662,0.7054289622520242,runs/20260612_201022_stage4_sample_s107,sample_limited,107
penalized_rank_lambda_0.15,whitened_gradient_detectable_rank,48,0.462979125111821,0.5723987516629662,0.7054289622520242,runs/20260612_201022_stage4_sample_s107,sample_limited,107
penalized_rank_lambda_0.15,gradient_stable_rank,48,0.4536648343245938,0.6291271452335012,0.7115202750967077,runs/20260612_201022_stage4_sample_s107,sample_limited,107
penalized_rank_lambda_0.15,whitened_gradient_stable_rank,48,0.4536648343245938,0.6291271452335012,0.7115202750967077,runs/20260612_201022_stage4_sample_s107,sample_limited,107
penalized_rank_lambda_0.15,raw_gradient_detectable_rank,48,0.4221076236987828,0.5643882971250958,0.7317810937605403,runs/20260612_201022_stage4_sample_s107,sample_limited,107
penalized_rank_lambda_0.15,predicted_rank_raw_detectable,48,0.3872873852660723,0.5576631466429469,0.7535049561537885,runs/20260612_201022_stage4_sample_s107,sample_limited,107
penalized_rank_lambda_0.15,raw_gradient_stable_rank,48,0.3763755487869096,0.566249137981863,0.7601849542342144,runs/20260612_201022_stage4_sample_s107,sample_limited,107
penalized_rank_lambda_0.15,predicted_rank_whitened_stable,48,0.3031414035371073,0.5233926114657659,0.8035816912316747,runs/20260612_201022_stage4_sample_s107,sample_limited,107
penalized_rank_lambda_0.15,predicted_rank_raw_effective,48,0.2922981750695949,0.4772962971805886,0.8098094866153145,runs/20260612_201022_stage4_sample_s107,sample_limited,107
penalized_rank_lambda_0.15,predicted_rank_raw_stable,48,0.0921913683506189,0.2828277662310832,0.9171805918657666,runs/20260612_201022_stage4_sample_s107,sample_limited,107
penalized_rank_lambda_0.2,gradient_effective_rank,48,0.6195147254250901,0.737339733896858,0.5522823156114012,runs/20260612_201022_stage4_sample_s107,sample_limited,107
penalized_rank_lambda_0.2,whitened_gradient_effective_rank,48,0.6195147254250901,0.737339733896858,0.5522823156114012,runs/20260612_201022_stage4_sample_s107,sample_limited,107
penalized_rank_lambda_0.2,raw_gradient_effective_rank,48,0.5314181820441879,0.686468601057388,0.6128933748705696,runs/20260612_201022_stage4_sample_s107,sample_limited,107
penalized_rank_lambda_0.2,gradient_stable_rank,48,0.5212203997283822,0.6783012173446291,0.6195267016617676,runs/20260612_201022_stage4_sample_s107,sample_limited,107
penalized_rank_lambda_0.2,whitened_gradient_stable_rank,48,0.5212203997283822,0.6783012173446291,0.6195267016617676,runs/20260612_201022_stage4_sample_s107,sample_limited,107
penalized_rank_lambda_0.2,predicted_rank_whitened_effective,48,0.5212065556509436,0.7201795860327277,0.6195356585112544,runs/20260612_201022_stage4_sample_s107,sample_limited,107
penalized_rank_lambda_0.2,raw_gradient_stable_rank,48,0.4310755786103666,0.6270800537746125,0.6753353739591876,runs/20260612_201022_stage4_sample_s107,sample_limited,107
penalized_rank_lambda_0.2,predicted_rank_raw_detectable,48,0.4127587261399116,0.5961905542919257,0.6861206594932845,runs/20260612_201022_stage4_sample_s107,sample_limited,107
penalized_rank_lambda_0.2,gradient_detectable_rank,48,0.4110044249635186,0.5410311751760973,0.6871447399953596,runs/20260612_201022_stage4_sample_s107,sample_limited,107
penalized_rank_lambda_0.2,whitened_gradient_detectable_rank,48,0.4110044249635186,0.5410311751760973,0.6871447399953596,runs/20260612_201022_stage4_sample_s107,sample_limited,107
penalized_rank_lambda_0.2,raw_gradient_detectable_rank,48,0.4102052712076782,0.5568232515462427,0.6876107436309383,runs/20260612_201022_stage4_sample_s107,sample_limited,107
penalized_rank_lambda_0.2,predicted_rank_detectable,48,0.3976076365133811,0.5220706702669757,0.6949154048235063,runs/20260612_201022_stage4_sample_s107,sample_limited,107
penalized_rank_lambda_0.2,predicted_rank_whitened_detectable,48,0.3976076365133811,0.5220706702669757,0.6949154048235063,runs/20260612_201022_stage4_sample_s107,sample_limited,107
penalized_rank_lambda_0.2,true_k_strong,48,0.3880914951057713,0.4719986501107774,0.7003827724980082,runs/20260612_201022_stage4_sample_s107,sample_limited,107
penalized_rank_lambda_0.2,predicted_rank_whitened_stable,48,0.3607154192259582,0.5889862347489915,0.7158785094063692,runs/20260612_201022_stage4_sample_s107,sample_limited,107
penalized_rank_lambda_0.2,predicted_rank_raw_effective,48,0.3251269268880693,0.5228061221129385,0.7355348600836829,runs/20260612_201022_stage4_sample_s107,sample_limited,107
penalized_rank_lambda_0.2,predicted_rank_raw_stable,48,0.1837883827055454,0.4409717558228828,0.808897692041754,runs/20260612_201022_stage4_sample_s107,sample_limited,107
penalized_rank_lambda_0.3,gradient_effective_rank,48,0.5991766835600661,0.7286929460722714,0.4746463389136661,runs/20260612_201022_stage4_sample_s107,sample_limited,107
penalized_rank_lambda_0.3,whitened_gradient_effective_rank,48,0.5991766835600661,0.7286929460722714,0.4746463389136661,runs/20260612_201022_stage4_sample_s107,sample_limited,107
penalized_rank_lambda_0.3,gradient_stable_rank,48,0.5742588815705894,0.71779462408589,0.4891774684559816,runs/20260612_201022_stage4_sample_s107,sample_limited,107
penalized_rank_lambda_0.3,whitened_gradient_stable_rank,48,0.5742588815705894,0.71779462408589,0.4891774684559816,runs/20260612_201022_stage4_sample_s107,sample_limited,107
penalized_rank_lambda_0.3,raw_gradient_effective_rank,48,0.5713172368110773,0.7362906333999201,0.4908645373895842,runs/20260612_201022_stage4_sample_s107,sample_limited,107
penalized_rank_lambda_0.3,predicted_rank_whitened_effective,48,0.537874101410013,0.7345532559894598,0.5096520798349097,runs/20260612_201022_stage4_sample_s107,sample_limited,107
penalized_rank_lambda_0.3,raw_gradient_stable_rank,48,0.4883301095874727,0.679307978442555,0.5362762668732927,runs/20260612_201022_stage4_sample_s107,sample_limited,107
penalized_rank_lambda_0.3,gradient_detectable_rank,48,0.4824357705964374,0.6046370459655545,0.5393563217272592,runs/20260612_201022_stage4_sample_s107,sample_limited,107
penalized_rank_lambda_0.3,whitened_gradient_detectable_rank,48,0.4824357705964374,0.6046370459655545,0.5393563217272592,runs/20260612_201022_stage4_sample_s107,sample_limited,107
penalized_rank_lambda_0.3,predicted_rank_detectable,48,0.4795854938423869,0.6108544382591266,0.5408394265972355,runs/20260612_201022_stage4_sample_s107,sample_limited,107
penalized_rank_lambda_0.3,predicted_rank_whitened_detectable,48,0.4795854938423869,0.6108544382591266,0.5408394265972355,runs/20260612_201022_stage4_sample_s107,sample_limited,107
penalized_rank_lambda_0.3,raw_gradient_detectable_rank,48,0.475466339853891,0.6253170903408198,0.54297561791788,runs/20260612_201022_stage4_sample_s107,sample_limited,107
penalized_rank_lambda_0.3,true_k_strong,48,0.4470319304769993,0.5306644207192062,0.5574984624232526,runs/20260612_201022_stage4_sample_s107,sample_limited,107
penalized_rank_lambda_0.3,predicted_rank_raw_detectable,48,0.4314137995008349,0.6080731525213741,0.5653166860934697,runs/20260612_201022_stage4_sample_s107,sample_limited,107
penalized_rank_lambda_0.3,predicted_rank_whitened_stable,48,0.4294767674078019,0.653163718701088,0.5662788141916478,runs/20260612_201022_stage4_sample_s107,sample_limited,107
penalized_rank_lambda_0.3,predicted_rank_raw_effective,48,0.3619581845996941,0.561496977506535,0.5988502260928058,runs/20260612_201022_stage4_sample_s107,sample_limited,107
penalized_rank_lambda_0.3,predicted_rank_raw_stable,48,0.2075896304467734,0.4759858693792511,0.6673731375788995,runs/20260612_201022_stage4_sample_s107,sample_limited,107
penalized_rank_lambda_0.5,gradient_stable_rank,48,0.5966117878224599,0.7518491726200899,0.4330271230008616,runs/20260612_201022_stage4_sample_s107,sample_limited,107
penalized_rank_lambda_0.5,whitened_gradient_stable_rank,48,0.5966117878224599,0.7518491726200899,0.4330271230008616,runs/20260612_201022_stage4_sample_s107,sample_limited,107
penalized_rank_lambda_0.5,raw_gradient_effective_rank,48,0.484934076895534,0.6949046699802635,0.4893109187347975,runs/20260612_201022_stage4_sample_s107,sample_limited,107
penalized_rank_lambda_0.5,predicted_rank_raw_detectable,48,0.479982020006552,0.6482144856804969,0.4916575107608744,runs/20260612_201022_stage4_sample_s107,sample_limited,107
penalized_rank_lambda_0.5,raw_gradient_detectable_rank,48,0.4758144153024269,0.6101190196891961,0.493623736146027,runs/20260612_201022_stage4_sample_s107,sample_limited,107
penalized_rank_lambda_0.5,gradient_detectable_rank,48,0.4547362647765787,0.5923953582144468,0.5034505332406176,runs/20260612_201022_stage4_sample_s107,sample_limited,107
penalized_rank_lambda_0.5,whitened_gradient_detectable_rank,48,0.4547362647765787,0.5923953582144468,0.5034505332406176,runs/20260612_201022_stage4_sample_s107,sample_limited,107
penalized_rank_lambda_0.5,gradient_effective_rank,48,0.4536441720752776,0.5966451132974994,0.5039544541790286,runs/20260612_201022_stage4_sample_s107,sample_limited,107
penalized_rank_lambda_0.5,whitened_gradient_effective_rank,48,0.4536441720752776,0.5966451132974994,0.5039544541790286,runs/20260612_201022_stage4_sample_s107,sample_limited,107
penalized_rank_lambda_0.5,predicted_rank_raw_effective,48,0.4376618571957085,0.6372305329254975,0.5112723061825101,runs/20260612_201022_stage4_sample_s107,sample_limited,107
penalized_rank_lambda_0.5,raw_gradient_stable_rank,48,0.4307565489307378,0.6735807711193924,0.5144018472536596,runs/20260612_201022_stage4_sample_s107,sample_limited,107
penalized_rank_lambda_0.5,predicted_rank_detectable,48,0.4028696885613694,0.5096492541855693,0.5268513008504401,runs/20260612_201022_stage4_sample_s107,sample_limited,107
penalized_rank_lambda_0.5,predicted_rank_whitened_detectable,48,0.4028696885613694,0.5096492541855693,0.5268513008504401,runs/20260612_201022_stage4_sample_s107,sample_limited,107
penalized_rank_lambda_0.5,true_k_strong,48,0.3262700588427771,0.3859741243604224,0.5596241170060515,runs/20260612_201022_stage4_sample_s107,sample_limited,107
penalized_rank_lambda_0.5,predicted_rank_whitened_stable,48,0.3155607070414372,0.5268967279666715,0.5640543658072393,runs/20260612_201022_stage4_sample_s107,sample_limited,107
penalized_rank_lambda_0.5,predicted_rank_raw_stable,48,0.2941176470588236,0.5787705672009662,0.57282196186948,runs/20260612_201022_stage4_sample_s107,sample_limited,107
penalized_rank_lambda_0.5,predicted_rank_whitened_effective,48,0.2418094309547023,0.4560850970949166,0.5936666971707695,runs/20260612_201022_stage4_sample_s107,sample_limited,107
recovery_rank_0.5,gradient_stable_rank,47,0.3833487999850283,0.6786931785864786,0.6462309134445307,runs/20260612_201022_stage4_sample_s107,sample_limited,107
recovery_rank_0.5,whitened_gradient_stable_rank,47,0.3833487999850283,0.6786931785864786,0.6462309134445307,runs/20260612_201022_stage4_sample_s107,sample_limited,107
recovery_rank_0.5,raw_gradient_effective_rank,47,0.3775373472798319,0.6664969868744632,0.6492688817369343,runs/20260612_201022_stage4_sample_s107,sample_limited,107
recovery_rank_0.5,raw_gradient_stable_rank,47,0.3629434565993956,0.6546119225020404,0.6568359721486194,runs/20260612_201022_stage4_sample_s107,sample_limited,107
recovery_rank_0.5,gradient_effective_rank,47,0.3567343819356117,0.6427268581296174,0.6600291379442365,runs/20260612_201022_stage4_sample_s107,sample_limited,107
recovery_rank_0.5,whitened_gradient_effective_rank,47,0.3567343819356117,0.6427268581296174,0.6600291379442365,runs/20260612_201022_stage4_sample_s107,sample_limited,107
recovery_rank_0.5,predicted_rank_whitened_stable,47,0.2747767909726967,0.5563962422275617,0.7008156409245151,runs/20260612_201022_stage4_sample_s107,sample_limited,107
recovery_rank_0.5,predicted_rank_raw_effective,47,0.2413599621064559,0.5694520224263642,0.7167799002420551,runs/20260612_201022_stage4_sample_s107,sample_limited,107
recovery_rank_0.5,predicted_rank_whitened_effective,47,0.202587647519823,0.4708348927779399,0.7348681386601964,runs/20260612_201022_stage4_sample_s107,sample_limited,107
recovery_rank_0.5,predicted_rank_raw_detectable,47,0.1727941176470588,0.4378223747074922,0.7484705999718239,runs/20260612_201022_stage4_sample_s107,sample_limited,107
recovery_rank_0.5,raw_gradient_detectable_rank,47,0.1663263697218027,0.4247948251310851,0.7513909693473445,runs/20260612_201022_stage4_sample_s107,sample_limited,107
recovery_rank_0.5,predicted_rank_raw_stable,47,0.1495529431868438,0.4575101790011158,0.7589122797427019,runs/20260612_201022_stage4_sample_s107,sample_limited,107
recovery_rank_0.5,gradient_detectable_rank,47,0.101210001550855,0.3852009117762522,0.7801840265552427,runs/20260612_201022_stage4_sample_s107,sample_limited,107
recovery_rank_0.5,whitened_gradient_detectable_rank,47,0.101210001550855,0.3852009117762522,0.7801840265552427,runs/20260612_201022_stage4_sample_s107,sample_limited,107
recovery_rank_0.5,predicted_rank_detectable,47,0.0876785634486765,0.3220828645054925,0.7860349894015557,runs/20260612_201022_stage4_sample_s107,sample_limited,107
recovery_rank_0.5,predicted_rank_whitened_detectable,47,0.0876785634486765,0.3220828645054925,0.7860349894015557,runs/20260612_201022_stage4_sample_s107,sample_limited,107
recovery_rank_0.5,true_k_strong,47,0.0787608368750624,0.275580302745857,0.7898673003811245,runs/20260612_201022_stage4_sample_s107,sample_limited,107
recovery_rank_0.6,gradient_effective_rank,47,0.4389987565846832,0.7215637814211645,0.7076809569366524,runs/20260612_201022_stage4_sample_s107,sample_limited,107
recovery_rank_0.6,whitened_gradient_effective_rank,47,0.4389987565846832,0.7215637814211645,0.7076809569366524,runs/20260612_201022_stage4_sample_s107,sample_limited,107
recovery_rank_0.6,raw_gradient_effective_rank,47,0.4080171980881458,0.7134424973874338,0.7269593761187862,runs/20260612_201022_stage4_sample_s107,sample_limited,107
recovery_rank_0.6,gradient_stable_rank,47,0.3521203094058428,0.6743741991948655,0.7605062375619349,runs/20260612_201022_stage4_sample_s107,sample_limited,107
recovery_rank_0.6,whitened_gradient_stable_rank,47,0.3521203094058428,0.6743741991948655,0.7605062375619349,runs/20260612_201022_stage4_sample_s107,sample_limited,107
recovery_rank_0.6,raw_gradient_stable_rank,47,0.338598639302111,0.6240468481373527,0.7684013857264609,runs/20260612_201022_stage4_sample_s107,sample_limited,107
recovery_rank_0.6,predicted_rank_whitened_effective,47,0.2667036790935159,0.5739013274021878,0.8090872369569323,runs/20260612_201022_stage4_sample_s107,sample_limited,107
recovery_rank_0.6,raw_gradient_detectable_rank,47,0.2258141804117683,0.5106197561291628,0.8313390933893167,runs/20260612_201022_stage4_sample_s107,sample_limited,107
recovery_rank_0.6,predicted_rank_whitened_stable,47,0.2182135804344522,0.5309833240696759,0.8354099785280285,runs/20260612_201022_stage4_sample_s107,sample_limited,107
recovery_rank_0.6,predicted_rank_raw_detectable,47,0.2123363451963857,0.4905398035371209,0.8385442793903564,runs/20260612_201022_stage4_sample_s107,sample_limited,107
recovery_rank_0.6,predicted_rank_raw_effective,47,0.205715278803917,0.529007347110667,0.8420612872575345,runs/20260612_201022_stage4_sample_s107,sample_limited,107
recovery_rank_0.6,gradient_detectable_rank,47,0.1539409450861459,0.4850529276936898,0.8690723569196336,runs/20260612_201022_stage4_sample_s107,sample_limited,107
recovery_rank_0.6,whitened_gradient_detectable_rank,47,0.1539409450861459,0.4850529276936898,0.8690723569196336,runs/20260612_201022_stage4_sample_s107,sample_limited,107
recovery_rank_0.6,predicted_rank_detectable,47,0.1397140044184035,0.4228763605422265,0.8763488557734014,runs/20260612_201022_stage4_sample_s107,sample_limited,107
recovery_rank_0.6,predicted_rank_whitened_detectable,47,0.1397140044184035,0.4228763605422265,0.8763488557734014,runs/20260612_201022_stage4_sample_s107,sample_limited,107
recovery_rank_0.6,true_k_strong,47,0.100519848887444,0.3367801721057297,0.8960895020316932,runs/20260612_201022_stage4_sample_s107,sample_limited,107
recovery_rank_0.6,predicted_rank_raw_stable,47,0.0715620186368556,0.3435208417737551,0.9103995758006376,runs/20260612_201022_stage4_sample_s107,sample_limited,107
recovery_rank_0.7,gradient_effective_rank,45,0.5251838305519609,0.7350891261246048,0.8038774438250916,runs/20260612_201022_stage4_sample_s107,sample_limited,107
recovery_rank_0.7,whitened_gradient_effective_rank,45,0.5251838305519609,0.7350891261246048,0.8038774438250916,runs/20260612_201022_stage4_sample_s107,sample_limited,107
recovery_rank_0.7,raw_gradient_effective_rank,45,0.3634541287188116,0.6119831813616698,0.9307690756695208,runs/20260612_201022_stage4_sample_s107,sample_limited,107
recovery_rank_0.7,predicted_rank_whitened_effective,45,0.3325183071645337,0.6080002280154169,0.9531182211217784,runs/20260612_201022_stage4_sample_s107,sample_limited,107
recovery_rank_0.7,predicted_rank_whitened_stable,45,0.2456007169945089,0.5173672677880423,1.013275930139011,runs/20260612_201022_stage4_sample_s107,sample_limited,107
recovery_rank_0.7,gradient_stable_rank,45,0.242450354239215,0.547667998031228,1.015389440271892,runs/20260612_201022_stage4_sample_s107,sample_limited,107
recovery_rank_0.7,whitened_gradient_stable_rank,45,0.242450354239215,0.547667998031228,1.015389440271892,runs/20260612_201022_stage4_sample_s107,sample_limited,107
recovery_rank_0.7,gradient_detectable_rank,45,0.2192033241128667,0.4867426413555624,1.0308514133556077,runs/20260612_201022_stage4_sample_s107,sample_limited,107
recovery_rank_0.7,whitened_gradient_detectable_rank,45,0.2192033241128667,0.4867426413555624,1.0308514133556077,runs/20260612_201022_stage4_sample_s107,sample_limited,107
recovery_rank_0.7,predicted_rank_detectable,45,0.2034349298500241,0.4584542218458737,1.0412085412334309,runs/20260612_201022_stage4_sample_s107,sample_limited,107
recovery_rank_0.7,predicted_rank_whitened_detectable,45,0.2034349298500241,0.4584542218458737,1.0412085412334309,runs/20260612_201022_stage4_sample_s107,sample_limited,107
recovery_rank_0.7,true_k_strong,45,0.1907697551591141,0.4614959468496545,1.0494533685360183,runs/20260612_201022_stage4_sample_s107,sample_limited,107
recovery_rank_0.7,predicted_rank_raw_effective,45,0.1553348650532084,0.3985287292077402,1.072184135630608,runs/20260612_201022_stage4_sample_s107,sample_limited,107
recovery_rank_0.7,raw_gradient_stable_rank,45,0.153177364246684,0.3983722013076466,1.0735525849532577,runs/20260612_201022_stage4_sample_s107,sample_limited,107
recovery_rank_0.7,raw_gradient_detectable_rank,45,0.1410254347580222,0.3358457779711135,1.0812279032054573,runs/20260612_201022_stage4_sample_s107,sample_limited,107
recovery_rank_0.7,predicted_rank_raw_detectable,45,0.1218331806105631,0.3511811912500899,1.0932402296034265,runs/20260612_201022_stage4_sample_s107,sample_limited,107
recovery_rank_0.7,predicted_rank_raw_stable,45,0.0218311562651186,0.2079259381887671,1.1538092217366824,runs/20260612_201022_stage4_sample_s107,sample_limited,107
recovery_rank_0.8,gradient_effective_rank,34,0.721720450589004,0.8543334219595862,0.7252495188467158,runs/20260612_201022_stage4_sample_s107,sample_limited,107
recovery_rank_0.8,whitened_gradient_effective_rank,34,0.721720450589004,0.8543334219595862,0.7252495188467158,runs/20260612_201022_stage4_sample_s107,sample_limited,107
recovery_rank_0.8,raw_gradient_effective_rank,34,0.6101413605800259,0.7764955495694401,0.8584211018940686,runs/20260612_201022_stage4_sample_s107,sample_limited,107
recovery_rank_0.8,gradient_stable_rank,34,0.559385436526006,0.7904624258652526,0.9125910966476256,runs/20260612_201022_stage4_sample_s107,sample_limited,107
recovery_rank_0.8,whitened_gradient_stable_rank,34,0.559385436526006,0.7904624258652526,0.9125910966476256,runs/20260612_201022_stage4_sample_s107,sample_limited,107
recovery_rank_0.8,true_k_strong,34,0.555762581424303,0.7367662676586836,0.916335204636364,runs/20260612_201022_stage4_sample_s107,sample_limited,107
recovery_rank_0.8,gradient_detectable_rank,34,0.5293720043638455,0.7209400284981233,0.9431606706045674,runs/20260612_201022_stage4_sample_s107,sample_limited,107
recovery_rank_0.8,whitened_gradient_detectable_rank,34,0.5293720043638455,0.7209400284981233,0.9431606706045674,runs/20260612_201022_stage4_sample_s107,sample_limited,107
recovery_rank_0.8,predicted_rank_whitened_effective,34,0.5021657125452004,0.7311694537759152,0.970039023797094,runs/20260612_201022_stage4_sample_s107,sample_limited,107
recovery_rank_0.8,raw_gradient_detectable_rank,34,0.5005982230247872,0.6993068987749838,0.9715649642902768,runs/20260612_201022_stage4_sample_s107,sample_limited,107
recovery_rank_0.8,predicted_rank_whitened_stable,34,0.4884373868355561,0.6891564771336454,0.9833230107115016,runs/20260612_201022_stage4_sample_s107,sample_limited,107
recovery_rank_0.8,predicted_rank_detectable,34,0.4411929070712059,0.6624775843961124,1.0277269818281969,runs/20260612_201022_stage4_sample_s107,sample_limited,107
recovery_rank_0.8,predicted_rank_whitened_detectable,34,0.4411929070712059,0.6624775843961124,1.0277269818281969,runs/20260612_201022_stage4_sample_s107,sample_limited,107
recovery_rank_0.8,predicted_rank_raw_detectable,34,0.4394791832969685,0.6662872757688566,1.029301668270583,runs/20260612_201022_stage4_sample_s107,sample_limited,107
recovery_rank_0.8,predicted_rank_raw_effective,34,0.3473904772407709,0.5925140301789437,1.1106405019593368,runs/20260612_201022_stage4_sample_s107,sample_limited,107
recovery_rank_0.8,raw_gradient_stable_rank,34,0.3405347187519216,0.5536532536137803,1.1164589813469732,runs/20260612_201022_stage4_sample_s107,sample_limited,107
recovery_rank_0.8,predicted_rank_raw_stable,34,0.1281718789727942,0.3948228616168329,1.2836961544670389,runs/20260612_201022_stage4_sample_s107,sample_limited,107
recovery_rank_0.85,gradient_effective_rank,27,0.4986174562847458,0.613708814474093,1.0013815893207283,runs/20260612_201022_stage4_sample_s107,sample_limited,107
recovery_rank_0.85,whitened_gradient_effective_rank,27,0.4986174562847458,0.613708814474093,1.0013815893207283,runs/20260612_201022_stage4_sample_s107,sample_limited,107
recovery_rank_0.85,raw_gradient_effective_rank,27,0.3938810344714207,0.5596224034175377,1.101016771469517,runs/20260612_201022_stage4_sample_s107,sample_limited,107
recovery_rank_0.85,predicted_rank_detectable,27,0.3690627650551314,0.5249886972274077,1.1233318609786411,runs/20260612_201022_stage4_sample_s107,sample_limited,107
recovery_rank_0.85,predicted_rank_whitened_detectable,27,0.3690627650551314,0.5249886972274077,1.1233318609786411,runs/20260612_201022_stage4_sample_s107,sample_limited,107
recovery_rank_0.85,gradient_detectable_rank,27,0.360476628556529,0.5150139202798627,1.1309494873277683,runs/20260612_201022_stage4_sample_s107,sample_limited,107
recovery_rank_0.85,whitened_gradient_detectable_rank,27,0.360476628556529,0.5150139202798627,1.1309494873277683,runs/20260612_201022_stage4_sample_s107,sample_limited,107
recovery_rank_0.85,gradient_stable_rank,27,0.351736307763315,0.5246069234271666,1.1386515641201964,runs/20260612_201022_stage4_sample_s107,sample_limited,107
recovery_rank_0.85,whitened_gradient_stable_rank,27,0.351736307763315,0.5246069234271666,1.1386515641201964,runs/20260612_201022_stage4_sample_s107,sample_limited,107
recovery_rank_0.85,raw_gradient_detectable_rank,27,0.328062026404245,0.4832156010217427,1.1592566356038296,runs/20260612_201022_stage4_sample_s107,sample_limited,107
recovery_rank_0.85,true_k_strong,27,0.3198224875754326,0.472068405216387,1.1663425846847637,runs/20260612_201022_stage4_sample_s107,sample_limited,107
recovery_rank_0.85,predicted_rank_whitened_effective,27,0.3140522875816993,0.5244327087864489,1.1712793965730812,runs/20260612_201022_stage4_sample_s107,sample_limited,107
recovery_rank_0.85,predicted_rank_raw_effective,27,0.3117583603020497,0.5001298440292745,1.173236241937616,runs/20260612_201022_stage4_sample_s107,sample_limited,107
recovery_rank_0.85,predicted_rank_raw_detectable,27,0.2867341640706127,0.4472716837661094,1.1943750130753634,runs/20260612_201022_stage4_sample_s107,sample_limited,107
recovery_rank_0.85,raw_gradient_stable_rank,27,0.2234706248845199,0.4089307841732622,1.2462177780111148,runs/20260612_201022_stage4_sample_s107,sample_limited,107
recovery_rank_0.85,predicted_rank_whitened_stable,27,0.1944444444444444,0.404151979533349,1.2692955176439846,runs/20260612_201022_stage4_sample_s107,sample_limited,107
recovery_rank_0.85,predicted_rank_raw_stable,27,0.1361111111111111,0.3626405454796036,1.3144496102086902,runs/20260612_201022_stage4_sample_s107,sample_limited,107
recovery_rank_0.9,gradient_detectable_rank,12,0.3320705225909208,0.4840620011959674,1.1294068203642984,runs/20260612_201022_stage4_sample_s107,sample_limited,107
recovery_rank_0.9,whitened_gradient_detectable_rank,12,0.3320705225909208,0.4840620011959674,1.1294068203642984,runs/20260612_201022_stage4_sample_s107,sample_limited,107
recovery_rank_0.9,true_k_strong,12,0.3320705225909208,0.4840620011959674,1.1294068203642984,runs/20260612_201022_stage4_sample_s107,sample_limited,107
recovery_rank_0.9,predicted_rank_whitened_effective,12,0.2945454545454548,0.4969039949999532,1.1606990230986765,runs/20260612_201022_stage4_sample_s107,sample_limited,107
recovery_rank_0.9,gradient_effective_rank,12,0.2775218781189134,0.4570238055843031,1.1746201617653629,runs/20260612_201022_stage4_sample_s107,sample_limited,107
recovery_rank_0.9,whitened_gradient_effective_rank,12,0.2775218781189134,0.4570238055843031,1.1746201617653629,runs/20260612_201022_stage4_sample_s107,sample_limited,107
recovery_rank_0.9,raw_gradient_detectable_rank,12,0.2079298585425097,0.3333385351237899,1.2298918451230043,runs/20260612_201022_stage4_sample_s107,sample_limited,107
recovery_rank_0.9,predicted_rank_detectable,12,0.1731278890600927,0.314433320049262,1.2566208836390311,runs/20260612_201022_stage4_sample_s107,sample_limited,107
recovery_rank_0.9,predicted_rank_raw_detectable,12,0.1731278890600927,0.314433320049262,1.2566208836390311,runs/20260612_201022_stage4_sample_s107,sample_limited,107
recovery_rank_0.9,predicted_rank_whitened_detectable,12,0.1731278890600927,0.314433320049262,1.2566208836390311,runs/20260612_201022_stage4_sample_s107,sample_limited,107
recovery_rank_0.9,raw_gradient_effective_rank,12,0.1318640234670125,0.3346709757428361,1.2875940999770217,runs/20260612_201022_stage4_sample_s107,sample_limited,107
recovery_rank_0.9,gradient_stable_rank,12,0.0419264026896779,0.1151556045566748,1.3526471969097882,runs/20260612_201022_stage4_sample_s107,sample_limited,107
recovery_rank_0.9,whitened_gradient_stable_rank,12,0.0419264026896779,0.1151556045566748,1.3526471969097882,runs/20260612_201022_stage4_sample_s107,sample_limited,107
recovery_rank_0.9,predicted_rank_raw_effective,12,0.0356363636363638,0.1666666666666666,1.357080199054819,runs/20260612_201022_stage4_sample_s107,sample_limited,107
recovery_rank_0.9,predicted_rank_raw_stable,12,0.0290909090909092,0.1844661968431554,1.361677886530683,runs/20260612_201022_stage4_sample_s107,sample_limited,107
recovery_rank_0.9,predicted_rank_whitened_stable,12,0.0012121212121214,-0.0286887655274623,1.3810892105173391,runs/20260612_201022_stage4_sample_s107,sample_limited,107
recovery_rank_0.9,raw_gradient_stable_rank,12,1.6390417283851377e-05,0.0287889011391687,1.3819156707549505,runs/20260612_201022_stage4_sample_s107,sample_limited,107
best_rank,gradient_detectable_rank,48,,,0.0,runs/20260612_202808_stage4_sample_s109,sample_limited,109
best_rank,predicted_rank_detectable,48,,,0.0,runs/20260612_202808_stage4_sample_s109,sample_limited,109
best_rank,gradient_effective_rank,48,,,0.0,runs/20260612_202808_stage4_sample_s109,sample_limited,109
best_rank,gradient_stable_rank,48,,,0.0,runs/20260612_202808_stage4_sample_s109,sample_limited,109
best_rank,raw_gradient_detectable_rank,48,,,0.0,runs/20260612_202808_stage4_sample_s109,sample_limited,109
best_rank,raw_gradient_effective_rank,48,,,0.0,runs/20260612_202808_stage4_sample_s109,sample_limited,109
best_rank,raw_gradient_stable_rank,48,,,0.0,runs/20260612_202808_stage4_sample_s109,sample_limited,109
best_rank,predicted_rank_raw_detectable,48,,,0.0,runs/20260612_202808_stage4_sample_s109,sample_limited,109
best_rank,predicted_rank_raw_effective,48,,,0.0,runs/20260612_202808_stage4_sample_s109,sample_limited,109
best_rank,predicted_rank_raw_stable,48,,,0.0,runs/20260612_202808_stage4_sample_s109,sample_limited,109
best_rank,whitened_gradient_detectable_rank,48,,,0.0,runs/20260612_202808_stage4_sample_s109,sample_limited,109
best_rank,whitened_gradient_effective_rank,48,,,0.0,runs/20260612_202808_stage4_sample_s109,sample_limited,109
best_rank,whitened_gradient_stable_rank,48,,,0.0,runs/20260612_202808_stage4_sample_s109,sample_limited,109
best_rank,predicted_rank_whitened_detectable,48,,,0.0,runs/20260612_202808_stage4_sample_s109,sample_limited,109
best_rank,predicted_rank_whitened_effective,48,,,0.0,runs/20260612_202808_stage4_sample_s109,sample_limited,109
best_rank,predicted_rank_whitened_stable,48,,,0.0,runs/20260612_202808_stage4_sample_s109,sample_limited,109
best_rank,true_k_strong,48,,,0.0,runs/20260612_202808_stage4_sample_s109,sample_limited,109
near_best_rank_gap_0.02,predicted_rank_whitened_effective,48,0.5022726678217889,0.5429291332677236,0.8518429033211659,runs/20260612_202808_stage4_sample_s109,sample_limited,109
near_best_rank_gap_0.02,gradient_effective_rank,48,0.4618440316792016,0.4793303949198758,0.8857636324073536,runs/20260612_202808_stage4_sample_s109,sample_limited,109
near_best_rank_gap_0.02,whitened_gradient_effective_rank,48,0.4618440316792016,0.4793303949198758,0.8857636324073536,runs/20260612_202808_stage4_sample_s109,sample_limited,109
near_best_rank_gap_0.02,raw_gradient_effective_rank,48,0.3237113079330658,0.4233294180876527,0.9929555954419402,runs/20260612_202808_stage4_sample_s109,sample_limited,109
near_best_rank_gap_0.02,predicted_rank_detectable,48,0.2809703257087425,0.4406884979609937,1.0238519731011224,runs/20260612_202808_stage4_sample_s109,sample_limited,109
near_best_rank_gap_0.02,predicted_rank_whitened_detectable,48,0.2809703257087425,0.4406884979609937,1.0238519731011224,runs/20260612_202808_stage4_sample_s109,sample_limited,109
near_best_rank_gap_0.02,gradient_detectable_rank,48,0.2690065042629862,0.4232058202714775,1.0323346888488347,runs/20260612_202808_stage4_sample_s109,sample_limited,109
near_best_rank_gap_0.02,whitened_gradient_detectable_rank,48,0.2690065042629862,0.4232058202714775,1.0323346888488347,runs/20260612_202808_stage4_sample_s109,sample_limited,109
near_best_rank_gap_0.02,predicted_rank_raw_effective,48,0.2168574229739902,0.3586336400423192,1.068523756964349,runs/20260612_202808_stage4_sample_s109,sample_limited,109
near_best_rank_gap_0.02,true_k_strong,48,0.2141511521794529,0.3785463725870017,1.0703683896253706,runs/20260612_202808_stage4_sample_s109,sample_limited,109
near_best_rank_gap_0.02,predicted_rank_raw_detectable,48,0.1918605567216001,0.3059937525207351,1.0854427360057426,runs/20260612_202808_stage4_sample_s109,sample_limited,109
near_best_rank_gap_0.02,raw_gradient_detectable_rank,48,0.1785132344057157,0.2297337247590628,1.0943696747822402,runs/20260612_202808_stage4_sample_s109,sample_limited,109
near_best_rank_gap_0.02,gradient_stable_rank,48,0.172034318082436,0.2695047010050737,1.098676746223132,runs/20260612_202808_stage4_sample_s109,sample_limited,109
near_best_rank_gap_0.02,whitened_gradient_stable_rank,48,0.172034318082436,0.2695047010050737,1.098676746223132,runs/20260612_202808_stage4_sample_s109,sample_limited,109
near_best_rank_gap_0.02,raw_gradient_stable_rank,48,0.1583603456034372,0.3020730657094069,1.1077119967179043,runs/20260612_202808_stage4_sample_s109,sample_limited,109
near_best_rank_gap_0.02,predicted_rank_whitened_stable,48,0.1270295646598115,0.2682224057045402,1.128141388059578,runs/20260612_202808_stage4_sample_s109,sample_limited,109
near_best_rank_gap_0.02,predicted_rank_raw_stable,48,0.0553436828639589,0.2336978905666832,1.1735475230007957,runs/20260612_202808_stage4_sample_s109,sample_limited,109
near_best_rank_gap_0.05,predicted_rank_whitened_effective,48,0.6347752750208465,0.7368960033547336,0.7921940913577605,runs/20260612_202808_stage4_sample_s109,sample_limited,109
near_best_rank_gap_0.05,gradient_effective_rank,48,0.5720047952869709,0.7036475052005627,0.8575727352784238,runs/20260612_202808_stage4_sample_s109,sample_limited,109
near_best_rank_gap_0.05,whitened_gradient_effective_rank,48,0.5720047952869709,0.7036475052005627,0.8575727352784238,runs/20260612_202808_stage4_sample_s109,sample_limited,109
near_best_rank_gap_0.05,raw_gradient_effective_rank,48,0.4291538948650912,0.6063779192708422,0.9904009188879824,runs/20260612_202808_stage4_sample_s109,sample_limited,109
near_best_rank_gap_0.05,predicted_rank_detectable,48,0.3653798351592893,0.5334393851458923,1.0442595297817938,runs/20260612_202808_stage4_sample_s109,sample_limited,109
near_best_rank_gap_0.05,predicted_rank_whitened_detectable,48,0.3653798351592893,0.5334393851458923,1.0442595297817938,runs/20260612_202808_stage4_sample_s109,sample_limited,109
near_best_rank_gap_0.05,gradient_detectable_rank,48,0.3568218217607853,0.5467584508513407,1.051277002817637,runs/20260612_202808_stage4_sample_s109,sample_limited,109
near_best_rank_gap_0.05,whitened_gradient_detectable_rank,48,0.3568218217607853,0.5467584508513407,1.051277002817637,runs/20260612_202808_stage4_sample_s109,sample_limited,109
near_best_rank_gap_0.05,predicted_rank_raw_effective,48,0.3266584586249901,0.5552775155472964,1.0756456318441543,runs/20260612_202808_stage4_sample_s109,sample_limited,109
near_best_rank_gap_0.05,raw_gradient_detectable_rank,48,0.3019901927696925,0.4499029556731906,1.0951718589023332,runs/20260612_202808_stage4_sample_s109,sample_limited,109
near_best_rank_gap_0.05,predicted_rank_raw_detectable,48,0.3000173786886619,0.4736225136644673,1.0967184317213108,runs/20260612_202808_stage4_sample_s109,sample_limited,109
near_best_rank_gap_0.05,true_k_strong,48,0.2680379599346473,0.4674790967428539,1.1214910006347163,runs/20260612_202808_stage4_sample_s109,sample_limited,109
near_best_rank_gap_0.05,gradient_stable_rank,48,0.2610385079400673,0.4832905619884135,1.1268404211172705,runs/20260612_202808_stage4_sample_s109,sample_limited,109
near_best_rank_gap_0.05,whitened_gradient_stable_rank,48,0.2610385079400673,0.4832905619884135,1.1268404211172705,runs/20260612_202808_stage4_sample_s109,sample_limited,109
near_best_rank_gap_0.05,raw_gradient_stable_rank,48,0.2433885606743746,0.4864045475682358,1.1402181900668251,runs/20260612_202808_stage4_sample_s109,sample_limited,109
near_best_rank_gap_0.05,predicted_rank_whitened_stable,48,0.2313521285483902,0.4379197794872335,1.1492518934201998,runs/20260612_202808_stage4_sample_s109,sample_limited,109
near_best_rank_gap_0.05,predicted_rank_raw_stable,48,0.1127424219693988,0.3066816490929972,1.2347424297420035,runs/20260612_202808_stage4_sample_s109,sample_limited,109
near_best_rank_gap_0.1,gradient_effective_rank,48,0.6696386618618808,0.7595359201557594,0.586133815697449,runs/20260612_202808_stage4_sample_s109,sample_limited,109
near_best_rank_gap_0.1,whitened_gradient_effective_rank,48,0.6696386618618808,0.7595359201557594,0.586133815697449,runs/20260612_202808_stage4_sample_s109,sample_limited,109
near_best_rank_gap_0.1,predicted_rank_whitened_effective,48,0.6497928905218601,0.7449513800006115,0.6034824553531837,runs/20260612_202808_stage4_sample_s109,sample_limited,109
near_best_rank_gap_0.1,raw_gradient_effective_rank,48,0.5921063662724673,0.6779015885711515,0.6512918340727507,runs/20260612_202808_stage4_sample_s109,sample_limited,109
near_best_rank_gap_0.1,predicted_rank_raw_effective,48,0.4346598606752966,0.6263389710315553,0.7667558184753436,runs/20260612_202808_stage4_sample_s109,sample_limited,109
near_best_rank_gap_0.1,gradient_stable_rank,48,0.4341006937683944,0.6294499897072383,0.7671349163725616,runs/20260612_202808_stage4_sample_s109,sample_limited,109
near_best_rank_gap_0.1,whitened_gradient_stable_rank,48,0.4341006937683944,0.6294499897072383,0.7671349163725616,runs/20260612_202808_stage4_sample_s109,sample_limited,109
near_best_rank_gap_0.1,raw_gradient_detectable_rank,48,0.425687505956892,0.5435102130884482,0.7728163501070264,runs/20260612_202808_stage4_sample_s109,sample_limited,109
near_best_rank_gap_0.1,predicted_rank_whitened_stable,48,0.419545396173109,0.6474689695711009,0.7769378859551634,runs/20260612_202808_stage4_sample_s109,sample_limited,109
near_best_rank_gap_0.1,predicted_rank_raw_detectable,48,0.4046902683674277,0.5481195438361466,0.7868168655692948,runs/20260612_202808_stage4_sample_s109,sample_limited,109
near_best_rank_gap_0.1,raw_gradient_stable_rank,48,0.3771100214484481,0.5909171424717937,0.8048368290809657,runs/20260612_202808_stage4_sample_s109,sample_limited,109
near_best_rank_gap_0.1,predicted_rank_detectable,48,0.346266308658898,0.5116304981909101,0.8245226745346281,runs/20260612_202808_stage4_sample_s109,sample_limited,109
near_best_rank_gap_0.1,predicted_rank_whitened_detectable,48,0.346266308658898,0.5116304981909101,0.8245226745346281,runs/20260612_202808_stage4_sample_s109,sample_limited,109
near_best_rank_gap_0.1,gradient_detectable_rank,48,0.3412191735318732,0.5279085509241416,0.827699408516369,runs/20260612_202808_stage4_sample_s109,sample_limited,109
near_best_rank_gap_0.1,whitened_gradient_detectable_rank,48,0.3412191735318732,0.5279085509241416,0.827699408516369,runs/20260612_202808_stage4_sample_s109,sample_limited,109
near_best_rank_gap_0.1,true_k_strong,48,0.3142713894761746,0.5007151741675845,0.8444584861924126,runs/20260612_202808_stage4_sample_s109,sample_limited,109
near_best_rank_gap_0.1,predicted_rank_raw_stable,48,0.1749436917316338,0.4266103928422506,0.9262835770012,runs/20260612_202808_stage4_sample_s109,sample_limited,109
near_best_rank_gap_0.2,gradient_stable_rank,48,0.6146944506283464,0.7298917446448716,0.5106042816203475,runs/20260612_202808_stage4_sample_s109,sample_limited,109
near_best_rank_gap_0.2,whitened_gradient_stable_rank,48,0.6146944506283464,0.7298917446448716,0.5106042816203475,runs/20260612_202808_stage4_sample_s109,sample_limited,109
near_best_rank_gap_0.2,gradient_effective_rank,48,0.4949423788824696,0.6540073837193715,0.58459121494829,runs/20260612_202808_stage4_sample_s109,sample_limited,109
near_best_rank_gap_0.2,whitened_gradient_effective_rank,48,0.4949423788824696,0.6540073837193715,0.58459121494829,runs/20260612_202808_stage4_sample_s109,sample_limited,109
near_best_rank_gap_0.2,predicted_rank_whitened_stable,48,0.4809295899738491,0.6831915210866066,0.5926454525925534,runs/20260612_202808_stage4_sample_s109,sample_limited,109
near_best_rank_gap_0.2,raw_gradient_effective_rank,48,0.4466121975343636,0.5962255570869424,0.6119227665655917,runs/20260612_202808_stage4_sample_s109,sample_limited,109
near_best_rank_gap_0.2,true_k_strong,48,0.4378997350884717,0.5644378667644399,0.6167209692437735,runs/20260612_202808_stage4_sample_s109,sample_limited,109
near_best_rank_gap_0.2,gradient_detectable_rank,48,0.4182036992517277,0.5902118879327528,0.6274329150404125,runs/20260612_202808_stage4_sample_s109,sample_limited,109
near_best_rank_gap_0.2,whitened_gradient_detectable_rank,48,0.4182036992517277,0.5902118879327528,0.6274329150404125,runs/20260612_202808_stage4_sample_s109,sample_limited,109
near_best_rank_gap_0.2,raw_gradient_stable_rank,48,0.4107135655076035,0.5857419345333792,0.6314588321281043,runs/20260612_202808_stage4_sample_s109,sample_limited,109
near_best_rank_gap_0.2,raw_gradient_detectable_rank,48,0.3845689445378182,0.6190907152759895,0.6453146490633913,runs/20260612_202808_stage4_sample_s109,sample_limited,109
near_best_rank_gap_0.2,predicted_rank_whitened_effective,48,0.3814509354510588,0.5993059942468827,0.6469472891813363,runs/20260612_202808_stage4_sample_s109,sample_limited,109
near_best_rank_gap_0.2,predicted_rank_detectable,48,0.3704788587270475,0.5484844130740424,0.6526599750826491,runs/20260612_202808_stage4_sample_s109,sample_limited,109
near_best_rank_gap_0.2,predicted_rank_whitened_detectable,48,0.3704788587270475,0.5484844130740424,0.6526599750826491,runs/20260612_202808_stage4_sample_s109,sample_limited,109
near_best_rank_gap_0.2,predicted_rank_raw_detectable,48,0.3634230927975043,0.6012952036338236,0.6563073382122677,runs/20260612_202808_stage4_sample_s109,sample_limited,109
near_best_rank_gap_0.2,predicted_rank_raw_effective,48,0.2922567493594027,0.4988841594547471,0.6920216608297688,runs/20260612_202808_stage4_sample_s109,sample_limited,109
near_best_rank_gap_0.2,predicted_rank_raw_stable,48,0.1748323074807113,0.4254928316577478,0.7472276400870466,runs/20260612_202808_stage4_sample_s109,sample_limited,109
near_best_rank_gap_0.5,predicted_rank_raw_stable,48,0.2480668411697205,0.489542057945573,0.4977018659549902,runs/20260612_202808_stage4_sample_s109,sample_limited,109
near_best_rank_gap_0.5,gradient_stable_rank,48,0.2215545201156495,0.5118234844390698,0.5064000631638177,runs/20260612_202808_stage4_sample_s109,sample_limited,109
near_best_rank_gap_0.5,whitened_gradient_stable_rank,48,0.2215545201156495,0.5118234844390698,0.5064000631638177,runs/20260612_202808_stage4_sample_s109,sample_limited,109
near_best_rank_gap_0.5,predicted_rank_whitened_stable,48,0.1900273639404075,0.4803667553619619,0.5165529237908959,runs/20260612_202808_stage4_sample_s109,sample_limited,109
near_best_rank_gap_0.5,raw_gradient_stable_rank,48,0.1769422914293139,0.4585269999105393,0.5207086520785474,runs/20260612_202808_stage4_sample_s109,sample_limited,109
near_best_rank_gap_0.5,raw_gradient_detectable_rank,48,0.1537621446628417,0.4420759126361565,0.5279902162824377,runs/20260612_202808_stage4_sample_s109,sample_limited,109
near_best_rank_gap_0.5,predicted_rank_raw_detectable,48,0.1073139044557235,0.3389656793027152,0.5422868030732191,runs/20260612_202808_stage4_sample_s109,sample_limited,109
near_best_rank_gap_0.5,raw_gradient_effective_rank,48,0.1071014007956027,0.329210232818155,0.5423513448386789,runs/20260612_202808_stage4_sample_s109,sample_limited,109
near_best_rank_gap_0.5,gradient_detectable_rank,48,0.1050114265563171,0.2926248538021624,0.5429857045689263,runs/20260612_202808_stage4_sample_s109,sample_limited,109
near_best_rank_gap_0.5,whitened_gradient_detectable_rank,48,0.1050114265563171,0.2926248538021624,0.5429857045689263,runs/20260612_202808_stage4_sample_s109,sample_limited,109
near_best_rank_gap_0.5,predicted_rank_raw_effective,48,0.084990584193862,0.2487887055695165,0.5490253938312446,runs/20260612_202808_stage4_sample_s109,sample_limited,109
near_best_rank_gap_0.5,predicted_rank_detectable,48,0.0765918324047809,0.2437296145959223,0.551539354332101,runs/20260612_202808_stage4_sample_s109,sample_limited,109
near_best_rank_gap_0.5,predicted_rank_whitened_detectable,48,0.0765918324047809,0.2437296145959223,0.551539354332101,runs/20260612_202808_stage4_sample_s109,sample_limited,109
near_best_rank_gap_0.5,true_k_strong,48,0.0605448009897138,0.1897713115484957,0.5563110515999973,runs/20260612_202808_stage4_sample_s109,sample_limited,109
near_best_rank_gap_0.5,gradient_effective_rank,48,0.0465648064828247,0.2392645029903145,0.5604349872623187,runs/20260612_202808_stage4_sample_s109,sample_limited,109
near_best_rank_gap_0.5,whitened_gradient_effective_rank,48,0.0465648064828247,0.2392645029903145,0.5604349872623187,runs/20260612_202808_stage4_sample_s109,sample_limited,109
near_best_rank_gap_0.5,predicted_rank_whitened_effective,48,0.0361684885970861,0.193253031908995,0.5634822123423421,runs/20260612_202808_stage4_sample_s109,sample_limited,109
penalized_rank_lambda_0.03,gradient_effective_rank,48,0.5087989619772,0.5122760594616748,0.7341367001432628,runs/20260612_202808_stage4_sample_s109,sample_limited,109
penalized_rank_lambda_0.03,whitened_gradient_effective_rank,48,0.5087989619772,0.5122760594616748,0.7341367001432628,runs/20260612_202808_stage4_sample_s109,sample_limited,109
penalized_rank_lambda_0.03,predicted_rank_whitened_effective,48,0.4755044753985488,0.5353980570537945,0.7586093494340908,runs/20260612_202808_stage4_sample_s109,sample_limited,109
penalized_rank_lambda_0.03,raw_gradient_effective_rank,48,0.4190194881534363,0.5341429991701107,0.7984138828177342,runs/20260612_202808_stage4_sample_s109,sample_limited,109
penalized_rank_lambda_0.03,predicted_rank_raw_effective,48,0.2927960766121016,0.4914004210534117,0.88088583845124,runs/20260612_202808_stage4_sample_s109,sample_limited,109
penalized_rank_lambda_0.03,predicted_rank_detectable,48,0.2907114276367113,0.4411876012090104,0.8821831916134398,runs/20260612_202808_stage4_sample_s109,sample_limited,109
penalized_rank_lambda_0.03,predicted_rank_whitened_detectable,48,0.2907114276367113,0.4411876012090104,0.8821831916134398,runs/20260612_202808_stage4_sample_s109,sample_limited,109
penalized_rank_lambda_0.03,gradient_detectable_rank,48,0.2635393681519821,0.3919090534766681,0.8989221162344734,runs/20260612_202808_stage4_sample_s109,sample_limited,109
penalized_rank_lambda_0.03,whitened_gradient_detectable_rank,48,0.2635393681519821,0.3919090534766681,0.8989221162344734,runs/20260612_202808_stage4_sample_s109,sample_limited,109
penalized_rank_lambda_0.03,raw_gradient_stable_rank,48,0.2454403103601438,0.408776639774274,0.9099009063991272,runs/20260612_202808_stage4_sample_s109,sample_limited,109
penalized_rank_lambda_0.03,gradient_stable_rank,48,0.2296601629399146,0.3607430812012489,0.9193660793641296,runs/20260612_202808_stage4_sample_s109,sample_limited,109
penalized_rank_lambda_0.03,whitened_gradient_stable_rank,48,0.2296601629399146,0.3607430812012489,0.9193660793641296,runs/20260612_202808_stage4_sample_s109,sample_limited,109
penalized_rank_lambda_0.03,predicted_rank_raw_detectable,48,0.2211487606219808,0.3318710126846696,0.9244311156873086,runs/20260612_202808_stage4_sample_s109,sample_limited,109
penalized_rank_lambda_0.03,true_k_strong,48,0.2023440806825409,0.3367217410639289,0.9355243451467268,runs/20260612_202808_stage4_sample_s109,sample_limited,109
penalized_rank_lambda_0.03,raw_gradient_detectable_rank,48,0.2023372280179749,0.2319309133577171,0.9355283636844236,runs/20260612_202808_stage4_sample_s109,sample_limited,109
penalized_rank_lambda_0.03,predicted_rank_whitened_stable,48,0.1460564751703991,0.3112627098916407,0.9679699437305954,runs/20260612_202808_stage4_sample_s109,sample_limited,109
penalized_rank_lambda_0.03,predicted_rank_raw_stable,48,0.093003146542406,0.3131431767671006,0.9975856369752446,runs/20260612_202808_stage4_sample_s109,sample_limited,109
penalized_rank_lambda_0.05,predicted_rank_whitened_effective,48,0.5380753138075314,0.6160614571153002,0.8028507870905643,runs/20260612_202808_stage4_sample_s109,sample_limited,109
penalized_rank_lambda_0.05,gradient_effective_rank,48,0.4675964145035423,0.5304812078564803,0.8619255150400439,runs/20260612_202808_stage4_sample_s109,sample_limited,109
penalized_rank_lambda_0.05,whitened_gradient_effective_rank,48,0.4675964145035423,0.5304812078564803,0.8619255150400439,runs/20260612_202808_stage4_sample_s109,sample_limited,109
penalized_rank_lambda_0.05,raw_gradient_effective_rank,48,0.4010194742567616,0.4761672967700902,0.914230282622172,runs/20260612_202808_stage4_sample_s109,sample_limited,109
penalized_rank_lambda_0.05,predicted_rank_raw_effective,48,0.3109915074137102,0.4607664918161774,0.9805314742917683,runs/20260612_202808_stage4_sample_s109,sample_limited,109
penalized_rank_lambda_0.05,predicted_rank_raw_detectable,48,0.2573460926974442,0.36564523005261,1.0179875964460992,runs/20260612_202808_stage4_sample_s109,sample_limited,109
penalized_rank_lambda_0.05,raw_gradient_detectable_rank,48,0.2503200061087841,0.289626953458836,1.0227917397323347,runs/20260612_202808_stage4_sample_s109,sample_limited,109
penalized_rank_lambda_0.05,raw_gradient_stable_rank,48,0.211632548626357,0.3567227211182406,1.0488505108781634,runs/20260612_202808_stage4_sample_s109,sample_limited,109
penalized_rank_lambda_0.05,gradient_detectable_rank,48,0.2116107438844587,0.3817670851217388,1.0488650153814298,runs/20260612_202808_stage4_sample_s109,sample_limited,109
penalized_rank_lambda_0.05,whitened_gradient_detectable_rank,48,0.2116107438844587,0.3817670851217388,1.0488650153814298,runs/20260612_202808_stage4_sample_s109,sample_limited,109
penalized_rank_lambda_0.05,predicted_rank_detectable,48,0.2058745505195884,0.3726973310642631,1.0526737864737392,runs/20260612_202808_stage4_sample_s109,sample_limited,109
penalized_rank_lambda_0.05,predicted_rank_whitened_detectable,48,0.2058745505195884,0.3726973310642631,1.0526737864737392,runs/20260612_202808_stage4_sample_s109,sample_limited,109
penalized_rank_lambda_0.05,gradient_stable_rank,48,0.177794079234115,0.3197846587056743,1.071123508686268,runs/20260612_202808_stage4_sample_s109,sample_limited,109
penalized_rank_lambda_0.05,whitened_gradient_stable_rank,48,0.177794079234115,0.3197846587056743,1.071123508686268,runs/20260612_202808_stage4_sample_s109,sample_limited,109
penalized_rank_lambda_0.05,true_k_strong,48,0.1365768413786193,0.3159308169278597,1.0976429637823306,runs/20260612_202808_stage4_sample_s109,sample_limited,109
penalized_rank_lambda_0.05,predicted_rank_whitened_stable,48,0.1327192247876537,0.2838801667253241,1.1000922649728029,runs/20260612_202808_stage4_sample_s109,sample_limited,109
penalized_rank_lambda_0.05,predicted_rank_raw_stable,48,0.0549045183718395,0.2183245904171539,1.148383898680066,runs/20260612_202808_stage4_sample_s109,sample_limited,109
penalized_rank_lambda_0.08,predicted_rank_whitened_effective,48,0.6087168053610638,0.7291169762489418,0.7098443560125706,runs/20260612_202808_stage4_sample_s109,sample_limited,109
penalized_rank_lambda_0.08,gradient_effective_rank,48,0.5233578385461105,0.6576866253141517,0.7834544711945687,runs/20260612_202808_stage4_sample_s109,sample_limited,109
penalized_rank_lambda_0.08,whitened_gradient_effective_rank,48,0.5233578385461105,0.6576866253141517,0.7834544711945687,runs/20260612_202808_stage4_sample_s109,sample_limited,109
penalized_rank_lambda_0.08,raw_gradient_effective_rank,48,0.4620408749802779,0.5991061040404729,0.8323235350421331,runs/20260612_202808_stage4_sample_s109,sample_limited,109
penalized_rank_lambda_0.08,predicted_rank_raw_effective,48,0.3525852439663524,0.557944225307869,0.9130800052492872,runs/20260612_202808_stage4_sample_s109,sample_limited,109
penalized_rank_lambda_0.08,gradient_stable_rank,48,0.3473988946192745,0.5749947010814516,0.9167299882638346,runs/20260612_202808_stage4_sample_s109,sample_limited,109
penalized_rank_lambda_0.08,whitened_gradient_stable_rank,48,0.3473988946192745,0.5749947010814516,0.9167299882638346,runs/20260612_202808_stage4_sample_s109,sample_limited,109
penalized_rank_lambda_0.08,predicted_rank_whitened_stable,48,0.3286147623862487,0.5586575144429513,0.9298297335175584,runs/20260612_202808_stage4_sample_s109,sample_limited,109
penalized_rank_lambda_0.08,raw_gradient_detectable_rank,48,0.3162264389516874,0.4906678182132484,0.9383690776454782,runs/20260612_202808_stage4_sample_s109,sample_limited,109
penalized_rank_lambda_0.08,raw_gradient_stable_rank,48,0.3090346092158175,0.5468081314251307,0.9432909834926256,runs/20260612_202808_stage4_sample_s109,sample_limited,109
penalized_rank_lambda_0.08,gradient_detectable_rank,48,0.2554800855450748,0.4640933043482599,0.9791645802698876,runs/20260612_202808_stage4_sample_s109,sample_limited,109
penalized_rank_lambda_0.08,whitened_gradient_detectable_rank,48,0.2554800855450748,0.4640933043482599,0.9791645802698876,runs/20260612_202808_stage4_sample_s109,sample_limited,109
penalized_rank_lambda_0.08,predicted_rank_raw_detectable,48,0.2413258940264919,0.4121659821400191,0.9884282891655092,runs/20260612_202808_stage4_sample_s109,sample_limited,109
penalized_rank_lambda_0.08,true_k_strong,48,0.1914833567898837,0.3763493125625374,1.0203801886268635,runs/20260612_202808_stage4_sample_s109,sample_limited,109
penalized_rank_lambda_0.08,predicted_rank_detectable,48,0.1889311250796534,0.3584110466228047,1.0219894286697833,runs/20260612_202808_stage4_sample_s109,sample_limited,109
penalized_rank_lambda_0.08,predicted_rank_whitened_detectable,48,0.1889311250796534,0.3584110466228047,1.0219894286697833,runs/20260612_202808_stage4_sample_s109,sample_limited,109
penalized_rank_lambda_0.08,predicted_rank_raw_stable,48,0.1643946792324678,0.421345423524764,1.0373328569174316,runs/20260612_202808_stage4_sample_s109,sample_limited,109
penalized_rank_lambda_0.1,predicted_rank_whitened_effective,48,0.5609313820963484,0.6839495141854924,0.6891265467891509,runs/20260612_202808_stage4_sample_s109,sample_limited,109
penalized_rank_lambda_0.1,gradient_effective_rank,48,0.533461751446352,0.6496670785862328,0.7103565820741343,runs/20260612_202808_stage4_sample_s109,sample_limited,109
penalized_rank_lambda_0.1,whitened_gradient_effective_rank,48,0.533461751446352,0.6496670785862328,0.7103565820741343,runs/20260612_202808_stage4_sample_s109,sample_limited,109
penalized_rank_lambda_0.1,raw_gradient_effective_rank,48,0.4380112767581753,0.5838077508204451,0.7796444330453278,runs/20260612_202808_stage4_sample_s109,sample_limited,109
penalized_rank_lambda_0.1,predicted_rank_whitened_stable,48,0.4033831337202124,0.6395541874396337,0.8033051383497714,runs/20260612_202808_stage4_sample_s109,sample_limited,109
penalized_rank_lambda_0.1,gradient_stable_rank,48,0.3638362432565999,0.5759687170203469,0.8295016287941301,runs/20260612_202808_stage4_sample_s109,sample_limited,109
penalized_rank_lambda_0.1,whitened_gradient_stable_rank,48,0.3638362432565999,0.5759687170203469,0.8295016287941301,runs/20260612_202808_stage4_sample_s109,sample_limited,109
penalized_rank_lambda_0.1,predicted_rank_raw_effective,48,0.3463144890875933,0.5578950203766994,0.8408474491902637,runs/20260612_202808_stage4_sample_s109,sample_limited,109
penalized_rank_lambda_0.1,raw_gradient_detectable_rank,48,0.3133650329770243,0.494886170577022,0.8617786682279259,runs/20260612_202808_stage4_sample_s109,sample_limited,109
penalized_rank_lambda_0.1,raw_gradient_stable_rank,48,0.2997623454300584,0.5455853086418646,0.8702730043372899,runs/20260612_202808_stage4_sample_s109,sample_limited,109
penalized_rank_lambda_0.1,predicted_rank_raw_detectable,48,0.2816857956603189,0.4811289271171289,0.88143442643033,runs/20260612_202808_stage4_sample_s109,sample_limited,109
penalized_rank_lambda_0.1,gradient_detectable_rank,48,0.2482511940452491,0.4347569557950392,0.9017147111639752,runs/20260612_202808_stage4_sample_s109,sample_limited,109
penalized_rank_lambda_0.1,whitened_gradient_detectable_rank,48,0.2482511940452491,0.4347569557950392,0.9017147111639752,runs/20260612_202808_stage4_sample_s109,sample_limited,109
penalized_rank_lambda_0.1,true_k_strong,48,0.2215104455582379,0.3733015077898713,0.9176121945643624,runs/20260612_202808_stage4_sample_s109,sample_limited,109
penalized_rank_lambda_0.1,predicted_rank_detectable,48,0.2140639310206178,0.3812010919651643,0.9219903844684892,runs/20260612_202808_stage4_sample_s109,sample_limited,109
penalized_rank_lambda_0.1,predicted_rank_whitened_detectable,48,0.2140639310206178,0.3812010919651643,0.9219903844684892,runs/20260612_202808_stage4_sample_s109,sample_limited,109
penalized_rank_lambda_0.1,predicted_rank_raw_stable,48,0.156947012222794,0.3928100508846486,0.9549051103465576,runs/20260612_202808_stage4_sample_s109,sample_limited,109
penalized_rank_lambda_0.15,gradient_effective_rank,48,0.5853363495529803,0.7125145635237929,0.6603640965647208,runs/20260612_202808_stage4_sample_s109,sample_limited,109
penalized_rank_lambda_0.15,whitened_gradient_effective_rank,48,0.5853363495529803,0.7125145635237929,0.6603640965647208,runs/20260612_202808_stage4_sample_s109,sample_limited,109
penalized_rank_lambda_0.15,predicted_rank_whitened_effective,48,0.5709319854877508,0.6851619967639309,0.6717358703373729,runs/20260612_202808_stage4_sample_s109,sample_limited,109
penalized_rank_lambda_0.15,raw_gradient_effective_rank,48,0.4351726158729567,0.620645348625982,0.7707141663911246,runs/20260612_202808_stage4_sample_s109,sample_limited,109
penalized_rank_lambda_0.15,gradient_stable_rank,48,0.3975426316128501,0.6425706304909662,0.795973537934003,runs/20260612_202808_stage4_sample_s109,sample_limited,109
penalized_rank_lambda_0.15,whitened_gradient_stable_rank,48,0.3975426316128501,0.6425706304909662,0.795973537934003,runs/20260612_202808_stage4_sample_s109,sample_limited,109
penalized_rank_lambda_0.15,predicted_rank_raw_effective,48,0.3614596590700378,0.5766079325169801,0.8194635477604861,runs/20260612_202808_stage4_sample_s109,sample_limited,109
penalized_rank_lambda_0.15,gradient_detectable_rank,48,0.3441696464003119,0.5728544343873299,0.830483916716854,runs/20260612_202808_stage4_sample_s109,sample_limited,109
penalized_rank_lambda_0.15,whitened_gradient_detectable_rank,48,0.3441696464003119,0.5728544343873299,0.830483916716854,runs/20260612_202808_stage4_sample_s109,sample_limited,109
penalized_rank_lambda_0.15,raw_gradient_detectable_rank,48,0.3242122075288451,0.579795409341326,0.8430253629964,runs/20260612_202808_stage4_sample_s109,sample_limited,109
penalized_rank_lambda_0.15,true_k_strong,48,0.3187973153839548,0.5259195014271248,0.8463960835324347,runs/20260612_202808_stage4_sample_s109,sample_limited,109
penalized_rank_lambda_0.15,predicted_rank_detectable,48,0.3003235231614852,0.5099273533009023,0.8577961768280282,runs/20260612_202808_stage4_sample_s109,sample_limited,109
penalized_rank_lambda_0.15,predicted_rank_whitened_detectable,48,0.3003235231614852,0.5099273533009023,0.8577961768280282,runs/20260612_202808_stage4_sample_s109,sample_limited,109
penalized_rank_lambda_0.15,predicted_rank_whitened_stable,48,0.2881043842661673,0.5639149442986113,0.8652540262342209,runs/20260612_202808_stage4_sample_s109,sample_limited,109
penalized_rank_lambda_0.15,raw_gradient_stable_rank,48,0.2816512527239918,0.5135883082696144,0.8691668201326587,runs/20260612_202808_stage4_sample_s109,sample_limited,109
penalized_rank_lambda_0.15,predicted_rank_raw_detectable,48,0.2528702993710461,0.4738592481886182,0.8864075985833885,runs/20260612_202808_stage4_sample_s109,sample_limited,109
penalized_rank_lambda_0.15,predicted_rank_raw_stable,48,0.1388034185356809,0.3555860350091068,0.9516705243117336,runs/20260612_202808_stage4_sample_s109,sample_limited,109
penalized_rank_lambda_0.2,gradient_effective_rank,48,0.4821954496076281,0.612172780744433,0.6756109124105942,runs/20260612_202808_stage4_sample_s109,sample_limited,109
penalized_rank_lambda_0.2,whitened_gradient_effective_rank,48,0.4821954496076281,0.612172780744433,0.6756109124105942,runs/20260612_202808_stage4_sample_s109,sample_limited,109
penalized_rank_lambda_0.2,predicted_rank_whitened_effective,48,0.4687366736092656,0.578427088035582,0.6843348275562303,runs/20260612_202808_stage4_sample_s109,sample_limited,109
penalized_rank_lambda_0.2,raw_gradient_effective_rank,48,0.3631134425876182,0.5124987239322126,0.7492810784972402,runs/20260612_202808_stage4_sample_s109,sample_limited,109
penalized_rank_lambda_0.2,gradient_stable_rank,48,0.3365143308498015,0.5606069558983979,0.7647676305028565,runs/20260612_202808_stage4_sample_s109,sample_limited,109
penalized_rank_lambda_0.2,whitened_gradient_stable_rank,48,0.3365143308498015,0.5606069558983979,0.7647676305028565,runs/20260612_202808_stage4_sample_s109,sample_limited,109
penalized_rank_lambda_0.2,predicted_rank_whitened_stable,48,0.319168276332235,0.5760380505875274,0.7747001074030236,runs/20260612_202808_stage4_sample_s109,sample_limited,109
penalized_rank_lambda_0.2,raw_gradient_detectable_rank,48,0.3153036215796146,0.5187394840148514,0.7768957393572908,runs/20260612_202808_stage4_sample_s109,sample_limited,109
penalized_rank_lambda_0.2,gradient_detectable_rank,48,0.2817885008484195,0.4516814060787229,0.7956826741056393,runs/20260612_202808_stage4_sample_s109,sample_limited,109
penalized_rank_lambda_0.2,whitened_gradient_detectable_rank,48,0.2817885008484195,0.4516814060787229,0.7956826741056393,runs/20260612_202808_stage4_sample_s109,sample_limited,109
penalized_rank_lambda_0.2,predicted_rank_raw_detectable,48,0.2740379274449377,0.4529899114494414,0.7999644548742212,runs/20260612_202808_stage4_sample_s109,sample_limited,109
penalized_rank_lambda_0.2,predicted_rank_raw_effective,48,0.2557866163471429,0.4564852757330517,0.8099579309524291,runs/20260612_202808_stage4_sample_s109,sample_limited,109
penalized_rank_lambda_0.2,true_k_strong,48,0.2436473771215002,0.4003061202837351,0.8165370265582281,runs/20260612_202808_stage4_sample_s109,sample_limited,109
penalized_rank_lambda_0.2,predicted_rank_detectable,48,0.239846005209511,0.3894426801722983,0.8185863819283797,runs/20260612_202808_stage4_sample_s109,sample_limited,109
penalized_rank_lambda_0.2,predicted_rank_whitened_detectable,48,0.239846005209511,0.3894426801722983,0.8185863819283797,runs/20260612_202808_stage4_sample_s109,sample_limited,109
penalized_rank_lambda_0.2,raw_gradient_stable_rank,48,0.2319473354222008,0.4170572377142909,0.8228283079561126,runs/20260612_202808_stage4_sample_s109,sample_limited,109
penalized_rank_lambda_0.2,predicted_rank_raw_stable,48,0.0857757883731945,0.2814658707084622,0.8977183108959627,runs/20260612_202808_stage4_sample_s109,sample_limited,109
penalized_rank_lambda_0.3,gradient_effective_rank,48,0.539957972492622,0.6655787828430414,0.5706692840856625,runs/20260612_202808_stage4_sample_s109,sample_limited,109
penalized_rank_lambda_0.3,whitened_gradient_effective_rank,48,0.539957972492622,0.6655787828430414,0.5706692840856625,runs/20260612_202808_stage4_sample_s109,sample_limited,109
penalized_rank_lambda_0.3,predicted_rank_whitened_effective,48,0.5217965721673947,0.6239581890081751,0.5818246080022634,runs/20260612_202808_stage4_sample_s109,sample_limited,109
penalized_rank_lambda_0.3,raw_gradient_effective_rank,48,0.4052036908394225,0.5706025850859711,0.6488881985379148,runs/20260612_202808_stage4_sample_s109,sample_limited,109
penalized_rank_lambda_0.3,gradient_stable_rank,48,0.3278215909098757,0.5653226787358395,0.6898076753736052,runs/20260612_202808_stage4_sample_s109,sample_limited,109
penalized_rank_lambda_0.3,whitened_gradient_stable_rank,48,0.3278215909098757,0.5653226787358395,0.6898076753736052,runs/20260612_202808_stage4_sample_s109,sample_limited,109
penalized_rank_lambda_0.3,predicted_rank_raw_effective,48,0.3225753641006545,0.5358155806751932,0.6924943532761634,runs/20260612_202808_stage4_sample_s109,sample_limited,109
penalized_rank_lambda_0.3,predicted_rank_whitened_stable,48,0.3125501108333726,0.5723336599609755,0.6975996696854859,runs/20260612_202808_stage4_sample_s109,sample_limited,109
penalized_rank_lambda_0.3,predicted_rank_detectable,48,0.3108571136028707,0.4870574448275147,0.6984581381221633,runs/20260612_202808_stage4_sample_s109,sample_limited,109
penalized_rank_lambda_0.3,predicted_rank_whitened_detectable,48,0.3108571136028707,0.4870574448275147,0.6984581381221633,runs/20260612_202808_stage4_sample_s109,sample_limited,109
penalized_rank_lambda_0.3,raw_gradient_detectable_rank,48,0.2904694252125087,0.4443943849020507,0.7087144708290491,runs/20260612_202808_stage4_sample_s109,sample_limited,109
penalized_rank_lambda_0.3,gradient_detectable_rank,48,0.2897120758830289,0.4657977426474161,0.7090926090623854,runs/20260612_202808_stage4_sample_s109,sample_limited,109
penalized_rank_lambda_0.3,whitened_gradient_detectable_rank,48,0.2897120758830289,0.4657977426474161,0.7090926090623854,runs/20260612_202808_stage4_sample_s109,sample_limited,109
penalized_rank_lambda_0.3,predicted_rank_raw_detectable,48,0.2746251680104656,0.4350799202266596,0.7165837981931137,runs/20260612_202808_stage4_sample_s109,sample_limited,109
penalized_rank_lambda_0.3,true_k_strong,48,0.266174024129322,0.4460751932307323,0.7207460708997869,runs/20260612_202808_stage4_sample_s109,sample_limited,109
penalized_rank_lambda_0.3,raw_gradient_stable_rank,48,0.2020379411431743,0.4187276318380721,0.7515828545971683,runs/20260612_202808_stage4_sample_s109,sample_limited,109
penalized_rank_lambda_0.3,predicted_rank_raw_stable,48,0.0918645736018344,0.2986810418560858,0.8017907692769104,runs/20260612_202808_stage4_sample_s109,sample_limited,109
penalized_rank_lambda_0.5,gradient_stable_rank,48,0.4895863248578394,0.6353927464098473,0.7193766426313684,runs/20260612_202808_stage4_sample_s109,sample_limited,109
penalized_rank_lambda_0.5,whitened_gradient_stable_rank,48,0.4895863248578394,0.6353927464098473,0.7193766426313684,runs/20260612_202808_stage4_sample_s109,sample_limited,109
penalized_rank_lambda_0.5,predicted_rank_whitened_stable,48,0.4567966280295047,0.6581699653427218,0.7421238867250287,runs/20260612_202808_stage4_sample_s109,sample_limited,109
penalized_rank_lambda_0.5,gradient_effective_rank,48,0.4395568394271755,0.6078098054804276,0.7538083930008727,runs/20260612_202808_stage4_sample_s109,sample_limited,109
penalized_rank_lambda_0.5,whitened_gradient_effective_rank,48,0.4395568394271755,0.6078098054804276,0.7538083930008727,runs/20260612_202808_stage4_sample_s109,sample_limited,109
penalized_rank_lambda_0.5,true_k_strong,48,0.3780509279700317,0.4636148292931976,0.7940952421378308,runs/20260612_202808_stage4_sample_s109,sample_limited,109
penalized_rank_lambda_0.5,predicted_rank_detectable,48,0.3752280835534737,0.529254900809228,0.7958952846794296,runs/20260612_202808_stage4_sample_s109,sample_limited,109
penalized_rank_lambda_0.5,predicted_rank_whitened_detectable,48,0.3752280835534737,0.529254900809228,0.7958952846794296,runs/20260612_202808_stage4_sample_s109,sample_limited,109
penalized_rank_lambda_0.5,raw_gradient_effective_rank,48,0.3674435897292425,0.5139930379074643,0.8008382583074828,runs/20260612_202808_stage4_sample_s109,sample_limited,109
penalized_rank_lambda_0.5,gradient_detectable_rank,48,0.3593249188691021,0.5015434300196867,0.8059611319081118,runs/20260612_202808_stage4_sample_s109,sample_limited,109
penalized_rank_lambda_0.5,whitened_gradient_detectable_rank,48,0.3593249188691021,0.5015434300196867,0.8059611319081118,runs/20260612_202808_stage4_sample_s109,sample_limited,109
penalized_rank_lambda_0.5,predicted_rank_whitened_effective,48,0.3220037828853098,0.5061373710840898,0.8291036311832696,runs/20260612_202808_stage4_sample_s109,sample_limited,109
penalized_rank_lambda_0.5,raw_gradient_stable_rank,48,0.3068521443174372,0.4970144629235988,0.8383167117705035,runs/20260612_202808_stage4_sample_s109,sample_limited,109
penalized_rank_lambda_0.5,predicted_rank_raw_effective,48,0.3035214803127016,0.4965307583073238,0.840328407505502,runs/20260612_202808_stage4_sample_s109,sample_limited,109
penalized_rank_lambda_0.5,predicted_rank_raw_detectable,48,0.2839699316976379,0.469432394490648,0.8520416247825672,runs/20260612_202808_stage4_sample_s109,sample_limited,109
penalized_rank_lambda_0.5,raw_gradient_detectable_rank,48,0.2809694087618219,0.4264016531799079,0.8538249980104806,runs/20260612_202808_stage4_sample_s109,sample_limited,109
penalized_rank_lambda_0.5,predicted_rank_raw_stable,48,0.1248212939616854,0.3407390672972992,0.941984058168928,runs/20260612_202808_stage4_sample_s109,sample_limited,109
recovery_rank_0.5,gradient_stable_rank,47,0.6214130541933567,0.8666106585573107,0.6792388018823453,runs/20260612_202808_stage4_sample_s109,sample_limited,109
recovery_rank_0.5,whitened_gradient_stable_rank,47,0.6214130541933567,0.8666106585573107,0.6792388018823453,runs/20260612_202808_stage4_sample_s109,sample_limited,109
recovery_rank_0.5,gradient_effective_rank,47,0.5660193663284174,0.7976463316009237,0.7272351212732747,runs/20260612_202808_stage4_sample_s109,sample_limited,109
recovery_rank_0.5,whitened_gradient_effective_rank,47,0.5660193663284174,0.7976463316009237,0.7272351212732747,runs/20260612_202808_stage4_sample_s109,sample_limited,109
recovery_rank_0.5,predicted_rank_whitened_stable,47,0.5026155714788457,0.8007355847066222,0.7785486612390604,runs/20260612_202808_stage4_sample_s109,sample_limited,109
recovery_rank_0.5,raw_gradient_effective_rank,47,0.4828362631590933,0.7516495885326908,0.7938778818256772,runs/20260612_202808_stage4_sample_s109,sample_limited,109
recovery_rank_0.5,predicted_rank_raw_effective,47,0.469879287437864,0.7476458829969226,0.8037612346496993,runs/20260612_202808_stage4_sample_s109,sample_limited,109
recovery_rank_0.5,predicted_rank_whitened_effective,47,0.4613276390351615,0.6726057711085565,0.8102182403370128,runs/20260612_202808_stage4_sample_s109,sample_limited,109
recovery_rank_0.5,raw_gradient_stable_rank,47,0.4310406132936557,0.6666141103837887,0.8326841600347539,runs/20260612_202808_stage4_sample_s109,sample_limited,109
recovery_rank_0.5,gradient_detectable_rank,47,0.3888107651477567,0.71737220439293,0.8630332299035293,runs/20260612_202808_stage4_sample_s109,sample_limited,109
recovery_rank_0.5,whitened_gradient_detectable_rank,47,0.3888107651477567,0.71737220439293,0.8630332299035293,runs/20260612_202808_stage4_sample_s109,sample_limited,109
recovery_rank_0.5,raw_gradient_detectable_rank,47,0.3805944141947639,0.6585716417233362,0.868814836431494,runs/20260612_202808_stage4_sample_s109,sample_limited,109
recovery_rank_0.5,true_k_strong,47,0.3749944307084489,0.6780174724917468,0.8727334331452505,runs/20260612_202808_stage4_sample_s109,sample_limited,109
recovery_rank_0.5,predicted_rank_detectable,47,0.3411169398330077,0.6709485672098252,0.896073926948838,runs/20260612_202808_stage4_sample_s109,sample_limited,109
recovery_rank_0.5,predicted_rank_whitened_detectable,47,0.3411169398330077,0.6709485672098252,0.896073926948838,runs/20260612_202808_stage4_sample_s109,sample_limited,109
recovery_rank_0.5,predicted_rank_raw_detectable,47,0.3282216765266349,0.6533547283504808,0.9048001479534956,runs/20260612_202808_stage4_sample_s109,sample_limited,109
recovery_rank_0.5,predicted_rank_raw_stable,47,0.2219386417271218,0.4589148251811146,0.973748032880901,runs/20260612_202808_stage4_sample_s109,sample_limited,109
recovery_rank_0.6,gradient_effective_rank,45,0.4738562965860426,0.6933838339518764,0.7428770318631145,runs/20260612_202808_stage4_sample_s109,sample_limited,109
recovery_rank_0.6,whitened_gradient_effective_rank,45,0.4738562965860426,0.6933838339518764,0.7428770318631145,runs/20260612_202808_stage4_sample_s109,sample_limited,109
recovery_rank_0.6,predicted_rank_raw_effective,45,0.4029891157199329,0.6541515247195913,0.7913267865219101,runs/20260612_202808_stage4_sample_s109,sample_limited,109
recovery_rank_0.6,raw_gradient_effective_rank,45,0.347517750752935,0.612426046529247,0.8272734623040178,runs/20260612_202808_stage4_sample_s109,sample_limited,109
recovery_rank_0.6,predicted_rank_whitened_effective,45,0.3391848264729622,0.5749825342936247,0.8325393042503717,runs/20260612_202808_stage4_sample_s109,sample_limited,109
recovery_rank_0.6,gradient_stable_rank,45,0.2502676958911359,0.6010848234453721,0.8867840117079542,runs/20260612_202808_stage4_sample_s109,sample_limited,109
recovery_rank_0.6,whitened_gradient_stable_rank,45,0.2502676958911359,0.6010848234453721,0.8867840117079542,runs/20260612_202808_stage4_sample_s109,sample_limited,109
recovery_rank_0.6,true_k_strong,45,0.227858135101052,0.4889107982819766,0.8999394550404223,runs/20260612_202808_stage4_sample_s109,sample_limited,109
recovery_rank_0.6,raw_gradient_stable_rank,45,0.1996019258404137,0.5025802380439174,0.916257958587021,runs/20260612_202808_stage4_sample_s109,sample_limited,109
recovery_rank_0.6,raw_gradient_detectable_rank,45,0.1623307333047686,0.4881966442842353,0.9373483804863224,runs/20260612_202808_stage4_sample_s109,sample_limited,109
recovery_rank_0.6,predicted_rank_whitened_stable,45,0.1503651102029877,0.471759522555977,0.944019383021568,runs/20260612_202808_stage4_sample_s109,sample_limited,109
recovery_rank_0.6,gradient_detectable_rank,45,0.1455266755911857,0.4611028083181158,0.946703531114338,runs/20260612_202808_stage4_sample_s109,sample_limited,109
recovery_rank_0.6,whitened_gradient_detectable_rank,45,0.1455266755911857,0.4611028083181158,0.946703531114338,runs/20260612_202808_stage4_sample_s109,sample_limited,109
recovery_rank_0.6,predicted_rank_detectable,45,0.135593220338983,0.4049342450375434,0.9521904571390468,runs/20260612_202808_stage4_sample_s109,sample_limited,109
recovery_rank_0.6,predicted_rank_whitened_detectable,45,0.135593220338983,0.4049342450375434,0.9521904571390468,runs/20260612_202808_stage4_sample_s109,sample_limited,109
recovery_rank_0.6,predicted_rank_raw_detectable,45,0.1278753026634382,0.4205385169972454,0.9564318610135826,runs/20260612_202808_stage4_sample_s109,sample_limited,109
recovery_rank_0.6,predicted_rank_raw_stable,45,0.0762711864406779,0.3340662316703318,0.9843215373488934,runs/20260612_202808_stage4_sample_s109,sample_limited,109
recovery_rank_0.7,gradient_effective_rank,43,0.5678907681280637,0.7401965858417663,0.7219061612972928,runs/20260612_202808_stage4_sample_s109,sample_limited,109
recovery_rank_0.7,whitened_gradient_effective_rank,43,0.5678907681280637,0.7401965858417663,0.7219061612972928,runs/20260612_202808_stage4_sample_s109,sample_limited,109
recovery_rank_0.7,raw_gradient_effective_rank,43,0.5517982712349638,0.6858464868813569,0.7352258017285089,runs/20260612_202808_stage4_sample_s109,sample_limited,109
recovery_rank_0.7,predicted_rank_whitened_effective,43,0.5177884349222166,0.6907571394044322,0.7626105112350011,runs/20260612_202808_stage4_sample_s109,sample_limited,109
recovery_rank_0.7,raw_gradient_stable_rank,43,0.3723727094629403,0.5503756300975984,0.8700313173583069,runs/20260612_202808_stage4_sample_s109,sample_limited,109
recovery_rank_0.7,predicted_rank_raw_effective,43,0.358080146453704,0.5897082885621053,0.8798818918136135,runs/20260612_202808_stage4_sample_s109,sample_limited,109
recovery_rank_0.7,predicted_rank_raw_detectable,43,0.2901807242490477,0.5390237102972615,0.9252473935536292,runs/20260612_202808_stage4_sample_s109,sample_limited,109
recovery_rank_0.7,raw_gradient_detectable_rank,43,0.2811795225020443,0.4948638086658476,0.9310954325997602,runs/20260612_202808_stage4_sample_s109,sample_limited,109
recovery_rank_0.7,gradient_stable_rank,43,0.2557971380957178,0.5481110426409147,0.9473918488834204,runs/20260612_202808_stage4_sample_s109,sample_limited,109
recovery_rank_0.7,whitened_gradient_stable_rank,43,0.2557971380957178,0.5481110426409147,0.9473918488834204,runs/20260612_202808_stage4_sample_s109,sample_limited,109
recovery_rank_0.7,gradient_detectable_rank,43,0.2237027376640619,0.5337663497668442,0.9676047758089434,runs/20260612_202808_stage4_sample_s109,sample_limited,109
recovery_rank_0.7,whitened_gradient_detectable_rank,43,0.2237027376640619,0.5337663497668442,0.9676047758089434,runs/20260612_202808_stage4_sample_s109,sample_limited,109
recovery_rank_0.7,predicted_rank_whitened_stable,43,0.2152504050947731,0.5029869323417295,0.9728581601675412,runs/20260612_202808_stage4_sample_s109,sample_limited,109
recovery_rank_0.7,predicted_rank_raw_stable,43,0.1929841613466167,0.4176682635248338,0.9865634121790802,runs/20260612_202808_stage4_sample_s109,sample_limited,109
recovery_rank_0.7,predicted_rank_detectable,43,0.1899807422487549,0.4818188567736594,0.9883975221859466,runs/20260612_202808_stage4_sample_s109,sample_limited,109
recovery_rank_0.7,predicted_rank_whitened_detectable,43,0.1899807422487549,0.4818188567736594,0.9883975221859466,runs/20260612_202808_stage4_sample_s109,sample_limited,109
recovery_rank_0.7,true_k_strong,43,0.17148573444519,0.4586759095278021,0.9996177777338232,runs/20260612_202808_stage4_sample_s109,sample_limited,109
recovery_rank_0.8,gradient_effective_rank,35,0.4630412835447455,0.6775484348301016,1.002764869808025,runs/20260612_202808_stage4_sample_s109,sample_limited,109
recovery_rank_0.8,whitened_gradient_effective_rank,35,0.4630412835447455,0.6775484348301016,1.002764869808025,runs/20260612_202808_stage4_sample_s109,sample_limited,109
recovery_rank_0.8,predicted_rank_whitened_effective,35,0.4256756756756756,0.6348749254803794,1.0370680807360877,runs/20260612_202808_stage4_sample_s109,sample_limited,109
recovery_rank_0.8,predicted_rank_detectable,35,0.2911307607601361,0.5619695708761192,1.1521571728155868,runs/20260612_202808_stage4_sample_s109,sample_limited,109
recovery_rank_0.8,predicted_rank_whitened_detectable,35,0.2911307607601361,0.5619695708761192,1.1521571728155868,runs/20260612_202808_stage4_sample_s109,sample_limited,109
recovery_rank_0.8,gradient_detectable_rank,35,0.2691631675630171,0.5489788044004884,1.169873425426326,runs/20260612_202808_stage4_sample_s109,sample_limited,109
recovery_rank_0.8,whitened_gradient_detectable_rank,35,0.2691631675630171,0.5489788044004884,1.169873425426326,runs/20260612_202808_stage4_sample_s109,sample_limited,109
recovery_rank_0.8,raw_gradient_effective_rank,35,0.2627017013186609,0.4799842586251157,1.1750335808227856,runs/20260612_202808_stage4_sample_s109,sample_limited,109
recovery_rank_0.8,predicted_rank_raw_effective,35,0.2461359364212244,0.4907168298098694,1.188160698898902,runs/20260612_202808_stage4_sample_s109,sample_limited,109
recovery_rank_0.8,true_k_strong,35,0.2362582351962938,0.49537553835391,1.1959194595977836,runs/20260612_202808_stage4_sample_s109,sample_limited,109
recovery_rank_0.8,gradient_stable_rank,35,0.1732084460570733,0.4698823650280747,1.244304518390002,runs/20260612_202808_stage4_sample_s109,sample_limited,109
recovery_rank_0.8,whitened_gradient_stable_rank,35,0.1732084460570733,0.4698823650280747,1.244304518390002,runs/20260612_202808_stage4_sample_s109,sample_limited,109
recovery_rank_0.8,predicted_rank_raw_detectable,35,0.1646864418807404,0.4261497296046735,1.2507008002293565,runs/20260612_202808_stage4_sample_s109,sample_limited,109
recovery_rank_0.8,predicted_rank_whitened_stable,35,0.1455972101133391,0.4266554613009374,1.2649110640673518,runs/20260612_202808_stage4_sample_s109,sample_limited,109
recovery_rank_0.8,raw_gradient_detectable_rank,35,0.1400860440757996,0.3754458687802334,1.2689840432216295,runs/20260612_202808_stage4_sample_s109,sample_limited,109
recovery_rank_0.8,raw_gradient_stable_rank,35,0.0919900742408116,0.2910788483604504,1.303989097766989,runs/20260612_202808_stage4_sample_s109,sample_limited,109
recovery_rank_0.8,predicted_rank_raw_stable,35,0.0366608544027897,0.2193874541048037,1.3431306712304654,runs/20260612_202808_stage4_sample_s109,sample_limited,109
recovery_rank_0.85,predicted_rank_whitened_effective,29,0.4689272211720227,0.6015433304371588,1.1559441580594298,runs/20260612_202808_stage4_sample_s109,sample_limited,109
recovery_rank_0.85,gradient_effective_rank,29,0.3219320290331927,0.4503094901664788,1.3061602086136723,runs/20260612_202808_stage4_sample_s109,sample_limited,109
recovery_rank_0.85,whitened_gradient_effective_rank,29,0.3219320290331927,0.4503094901664788,1.3061602086136723,runs/20260612_202808_stage4_sample_s109,sample_limited,109
recovery_rank_0.85,predicted_rank_detectable,29,0.2433800623052958,0.3849915755443385,1.3797446678959802,runs/20260612_202808_stage4_sample_s109,sample_limited,109
recovery_rank_0.85,predicted_rank_whitened_detectable,29,0.2433800623052958,0.3849915755443385,1.3797446678959802,runs/20260612_202808_stage4_sample_s109,sample_limited,109
recovery_rank_0.85,gradient_detectable_rank,29,0.2431604761561411,0.3497404082139332,1.3799448680389796,runs/20260612_202808_stage4_sample_s109,sample_limited,109
recovery_rank_0.85,whitened_gradient_detectable_rank,29,0.2431604761561411,0.3497404082139332,1.3799448680389796,runs/20260612_202808_stage4_sample_s109,sample_limited,109
recovery_rank_0.85,true_k_strong,29,0.1938308464985374,0.3006277269687648,1.4242063642275218,runs/20260612_202808_stage4_sample_s109,sample_limited,109
recovery_rank_0.85,raw_gradient_effective_rank,29,0.1604468161845664,0.3159186846379529,1.453395931872707,runs/20260612_202808_stage4_sample_s109,sample_limited,109
recovery_rank_0.85,predicted_rank_whitened_stable,29,0.1567905990373466,0.3623891497186897,1.456557231424482,runs/20260612_202808_stage4_sample_s109,sample_limited,109
recovery_rank_0.85,gradient_stable_rank,29,0.1437549562110885,0.3186767049006651,1.4677729142388782,runs/20260612_202808_stage4_sample_s109,sample_limited,109
recovery_rank_0.85,whitened_gradient_stable_rank,29,0.1437549562110885,0.3186767049006651,1.4677729142388782,runs/20260612_202808_stage4_sample_s109,sample_limited,109
recovery_rank_0.85,raw_gradient_detectable_rank,29,0.1350707827650543,0.2614162478890852,1.4751973300233094,runs/20260612_202808_stage4_sample_s109,sample_limited,109
recovery_rank_0.85,predicted_rank_raw_detectable,29,0.1301434369304361,0.2895273545102799,1.479393329179219,runs/20260612_202808_stage4_sample_s109,sample_limited,109
recovery_rank_0.85,raw_gradient_stable_rank,29,0.1055162603771908,0.2755512971564367,1.5001892837535595,runs/20260612_202808_stage4_sample_s109,sample_limited,109
recovery_rank_0.85,predicted_rank_raw_effective,29,0.0839437618147448,0.2316518572135456,1.5181717367006038,runs/20260612_202808_stage4_sample_s109,sample_limited,109
recovery_rank_0.85,predicted_rank_raw_stable,29,0.0432532181114412,0.1689661253637989,1.551523431646811,runs/20260612_202808_stage4_sample_s109,sample_limited,109
recovery_rank_0.9,gradient_effective_rank,17,0.6035482350775278,0.6669348377241576,1.0798308213387655,runs/20260612_202808_stage4_sample_s109,sample_limited,109
recovery_rank_0.9,whitened_gradient_effective_rank,17,0.6035482350775278,0.6669348377241576,1.0798308213387655,runs/20260612_202808_stage4_sample_s109,sample_limited,109
recovery_rank_0.9,true_k_strong,17,0.5877984390033448,0.7208374099282702,1.1010710841462978,runs/20260612_202808_stage4_sample_s109,sample_limited,109
recovery_rank_0.9,gradient_detectable_rank,17,0.50361656715934,0.6163869086685387,1.208284433840296,runs/20260612_202808_stage4_sample_s109,sample_limited,109
recovery_rank_0.9,whitened_gradient_detectable_rank,17,0.50361656715934,0.6163869086685387,1.208284433840296,runs/20260612_202808_stage4_sample_s109,sample_limited,109
recovery_rank_0.9,predicted_rank_detectable,17,0.479453125,0.6292803946074612,1.237344018690128,runs/20260612_202808_stage4_sample_s109,sample_limited,109
recovery_rank_0.9,predicted_rank_whitened_detectable,17,0.479453125,0.6292803946074612,1.237344018690128,runs/20260612_202808_stage4_sample_s109,sample_limited,109
recovery_rank_0.9,raw_gradient_effective_rank,17,0.4364310385507072,0.4879088510382778,1.2874609776488406,runs/20260612_202808_stage4_sample_s109,sample_limited,109
recovery_rank_0.9,predicted_rank_whitened_effective,17,0.4163768115942029,0.5467206153047013,1.310167466177059,runs/20260612_202808_stage4_sample_s109,sample_limited,109
recovery_rank_0.9,gradient_stable_rank,17,0.3591684931547056,0.4475649667146993,1.3728796558857528,runs/20260612_202808_stage4_sample_s109,sample_limited,109
recovery_rank_0.9,whitened_gradient_stable_rank,17,0.3591684931547056,0.4475649667146993,1.3728796558857528,runs/20260612_202808_stage4_sample_s109,sample_limited,109
recovery_rank_0.9,raw_gradient_stable_rank,17,0.2836662788319123,0.4753013871871596,1.4515040081889177,runs/20260612_202808_stage4_sample_s109,sample_limited,109
recovery_rank_0.9,raw_gradient_detectable_rank,17,0.2240501214075304,0.4263597917898046,1.5106970329195624,runs/20260612_202808_stage4_sample_s109,sample_limited,109
recovery_rank_0.9,predicted_rank_whitened_stable,17,0.2175999999999999,0.4270749303213073,1.51696291008984,runs/20260612_202808_stage4_sample_s109,sample_limited,109
recovery_rank_0.9,predicted_rank_raw_detectable,17,0.2023140495867766,0.4075265065891615,1.5317098773182165,runs/20260612_202808_stage4_sample_s109,sample_limited,109
recovery_rank_0.9,predicted_rank_raw_effective,17,0.1983333333333332,0.3882309123535875,1.5355269900769906,runs/20260612_202808_stage4_sample_s109,sample_limited,109
recovery_rank_0.9,predicted_rank_raw_stable,17,0.0588461538461538,0.2038490245816921,1.6637606641315066,runs/20260612_202808_stage4_sample_s109,sample_limited,109
recovery_rank_0.95,raw_gradient_effective_rank,6,0.9006311757130746,0.9258200997725516,0.7145945333054496,runs/20260612_202808_stage4_sample_s109,sample_limited,109
recovery_rank_0.95,raw_gradient_stable_rank,6,0.8973838982839327,0.9258200997725516,0.7261768000492651,runs/20260612_202808_stage4_sample_s109,sample_limited,109
recovery_rank_0.95,gradient_stable_rank,6,0.8576485518534949,0.9258200997725516,0.8552942623432696,runs/20260612_202808_stage4_sample_s109,sample_limited,109
recovery_rank_0.95,whitened_gradient_stable_rank,6,0.8576485518534949,0.9258200997725516,0.8552942623432696,runs/20260612_202808_stage4_sample_s109,sample_limited,109
recovery_rank_0.95,raw_gradient_detectable_rank,6,0.8441931376048246,0.8898984166292195,0.8948039751673026,runs/20260612_202808_stage4_sample_s109,sample_limited,109
recovery_rank_0.95,predicted_rank_detectable,6,0.788108108108108,0.8666666666666667,1.043498389499902,runs/20260612_202808_stage4_sample_s109,sample_limited,109
recovery_rank_0.95,predicted_rank_raw_detectable,6,0.788108108108108,0.8666666666666667,1.043498389499902,runs/20260612_202808_stage4_sample_s109,sample_limited,109
recovery_rank_0.95,predicted_rank_whitened_detectable,6,0.788108108108108,0.8666666666666667,1.043498389499902,runs/20260612_202808_stage4_sample_s109,sample_limited,109
recovery_rank_0.95,gradient_effective_rank,6,0.781928404890779,0.802377419802878,1.0586055436700923,runs/20260612_202808_stage4_sample_s109,sample_limited,109
recovery_rank_0.95,whitened_gradient_effective_rank,6,0.781928404890779,0.802377419802878,1.0586055436700923,runs/20260612_202808_stage4_sample_s109,sample_limited,109
recovery_rank_0.95,predicted_rank_raw_effective,6,0.7810810810810811,0.894427190999916,1.0606601717798212,runs/20260612_202808_stage4_sample_s109,sample_limited,109
recovery_rank_0.95,predicted_rank_whitened_stable,6,0.7810810810810811,0.894427190999916,1.0606601717798212,runs/20260612_202808_stage4_sample_s109,sample_limited,109
recovery_rank_0.95,gradient_detectable_rank,6,0.7328680132044689,0.7627700713964739,1.1716490937180668,runs/20260612_202808_stage4_sample_s109,sample_limited,109
recovery_rank_0.95,whitened_gradient_detectable_rank,6,0.7328680132044689,0.7627700713964739,1.1716490937180668,runs/20260612_202808_stage4_sample_s109,sample_limited,109
recovery_rank_0.95,true_k_strong,6,0.7328680132044689,0.7627700713964739,1.1716490937180668,runs/20260612_202808_stage4_sample_s109,sample_limited,109
recovery_rank_0.95,predicted_rank_whitened_effective,6,0.5638397017707362,0.7333333333333335,1.497123679040856,runs/20260612_202808_stage4_sample_s109,sample_limited,109
recovery_rank_0.95,predicted_rank_raw_stable,6,0.1827027027027025,0.4242640687119286,2.04939015319192,runs/20260612_202808_stage4_sample_s109,sample_limited,109
best_rank,gradient_detectable_rank,48,,,0.0,runs/20260612_204555_stage4_sample_s113,sample_limited,113
best_rank,predicted_rank_detectable,48,,,0.0,runs/20260612_204555_stage4_sample_s113,sample_limited,113
best_rank,gradient_effective_rank,48,,,0.0,runs/20260612_204555_stage4_sample_s113,sample_limited,113
best_rank,gradient_stable_rank,48,,,0.0,runs/20260612_204555_stage4_sample_s113,sample_limited,113
best_rank,raw_gradient_detectable_rank,48,,,0.0,runs/20260612_204555_stage4_sample_s113,sample_limited,113
best_rank,raw_gradient_effective_rank,48,,,0.0,runs/20260612_204555_stage4_sample_s113,sample_limited,113
best_rank,raw_gradient_stable_rank,48,,,0.0,runs/20260612_204555_stage4_sample_s113,sample_limited,113
best_rank,predicted_rank_raw_detectable,48,,,0.0,runs/20260612_204555_stage4_sample_s113,sample_limited,113
best_rank,predicted_rank_raw_effective,48,,,0.0,runs/20260612_204555_stage4_sample_s113,sample_limited,113
best_rank,predicted_rank_raw_stable,48,,,0.0,runs/20260612_204555_stage4_sample_s113,sample_limited,113
best_rank,whitened_gradient_detectable_rank,48,,,0.0,runs/20260612_204555_stage4_sample_s113,sample_limited,113
best_rank,whitened_gradient_effective_rank,48,,,0.0,runs/20260612_204555_stage4_sample_s113,sample_limited,113
best_rank,whitened_gradient_stable_rank,48,,,0.0,runs/20260612_204555_stage4_sample_s113,sample_limited,113
best_rank,predicted_rank_whitened_detectable,48,,,0.0,runs/20260612_204555_stage4_sample_s113,sample_limited,113
best_rank,predicted_rank_whitened_effective,48,,,0.0,runs/20260612_204555_stage4_sample_s113,sample_limited,113
best_rank,predicted_rank_whitened_stable,48,,,0.0,runs/20260612_204555_stage4_sample_s113,sample_limited,113
best_rank,true_k_strong,48,,,0.0,runs/20260612_204555_stage4_sample_s113,sample_limited,113
near_best_rank_gap_0.02,gradient_effective_rank,48,0.5916347181592969,0.6577078688807766,0.7632784850570844,runs/20260612_204555_stage4_sample_s113,sample_limited,113
near_best_rank_gap_0.02,whitened_gradient_effective_rank,48,0.5916347181592969,0.6577078688807766,0.7632784850570844,runs/20260612_204555_stage4_sample_s113,sample_limited,113
near_best_rank_gap_0.02,predicted_rank_whitened_effective,48,0.5328153623610923,0.6944957177362535,0.816399803315613,runs/20260612_204555_stage4_sample_s113,sample_limited,113
near_best_rank_gap_0.02,raw_gradient_effective_rank,48,0.4451860982056407,0.564134533345411,0.8896768332981876,runs/20260612_204555_stage4_sample_s113,sample_limited,113
near_best_rank_gap_0.02,predicted_rank_detectable,48,0.3915565218641333,0.6292868735599267,0.9316842091354456,runs/20260612_204555_stage4_sample_s113,sample_limited,113
near_best_rank_gap_0.02,predicted_rank_whitened_detectable,48,0.3915565218641333,0.6292868735599267,0.9316842091354456,runs/20260612_204555_stage4_sample_s113,sample_limited,113
near_best_rank_gap_0.02,predicted_rank_whitened_stable,48,0.360631560415666,0.6212915395888174,0.9550678197526756,runs/20260612_204555_stage4_sample_s113,sample_limited,113
near_best_rank_gap_0.02,gradient_detectable_rank,48,0.3587265335821014,0.5857009631916253,0.956489595100908,runs/20260612_204555_stage4_sample_s113,sample_limited,113
near_best_rank_gap_0.02,whitened_gradient_detectable_rank,48,0.3587265335821014,0.5857009631916253,0.956489595100908,runs/20260612_204555_stage4_sample_s113,sample_limited,113
near_best_rank_gap_0.02,true_k_strong,48,0.3482250945159468,0.5374854667962168,0.964289487802995,runs/20260612_204555_stage4_sample_s113,sample_limited,113
near_best_rank_gap_0.02,gradient_stable_rank,48,0.3084186627923047,0.5114076734658627,0.9932995693457946,runs/20260612_204555_stage4_sample_s113,sample_limited,113
near_best_rank_gap_0.02,whitened_gradient_stable_rank,48,0.3084186627923047,0.5114076734658627,0.9932995693457946,runs/20260612_204555_stage4_sample_s113,sample_limited,113
near_best_rank_gap_0.02,predicted_rank_raw_effective,48,0.3014580959519629,0.522476745610652,0.9982856917293704,runs/20260612_204555_stage4_sample_s113,sample_limited,113
near_best_rank_gap_0.02,predicted_rank_raw_detectable,48,0.2845967713445734,0.4945451439041465,1.0102621042845596,runs/20260612_204555_stage4_sample_s113,sample_limited,113
near_best_rank_gap_0.02,raw_gradient_detectable_rank,48,0.2702902410819066,0.4402086505838049,1.0203136384551614,runs/20260612_204555_stage4_sample_s113,sample_limited,113
near_best_rank_gap_0.02,raw_gradient_stable_rank,48,0.2636472873003872,0.4302658739996589,1.0249473577783652,runs/20260612_204555_stage4_sample_s113,sample_limited,113
near_best_rank_gap_0.02,predicted_rank_raw_stable,48,0.0293073724774363,0.1293088954301525,1.1767913846400146,runs/20260612_204555_stage4_sample_s113,sample_limited,113
near_best_rank_gap_0.05,gradient_effective_rank,48,0.7755434751773035,0.818933107345951,0.6673873810951466,runs/20260612_204555_stage4_sample_s113,sample_limited,113
near_best_rank_gap_0.05,whitened_gradient_effective_rank,48,0.7755434751773035,0.818933107345951,0.6673873810951466,runs/20260612_204555_stage4_sample_s113,sample_limited,113
near_best_rank_gap_0.05,predicted_rank_whitened_effective,48,0.7096469136048259,0.8218979424784242,0.7590582361159278,runs/20260612_204555_stage4_sample_s113,sample_limited,113
near_best_rank_gap_0.05,raw_gradient_effective_rank,48,0.6864579492267775,0.7674728912788522,0.7887870479433047,runs/20260612_204555_stage4_sample_s113,sample_limited,113
near_best_rank_gap_0.05,gradient_detectable_rank,48,0.6239802859685307,0.7485763002197341,0.8638079184814161,runs/20260612_204555_stage4_sample_s113,sample_limited,113
near_best_rank_gap_0.05,whitened_gradient_detectable_rank,48,0.6239802859685307,0.7485763002197341,0.8638079184814161,runs/20260612_204555_stage4_sample_s113,sample_limited,113
near_best_rank_gap_0.05,predicted_rank_detectable,48,0.6101818034558602,0.7270001169910687,0.8795143454016412,runs/20260612_204555_stage4_sample_s113,sample_limited,113
near_best_rank_gap_0.05,predicted_rank_whitened_detectable,48,0.6101818034558602,0.7270001169910687,0.8795143454016412,runs/20260612_204555_stage4_sample_s113,sample_limited,113
near_best_rank_gap_0.05,true_k_strong,48,0.5913292827907592,0.6998898132717573,0.9005309292090345,runs/20260612_204555_stage4_sample_s113,sample_limited,113
near_best_rank_gap_0.05,gradient_stable_rank,48,0.5720404786561596,0.6946561175503524,0.9215379401666994,runs/20260612_204555_stage4_sample_s113,sample_limited,113
near_best_rank_gap_0.05,whitened_gradient_stable_rank,48,0.5720404786561596,0.6946561175503524,0.9215379401666994,runs/20260612_204555_stage4_sample_s113,sample_limited,113
near_best_rank_gap_0.05,predicted_rank_whitened_stable,48,0.5708861265438268,0.7487621466623757,0.922779953531498,runs/20260612_204555_stage4_sample_s113,sample_limited,113
near_best_rank_gap_0.05,predicted_rank_raw_effective,48,0.5477401785902767,0.6652966080478779,0.9473400039636876,runs/20260612_204555_stage4_sample_s113,sample_limited,113
near_best_rank_gap_0.05,raw_gradient_stable_rank,48,0.5300014879571311,0.682841851610003,0.9657397668808444,runs/20260612_204555_stage4_sample_s113,sample_limited,113
near_best_rank_gap_0.05,raw_gradient_detectable_rank,48,0.5120755209726728,0.6449869284404108,0.983984317999963,runs/20260612_204555_stage4_sample_s113,sample_limited,113
near_best_rank_gap_0.05,predicted_rank_raw_detectable,48,0.4964381047435,0.6527669111743092,0.9996277486642802,runs/20260612_204555_stage4_sample_s113,sample_limited,113
near_best_rank_gap_0.05,predicted_rank_raw_stable,48,0.1286089238845144,0.3779744576734831,1.3149778198382918,runs/20260612_204555_stage4_sample_s113,sample_limited,113
near_best_rank_gap_0.1,gradient_effective_rank,48,0.724600271501032,0.82212491771892,0.6237578337657081,runs/20260612_204555_stage4_sample_s113,sample_limited,113
near_best_rank_gap_0.1,whitened_gradient_effective_rank,48,0.724600271501032,0.82212491771892,0.6237578337657081,runs/20260612_204555_stage4_sample_s113,sample_limited,113
near_best_rank_gap_0.1,raw_gradient_effective_rank,48,0.7058161860597683,0.8095142202757225,0.6446791818872321,runs/20260612_204555_stage4_sample_s113,sample_limited,113
near_best_rank_gap_0.1,gradient_stable_rank,48,0.6199458070113282,0.7627736536055222,0.732752018108848,runs/20260612_204555_stage4_sample_s113,sample_limited,113
near_best_rank_gap_0.1,whitened_gradient_stable_rank,48,0.6199458070113282,0.7627736536055222,0.732752018108848,runs/20260612_204555_stage4_sample_s113,sample_limited,113
near_best_rank_gap_0.1,predicted_rank_raw_effective,48,0.6103433365043673,0.7511393041017764,0.7419511508698083,runs/20260612_204555_stage4_sample_s113,sample_limited,113
near_best_rank_gap_0.1,predicted_rank_detectable,48,0.5990703420448031,0.7425948789608677,0.7526071688648788,runs/20260612_204555_stage4_sample_s113,sample_limited,113
near_best_rank_gap_0.1,predicted_rank_whitened_detectable,48,0.5990703420448031,0.7425948789608677,0.7526071688648788,runs/20260612_204555_stage4_sample_s113,sample_limited,113
near_best_rank_gap_0.1,predicted_rank_whitened_effective,48,0.5962318013131601,0.7567614251968425,0.7552666605997973,runs/20260612_204555_stage4_sample_s113,sample_limited,113
near_best_rank_gap_0.1,gradient_detectable_rank,48,0.5850753251294465,0.7177641268445201,0.7656299083469796,runs/20260612_204555_stage4_sample_s113,sample_limited,113
near_best_rank_gap_0.1,whitened_gradient_detectable_rank,48,0.5850753251294465,0.7177641268445201,0.7656299083469796,runs/20260612_204555_stage4_sample_s113,sample_limited,113
near_best_rank_gap_0.1,raw_gradient_stable_rank,48,0.5775742409580271,0.733271563256757,0.7725195087212171,runs/20260612_204555_stage4_sample_s113,sample_limited,113
near_best_rank_gap_0.1,predicted_rank_whitened_stable,48,0.5568551311141781,0.7684092997979699,0.7912379728064302,runs/20260612_204555_stage4_sample_s113,sample_limited,113
near_best_rank_gap_0.1,raw_gradient_detectable_rank,48,0.5303810649108771,0.6719873393255774,0.814529951819493,runs/20260612_204555_stage4_sample_s113,sample_limited,113
near_best_rank_gap_0.1,true_k_strong,48,0.5261384880545453,0.6225686709133413,0.8182009454029965,runs/20260612_204555_stage4_sample_s113,sample_limited,113
near_best_rank_gap_0.1,predicted_rank_raw_detectable,48,0.516970717431743,0.6804300976744643,0.8260778719366182,runs/20260612_204555_stage4_sample_s113,sample_limited,113
near_best_rank_gap_0.1,predicted_rank_raw_stable,48,0.1893497183819763,0.4404689302056431,1.0701657019497637,runs/20260612_204555_stage4_sample_s113,sample_limited,113
near_best_rank_gap_0.2,raw_gradient_effective_rank,48,0.7508305731178546,0.8446378894576497,0.4612201994086187,runs/20260612_204555_stage4_sample_s113,sample_limited,113
near_best_rank_gap_0.2,raw_gradient_detectable_rank,48,0.7194149276196344,0.8233267151309314,0.4894329721995845,runs/20260612_204555_stage4_sample_s113,sample_limited,113
near_best_rank_gap_0.2,gradient_stable_rank,48,0.7107852378594055,0.8198770821201254,0.4969024875042506,runs/20260612_204555_stage4_sample_s113,sample_limited,113
near_best_rank_gap_0.2,whitened_gradient_stable_rank,48,0.7107852378594055,0.8198770821201254,0.4969024875042506,runs/20260612_204555_stage4_sample_s113,sample_limited,113
near_best_rank_gap_0.2,gradient_effective_rank,48,0.7039664440039144,0.8169334896394407,0.5027260774618717,runs/20260612_204555_stage4_sample_s113,sample_limited,113
near_best_rank_gap_0.2,whitened_gradient_effective_rank,48,0.7039664440039144,0.8169334896394407,0.5027260774618717,runs/20260612_204555_stage4_sample_s113,sample_limited,113
near_best_rank_gap_0.2,predicted_rank_raw_detectable,48,0.681302097107592,0.8079534538327799,0.5216155688288936,runs/20260612_204555_stage4_sample_s113,sample_limited,113
near_best_rank_gap_0.2,gradient_detectable_rank,48,0.680551745131281,0.7932584725438001,0.5222292615485288,runs/20260612_204555_stage4_sample_s113,sample_limited,113
near_best_rank_gap_0.2,whitened_gradient_detectable_rank,48,0.680551745131281,0.7932584725438001,0.5222292615485288,runs/20260612_204555_stage4_sample_s113,sample_limited,113
near_best_rank_gap_0.2,true_k_strong,48,0.6479315973846294,0.7708932830009146,0.5482447322448398,runs/20260612_204555_stage4_sample_s113,sample_limited,113
near_best_rank_gap_0.2,predicted_rank_detectable,48,0.6309874746234764,0.7600062630690136,0.5612824931108689,runs/20260612_204555_stage4_sample_s113,sample_limited,113
near_best_rank_gap_0.2,predicted_rank_whitened_detectable,48,0.6309874746234764,0.7600062630690136,0.5612824931108689,runs/20260612_204555_stage4_sample_s113,sample_limited,113
near_best_rank_gap_0.2,raw_gradient_stable_rank,48,0.6145009596891851,0.7488845575859646,0.5736838092309092,runs/20260612_204555_stage4_sample_s113,sample_limited,113
near_best_rank_gap_0.2,predicted_rank_raw_effective,48,0.6123926830232346,0.7630468187533455,0.5752503955454668,runs/20260612_204555_stage4_sample_s113,sample_limited,113
near_best_rank_gap_0.2,predicted_rank_whitened_stable,48,0.551916263009711,0.7412567887001953,0.6185011812631519,runs/20260612_204555_stage4_sample_s113,sample_limited,113
near_best_rank_gap_0.2,predicted_rank_whitened_effective,48,0.5404528705949044,0.7371477814987109,0.6263628209598857,runs/20260612_204555_stage4_sample_s113,sample_limited,113
near_best_rank_gap_0.2,predicted_rank_raw_stable,48,0.1845449923741736,0.4431741908184617,0.8343743497708661,runs/20260612_204555_stage4_sample_s113,sample_limited,113
near_best_rank_gap_0.5,gradient_stable_rank,48,0.3584265336822071,0.6473213851776567,0.3917037770213236,runs/20260612_204555_stage4_sample_s113,sample_limited,113
near_best_rank_gap_0.5,whitened_gradient_stable_rank,48,0.3584265336822071,0.6473213851776567,0.3917037770213236,runs/20260612_204555_stage4_sample_s113,sample_limited,113
near_best_rank_gap_0.5,raw_gradient_effective_rank,48,0.3517231056357109,0.6011939705569211,0.3937448019910002,runs/20260612_204555_stage4_sample_s113,sample_limited,113
near_best_rank_gap_0.5,predicted_rank_raw_effective,48,0.3328240634868117,0.5850451714053739,0.3994429394801044,runs/20260612_204555_stage4_sample_s113,sample_limited,113
near_best_rank_gap_0.5,raw_gradient_stable_rank,48,0.3115365115232307,0.5919684876327739,0.4057654065708098,runs/20260612_204555_stage4_sample_s113,sample_limited,113
near_best_rank_gap_0.5,predicted_rank_raw_detectable,48,0.2881895258688236,0.5589729126961143,0.4125881488550557,runs/20260612_204555_stage4_sample_s113,sample_limited,113
near_best_rank_gap_0.5,raw_gradient_detectable_rank,48,0.2864650454141862,0.5962157501871803,0.4130876285714839,runs/20260612_204555_stage4_sample_s113,sample_limited,113
near_best_rank_gap_0.5,gradient_effective_rank,48,0.2555443557377205,0.5304652681384597,0.4219431837845445,runs/20260612_204555_stage4_sample_s113,sample_limited,113
near_best_rank_gap_0.5,whitened_gradient_effective_rank,48,0.2555443557377205,0.5304652681384597,0.4219431837845445,runs/20260612_204555_stage4_sample_s113,sample_limited,113
near_best_rank_gap_0.5,predicted_rank_whitened_stable,48,0.2494311220024506,0.4983795396554963,0.4236720735955185,runs/20260612_204555_stage4_sample_s113,sample_limited,113
near_best_rank_gap_0.5,gradient_detectable_rank,48,0.2323912299305192,0.505536833356016,0.4284543199694344,runs/20260612_204555_stage4_sample_s113,sample_limited,113
near_best_rank_gap_0.5,whitened_gradient_detectable_rank,48,0.2323912299305192,0.505536833356016,0.4284543199694344,runs/20260612_204555_stage4_sample_s113,sample_limited,113
near_best_rank_gap_0.5,predicted_rank_detectable,48,0.1996457742300752,0.4640818194087425,0.4374976083264134,runs/20260612_204555_stage4_sample_s113,sample_limited,113
near_best_rank_gap_0.5,predicted_rank_whitened_detectable,48,0.1996457742300752,0.4640818194087425,0.4374976083264134,runs/20260612_204555_stage4_sample_s113,sample_limited,113
near_best_rank_gap_0.5,true_k_strong,48,0.192850326831951,0.4290077411446906,0.4393509802168792,runs/20260612_204555_stage4_sample_s113,sample_limited,113
near_best_rank_gap_0.5,predicted_rank_raw_stable,48,0.1748336358136722,0.4181311227517896,0.4442273775477632,runs/20260612_204555_stage4_sample_s113,sample_limited,113
near_best_rank_gap_0.5,predicted_rank_whitened_effective,48,0.151543796935121,0.400366930888506,0.4504527852697431,runs/20260612_204555_stage4_sample_s113,sample_limited,113
penalized_rank_lambda_0.03,gradient_effective_rank,48,0.5911592067545459,0.714097818408671,0.610879442110349,runs/20260612_204555_stage4_sample_s113,sample_limited,113
penalized_rank_lambda_0.03,whitened_gradient_effective_rank,48,0.5911592067545459,0.714097818408671,0.610879442110349,runs/20260612_204555_stage4_sample_s113,sample_limited,113
penalized_rank_lambda_0.03,predicted_rank_whitened_effective,48,0.543682404222972,0.7502791182729541,0.6453748049418815,runs/20260612_204555_stage4_sample_s113,sample_limited,113
penalized_rank_lambda_0.03,raw_gradient_effective_rank,48,0.4683898052857008,0.6360035295806965,0.6965864934318433,runs/20260612_204555_stage4_sample_s113,sample_limited,113
penalized_rank_lambda_0.03,predicted_rank_detectable,48,0.4146177729294285,0.6600642372930844,0.7309676637787721,runs/20260612_204555_stage4_sample_s113,sample_limited,113
penalized_rank_lambda_0.03,predicted_rank_whitened_detectable,48,0.4146177729294285,0.6600642372930844,0.7309676637787721,runs/20260612_204555_stage4_sample_s113,sample_limited,113
penalized_rank_lambda_0.03,predicted_rank_whitened_stable,48,0.3931222256819482,0.7097318178971405,0.7442674318766638,runs/20260612_204555_stage4_sample_s113,sample_limited,113
penalized_rank_lambda_0.03,gradient_detectable_rank,48,0.3869103999789161,0.6221343785177337,0.7480667876394759,runs/20260612_204555_stage4_sample_s113,sample_limited,113
penalized_rank_lambda_0.03,whitened_gradient_detectable_rank,48,0.3869103999789161,0.6221343785177337,0.7480667876394759,runs/20260612_204555_stage4_sample_s113,sample_limited,113
penalized_rank_lambda_0.03,gradient_stable_rank,48,0.3671815007769377,0.6058972383839005,0.7600076822146057,runs/20260612_204555_stage4_sample_s113,sample_limited,113
penalized_rank_lambda_0.03,whitened_gradient_stable_rank,48,0.3671815007769377,0.6058972383839005,0.7600076822146057,runs/20260612_204555_stage4_sample_s113,sample_limited,113
penalized_rank_lambda_0.03,true_k_strong,48,0.3613310682291041,0.5465837403498781,0.7635127505649515,runs/20260612_204555_stage4_sample_s113,sample_limited,113
penalized_rank_lambda_0.03,predicted_rank_raw_effective,48,0.3557728713863382,0.5824555809162171,0.7668278961679578,runs/20260612_204555_stage4_sample_s113,sample_limited,113
penalized_rank_lambda_0.03,predicted_rank_raw_detectable,48,0.3257101873667742,0.571742784628438,0.7845158062991412,runs/20260612_204555_stage4_sample_s113,sample_limited,113
penalized_rank_lambda_0.03,raw_gradient_stable_rank,48,0.3166660567067192,0.5633712892635881,0.7897595677184616,runs/20260612_204555_stage4_sample_s113,sample_limited,113
penalized_rank_lambda_0.03,raw_gradient_detectable_rank,48,0.3107054773681018,0.5282367354733108,0.7931965429094749,runs/20260612_204555_stage4_sample_s113,sample_limited,113
penalized_rank_lambda_0.03,predicted_rank_raw_stable,48,0.0356633380884451,0.2017918914505386,0.938194187433142,runs/20260612_204555_stage4_sample_s113,sample_limited,113
penalized_rank_lambda_0.05,gradient_effective_rank,48,0.5221542065342852,0.6202028961356048,0.869344338910623,runs/20260612_204555_stage4_sample_s113,sample_limited,113
penalized_rank_lambda_0.05,whitened_gradient_effective_rank,48,0.5221542065342852,0.6202028961356048,0.869344338910623,runs/20260612_204555_stage4_sample_s113,sample_limited,113
penalized_rank_lambda_0.05,predicted_rank_whitened_effective,48,0.5214661095391209,0.6961512815291664,0.8699700408014747,runs/20260612_204555_stage4_sample_s113,sample_limited,113
penalized_rank_lambda_0.05,raw_gradient_effective_rank,48,0.4233290750591792,0.541174432394239,0.9550189176255732,runs/20260612_204555_stage4_sample_s113,sample_limited,113
penalized_rank_lambda_0.05,predicted_rank_detectable,48,0.4092729280083667,0.5799965035363572,0.9665879660710834,runs/20260612_204555_stage4_sample_s113,sample_limited,113
penalized_rank_lambda_0.05,predicted_rank_whitened_detectable,48,0.4092729280083667,0.5799965035363572,0.9665879660710834,runs/20260612_204555_stage4_sample_s113,sample_limited,113
penalized_rank_lambda_0.05,true_k_strong,48,0.4078958518002863,0.5571672536596037,0.9677139433008712,runs/20260612_204555_stage4_sample_s113,sample_limited,113
penalized_rank_lambda_0.05,gradient_detectable_rank,48,0.4024070665493727,0.5623652557033313,0.9721889340890182,runs/20260612_204555_stage4_sample_s113,sample_limited,113
penalized_rank_lambda_0.05,whitened_gradient_detectable_rank,48,0.4024070665493727,0.5623652557033313,0.9721889340890182,runs/20260612_204555_stage4_sample_s113,sample_limited,113
penalized_rank_lambda_0.05,predicted_rank_whitened_stable,48,0.3612196114048821,0.5768715766280911,1.0051334678599009,runs/20260612_204555_stage4_sample_s113,sample_limited,113
penalized_rank_lambda_0.05,gradient_stable_rank,48,0.3228933273273717,0.4686786799936007,1.0348478306722977,runs/20260612_204555_stage4_sample_s113,sample_limited,113
penalized_rank_lambda_0.05,whitened_gradient_stable_rank,48,0.3228933273273717,0.4686786799936007,1.0348478306722977,runs/20260612_204555_stage4_sample_s113,sample_limited,113
penalized_rank_lambda_0.05,raw_gradient_stable_rank,48,0.3097637804534662,0.4713958254185049,1.0448328514704952,runs/20260612_204555_stage4_sample_s113,sample_limited,113
penalized_rank_lambda_0.05,predicted_rank_raw_effective,48,0.3087288811458404,0.4805023799571093,1.0456158383374778,runs/20260612_204555_stage4_sample_s113,sample_limited,113
penalized_rank_lambda_0.05,predicted_rank_raw_detectable,48,0.2467730993327452,0.437831101082241,1.091467623797602,runs/20260612_204555_stage4_sample_s113,sample_limited,113
penalized_rank_lambda_0.05,raw_gradient_detectable_rank,48,0.2377422234589903,0.3920061288190296,1.0979912485965213,runs/20260612_204555_stage4_sample_s113,sample_limited,113
penalized_rank_lambda_0.05,predicted_rank_raw_stable,48,0.0618368093669957,0.2182492411290836,1.218111774960039,runs/20260612_204555_stage4_sample_s113,sample_limited,113
penalized_rank_lambda_0.08,gradient_effective_rank,48,0.6529978556677647,0.7683757017859089,0.647064002596675,runs/20260612_204555_stage4_sample_s113,sample_limited,113
penalized_rank_lambda_0.08,whitened_gradient_effective_rank,48,0.6529978556677647,0.7683757017859089,0.647064002596675,runs/20260612_204555_stage4_sample_s113,sample_limited,113
penalized_rank_lambda_0.08,predicted_rank_whitened_effective,48,0.6014152015934662,0.7521105984921053,0.6934921128443554,runs/20260612_204555_stage4_sample_s113,sample_limited,113
penalized_rank_lambda_0.08,raw_gradient_effective_rank,48,0.526301954284457,0.6866458088960888,0.7560176890341055,runs/20260612_204555_stage4_sample_s113,sample_limited,113
penalized_rank_lambda_0.08,gradient_detectable_rank,48,0.50359819392868,0.7027994925893818,0.7739231488408581,runs/20260612_204555_stage4_sample_s113,sample_limited,113
penalized_rank_lambda_0.08,whitened_gradient_detectable_rank,48,0.50359819392868,0.7027994925893818,0.7739231488408581,runs/20260612_204555_stage4_sample_s113,sample_limited,113
penalized_rank_lambda_0.08,true_k_strong,48,0.4868882452773087,0.6761431768584317,0.7868412914546171,runs/20260612_204555_stage4_sample_s113,sample_limited,113
penalized_rank_lambda_0.08,predicted_rank_detectable,48,0.4840235044365666,0.6647067537178953,0.7890347307177268,runs/20260612_204555_stage4_sample_s113,sample_limited,113
penalized_rank_lambda_0.08,predicted_rank_whitened_detectable,48,0.4840235044365666,0.6647067537178953,0.7890347307177268,runs/20260612_204555_stage4_sample_s113,sample_limited,113
penalized_rank_lambda_0.08,gradient_stable_rank,48,0.4545191141460023,0.6410491318101892,0.8112802978297641,runs/20260612_204555_stage4_sample_s113,sample_limited,113
penalized_rank_lambda_0.08,whitened_gradient_stable_rank,48,0.4545191141460023,0.6410491318101892,0.8112802978297641,runs/20260612_204555_stage4_sample_s113,sample_limited,113
penalized_rank_lambda_0.08,predicted_rank_whitened_stable,48,0.4112551583099003,0.6152385020080983,0.8428391842937395,runs/20260612_204555_stage4_sample_s113,sample_limited,113
penalized_rank_lambda_0.08,predicted_rank_raw_effective,48,0.3960692036183387,0.595572127735414,0.8536399834406582,runs/20260612_204555_stage4_sample_s113,sample_limited,113
penalized_rank_lambda_0.08,raw_gradient_stable_rank,48,0.395999499502577,0.6103072212214569,0.853689244468397,runs/20260612_204555_stage4_sample_s113,sample_limited,113
penalized_rank_lambda_0.08,raw_gradient_detectable_rank,48,0.3238508385162754,0.5357699945990361,0.9032384513815536,runs/20260612_204555_stage4_sample_s113,sample_limited,113
penalized_rank_lambda_0.08,predicted_rank_raw_detectable,48,0.3216907545847627,0.5490763652170516,0.9046800823084792,runs/20260612_204555_stage4_sample_s113,sample_limited,113
penalized_rank_lambda_0.08,predicted_rank_raw_stable,48,0.1731414868105515,0.4403855060505442,0.9988419220202892,runs/20260612_204555_stage4_sample_s113,sample_limited,113
penalized_rank_lambda_0.1,gradient_effective_rank,48,0.6828372869865256,0.7771614088201025,0.6577668999770717,runs/20260612_204555_stage4_sample_s113,sample_limited,113
penalized_rank_lambda_0.1,whitened_gradient_effective_rank,48,0.6828372869865256,0.7771614088201025,0.6577668999770717,runs/20260612_204555_stage4_sample_s113,sample_limited,113
penalized_rank_lambda_0.1,predicted_rank_whitened_effective,48,0.6745570293868379,0.8119812209604539,0.6662978330745808,runs/20260612_204555_stage4_sample_s113,sample_limited,113
penalized_rank_lambda_0.1,raw_gradient_effective_rank,48,0.6227835322967596,0.7368850346308621,0.7173420261364135,runs/20260612_204555_stage4_sample_s113,sample_limited,113
penalized_rank_lambda_0.1,gradient_detectable_rank,48,0.5851856484328763,0.7273401297017115,0.7522424540165024,runs/20260612_204555_stage4_sample_s113,sample_limited,113
penalized_rank_lambda_0.1,whitened_gradient_detectable_rank,48,0.5851856484328763,0.7273401297017115,0.7522424540165024,runs/20260612_204555_stage4_sample_s113,sample_limited,113
penalized_rank_lambda_0.1,true_k_strong,48,0.5678402141494803,0.7082022787285451,0.7678088771022539,runs/20260612_204555_stage4_sample_s113,sample_limited,113
penalized_rank_lambda_0.1,predicted_rank_detectable,48,0.5614359073798565,0.70813815320492,0.7734771505282951,runs/20260612_204555_stage4_sample_s113,sample_limited,113
penalized_rank_lambda_0.1,predicted_rank_whitened_detectable,48,0.5614359073798565,0.70813815320492,0.7734771505282951,runs/20260612_204555_stage4_sample_s113,sample_limited,113
penalized_rank_lambda_0.1,gradient_stable_rank,48,0.5121941094177576,0.6533403270268946,0.8157450992091066,runs/20260612_204555_stage4_sample_s113,sample_limited,113
penalized_rank_lambda_0.1,whitened_gradient_stable_rank,48,0.5121941094177576,0.6533403270268946,0.8157450992091066,runs/20260612_204555_stage4_sample_s113,sample_limited,113
penalized_rank_lambda_0.1,predicted_rank_whitened_stable,48,0.4992530334915556,0.6865551773936855,0.8264947831786631,runs/20260612_204555_stage4_sample_s113,sample_limited,113
penalized_rank_lambda_0.1,predicted_rank_raw_effective,48,0.497674307516853,0.6399447408300182,0.8277966202900313,runs/20260612_204555_stage4_sample_s113,sample_limited,113
penalized_rank_lambda_0.1,raw_gradient_stable_rank,48,0.4854126110796016,0.6589790194133883,0.8378389041118871,runs/20260612_204555_stage4_sample_s113,sample_limited,113
penalized_rank_lambda_0.1,raw_gradient_detectable_rank,48,0.4675593754869837,0.6223933071223291,0.8522490881068736,runs/20260612_204555_stage4_sample_s113,sample_limited,113
penalized_rank_lambda_0.1,predicted_rank_raw_detectable,48,0.4409175670469021,0.6224402465458654,0.873310891184393,runs/20260612_204555_stage4_sample_s113,sample_limited,113
penalized_rank_lambda_0.1,predicted_rank_raw_stable,48,0.1299183370452855,0.3644796011972818,1.089459176057688,runs/20260612_204555_stage4_sample_s113,sample_limited,113
penalized_rank_lambda_0.15,gradient_effective_rank,48,0.6117297584903574,0.7677765423334242,0.7005215515101892,runs/20260612_204555_stage4_sample_s113,sample_limited,113
penalized_rank_lambda_0.15,whitened_gradient_effective_rank,48,0.6117297584903574,0.7677765423334242,0.7005215515101892,runs/20260612_204555_stage4_sample_s113,sample_limited,113
penalized_rank_lambda_0.15,predicted_rank_raw_effective,48,0.5743157646642902,0.7361671749026277,0.7334968133645616,runs/20260612_204555_stage4_sample_s113,sample_limited,113
penalized_rank_lambda_0.15,gradient_detectable_rank,48,0.5713497670625234,0.7035175130685015,0.7360477339339554,runs/20260612_204555_stage4_sample_s113,sample_limited,113
penalized_rank_lambda_0.15,whitened_gradient_detectable_rank,48,0.5713497670625234,0.7035175130685015,0.7360477339339554,runs/20260612_204555_stage4_sample_s113,sample_limited,113
penalized_rank_lambda_0.15,raw_gradient_effective_rank,48,0.5673107071670211,0.7427506156767997,0.7395073965504285,runs/20260612_204555_stage4_sample_s113,sample_limited,113
penalized_rank_lambda_0.15,gradient_stable_rank,48,0.5605258610655242,0.705801959811123,0.7452828195747544,runs/20260612_204555_stage4_sample_s113,sample_limited,113
penalized_rank_lambda_0.15,whitened_gradient_stable_rank,48,0.5605258610655242,0.705801959811123,0.7452828195747544,runs/20260612_204555_stage4_sample_s113,sample_limited,113
penalized_rank_lambda_0.15,predicted_rank_detectable,48,0.5499168141405364,0.6819493772741305,0.7542248588342131,runs/20260612_204555_stage4_sample_s113,sample_limited,113
penalized_rank_lambda_0.15,predicted_rank_whitened_detectable,48,0.5499168141405364,0.6819493772741305,0.7542248588342131,runs/20260612_204555_stage4_sample_s113,sample_limited,113
penalized_rank_lambda_0.15,true_k_strong,48,0.536367527658647,0.6465639629331196,0.7654932594871892,runs/20260612_204555_stage4_sample_s113,sample_limited,113
penalized_rank_lambda_0.15,raw_gradient_stable_rank,48,0.4738860339639448,0.6464244074135657,0.8154444162309511,runs/20260612_204555_stage4_sample_s113,sample_limited,113
penalized_rank_lambda_0.15,raw_gradient_detectable_rank,48,0.469553772137143,0.6088196678577811,0.8187949032260086,runs/20260612_204555_stage4_sample_s113,sample_limited,113
penalized_rank_lambda_0.15,predicted_rank_whitened_effective,48,0.4481460385379475,0.6529320222354965,0.8351539320276264,runs/20260612_204555_stage4_sample_s113,sample_limited,113
penalized_rank_lambda_0.15,predicted_rank_raw_detectable,48,0.4402054772110068,0.6020166673201568,0.8411409379015305,runs/20260612_204555_stage4_sample_s113,sample_limited,113
penalized_rank_lambda_0.15,predicted_rank_whitened_stable,48,0.4099960952752831,0.6366149092098781,0.8635388697578287,runs/20260612_204555_stage4_sample_s113,sample_limited,113
penalized_rank_lambda_0.15,predicted_rank_raw_stable,48,0.1483516483516485,0.4078812785058712,1.0374916331657276,runs/20260612_204555_stage4_sample_s113,sample_limited,113
penalized_rank_lambda_0.2,gradient_effective_rank,48,0.5932845646364624,0.717696061762801,0.6474942215356437,runs/20260612_204555_stage4_sample_s113,sample_limited,113
penalized_rank_lambda_0.2,whitened_gradient_effective_rank,48,0.5932845646364624,0.717696061762801,0.6474942215356437,runs/20260612_204555_stage4_sample_s113,sample_limited,113
penalized_rank_lambda_0.2,gradient_detectable_rank,48,0.5457732690630017,0.6697056984313249,0.6842690766505115,runs/20260612_204555_stage4_sample_s113,sample_limited,113
penalized_rank_lambda_0.2,whitened_gradient_detectable_rank,48,0.5457732690630017,0.6697056984313249,0.6842690766505115,runs/20260612_204555_stage4_sample_s113,sample_limited,113
penalized_rank_lambda_0.2,raw_gradient_effective_rank,48,0.5424172633534724,0.675068390841311,0.6867922491906817,runs/20260612_204555_stage4_sample_s113,sample_limited,113
penalized_rank_lambda_0.2,gradient_stable_rank,48,0.5235897954069971,0.6684547888647752,0.7007790295265149,runs/20260612_204555_stage4_sample_s113,sample_limited,113
penalized_rank_lambda_0.2,whitened_gradient_stable_rank,48,0.5235897954069971,0.6684547888647752,0.7007790295265149,runs/20260612_204555_stage4_sample_s113,sample_limited,113
penalized_rank_lambda_0.2,predicted_rank_whitened_effective,48,0.5227658526848095,0.730624164673115,0.701384759987235,runs/20260612_204555_stage4_sample_s113,sample_limited,113
penalized_rank_lambda_0.2,predicted_rank_detectable,48,0.5194039486372632,0.6557478803964555,0.7038508975142679,runs/20260612_204555_stage4_sample_s113,sample_limited,113
penalized_rank_lambda_0.2,predicted_rank_whitened_detectable,48,0.5194039486372632,0.6557478803964555,0.7038508975142679,runs/20260612_204555_stage4_sample_s113,sample_limited,113
penalized_rank_lambda_0.2,true_k_strong,48,0.516134945907898,0.6252783695464552,0.7062406290764559,runs/20260612_204555_stage4_sample_s113,sample_limited,113
penalized_rank_lambda_0.2,predicted_rank_raw_effective,48,0.481317341611401,0.6386518656630663,0.7312088407436348,runs/20260612_204555_stage4_sample_s113,sample_limited,113
penalized_rank_lambda_0.2,raw_gradient_detectable_rank,48,0.4304580830072984,0.5753157003241163,0.7662198802472694,runs/20260612_204555_stage4_sample_s113,sample_limited,113
penalized_rank_lambda_0.2,predicted_rank_whitened_stable,48,0.4235041410633182,0.6566380045754658,0.7708833500030343,runs/20260612_204555_stage4_sample_s113,sample_limited,113
penalized_rank_lambda_0.2,raw_gradient_stable_rank,48,0.4059534368364432,0.5721366946246808,0.782529670717163,runs/20260612_204555_stage4_sample_s113,sample_limited,113
penalized_rank_lambda_0.2,predicted_rank_raw_detectable,48,0.4035014887282007,0.588349099804502,0.784142967083011,runs/20260612_204555_stage4_sample_s113,sample_limited,113
penalized_rank_lambda_0.2,predicted_rank_raw_stable,48,0.0742456140350876,0.2635248934073771,0.9768737929780936,runs/20260612_204555_stage4_sample_s113,sample_limited,113
penalized_rank_lambda_0.3,gradient_effective_rank,48,0.6172337128137295,0.7440838463903539,0.6181438039664618,runs/20260612_204555_stage4_sample_s113,sample_limited,113
penalized_rank_lambda_0.3,whitened_gradient_effective_rank,48,0.6172337128137295,0.7440838463903539,0.6181438039664618,runs/20260612_204555_stage4_sample_s113,sample_limited,113
penalized_rank_lambda_0.3,raw_gradient_effective_rank,48,0.5778253592845172,0.7059481622452396,0.6491854115974167,runs/20260612_204555_stage4_sample_s113,sample_limited,113
penalized_rank_lambda_0.3,gradient_detectable_rank,48,0.5461441682186581,0.6866427131465695,0.6731031775507703,runs/20260612_204555_stage4_sample_s113,sample_limited,113
penalized_rank_lambda_0.3,whitened_gradient_detectable_rank,48,0.5461441682186581,0.6866427131465695,0.6731031775507703,runs/20260612_204555_stage4_sample_s113,sample_limited,113
penalized_rank_lambda_0.3,predicted_rank_detectable,48,0.5379849901471638,0.7062227938140996,0.6791265717528144,runs/20260612_204555_stage4_sample_s113,sample_limited,113
penalized_rank_lambda_0.3,predicted_rank_whitened_detectable,48,0.5379849901471638,0.7062227938140996,0.6791265717528144,runs/20260612_204555_stage4_sample_s113,sample_limited,113
penalized_rank_lambda_0.3,true_k_strong,48,0.5234555798604246,0.6508422727961163,0.6897224703290689,runs/20260612_204555_stage4_sample_s113,sample_limited,113
penalized_rank_lambda_0.3,predicted_rank_whitened_effective,48,0.5171769361842466,0.6845889731895525,0.6942512724726992,runs/20260612_204555_stage4_sample_s113,sample_limited,113
penalized_rank_lambda_0.3,gradient_stable_rank,48,0.5044070218737371,0.6649508417707063,0.7033722866664205,runs/20260612_204555_stage4_sample_s113,sample_limited,113
penalized_rank_lambda_0.3,whitened_gradient_stable_rank,48,0.5044070218737371,0.6649508417707063,0.7033722866664205,runs/20260612_204555_stage4_sample_s113,sample_limited,113
penalized_rank_lambda_0.3,raw_gradient_detectable_rank,48,0.4978964392984556,0.6874516498273818,0.7079772970448148,runs/20260612_204555_stage4_sample_s113,sample_limited,113
penalized_rank_lambda_0.3,predicted_rank_raw_detectable,48,0.4913542803247462,0.6993050438110945,0.7125746656945547,runs/20260612_204555_stage4_sample_s113,sample_limited,113
penalized_rank_lambda_0.3,predicted_rank_raw_effective,48,0.4891339316936707,0.6512948628683101,0.7141282434191026,runs/20260612_204555_stage4_sample_s113,sample_limited,113
penalized_rank_lambda_0.3,predicted_rank_whitened_stable,48,0.4006797616420217,0.6331589998888786,0.7734854567689371,runs/20260612_204555_stage4_sample_s113,sample_limited,113
penalized_rank_lambda_0.3,raw_gradient_stable_rank,48,0.3961923239752037,0.5712176517968802,0.7763758102938779,runs/20260612_204555_stage4_sample_s113,sample_limited,113
penalized_rank_lambda_0.3,predicted_rank_raw_stable,48,0.0701449275362319,0.2410259375593172,0.963452510890257,runs/20260612_204555_stage4_sample_s113,sample_limited,113
penalized_rank_lambda_0.5,raw_gradient_effective_rank,48,0.5746996288775839,0.692659151218216,0.609879686952392,runs/20260612_204555_stage4_sample_s113,sample_limited,113
penalized_rank_lambda_0.5,gradient_effective_rank,48,0.5626617211768277,0.6991195466291246,0.6184506261691235,runs/20260612_204555_stage4_sample_s113,sample_limited,113
penalized_rank_lambda_0.5,whitened_gradient_effective_rank,48,0.5626617211768277,0.6991195466291246,0.6184506261691235,runs/20260612_204555_stage4_sample_s113,sample_limited,113
penalized_rank_lambda_0.5,predicted_rank_detectable,48,0.5151350407144104,0.7005382637987534,0.6511884477738298,runs/20260612_204555_stage4_sample_s113,sample_limited,113
penalized_rank_lambda_0.5,predicted_rank_whitened_detectable,48,0.5151350407144104,0.7005382637987534,0.6511884477738298,runs/20260612_204555_stage4_sample_s113,sample_limited,113
penalized_rank_lambda_0.5,gradient_detectable_rank,48,0.5148224384823297,0.687011687573523,0.6513983311224465,runs/20260612_204555_stage4_sample_s113,sample_limited,113
penalized_rank_lambda_0.5,whitened_gradient_detectable_rank,48,0.5148224384823297,0.687011687573523,0.6513983311224465,runs/20260612_204555_stage4_sample_s113,sample_limited,113
penalized_rank_lambda_0.5,predicted_rank_raw_detectable,48,0.5130557399681039,0.7141367738083411,0.6525832362180519,runs/20260612_204555_stage4_sample_s113,sample_limited,113
penalized_rank_lambda_0.5,raw_gradient_detectable_rank,48,0.5054788437642814,0.7153783578612148,0.6576407649984516,runs/20260612_204555_stage4_sample_s113,sample_limited,113
penalized_rank_lambda_0.5,gradient_stable_rank,48,0.4902810925444535,0.6704260787230174,0.6676696876891364,runs/20260612_204555_stage4_sample_s113,sample_limited,113
penalized_rank_lambda_0.5,whitened_gradient_stable_rank,48,0.4902810925444535,0.6704260787230174,0.6676696876891364,runs/20260612_204555_stage4_sample_s113,sample_limited,113
penalized_rank_lambda_0.5,predicted_rank_raw_effective,48,0.4806138944511339,0.6512332458992484,0.6739713750286861,runs/20260612_204555_stage4_sample_s113,sample_limited,113
penalized_rank_lambda_0.5,true_k_strong,48,0.4606614209646446,0.5876985008809485,0.6867948519980384,runs/20260612_204555_stage4_sample_s113,sample_limited,113
penalized_rank_lambda_0.5,predicted_rank_whitened_effective,48,0.4479833612006035,0.6273546058816643,0.6948200978630636,runs/20260612_204555_stage4_sample_s113,sample_limited,113
penalized_rank_lambda_0.5,raw_gradient_stable_rank,48,0.4172731713047263,0.5699698401714134,0.7138858840724156,runs/20260612_204555_stage4_sample_s113,sample_limited,113
penalized_rank_lambda_0.5,predicted_rank_whitened_stable,48,0.3894320514919827,0.6245736241449122,0.7307406869024345,runs/20260612_204555_stage4_sample_s113,sample_limited,113
penalized_rank_lambda_0.5,predicted_rank_raw_stable,48,0.0729528535980148,0.2495149829970806,0.9004242827072628,runs/20260612_204555_stage4_sample_s113,sample_limited,113
recovery_rank_0.5,raw_gradient_effective_rank,48,0.6309809529380725,0.8157805424528544,0.5989728858444878,runs/20260612_204555_stage4_sample_s113,sample_limited,113
recovery_rank_0.5,gradient_effective_rank,48,0.5861872054721398,0.7932565386878633,0.6342854205165559,runs/20260612_204555_stage4_sample_s113,sample_limited,113
recovery_rank_0.5,whitened_gradient_effective_rank,48,0.5861872054721398,0.7932565386878633,0.6342854205165559,runs/20260612_204555_stage4_sample_s113,sample_limited,113
recovery_rank_0.5,raw_gradient_stable_rank,48,0.5388539284231788,0.7259131974818741,0.6695793145531492,runs/20260612_204555_stage4_sample_s113,sample_limited,113
recovery_rank_0.5,predicted_rank_whitened_effective,48,0.5115044247787611,0.6906007097159726,0.6891489343293767,runs/20260612_204555_stage4_sample_s113,sample_limited,113
recovery_rank_0.5,predicted_rank_raw_effective,48,0.5076216009191881,0.7414407276804467,0.6918823753562213,runs/20260612_204555_stage4_sample_s113,sample_limited,113
recovery_rank_0.5,gradient_stable_rank,48,0.4862203701432636,0.7454644900900645,0.7067587802580362,runs/20260612_204555_stage4_sample_s113,sample_limited,113
recovery_rank_0.5,whitened_gradient_stable_rank,48,0.4862203701432636,0.7454644900900645,0.7067587802580362,runs/20260612_204555_stage4_sample_s113,sample_limited,113
recovery_rank_0.5,predicted_rank_whitened_stable,48,0.473821609862219,0.7597235200605763,0.7152358518314536,runs/20260612_204555_stage4_sample_s113,sample_limited,113
recovery_rank_0.5,gradient_detectable_rank,48,0.4311482811073429,0.6985153890057775,0.7436735051464117,runs/20260612_204555_stage4_sample_s113,sample_limited,113
recovery_rank_0.5,whitened_gradient_detectable_rank,48,0.4311482811073429,0.6985153890057775,0.7436735051464117,runs/20260612_204555_stage4_sample_s113,sample_limited,113
recovery_rank_0.5,raw_gradient_detectable_rank,48,0.4280501002833513,0.6681641394232989,0.7456959182550871,runs/20260612_204555_stage4_sample_s113,sample_limited,113
recovery_rank_0.5,predicted_rank_detectable,48,0.3935252789640447,0.65834982110975,0.7678725161165613,runs/20260612_204555_stage4_sample_s113,sample_limited,113
recovery_rank_0.5,predicted_rank_whitened_detectable,48,0.3935252789640447,0.65834982110975,0.7678725161165613,runs/20260612_204555_stage4_sample_s113,sample_limited,113
recovery_rank_0.5,predicted_rank_raw_detectable,48,0.3893905329039315,0.6605419430659462,0.7704856215466105,runs/20260612_204555_stage4_sample_s113,sample_limited,113
recovery_rank_0.5,true_k_strong,48,0.3710113920635438,0.610976788945989,0.7819953338482548,runs/20260612_204555_stage4_sample_s113,sample_limited,113
recovery_rank_0.5,predicted_rank_raw_stable,48,0.1928571428571429,0.4718726274041082,0.8858454843945541,runs/20260612_204555_stage4_sample_s113,sample_limited,113
recovery_rank_0.6,gradient_effective_rank,48,0.6626936706824462,0.8226521325166338,0.6701911452393479,runs/20260612_204555_stage4_sample_s113,sample_limited,113
recovery_rank_0.6,whitened_gradient_effective_rank,48,0.6626936706824462,0.8226521325166338,0.6701911452393479,runs/20260612_204555_stage4_sample_s113,sample_limited,113
recovery_rank_0.6,raw_gradient_effective_rank,48,0.6544595461881508,0.8197526113953993,0.678321979933766,runs/20260612_204555_stage4_sample_s113,sample_limited,113
recovery_rank_0.6,predicted_rank_whitened_effective,48,0.5835285158818984,0.7601026543299799,0.7446960933068137,runs/20260612_204555_stage4_sample_s113,sample_limited,113
recovery_rank_0.6,raw_gradient_stable_rank,48,0.5754308766082801,0.7451189377348248,0.751900967780823,runs/20260612_204555_stage4_sample_s113,sample_limited,113
recovery_rank_0.6,gradient_stable_rank,48,0.5521843859369877,0.7690109917737968,0.7722111290016779,runs/20260612_204555_stage4_sample_s113,sample_limited,113
recovery_rank_0.6,whitened_gradient_stable_rank,48,0.5521843859369877,0.7690109917737968,0.7722111290016779,runs/20260612_204555_stage4_sample_s113,sample_limited,113
recovery_rank_0.6,raw_gradient_detectable_rank,48,0.5512112538025229,0.7697642327893501,0.7730497059058715,runs/20260612_204555_stage4_sample_s113,sample_limited,113
recovery_rank_0.6,gradient_detectable_rank,48,0.5320872676565077,0.7432712457487338,0.7893486521373205,runs/20260612_204555_stage4_sample_s113,sample_limited,113
recovery_rank_0.6,whitened_gradient_detectable_rank,48,0.5320872676565077,0.7432712457487338,0.7893486521373205,runs/20260612_204555_stage4_sample_s113,sample_limited,113
recovery_rank_0.6,true_k_strong,48,0.5119199870828635,0.7150646140094145,0.8061798741116312,runs/20260612_204555_stage4_sample_s113,sample_limited,113
recovery_rank_0.6,predicted_rank_detectable,48,0.4915430254004694,0.7227391049927586,0.8228364934762252,runs/20260612_204555_stage4_sample_s113,sample_limited,113
recovery_rank_0.6,predicted_rank_whitened_detectable,48,0.4915430254004694,0.7227391049927586,0.8228364934762252,runs/20260612_204555_stage4_sample_s113,sample_limited,113
recovery_rank_0.6,predicted_rank_raw_detectable,48,0.486890374258894,0.7602269347845626,0.8265926157015564,runs/20260612_204555_stage4_sample_s113,sample_limited,113
recovery_rank_0.6,predicted_rank_raw_effective,48,0.4757472272808303,0.7120293713313839,0.8355199195082931,runs/20260612_204555_stage4_sample_s113,sample_limited,113
recovery_rank_0.6,predicted_rank_whitened_stable,48,0.4407904751189617,0.7458061473452106,0.8629263294000243,runs/20260612_204555_stage4_sample_s113,sample_limited,113
recovery_rank_0.6,predicted_rank_raw_stable,48,0.1916558018252936,0.4693885629420365,1.0374916331657276,runs/20260612_204555_stage4_sample_s113,sample_limited,113
recovery_rank_0.7,gradient_effective_rank,45,0.6262778150708587,0.7541981312280542,0.819169668251871,runs/20260612_204555_stage4_sample_s113,sample_limited,113
recovery_rank_0.7,whitened_gradient_effective_rank,45,0.6262778150708587,0.7541981312280542,0.819169668251871,runs/20260612_204555_stage4_sample_s113,sample_limited,113
recovery_rank_0.7,raw_gradient_effective_rank,45,0.543584050425201,0.6957410180101092,0.9052735464505712,runs/20260612_204555_stage4_sample_s113,sample_limited,113
recovery_rank_0.7,predicted_rank_whitened_effective,45,0.514585686756595,0.7246269517382748,0.9335889710629516,runs/20260612_204555_stage4_sample_s113,sample_limited,113
recovery_rank_0.7,predicted_rank_whitened_stable,45,0.4991749174917492,0.7285508754969536,0.9482928130378608,runs/20260612_204555_stage4_sample_s113,sample_limited,113
recovery_rank_0.7,gradient_stable_rank,45,0.4588179926424368,0.6537059608753555,0.9857597881216196,runs/20260612_204555_stage4_sample_s113,sample_limited,113
recovery_rank_0.7,whitened_gradient_stable_rank,45,0.4588179926424368,0.6537059608753555,0.9857597881216196,runs/20260612_204555_stage4_sample_s113,sample_limited,113
recovery_rank_0.7,raw_gradient_stable_rank,45,0.4551458698445884,0.6643160958756068,0.989098508930197,runs/20260612_204555_stage4_sample_s113,sample_limited,113
recovery_rank_0.7,predicted_rank_detectable,45,0.4391461204944025,0.6003132996339089,1.0035159685830424,runs/20260612_204555_stage4_sample_s113,sample_limited,113
recovery_rank_0.7,predicted_rank_whitened_detectable,45,0.4391461204944025,0.6003132996339089,1.0035159685830424,runs/20260612_204555_stage4_sample_s113,sample_limited,113
recovery_rank_0.7,gradient_detectable_rank,45,0.4278238573147507,0.5800221469719925,1.0135946190439489,runs/20260612_204555_stage4_sample_s113,sample_limited,113
recovery_rank_0.7,whitened_gradient_detectable_rank,45,0.4278238573147507,0.5800221469719925,1.0135946190439489,runs/20260612_204555_stage4_sample_s113,sample_limited,113
recovery_rank_0.7,predicted_rank_raw_effective,45,0.4068746497291238,0.608030452105616,1.0319832933820714,runs/20260612_204555_stage4_sample_s113,sample_limited,113
recovery_rank_0.7,true_k_strong,45,0.3850932504341698,0.5104613688301843,1.0507612622910758,runs/20260612_204555_stage4_sample_s113,sample_limited,113
recovery_rank_0.7,raw_gradient_detectable_rank,45,0.378270700596463,0.5545277289077456,1.0565744164968618,runs/20260612_204555_stage4_sample_s113,sample_limited,113
recovery_rank_0.7,predicted_rank_raw_detectable,45,0.3778560548362528,0.5762456595159664,1.056926684824457,runs/20260612_204555_stage4_sample_s113,sample_limited,113
recovery_rank_0.7,predicted_rank_raw_stable,45,0.1699080622347947,0.4074475296555266,1.220850601210562,runs/20260612_204555_stage4_sample_s113,sample_limited,113
recovery_rank_0.8,predicted_rank_whitened_effective,35,0.5535990114303369,0.7530765418276169,1.1270890250240528,runs/20260612_204555_stage4_sample_s113,sample_limited,113
recovery_rank_0.8,gradient_effective_rank,35,0.4689949599642428,0.6130956840737702,1.2292634494753516,runs/20260612_204555_stage4_sample_s113,sample_limited,113
recovery_rank_0.8,whitened_gradient_effective_rank,35,0.4689949599642428,0.6130956840737702,1.2292634494753516,runs/20260612_204555_stage4_sample_s113,sample_limited,113
recovery_rank_0.8,predicted_rank_whitened_stable,35,0.4520497721221966,0.6813920332837188,1.2487232645115025,runs/20260612_204555_stage4_sample_s113,sample_limited,113
recovery_rank_0.8,raw_gradient_effective_rank,35,0.3977411628368218,0.5288360862159727,1.3091434515029017,runs/20260612_204555_stage4_sample_s113,sample_limited,113
recovery_rank_0.8,predicted_rank_detectable,35,0.3582205133251793,0.5770742392053584,1.351414464000189,runs/20260612_204555_stage4_sample_s113,sample_limited,113
recovery_rank_0.8,predicted_rank_whitened_detectable,35,0.3582205133251793,0.5770742392053584,1.351414464000189,runs/20260612_204555_stage4_sample_s113,sample_limited,113
recovery_rank_0.8,gradient_stable_rank,35,0.3357748588614969,0.5626827382368168,1.3748436176774528,runs/20260612_204555_stage4_sample_s113,sample_limited,113
recovery_rank_0.8,whitened_gradient_stable_rank,35,0.3357748588614969,0.5626827382368168,1.3748436176774528,runs/20260612_204555_stage4_sample_s113,sample_limited,113
recovery_rank_0.8,gradient_detectable_rank,35,0.3271955795872717,0.5415726533190176,1.3836940234966042,runs/20260612_204555_stage4_sample_s113,sample_limited,113
recovery_rank_0.8,whitened_gradient_detectable_rank,35,0.3271955795872717,0.5415726533190176,1.3836940234966042,runs/20260612_204555_stage4_sample_s113,sample_limited,113
recovery_rank_0.8,raw_gradient_stable_rank,35,0.3244684413051271,0.5521145852851609,1.386495512805158,runs/20260612_204555_stage4_sample_s113,sample_limited,113
recovery_rank_0.8,true_k_strong,35,0.3031589721479764,0.4852266603269015,1.408194044807153,runs/20260612_204555_stage4_sample_s113,sample_limited,113
recovery_rank_0.8,predicted_rank_raw_detectable,35,0.281124497991968,0.5142838767692075,1.430284686946723,runs/20260612_204555_stage4_sample_s113,sample_limited,113
recovery_rank_0.8,raw_gradient_detectable_rank,35,0.2669844022655095,0.463468370021807,1.444282852534238,runs/20260612_204555_stage4_sample_s113,sample_limited,113
recovery_rank_0.8,predicted_rank_raw_effective,35,0.1900509385785957,0.4253838878883662,1.5181843151566834,runs/20260612_204555_stage4_sample_s113,sample_limited,113
recovery_rank_0.8,predicted_rank_raw_stable,35,0.0206804228407885,0.1377727658884843,1.6693902213088592,runs/20260612_204555_stage4_sample_s113,sample_limited,113
recovery_rank_0.85,true_k_strong,23,0.8489041611883252,0.9041937142324452,0.6802302218903483,runs/20260612_204555_stage4_sample_s113,sample_limited,113
recovery_rank_0.85,gradient_detectable_rank,23,0.7822380063152468,0.8277100441357411,0.8166213183818607,runs/20260612_204555_stage4_sample_s113,sample_limited,113
recovery_rank_0.85,whitened_gradient_detectable_rank,23,0.7822380063152468,0.8277100441357411,0.8166213183818607,runs/20260612_204555_stage4_sample_s113,sample_limited,113
recovery_rank_0.85,gradient_effective_rank,23,0.778953479269131,0.8120915524542561,0.8227568618103219,runs/20260612_204555_stage4_sample_s113,sample_limited,113
recovery_rank_0.85,whitened_gradient_effective_rank,23,0.778953479269131,0.8120915524542561,0.8227568618103219,runs/20260612_204555_stage4_sample_s113,sample_limited,113
recovery_rank_0.85,predicted_rank_detectable,23,0.7631560620449509,0.8358034002877365,0.8516493277637754,runs/20260612_204555_stage4_sample_s113,sample_limited,113
recovery_rank_0.85,predicted_rank_whitened_detectable,23,0.7631560620449509,0.8358034002877365,0.8516493277637754,runs/20260612_204555_stage4_sample_s113,sample_limited,113
recovery_rank_0.85,raw_gradient_effective_rank,23,0.7149336675576028,0.7919778297928505,0.9343350380057188,runs/20260612_204555_stage4_sample_s113,sample_limited,113
recovery_rank_0.85,raw_gradient_detectable_rank,23,0.7127200692546032,0.7607585960378992,0.9379556740683932,runs/20260612_204555_stage4_sample_s113,sample_limited,113
recovery_rank_0.85,predicted_rank_raw_detectable,23,0.6932370788867963,0.7925315671820736,0.9692394970557642,runs/20260612_204555_stage4_sample_s113,sample_limited,113
recovery_rank_0.85,predicted_rank_whitened_effective,23,0.6713829934803717,0.8220474479450431,1.0031703530336544,runs/20260612_204555_stage4_sample_s113,sample_limited,113
recovery_rank_0.85,raw_gradient_stable_rank,23,0.6437013182482428,0.745213424605082,1.0445681486072491,runs/20260612_204555_stage4_sample_s113,sample_limited,113
recovery_rank_0.85,gradient_stable_rank,23,0.6261530238188469,0.6899006872862163,1.069982334194634,runs/20260612_204555_stage4_sample_s113,sample_limited,113
recovery_rank_0.85,whitened_gradient_stable_rank,23,0.6261530238188469,0.6899006872862163,1.069982334194634,runs/20260612_204555_stage4_sample_s113,sample_limited,113
recovery_rank_0.85,predicted_rank_raw_effective,23,0.6089415395787944,0.7406686732233558,1.0943355666708536,runs/20260612_204555_stage4_sample_s113,sample_limited,113
recovery_rank_0.85,predicted_rank_whitened_stable,23,0.5663299663299664,0.7478555096271439,1.1524162620801215,runs/20260612_204555_stage4_sample_s113,sample_limited,113
recovery_rank_0.85,predicted_rank_raw_stable,23,0.109291747888239,0.351997708043255,1.6515716112798,runs/20260612_204555_stage4_sample_s113,sample_limited,113
recovery_rank_0.9,predicted_rank_whitened_effective,13,0.2543346774193548,0.4346591439606113,1.4552889764451522,runs/20260612_204555_stage4_sample_s113,sample_limited,113
recovery_rank_0.9,gradient_effective_rank,13,0.2340260706979358,0.521108587652889,1.4749736454670743,runs/20260612_204555_stage4_sample_s113,sample_limited,113
recovery_rank_0.9,whitened_gradient_effective_rank,13,0.2340260706979358,0.521108587652889,1.4749736454670743,runs/20260612_204555_stage4_sample_s113,sample_limited,113
recovery_rank_0.9,raw_gradient_effective_rank,13,0.1759502371021917,0.4090422247167838,1.5298680884291216,runs/20260612_204555_stage4_sample_s113,sample_limited,113
recovery_rank_0.9,predicted_rank_detectable,13,0.1225000000000001,0.3060147408949798,1.5787044347526522,runs/20260612_204555_stage4_sample_s113,sample_limited,113
recovery_rank_0.9,predicted_rank_whitened_detectable,13,0.1225000000000001,0.3060147408949798,1.5787044347526522,runs/20260612_204555_stage4_sample_s113,sample_limited,113
recovery_rank_0.9,predicted_rank_whitened_stable,13,0.1150520833333332,0.3232093527642505,1.5853900272366854,runs/20260612_204555_stage4_sample_s113,sample_limited,113
recovery_rank_0.9,predicted_rank_raw_detectable,13,0.1062499999999999,0.2891204218606617,1.593255013631383,runs/20260612_204555_stage4_sample_s113,sample_limited,113
recovery_rank_0.9,gradient_detectable_rank,13,0.1051934432812921,0.3265986323710904,1.594196477732674,runs/20260612_204555_stage4_sample_s113,sample_limited,113
recovery_rank_0.9,whitened_gradient_detectable_rank,13,0.1051934432812921,0.3265986323710904,1.594196477732674,runs/20260612_204555_stage4_sample_s113,sample_limited,113
recovery_rank_0.9,true_k_strong,13,0.1051934432812921,0.3265986323710904,1.594196477732674,runs/20260612_204555_stage4_sample_s113,sample_limited,113
recovery_rank_0.9,raw_gradient_stable_rank,13,0.0887850262201491,0.3642156795423417,1.6087467786192826,runs/20260612_204555_stage4_sample_s113,sample_limited,113
recovery_rank_0.9,predicted_rank_raw_effective,13,0.076854674796748,0.2467036860686349,1.6192440271658235,runs/20260612_204555_stage4_sample_s113,sample_limited,113
recovery_rank_0.9,raw_gradient_detectable_rank,13,0.0654887303367889,0.2529454550138674,1.6291817553431072,runs/20260612_204555_stage4_sample_s113,sample_limited,113
recovery_rank_0.9,gradient_stable_rank,13,0.0595713308544538,0.3193891343678997,1.6343316698395722,runs/20260612_204555_stage4_sample_s113,sample_limited,113
recovery_rank_0.9,whitened_gradient_stable_rank,13,0.0595713308544538,0.3193891343678997,1.6343316698395722,runs/20260612_204555_stage4_sample_s113,sample_limited,113
recovery_rank_0.9,predicted_rank_raw_stable,13,0.0340277777777777,-0.1966989481173607,1.6563785025137654,runs/20260612_204555_stage4_sample_s113,sample_limited,113
