layer,base_val_loss,oracle_val_loss,improvement_gap,best_rank,best_val_loss,true_k_strong,gradient_matrix_mode,gradient_detectable_rank,predicted_rank_detectable,gradient_effective_rank,predicted_rank_effective,gradient_stable_rank,predicted_rank_stable,raw_gradient_detectable_rank,predicted_rank_raw_detectable,raw_gradient_effective_rank,predicted_rank_raw_effective,raw_gradient_stable_rank,predicted_rank_raw_stable,whitened_gradient_detectable_rank,predicted_rank_whitened_detectable,whitened_gradient_effective_rank,predicted_rank_whitened_effective,whitened_gradient_stable_rank,predicted_rank_whitened_stable,predicted_rank_from_gradient,near_best_rank_gap_0.02,near_best_rank_gap_0.05,near_best_rank_gap_0.1,near_best_rank_gap_0.2,near_best_rank_gap_0.5,recovery_rank_0.5,recovery_rank_0.6,recovery_rank_0.7,recovery_rank_0.8,recovery_rank_0.85,recovery_rank_0.9,recovery_rank_0.95,penalized_rank_lambda_0.03,penalized_rank_lambda_0.05,penalized_rank_lambda_0.08,penalized_rank_lambda_0.1,penalized_rank_lambda_0.15,penalized_rank_lambda_0.2,penalized_rank_lambda_0.3,penalized_rank_lambda_0.5,run_dir,condition,seed
0,0.1282000304647284,0.0025086998271408,0.1256913306375875,32,0.0102481516507826,3,activation_whitened,3,4,3.017122367143527,4,2.367441974193886,4,3,4,2.668298735193369,4,1.7517725686396008,2,3,4,3.017122367143527,4,2.367441974193886,4,4,16,8,8,4,2,2.0,2.0,4.0,8.0,8.0,8.0,,16,16,8,8,8,8,8,8,runs/20260612_160944_stage4_hard_s101,hard_knee,101
1,0.4335649607520391,0.0025027406352685,0.4310622201167706,32,0.0214746603939358,8,activation_whitened,8,8,7.491199955754171,8,4.063435885812669,8,4,4,4.890197334106238,8,2.032963174234338,4,8,8,7.491199955754171,8,4.063435885812669,8,8,32,16,8,8,4,4.0,4.0,8.0,8.0,8.0,16.0,32.0,32,32,16,16,16,16,8,8,runs/20260612_160944_stage4_hard_s101,hard_knee,101
2,0.0999941105739229,0.0025026478628433,0.0974914627110796,32,0.0036551306638143,1,activation_whitened,1,1,1.100226072175455,2,1.0113055222356262,2,1,1,1.107919425290519,2,1.0138450213790988,2,1,1,1.100226072175455,2,1.0113055222356262,2,1,1,1,1,1,1,1.0,1.0,1.0,1.0,1.0,1.0,1.0,4,2,1,1,1,1,1,1,runs/20260612_160944_stage4_hard_s101,hard_knee,101
3,0.164957470015283,0.0024818113803772,0.1624756586349058,32,0.0056417458953086,3,activation_whitened,3,4,3.058228592822572,4,2.3166030769914374,4,3,4,2.715864110584152,4,1.7398990023659986,2,3,4,3.058228592822572,4,2.3166030769914374,4,4,4,4,4,4,2,2.0,2.0,2.0,4.0,4.0,4.0,4.0,4,4,4,4,4,4,4,4,runs/20260612_160944_stage4_hard_s101,hard_knee,101
4,0.2885064051432866,0.0024955831107182,0.2860108220325684,32,0.0039066774680663,3,activation_whitened,3,4,3.035767309767436,4,2.4544868629522525,4,3,4,2.4804522562858526,4,1.5636557513472211,2,3,4,3.035767309767436,4,2.4544868629522525,4,4,4,4,4,4,2,2.0,2.0,2.0,4.0,4.0,4.0,4.0,4,4,4,4,4,4,4,4,runs/20260612_160944_stage4_hard_s101,hard_knee,101
5,0.2575191565944975,0.0024926716191871,0.2550264849753104,32,0.0040449841704113,2,activation_whitened,2,2,2.0246705394125857,4,1.583888275163245,2,2,2,1.530783180144197,2,1.1639820483254084,2,2,2,2.0246705394125857,4,1.583888275163245,2,2,4,4,2,2,1,1.0,1.0,2.0,2.0,2.0,2.0,4.0,4,4,4,4,4,4,4,4,runs/20260612_160944_stage4_hard_s101,hard_knee,101
6,0.2386103419991775,0.002500442332208,0.2361098996669695,32,0.0305350614550958,8,activation_whitened,6,8,5.569071796816798,8,2.6933191527601266,4,4,4,3.849514069676576,4,1.8347648243282897,2,6,8,5.569071796816798,8,2.6933191527601266,4,8,32,16,8,4,2,2.0,2.0,4.0,8.0,32.0,,,32,32,8,8,8,8,8,8,runs/20260612_160944_stage4_hard_s101,hard_knee,101
7,0.2542049296922864,0.0024854249316894,0.251719504760597,32,0.0104515874546583,5,activation_whitened,5,8,4.794393903173019,8,3.132526940193624,4,5,8,4.213715303410438,8,2.610871626280776,4,5,8,4.794393903173019,8,3.132526940193624,4,8,16,16,8,4,4,4.0,4.0,4.0,4.0,4.0,8.0,16.0,16,16,16,16,16,8,8,4,runs/20260612_160944_stage4_hard_s101,hard_knee,101
8,0.3628599514149718,0.0024956074499265,0.3603643439650453,32,0.0189121279856233,7,activation_whitened,7,8,6.390084470579992,8,3.891308248689872,4,5,8,4.785424682876978,8,2.448339775416887,4,7,8,6.390084470579992,8,3.891308248689872,4,8,16,16,8,8,4,4.0,4.0,4.0,8.0,8.0,8.0,32.0,32,16,16,16,16,8,8,8,runs/20260612_160944_stage4_hard_s101,hard_knee,101
9,0.0679116135795829,0.0024973081150762,0.0654143054645067,32,0.0036066251646536,1,activation_whitened,1,1,1.1031082577250435,2,1.0110965382177788,2,1,1,1.100967534441682,2,1.0124063045514804,2,1,1,1.1031082577250435,2,1.0110965382177788,2,1,1,1,1,1,1,1.0,1.0,1.0,1.0,1.0,1.0,1.0,2,2,2,2,2,2,1,1,runs/20260612_160944_stage4_hard_s101,hard_knee,101
10,0.0537303011126012,0.0025129646727588,0.0512173364398424,32,0.0044078108857554,1,activation_whitened,1,1,1.2399574838868737,2,1.0304426231428097,2,1,1,1.1050486200210266,2,1.0136877256335628,2,1,1,1.2399574838868737,2,1.0304426231428097,2,1,2,1,1,1,1,1.0,1.0,1.0,1.0,1.0,1.0,2.0,4,4,2,2,2,2,2,1,runs/20260612_160944_stage4_hard_s101,hard_knee,101
11,0.175558437480786,0.0025162566021325,0.1730421808786535,32,0.0303236684516489,6,activation_whitened,6,8,4.835323953422774,8,2.612011907379564,4,3,4,3.1483098363951245,4,1.601009617582816,2,6,8,4.835323953422774,8,2.612011907379564,4,8,32,16,8,4,1,2.0,4.0,8.0,16.0,,,,32,32,16,16,16,16,8,4,runs/20260612_160944_stage4_hard_s101,hard_knee,101
12,0.1660128292746478,0.0025053813623776,0.1635074479122702,32,0.0031765237967915,2,activation_whitened,2,2,2.0456401865155245,4,1.808038606647136,2,2,2,1.8231307161795096,2,1.3789660359192562,2,2,2,2.0456401865155245,4,1.808038606647136,2,2,2,2,2,2,1,1.0,2.0,2.0,2.0,2.0,2.0,2.0,4,4,4,4,2,2,2,2,runs/20260612_160944_stage4_hard_s101,hard_knee,101
13,0.1165244859134612,0.0024925225592173,0.1140319633542439,32,0.0085920762738404,3,activation_whitened,3,4,3.0726483061982086,4,2.286390780073261,4,3,4,2.3673708855264937,4,1.469060284685716,2,3,4,3.0726483061982086,4,2.286390780073261,4,4,8,8,8,4,2,2.0,2.0,2.0,4.0,8.0,8.0,,8,8,8,8,8,8,8,8,runs/20260612_160944_stage4_hard_s101,hard_knee,101
14,0.0892471909952541,0.0025007154623529,0.0867464755329012,32,0.0054245637814134,2,activation_whitened,2,2,2.041129712745425,4,1.6255415606238712,2,2,2,1.8810671662098808,2,1.4209282911695138,2,2,2,2.041129712745425,4,1.6255415606238712,2,2,16,2,2,2,1,1.0,2.0,2.0,2.0,2.0,2.0,16.0,8,8,8,2,2,2,2,2,runs/20260612_160944_stage4_hard_s101,hard_knee,101
15,0.1917479921217144,0.0025053747834235,0.1892426173382909,32,0.011710195508115,4,activation_whitened,4,4,3.835778561381178,4,2.4730162761234,4,4,4,2.665848836265352,4,1.4770745846128508,2,4,4,3.835778561381178,4,2.4730162761234,4,4,32,16,16,4,2,2.0,4.0,4.0,4.0,16.0,16.0,32.0,32,16,16,16,16,16,4,4,runs/20260612_160944_stage4_hard_s101,hard_knee,101
16,0.3051959737632274,0.0025083751608481,0.3026875986023792,32,0.0301220715787545,8,activation_whitened,8,8,7.326321507720763,8,4.118502368019252,8,4,4,5.072236820422406,8,2.3481645928710053,4,8,8,7.326321507720763,8,4.118502368019252,8,8,32,32,16,8,4,4.0,4.0,8.0,16.0,32.0,32.0,,32,32,32,32,16,16,8,8,runs/20260612_160944_stage4_hard_s101,hard_knee,101
17,0.1071997128397712,0.0024877865055614,0.1047119263342098,32,0.0033761033181632,1,activation_whitened,1,1,1.0835899255755053,2,1.0091721253911057,2,1,1,1.0599991923169234,2,1.0071812973140482,2,1,1,1.0835899255755053,2,1.0091721253911057,2,1,1,1,1,1,1,1.0,1.0,1.0,1.0,1.0,1.0,1.0,2,2,2,2,2,1,1,1,runs/20260612_160944_stage4_hard_s101,hard_knee,101
18,0.2394126166879577,0.0024907521382516,0.2369218645497061,32,0.0035357263017658,2,activation_whitened,2,2,1.973158256158412,2,1.5336511344736776,2,2,2,1.6795919972666231,2,1.2550163405375008,2,2,2,1.973158256158412,2,1.5336511344736776,2,2,2,2,2,2,1,1.0,1.0,2.0,2.0,2.0,2.0,2.0,2,2,2,2,2,2,2,2,runs/20260612_160944_stage4_hard_s101,hard_knee,101
19,0.2568169647216369,0.0025064044883145,0.2543105602333224,32,0.0336701569423357,8,activation_whitened,8,8,6.968709346189793,8,4.341117548339248,8,4,4,5.374143572558586,8,2.631922412667615,4,8,8,6.968709346189793,8,4.341117548339248,8,8,32,16,8,4,2,4.0,4.0,4.0,16.0,32.0,,,32,32,16,16,16,8,8,8,runs/20260612_160944_stage4_hard_s101,hard_knee,101
20,0.5682487207275131,0.002503686415563,0.5657450343119501,32,0.0083405399414562,7,activation_whitened,7,8,6.65730012452392,8,4.236147781286374,8,5,8,5.212895193627381,8,2.412517570281781,4,7,8,6.65730012452392,8,4.236147781286374,8,8,16,8,8,8,4,4.0,4.0,8.0,8.0,8.0,8.0,8.0,16,16,8,8,8,8,8,8,runs/20260612_160944_stage4_hard_s101,hard_knee,101
21,0.0811399754388271,0.0025234197230182,0.0786165557158089,32,0.0049239105256253,2,activation_whitened,2,2,2.0548754092304287,4,1.6999026564731816,2,2,2,1.8839173678138643,2,1.4433552246304084,2,2,2,2.0548754092304287,4,1.6999026564731816,2,2,16,4,4,4,1,1.0,4.0,4.0,4.0,4.0,4.0,16.0,16,16,16,4,4,4,4,4,runs/20260612_160944_stage4_hard_s101,hard_knee,101
22,0.2160158800617472,0.0025090674937464,0.2135068125680008,32,0.0160344186677196,5,activation_whitened,5,8,4.827695071668731,8,3.312808623059054,4,3,4,3.264564735575469,4,1.6870364633537194,2,5,8,4.827695071668731,8,3.312808623059054,4,8,16,8,8,8,2,2.0,4.0,8.0,8.0,8.0,16.0,,32,16,16,16,8,8,8,8,runs/20260612_160944_stage4_hard_s101,hard_knee,101
23,0.0796276958143362,0.0024826728786211,0.0771450229357151,32,0.0048589594714388,2,activation_whitened,2,2,2.173099282785922,4,1.885243802180301,2,2,2,2.087666824789127,4,1.7782934117344489,2,2,2,2.173099282785922,4,1.885243802180301,2,2,4,4,2,2,1,2.0,2.0,2.0,2.0,2.0,4.0,4.0,16,8,4,4,4,4,4,4,runs/20260612_160944_stage4_hard_s101,hard_knee,101
24,0.2077008328742935,0.0024992332535159,0.2052015996207776,32,0.0081922743307736,4,activation_whitened,4,4,3.9898494176708175,4,3.08726007760421,4,4,4,3.366275142977868,4,2.0740369094172766,4,4,4,3.9898494176708175,4,3.08726007760421,4,4,16,8,4,4,2,2.0,4.0,4.0,4.0,4.0,8.0,16.0,16,8,8,8,8,8,8,4,runs/20260612_160944_stage4_hard_s101,hard_knee,101
25,0.0688752323195768,0.0025138900201675,0.0663613422994093,32,0.0030434487556506,1,activation_whitened,1,1,1.0601091524453563,2,1.005648888074127,2,1,1,1.029524139047955,2,1.0028280379092591,2,1,1,1.0601091524453563,2,1.005648888074127,2,1,1,1,1,1,1,1.0,1.0,1.0,1.0,1.0,1.0,1.0,4,4,1,1,1,1,1,1,runs/20260612_160944_stage4_hard_s101,hard_knee,101
26,0.2776597267616717,0.0025082512109913,0.2751514755506804,32,0.0052457472803028,4,activation_whitened,4,4,4.005632914868973,8,3.3397468171963283,4,4,4,3.628536807013695,4,2.3883365583171567,4,4,4,4.005632914868973,8,3.3397468171963283,4,4,8,8,8,4,2,2.0,4.0,4.0,4.0,8.0,8.0,8.0,8,8,8,8,8,8,8,8,runs/20260612_160944_stage4_hard_s101,hard_knee,101
27,0.3419694396726294,0.0024748245584858,0.3394946151141436,32,0.0173201289519031,7,activation_whitened,7,8,5.911648885939146,8,2.959995794386417,4,3,4,4.005501167863775,8,1.8715434877864696,2,7,8,5.911648885939146,8,2.959995794386417,4,8,32,16,8,8,2,2.0,4.0,4.0,8.0,8.0,16.0,32.0,32,32,16,16,16,8,8,8,runs/20260612_160944_stage4_hard_s101,hard_knee,101
28,0.4124061329426193,0.002499570747349,0.4099065621952703,32,0.0141181177254229,7,activation_whitened,7,8,6.685217012929813,8,4.501373791512476,8,6,8,5.416471007902021,8,3.192856142931132,4,7,8,6.685217012929813,8,4.501373791512476,8,8,32,8,8,8,4,4.0,4.0,8.0,8.0,8.0,8.0,32.0,32,16,8,8,8,8,8,8,runs/20260612_160944_stage4_hard_s101,hard_knee,101
29,0.4035776557481367,0.0024859929799208,0.4010916627682159,32,0.0113836380599878,6,activation_whitened,6,8,5.317378831289274,8,3.184943379024609,4,5,8,4.152082543324173,8,2.0057162746330337,4,6,8,5.317378831289274,8,3.184943379024609,4,8,16,8,8,4,2,2.0,4.0,4.0,4.0,8.0,8.0,16.0,16,16,16,16,8,8,8,8,runs/20260612_160944_stage4_hard_s101,hard_knee,101
30,0.2414817713923749,0.0024953212031823,0.2389864501891926,32,0.0118491628095109,5,activation_whitened,5,8,4.829838337708078,8,3.403024247155793,4,5,8,4.0366871180067045,8,2.204980411085561,4,5,8,4.829838337708078,8,3.403024247155793,4,8,32,8,8,4,2,4.0,4.0,4.0,8.0,8.0,8.0,32.0,32,8,8,8,8,8,8,8,runs/20260612_160944_stage4_hard_s101,hard_knee,101
31,0.2060637964248202,0.002489953182346,0.2035738432424742,32,0.0238159593060069,6,activation_whitened,6,8,5.436990817695052,8,3.200877531353904,4,4,4,3.705532024612154,4,1.72982921050278,2,6,8,5.436990817695052,8,3.200877531353904,4,8,16,16,8,4,2,2.0,4.0,4.0,8.0,16.0,,,32,16,16,16,16,16,8,8,runs/20260612_160944_stage4_hard_s101,hard_knee,101
32,0.4363582110383771,0.0025020773035108,0.4338561337348662,32,0.0092131092669771,6,activation_whitened,6,8,5.355388284492348,8,2.8623320710028883,4,2,2,3.182291072779876,4,1.5330728228015724,2,6,8,5.355388284492348,8,2.8623320710028883,4,8,16,8,8,8,2,2.0,4.0,4.0,8.0,8.0,8.0,8.0,16,16,8,8,8,8,8,8,runs/20260612_160944_stage4_hard_s101,hard_knee,101
33,0.0881947276760373,0.002472761542185,0.0857219661338523,32,0.0064776787629052,2,activation_whitened,2,2,2.2350926218192053,4,1.854756435763876,2,2,2,2.0955583916185767,4,1.5676566298547066,2,2,2,2.2350926218192053,4,1.854756435763876,2,2,4,2,2,2,2,2.0,2.0,2.0,2.0,2.0,2.0,32.0,16,4,4,4,4,4,4,2,runs/20260612_160944_stage4_hard_s101,hard_knee,101
34,0.0797623155154796,0.0025076298820784,0.0772546856334012,32,0.0031114544387091,1,activation_whitened,1,1,1.0626921409162533,2,1.0061023174279882,2,1,1,1.0395405075969903,2,1.0042243545637397,2,1,1,1.0626921409162533,2,1.0061023174279882,2,1,1,1,1,1,1,1.0,1.0,1.0,1.0,1.0,1.0,1.0,1,1,1,1,1,1,1,1,runs/20260612_160944_stage4_hard_s101,hard_knee,101
35,0.2711518067866668,0.0025140897073548,0.268637717079312,32,0.0262688831500132,8,activation_whitened,8,8,7.717088905752435,8,4.744144319218824,8,4,4,5.137592564952243,8,2.141908195032781,4,8,8,7.717088905752435,8,4.744144319218824,8,8,32,16,16,8,4,4.0,8.0,8.0,16.0,16.0,32.0,,32,32,16,16,16,16,16,8,runs/20260612_160944_stage4_hard_s101,hard_knee,101
36,0.1498596290834545,0.0024878992443536,0.1473717298391008,32,0.0034464054992628,2,activation_whitened,2,2,2.0532766308187376,4,1.836189049294381,2,2,2,1.9989267342176884,2,1.713459881043904,2,2,2,2.0532766308187376,4,1.836189049294381,2,2,2,2,2,2,2,2.0,2.0,2.0,2.0,2.0,2.0,2.0,4,4,4,4,4,4,2,2,runs/20260612_160944_stage4_hard_s101,hard_knee,101
37,0.3845090788473398,0.0025042897692493,0.3820047890780905,32,0.0235392269415546,7,activation_whitened,7,8,6.270673158471535,8,3.3165416908234,4,3,4,4.196477232708216,8,2.102241592045064,4,7,8,6.270673158471535,8,3.3165416908234,4,8,32,16,8,8,2,4.0,4.0,8.0,8.0,8.0,16.0,,32,16,16,16,16,16,8,8,runs/20260612_160944_stage4_hard_s101,hard_knee,101
38,0.2133790283129569,0.0025075625668709,0.210871465746086,32,0.004478613057425,3,activation_whitened,3,4,2.904349424965184,4,2.136065153662615,4,3,4,2.513637322461112,4,1.6562435223905907,2,3,4,2.904349424965184,4,2.136065153662615,4,4,4,4,4,4,2,2.0,2.0,2.0,4.0,4.0,4.0,4.0,8,8,4,4,4,4,4,4,runs/20260612_160944_stage4_hard_s101,hard_knee,101
39,0.1767991855265894,0.0024833406995201,0.1743158448270693,32,0.0079939188098674,3,activation_whitened,3,4,2.954348900951312,4,2.1771474845833656,4,3,4,2.315015182145619,4,1.4538710765923648,2,3,4,2.954348900951312,4,2.1771474845833656,4,4,8,8,4,4,2,2.0,2.0,2.0,4.0,4.0,4.0,8.0,8,8,8,8,8,8,8,4,runs/20260612_160944_stage4_hard_s101,hard_knee,101
40,0.2256723253130571,0.0024897036122447,0.2231826217008123,32,0.0036753728431931,2,activation_whitened,2,2,1.94686368806906,2,1.4808543469071684,2,2,2,1.6233480391995248,2,1.2153790740675128,2,2,2,1.94686368806906,2,1.4808543469071684,2,2,2,2,2,2,1,1.0,1.0,2.0,2.0,2.0,2.0,2.0,2,2,2,2,2,2,2,2,runs/20260612_160944_stage4_hard_s101,hard_knee,101
41,0.300608770842755,0.0024964795322075,0.2981122913105475,32,0.0230779466489897,8,activation_whitened,8,8,7.553141957147915,8,4.465082389898553,8,6,8,5.990080113436463,8,2.582505388257195,4,8,8,7.553141957147915,8,4.465082389898553,8,8,32,16,16,8,4,4.0,8.0,8.0,16.0,16.0,16.0,,32,32,16,16,16,16,16,16,runs/20260612_160944_stage4_hard_s101,hard_knee,101
42,0.2690634799655693,0.0024977974982195,0.2665656824673498,32,0.005081722735137,4,activation_whitened,4,4,3.885246771289456,4,2.951379537448548,4,4,4,3.390677929709823,4,2.145872234851752,4,4,4,3.885246771289456,4,2.951379537448548,4,4,8,8,4,4,2,2.0,4.0,4.0,4.0,4.0,4.0,8.0,8,8,8,8,8,8,8,4,runs/20260612_160944_stage4_hard_s101,hard_knee,101
43,0.2177172366797302,0.0025090620711165,0.2152081746086137,32,0.0180130089219685,5,activation_whitened,5,8,4.730817821356774,8,3.2545126844197605,4,4,4,3.802643328904293,4,2.0540376122563857,4,5,8,4.730817821356774,8,3.2545126844197605,4,8,32,8,8,4,2,2.0,4.0,4.0,8.0,8.0,8.0,,32,8,8,8,8,8,8,8,runs/20260612_160944_stage4_hard_s101,hard_knee,101
44,0.1509170602012293,0.0025032594275485,0.1484138007736808,32,0.0271302573523496,7,activation_whitened,7,8,5.815104370445225,8,3.433929946617234,4,5,8,5.107466029564977,8,2.705004328429278,4,7,8,5.815104370445225,8,3.433929946617234,4,8,32,32,8,4,2,4.0,4.0,8.0,32.0,,,,32,32,32,32,8,8,8,8,runs/20260612_160944_stage4_hard_s101,hard_knee,101
45,0.1798942600768415,0.0025061223682749,0.1773881377085666,32,0.0401971766879785,8,activation_whitened,8,8,6.789868072757555,8,3.821848895070983,4,3,4,4.370897416779617,8,1.9616024182351148,2,8,8,6.789868072757555,8,3.821848895070983,4,8,32,32,16,4,2,4.0,4.0,16.0,,,,,32,32,32,32,16,16,16,4,runs/20260612_160944_stage4_hard_s101,hard_knee,101
46,0.0539161107587091,0.0025171198558444,0.0513989909028647,32,0.0038831721610646,1,activation_whitened,1,1,1.1687290154663834,2,1.0199508394481702,2,1,1,1.1554496918660142,2,1.022181706193615,2,1,1,1.1687290154663834,2,1.0199508394481702,2,1,2,1,1,1,1,1.0,1.0,1.0,1.0,1.0,1.0,2.0,8,2,2,2,2,2,2,2,runs/20260612_160944_stage4_hard_s101,hard_knee,101
47,0.1271558508673673,0.0025066166841973,0.12464923418317,32,0.0087749722713925,3,activation_whitened,3,4,3.127687946107166,4,2.4603209467266307,4,3,4,2.7072611395948862,4,1.827583096485775,2,3,4,3.127687946107166,4,2.4603209467266307,4,4,8,8,4,4,2,2.0,2.0,2.0,4.0,4.0,8.0,,8,8,8,8,8,8,8,4,runs/20260612_160944_stage4_hard_s101,hard_knee,101
0,0.2211559256014215,0.0025075513462517,0.2186483742551698,32,0.0140305270175212,5,activation_whitened,5,8,4.781148764788651,8,3.0021641533928887,4,4,4,3.606686179359538,4,2.025776655931256,4,5,8,4.781148764788651,8,3.0021641533928887,4,8,16,8,8,4,2,2.0,4.0,4.0,8.0,8.0,8.0,,16,16,16,16,8,8,8,8,runs/20260612_165048_stage4_hard_s103,hard_knee,103
1,0.1543244389025625,0.0025110520335218,0.1518133868690407,32,0.0079980765908572,3,activation_whitened,3,4,2.850474896042067,4,1.9703957607902605,2,3,4,2.451345441965809,4,1.5528248775069955,2,3,4,2.850474896042067,4,1.9703957607902605,2,4,8,8,4,4,1,1.0,2.0,2.0,4.0,4.0,4.0,8.0,8,8,8,8,8,8,8,4,runs/20260612_165048_stage4_hard_s103,hard_knee,103
2,0.1934988706788797,0.0025024813139531,0.1909963893649266,32,0.0047817247605977,3,activation_whitened,3,4,2.9691010195570304,4,2.317837668286653,4,3,4,2.302369481451359,4,1.469259326933636,2,3,4,2.9691010195570304,4,2.317837668286653,4,4,8,4,4,4,2,2.0,2.0,2.0,4.0,4.0,4.0,4.0,8,8,8,8,4,4,4,4,runs/20260612_165048_stage4_hard_s103,hard_knee,103
3,0.0887118831095658,0.0025212928819079,0.0861905902276579,32,0.0051739851439612,2,activation_whitened,2,2,2.0124514725883875,4,1.5785646249381928,2,2,2,1.776470419876357,2,1.3225690185763244,2,2,2,2.0124514725883875,4,1.5785646249381928,2,2,16,8,2,2,1,1.0,1.0,2.0,2.0,2.0,2.0,16.0,16,16,16,16,2,2,2,2,runs/20260612_165048_stage4_hard_s103,hard_knee,103
4,0.2186643869393064,0.0024984825807603,0.2161659043585461,32,0.0162284696829908,5,activation_whitened,5,8,4.749888511538214,8,3.4578760281850087,4,4,4,3.77475465709555,4,2.4943021674473136,4,5,8,4.749888511538214,8,3.4578760281850087,4,8,32,16,8,4,2,2.0,4.0,4.0,8.0,8.0,16.0,,32,16,16,16,16,8,8,8,runs/20260612_165048_stage4_hard_s103,hard_knee,103
5,0.1820558166017525,0.0024995429663304,0.1795562736354221,32,0.0141723396203773,5,activation_whitened,5,8,4.956503740856313,8,3.6992089776442176,4,5,8,3.680217723141369,4,1.85214433326088,2,5,8,4.956503740856313,8,3.6992089776442176,4,8,32,16,16,8,2,4.0,4.0,4.0,8.0,16.0,16.0,,32,32,16,16,16,16,8,8,runs/20260612_165048_stage4_hard_s103,hard_knee,103
6,0.3286354165013797,0.0024828939625208,0.3261525225388588,32,0.0050743574280242,4,activation_whitened,4,4,3.769178449714663,4,2.540202102495849,4,4,4,3.0861264626547995,4,1.7303592964148555,2,4,4,3.769178449714663,4,2.540202102495849,4,4,8,4,4,4,2,2.0,2.0,4.0,4.0,4.0,4.0,4.0,8,8,8,8,8,4,4,4,runs/20260612_165048_stage4_hard_s103,hard_knee,103
7,0.3254856112534666,0.0024909953572388,0.3229946158962278,32,0.0193707312421905,6,activation_whitened,5,8,4.692372276592776,8,2.8366691095713183,4,2,2,3.3286054237287632,4,1.9174752092663696,2,5,8,4.692372276592776,8,2.8366691095713183,4,8,8,8,4,4,2,2.0,2.0,4.0,4.0,4.0,8.0,,16,8,8,8,8,8,8,4,runs/20260612_165048_stage4_hard_s103,hard_knee,103
8,0.2737580251441507,0.0025015768647442,0.2712564482794065,32,0.014396489676486,5,activation_whitened,5,8,4.671690358624678,8,2.9672588162139406,4,3,4,3.179061351824601,4,1.6974908827878197,2,5,8,4.671690358624678,8,2.9672588162139406,4,8,32,16,8,4,2,2.0,4.0,4.0,4.0,8.0,16.0,32.0,32,16,16,16,16,16,8,4,runs/20260612_165048_stage4_hard_s103,hard_knee,103
9,0.0467526617167385,0.0025006165625676,0.0442520451541709,32,0.0041509923951884,1,activation_whitened,1,1,1.1659267978980652,2,1.0185725994660553,2,1,1,1.1312076661451935,2,1.0166463356961764,2,1,1,1.1659267978980652,2,1.0185725994660553,2,1,1,1,1,1,1,1.0,1.0,1.0,1.0,1.0,1.0,8.0,8,1,1,1,1,1,1,1,runs/20260612_165048_stage4_hard_s103,hard_knee,103
10,0.1953401684496198,0.0024761053532901,0.1928640630963297,32,0.004511522212659,3,activation_whitened,3,4,2.958498240504799,4,2.1899389966167715,4,3,4,2.479446561450152,4,1.5607498292876192,2,3,4,2.958498240504799,4,2.1899389966167715,4,4,4,4,4,4,2,2.0,2.0,4.0,4.0,4.0,4.0,4.0,8,8,4,4,4,4,4,4,runs/20260612_165048_stage4_hard_s103,hard_knee,103
11,0.3837249577936307,0.0025102956692576,0.3812146621243731,32,0.0108560998499243,6,activation_whitened,6,8,5.231101229213597,8,3.0191599235018063,4,4,4,3.867929418839783,4,1.881475329522741,2,6,8,5.231101229213597,8,3.0191599235018063,4,8,16,8,8,4,2,2.0,4.0,4.0,8.0,8.0,8.0,8.0,16,8,8,8,8,8,8,8,runs/20260612_165048_stage4_hard_s103,hard_knee,103
12,0.224755707672492,0.0025064950346392,0.2222492126378528,32,0.0201953299866043,5,activation_whitened,5,8,4.586881622469557,8,2.826255981148448,4,4,4,3.726389489354307,4,2.4045498548399293,4,5,8,4.586881622469557,8,2.826255981148448,4,8,32,8,8,4,2,2.0,2.0,4.0,4.0,8.0,32.0,,32,8,8,8,8,8,8,8,runs/20260612_165048_stage4_hard_s103,hard_knee,103
13,0.0754169205607162,0.0025044641900235,0.0729124563706927,32,0.0049674591608877,2,activation_whitened,2,2,2.097202420506615,4,1.9286146180904444,2,2,2,1.9712366950715696,2,1.580964237501383,2,2,2,2.097202420506615,4,1.9286146180904444,2,2,8,4,4,2,1,2.0,2.0,2.0,2.0,2.0,4.0,16.0,8,4,4,4,4,4,4,4,runs/20260612_165048_stage4_hard_s103,hard_knee,103
14,0.1771960679070511,0.0025006804152016,0.1746953874918495,32,0.0072811031492054,3,activation_whitened,3,4,2.7729586589445776,4,1.89588317748014,2,2,2,2.229528712266804,4,1.5660903832827924,2,3,4,2.7729586589445776,4,1.89588317748014,2,4,16,4,4,2,1,2.0,2.0,2.0,2.0,4.0,4.0,16.0,32,8,8,4,4,4,4,4,runs/20260612_165048_stage4_hard_s103,hard_knee,103
15,0.21902063402916,0.0025232970163433,0.2164973370128167,32,0.0284413313023121,7,activation_whitened,7,8,6.449793331063432,8,3.803236810781148,4,3,4,4.582607931155224,8,2.132604167528953,4,7,8,6.449793331063432,8,3.803236810781148,4,8,32,16,16,8,2,4.0,8.0,8.0,16.0,16.0,,,32,16,16,16,16,16,16,8,runs/20260612_165048_stage4_hard_s103,hard_knee,103
16,0.2212327595266078,0.0025123284547375,0.2187204310718702,32,0.0051192846111755,3,activation_whitened,3,4,3.0447769738750976,4,2.4491182430163816,4,3,4,2.749892953732493,4,1.8782224103264809,2,3,4,3.0447769738750976,4,2.4491182430163816,4,4,8,8,4,4,2,2.0,2.0,2.0,4.0,4.0,4.0,8.0,8,8,8,8,8,8,8,4,runs/20260612_165048_stage4_hard_s103,hard_knee,103
17,0.2027423504263325,0.0025163696646961,0.2002259807616364,32,0.0239527129759411,6,activation_whitened,6,8,5.4048302376121535,8,3.184598530797184,4,4,4,4.6224151027869365,8,2.705626009119918,4,6,8,5.4048302376121535,8,3.184598530797184,4,8,32,16,8,4,2,2.0,4.0,4.0,8.0,16.0,,,32,32,32,16,8,8,8,4,runs/20260612_165048_stage4_hard_s103,hard_knee,103
18,0.2732361895306031,0.0025025618480491,0.270733627682554,32,0.0071365088309442,4,activation_whitened,4,4,3.870947157797161,4,2.732452707128228,4,4,4,3.008721112316549,4,1.7420918817143576,2,4,4,3.870947157797161,4,2.732452707128228,4,4,8,8,4,4,2,2.0,2.0,4.0,4.0,4.0,4.0,8.0,8,8,8,8,8,8,8,4,runs/20260612_165048_stage4_hard_s103,hard_knee,103
19,0.0911738283104018,0.0024850113683722,0.0886888169420296,32,0.0201373637694755,3,activation_whitened,3,4,3.014356527636792,4,1.97668537707618,2,3,4,2.56442125881874,4,1.500284108507916,2,3,4,3.014356527636792,4,1.97668537707618,2,4,32,16,16,8,1,4.0,8.0,16.0,32.0,,,,32,16,16,16,16,16,16,8,runs/20260612_165048_stage4_hard_s103,hard_knee,103
20,0.2270274457933075,0.002487432216802,0.2245400135765055,32,0.0247336494555751,6,activation_whitened,6,8,5.227529806536624,8,2.9923817856694046,4,5,8,4.298837280365277,8,2.209072697401606,4,6,8,5.227529806536624,8,2.9923817856694046,4,8,16,16,8,4,2,2.0,4.0,4.0,8.0,16.0,32.0,,32,16,16,16,16,16,8,4,runs/20260612_165048_stage4_hard_s103,hard_knee,103
21,0.1602648503155391,0.0024820306122772,0.1577828197032619,32,0.022703532936764,6,activation_whitened,6,8,5.162843286714135,8,2.8819295678321426,4,5,8,4.629009991598938,8,2.47576698880603,4,6,8,5.162843286714135,8,2.8819295678321426,4,8,32,16,16,4,2,2.0,4.0,4.0,16.0,32.0,,,32,32,32,16,16,16,8,4,runs/20260612_165048_stage4_hard_s103,hard_knee,103
22,0.2663855263011842,0.0024987061914303,0.2638868201097539,32,0.0095262805017044,5,activation_whitened,5,8,4.913423331354127,8,3.6972692826097857,4,5,8,4.349056145763217,8,2.702091311515668,4,5,8,4.913423331354127,8,3.6972692826097857,4,8,16,8,8,4,4,4.0,4.0,4.0,8.0,8.0,8.0,16.0,16,16,16,16,8,8,8,8,runs/20260612_165048_stage4_hard_s103,hard_knee,103
23,0.053840480422386,0.0025001200186005,0.0513403604037855,32,0.0035415365699648,1,activation_whitened,1,1,1.082960215437735,2,1.0080598708388278,2,1,1,1.043496622104834,2,1.0043700946915477,2,1,1,1.082960215437735,2,1.0080598708388278,2,1,4,2,1,1,1,1.0,1.0,1.0,1.0,1.0,1.0,4.0,8,4,4,4,4,4,4,2,runs/20260612_165048_stage4_hard_s103,hard_knee,103
24,0.3461410600791394,0.0024970287556204,0.343644031323519,32,0.0290567720822333,8,activation_whitened,8,8,7.6506288843069825,8,5.164627200955458,8,6,8,5.689604851307491,8,2.589460789088432,4,8,8,7.6506288843069825,8,5.164627200955458,8,8,32,16,16,8,4,4.0,4.0,8.0,8.0,16.0,32.0,,32,32,16,16,16,16,16,8,runs/20260612_165048_stage4_hard_s103,hard_knee,103
25,0.2526402914625458,0.0025062962205377,0.2501339952420081,32,0.0070609243099006,4,activation_whitened,4,4,3.942157802188581,4,2.8055896629100245,4,4,4,2.910836571711302,4,1.6384462461840876,2,4,4,3.942157802188581,4,2.8055896629100245,4,4,16,16,8,4,2,2.0,2.0,4.0,4.0,8.0,8.0,16.0,16,16,16,16,16,8,8,8,runs/20260612_165048_stage4_hard_s103,hard_knee,103
26,0.1436298403004959,0.0025016094249943,0.1411282308755015,32,0.0046402093441616,2,activation_whitened,2,2,2.157859496348204,4,1.805492580309168,2,2,2,2.0301087078374414,4,1.5954579777407687,2,2,2,2.157859496348204,4,1.805492580309168,2,2,2,2,2,2,1,1.0,2.0,2.0,2.0,2.0,2.0,2.0,2,2,2,2,2,2,2,2,runs/20260612_165048_stage4_hard_s103,hard_knee,103
27,0.3227764696439457,0.0024889492214544,0.3202875204224913,32,0.0365614685528824,8,activation_whitened,7,8,6.0730106606549805,8,3.062539255686912,4,4,4,5.153641436779996,8,2.540314001965577,4,7,8,6.0730106606549805,8,3.062539255686912,4,8,32,16,8,4,2,2.0,4.0,4.0,8.0,16.0,,,32,32,16,16,8,8,8,8,runs/20260612_165048_stage4_hard_s103,hard_knee,103
28,0.0786446855728725,0.0025058471557597,0.0761388384171128,32,0.0036456191217274,1,activation_whitened,1,1,1.1257638731696658,2,1.0145347622006786,2,1,1,1.118451146391976,2,1.01589301528779,2,1,1,1.1257638731696658,2,1.0145347622006786,2,1,1,1,1,1,1,1.0,1.0,1.0,1.0,1.0,1.0,1.0,8,1,1,1,1,1,1,1,runs/20260612_165048_stage4_hard_s103,hard_knee,103
29,0.4279386465094755,0.0024917881853361,0.4254468583241394,32,0.0172083598984537,7,activation_whitened,7,8,5.41174877658516,8,2.410220012799587,4,1,1,2.39948400154374,4,1.266633680190484,2,7,8,5.41174877658516,8,2.410220012799587,4,8,16,16,8,8,2,2.0,4.0,4.0,8.0,8.0,8.0,16.0,16,16,16,16,16,8,8,8,runs/20260612_165048_stage4_hard_s103,hard_knee,103
30,0.290646571753445,0.0025057906845071,0.2881407810689378,32,0.0083051193611468,5,activation_whitened,5,8,4.931724512956024,8,3.685406915778906,4,5,8,4.00648506942751,8,2.0831052389691225,4,5,8,4.931724512956024,8,3.685406915778906,4,8,16,8,8,4,4,4.0,4.0,4.0,4.0,8.0,8.0,8.0,16,16,8,8,8,8,8,8,runs/20260612_165048_stage4_hard_s103,hard_knee,103
31,0.1540656048181821,0.0025063699825117,0.1515592348356704,32,0.0104933060561071,4,activation_whitened,4,4,3.74121016252697,4,2.4527544700730104,4,3,4,2.638154203098342,4,1.4873370350753132,2,4,4,3.74121016252697,4,2.4527544700730104,4,4,32,8,8,4,2,2.0,2.0,4.0,8.0,8.0,8.0,,32,8,8,8,8,8,8,8,runs/20260612_165048_stage4_hard_s103,hard_knee,103
32,0.1232557920183615,0.0024988437422678,0.1207569482760936,32,0.0068152128718095,3,activation_whitened,3,4,3.0324609955556485,4,2.3361948228937592,4,3,4,2.548304264521257,4,1.6830526236720789,2,3,4,3.0324609955556485,4,2.3361948228937592,4,4,8,4,4,4,2,2.0,2.0,2.0,4.0,4.0,4.0,32.0,8,8,8,8,8,8,4,4,runs/20260612_165048_stage4_hard_s103,hard_knee,103
33,0.0498781208038271,0.0025037435758543,0.0473743772279728,32,0.004407723023025,1,activation_whitened,1,1,1.2494613360008733,2,1.0316070931256478,2,1,1,1.1265298148392022,2,1.0165263029539306,2,1,1,1.2494613360008733,2,1.0316070931256478,2,1,1,1,1,1,1,1.0,1.0,1.0,1.0,1.0,1.0,1.0,1,1,1,1,1,1,1,1,runs/20260612_165048_stage4_hard_s103,hard_knee,103
34,0.2211925353872112,0.0024846155231426,0.2187079198640686,32,0.0366084106836272,8,activation_whitened,8,8,7.094471845270569,8,4.055567428654735,8,5,8,5.432212468111808,8,2.566772868281713,4,8,8,7.094471845270569,8,4.055567428654735,8,8,32,32,16,8,2,4.0,4.0,8.0,32.0,,,,32,32,32,32,16,16,8,8,runs/20260612_165048_stage4_hard_s103,hard_knee,103
35,0.3520457400098661,0.002488366012508,0.3495573739973581,32,0.0051333242461178,3,activation_whitened,3,4,3.00098778267838,4,2.1520119109119697,4,3,4,2.2359626804198256,4,1.4152453510363685,2,3,4,3.00098778267838,4,2.1520119109119697,4,4,4,4,4,4,2,2.0,2.0,2.0,4.0,4.0,4.0,4.0,4,4,4,4,4,4,4,4,runs/20260612_165048_stage4_hard_s103,hard_knee,103
36,0.2581346086436846,0.0025074431487976,0.255627165494887,32,0.0284444816163396,6,activation_whitened,6,8,5.491400714688248,8,3.544832787267919,4,4,4,4.27553012901526,8,2.391373862717445,4,6,8,5.491400714688248,8,3.544832787267919,4,8,32,16,16,8,2,4.0,4.0,8.0,16.0,16.0,,,32,32,32,16,16,16,16,8,runs/20260612_165048_stage4_hard_s103,hard_knee,103
37,0.1585552482457126,0.0024934040358573,0.1560618442098553,32,0.0172174871112246,5,activation_whitened,5,8,4.957121429946279,8,3.4274289551421124,4,5,8,3.775225142816618,4,2.0132021134265417,4,5,8,4.957121429946279,8,3.4274289551421124,4,8,32,32,16,8,2,2.0,4.0,8.0,16.0,16.0,32.0,,32,32,32,32,16,16,16,4,runs/20260612_165048_stage4_hard_s103,hard_knee,103
38,0.0686373378570436,0.0025051886250205,0.0661321492320231,32,0.0055410471143226,2,activation_whitened,2,2,2.1424765893707765,4,1.7576808894972902,2,2,2,2.035976801779064,4,1.6526819299020636,2,2,2,2.1424765893707765,4,1.7576808894972902,2,2,16,8,2,2,2,2.0,2.0,2.0,2.0,2.0,8.0,32.0,16,16,8,8,8,8,8,2,runs/20260612_165048_stage4_hard_s103,hard_knee,103
39,0.1044345362179496,0.0024950448546501,0.1019394913632995,32,0.0034295661164783,1,activation_whitened,1,1,1.0828459213277035,2,1.0090884708808765,2,1,1,1.0332062519055103,2,1.003708174015945,2,1,1,1.0828459213277035,2,1.0090884708808765,2,1,1,1,1,1,1,1.0,1.0,1.0,1.0,1.0,1.0,1.0,2,1,1,1,1,1,1,1,runs/20260612_165048_stage4_hard_s103,hard_knee,103
40,0.2446701402977549,0.0024908650612379,0.242179275236517,32,0.0182467975392137,6,activation_whitened,6,8,5.472711005029575,8,3.46082047036953,4,6,8,5.068260478136204,8,2.7689084309465097,4,6,8,5.472711005029575,8,3.46082047036953,4,8,32,16,8,8,4,4.0,4.0,8.0,8.0,8.0,16.0,,32,16,16,16,16,8,8,8,runs/20260612_165048_stage4_hard_s103,hard_knee,103
41,0.1939375227642989,0.0025101626122893,0.1914273601520096,32,0.0042420830749884,2,activation_whitened,2,2,2.071078960774112,4,1.6685928438584632,2,2,2,1.8721994235882435,2,1.37909574067977,2,2,2,2.071078960774112,4,1.6685928438584632,2,2,2,2,2,2,1,1.0,2.0,2.0,2.0,2.0,2.0,2.0,4,4,4,2,2,2,2,2,runs/20260612_165048_stage4_hard_s103,hard_knee,103
42,0.2077079417174035,0.0024894923201571,0.2052184493972464,32,0.0347190661169673,8,activation_whitened,8,8,6.834791541849556,8,3.8045119336349074,4,4,4,4.515053322395301,8,1.935601436715063,2,8,8,6.834791541849556,8,3.8045119336349074,4,8,32,16,8,8,2,4.0,8.0,8.0,16.0,,,,32,32,16,16,16,16,8,8,runs/20260612_165048_stage4_hard_s103,hard_knee,103
43,0.3460026226311838,0.0025006051317546,0.3435020174994292,32,0.0311764036045281,8,activation_whitened,7,8,6.188388468782693,8,3.247286945084245,4,4,4,4.777629182096686,8,2.7171757950654687,4,7,8,6.188388468782693,8,3.247286945084245,4,8,32,16,8,4,2,2.0,4.0,4.0,8.0,16.0,32.0,,32,32,16,16,16,8,8,8,runs/20260612_165048_stage4_hard_s103,hard_knee,103
44,0.3007660413769342,0.0024960927310109,0.2982699486459232,32,0.0390773334777128,8,activation_whitened,8,8,7.570070067514374,8,5.060055528757169,8,3,4,4.892129284243436,8,2.12599883901968,4,8,8,7.570070067514374,8,5.060055528757169,8,8,32,16,16,8,4,4.0,8.0,8.0,16.0,32.0,,,32,32,16,16,16,16,16,8,runs/20260612_165048_stage4_hard_s103,hard_knee,103
45,0.2679466934652783,0.0025146140031901,0.2654320794620882,32,0.0183016054411296,5,activation_whitened,5,8,4.1784381914673565,8,2.1774258284922565,4,3,4,2.4855139843295726,4,1.348282890594306,2,5,8,4.1784381914673565,8,2.1774258284922565,4,8,32,16,8,4,1,2.0,2.0,4.0,8.0,8.0,16.0,,32,32,16,16,16,8,8,8,runs/20260612_165048_stage4_hard_s103,hard_knee,103
46,0.264982388044489,0.002501827743291,0.262480560301198,32,0.0386883113044832,8,activation_whitened,8,8,7.642771885022364,8,4.740587152368976,8,5,8,5.926913394529373,8,2.623932135583367,4,8,8,7.642771885022364,8,4.740587152368976,8,8,32,16,16,8,4,4.0,8.0,8.0,16.0,32.0,,,32,32,32,16,16,16,16,8,runs/20260612_165048_stage4_hard_s103,hard_knee,103
47,0.3414971367985157,0.0024994073240614,0.3389977294744543,32,0.011228053595423,6,activation_whitened,6,8,5.792067639271995,8,3.893414219080176,4,6,8,4.707879360685452,8,2.412736071042584,4,6,8,5.792067639271995,8,3.893414219080176,4,8,16,8,8,8,4,4.0,4.0,4.0,8.0,8.0,8.0,16.0,16,16,16,16,8,8,8,8,runs/20260612_165048_stage4_hard_s103,hard_knee,103
0,0.0533577345460405,0.002495777334928,0.0508619572111125,32,0.0049059804733069,1,activation_whitened,1,1,1.201081440550115,2,1.024278870004122,2,1,1,1.257184767196988,2,1.0367549017936866,2,1,1,1.201081440550115,2,1.024278870004122,2,1,16,2,2,1,1,1.0,1.0,1.0,1.0,2.0,2.0,32.0,2,2,2,2,2,2,2,2,runs/20260612_173148_stage4_hard_s107,hard_knee,107
1,0.1899905124050291,0.0025053433193503,0.1874851690856788,32,0.0205778624677036,6,activation_whitened,6,8,5.917735246736354,8,4.080896326284967,8,6,8,5.268289329771754,8,3.48985777051209,4,6,8,5.917735246736354,8,4.080896326284967,8,8,32,16,8,8,4,4.0,4.0,8.0,8.0,16.0,32.0,,32,32,16,16,16,8,8,8,runs/20260612_173148_stage4_hard_s107,hard_knee,107
2,0.2315965872600386,0.002497249649547,0.2290993376104916,32,0.0071093761100792,4,activation_whitened,4,4,3.792777809211106,4,2.574243463449975,4,3,4,2.817235104640321,4,1.5595595850626047,2,4,4,3.792777809211106,4,2.574243463449975,4,4,8,4,4,4,2,2.0,2.0,4.0,4.0,4.0,4.0,4.0,16,8,4,4,4,4,4,4,runs/20260612_173148_stage4_hard_s107,hard_knee,107
3,0.1129908803384174,0.0024859624673916,0.1105049178710257,32,0.005482837111405,2,activation_whitened,2,2,2.065565591472332,4,1.7659220652442975,2,2,2,1.7970841052487303,2,1.3301899404307886,2,2,2,2.065565591472332,4,1.7659220652442975,2,2,4,4,4,4,1,1.0,2.0,2.0,4.0,4.0,4.0,4.0,4,4,4,4,4,4,4,4,runs/20260612_173148_stage4_hard_s107,hard_knee,107
4,0.2499918932447854,0.0025042310300437,0.2474876622147417,32,0.0082171480597883,4,activation_whitened,4,4,3.6569063929277714,4,2.2578401261622907,4,3,4,2.618578704358411,4,1.472550539253218,2,4,4,3.6569063929277714,4,2.2578401261622907,4,4,16,8,4,4,2,2.0,2.0,4.0,4.0,4.0,8.0,16.0,16,16,16,8,8,8,8,4,runs/20260612_173148_stage4_hard_s107,hard_knee,107
5,0.1638296846137506,0.002496546227083,0.1613331383866676,32,0.0040475060982142,2,activation_whitened,2,2,2.082477172172728,4,1.8458240925715728,2,2,2,1.984854409834338,2,1.586322301541395,2,2,2,2.082477172172728,4,1.8458240925715728,2,2,2,2,2,2,1,1.0,2.0,2.0,2.0,2.0,2.0,2.0,4,4,2,2,2,2,2,2,runs/20260612_173148_stage4_hard_s107,hard_knee,107
6,0.2904273961517568,0.002510213549426,0.2879171826023308,32,0.0199751011335092,7,activation_whitened,7,8,6.468507240907162,8,3.604508860424337,4,4,4,4.174224150044472,8,1.8228695386108675,2,7,8,6.468507240907162,8,3.604508860424337,4,8,32,16,8,8,4,4.0,4.0,8.0,8.0,8.0,16.0,,32,32,16,16,16,8,8,8,runs/20260612_173148_stage4_hard_s107,hard_knee,107
7,0.3341721337798529,0.0025093871641984,0.3316627466156545,32,0.012014774348967,6,activation_whitened,6,8,5.698428059298286,8,3.832109803860367,4,6,8,4.805992959881524,8,2.475858049155707,4,6,8,5.698428059298286,8,3.832109803860367,4,8,16,8,8,8,2,4.0,4.0,4.0,8.0,8.0,8.0,16.0,32,16,16,16,8,8,8,8,runs/20260612_173148_stage4_hard_s107,hard_knee,107
8,0.2720068665814271,0.0025001716500204,0.2695066949314066,32,0.00578379162925,4,activation_whitened,4,4,3.8288384987223214,4,2.6033449601880547,4,4,4,3.298764638736145,4,1.9897352123917136,2,4,4,3.8288384987223214,4,2.6033449601880547,4,4,8,4,4,4,2,2.0,2.0,4.0,4.0,4.0,4.0,4.0,8,8,8,8,8,4,4,4,runs/20260612_173148_stage4_hard_s107,hard_knee,107
9,0.3258975660740137,0.00250130475962,0.3233962613143937,32,0.0098210197525329,6,activation_whitened,6,8,5.833497472309721,8,3.6675963571686863,4,6,8,4.503088956425019,8,2.0540160326035166,4,6,8,5.833497472309721,8,3.6675963571686863,4,8,16,8,8,8,4,4.0,4.0,4.0,8.0,8.0,8.0,16.0,16,16,16,16,8,8,8,8,runs/20260612_173148_stage4_hard_s107,hard_knee,107
10,0.1287688863466849,0.0024982414674585,0.1262706448792264,32,0.0049583096230431,1,activation_whitened,1,1,1.1765038714011138,2,1.0230979210460045,2,1,1,1.1060681208363532,2,1.0141854140032005,2,1,1,1.1765038714011138,2,1.0230979210460045,2,1,1,1,1,1,1,1.0,1.0,1.0,1.0,1.0,1.0,1.0,1,1,1,1,1,1,1,1,runs/20260612_173148_stage4_hard_s107,hard_knee,107
11,0.2520843270232872,0.0024988091997872,0.2495855178235,32,0.0321715906432444,7,activation_whitened,7,8,6.084604644225349,8,3.41930593891258,4,4,4,4.324140506301505,8,2.0115462678371827,4,7,8,6.084604644225349,8,3.41930593891258,4,8,32,16,8,4,2,4.0,4.0,8.0,16.0,32.0,,,32,32,32,16,16,8,8,8,runs/20260612_173148_stage4_hard_s107,hard_knee,107
12,0.0809416660454681,0.0025016746125496,0.0784399914329185,32,0.0146885013948052,3,activation_whitened,3,4,3.1238100999879705,4,2.656269306804517,4,3,4,2.767703463729555,4,1.832793956219672,2,3,4,3.1238100999879705,4,2.656269306804517,4,4,32,16,8,4,2,4.0,4.0,8.0,16.0,,,,32,16,16,16,16,16,8,4,runs/20260612_173148_stage4_hard_s107,hard_knee,107
13,0.1093571854677032,0.0024990023062828,0.1068581831614204,32,0.0360426446588057,8,activation_whitened,7,8,6.532762049699623,8,3.435028315496297,4,6,8,5.904852619183178,8,3.1134881821167344,4,7,8,6.532762049699623,8,3.435028315496297,4,8,32,32,16,8,2,8.0,16.0,,,,,,32,32,32,32,32,16,16,8,runs/20260612_173148_stage4_hard_s107,hard_knee,107
14,0.2318499840441652,0.0025218762412561,0.2293281078029091,32,0.0270283600224163,6,activation_whitened,6,8,5.0032844716928855,8,2.7123235712600704,4,4,4,3.792082674428056,4,1.9862987891241068,2,6,8,5.0032844716928855,8,2.7123235712600704,4,8,32,16,8,4,2,2.0,4.0,4.0,8.0,16.0,,,32,16,16,16,8,8,8,8,runs/20260612_173148_stage4_hard_s107,hard_knee,107
15,0.3920793639074769,0.0024890408984208,0.3895903230090561,32,0.006127659607326,5,activation_whitened,5,8,4.983152723060067,8,3.547536376709212,4,5,8,4.183744366667138,8,2.199419209609588,4,5,8,4.983152723060067,8,3.547536376709212,4,8,8,8,8,4,4,4.0,4.0,4.0,4.0,8.0,8.0,8.0,8,8,8,8,8,8,8,8,runs/20260612_173148_stage4_hard_s107,hard_knee,107
16,0.2046072678287759,0.002484285720974,0.2021229821078018,32,0.0046237926629706,3,activation_whitened,3,4,3.031974461813444,4,2.6938099850557,4,3,4,2.7323187305931054,4,1.910213577149195,2,3,4,3.031974461813444,4,2.6938099850557,4,4,4,4,4,4,2,2.0,2.0,4.0,4.0,4.0,4.0,4.0,8,4,4,4,4,4,4,4,runs/20260612_173148_stage4_hard_s107,hard_knee,107
17,0.1606787846204612,0.0025224103867826,0.1581563742336786,32,0.0042362216917418,2,activation_whitened,2,2,2.0946651463762582,4,1.7802322241664033,2,2,2,1.9257605386042609,2,1.4812843481370463,2,2,2,2.0946651463762582,4,1.7802322241664033,2,2,2,2,2,2,1,1.0,2.0,2.0,2.0,2.0,2.0,2.0,4,4,4,4,2,2,2,2,runs/20260612_173148_stage4_hard_s107,hard_knee,107
18,0.1563119526853466,0.0024850262587865,0.1538269264265601,32,0.0073197684544371,3,activation_whitened,3,4,3.038021073173549,4,2.281341634865796,4,3,4,2.8609963557166505,4,2.109501701795867,4,3,4,3.038021073173549,4,2.281341634865796,4,4,8,8,4,4,2,2.0,2.0,4.0,4.0,4.0,8.0,8.0,8,8,8,8,8,8,8,4,runs/20260612_173148_stage4_hard_s107,hard_knee,107
19,0.2796386078581498,0.0024905180414475,0.2771480898167023,32,0.0104198887151103,5,activation_whitened,5,8,4.632540634095475,8,2.82133971174976,4,5,8,3.9357973090466816,4,2.233252047712696,4,5,8,4.632540634095475,8,2.82133971174976,4,8,16,8,8,4,2,2.0,4.0,4.0,4.0,8.0,8.0,16.0,16,16,16,16,8,8,8,8,runs/20260612_173148_stage4_hard_s107,hard_knee,107
20,0.2403745237442093,0.0025003687680018,0.2378741549762075,32,0.0430238066849874,8,activation_whitened,6,8,5.559110420977441,8,2.4777979980188074,4,2,2,2.954477186465389,4,1.4379265570752915,2,6,8,5.559110420977441,8,2.4777979980188074,4,8,32,16,8,4,1,2.0,4.0,8.0,16.0,,,,32,32,16,16,16,16,8,8,runs/20260612_173148_stage4_hard_s107,hard_knee,107
21,0.0706902348076895,0.0025079813923453,0.0681822534153442,32,0.0050885539774802,2,activation_whitened,2,2,2.087163736075152,4,1.9320628529761388,2,2,2,1.9593350627063504,2,1.5874258040571108,2,2,2,2.087163736075152,4,1.9320628529761388,2,2,8,4,2,2,1,2.0,2.0,2.0,2.0,2.0,4.0,8.0,16,8,8,8,4,4,4,4,runs/20260612_173148_stage4_hard_s107,hard_knee,107
22,0.4444985962353057,0.0024874829945469,0.4420111132407588,32,0.0215233537988135,8,activation_whitened,8,8,7.454503949631363,8,4.838759804344182,8,4,4,4.951185651809973,8,2.1327160328143986,4,8,8,7.454503949631363,8,4.838759804344182,8,8,32,16,8,8,4,4.0,4.0,8.0,8.0,8.0,16.0,32.0,32,32,16,16,16,8,8,8,runs/20260612_173148_stage4_hard_s107,hard_knee,107
23,0.3191696941397945,0.0024869602400596,0.3166827338997349,32,0.0336055643609474,8,activation_whitened,8,8,6.90252180441987,8,3.5810738817763474,4,5,8,4.729064249626377,8,2.458898438062104,4,8,8,6.90252180441987,8,3.5810738817763474,4,8,32,16,8,8,2,4.0,4.0,8.0,8.0,16.0,32.0,,32,32,16,16,16,16,8,8,runs/20260612_173148_stage4_hard_s107,hard_knee,107
24,0.1825015831542478,0.0025115704958051,0.1799900126584427,32,0.0080962072234252,4,activation_whitened,4,4,4.029369818155231,8,2.948271075221507,4,4,4,3.088935746077428,4,1.6852828552931578,2,4,4,4.029369818155231,8,2.948271075221507,4,4,16,8,4,4,2,2.0,4.0,4.0,4.0,4.0,8.0,16.0,16,16,8,8,8,8,8,4,runs/20260612_173148_stage4_hard_s107,hard_knee,107
25,0.3396555854444503,0.0025035777531315,0.3371520076913188,32,0.0347342337419465,8,activation_whitened,8,8,7.206221543804891,8,3.792941838724035,4,3,4,4.11342756811568,8,1.8028194015930832,2,8,8,7.206221543804891,8,3.792941838724035,4,8,32,16,8,8,2,4.0,4.0,8.0,8.0,16.0,32.0,,32,32,32,16,16,8,8,8,runs/20260612_173148_stage4_hard_s107,hard_knee,107
26,0.2018283997017377,0.0024935923042662,0.1993348073974714,32,0.0165387657972046,5,activation_whitened,5,8,4.719681828755335,8,3.3369889230666048,4,3,4,3.4086101213087194,4,1.975744818370396,2,5,8,4.719681828755335,8,3.3369889230666048,4,8,32,16,16,4,2,2.0,4.0,4.0,8.0,16.0,32.0,,32,32,16,16,16,16,16,8,runs/20260612_173148_stage4_hard_s107,hard_knee,107
27,0.1677288761916597,0.0024758553589142,0.1652530208327454,32,0.0072728425068787,3,activation_whitened,3,4,2.8891186663252406,4,2.046913856456116,4,3,4,2.3341606257868355,4,1.486126683819109,2,3,4,2.8891186663252406,4,2.046913856456116,4,4,16,4,4,2,1,1.0,2.0,2.0,4.0,4.0,4.0,16.0,16,16,4,4,4,4,4,4,runs/20260612_173148_stage4_hard_s107,hard_knee,107
28,0.3489330413475345,0.0024947663879474,0.3464382749595871,32,0.0178371441846962,7,activation_whitened,7,8,6.762443973610919,8,4.532556390603332,8,6,8,5.088537014267142,8,2.331948210430669,4,7,8,6.762443973610919,8,4.532556390603332,8,8,32,16,16,8,4,4.0,4.0,8.0,8.0,16.0,16.0,32.0,32,32,32,16,16,16,16,8,runs/20260612_173148_stage4_hard_s107,hard_knee,107
29,0.2074394437713667,0.0025116216966053,0.2049278220747614,32,0.0042977076281767,3,activation_whitened,3,4,2.983488364210203,4,2.3707450291850423,4,3,4,2.9551028462550057,4,2.338002671462293,4,3,4,2.983488364210203,4,2.3707450291850423,4,4,4,4,4,4,2,2.0,2.0,4.0,4.0,4.0,4.0,4.0,4,4,4,4,4,4,4,4,runs/20260612_173148_stage4_hard_s107,hard_knee,107
30,0.3261142504702251,0.0025058301788718,0.3236084202913533,32,0.0313322152816051,8,activation_whitened,6,8,5.952227745698292,8,3.2384194487926545,4,4,4,4.5105566928512495,8,2.222085735615215,4,6,8,5.952227745698292,8,3.2384194487926545,4,8,32,16,8,4,2,2.0,4.0,4.0,8.0,8.0,32.0,,32,32,16,8,8,8,8,8,runs/20260612_173148_stage4_hard_s107,hard_knee,107
31,0.2118716704430877,0.0025192164651075,0.2093524539779802,32,0.0296222005999887,8,activation_whitened,6,8,5.631583101688346,8,2.7750017826312594,4,3,4,4.119121446275707,8,1.8849874817341408,2,6,8,5.631583101688346,8,2.7750017826312594,4,8,32,16,8,4,2,2.0,4.0,4.0,8.0,32.0,,,32,32,16,16,8,8,8,8,runs/20260612_173148_stage4_hard_s107,hard_knee,107
32,0.0622171052769644,0.0025126355174114,0.059704469759553,32,0.0065626476828735,2,activation_whitened,2,2,2.1493325398595524,4,1.7797594704188997,2,2,2,2.0082851268609896,4,1.5701186533245166,2,2,2,2.1493325398595524,4,1.7797594704188997,2,2,16,4,4,2,1,2.0,2.0,2.0,2.0,4.0,8.0,,16,16,4,4,4,4,4,4,runs/20260612_173148_stage4_hard_s107,hard_knee,107
33,0.3983932439399029,0.0025029076145683,0.3958903363253346,32,0.0183616032042952,8,activation_whitened,8,8,7.529354661763079,8,4.741704392085839,8,6,8,6.246531250473563,8,2.979920792371782,4,8,8,7.529354661763079,8,4.741704392085839,8,8,16,16,8,8,4,4.0,4.0,8.0,8.0,8.0,8.0,16.0,16,16,16,16,16,8,8,8,runs/20260612_173148_stage4_hard_s107,hard_knee,107
34,0.302187675724445,0.0024870693405626,0.2997006063838824,32,0.0058982918506448,4,activation_whitened,4,4,4.03428157321078,8,3.029931286466165,4,4,4,3.370552378577006,4,2.027886540126076,4,4,4,4.03428157321078,8,3.029931286466165,4,4,8,4,4,4,2,2.0,4.0,4.0,4.0,4.0,4.0,8.0,16,8,8,8,8,8,4,4,runs/20260612_173148_stage4_hard_s107,hard_knee,107
35,0.306128777462395,0.0024902997836059,0.3036384776787891,32,0.0138688089062707,6,activation_whitened,6,8,5.56919127060243,8,3.497647291633522,4,6,8,4.62387656540944,8,2.310870115182202,4,6,8,5.56919127060243,8,3.497647291633522,4,8,32,16,8,8,2,4.0,4.0,4.0,8.0,8.0,16.0,32.0,32,16,16,16,16,8,8,8,runs/20260612_173148_stage4_hard_s107,hard_knee,107
36,0.2589682743578875,0.0025066133388138,0.2564616610190737,32,0.0075703697705497,4,activation_whitened,4,4,3.4755586078816023,4,2.049564544042319,4,4,4,2.76190409158389,4,1.5280141734815975,2,4,4,3.4755586078816023,4,2.049564544042319,4,4,8,4,4,4,1,2.0,2.0,2.0,4.0,4.0,4.0,8.0,16,16,8,8,4,4,4,4,runs/20260612_173148_stage4_hard_s107,hard_knee,107
37,0.4891748417085807,0.0025078510623501,0.4866669906462306,32,0.0106611668953682,7,activation_whitened,7,8,6.665109345138212,8,4.58761278647105,8,6,8,5.025589793831512,8,2.350470901203481,4,7,8,6.665109345138212,8,4.58761278647105,8,8,16,16,8,8,4,4.0,4.0,8.0,8.0,8.0,8.0,16.0,16,16,16,16,16,16,8,8,runs/20260612_173148_stage4_hard_s107,hard_knee,107
38,0.2223259809434318,0.002516773383314,0.2198092075601178,32,0.033554546551358,7,activation_whitened,7,8,5.622952491739722,8,2.966967412911735,4,3,4,3.78732979291771,4,1.9286572868087688,2,7,8,5.622952491739722,8,2.966967412911735,4,8,32,16,8,4,2,2.0,4.0,4.0,8.0,32.0,,,32,32,16,16,8,8,8,8,runs/20260612_173148_stage4_hard_s107,hard_knee,107
39,0.5387752973635273,0.0024833746859407,0.5362919226775865,32,0.0194978274020357,8,activation_whitened,8,8,6.958816960590188,8,3.7682037461961126,4,5,8,5.194565900782473,8,2.375857759801202,4,8,8,6.958816960590188,8,3.7682037461961126,4,8,16,8,8,8,4,4.0,4.0,4.0,8.0,8.0,8.0,32.0,32,16,16,16,8,8,8,8,runs/20260612_173148_stage4_hard_s107,hard_knee,107
40,0.1436477019958626,0.0024914207190515,0.1411562812768111,32,0.0045682012670415,2,activation_whitened,2,2,2.133889547951822,4,1.9325250070351203,2,2,2,2.080618771443285,4,1.826966170203283,2,2,2,2.133889547951822,4,1.9325250070351203,2,2,4,2,2,2,1,1.0,2.0,2.0,2.0,2.0,2.0,4.0,4,4,4,4,4,4,4,4,runs/20260612_173148_stage4_hard_s107,hard_knee,107
41,0.1789715097436727,0.0024839352717576,0.1764875744719151,32,0.0094160056465673,4,activation_whitened,4,4,4.049263691786623,8,3.141127604770437,4,4,4,3.2236871706150447,4,1.825698116289998,2,4,4,4.049263691786623,8,3.141127604770437,4,4,32,16,4,4,2,2.0,4.0,4.0,4.0,4.0,16.0,32.0,32,32,16,8,8,4,4,4,runs/20260612_173148_stage4_hard_s107,hard_knee,107
42,0.3160332332081521,0.0024998637760325,0.3135333694321195,32,0.0096107248030669,5,activation_whitened,5,8,4.77277092740143,8,3.0063385149753423,4,4,4,3.7635171262315295,4,2.118269998500274,4,5,8,4.77277092740143,8,3.0063385149753423,4,8,8,8,8,4,2,2.0,4.0,4.0,4.0,8.0,8.0,8.0,8,8,8,8,8,8,8,8,runs/20260612_173148_stage4_hard_s107,hard_knee,107
43,0.2068772948913463,0.0024893367768327,0.2043879581145136,32,0.0330725722907923,8,activation_whitened,7,8,6.34604226137778,8,3.1342633172981103,4,4,4,4.2913817184972896,8,1.9630426299019128,2,7,8,6.34604226137778,8,3.1342633172981103,4,8,32,16,8,4,2,4.0,4.0,4.0,16.0,32.0,,,32,32,32,16,8,8,8,4,runs/20260612_173148_stage4_hard_s107,hard_knee,107
44,0.0960373694098916,0.0025097726391174,0.0935275967707742,32,0.0084760218498605,3,activation_whitened,3,4,3.0411569546666795,4,2.377673457190097,4,3,4,2.923019739367669,4,2.2772305305163325,4,3,4,3.0411569546666795,4,2.377673457190097,4,4,16,16,4,4,2,2.0,2.0,4.0,4.0,4.0,16.0,,16,16,16,16,16,8,4,4,runs/20260612_173148_stage4_hard_s107,hard_knee,107
45,0.3341580219838658,0.0025205077616376,0.3316375142222282,32,0.0107948431376053,6,activation_whitened,6,8,5.715334041978356,8,3.6270387327395306,4,5,8,4.247373842620699,8,2.028129808621152,4,6,8,5.715334041978356,8,3.6270387327395306,4,8,16,8,8,8,4,4.0,4.0,8.0,8.0,8.0,8.0,16.0,16,16,8,8,8,8,8,8,runs/20260612_173148_stage4_hard_s107,hard_knee,107
46,0.3030281724482103,0.0025123132583391,0.3005158591898711,32,0.0122193358297351,5,activation_whitened,5,8,4.230083935355392,8,2.334752503430263,4,2,2,2.500064678590898,4,1.36049376160899,2,5,8,4.230083935355392,8,2.334752503430263,4,8,16,16,4,4,2,2.0,2.0,4.0,4.0,4.0,8.0,16.0,16,16,16,16,16,16,4,4,runs/20260612_173148_stage4_hard_s107,hard_knee,107
47,0.4037134916389993,0.0025095594997557,0.4012039321392436,32,0.016069058059698,8,activation_whitened,8,8,7.75780665165157,8,5.555038987402239,8,7,8,6.835470042887131,8,3.922380983663105,4,8,8,7.75780665165157,8,5.555038987402239,8,8,16,16,8,8,4,4.0,8.0,8.0,8.0,8.0,16.0,32.0,32,16,16,16,16,16,8,8,runs/20260612_173148_stage4_hard_s107,hard_knee,107
0,0.3110563252959721,0.0025144456304824,0.3085418796654897,32,0.010163144133957,5,activation_whitened,5,8,4.397516688052094,8,2.4853119862597635,4,3,4,3.092036730801125,4,1.6103801281697876,2,5,8,4.397516688052094,8,2.4853119862597635,4,8,16,8,8,4,2,2.0,2.0,4.0,4.0,8.0,8.0,8.0,8,8,8,8,8,8,8,8,runs/20260612_181259_stage4_hard_s109,hard_knee,109
1,0.2815030729989111,0.0025288904894448,0.2789741825094662,32,0.0115643386706461,5,activation_whitened,5,8,4.671172860682596,8,3.344593885788524,4,4,4,3.8612576759367183,4,2.21956100134231,4,5,8,4.671172860682596,8,3.344593885788524,4,8,16,8,4,4,2,2.0,4.0,4.0,4.0,4.0,8.0,16.0,16,8,8,8,8,8,8,8,runs/20260612_181259_stage4_hard_s109,hard_knee,109
2,0.1360392049641552,0.0025006963251888,0.1335385086389664,32,0.0066271476451513,3,activation_whitened,3,4,2.928528148175278,4,2.0160524676447977,4,3,4,2.6467217630962296,4,1.8095910666856607,2,3,4,2.928528148175278,4,2.0160524676447977,4,4,4,4,4,4,1,1.0,2.0,2.0,4.0,4.0,4.0,8.0,8,4,4,4,4,4,4,4,runs/20260612_181259_stage4_hard_s109,hard_knee,109
3,0.1017136524297974,0.0025023933246114,0.099211259105186,32,0.0028855889977959,1,activation_whitened,1,1,1.0417016312064835,2,1.0037926461417994,2,1,1,1.0248977906324277,2,1.002372630981618,2,1,1,1.0417016312064835,2,1.0037926461417994,2,1,1,1,1,1,1,1.0,1.0,1.0,1.0,1.0,1.0,1.0,2,1,1,1,1,1,1,1,runs/20260612_181259_stage4_hard_s109,hard_knee,109
4,0.1392728994152117,0.0024895170962757,0.136783382318936,32,0.0066773603847811,3,activation_whitened,3,4,3.019019381661154,4,2.151895215921722,4,3,4,2.4517534312123983,4,1.5265894758121503,2,3,4,3.019019381661154,4,2.151895215921722,4,4,8,4,4,4,1,2.0,2.0,4.0,4.0,4.0,4.0,8.0,16,16,8,8,8,8,4,4,runs/20260612_181259_stage4_hard_s109,hard_knee,109
5,0.1303509204361196,0.0024922357509882,0.1278586846851314,32,0.0330973354467812,8,activation_whitened,7,8,6.363025365046903,8,3.34425978552514,4,5,8,4.812988070407487,8,2.275177465495593,4,7,8,6.363025365046903,8,3.34425978552514,4,8,32,16,8,4,1,4.0,8.0,16.0,,,,,32,32,32,8,8,8,8,8,runs/20260612_181259_stage4_hard_s109,hard_knee,109
6,0.3224748688723711,0.0024982779572519,0.3199765909151192,32,0.0267112190694432,7,activation_whitened,7,8,6.626270545335252,8,4.290834614841493,8,6,8,5.494665639495848,8,2.880774096169454,4,7,8,6.626270545335252,8,4.290834614841493,8,8,32,16,8,8,4,4.0,4.0,8.0,8.0,16.0,32.0,,32,32,16,16,16,16,8,8,runs/20260612_181259_stage4_hard_s109,hard_knee,109
7,0.3133530446343933,0.0025085412898568,0.3108445033445365,32,0.019603688893085,7,activation_whitened,7,8,6.31720615409672,8,3.727995824940592,4,6,8,4.8778631394176895,8,2.1785141141866213,4,7,8,6.31720615409672,8,3.727995824940592,4,8,32,16,8,8,4,4.0,4.0,4.0,8.0,8.0,16.0,,32,16,16,16,16,8,8,8,runs/20260612_181259_stage4_hard_s109,hard_knee,109
8,0.2551158140523801,0.0025266954724159,0.2525891185799642,32,0.0383276930273676,8,activation_whitened,7,8,6.417349363872159,8,3.454575448482808,4,2,2,3.851848302759292,4,1.733244292031007,2,7,8,6.417349363872159,8,3.454575448482808,4,8,32,16,8,4,2,4.0,4.0,4.0,16.0,32.0,,,32,32,32,8,8,8,8,8,runs/20260612_181259_stage4_hard_s109,hard_knee,109
9,0.1478074081848014,0.0025099276184016,0.1452974805663998,32,0.0321504452522871,7,activation_whitened,7,8,6.380898338096762,8,4.14103721019224,8,4,4,4.307260476229832,8,1.947569108553752,2,7,8,6.380898338096762,8,4.14103721019224,8,8,32,32,16,8,2,4.0,8.0,16.0,,,,,32,32,32,32,16,16,8,8,runs/20260612_181259_stage4_hard_s109,hard_knee,109
10,0.2389746684068656,0.0025053674954749,0.2364693009113907,32,0.0040762001623899,3,activation_whitened,3,4,3.056676607397129,4,2.573484102867128,4,3,4,2.878745039019777,4,2.04605610085538,4,3,4,3.056676607397129,4,2.573484102867128,4,4,4,4,4,4,2,2.0,2.0,4.0,4.0,4.0,4.0,4.0,4,4,4,4,4,4,4,4,runs/20260612_181259_stage4_hard_s109,hard_knee,109
11,0.1687780861004727,0.0025100557422006,0.1662680303582721,32,0.0032892738372204,2,activation_whitened,2,2,2.044571073552929,4,1.8534107984121595,2,2,2,2.032561452676928,4,1.9157230524167683,2,2,2,2.044571073552929,4,1.8534107984121595,2,2,2,2,2,2,1,1.0,2.0,2.0,2.0,2.0,2.0,2.0,2,2,2,2,2,2,2,2,runs/20260612_181259_stage4_hard_s109,hard_knee,109
12,0.2615779211056316,0.0025122007919287,0.2590657203137029,32,0.0140998962137344,5,activation_whitened,5,8,4.61472800756852,8,2.7630829676070934,4,3,4,3.5657247401997942,4,2.0881207392845407,4,5,8,4.61472800756852,8,2.7630829676070934,4,8,16,16,8,4,2,2.0,4.0,4.0,8.0,8.0,8.0,32.0,16,16,16,16,16,8,8,8,runs/20260612_181259_stage4_hard_s109,hard_knee,109
13,0.3965583760271958,0.0025035642816624,0.3940548117455334,32,0.0068294267834539,5,activation_whitened,5,8,4.953671029098515,8,3.648854026527852,4,4,4,3.737074182302533,4,1.8840831577075152,2,5,8,4.953671029098515,8,3.648854026527852,4,8,8,8,8,4,4,4.0,4.0,4.0,4.0,8.0,8.0,8.0,8,8,8,8,8,8,8,8,runs/20260612_181259_stage4_hard_s109,hard_knee,109
14,0.2902479157445672,0.0025073267449255,0.2877405889996417,32,0.0377352303288431,8,activation_whitened,8,8,7.471631096082417,8,4.598286830975737,8,5,8,5.463198650836389,8,2.4261596072432097,4,8,8,7.471631096082417,8,4.598286830975737,8,8,32,16,8,8,2,4.0,4.0,8.0,16.0,32.0,,,32,32,16,16,16,16,8,8,runs/20260612_181259_stage4_hard_s109,hard_knee,109
15,0.2857154029826851,0.002502111479002,0.2832132915036831,32,0.0128161732481858,5,activation_whitened,5,8,4.345795779956081,8,2.415322774953092,4,5,8,3.4688715366696967,4,1.7506328285370525,2,5,8,4.345795779956081,8,2.415322774953092,4,8,16,8,8,4,2,2.0,2.0,4.0,4.0,4.0,8.0,16.0,16,16,16,16,8,8,8,8,runs/20260612_181259_stage4_hard_s109,hard_knee,109
16,0.1817575240674723,0.0025047270539277,0.1792527970135446,32,0.0038078764832753,2,activation_whitened,2,2,2.072044024113333,4,1.874482326486064,2,2,2,1.8887900020162296,2,1.435774374853953,2,2,2,2.072044024113333,4,1.874482326486064,2,2,2,2,2,2,1,1.0,2.0,2.0,2.0,2.0,2.0,2.0,8,4,4,4,4,4,2,2,runs/20260612_181259_stage4_hard_s109,hard_knee,109
17,0.1011394054967573,0.0024958935820649,0.0986435119146924,32,0.0084313898666361,3,activation_whitened,3,4,3.0337059270995166,4,2.436706988755769,4,3,4,2.832725662521584,4,1.943004227201124,2,3,4,3.0337059270995166,4,2.436706988755769,4,4,16,8,4,4,2,2.0,2.0,4.0,4.0,4.0,16.0,,32,16,16,16,8,8,4,4,runs/20260612_181259_stage4_hard_s109,hard_knee,109
18,0.0808580081220268,0.0025140489591068,0.07834395916292,32,0.0142155926235848,3,activation_whitened,3,4,3.2292844250183363,4,2.794549529448125,4,3,4,2.984275139201545,4,1.973937167565634,2,3,4,3.2292844250183363,4,2.794549529448125,4,4,16,16,16,4,2,4.0,4.0,8.0,16.0,32.0,,,32,16,16,16,16,16,16,4,runs/20260612_181259_stage4_hard_s109,hard_knee,109
19,0.2698010264437557,0.0025029460172273,0.2672980804265284,32,0.0074558610084348,4,activation_whitened,4,4,3.886412008756952,4,2.5328643102613126,4,2,2,2.346554402995314,4,1.346930701668592,2,4,4,3.886412008756952,4,2.5328643102613126,4,4,16,4,4,4,2,2.0,4.0,4.0,4.0,4.0,4.0,16.0,16,16,16,16,4,4,4,4,runs/20260612_181259_stage4_hard_s109,hard_knee,109
20,0.1153102476137086,0.0025042179440896,0.112806029669619,32,0.0050992886816005,2,activation_whitened,2,2,2.148993476432085,4,1.7935714006800754,2,2,2,2.123359977165067,4,1.7745860584054671,2,2,2,2.148993476432085,4,1.7935714006800754,2,2,8,2,2,2,1,2.0,2.0,2.0,2.0,2.0,2.0,2.0,8,8,2,2,2,2,2,2,runs/20260612_181259_stage4_hard_s109,hard_knee,109
21,0.0644255230003053,0.0024987501892598,0.0619267728110454,32,0.0055312466514109,1,activation_whitened,1,1,1.290765434783465,2,1.03970739143249,2,1,1,1.3995631391073542,2,1.06436480298065,2,1,1,1.290765434783465,2,1.03970739143249,2,1,2,1,1,1,1,1.0,1.0,1.0,1.0,1.0,1.0,32.0,4,2,2,2,2,2,2,2,runs/20260612_181259_stage4_hard_s109,hard_knee,109
22,0.201224168294832,0.0024913013761611,0.1987328669186709,32,0.0160969519880563,5,activation_whitened,5,8,4.235844150323939,8,2.3434862379469044,4,3,4,2.7762987868613123,4,1.4653102595817518,2,5,8,4.235844150323939,8,2.3434862379469044,4,8,32,32,8,4,2,2.0,2.0,4.0,4.0,8.0,32.0,,32,32,32,8,8,8,4,4,runs/20260612_181259_stage4_hard_s109,hard_knee,109
23,0.2195525586182443,0.0024967417474732,0.2170558168707711,32,0.0206121442745891,6,activation_whitened,6,8,5.573870398763183,8,3.205302070960534,4,3,4,3.797574257592799,4,1.8649337787684448,2,6,8,5.573870398763183,8,3.205302070960534,4,8,32,16,8,4,2,4.0,4.0,4.0,8.0,16.0,32.0,,32,32,16,16,16,16,8,8,runs/20260612_181259_stage4_hard_s109,hard_knee,109
24,0.3326049575985743,0.0025259316587037,0.3300790259398706,32,0.017477866366284,6,activation_whitened,6,8,5.3334903163256335,8,3.247690036771211,4,4,4,3.584256325023884,4,1.8368199603804327,2,6,8,5.3334903163256335,8,3.247690036771211,4,8,32,8,8,8,2,2.0,4.0,4.0,8.0,8.0,8.0,32.0,32,32,8,8,8,8,8,8,runs/20260612_181259_stage4_hard_s109,hard_knee,109
25,0.2009136488557792,0.0024930531110515,0.1984205957447277,32,0.0049509328725912,2,activation_whitened,2,2,2.127712409492748,4,1.7593748487079035,2,2,2,1.96583322868932,2,1.4422318422233735,2,2,2,2.127712409492748,4,1.7593748487079035,2,2,2,2,2,2,1,1.0,2.0,2.0,2.0,2.0,2.0,2.0,2,2,2,2,2,2,2,2,runs/20260612_181259_stage4_hard_s109,hard_knee,109
26,0.1142923471071074,0.0024952105452745,0.1117971365618328,32,0.0077053929368329,2,activation_whitened,2,2,1.7383012585923927,2,1.27739123421553,2,1,1,1.2757396735264046,2,1.068553526942931,2,2,2,1.7383012585923927,2,1.27739123421553,2,2,16,4,2,1,1,1.0,1.0,1.0,2.0,2.0,4.0,32.0,8,4,4,4,4,4,4,4,runs/20260612_181259_stage4_hard_s109,hard_knee,109
27,0.1322042728275701,0.0025081114513161,0.129696161376254,32,0.0110582638583048,4,activation_whitened,4,4,3.895697639251348,4,2.7690426993731743,4,4,4,3.5964958882057627,4,2.503060415813528,4,4,4,3.895697639251348,4,2.7690426993731743,4,4,16,8,8,4,2,2.0,2.0,4.0,4.0,8.0,16.0,,16,16,16,16,8,8,8,8,runs/20260612_181259_stage4_hard_s109,hard_knee,109
28,0.1247282613259446,0.0025052635665978,0.1222229977593468,32,0.006841517500437,3,activation_whitened,3,4,3.1208247659824355,4,2.4861044968183346,4,3,4,3.020084904281262,4,2.1472936116222447,4,3,4,3.1208247659824355,4,2.4861044968183346,4,4,8,8,8,4,2,2.0,2.0,4.0,4.0,8.0,8.0,16.0,16,8,8,8,8,8,8,8,runs/20260612_181259_stage4_hard_s109,hard_knee,109
29,0.4274116394337213,0.002510492078944,0.4249011473547773,32,0.0304255564850694,7,activation_whitened,5,8,4.721969478288338,8,2.274603175531385,4,2,2,2.425087295403183,4,1.3099587514300737,2,5,8,4.721969478288338,8,2.274603175531385,4,8,16,8,4,4,2,2.0,2.0,4.0,4.0,4.0,16.0,,16,16,16,16,16,8,4,4,runs/20260612_181259_stage4_hard_s109,hard_knee,109
30,0.0380188799314719,0.0024920797840538,0.035526800147418,32,0.0052770247613518,1,activation_whitened,1,1,1.118887352761944,2,1.0119202211047942,2,1,1,1.0958356305022474,2,1.010344076829932,2,1,1,1.118887352761944,2,1.0119202211047942,2,1,32,8,8,4,1,1.0,1.0,4.0,8.0,8.0,32.0,,32,8,8,8,8,8,8,8,runs/20260612_181259_stage4_hard_s109,hard_knee,109
31,0.1316830395488099,0.0024951497890774,0.1291878897597325,32,0.0053288285878331,2,activation_whitened,2,2,2.1338874970185966,4,1.819818554585913,2,2,2,1.7956825572772197,2,1.3016974546712308,2,2,2,2.1338874970185966,4,1.819818554585913,2,2,4,2,2,2,1,1.0,2.0,2.0,2.0,2.0,2.0,2.0,8,8,8,4,4,2,2,2,runs/20260612_181259_stage4_hard_s109,hard_knee,109
32,0.4112773866532858,0.002512455151144,0.4087649315021417,32,0.0051908095888236,5,activation_whitened,5,8,4.795553823618652,8,3.0888351218630348,4,5,8,3.4008334687482966,4,1.7031203349797246,2,5,8,4.795553823618652,8,3.0888351218630348,4,8,8,8,8,4,2,4.0,4.0,4.0,4.0,8.0,8.0,8.0,8,8,8,8,8,8,8,8,runs/20260612_181259_stage4_hard_s109,hard_knee,109
33,0.2231813098920143,0.0025026399438877,0.2206786699481266,32,0.0055707563016188,4,activation_whitened,4,4,3.915388154003772,4,2.826947182944428,4,4,4,3.5632028080965803,4,2.476874425211831,4,4,4,3.915388154003772,4,2.826947182944428,4,4,8,4,4,4,2,2.0,4.0,4.0,4.0,4.0,4.0,4.0,8,8,8,8,8,4,4,4,runs/20260612_181259_stage4_hard_s109,hard_knee,109
34,0.1713736308998527,0.0024917519288734,0.1688818789709792,32,0.0375693695509688,7,activation_whitened,7,8,6.890378478316471,8,5.0542895427008405,8,7,8,5.956968126437214,8,3.2131560246272346,4,7,8,6.890378478316471,8,5.0542895427008405,8,8,32,16,16,8,2,4.0,8.0,16.0,,,,,32,32,16,16,16,16,16,8,runs/20260612_181259_stage4_hard_s109,hard_knee,109
35,0.2479231637915002,0.0024944641688869,0.2454286996226133,32,0.0075416832431756,4,activation_whitened,4,4,3.828642013940116,4,2.8016849869060336,4,4,4,3.1630649517227853,4,2.006625870648353,4,4,4,3.828642013940116,4,2.8016849869060336,4,4,8,4,4,4,2,2.0,2.0,4.0,4.0,4.0,4.0,4.0,16,16,8,4,4,4,4,4,runs/20260612_181259_stage4_hard_s109,hard_knee,109
36,0.1541853184891407,0.002511802831181,0.1516735156579597,32,0.0324957322393598,8,activation_whitened,7,8,6.7973725231874536,8,3.8501133576872686,4,4,4,4.389886700981542,8,1.934683047066481,2,7,8,6.7973725231874536,8,3.8501133576872686,4,8,32,32,16,4,2,4.0,4.0,16.0,32.0,,,,32,32,32,32,8,8,8,4,runs/20260612_181259_stage4_hard_s109,hard_knee,109
37,0.175537831025314,0.0024919657255975,0.1730458652997165,32,0.0054446333024707,2,activation_whitened,2,2,2.205022798763824,4,1.815154349452896,2,2,2,2.097270981004548,4,1.6773179092966533,2,2,2,2.205022798763824,4,1.815154349452896,2,2,2,2,2,2,1,2.0,2.0,2.0,2.0,2.0,2.0,2.0,4,4,4,4,4,2,2,2,runs/20260612_181259_stage4_hard_s109,hard_knee,109
38,0.0790201620374375,0.0024868605409486,0.0765333014964889,32,0.0050186899330262,2,activation_whitened,2,2,2.092540404791236,4,1.860749977573167,2,2,2,1.87695836722136,2,1.4266647898078784,2,2,2,2.092540404791236,4,1.860749977573167,2,2,16,4,4,2,1,1.0,2.0,2.0,4.0,4.0,4.0,16.0,16,16,8,8,4,4,4,4,runs/20260612_181259_stage4_hard_s109,hard_knee,109
39,0.4371575950470862,0.0024968266748238,0.4346607683722623,32,0.003978703605361,4,activation_whitened,4,4,3.751850642010214,4,2.38505350751648,4,2,2,2.316185455605816,4,1.345657427592467,2,4,4,3.751850642010214,4,2.38505350751648,4,4,4,4,4,4,2,2.0,2.0,4.0,4.0,4.0,4.0,4.0,8,4,4,4,4,4,4,4,runs/20260612_181259_stage4_hard_s109,hard_knee,109
40,0.0457722609054274,0.0024940636752718,0.0432781972301556,32,0.0039295924371624,1,activation_whitened,1,1,1.1386445780690293,2,1.014998607799181,2,1,1,1.132348177459092,2,1.0169694893554242,2,1,1,1.1386445780690293,2,1.014998607799181,2,1,8,1,1,1,1,1.0,1.0,1.0,1.0,1.0,1.0,8.0,16,8,8,1,1,1,1,1,runs/20260612_181259_stage4_hard_s109,hard_knee,109
41,0.4634989401214569,0.0024824663853106,0.4610164737361463,32,0.0096819756437521,7,activation_whitened,7,8,6.749058078411412,8,4.704988571833157,8,5,8,5.287244734980872,8,2.3612833906519173,4,7,8,6.749058078411412,8,4.704988571833157,8,8,16,8,8,8,4,4.0,4.0,8.0,8.0,8.0,8.0,8.0,16,16,8,8,8,8,8,8,runs/20260612_181259_stage4_hard_s109,hard_knee,109
42,0.2862812476627411,0.0024907286962368,0.2837905189665043,32,0.0102934784782424,5,activation_whitened,5,8,4.8845499817751765,8,3.457675200375004,4,5,8,4.026154073637719,8,2.2118192330020845,4,5,8,4.8845499817751765,8,3.457675200375004,4,8,16,8,8,4,2,4.0,4.0,4.0,4.0,8.0,8.0,16.0,16,16,16,16,8,8,8,8,runs/20260612_181259_stage4_hard_s109,hard_knee,109
43,0.1954784447748721,0.0024990633017455,0.1929793814731266,32,0.005612453122028,3,activation_whitened,3,4,3.142205548256418,4,2.6394117282428744,4,3,4,2.946935318982853,4,1.9929818899713667,2,3,4,3.142205548256418,4,2.6394117282428744,4,4,4,4,4,4,2,2.0,2.0,4.0,4.0,4.0,4.0,4.0,4,4,4,4,4,4,4,4,runs/20260612_181259_stage4_hard_s109,hard_knee,109
44,0.3209816438486527,0.0025202882244749,0.3184613556241777,32,0.0052272628564217,4,activation_whitened,4,4,3.891624891402728,4,2.987729530298589,4,4,4,3.2167524922817323,4,1.8816300544367508,2,4,4,3.891624891402728,4,2.987729530298589,4,4,4,4,4,4,2,2.0,2.0,4.0,4.0,4.0,4.0,4.0,4,4,4,4,4,4,4,4,runs/20260612_181259_stage4_hard_s109,hard_knee,109
45,0.1787432366612012,0.0025034008449563,0.1762398358162449,32,0.0099270794364053,4,activation_whitened,4,4,4.002952843368341,8,3.300301574929117,4,4,4,3.355770668791281,4,1.9980921271169985,2,4,4,4.002952843368341,8,3.300301574929117,4,4,32,8,8,4,2,2.0,4.0,4.0,4.0,8.0,8.0,32.0,32,8,8,8,8,8,8,8,runs/20260612_181259_stage4_hard_s109,hard_knee,109
46,0.1476808059801401,0.0024938540145959,0.1451869519655442,32,0.0058276700187668,3,activation_whitened,3,4,3.03735872729561,4,2.5404707280909817,4,3,4,2.7502680901284826,4,1.865955353997512,2,3,4,3.03735872729561,4,2.5404707280909817,4,4,8,4,4,4,2,2.0,2.0,2.0,4.0,4.0,4.0,8.0,16,8,8,8,8,4,4,4,runs/20260612_181259_stage4_hard_s109,hard_knee,109
47,0.1097419986899587,0.002485900488556,0.1072560982014027,32,0.0027931532750628,1,activation_whitened,1,1,1.0418019450584972,2,1.0038504537176585,2,1,1,1.0198383555652075,2,1.0018640633702618,2,1,1,1.0418019450584972,2,1.0038504537176585,2,1,1,1,1,1,1,1.0,1.0,1.0,1.0,1.0,1.0,1.0,1,1,1,1,1,1,1,1,runs/20260612_181259_stage4_hard_s109,hard_knee,109
0,0.1425107463055052,0.0025136447607339,0.1399971015447713,32,0.0096943090134662,3,activation_whitened,3,4,3.064921297298386,4,2.304116260700011,4,3,4,2.552981156353726,4,1.5868285090018188,2,3,4,3.064921297298386,4,2.304116260700011,4,4,8,8,8,8,2,2.0,4.0,4.0,8.0,8.0,8.0,,8,8,8,8,8,8,8,8,runs/20260612_185340_stage4_hard_s113,hard_knee,113
1,0.0538337844035121,0.0025021474729578,0.0513316369305543,32,0.0035560684404385,1,activation_whitened,1,1,1.0999410129903266,2,1.0102136688737962,2,1,1,1.0673992138557469,2,1.0074240498603446,2,1,1,1.0999410129903266,2,1.0102136688737962,2,1,4,1,1,1,1,1.0,1.0,1.0,1.0,1.0,1.0,1.0,4,4,4,4,4,1,1,1,runs/20260612_185340_stage4_hard_s113,hard_knee,113
2,0.1124786103927425,0.0025003248972642,0.1099782854954782,32,0.0046329711906609,2,activation_whitened,2,2,2.085970343435353,4,1.7153099014621045,2,2,2,1.7091537146028386,2,1.27066850790813,2,2,2,2.085970343435353,4,1.7153099014621045,2,2,8,2,2,2,1,1.0,2.0,2.0,2.0,2.0,2.0,2.0,8,8,2,2,2,2,2,2,runs/20260612_185340_stage4_hard_s113,hard_knee,113
3,0.3622078808630249,0.0024977219468994,0.3597101589161255,32,0.0233693533676666,7,activation_whitened,7,8,5.816647649790372,8,3.3774182045343104,4,3,4,3.967198520066865,4,1.8885949314961947,2,7,8,5.816647649790372,8,3.3774182045343104,4,8,32,16,8,4,2,2.0,4.0,4.0,8.0,8.0,16.0,,32,32,16,16,8,8,8,8,runs/20260612_185340_stage4_hard_s113,hard_knee,113
4,0.1029946527215418,0.0024974578544778,0.100497194867064,32,0.0049644713977503,2,activation_whitened,2,2,2.06984364171267,4,1.6670007125930455,2,2,2,1.7697944569478157,2,1.3072163169928672,2,2,2,2.06984364171267,4,1.6670007125930455,2,2,8,4,4,2,1,1.0,2.0,2.0,2.0,4.0,4.0,8.0,8,8,8,8,4,4,4,4,runs/20260612_185340_stage4_hard_s113,hard_knee,113
5,0.3269921390223127,0.0025141953119883,0.3244779437103244,32,0.0077165262361922,5,activation_whitened,5,8,4.837764169851072,8,3.269672096929674,4,5,8,3.973434588012493,4,2.066866567748322,4,5,8,4.837764169851072,8,3.269672096929674,4,8,16,8,8,4,2,2.0,4.0,4.0,4.0,8.0,8.0,8.0,16,16,16,8,8,8,8,8,runs/20260612_185340_stage4_hard_s113,hard_knee,113
6,0.5235575555844306,0.0025212283695057,0.5210363272149249,32,0.0099229276571532,7,activation_whitened,7,8,6.264860771458332,8,3.4488851499251183,4,4,4,4.267358924926435,8,1.8916603424557263,2,7,8,6.264860771458332,8,3.4488851499251183,4,8,16,8,8,8,2,2.0,4.0,4.0,8.0,8.0,8.0,8.0,16,16,8,8,8,8,8,8,runs/20260612_185340_stage4_hard_s113,hard_knee,113
7,0.0648278668810309,0.0024949557437149,0.062332911137316,32,0.0037206486333783,1,activation_whitened,1,1,1.1360754386888472,2,1.0156922648724396,2,1,1,1.105883301854662,2,1.014497962525835,2,1,1,1.1360754386888472,2,1.0156922648724396,2,1,1,1,1,1,1,1.0,1.0,1.0,1.0,1.0,1.0,1.0,8,1,1,1,1,1,1,1,runs/20260612_185340_stage4_hard_s113,hard_knee,113
8,0.0917976276808459,0.0025031243807024,0.0892945033001435,32,0.0060455595245981,2,activation_whitened,2,2,2.258179338682841,4,1.8815153371779416,2,2,2,2.196122957922523,4,1.8948992683819657,2,2,2,2.258179338682841,4,1.8815153371779416,2,2,16,4,2,2,2,2.0,2.0,2.0,2.0,2.0,2.0,32.0,16,8,8,8,4,4,4,2,runs/20260612_185340_stage4_hard_s113,hard_knee,113
9,0.1978047472184559,0.0025219548500511,0.1952827923684048,32,0.0036001675187914,2,activation_whitened,2,2,2.0899408227735607,4,1.9358041835106188,2,2,2,1.864007072822442,2,1.4078403862916578,2,2,2,2.0899408227735607,4,1.9358041835106188,2,2,2,2,2,2,1,1.0,2.0,2.0,2.0,2.0,2.0,2.0,2,2,2,2,2,2,2,2,runs/20260612_185340_stage4_hard_s113,hard_knee,113
10,0.2509529428544268,0.002500590879608,0.2484523519748188,32,0.0162261576006684,6,activation_whitened,6,8,5.708919049754012,8,3.8103634457373534,4,4,4,4.190316562681008,8,1.9808946755441343,2,6,8,5.708919049754012,8,3.8103634457373534,4,8,32,16,16,8,4,4.0,4.0,4.0,8.0,16.0,16.0,,32,16,16,16,16,16,16,8,runs/20260612_185340_stage4_hard_s113,hard_knee,113
11,0.0363100495041738,0.0024925923329592,0.0338174571712145,32,0.0043600545873989,1,activation_whitened,1,1,1.1427727243003958,2,1.014869417479134,2,1,1,1.0710601171496386,2,1.0075393146527432,2,1,1,1.1427727243003958,2,1.014869417479134,2,1,16,1,1,1,1,1.0,1.0,1.0,1.0,1.0,1.0,,16,4,4,4,1,1,1,1,runs/20260612_185340_stage4_hard_s113,hard_knee,113
12,0.2038253748703873,0.0024900998757221,0.2013352749946652,32,0.0034472589366597,2,activation_whitened,2,2,2.026325318025684,4,1.6799731433894132,2,2,2,1.9105828462071788,2,1.4850662365624705,2,2,2,2.026325318025684,4,1.6799731433894132,2,2,2,2,2,2,1,1.0,2.0,2.0,2.0,2.0,2.0,2.0,4,4,4,2,2,2,2,2,runs/20260612_185340_stage4_hard_s113,hard_knee,113
13,0.3866353216349604,0.0024997222917252,0.3841355993432352,32,0.0211674208224248,7,activation_whitened,7,8,6.048340960761155,8,3.339158776017153,4,4,4,4.512279550471993,8,2.551354754228045,4,7,8,6.048340960761155,8,3.339158776017153,4,8,32,16,8,4,2,4.0,4.0,4.0,8.0,8.0,16.0,32.0,32,32,16,16,16,8,8,8,runs/20260612_185340_stage4_hard_s113,hard_knee,113
14,0.1987061323024602,0.0025000460170801,0.1962060862853801,32,0.0392964763656277,8,activation_whitened,8,8,7.279982830004822,8,4.135876092540203,8,8,8,6.8809933863329285,8,4.09011758098888,8,8,8,7.279982830004822,8,4.135876092540203,8,8,32,16,16,8,4,4.0,8.0,8.0,32.0,,,,32,32,32,16,16,16,8,8,runs/20260612_185340_stage4_hard_s113,hard_knee,113
15,0.1010790858318417,0.0025008705930342,0.0985782152388075,32,0.0119990701414634,3,activation_whitened,3,4,2.9955577067105184,4,2.2923896342740955,4,3,4,2.403237693361042,4,1.5643932812440302,2,3,4,2.9955577067105184,4,2.2923896342740955,4,4,32,16,8,4,2,2.0,2.0,4.0,8.0,8.0,32.0,,32,32,8,8,8,8,8,4,runs/20260612_185340_stage4_hard_s113,hard_knee,113
16,0.42006364877476,0.0025031161762239,0.4175605325985361,32,0.0061666135261968,5,activation_whitened,5,8,4.970721164382817,8,3.6377412227532258,4,5,8,3.920914128210677,4,1.9604266613318044,2,5,8,4.970721164382817,8,3.6377412227532258,4,8,8,8,8,4,4,4.0,4.0,4.0,4.0,8.0,8.0,8.0,8,8,8,8,8,8,8,8,runs/20260612_185340_stage4_hard_s113,hard_knee,113
17,0.1158267352959765,0.0024923658953357,0.1133343694006407,32,0.0045028820502857,2,activation_whitened,2,2,2.0464631237056192,4,1.7089220745787068,2,2,2,1.975347132116732,2,1.5707831271990014,2,2,2,2.0464631237056192,4,1.7089220745787068,2,2,4,2,2,2,1,1.0,2.0,2.0,2.0,2.0,2.0,4.0,8,8,8,4,4,4,4,2,runs/20260612_185340_stage4_hard_s113,hard_knee,113
18,0.1748071523799418,0.0025023308283841,0.1723048215515576,32,0.0355618231589677,6,activation_whitened,6,8,5.736803216441376,8,4.092506784936442,8,6,8,4.570280489591017,8,2.5554184198449383,4,6,8,5.736803216441376,8,4.092506784936442,8,8,32,32,16,4,2,4.0,4.0,16.0,32.0,,,,32,32,32,32,16,16,8,4,runs/20260612_185340_stage4_hard_s113,hard_knee,113
19,0.2112550193760907,0.0024925922958682,0.2087624270802225,32,0.018433194288356,6,activation_whitened,6,8,5.260456305425432,8,2.813780090046472,4,5,8,4.051976267855782,8,1.8909254894412344,2,6,8,5.260456305425432,8,2.813780090046472,4,8,32,16,8,8,2,4.0,4.0,4.0,8.0,16.0,32.0,,32,16,16,16,16,16,8,8,runs/20260612_185340_stage4_hard_s113,hard_knee,113
20,0.4437080307466626,0.0025133403514725,0.4411946903951901,32,0.0052732055641402,4,activation_whitened,4,4,4.048644240651008,8,3.1685532855392453,4,4,4,3.295014582977634,4,1.8583289721697407,2,4,4,4.048644240651008,8,3.1685532855392453,4,4,4,4,4,4,2,2.0,4.0,4.0,4.0,4.0,4.0,4.0,8,4,4,4,4,4,4,4,runs/20260612_185340_stage4_hard_s113,hard_knee,113
21,0.3860234364357073,0.0024877232355637,0.3835357132001436,32,0.0154365420975801,8,activation_whitened,8,8,7.679100582623942,8,4.987608045062353,8,7,8,5.615306553834079,8,2.302660467455562,4,8,8,7.679100582623942,8,4.987608045062353,8,8,32,16,8,8,4,4.0,8.0,8.0,8.0,8.0,16.0,32.0,32,32,16,16,16,16,8,8,runs/20260612_185340_stage4_hard_s113,hard_knee,113
22,0.1176100340114006,0.002486451245048,0.1151235827663526,32,0.0069812467343661,3,activation_whitened,3,4,2.991111495421772,4,2.20942988266187,4,3,4,2.9133855129502746,4,2.073693348672637,4,3,4,2.991111495421772,4,2.20942988266187,4,4,16,8,4,4,2,2.0,4.0,4.0,4.0,4.0,8.0,32.0,16,16,16,8,8,8,4,4,runs/20260612_185340_stage4_hard_s113,hard_knee,113
23,0.2825290658379347,0.0025179196203203,0.2800111462176144,32,0.0236856013403125,7,activation_whitened,7,8,6.594869204597369,8,3.997043822394912,4,5,8,5.032382634677662,8,2.333952189759167,4,7,8,6.594869204597369,8,3.997043822394912,4,8,32,16,8,8,4,4.0,4.0,8.0,8.0,16.0,32.0,,32,32,32,16,16,16,8,8,runs/20260612_185340_stage4_hard_s113,hard_knee,113
24,0.2007271878679874,0.0025007682991417,0.1982264195688457,32,0.0106369992748356,5,activation_whitened,5,8,4.892930425025456,8,3.1234565459865187,4,5,8,4.013712024447021,8,2.0247307563417,4,5,8,4.892930425025456,8,3.1234565459865187,4,8,32,8,8,8,2,4.0,4.0,4.0,8.0,8.0,8.0,32.0,32,32,8,8,8,8,8,8,runs/20260612_185340_stage4_hard_s113,hard_knee,113
25,0.5291528689331532,0.002490428515939,0.5266624404172142,32,0.0169430831866447,8,activation_whitened,8,8,7.396171827193042,8,4.492862222324527,8,4,4,5.129302189068632,8,2.1423422456041603,4,8,8,7.396171827193042,8,4.492862222324527,8,8,16,16,8,8,4,4.0,4.0,8.0,8.0,8.0,16.0,16.0,16,16,16,16,16,16,16,8,runs/20260612_185340_stage4_hard_s113,hard_knee,113
26,0.2672026873031941,0.0024998193865772,0.2647028679166169,32,0.0088744550315592,5,activation_whitened,5,8,4.852301401726011,8,3.1317322929622207,4,5,8,4.043457929539671,8,2.098719313890353,4,5,8,4.852301401726011,8,3.1317322929622207,4,8,8,8,8,4,2,2.0,4.0,4.0,4.0,8.0,8.0,8.0,8,8,8,8,8,8,8,8,runs/20260612_185340_stage4_hard_s113,hard_knee,113
27,0.0466078231861707,0.0025107155487092,0.0440971076374615,32,0.0042176504955394,1,activation_whitened,1,1,1.1826412149501488,2,1.021305478197712,2,1,1,1.1377873398336895,2,1.0189208695914391,2,1,1,1.1826412149501488,2,1.021305478197712,2,1,2,2,2,1,1,1.0,1.0,1.0,1.0,2.0,2.0,8.0,2,2,2,2,2,2,2,2,runs/20260612_185340_stage4_hard_s113,hard_knee,113
28,0.1220116298946015,0.0024981809901123,0.1195134489044892,32,0.010444420099878,3,activation_whitened,3,4,3.0036954856657774,4,2.0533249620199925,4,2,2,1.9922042213953703,2,1.27951703257075,2,3,4,3.0036954856657774,4,2.0533249620199925,4,4,16,16,4,4,1,2.0,2.0,2.0,4.0,8.0,16.0,,32,16,16,16,16,8,4,4,runs/20260612_185340_stage4_hard_s113,hard_knee,113
29,0.3859090460614713,0.0024996237236209,0.3834094223378504,32,0.0114213173660018,6,activation_whitened,6,8,5.810268096298507,8,4.091628894480146,8,5,8,4.659220342186541,8,2.5621443430756456,4,6,8,5.810268096298507,8,4.091628894480146,8,8,16,8,8,8,4,4.0,4.0,4.0,8.0,8.0,8.0,16.0,16,16,16,16,8,8,8,8,runs/20260612_185340_stage4_hard_s113,hard_knee,113
30,0.058884773165092,0.0025044790976295,0.0563802940674625,32,0.0041802416602324,1,activation_whitened,1,1,1.156909151560379,2,1.018650874378525,2,1,1,1.1282424561010285,2,1.0167791306210183,2,1,1,1.156909151560379,2,1.018650874378525,2,1,2,1,1,1,1,1.0,1.0,1.0,1.0,1.0,1.0,2.0,2,2,2,2,2,2,2,2,runs/20260612_185340_stage4_hard_s113,hard_knee,113
31,0.1457887607281936,0.0025056990443462,0.1432830616838474,32,0.0117899713655639,4,activation_whitened,4,4,4.091238705278954,8,3.167952308490936,4,4,4,3.545885667075737,4,2.100347597961388,4,4,4,4.091238705278954,8,3.167952308490936,4,4,16,16,8,8,2,2.0,4.0,4.0,8.0,8.0,16.0,,32,16,16,16,16,16,8,8,runs/20260612_185340_stage4_hard_s113,hard_knee,113
32,0.2098964539181278,0.0025057639368995,0.2073906899812283,32,0.0168733196957543,5,activation_whitened,5,8,4.470895858470329,8,2.579604676974468,4,4,4,3.5295866303462704,4,2.0077022167427727,4,5,8,4.470895858470329,8,2.579604676974468,4,8,32,16,8,4,2,2.0,4.0,4.0,8.0,8.0,32.0,,32,32,32,16,8,8,8,8,runs/20260612_185340_stage4_hard_s113,hard_knee,113
33,0.0873261912397873,0.0024978472865712,0.0848283439532161,32,0.0064030257273211,2,activation_whitened,2,2,2.15386477740939,4,1.840850623810821,2,2,2,2.149730862098084,4,1.9179097873590747,2,2,2,2.15386477740939,4,1.840850623810821,2,2,16,2,2,2,1,2.0,2.0,2.0,2.0,2.0,2.0,32.0,16,16,8,8,2,2,2,2,runs/20260612_185340_stage4_hard_s113,hard_knee,113
34,0.1322825487666852,0.0024872687805399,0.1297952799861453,32,0.0151400643179251,4,activation_whitened,4,4,3.922814329877352,4,2.739063039220646,4,3,4,3.015953026159816,4,1.759951877317694,2,4,4,3.922814329877352,4,2.739063039220646,4,4,32,16,8,8,2,2.0,2.0,8.0,8.0,16.0,32.0,,32,16,16,16,16,16,8,8,runs/20260612_185340_stage4_hard_s113,hard_knee,113
35,0.4251032621997673,0.0024979194043748,0.4226053427953924,32,0.0146555484724829,7,activation_whitened,7,8,6.681871324118595,8,4.085236542953652,8,5,8,5.258157483943079,8,2.521951444521908,4,7,8,6.681871324118595,8,4.085236542953652,8,8,16,16,8,8,4,4.0,4.0,8.0,8.0,8.0,8.0,16.0,16,16,16,16,16,16,8,8,runs/20260612_185340_stage4_hard_s113,hard_knee,113
36,0.038102019458687,0.0024882184589837,0.0356138009997033,32,0.0045679052829576,1,activation_whitened,1,1,1.10970429356614,2,1.0108077241868392,2,1,1,1.0742707047806237,2,1.00780858994959,2,1,1,1.10970429356614,2,1.0108077241868392,2,1,8,8,4,1,1,1.0,1.0,1.0,2.0,4.0,8.0,,8,8,8,8,8,8,8,4,runs/20260612_185340_stage4_hard_s113,hard_knee,113
37,0.2090111067003856,0.0024858694898491,0.2065252372105365,32,0.0218695330768531,5,activation_whitened,4,4,3.773887520721354,4,1.9356927637013488,2,1,1,1.82971154151714,2,1.174428420063371,2,4,4,3.773887520721354,4,1.9356927637013488,2,4,16,8,8,4,1,1.0,2.0,4.0,8.0,8.0,32.0,,32,16,16,8,8,8,8,8,runs/20260612_185340_stage4_hard_s113,hard_knee,113
38,0.3445052157377211,0.0024951346448052,0.3420100810929158,32,0.0289799100698459,7,activation_whitened,6,8,5.065106372056152,8,2.3749451552437764,4,3,4,2.8595452263656247,4,1.4231815459518091,2,6,8,5.065106372056152,8,2.3749451552437764,4,8,16,8,8,4,2,2.0,4.0,4.0,8.0,8.0,16.0,,32,16,8,8,8,8,8,8,runs/20260612_185340_stage4_hard_s113,hard_knee,113
39,0.0566249735946736,0.0025010120050037,0.0541239615896698,32,0.0033804517073801,1,activation_whitened,1,1,1.0878065217801445,2,1.0087426903619308,2,1,1,1.0391530027353637,2,1.0039707224044396,2,1,1,1.0878065217801445,2,1.0087426903619308,2,1,4,2,1,1,1,1.0,1.0,1.0,1.0,1.0,2.0,2.0,4,4,4,4,4,4,4,2,runs/20260612_185340_stage4_hard_s113,hard_knee,113
40,0.2843884911084275,0.0024992358892382,0.2818892552191893,32,0.0257199711903864,7,activation_whitened,7,8,5.745679740566727,8,3.883525764963863,4,4,4,4.664166953040923,8,2.754738463244306,4,7,8,5.745679740566727,8,3.883525764963863,4,8,32,16,4,4,2,4.0,4.0,4.0,4.0,8.0,32.0,,32,16,16,16,8,8,8,4,runs/20260612_185340_stage4_hard_s113,hard_knee,113
41,0.2267380916214243,0.0025084273261131,0.2242296642953112,32,0.0156078134949065,5,activation_whitened,5,8,4.862638911047828,8,3.1684976122311395,4,5,8,3.775323488454314,4,1.8886109760227128,2,5,8,4.862638911047828,8,3.1684976122311395,4,8,16,16,8,4,2,4.0,4.0,4.0,8.0,8.0,16.0,,16,16,16,16,16,16,8,8,runs/20260612_185340_stage4_hard_s113,hard_knee,113
42,0.1099687010893883,0.0025062865664526,0.1074624145229357,32,0.0033609448929728,1,activation_whitened,1,1,1.085757262722366,2,1.0095259188119292,2,1,1,1.041525957493146,2,1.004770856479784,2,1,1,1.085757262722366,2,1.0095259188119292,2,1,1,1,1,1,1,1.0,1.0,1.0,1.0,1.0,1.0,1.0,2,2,1,1,1,1,1,1,runs/20260612_185340_stage4_hard_s113,hard_knee,113
43,0.4665451225338426,0.0024960729359573,0.4640490495978853,32,0.0066242363438859,5,activation_whitened,5,8,4.773547445525312,8,3.0321541725777603,4,4,4,3.240591955751236,4,1.6342912883015548,2,5,8,4.773547445525312,8,3.0321541725777603,4,8,8,8,8,4,2,2.0,4.0,4.0,4.0,4.0,8.0,8.0,8,8,8,8,8,8,8,8,runs/20260612_185340_stage4_hard_s113,hard_knee,113
44,0.1943715508186912,0.0025003103603907,0.1918712404583005,32,0.0402178242420492,8,activation_whitened,8,8,7.279098210028641,8,4.300380483934953,8,4,4,4.670427868116994,8,1.896131459343161,2,8,8,7.279098210028641,8,4.300380483934953,8,8,32,16,16,8,2,4.0,8.0,16.0,32.0,,,,32,32,32,16,16,16,16,8,runs/20260612_185340_stage4_hard_s113,hard_knee,113
45,0.0852223988421065,0.0025024379428437,0.0827199608992628,32,0.003322425668525,1,activation_whitened,1,1,1.103691722836668,2,1.011509588384996,2,1,1,1.0487931196935658,2,1.005533870426977,2,1,1,1.103691722836668,2,1.011509588384996,2,1,1,1,1,1,1,1.0,1.0,1.0,1.0,1.0,1.0,1.0,2,2,1,1,1,1,1,1,runs/20260612_185340_stage4_hard_s113,hard_knee,113
46,0.2364551822020361,0.0024953665591913,0.2339598156428448,32,0.013574928723379,5,activation_whitened,5,8,4.789960106756308,8,3.2660363358840723,4,4,4,3.758772535932567,4,1.9655288420675308,2,5,8,4.789960106756308,8,3.2660363358840723,4,8,16,8,8,4,2,2.0,4.0,4.0,8.0,8.0,8.0,32.0,16,16,8,8,8,8,8,8,runs/20260612_185340_stage4_hard_s113,hard_knee,113
47,0.1264662585645234,0.0025090381870337,0.1239572203774897,32,0.0266181853614,6,activation_whitened,6,8,5.122277153160143,8,3.13760156872233,4,4,4,4.085019671394625,8,2.4791634176392443,4,6,8,5.122277153160143,8,3.13760156872233,4,8,32,16,8,4,2,4.0,4.0,8.0,32.0,,,,32,32,16,16,16,8,4,4,runs/20260612_185340_stage4_hard_s113,hard_knee,113
0,0.0896229123561102,0.0144249814824606,0.0751979308736496,32,0.0312103305740418,3,activation_whitened,3,4,4.416004254135097,8,2.29227196650507,4,3,4,3.169957010100981,4,1.7561728908354777,2,3,4,4.416004254135097,8,2.29227196650507,4,4,16,8,8,4,1,4.0,4.0,8.0,,,,,32,16,16,16,8,8,8,8,runs/20260612_193443_stage4_sample_s101,sample_limited,101
1,0.2700288968482248,0.0143590109311874,0.2556698859170374,32,0.0548097321566787,8,activation_whitened,8,8,8.043038680923674,16,3.7674657636276505,4,4,4,4.800534763969998,8,1.936106378734603,2,8,8,8.043038680923674,16,3.7674657636276505,4,8,32,32,16,8,2,4.0,8.0,8.0,32.0,,,,32,32,32,32,16,16,8,8,runs/20260612_193443_stage4_sample_s101,sample_limited,101
2,0.0938061777266051,0.0144115228192896,0.0793946549073155,32,0.0192515516625349,1,activation_whitened,1,1,1.9936319202851664,2,1.1110018163716768,2,1,1,1.8051523753186645,2,1.1101382829587554,2,1,1,1.9936319202851664,2,1.1110018163716768,2,1,2,1,1,1,1,1.0,1.0,1.0,1.0,1.0,1.0,,8,2,2,2,2,2,2,1,runs/20260612_193443_stage4_sample_s101,sample_limited,101
3,0.1207256415999459,0.0143741662200521,0.1063514753798938,32,0.0265976023726311,3,activation_whitened,3,4,4.383058233687068,8,2.212318902162973,4,3,4,3.199019619414518,4,1.6759296754351256,2,3,4,4.383058233687068,8,2.212318902162973,4,4,32,8,4,4,1,2.0,2.0,4.0,4.0,16.0,,,32,32,8,8,8,4,4,4,runs/20260612_193443_stage4_sample_s101,sample_limited,101
4,0.2351142649537797,0.0144084549731041,0.2207058099806756,32,0.0235415627670827,3,activation_whitened,3,4,3.783943047883371,4,2.5273422291230743,4,3,4,2.74277639639475,4,1.5890850658953812,2,3,4,3.783943047883371,4,2.5273422291230743,4,4,4,4,4,4,2,2.0,2.0,2.0,4.0,4.0,4.0,8.0,8,8,4,4,4,4,4,4,runs/20260612_193443_stage4_sample_s101,sample_limited,101
5,0.2211635567378104,0.0144161136368377,0.2067474431009727,32,0.0228386069963263,2,activation_whitened,2,2,2.6922553141562093,4,1.615915144592625,2,2,2,1.793541311441314,2,1.2145120691211322,2,2,2,2.6922553141562093,4,1.615915144592625,2,2,2,2,2,2,1,1.0,1.0,2.0,2.0,2.0,2.0,8.0,8,4,4,2,2,2,2,2,runs/20260612_193443_stage4_sample_s101,sample_limited,101
6,0.1390055758971452,0.0143989717473908,0.1246066041497544,32,0.0341724243479563,8,activation_whitened,4,4,5.037140180920245,8,1.991904671026764,2,3,4,3.3413005158558025,4,1.6328671699734534,2,4,4,5.037140180920245,8,1.991904671026764,2,4,32,8,8,2,1,2.0,2.0,4.0,16.0,,,,32,32,8,8,8,8,8,8,runs/20260612_193443_stage4_sample_s101,sample_limited,101
7,0.1535189000229921,0.0143411033052068,0.1391777967177853,32,0.0329357838272742,5,activation_whitened,5,8,5.610193482110098,8,2.6813922137179227,4,4,4,4.433691074171392,8,2.737650891927534,4,5,8,5.610193482110098,8,2.6813922137179227,4,8,16,16,4,4,2,2.0,4.0,4.0,8.0,16.0,,,16,16,16,16,16,4,4,4,runs/20260612_193443_stage4_sample_s101,sample_limited,101
8,0.2228325885964648,0.0143374103385587,0.2084951782579061,32,0.0425178771953741,7,activation_whitened,7,8,6.605024368226356,8,3.233575363421376,4,5,8,4.632412289802812,8,2.235778391039233,4,7,8,6.605024368226356,8,3.233575363421376,4,8,32,8,8,4,2,4.0,4.0,4.0,8.0,32.0,,,32,32,16,8,8,8,8,8,runs/20260612_193443_stage4_sample_s101,sample_limited,101
9,0.0624980672358808,0.01441267034347,0.0480853968924108,32,0.0191734344983983,1,activation_whitened,1,1,2.3313078540847605,4,1.136992482624046,2,1,1,1.791138136682782,2,1.1023759490417124,2,1,1,2.3313078540847605,4,1.136992482624046,2,1,2,1,1,1,1,1.0,1.0,1.0,1.0,1.0,32.0,,2,2,2,2,2,2,2,2,runs/20260612_193443_stage4_sample_s101,sample_limited,101
10,0.0517084979553044,0.0144502318782097,0.0372582660770947,32,0.0215210936184694,1,activation_whitened,1,1,4.009606726782371,8,1.309061325742004,2,1,1,1.7593170538670162,2,1.1050040229101965,2,1,1,4.009606726782371,8,1.309061325742004,2,1,8,2,1,1,1,1.0,1.0,1.0,32.0,,,,4,4,4,4,4,2,2,2,runs/20260612_193443_stage4_sample_s101,sample_limited,101
11,0.1005075699157862,0.0144183802368412,0.086089189678945,32,0.0368411365069767,6,activation_whitened,5,8,5.203048492256683,8,2.083477796731323,4,2,2,2.8076628974681457,4,1.453352034594152,2,5,8,5.203048492256683,8,2.083477796731323,4,8,32,8,4,4,1,2.0,4.0,16.0,,,,,32,16,16,8,4,4,4,4,runs/20260612_193443_stage4_sample_s101,sample_limited,101
12,0.1395356744741782,0.0143995638499474,0.1251361106242308,32,0.0183900863887369,2,activation_whitened,2,2,2.6950085927342213,4,1.7181068192342106,2,2,2,2.022955562594052,4,1.39037693502295,2,2,2,2.6950085927342213,4,1.7181068192342106,2,2,4,2,2,2,1,1.0,2.0,2.0,2.0,2.0,2.0,4.0,8,4,4,4,4,4,2,2,runs/20260612_193443_stage4_sample_s101,sample_limited,101
13,0.0848137033188525,0.0143911749308269,0.0704225283880256,32,0.0300431469702927,3,activation_whitened,3,4,5.149575494961911,8,2.4556736763981144,4,3,4,2.834492772678333,4,1.4642820324981116,2,3,4,5.149575494961911,8,2.4556736763981144,4,4,32,8,8,2,1,2.0,4.0,8.0,,,,,32,32,8,8,8,8,8,8,runs/20260612_193443_stage4_sample_s101,sample_limited,101
14,0.0682182870933199,0.0143924975840533,0.0538257895092666,32,0.0219704174071032,2,activation_whitened,2,2,3.4660044310417577,4,1.616267814169802,2,2,2,2.4273735986929794,4,1.4683545376288465,2,2,2,3.4660044310417577,4,1.616267814169802,2,2,32,8,2,2,1,1.0,2.0,2.0,8.0,32.0,,,32,32,8,4,4,4,4,2,runs/20260612_193443_stage4_sample_s101,sample_limited,101
15,0.1350374068684714,0.0144085628426585,0.1206288440258129,32,0.0379835059499902,4,activation_whitened,4,4,4.857446542650782,8,2.333200941591992,4,4,4,2.868312113391977,4,1.4637818406985443,2,4,4,4.857446542650782,8,2.333200941591992,4,4,32,16,16,4,1,2.0,4.0,16.0,32.0,,,,32,32,16,16,16,16,16,4,runs/20260612_193443_stage4_sample_s101,sample_limited,101
16,0.1764502598860405,0.0144222071556668,0.1620280527303736,32,0.0538401975180235,8,activation_whitened,8,8,7.911773871002649,8,3.432569598771672,4,4,4,4.915959156650241,8,2.302866330587208,4,8,8,7.911773871002649,8,3.432569598771672,4,8,32,16,8,4,1,4.0,8.0,16.0,,,,,32,32,32,8,8,8,8,8,runs/20260612_193443_stage4_sample_s101,sample_limited,101
17,0.1036995026010698,0.0143905706387024,0.0893089319623674,32,0.0192320147345009,1,activation_whitened,1,1,1.9019297699720747,2,1.1008746223650254,2,1,1,1.4716388394138076,2,1.0640455504479125,2,1,1,1.9019297699720747,2,1.1008746223650254,2,1,2,1,1,1,1,1.0,1.0,1.0,1.0,1.0,1.0,,2,2,2,2,2,2,2,2,runs/20260612_193443_stage4_sample_s101,sample_limited,101
18,0.2047379032701888,0.014380496705845,0.1903574065643438,32,0.0200480321949565,2,activation_whitened,2,2,2.442339983232807,4,1.4698307312219994,2,2,2,1.7024935750001085,2,1.1973119607976093,2,2,2,2.442339983232807,4,1.4698307312219994,2,2,2,2,2,2,1,1.0,1.0,2.0,2.0,2.0,2.0,2.0,8,2,2,2,2,2,2,2,runs/20260612_193443_stage4_sample_s101,sample_limited,101
19,0.1376701773056045,0.0144291879387501,0.1232409893668543,32,0.0406904471246887,8,activation_whitened,6,8,7.221981909835188,8,3.38365593809265,4,4,4,5.197576323790883,8,2.86978848894701,4,6,8,7.221981909835188,8,3.38365593809265,4,8,32,16,4,4,2,4.0,4.0,4.0,,,,,32,32,16,16,8,8,4,4,runs/20260612_193443_stage4_sample_s101,sample_limited,101
20,0.3975860286180082,0.0144260148443558,0.3831600137736524,32,0.0388494688355124,7,activation_whitened,7,8,6.995606986664911,8,3.9605968921968304,4,5,8,5.512655893716322,8,2.6381024452416533,4,7,8,6.995606986664911,8,3.9605968921968304,4,8,16,8,8,8,4,4.0,4.0,8.0,8.0,8.0,16.0,,32,16,16,8,8,8,8,8,runs/20260612_193443_stage4_sample_s101,sample_limited,101
21,0.0598057107980248,0.0145280134240682,0.0452776973739565,32,0.0214206536023599,2,activation_whitened,2,2,3.9330770259872536,4,1.8240661847488984,2,2,2,2.629625279590289,4,1.6416330759030942,2,2,2,3.9330770259872536,4,1.8240661847488984,2,2,16,16,8,4,1,2.0,2.0,4.0,16.0,,,,16,16,16,16,16,8,8,4,runs/20260612_193443_stage4_sample_s101,sample_limited,101
22,0.1341071903658076,0.014433865476187,0.1196733248896206,32,0.0457941836626925,5,activation_whitened,5,8,6.175911084772629,8,3.650151854458273,4,3,4,3.5298396477539464,4,1.703866267780067,2,5,8,6.175911084772629,8,3.650151854458273,4,8,32,16,16,4,1,4.0,8.0,16.0,,,,,32,32,16,16,16,16,16,4,runs/20260612_193443_stage4_sample_s101,sample_limited,101
23,0.0635816629247282,0.0143604004640981,0.04922126246063,32,0.0225728547075517,2,activation_whitened,2,2,4.596566380799367,8,2.1252490924144096,4,2,2,2.965670668624948,4,1.9849197206469773,2,2,2,4.596566380799367,8,2.1252490924144096,4,2,16,8,4,2,1,2.0,2.0,4.0,16.0,,,,16,16,16,16,4,4,4,4,runs/20260612_193443_stage4_sample_s101,sample_limited,101
24,0.1407583150430176,0.0144287249435055,0.1263295900995121,32,0.0291182790295194,4,activation_whitened,4,4,5.203231576360555,8,2.821505217907059,4,4,4,3.820516590990483,4,2.1622303658887425,4,4,4,5.203231576360555,8,2.821505217907059,4,4,32,16,4,4,2,2.0,4.0,4.0,8.0,32.0,,,32,32,16,16,16,4,4,4,runs/20260612_193443_stage4_sample_s101,sample_limited,101
25,0.0618236742274776,0.0144214424325362,0.0474022317949414,32,0.0162277888224696,1,activation_whitened,1,1,2.0598937518554985,4,1.1053221926940304,2,1,1,1.3757249177613768,2,1.0424229103516849,2,1,1,2.0598937518554985,4,1.1053221926940304,2,1,1,1,1,1,1,1.0,1.0,1.0,1.0,1.0,1.0,4.0,4,4,4,4,4,1,1,1,runs/20260612_193443_stage4_sample_s101,sample_limited,101
26,0.1819507740087969,0.0144348147786021,0.1675159592301948,32,0.0265292531529135,4,activation_whitened,4,4,4.89702285945861,8,3.138145591340938,4,4,4,4.05650323309869,8,2.821551468580203,4,4,4,4.89702285945861,8,3.138145591340938,4,4,16,8,4,4,2,2.0,4.0,4.0,4.0,8.0,16.0,,16,16,8,8,8,8,8,4,runs/20260612_193443_stage4_sample_s101,sample_limited,101
27,0.2122412898141681,0.0143832953551418,0.1978579944590263,32,0.0387006334592209,7,activation_whitened,6,8,5.760393019290889,8,2.367266842206082,4,4,4,3.875021632369776,4,1.7746058282681063,2,6,8,5.760393019290889,8,2.367266842206082,4,8,32,8,8,4,1,2.0,4.0,4.0,8.0,16.0,,,32,32,8,8,8,8,8,8,runs/20260612_193443_stage4_sample_s101,sample_limited,101
28,0.2597246454483301,0.014421943997028,0.2453027014513021,32,0.042848614275344,7,activation_whitened,7,8,7.344666460160058,8,4.19579374026382,8,6,8,5.337066917165298,8,2.73644562581543,4,7,8,7.344666460160058,8,4.19579374026382,8,8,32,16,8,8,2,4.0,4.0,8.0,8.0,16.0,,,32,32,16,16,16,8,8,8,runs/20260612_193443_stage4_sample_s101,sample_limited,101
29,0.2642131465709019,0.0143578003927173,0.2498553461781845,32,0.0381940292200022,6,activation_whitened,5,8,5.069973617235817,8,2.383408395619143,4,3,4,3.2666430837189813,4,1.5630968978317457,2,5,8,5.069973617235817,8,2.383408395619143,4,8,16,16,8,4,1,2.0,2.0,4.0,8.0,16.0,32.0,,16,16,16,16,16,8,8,8,runs/20260612_193443_stage4_sample_s101,sample_limited,101
30,0.1545205919243618,0.0143524611913249,0.1401681307330368,32,0.0323773940119347,5,activation_whitened,5,8,5.652668115392982,8,2.9234721577130003,4,5,8,4.5133778479982505,8,2.5216312352006987,4,5,8,5.652668115392982,8,2.9234721577130003,4,8,32,32,8,4,2,4.0,4.0,4.0,16.0,32.0,,,32,32,32,32,8,8,8,8,runs/20260612_193443_stage4_sample_s101,sample_limited,101
31,0.121381831325815,0.0144018996898397,0.1069799316359753,32,0.039629066536021,6,activation_whitened,6,8,5.966007820609713,8,2.433605492387356,4,4,4,3.736005881164117,4,1.671441839217545,2,6,8,5.966007820609713,8,2.433605492387356,4,8,16,8,4,4,1,4.0,4.0,8.0,,,,,32,16,16,8,8,8,8,4,runs/20260612_193443_stage4_sample_s101,sample_limited,101
32,0.2884426169523862,0.014382077591128,0.2740605393612582,32,0.0405218985591159,6,activation_whitened,6,8,5.527263094957676,8,2.594138945050557,4,2,2,3.301847562666119,4,1.6107148801581188,2,6,8,5.527263094957676,8,2.594138945050557,4,8,16,16,8,4,2,2.0,2.0,4.0,8.0,16.0,32.0,,32,16,16,16,16,8,8,8,runs/20260612_193443_stage4_sample_s101,sample_limited,101
33,0.0747223689666342,0.0143188639487777,0.0604035050178565,32,0.0277623980714525,2,activation_whitened,2,2,4.880703300443778,8,2.1367594714518705,4,2,2,3.4844362614661915,4,1.8567509657200845,2,2,2,4.880703300443778,8,2.1367594714518705,4,2,16,16,4,2,2,2.0,2.0,4.0,,,,,16,16,16,16,4,4,4,4,runs/20260612_193443_stage4_sample_s101,sample_limited,101
34,0.0738243953672604,0.0144807565154351,0.0593436388518253,32,0.0176250679524059,1,activation_whitened,1,1,1.9808662664206984,2,1.100462264845189,2,1,1,1.4120756663246272,2,1.0502143598021736,2,1,1,1.9808662664206984,2,1.100462264845189,2,1,1,1,1,1,1,1.0,1.0,1.0,1.0,1.0,1.0,,1,1,1,1,1,1,1,1,runs/20260612_193443_stage4_sample_s101,sample_limited,101
35,0.1495815916581377,0.0144078806504659,0.1351737110076718,32,0.0495322584710443,8,activation_whitened,8,8,9.18222842107248,16,4.682742312109629,8,4,4,5.759638126822417,8,2.3364100321115915,4,8,8,9.18222842107248,16,4.682742312109629,8,8,32,32,16,8,2,8.0,16.0,32.0,,,,,32,32,32,32,16,16,16,8,runs/20260612_193443_stage4_sample_s101,sample_limited,101
36,0.1172425528532447,0.0143783575496421,0.1028641953036025,32,0.0180551103588337,2,activation_whitened,2,2,2.696962049021025,4,1.7191834625858855,2,2,2,2.1646977082455483,4,1.6173790885573402,2,2,2,2.696962049021025,4,1.7191834625858855,2,2,4,2,2,2,1,1.0,2.0,2.0,2.0,2.0,2.0,4.0,4,4,4,4,4,4,2,2,runs/20260612_193443_stage4_sample_s101,sample_limited,101
37,0.2478892721639639,0.0144117407810662,0.2334775313828977,32,0.0521260295573174,7,activation_whitened,7,8,6.560313419517633,8,2.6842430017576664,4,3,4,4.149213435157265,8,1.921394205655972,2,7,8,6.560313419517633,8,2.6842430017576664,4,8,32,16,8,4,2,4.0,4.0,4.0,16.0,,,,32,32,16,16,16,8,8,4,runs/20260612_193443_stage4_sample_s101,sample_limited,101
38,0.156087864224714,0.0143894824091518,0.1416983818155621,32,0.0212917685479421,3,activation_whitened,3,4,3.5915870015925653,4,2.0083483873543706,4,3,4,2.83380298041587,4,1.6988123319098274,2,3,4,3.5915870015925653,4,2.0083483873543706,4,4,16,8,4,2,1,2.0,2.0,2.0,4.0,4.0,8.0,32.0,16,16,8,8,8,8,8,4,runs/20260612_193443_stage4_sample_s101,sample_limited,101
39,0.1338952848058923,0.0143499140658198,0.1195453707400725,32,0.0282945758865609,3,activation_whitened,3,4,4.03626911187433,8,2.218246478931907,4,3,4,2.65363794937323,4,1.4600679486392183,2,3,4,4.03626911187433,8,2.218246478931907,4,4,32,8,4,2,1,2.0,2.0,4.0,8.0,16.0,,,32,16,8,8,8,8,8,4,runs/20260612_193443_stage4_sample_s101,sample_limited,101
40,0.1899852329021146,0.0143550868129107,0.1756301460892039,32,0.0203544797877667,2,activation_whitened,2,2,2.471809146604204,4,1.4528990869727336,2,2,2,1.872950007046742,2,1.261141844672976,2,2,2,2.471809146604204,4,1.4528990869727336,2,2,2,2,2,2,1,1.0,1.0,2.0,2.0,2.0,2.0,2.0,2,2,2,2,2,2,2,2,runs/20260612_193443_stage4_sample_s101,sample_limited,101
41,0.1796537223290384,0.0144166816896159,0.1652370406394225,32,0.0549631915708523,8,activation_whitened,8,8,7.909871402439003,8,3.377333550014217,4,5,8,5.382169710312673,8,2.211351128292436,4,8,8,7.909871402439003,8,3.377333550014217,4,8,32,16,16,8,1,4.0,8.0,16.0,,,,,32,32,16,16,16,16,8,8,runs/20260612_193443_stage4_sample_s101,sample_limited,101
42,0.1933197539047289,0.0143968430965452,0.1789229108081837,32,0.0250307001558142,4,activation_whitened,4,4,4.388033038821383,8,2.582121801621334,4,4,4,3.497827784966673,4,2.3173607239589944,4,4,4,4.388033038821383,8,2.582121801621334,4,4,16,16,8,4,2,2.0,2.0,4.0,4.0,8.0,16.0,,32,16,16,16,8,8,8,4,runs/20260612_193443_stage4_sample_s101,sample_limited,101
43,0.135544708709345,0.0144344692741947,0.1211102394351503,32,0.0353902090136425,5,activation_whitened,5,8,5.475308855502052,8,2.683813906766826,4,4,4,4.252421356301567,8,2.308741364545665,4,5,8,5.475308855502052,8,2.683813906766826,4,8,32,8,8,4,2,2.0,4.0,4.0,16.0,,,,32,16,16,16,8,8,8,8,runs/20260612_193443_stage4_sample_s101,sample_limited,101
44,0.0843893603953456,0.0143821359813502,0.0700072244139954,32,0.0373608148163178,7,activation_whitened,5,8,6.541748900102088,8,2.4003517559042407,4,4,4,4.853639444039918,8,2.09681209074167,4,5,8,6.541748900102088,8,2.4003517559042407,4,8,32,16,8,8,1,8.0,16.0,,,,,,32,32,32,16,16,8,8,8,runs/20260612_193443_stage4_sample_s101,sample_limited,101
45,0.0951475548059837,0.0144407545972337,0.08070680020875,32,0.042680589392016,8,activation_whitened,6,8,7.995970850382729,8,3.406267022069278,4,3,4,4.015783416734972,8,1.7435721725170228,2,6,8,7.995970850382729,8,3.406267022069278,4,8,32,32,16,4,1,8.0,32.0,,,,,,32,32,32,32,16,16,8,4,runs/20260612_193443_stage4_sample_s101,sample_limited,101
46,0.049073424621202,0.0144455327973873,0.0346278918238147,32,0.0193676637130351,1,activation_whitened,1,1,3.132337140447989,4,1.2130769453887456,2,2,2,2.150997763703066,4,1.1735341891461224,2,1,1,3.132337140447989,4,1.2130769453887456,2,1,16,2,1,1,1,1.0,1.0,1.0,2.0,32.0,,,16,8,2,2,2,2,2,2,runs/20260612_193443_stage4_sample_s101,sample_limited,101
47,0.0875912199920232,0.0144375557373908,0.0731536642546323,32,0.0250993192104138,3,activation_whitened,3,4,4.954220906223947,8,2.536430396722015,4,3,4,3.2765706004428705,4,1.8574177448323228,2,3,4,4.954220906223947,8,2.536430396722015,4,4,32,8,4,4,1,2.0,2.0,4.0,8.0,32.0,,,32,8,8,8,8,8,8,4,runs/20260612_193443_stage4_sample_s101,sample_limited,101
0,0.1392458640941566,0.0144150515280221,0.1248308125661345,32,0.0377466811646576,5,activation_whitened,5,8,6.1567718549183095,8,2.900517350120166,4,4,4,4.079751239293932,8,2.210486654704773,4,5,8,6.1567718549183095,8,2.900517350120166,4,8,32,16,8,4,2,2.0,4.0,8.0,32.0,,,,32,32,16,16,16,8,8,4,runs/20260612_195235_stage4_sample_s103,sample_limited,103
1,0.1083622534671779,0.0144231258845085,0.0939391275826694,32,0.024202665983435,3,activation_whitened,3,4,3.601673912286566,4,1.7346055217431011,2,3,4,2.7572680489472394,4,1.5291956827677635,2,3,4,3.601673912286566,4,1.7346055217431011,2,4,16,8,4,2,1,1.0,1.0,2.0,4.0,8.0,,,32,16,8,8,8,8,8,4,runs/20260612_195235_stage4_sample_s103,sample_limited,103
2,0.142438343086102,0.0144356599215023,0.1280026831645997,32,0.0225169705339953,3,activation_whitened,3,4,3.833287150211566,4,2.398054441857757,4,3,4,2.4877288482588984,4,1.4665325502437354,2,3,4,3.833287150211566,4,2.398054441857757,4,4,8,4,4,4,2,2.0,2.0,4.0,4.0,4.0,8.0,,16,8,8,8,8,8,4,4,runs/20260612_195235_stage4_sample_s103,sample_limited,103
3,0.0667972118142723,0.0144845532010063,0.052312658613266,32,0.0217902482113178,2,activation_whitened,2,2,3.5203577923148743,4,1.6110198277270606,2,2,2,2.234219541194095,4,1.339051792737471,2,2,2,3.5203577923148743,4,1.6110198277270606,2,2,16,16,2,2,1,1.0,2.0,2.0,16.0,16.0,,,16,16,16,16,16,16,2,2,runs/20260612_195235_stage4_sample_s103,sample_limited,103
4,0.1464193319288992,0.0143443832104186,0.1320749487184806,32,0.0391128146450049,5,activation_whitened,5,8,5.662322236804542,8,3.0288059114634174,4,3,4,3.7098497439763647,4,2.150296369397993,4,5,8,5.662322236804542,8,3.0288059114634174,4,8,32,16,8,4,2,2.0,4.0,8.0,32.0,,,,32,32,16,16,16,16,8,8,runs/20260612_195235_stage4_sample_s103,sample_limited,103
5,0.1096425622768729,0.0144296857260679,0.095212876550805,32,0.03840085814926,5,activation_whitened,5,8,6.377384627507466,8,2.975563409347392,4,5,8,4.534147047126464,8,2.172694305740924,4,5,8,6.377384627507466,8,2.975563409347392,4,8,32,32,16,4,1,4.0,8.0,32.0,,,,,32,32,32,32,16,8,8,4,runs/20260612_195235_stage4_sample_s103,sample_limited,103
6,0.2348752183784876,0.0143480450953147,0.2205271732831729,32,0.0246098456294122,4,activation_whitened,4,4,4.152414534973587,8,2.217053160969628,4,4,4,3.001183273857301,4,1.5927288500903936,2,4,4,4.152414534973587,8,2.217053160969628,4,4,16,8,4,4,1,2.0,2.0,4.0,4.0,4.0,8.0,32.0,16,8,8,8,8,8,8,4,runs/20260612_195235_stage4_sample_s103,sample_limited,103
7,0.1953713501658748,0.014393528331413,0.1809778218344618,32,0.0329159055524816,6,activation_whitened,4,4,4.557541962092691,8,2.1796325863989585,4,3,4,3.113546491703512,4,1.822421950429775,2,4,4,4.557541962092691,8,2.1796325863989585,4,4,16,4,4,2,1,2.0,2.0,2.0,4.0,4.0,,,16,16,8,8,4,4,4,4,runs/20260612_195235_stage4_sample_s103,sample_limited,103
8,0.1764773520461969,0.0143864848949974,0.1620908671511995,32,0.0353996953861933,5,activation_whitened,5,8,5.388928864489949,8,3.0598316189485275,4,4,4,3.453969210894106,4,1.7828352132602232,2,5,8,5.388928864489949,8,3.0598316189485275,4,8,32,16,4,4,2,2.0,4.0,4.0,8.0,32.0,,,32,16,16,16,8,8,8,4,runs/20260612_195235_stage4_sample_s103,sample_limited,103
9,0.0419832452631101,0.0144041009910985,0.0275791442720116,32,0.0192891956164988,1,activation_whitened,1,1,3.951552169537442,4,1.2719644469702152,2,1,1,2.314261840306523,4,1.167913662935926,2,1,1,3.951552169537442,4,1.2719644469702152,2,1,16,8,1,1,1,1.0,1.0,1.0,16.0,,,,32,16,8,1,1,1,1,1,runs/20260612_195235_stage4_sample_s103,sample_limited,103
10,0.140770483822078,0.0143183814938249,0.1264521023282531,32,0.0231888337588936,3,activation_whitened,3,4,3.731378746486061,4,2.074132811842512,4,3,4,2.592888909308883,4,1.4835395521368169,2,3,4,3.731378746486061,4,2.074132811842512,4,4,16,8,4,4,1,2.0,2.0,4.0,4.0,4.0,16.0,,32,16,8,8,8,8,4,4,runs/20260612_195235_stage4_sample_s103,sample_limited,103
11,0.2385681276693029,0.0144560834963015,0.2241120441730014,32,0.0354081032813484,6,activation_whitened,5,8,5.003859998766191,8,2.305458303946849,4,3,4,3.726810255151269,4,1.9026029282453991,2,5,8,5.003859998766191,8,2.305458303946849,4,8,32,8,8,4,2,2.0,2.0,4.0,8.0,8.0,32.0,,32,16,16,8,8,8,8,8,runs/20260612_195235_stage4_sample_s103,sample_limited,103
12,0.1419540496055651,0.0144074507127414,0.1275465988928237,32,0.0365887132189859,5,activation_whitened,5,8,5.138701762854647,8,2.360732260388461,4,3,4,3.533945582949845,4,1.9112400380479,2,5,8,5.138701762854647,8,2.360732260388461,4,8,32,8,8,2,1,2.0,2.0,4.0,32.0,,,,32,8,8,8,8,8,8,8,runs/20260612_195235_stage4_sample_s103,sample_limited,103
13,0.0558890126146016,0.0143560026752024,0.0415330099393992,32,0.0206210415984636,2,activation_whitened,2,2,4.166989723910063,8,2.225474572537664,4,2,2,2.6200915625914467,4,1.6310767552114658,2,2,2,4.166989723910063,8,2.225474572537664,4,2,32,16,4,4,1,2.0,4.0,4.0,16.0,,,,32,32,16,4,4,4,4,4,runs/20260612_195235_stage4_sample_s103,sample_limited,103
14,0.1204520502094322,0.0143988900842935,0.1060531601251387,32,0.0289064214839717,3,activation_whitened,3,4,3.740994395862748,4,1.9292696348309977,2,2,2,2.370208230383557,4,1.5763969519725023,2,3,4,3.740994395862748,4,1.9292696348309977,2,4,32,16,4,2,1,1.0,2.0,2.0,4.0,32.0,,,32,32,4,4,4,4,4,4,runs/20260612_195235_stage4_sample_s103,sample_limited,103
15,0.1232847864924326,0.014420227463176,0.1088645590292566,32,0.0437376573573216,7,activation_whitened,7,8,7.221682074933712,8,2.848065632035776,4,2,2,3.825150720068908,4,1.6335445416280905,2,7,8,7.221682074933712,8,2.848065632035776,4,8,32,16,8,4,1,4.0,8.0,32.0,,,,,32,32,16,16,16,8,8,8,runs/20260612_195235_stage4_sample_s103,sample_limited,103
16,0.1609582585148838,0.0144184969144767,0.1465397616004071,32,0.023033791678311,3,activation_whitened,3,4,3.770072097927229,4,2.1511247370902544,4,3,4,3.107549748595266,4,1.939869914980164,2,3,4,3.770072097927229,4,2.1511247370902544,4,4,8,8,8,8,2,2.0,2.0,4.0,8.0,8.0,8.0,,16,16,8,8,8,8,8,8,runs/20260612_195235_stage4_sample_s103,sample_limited,103
17,0.118012722176773,0.0144373497286474,0.1035753724481256,32,0.0352439947585546,6,activation_whitened,6,8,6.238858450716204,8,2.583047198410612,4,4,4,4.76651146335566,8,2.377514719459715,4,6,8,6.238858450716204,8,2.583047198410612,4,8,32,8,8,4,1,2.0,4.0,8.0,,,,,32,32,8,8,8,8,8,4,runs/20260612_195235_stage4_sample_s103,sample_limited,103
18,0.1885570947159233,0.0144214097095523,0.174135685006371,32,0.0295131728797284,4,activation_whitened,4,4,4.50995709065712,8,2.555505720583457,4,4,4,3.200298339852256,4,1.739272380943874,2,4,4,4.50995709065712,8,2.555505720583457,4,4,8,8,8,4,2,2.0,2.0,4.0,8.0,8.0,16.0,,16,8,8,8,8,8,8,8,runs/20260612_195235_stage4_sample_s103,sample_limited,103
19,0.0675233843110865,0.0143556650219693,0.0531677192891172,32,0.0346019911629843,3,activation_whitened,3,4,5.543335584323624,8,2.130571981840662,4,4,4,3.760566081661228,4,1.6293348360257582,2,3,4,5.543335584323624,8,2.130571981840662,4,4,32,16,8,2,1,8.0,32.0,,,,,,32,32,16,16,16,16,8,2,runs/20260612_195235_stage4_sample_s103,sample_limited,103
20,0.1380698583008761,0.0143815200051632,0.1236883382957129,32,0.0391304260952989,6,activation_whitened,5,8,5.165510900140409,8,2.1604712774096635,4,4,4,4.155378759190948,8,2.137167445645773,4,5,8,5.165510900140409,8,2.1604712774096635,4,8,32,16,4,2,1,2.0,2.0,4.0,,,,,32,32,16,16,4,4,4,4,runs/20260612_195235_stage4_sample_s103,sample_limited,103
21,0.0967655623767927,0.0143237525813296,0.082441809795463,32,0.0374099074115903,6,activation_whitened,5,8,5.8302422101978655,8,2.2274744139304787,4,4,4,4.497300697151121,8,2.0422972073515155,4,5,8,5.8302422101978655,8,2.2274744139304787,4,8,32,16,4,2,1,2.0,4.0,32.0,,,,,32,32,32,16,4,4,4,4,runs/20260612_195235_stage4_sample_s103,sample_limited,103
22,0.1729366942878623,0.0143834855122644,0.1585532087755979,32,0.036326205697763,5,activation_whitened,5,8,5.7422944382211405,8,3.1079353701649386,4,5,8,4.538767633016407,8,2.3383502346597376,4,5,8,5.7422944382211405,8,3.1079353701649386,4,8,32,16,8,4,2,4.0,4.0,8.0,16.0,32.0,,,32,32,16,16,16,16,8,8,runs/20260612_195235_stage4_sample_s103,sample_limited,103
23,0.0472647871166516,0.014380664505433,0.0328841226112186,32,0.0166977355753485,1,activation_whitened,1,1,2.580130586251503,4,1.1500922247028618,2,1,1,1.572275018489315,2,1.0642959510118557,2,1,1,2.580130586251503,4,1.1500922247028618,2,1,4,4,1,1,1,1.0,1.0,1.0,1.0,4.0,4.0,,8,8,4,4,4,4,4,4,runs/20260612_195235_stage4_sample_s103,sample_limited,103
24,0.1980946826979086,0.0144091237088827,0.1836855589890259,32,0.0559997833344543,8,activation_whitened,8,8,8.074472105817625,16,4.246386753675991,8,5,8,5.406393719278963,8,2.2593180898649385,4,8,8,8.074472105817625,16,4.246386753675991,8,8,32,16,8,4,2,4.0,8.0,16.0,,,,,32,32,16,16,16,16,8,8,runs/20260612_195235_stage4_sample_s103,sample_limited,103
25,0.1806082088009809,0.0144314808387706,0.1661767279622103,32,0.0328805034436019,4,activation_whitened,4,4,4.929509133152242,8,2.709218097419859,4,4,4,3.066817493601841,4,1.5643058360981077,2,4,4,4.929509133152242,8,2.709218097419859,4,4,32,16,16,4,2,2.0,4.0,4.0,16.0,16.0,,,32,32,16,16,16,16,16,4,runs/20260612_195235_stage4_sample_s103,sample_limited,103
26,0.1179178063933055,0.0144465930818293,0.1034712133114762,32,0.0242643856169486,2,activation_whitened,2,2,3.622836653568197,4,1.97852144413592,2,2,2,2.5072015940322747,4,1.563038844258865,2,2,2,3.622836653568197,4,1.97852144413592,2,2,8,2,2,2,1,2.0,2.0,2.0,2.0,2.0,32.0,,16,2,2,2,2,2,2,2,runs/20260612_195235_stage4_sample_s103,sample_limited,103
27,0.1904798038722875,0.0143975621808048,0.1760822416914827,32,0.0423758013493275,8,activation_whitened,5,8,5.307653377978759,8,2.2386941871609856,4,3,4,4.28988583692973,8,2.0554909403444808,4,5,8,5.307653377978759,8,2.2386941871609856,4,8,16,8,4,4,1,2.0,2.0,4.0,8.0,,,,16,8,8,8,8,8,8,4,runs/20260612_195235_stage4_sample_s103,sample_limited,103
28,0.0760834135145327,0.0144229305854523,0.0616604829290804,32,0.0212612981762174,1,activation_whitened,1,1,2.6503759145793304,4,1.1816446828787002,2,2,2,2.2767385534374425,4,1.196747967174438,2,1,1,2.6503759145793304,4,1.1816446828787002,2,1,8,2,1,1,1,1.0,1.0,1.0,1.0,2.0,,,8,8,8,8,2,2,2,2,runs/20260612_195235_stage4_sample_s103,sample_limited,103
29,0.2822841874937947,0.0144044765857638,0.2678797109080308,32,0.0478010564023857,7,activation_whitened,5,8,4.992397928563162,8,2.03722833721216,4,1,1,2.274153764403249,4,1.2338137728940215,2,5,8,4.992397928563162,8,2.03722833721216,4,8,32,16,8,4,1,1.0,2.0,4.0,8.0,32.0,,,32,32,16,16,16,8,8,8,runs/20260612_195235_stage4_sample_s103,sample_limited,103
30,0.1866626749943988,0.014464929291358,0.1721977457030407,32,0.0292129632411497,5,activation_whitened,5,8,5.6559034805839135,8,3.429766885773184,4,5,8,4.581602073632232,8,2.479855617480326,4,5,8,5.6559034805839135,8,3.429766885773184,4,8,16,8,8,4,2,4.0,4.0,4.0,8.0,8.0,32.0,,16,16,16,16,8,8,8,8,runs/20260612_195235_stage4_sample_s103,sample_limited,103
31,0.0975732418911489,0.0143970442475632,0.0831761976435856,32,0.0291311467528647,4,activation_whitened,4,4,5.1192255356624985,8,2.302993050877243,4,3,4,3.077051310183877,4,1.5404495394134443,2,4,4,5.1192255356624985,8,2.302993050877243,4,4,32,16,8,2,1,2.0,2.0,8.0,32.0,,,,32,32,16,8,8,8,8,8,runs/20260612_195235_stage4_sample_s103,sample_limited,103
32,0.0833177864793189,0.0144185834257865,0.0688992030535323,32,0.0268695681504478,3,activation_whitened,3,4,4.667422794205844,8,2.221422471132735,4,3,4,2.811871812456465,4,1.5257574037752737,2,3,4,4.667422794205844,8,2.221422471132735,4,4,32,32,8,4,1,2.0,4.0,8.0,32.0,,,,32,32,32,8,8,8,8,8,runs/20260612_195235_stage4_sample_s103,sample_limited,103
33,0.0507639909168389,0.0144362659736723,0.0363277249431666,32,0.022360715724454,1,activation_whitened,1,1,3.93041409287904,4,1.3091355161500582,2,1,1,1.9808497004292167,2,1.1357333469268065,2,1,1,3.93041409287904,4,1.3091355161500582,2,1,8,1,1,1,1,1.0,1.0,1.0,,,,,16,4,1,1,1,1,1,1,runs/20260612_195235_stage4_sample_s103,sample_limited,103
34,0.1116778745770926,0.0143466074466727,0.0973312671304199,32,0.0407426300091194,8,activation_whitened,7,8,7.862982530451147,8,3.09673938342851,4,4,4,5.062205221265285,8,2.198239117471549,4,7,8,7.862982530451147,8,3.09673938342851,4,8,32,16,8,4,1,4.0,8.0,32.0,,,,,32,32,16,16,8,8,8,8,runs/20260612_195235_stage4_sample_s103,sample_limited,103
35,0.2801580405315039,0.014338861064578,0.2658191794669259,32,0.0278847158256549,3,activation_whitened,3,4,3.844151335468896,4,2.271737737536068,4,3,4,2.62374831281915,4,1.5026368101053984,2,3,4,3.844151335468896,4,2.271737737536068,4,4,4,4,4,4,2,2.0,2.0,2.0,4.0,4.0,4.0,,4,4,4,4,4,4,4,4,runs/20260612_195235_stage4_sample_s103,sample_limited,103
36,0.1546126284035606,0.014419614354264,0.1401930140492966,32,0.0489587750348005,6,activation_whitened,6,8,6.29132599456608,8,3.31053631578456,4,4,4,4.487206732922621,8,2.3625910589930017,4,6,8,6.29132599456608,8,3.31053631578456,4,8,32,16,4,4,2,4.0,4.0,16.0,,,,,32,32,16,16,4,4,4,4,runs/20260612_195235_stage4_sample_s103,sample_limited,103
37,0.0957100830299757,0.0143995007012546,0.0813105823287211,32,0.0391289599222093,5,activation_whitened,5,8,6.860828872024161,8,3.1639053811441165,4,5,8,4.2346217842921074,8,2.1739526557444373,4,5,8,6.860828872024161,8,3.1639053811441165,4,8,32,32,16,4,1,4.0,16.0,,,,,,32,32,32,32,16,16,16,4,runs/20260612_195235_stage4_sample_s103,sample_limited,103
38,0.0513227845971899,0.0144069512126253,0.0369158333845646,32,0.0219086511698921,2,activation_whitened,2,2,4.653396050056636,8,1.8147504409912445,2,2,2,2.969389624333727,4,1.9878038205069208,2,2,2,4.653396050056636,8,1.8147504409912445,2,2,32,16,8,4,1,2.0,4.0,8.0,,,,,32,16,16,16,16,16,8,8,runs/20260612_195235_stage4_sample_s103,sample_limited,103
39,0.0959081258172234,0.0144146856857271,0.0814934401314963,32,0.0199239153441248,1,activation_whitened,1,1,1.971652056074056,2,1.1093455932717349,2,1,1,1.256951307667776,2,1.033737569676102,2,1,1,1.971652056074056,2,1.1093455932717349,2,1,1,1,1,1,1,1.0,1.0,1.0,1.0,1.0,1.0,,2,2,2,2,1,1,1,1,runs/20260612_195235_stage4_sample_s103,sample_limited,103
40,0.1495943509520569,0.0143773377332231,0.1352170132188337,32,0.0425675008250633,6,activation_whitened,6,8,6.093079164561934,8,3.202857237626036,4,5,8,5.4229107568364725,8,2.8868033760146203,4,6,8,6.093079164561934,8,3.202857237626036,4,8,32,16,8,8,2,4.0,8.0,16.0,,,,,32,32,16,16,16,16,8,8,runs/20260612_195235_stage4_sample_s103,sample_limited,103
41,0.1582988159475466,0.014473842716992,0.1438249732305546,32,0.0229494420512178,2,activation_whitened,2,2,3.122507690905136,4,1.8666076328580783,2,2,2,2.5936930274830243,4,1.5867445468532588,2,2,2,3.122507690905136,4,1.8666076328580783,2,2,4,4,4,4,1,1.0,2.0,2.0,4.0,4.0,4.0,,8,4,4,4,4,4,4,4,runs/20260612_195235_stage4_sample_s103,sample_limited,103
42,0.1079419667050157,0.0143370812751724,0.0936048854298433,32,0.0375709637011638,8,activation_whitened,5,8,7.275651160873302,8,3.0014571098076788,4,4,4,4.449795759798157,8,1.9379457261631927,2,5,8,7.275651160873302,8,3.0014571098076788,4,8,16,16,8,4,1,4.0,8.0,16.0,,,,,32,16,16,16,16,8,8,8,runs/20260612_195235_stage4_sample_s103,sample_limited,103
43,0.2029002583733791,0.0144182926423707,0.1884819657310084,32,0.0410059438793954,8,activation_whitened,5,8,5.8818536234597865,8,2.688824136289863,4,4,4,4.568568532660986,8,2.5125042358345264,4,5,8,5.8818536234597865,8,2.688824136289863,4,8,16,8,4,4,1,2.0,2.0,4.0,8.0,32.0,,,32,16,16,8,8,8,8,4,runs/20260612_195235_stage4_sample_s103,sample_limited,103
44,0.1629010383577399,0.0143735842734381,0.1485274540843018,32,0.0595562270577539,8,activation_whitened,8,8,8.583481571372847,16,4.3929867288021045,8,5,8,5.562450258973485,8,2.688440181349821,4,8,8,8.583481571372847,16,4.3929867288021045,8,8,32,16,16,4,2,4.0,16.0,,,,,,32,32,16,16,16,16,16,4,runs/20260612_195235_stage4_sample_s103,sample_limited,103
45,0.1759916161032372,0.0144090186684582,0.1615825974347789,32,0.0383691451000913,5,activation_whitened,5,8,4.441802541681191,8,1.8876887735251064,2,3,4,2.3594783056397763,4,1.2819576404566542,2,5,8,4.441802541681191,8,1.8876887735251064,2,8,32,16,4,2,1,1.0,2.0,4.0,16.0,32.0,,,32,32,32,8,8,8,4,4,runs/20260612_195235_stage4_sample_s103,sample_limited,103
46,0.1528475702728176,0.0143848282219749,0.1384627420508427,32,0.0571641686608098,8,activation_whitened,8,8,8.626669994770968,16,3.941508251172202,4,5,8,5.484430093653039,8,2.142943136205149,4,8,8,8.626669994770968,16,3.941508251172202,4,8,32,32,16,8,1,8.0,16.0,,,,,,32,32,32,32,16,16,8,8,runs/20260612_195235_stage4_sample_s103,sample_limited,103
47,0.2103051480645615,0.0143850608058325,0.195920087258729,32,0.0408316769840877,6,activation_whitened,6,8,6.490126410137822,8,3.540926258765994,4,6,8,5.212578919567545,8,2.528513430530145,4,6,8,6.490126410137822,8,3.540926258765994,4,8,32,16,8,8,2,4.0,4.0,8.0,16.0,32.0,,,32,32,16,16,16,8,8,8,runs/20260612_195235_stage4_sample_s103,sample_limited,103
0,0.0519499170387246,0.0144038746871551,0.0375460423515695,32,0.0237449356393978,1,activation_whitened,2,2,3.9782803825270032,4,1.2972265821879674,2,3,4,3.441212918239507,4,1.328045963482015,2,2,2,3.9782803825270032,4,1.2972265821879674,2,2,32,16,2,1,1,1.0,2.0,8.0,,,,,32,32,16,8,2,2,2,2,runs/20260612_201022_stage4_sample_s107,sample_limited,107
1,0.1160277205441305,0.0144199322122881,0.1016077883318424,32,0.0458728533376419,6,activation_whitened,6,8,7.6688328577191935,8,3.8428095194800034,4,6,8,5.815187216941245,8,2.926516273826413,4,6,8,7.6688328577191935,8,3.8428095194800034,4,8,32,16,16,4,2,4.0,16.0,,,,,,32,32,32,16,16,16,8,8,runs/20260612_201022_stage4_sample_s107,sample_limited,107
2,0.1617714858095936,0.014405570763484,0.1473659150461096,32,0.0251833419533309,4,activation_whitened,4,4,4.3887532245966,8,2.1284145381898325,4,3,4,3.025934388517769,4,1.5684387219483469,2,4,4,4.3887532245966,8,2.1284145381898325,4,4,16,16,4,4,1,2.0,2.0,4.0,4.0,4.0,16.0,,32,16,16,16,4,4,4,4,runs/20260612_201022_stage4_sample_s107,sample_limited,107
3,0.0877589207861994,0.0143738147137432,0.0733851060724562,32,0.02333888645477,2,activation_whitened,2,2,3.3946672429032434,4,2.026102975693296,4,2,2,2.516001836251971,4,1.4982031932525808,2,2,2,3.3946672429032434,4,2.026102975693296,4,2,32,4,4,4,1,4.0,4.0,4.0,4.0,32.0,,,32,4,4,4,4,4,4,4,runs/20260612_201022_stage4_sample_s107,sample_limited,107
4,0.1786706912041032,0.0144713649951355,0.1641993262089677,32,0.0275901862916803,4,activation_whitened,4,4,4.11838794275427,8,2.0264883225464168,4,3,4,2.6873536201530994,4,1.4327750259964256,2,4,4,4.11838794275427,8,2.0264883225464168,4,4,32,8,4,4,1,1.0,2.0,4.0,4.0,8.0,32.0,,32,32,16,8,8,8,4,4,runs/20260612_201022_stage4_sample_s107,sample_limited,107
5,0.1291696220071483,0.0143629910448319,0.1148066309623163,32,0.0210738167635696,2,activation_whitened,2,2,2.972402376471032,4,2.0013298347659827,4,2,2,2.4289831332454312,4,1.7515140581665432,2,2,2,2.972402376471032,4,2.0013298347659827,4,2,4,2,2,2,1,2.0,2.0,2.0,2.0,2.0,2.0,,4,4,4,4,2,2,2,2,runs/20260612_201022_stage4_sample_s107,sample_limited,107
6,0.1673272970560627,0.0144231323499676,0.1529041647060951,32,0.047428562996925,7,activation_whitened,7,8,7.332528405495504,8,3.336762351482624,4,4,4,4.600109168424721,8,1.9291250342928363,2,7,8,7.332528405495504,8,3.336762351482624,4,8,32,16,8,8,2,4.0,8.0,16.0,,,,,32,32,32,16,16,8,8,8,runs/20260612_201022_stage4_sample_s107,sample_limited,107
7,0.2143525717841597,0.0143830809481444,0.1999694908360153,32,0.0402865490568995,6,activation_whitened,6,8,6.281038139206012,8,3.283420290913196,4,6,8,5.617540268476551,8,2.925200774829299,4,6,8,6.281038139206012,8,3.283420290913196,4,8,32,16,8,8,2,4.0,8.0,8.0,16.0,32.0,,,32,32,16,16,16,8,8,8,runs/20260612_201022_stage4_sample_s107,sample_limited,107
8,0.1841102623165167,0.0144032222178803,0.1697070400986364,32,0.0272747920152994,4,activation_whitened,4,4,4.2744384672043765,8,2.123608084865648,4,4,4,3.356888518990717,4,1.7978574252176116,2,4,4,4.2744384672043765,8,2.123608084865648,4,4,16,8,4,4,1,2.0,2.0,4.0,4.0,8.0,16.0,,32,8,8,8,8,8,8,4,runs/20260612_201022_stage4_sample_s107,sample_limited,107
9,0.2169960202191758,0.0144455421510404,0.2025504780681354,32,0.0413932452379587,6,activation_whitened,6,8,6.7452133845149245,8,3.807299160150327,4,5,8,4.956655412854331,8,2.187635555687488,4,6,8,6.7452133845149245,8,3.807299160150327,4,8,32,16,16,4,2,4.0,4.0,8.0,16.0,32.0,,,32,32,16,16,16,16,8,8,runs/20260612_201022_stage4_sample_s107,sample_limited,107
10,0.1250605622182469,0.0144347683841619,0.110625793834085,32,0.0268901081625541,1,activation_whitened,1,1,2.3600757062990745,4,1.1776861211405956,2,1,1,1.6231656631934377,2,1.0945395530290123,2,1,1,2.3600757062990745,4,1.1776861211405956,2,1,2,1,1,1,1,1.0,1.0,1.0,1.0,1.0,,,8,2,2,1,1,1,1,1,runs/20260612_201022_stage4_sample_s107,sample_limited,107
11,0.1470217890048914,0.0144208787144226,0.1326009102904688,32,0.0453586367268756,7,activation_whitened,6,8,6.79389936110809,8,3.00794743523267,4,4,4,4.18093688075695,8,1.8298797761436936,2,6,8,6.79389936110809,8,3.00794743523267,4,8,32,16,16,4,1,4.0,4.0,16.0,,,,,32,32,16,16,16,16,4,4,runs/20260612_201022_stage4_sample_s107,sample_limited,107
12,0.0532142823243124,0.0144804898946491,0.0387337924296632,32,0.0294628044788531,3,activation_whitened,3,4,5.802680259980943,8,2.4587525057847666,4,3,4,3.6019799573948337,4,1.8619843655039687,2,3,4,5.802680259980943,8,2.4587525057847666,4,4,32,32,16,8,1,16.0,32.0,,,,,,32,32,32,32,16,16,8,8,runs/20260612_201022_stage4_sample_s107,sample_limited,107
13,0.0572800488670212,0.014386810222454,0.0428932386445672,32,0.038913093221315,8,activation_whitened,5,8,8.62778204186828,16,2.6322210840493274,4,5,8,6.478371681527264,8,2.599144900018383,4,5,8,8.62778204186828,16,2.6322210840493274,4,8,32,32,16,8,1,,,,,,,,32,32,32,32,32,16,16,4,runs/20260612_201022_stage4_sample_s107,sample_limited,107
14,0.1465353610072007,0.0144692402454551,0.1320661207617456,32,0.0381078578947223,6,activation_whitened,5,8,5.202779816843614,8,2.186929770048263,4,4,4,3.603628660096615,4,1.7584479908542738,2,5,8,5.202779816843614,8,2.186929770048263,4,8,32,8,4,4,1,2.0,2.0,4.0,32.0,,,,32,32,8,8,8,8,8,4,runs/20260612_201022_stage4_sample_s107,sample_limited,107
15,0.2783313854990203,0.0143072404206002,0.2640241450784201,32,0.028796119366595,5,activation_whitened,5,8,5.815658094878624,8,3.431163082170832,4,5,8,4.380956012246948,8,2.1092278623265943,4,5,8,5.815658094878624,8,3.431163082170832,4,8,8,8,8,4,2,4.0,4.0,4.0,8.0,8.0,8.0,,8,8,8,8,8,8,8,8,runs/20260612_201022_stage4_sample_s107,sample_limited,107
16,0.1501825217293807,0.0143712123797564,0.1358113093496243,32,0.0225035980939318,3,activation_whitened,3,4,3.9015509381409696,4,2.7350928155969805,4,3,4,2.953250016426753,4,1.8609390171143727,2,3,4,3.9015509381409696,4,2.7350928155969805,4,4,8,8,4,4,2,2.0,2.0,4.0,4.0,4.0,8.0,,8,8,8,8,8,8,8,8,runs/20260612_201022_stage4_sample_s107,sample_limited,107
17,0.1259277441216959,0.0145091928094197,0.1114185513122762,32,0.0216457302753353,2,activation_whitened,2,2,3.1080118374493773,4,1.8148734038541448,2,2,2,2.336161315566946,4,1.574209785113324,2,2,2,3.1080118374493773,4,1.8148734038541448,2,2,4,2,2,2,1,1.0,2.0,2.0,2.0,2.0,2.0,,4,4,4,4,4,4,4,2,runs/20260612_201022_stage4_sample_s107,sample_limited,107
18,0.1101988293581336,0.0143806503404275,0.0958181790177061,32,0.0270175987865673,3,activation_whitened,3,4,4.23723262952505,8,2.180415391303936,4,3,4,3.606916646571075,4,2.2921073436698385,4,3,4,4.23723262952505,8,2.180415391303936,4,4,32,32,8,4,1,4.0,4.0,8.0,8.0,32.0,,,32,32,8,8,8,8,8,8,runs/20260612_201022_stage4_sample_s107,sample_limited,107
19,0.186490685491491,0.0143920123097368,0.1720986731817542,32,0.0352010899301372,5,activation_whitened,5,8,4.963916346348465,8,2.304976245794324,4,4,4,3.727405836596173,4,1.9069647134366887,2,5,8,4.963916346348465,8,2.304976245794324,4,8,32,16,4,4,1,2.0,4.0,4.0,8.0,16.0,,,32,32,16,16,16,4,4,4,runs/20260612_201022_stage4_sample_s107,sample_limited,107
20,0.1367166661591549,0.0143936657986607,0.1223230003604942,32,0.0445502050913078,8,activation_whitened,5,8,5.290798069440273,8,2.0087395100328505,4,2,2,2.7642425396501267,4,1.4181278126533232,2,5,8,5.290798069440273,8,2.0087395100328505,4,8,16,8,4,2,1,1.0,2.0,8.0,,,,,16,16,16,16,8,4,4,4,runs/20260612_201022_stage4_sample_s107,sample_limited,107
21,0.0542947461442995,0.0144141918689021,0.0398805542753974,16,0.0198956268282968,2,activation_whitened,2,2,3.807163606201917,4,1.9243822717110888,2,2,2,2.363992070372391,4,1.6481917711959235,2,2,2,3.807163606201917,4,1.9243822717110888,2,2,16,4,4,2,1,2.0,2.0,2.0,4.0,16.0,,,16,16,16,8,4,4,4,4,runs/20260612_201022_stage4_sample_s107,sample_limited,107
22,0.2635099574193605,0.0143511635300454,0.2491587938893151,32,0.0545377864982364,8,activation_whitened,8,8,7.717244578675963,8,4.144318509389472,8,4,4,5.0197748020775865,8,2.07044176137396,4,8,8,7.717244578675963,8,4.144318509389472,8,8,32,32,8,4,2,4.0,4.0,8.0,32.0,,,,32,32,32,32,8,8,8,8,runs/20260612_201022_stage4_sample_s107,sample_limited,107
23,0.1786531597041455,0.0143401209658252,0.1643130387383203,32,0.0591818340985114,8,activation_whitened,7,8,6.895289142244384,8,2.75455947445367,4,3,4,3.987221460257111,4,1.9139156449061463,2,7,8,6.895289142244384,8,2.75455947445367,4,8,32,16,8,4,1,2.0,8.0,32.0,,,,,32,32,32,16,16,8,8,4,runs/20260612_201022_stage4_sample_s107,sample_limited,107
24,0.1162781063040079,0.0145028097017917,0.1017752966022162,32,0.0296923015499429,4,activation_whitened,4,4,5.669149022140465,8,3.3252933062466368,4,4,4,4.023685991030459,8,2.0213793259205275,4,4,4,5.669149022140465,8,3.3252933062466368,4,4,32,16,8,8,2,4.0,4.0,8.0,16.0,32.0,,,32,32,16,16,8,8,8,8,runs/20260612_201022_stage4_sample_s107,sample_limited,107
25,0.185743385433523,0.0144277995255594,0.1713155859079636,32,0.051958910004684,8,activation_whitened,8,8,7.96404606415694,8,3.356772480652477,4,3,4,4.267735506954319,8,1.805314824112175,2,8,8,7.96404606415694,8,3.356772480652477,4,8,32,32,8,4,1,4.0,4.0,8.0,,,,,32,32,32,8,8,8,8,8,runs/20260612_201022_stage4_sample_s107,sample_limited,107
26,0.1253463602680287,0.0143698344612167,0.110976525806812,32,0.0412589445328001,5,activation_whitened,5,8,6.042857806399626,8,3.103483087138277,4,3,4,3.74340743116169,4,2.069304498313437,4,5,8,6.042857806399626,8,3.103483087138277,4,8,32,16,8,4,2,4.0,4.0,16.0,,,,,32,32,32,16,16,16,8,4,runs/20260612_201022_stage4_sample_s107,sample_limited,107
27,0.1158496531756255,0.0142649981045489,0.1015846550710766,32,0.0269132070575726,3,activation_whitened,3,4,3.6765203173002665,4,1.846576529179216,2,3,4,2.31681262653586,4,1.3796605459571727,2,3,4,3.6765203173002665,4,1.846576529179216,2,4,16,8,4,2,1,1.0,2.0,2.0,4.0,16.0,,,32,16,16,8,8,4,4,4,runs/20260612_201022_stage4_sample_s107,sample_limited,107
28,0.2140533624425435,0.0143489864954864,0.1997043759470571,32,0.0500515792471527,7,activation_whitened,7,8,7.722729570382511,8,4.98421446114062,8,6,8,5.595897802599034,8,2.599785844343605,4,7,8,7.722729570382511,8,4.98421446114062,8,8,32,32,16,8,2,4.0,8.0,16.0,32.0,,,,32,32,32,32,16,16,16,8,runs/20260612_201022_stage4_sample_s107,sample_limited,107
29,0.1568492744594108,0.0143945011992839,0.1424547732601269,32,0.021475035306671,3,activation_whitened,3,4,3.68736104163148,4,2.241584036774233,4,3,4,3.196805899804769,4,2.1359666233244936,4,3,4,3.68736104163148,4,2.241584036774233,4,4,8,4,4,4,2,2.0,2.0,2.0,4.0,4.0,4.0,32.0,16,8,8,4,4,4,4,4,runs/20260612_201022_stage4_sample_s107,sample_limited,107
30,0.1947923960250365,0.0144327346035147,0.1803596614215218,32,0.036191828996371,8,activation_whitened,5,8,5.028825851295739,8,2.1658676544511217,4,4,4,4.000329078243032,8,2.15395894821907,4,5,8,5.028825851295739,8,2.1658676544511217,4,8,16,8,4,4,1,2.0,2.0,4.0,4.0,8.0,,,32,8,8,8,8,8,8,4,runs/20260612_201022_stage4_sample_s107,sample_limited,107
31,0.1212774510020436,0.0144720112883836,0.10680543971366,32,0.0350569882569345,8,activation_whitened,4,4,5.50458307698925,8,2.183693821259512,4,3,4,3.4072578977480656,4,1.5949771222989844,2,4,4,5.50458307698925,8,2.183693821259512,4,4,32,8,4,2,1,2.0,2.0,4.0,32.0,,,,32,16,16,8,8,8,4,4,runs/20260612_201022_stage4_sample_s107,sample_limited,107
32,0.0455850729357181,0.0144782130847232,0.0311068598509949,32,0.0235283337533829,2,activation_whitened,2,2,5.522946927479525,8,2.066635797467772,4,2,2,3.209066706084478,4,1.8642032819008745,2,2,2,5.522946927479525,8,2.066635797467772,4,2,32,16,16,4,1,4.0,8.0,32.0,,,,,32,32,32,16,16,16,8,4,runs/20260612_201022_stage4_sample_s107,sample_limited,107
33,0.2358932284668229,0.0144333068915273,0.2214599215752956,32,0.0500060812582786,8,activation_whitened,8,8,7.282516427850614,8,3.213565012804278,4,6,8,6.172667950692029,8,3.330138898456356,4,8,8,7.282516427850614,8,3.213565012804278,4,8,32,16,16,8,2,4.0,4.0,8.0,16.0,,,,32,32,16,16,16,16,8,8,runs/20260612_201022_stage4_sample_s107,sample_limited,107
34,0.2217287886854698,0.0143723909886165,0.2073563976968533,32,0.0326635299146144,4,activation_whitened,4,4,5.057388152832995,8,2.982566594215713,4,4,4,3.63474913968886,4,1.9600634315714909,2,4,4,5.057388152832995,8,2.982566594215713,4,4,16,8,4,4,2,2.0,4.0,4.0,4.0,8.0,16.0,,16,16,8,8,8,8,8,4,runs/20260612_201022_stage4_sample_s107,sample_limited,107
35,0.1950498660109928,0.0143540540497159,0.1806958119612769,32,0.0412705647020501,6,activation_whitened,6,8,5.891224610859426,8,2.7858778108625226,4,5,8,4.281038632078289,8,1.9468065107154824,2,6,8,5.891224610859426,8,2.7858778108625226,4,8,32,16,8,4,2,2.0,4.0,4.0,16.0,32.0,,,32,32,16,16,8,8,8,8,runs/20260612_201022_stage4_sample_s107,sample_limited,107
36,0.1825155047165881,0.0144189238229614,0.1680965808936267,32,0.026904485914308,4,activation_whitened,4,4,3.5873885806089807,4,1.7022564213128608,2,4,4,2.430247560432508,4,1.342124382798551,2,4,4,3.5873885806089807,4,1.7022564213128608,2,4,16,8,4,2,1,1.0,2.0,2.0,2.0,4.0,16.0,,32,16,16,16,4,4,4,4,runs/20260612_201022_stage4_sample_s107,sample_limited,107
37,0.3312333291292544,0.0144357952784574,0.316797533850797,32,0.0460804591496767,7,activation_whitened,7,8,6.790571151205612,8,3.6076760216354335,4,5,8,4.696304644633223,8,2.168567448128066,4,7,8,6.790571151205612,8,3.6076760216354335,4,8,32,16,8,8,2,4.0,4.0,8.0,8.0,16.0,32.0,,32,32,16,16,16,16,8,8,runs/20260612_201022_stage4_sample_s107,sample_limited,107
38,0.1274551818547803,0.0144808293436895,0.1129743525110908,32,0.0392706139795172,7,activation_whitened,5,8,5.869791470966045,8,2.362159844206772,4,3,4,3.459450067180569,4,1.638065957598277,2,5,8,5.869791470966045,8,2.362159844206772,4,8,16,8,4,2,1,2.0,2.0,8.0,,,,,16,16,16,16,8,8,8,4,runs/20260612_201022_stage4_sample_s107,sample_limited,107
39,0.345399920282929,0.0143949949024334,0.3310049253804956,32,0.0538734556681326,8,activation_whitened,7,8,6.306500394015026,8,2.723536795750156,4,4,4,4.511712496231286,8,2.008012829433004,4,7,8,6.306500394015026,8,2.723536795750156,4,8,16,16,8,4,2,2.0,4.0,4.0,8.0,16.0,,,16,16,16,16,8,8,8,8,runs/20260612_201022_stage4_sample_s107,sample_limited,107
40,0.1149027658577073,0.0143960095732902,0.1005067562844171,32,0.0241908903969879,2,activation_whitened,2,2,3.3676341379657884,4,1.9151870740573225,2,2,2,2.7076414787449297,4,2.030723384891305,4,2,2,3.3676341379657884,4,1.9151870740573225,2,2,8,4,2,2,1,2.0,2.0,2.0,2.0,4.0,32.0,,8,8,4,4,4,4,4,4,runs/20260612_201022_stage4_sample_s107,sample_limited,107
41,0.1205160176767888,0.0144120136641204,0.1061040040126684,32,0.0337925945817035,4,activation_whitened,4,4,5.299935311490408,8,2.873567666449844,4,4,4,3.559229181187452,4,1.832079523588798,2,4,4,5.299935311490408,8,2.873567666449844,4,4,32,16,8,4,1,2.0,4.0,8.0,32.0,,,,32,32,32,16,16,8,8,4,runs/20260612_201022_stage4_sample_s107,sample_limited,107
42,0.2055522969477967,0.0143905563813887,0.191161740566408,32,0.0359016465341479,5,activation_whitened,5,8,5.43252494741598,8,2.661377224035531,4,4,4,3.8780175339658864,4,2.019867456268454,4,5,8,5.43252494741598,8,2.661377224035531,4,8,32,16,8,4,2,2.0,4.0,8.0,8.0,32.0,,,32,32,16,16,8,8,8,8,runs/20260612_201022_stage4_sample_s107,sample_limited,107
43,0.1142120226153305,0.0143770671142409,0.0998349555010896,32,0.0397607561172988,8,activation_whitened,5,8,6.864389196780741,8,2.633253700095597,4,4,4,4.237797678810203,8,1.905958930899456,2,5,8,6.864389196780741,8,2.633253700095597,4,8,32,32,8,4,1,4.0,8.0,32.0,,,,,32,32,32,32,16,8,8,4,runs/20260612_201022_stage4_sample_s107,sample_limited,107
44,0.0655580239271104,0.0145055051758262,0.0510525187512841,32,0.0265122251902225,3,activation_whitened,3,4,4.90300871240791,8,2.1555910880185203,4,3,4,3.5074117830282057,4,2.0554058166989893,4,3,4,4.90300871240791,8,2.1555910880185203,4,4,32,16,8,4,1,4.0,8.0,16.0,,,,,32,32,16,16,16,16,8,8,runs/20260612_201022_stage4_sample_s107,sample_limited,107
45,0.2067785532591722,0.0144794575912642,0.1922990956679079,32,0.0357571631242292,6,activation_whitened,6,8,6.371909160990247,8,3.608872345978273,4,5,8,4.776192076043007,8,2.535662393125044,4,6,8,6.371909160990247,8,3.608872345978273,4,8,32,16,8,4,2,2.0,4.0,4.0,8.0,16.0,,,32,32,8,8,8,8,8,8,runs/20260612_201022_stage4_sample_s107,sample_limited,107
46,0.2005378485262263,0.0144200500519304,0.1861177984742959,32,0.0333730855492081,5,activation_whitened,5,8,4.382205385415679,8,2.045804229226993,4,2,2,2.4514364158526765,4,1.340549656445394,2,5,8,4.382205385415679,8,2.045804229226993,4,8,16,8,4,2,1,1.0,2.0,2.0,4.0,16.0,,,32,16,16,16,8,8,8,4,runs/20260612_201022_stage4_sample_s107,sample_limited,107
47,0.2480939935527028,0.0144521840708603,0.2336418094818425,32,0.0511184447610616,8,activation_whitened,8,8,8.35967286448773,16,4.7126985726392645,8,6,8,6.7169832559618925,8,3.915080480705469,4,8,8,8.35967286448773,16,4.7126985726392645,8,8,32,16,16,8,2,4.0,8.0,8.0,32.0,,,,32,32,32,16,16,16,16,8,runs/20260612_201022_stage4_sample_s107,sample_limited,107
0,0.2061208424093136,0.0144899956691148,0.1916308467401988,32,0.0336181423740437,5,activation_whitened,5,8,4.42775461155798,8,2.011725431276401,4,3,4,3.111919330486308,4,1.5982899969134945,2,5,8,4.42775461155798,8,2.011725431276401,4,8,32,8,8,4,1,2.0,2.0,4.0,8.0,8.0,32.0,,32,8,8,8,8,8,8,8,runs/20260612_202808_stage4_sample_s109,sample_limited,109
1,0.1813924174235361,0.0144875667666707,0.1669048506568654,32,0.0348449720479556,5,activation_whitened,5,8,5.090913572832065,8,2.835013679220219,4,4,4,3.783039278750527,4,2.0633225940905384,4,5,8,5.090913572832065,8,2.835013679220219,4,8,32,8,4,4,2,2.0,2.0,4.0,8.0,16.0,,,32,16,8,8,8,8,8,4,runs/20260612_202808_stage4_sample_s109,sample_limited,109
2,0.0929185150405705,0.0144067036954619,0.0785118113451086,32,0.0241673481176352,3,activation_whitened,3,4,4.0825429129917294,8,1.8406593917672496,2,3,4,2.957047128125511,4,1.6669965253632444,2,3,4,4.0825429129917294,8,1.8406593917672496,2,4,32,16,4,4,1,2.0,2.0,4.0,4.0,32.0,,,32,32,4,4,4,4,4,4,runs/20260612_202808_stage4_sample_s109,sample_limited,109
3,0.0909984350657532,0.014433467181581,0.0765649678841721,32,0.0166002479997286,1,activation_whitened,1,1,1.683032701682175,2,1.070065983003472,2,1,1,1.3408102061830376,2,1.039946304297625,2,1,1,1.683032701682175,2,1.070065983003472,2,1,1,1,1,1,1,1.0,1.0,1.0,1.0,1.0,1.0,1.0,2,2,2,2,2,1,1,1,runs/20260612_202808_stage4_sample_s109,sample_limited,109
4,0.0996421971545813,0.0143879428669941,0.0852542542875871,32,0.0248179903398562,3,activation_whitened,3,4,4.435029163003796,8,2.2201952486098504,4,3,4,2.793242599563726,4,1.5166280005471569,2,3,4,4.435029163003796,8,2.2201952486098504,4,4,16,8,8,4,1,2.0,2.0,4.0,8.0,16.0,,,16,16,16,16,8,8,8,8,runs/20260612_202808_stage4_sample_s109,sample_limited,109
5,0.071786188188537,0.0143968151816806,0.0573893730068564,32,0.0346056352248862,8,activation_whitened,5,8,7.15958588164991,8,2.524483810217494,4,3,4,4.277443761077899,8,1.872314246214736,2,5,8,7.15958588164991,8,2.524483810217494,4,8,32,32,8,2,1,4.0,32.0,,,,,,32,32,8,8,8,8,8,4,runs/20260612_202808_stage4_sample_s109,sample_limited,109
6,0.1966427933175487,0.0143675053208473,0.1822752879967014,32,0.0529923108984237,7,activation_whitened,7,8,7.13392997644237,8,3.499672003172504,4,5,8,5.639694094639102,8,2.874481746136955,4,7,8,7.13392997644237,8,3.499672003172504,4,8,32,16,8,4,2,4.0,4.0,16.0,,,,,32,32,16,16,16,16,4,4,runs/20260612_202808_stage4_sample_s109,sample_limited,109
7,0.1855158068524538,0.0144377705098277,0.1710780363426261,32,0.0451508744292179,7,activation_whitened,6,8,6.290982525422799,8,2.851075402139098,4,5,8,4.399624237253475,8,1.921299936977624,2,6,8,6.290982525422799,8,2.851075402139098,4,8,32,16,8,4,1,4.0,4.0,8.0,32.0,,,,32,32,16,16,16,8,8,4,runs/20260612_202808_stage4_sample_s109,sample_limited,109
8,0.1350229376923281,0.0145245922450294,0.1204983454472986,32,0.0419546496882058,8,activation_whitened,5,8,6.561050169820248,8,3.025860547122644,4,3,4,3.703452872986536,4,1.6707140730450578,2,5,8,6.561050169820248,8,3.025860547122644,4,8,32,8,8,4,1,4.0,4.0,8.0,,,,,32,32,8,8,8,8,8,8,runs/20260612_202808_stage4_sample_s109,sample_limited,109
9,0.0774163581574739,0.0144822393329987,0.0629341188244752,32,0.0402622571441167,7,activation_whitened,6,8,8.37763566583302,16,3.802399546002497,4,4,4,5.173618570707324,8,2.168909658082969,4,6,8,8.37763566583302,16,3.802399546002497,4,8,32,32,16,8,1,32.0,,,,,,,32,32,32,32,32,8,8,8,runs/20260612_202808_stage4_sample_s109,sample_limited,109
10,0.1875836339643703,0.0144245833840823,0.173159050580288,32,0.0227795965656533,3,activation_whitened,3,4,3.9064733799924567,4,2.597724696766226,4,3,4,3.278175642701298,4,2.026828054704896,4,3,4,3.9064733799924567,4,2.597724696766226,4,4,4,4,4,4,2,2.0,2.0,4.0,4.0,4.0,4.0,32.0,16,4,4,4,4,4,4,4,runs/20260612_202808_stage4_sample_s109,sample_limited,109
11,0.1385477326319618,0.0143965947571899,0.1241511378747718,32,0.0211232905801792,2,activation_whitened,2,2,2.6972541000114822,4,1.774645077679906,2,2,2,2.337038577553363,4,1.765599439152683,2,2,2,2.6972541000114822,4,1.774645077679906,2,2,8,2,2,2,1,1.0,2.0,2.0,2.0,2.0,2.0,,8,8,2,2,2,2,2,2,runs/20260612_202808_stage4_sample_s109,sample_limited,109
12,0.1674661905238154,0.0144387554035549,0.1530274351202604,32,0.0377184290363813,5,activation_whitened,5,8,5.117909725605643,8,2.3044863086900524,4,3,4,3.287413013838723,4,1.6565253090262702,2,5,8,5.117909725605643,8,2.3044863086900524,4,8,16,16,8,4,1,2.0,2.0,4.0,16.0,,,,16,16,16,16,16,8,8,8,runs/20260612_202808_stage4_sample_s109,sample_limited,109
13,0.2840264659885207,0.0144131879900571,0.2696132779984636,32,0.0358929058829509,5,activation_whitened,5,8,5.80214491111477,8,3.904133526439888,4,4,4,4.26772344539468,8,2.051782951850281,4,5,8,5.80214491111477,8,3.904133526439888,4,8,16,8,8,4,4,4.0,4.0,4.0,8.0,8.0,16.0,,32,8,8,8,8,8,8,8,runs/20260612_202808_stage4_sample_s109,sample_limited,109
14,0.1645342858850546,0.0144214702973884,0.1501128155876661,32,0.0548726871469904,8,activation_whitened,8,8,8.322114293092243,16,3.966357327961193,4,4,4,5.933709959755219,8,2.826353271824898,4,8,8,8.322114293092243,16,3.966357327961193,4,8,32,16,8,8,2,4.0,8.0,32.0,,,,,32,32,32,16,16,8,8,8,runs/20260612_202808_stage4_sample_s109,sample_limited,109
15,0.1874539901697395,0.014431966661503,0.1730220235082364,32,0.0354821054585336,5,activation_whitened,4,4,4.454277736860301,8,1.9603984623278448,2,4,4,3.1302375783050933,4,1.515091480111162,2,4,4,4.454277736860301,8,1.9603984623278448,2,4,16,8,8,4,1,1.0,2.0,4.0,8.0,16.0,,,16,16,16,8,8,8,8,4,runs/20260612_202808_stage4_sample_s109,sample_limited,109
16,0.1504932243098029,0.014395038629426,0.1360981856803768,32,0.0223054312109513,2,activation_whitened,2,2,2.906688683026017,4,1.8867483186991505,2,2,2,2.165594976565343,4,1.3963215290544198,2,2,2,2.906688683026017,4,1.8867483186991505,2,2,8,2,2,2,1,2.0,2.0,2.0,2.0,2.0,4.0,,8,8,8,4,4,4,4,2,runs/20260612_202808_stage4_sample_s109,sample_limited,109
17,0.0682261283276048,0.0143766633405106,0.0538494649870942,32,0.0275442709813742,3,activation_whitened,3,4,4.703906695326125,8,2.117901869346529,4,3,4,3.515480293687037,4,2.147287771185553,4,3,4,4.703906695326125,8,2.117901869346529,4,4,32,32,16,2,1,2.0,4.0,32.0,,,,,32,32,32,32,4,4,4,4,runs/20260612_202808_stage4_sample_s109,sample_limited,109
18,0.0577504232806973,0.014464891933747,0.0432855313469503,32,0.0368611229224482,3,activation_whitened,3,4,6.590572685239465,8,3.028749190224307,4,3,4,4.393195996596592,8,1.958797637187792,2,3,4,6.590572685239465,8,3.028749190224307,4,4,16,16,16,8,1,,,,,,,,32,16,16,16,16,16,16,16,runs/20260612_202808_stage4_sample_s109,sample_limited,109
19,0.1812426966495962,0.0144379411248491,0.166804755524747,32,0.0283946193932137,4,activation_whitened,4,4,4.810927106329103,8,2.704025102833888,4,4,4,3.053465398262093,4,1.5507618507145462,2,4,4,4.810927106329103,8,2.704025102833888,4,4,16,16,8,4,2,2.0,4.0,4.0,8.0,16.0,16.0,,16,16,16,16,16,16,8,8,runs/20260612_202808_stage4_sample_s109,sample_limited,109
20,0.0937561619069547,0.0143751336558862,0.0793810282510684,32,0.0251400235985381,2,activation_whitened,2,2,3.851141536781959,4,2.0192416401779267,4,2,2,3.190803623447505,4,2.009044076522445,4,2,2,3.851141536781959,4,2.0192416401779267,4,2,32,8,8,4,2,2.0,2.0,4.0,8.0,32.0,,,32,32,8,8,8,8,8,8,runs/20260612_202808_stage4_sample_s109,sample_limited,109
21,0.0747420721672053,0.0143818609969535,0.0603602111702517,32,0.0272091763473563,1,activation_whitened,3,4,4.079830706419751,8,1.3799698163641787,2,3,4,3.63181081739241,4,1.4788014274545795,2,3,4,4.079830706419751,8,1.3799698163641787,2,4,32,16,4,1,1,1.0,1.0,4.0,,,,,32,32,8,4,4,4,4,1,runs/20260612_202808_stage4_sample_s109,sample_limited,109
22,0.1304481648885356,0.014375050421577,0.1160731144669586,32,0.0344949379592956,5,activation_whitened,5,8,4.555283295450939,8,1.951829107738396,2,3,4,2.6468681965124627,4,1.3818564680984118,2,5,8,4.555283295450939,8,1.951829107738396,2,8,32,16,4,2,1,1.0,2.0,4.0,32.0,,,,32,32,4,4,4,4,4,4,runs/20260612_202808_stage4_sample_s109,sample_limited,109
23,0.1291989502056653,0.0144133678764506,0.1147855823292147,32,0.0385475267649966,6,activation_whitened,6,8,6.692372821847557,8,2.9650104978102187,4,3,4,4.071527436528791,8,1.926366994911645,2,6,8,6.692372821847557,8,2.9650104978102187,4,8,32,16,8,4,1,4.0,4.0,8.0,,,,,32,32,16,16,8,8,8,8,runs/20260612_202808_stage4_sample_s109,sample_limited,109
24,0.2208645244019785,0.0144181208143724,0.2064464035876061,32,0.044405335927981,6,activation_whitened,6,8,5.425731137150124,8,2.761480890535404,4,2,2,3.199712289522996,4,1.6434322844076186,2,6,8,5.425731137150124,8,2.761480890535404,4,8,32,32,8,4,2,2.0,2.0,8.0,32.0,32.0,,,32,32,32,8,8,8,8,8,runs/20260612_202808_stage4_sample_s109,sample_limited,109
25,0.181888027438199,0.0144304268998976,0.1674576005383014,32,0.027444591007363,2,activation_whitened,2,2,3.296073434022122,4,1.870071109261276,2,2,2,2.747830666680889,4,1.52933265486758,2,2,2,3.296073434022122,4,1.870071109261276,2,2,8,2,2,2,1,1.0,2.0,2.0,2.0,2.0,4.0,,8,8,8,8,4,4,2,2,runs/20260612_202808_stage4_sample_s109,sample_limited,109
26,0.0777389479162784,0.0143357954697409,0.0634031524465375,32,0.0225898395634562,2,activation_whitened,2,2,2.663082557005058,4,1.2955748118171375,2,1,1,1.351379232231945,2,1.0644006795384682,2,2,2,2.663082557005058,4,1.2955748118171375,2,2,32,8,1,1,1,1.0,1.0,1.0,4.0,32.0,,,32,8,8,8,8,8,4,1,runs/20260612_202808_stage4_sample_s109,sample_limited,109
27,0.0859027145105367,0.0144685372046633,0.0714341773058734,32,0.0295864328182518,4,activation_whitened,4,4,5.4447285014880045,8,2.397379619245777,4,4,4,3.878697920640999,4,2.120857992840623,4,4,4,5.4447285014880045,8,2.397379619245777,4,4,16,16,8,4,1,2.0,4.0,8.0,,,,,16,16,16,16,16,16,8,4,runs/20260612_202808_stage4_sample_s109,sample_limited,109
28,0.0871927868404853,0.0143595938440782,0.0728331929964071,32,0.0257987464335423,3,activation_whitened,3,4,4.943559659865011,8,2.371237736384092,4,3,4,3.974864595104194,4,2.143424266253404,4,3,4,4.943559659865011,8,2.371237736384092,4,4,32,16,8,8,2,2.0,4.0,8.0,16.0,,,,32,32,16,16,8,8,8,8,runs/20260612_202808_stage4_sample_s109,sample_limited,109
29,0.2738990733606303,0.0144414137346755,0.2594576596259548,32,0.0388239446451339,7,activation_whitened,3,4,3.9347076194615176,4,1.822997086495924,2,1,1,1.9536521737714647,2,1.2002520370235858,2,3,4,3.9347076194615176,4,1.822997086495924,2,4,16,4,4,4,1,1.0,2.0,2.0,4.0,4.0,32.0,,16,4,4,4,4,4,4,4,runs/20260612_202808_stage4_sample_s109,sample_limited,109
30,0.0362221306467153,0.0143635340409455,0.0218585966057697,32,0.018074116010593,1,activation_whitened,1,1,3.25694273102476,4,1.2046218795191483,2,1,1,2.103849195277641,4,1.121534188302951,2,1,1,3.25694273102476,4,1.2046218795191483,2,1,32,8,8,4,1,1.0,4.0,8.0,32.0,,,,32,32,8,8,8,8,8,8,runs/20260612_202808_stage4_sample_s109,sample_limited,109
31,0.105425066296016,0.0144215089240527,0.0910035573719633,32,0.0246822509169508,2,activation_whitened,2,2,3.5506851404003554,4,2.112723470476084,4,2,2,2.4644649007783115,4,1.4374803193728634,2,2,2,3.5506851404003554,4,2.112723470476084,4,2,8,2,2,2,1,2.0,2.0,2.0,2.0,2.0,,,8,8,8,8,2,2,2,2,runs/20260612_202808_stage4_sample_s109,sample_limited,109
32,0.2788005967362372,0.0144988311705918,0.2643017655656454,32,0.0275782895390224,5,activation_whitened,5,8,5.271996512398122,8,2.892822558750083,4,5,8,3.259976023919928,4,1.580429458186279,2,5,8,5.271996512398122,8,2.892822558750083,4,8,16,8,8,8,2,4.0,4.0,4.0,8.0,8.0,8.0,32.0,16,16,8,8,8,8,8,8,runs/20260612_202808_stage4_sample_s109,sample_limited,109
33,0.1521349797304348,0.0144343051167191,0.1377006746137157,32,0.0254145388662773,4,activation_whitened,4,4,4.62562644075562,8,2.620878271422455,4,4,4,3.626766633274066,4,2.1226470642247217,4,4,4,4.62562644075562,8,2.620878271422455,4,4,16,8,8,4,2,2.0,2.0,4.0,4.0,8.0,16.0,,16,16,16,8,8,8,8,8,runs/20260612_202808_stage4_sample_s109,sample_limited,109
34,0.0915060642356906,0.0143659591734678,0.0771401050622228,32,0.0508547897798207,7,activation_whitened,7,8,9.086820539773065,16,4.9421955197000935,8,7,8,6.728318579206813,8,3.328420745627274,4,7,8,9.086820539773065,16,4.9421955197000935,8,8,32,16,16,8,1,32.0,,,,,,,32,32,32,16,16,16,8,8,runs/20260612_202808_stage4_sample_s109,sample_limited,109
35,0.1688060789389393,0.0143618572832064,0.1544442216557329,32,0.0280045139959015,4,activation_whitened,4,4,4.442466949710613,8,2.676591904145311,4,4,4,3.1428213881856712,4,1.804912298112762,2,4,4,4.442466949710613,8,2.676591904145311,4,4,16,16,8,4,2,2.0,2.0,4.0,4.0,16.0,32.0,,16,16,16,16,16,16,4,4,runs/20260612_202808_stage4_sample_s109,sample_limited,109
36,0.0783707654835236,0.0144564066924648,0.0639143587910588,32,0.0375829831199415,8,activation_whitened,6,8,8.290354441428615,16,3.5027433823098586,4,4,4,4.826157951599523,8,2.196698721212285,4,6,8,8.290354441428615,16,3.5027433823098586,4,8,32,32,16,4,1,8.0,32.0,,,,,,32,32,32,32,32,8,8,4,runs/20260612_202808_stage4_sample_s109,sample_limited,109
37,0.1540934927869341,0.0143455966858228,0.1397478961011113,32,0.028277492771745,2,activation_whitened,2,2,3.820534762452312,4,1.8682928614331524,2,2,2,3.0932698526846933,4,1.915827677507243,2,2,2,3.820534762452312,4,1.8682928614331524,2,2,4,2,2,2,1,1.0,2.0,2.0,2.0,2.0,32.0,,16,4,4,4,4,2,2,2,runs/20260612_202808_stage4_sample_s109,sample_limited,109
38,0.0568913481187903,0.0143580402994286,0.0425333078193616,32,0.0207020878815391,2,activation_whitened,2,2,4.045197045493339,8,2.1747403102504617,4,2,2,2.426861407828835,4,1.477545584457077,2,2,2,4.045197045493339,8,2.1747403102504617,4,2,32,16,8,4,1,4.0,4.0,4.0,16.0,32.0,,,32,32,16,16,16,16,8,4,runs/20260612_202808_stage4_sample_s109,sample_limited,109
39,0.3335535918151308,0.0144068324632127,0.319146759351918,32,0.0231265071475944,4,activation_whitened,4,4,4.280075244613229,8,2.421530470762656,4,3,4,2.67555401582134,4,1.4493908899709034,2,4,4,4.280075244613229,8,2.421530470762656,4,4,8,4,4,4,2,2.0,2.0,4.0,4.0,4.0,4.0,4.0,8,8,8,8,4,4,4,4,runs/20260612_202808_stage4_sample_s109,sample_limited,109
40,0.0447010878829451,0.0143754217477398,0.0303256661352053,32,0.0217234830785594,1,activation_whitened,1,1,4.097977160830432,8,1.2787676056433543,2,2,2,2.961635370986836,4,1.2501764195685927,2,1,1,4.097977160830432,8,1.2787676056433543,2,1,32,16,8,1,1,1.0,8.0,16.0,,,,,32,32,32,16,8,8,8,1,runs/20260612_202808_stage4_sample_s109,sample_limited,109
41,0.27996359787143,0.0143692057069763,0.2655943921644537,32,0.0375040098175981,7,activation_whitened,7,8,7.235842595383703,8,4.209133189060843,8,5,8,5.483652910117617,8,2.4902822072734074,4,7,8,7.235842595383703,8,4.209133189060843,8,8,32,16,8,8,2,4.0,4.0,8.0,8.0,8.0,32.0,,32,16,16,16,8,8,8,8,runs/20260612_202808_stage4_sample_s109,sample_limited,109
42,0.1807655557540441,0.0144164516919197,0.1663491040621244,32,0.0349441419517817,5,activation_whitened,5,8,5.638336334295318,8,3.0674401521090657,4,4,4,4.036924584079476,8,2.177139743642302,4,5,8,5.638336334295318,8,3.0674401521090657,4,8,16,16,8,4,2,2.0,4.0,4.0,8.0,16.0,,,16,16,16,16,16,8,8,8,runs/20260612_202808_stage4_sample_s109,sample_limited,109
43,0.1500542129945563,0.0143548976927038,0.1356993153018525,32,0.0288085803208318,3,activation_whitened,3,4,4.5658791081135135,8,2.701781340556485,4,3,4,4.009541101367774,8,2.1682225023890407,4,3,4,4.5658791081135135,8,2.701781340556485,4,4,16,8,8,4,2,2.0,2.0,4.0,8.0,16.0,,,32,16,16,16,8,8,8,8,runs/20260612_202808_stage4_sample_s109,sample_limited,109
44,0.2295201393961766,0.0144662852581776,0.215053854137999,32,0.0240967307065236,4,activation_whitened,4,4,4.383339616399508,8,2.79924374649749,4,4,4,3.4208948502565,4,1.9012871218852752,2,4,4,4.383339616399508,8,2.79924374649749,4,4,8,4,4,4,2,2.0,4.0,4.0,4.0,4.0,4.0,32.0,16,8,8,8,4,4,4,4,runs/20260612_202808_stage4_sample_s109,sample_limited,109
45,0.1105293231506165,0.014457678473039,0.0960716446775775,32,0.0295159112270088,4,activation_whitened,4,4,5.34348865428334,8,3.090373344798189,4,4,4,4.100203686731692,8,2.250210663269369,4,4,4,5.34348865428334,8,3.090373344798189,4,4,32,32,8,4,4,4.0,4.0,8.0,32.0,,,,32,32,32,8,8,8,8,8,runs/20260612_202808_stage4_sample_s109,sample_limited,109
46,0.0999052355070719,0.0144232562888559,0.0854819792182159,32,0.0250846052130326,3,activation_whitened,3,4,4.16011618632447,8,2.230805354939964,4,3,4,3.09222899497294,4,1.7954880564590063,2,3,4,4.16011618632447,8,2.230805354939964,4,4,32,16,8,4,2,2.0,2.0,4.0,8.0,32.0,,,32,32,16,16,8,8,8,8,runs/20260612_202808_stage4_sample_s109,sample_limited,109
47,0.0977432503260838,0.0143592143621655,0.0833840359639183,32,0.01669879877956,1,activation_whitened,1,1,1.6185255618956744,2,1.064116767729695,2,1,1,1.201070853941234,2,1.0227388858268327,2,1,1,1.6185255618956744,2,1.064116767729695,2,1,1,1,1,1,1,1.0,1.0,1.0,1.0,1.0,1.0,1.0,1,1,1,1,1,1,1,1,runs/20260612_202808_stage4_sample_s109,sample_limited,109
0,0.1017795940608075,0.0144722315937638,0.0873073624670437,32,0.0301706640095682,3,activation_whitened,3,4,4.625875435427724,8,2.5125921124547848,4,3,4,3.2833028448309336,4,1.6862879476622643,2,3,4,4.625875435427724,8,2.5125921124547848,4,4,32,8,8,8,1,4.0,8.0,8.0,32.0,,,,32,8,8,8,8,8,8,8,runs/20260612_204555_stage4_sample_s113,sample_limited,113
1,0.0472604321440259,0.014411804117688,0.0328486280263379,32,0.0173674437116238,1,activation_whitened,1,1,2.693410704495982,4,1.1637233683373946,2,1,1,1.7651492766337906,2,1.091736093477406,2,1,1,2.693410704495982,4,1.1637233683373946,2,1,4,1,1,1,1,1.0,1.0,1.0,1.0,1.0,16.0,,4,4,4,4,1,1,1,1,runs/20260612_204555_stage4_sample_s113,sample_limited,113
2,0.0836961617061232,0.0144221016664564,0.0692740600396668,32,0.0214068570903419,2,activation_whitened,2,2,3.5788599009967923,4,1.824108999241876,2,2,2,2.0643413700053066,4,1.3168807736540584,2,2,2,3.5788599009967923,4,1.824108999241876,2,2,16,8,2,2,1,1.0,2.0,2.0,2.0,8.0,,,16,16,16,8,8,8,2,2,runs/20260612_204555_stage4_sample_s113,sample_limited,113
3,0.2219863619403628,0.0144207076302594,0.2075656543101034,32,0.043288217485149,7,activation_whitened,5,8,5.375144750551925,8,2.5372818001971607,4,3,4,3.446071150928276,4,1.725794506574041,2,5,8,5.375144750551925,8,2.5372818001971607,4,8,32,16,8,4,1,2.0,2.0,4.0,8.0,32.0,,,32,32,16,16,8,8,8,4,runs/20260612_204555_stage4_sample_s113,sample_limited,113
4,0.0792425977745161,0.0144333703840557,0.0648092273904604,32,0.0221592365880885,2,activation_whitened,2,2,3.488676701451877,4,1.7323310118764987,2,2,2,2.2258810733961014,4,1.378545104627242,2,2,2,3.488676701451877,4,1.7323310118764987,2,2,16,4,4,2,1,1.0,2.0,2.0,4.0,8.0,,,16,16,8,8,8,4,4,4,runs/20260612_204555_stage4_sample_s113,sample_limited,113
5,0.2119791678288285,0.0144170847662975,0.197562083062531,32,0.0325818373950179,5,activation_whitened,5,8,5.57226508490111,8,3.038077370209361,4,5,8,4.157574049005127,8,1.9724885809959112,2,5,8,5.57226508490111,8,3.038077370209361,4,8,32,16,8,8,2,2.0,4.0,8.0,8.0,16.0,32.0,,32,32,16,16,8,8,8,8,runs/20260612_204555_stage4_sample_s113,sample_limited,113
6,0.3380327343463052,0.0144438844073254,0.3235888499389798,32,0.0442812831439275,7,activation_whitened,7,8,5.810733314069133,8,2.669319580950273,4,3,4,3.6735088458169938,4,1.7607374191909908,2,7,8,5.810733314069133,8,2.669319580950273,4,8,32,16,8,4,2,2.0,4.0,4.0,8.0,16.0,32.0,,32,32,16,16,16,8,8,8,runs/20260612_204555_stage4_sample_s113,sample_limited,113
7,0.0610635000589855,0.0143603841103156,0.0467031159486698,32,0.0189043443817331,1,activation_whitened,1,1,2.65826985709212,4,1.1734810577006645,2,1,1,1.7020622576713722,2,1.102661901329655,2,1,1,2.65826985709212,4,1.1734810577006645,2,1,8,1,1,1,1,1.0,1.0,1.0,1.0,1.0,32.0,,8,8,8,1,1,1,1,1,runs/20260612_204555_stage4_sample_s113,sample_limited,113
8,0.0737297759315005,0.0144198127132318,0.0593099632182687,32,0.025531361420152,2,activation_whitened,2,2,4.654908630571503,8,2.072796216456068,4,2,2,3.1340063741147737,4,1.7182831847986784,2,2,2,4.654908630571503,8,2.072796216456068,4,2,32,8,8,4,1,4.0,4.0,8.0,32.0,,,,32,32,8,8,8,8,8,8,runs/20260612_204555_stage4_sample_s113,sample_limited,113
9,0.1646330014579015,0.0144768392435911,0.1501561622143103,32,0.0215923112034889,2,activation_whitened,2,2,2.8676189750379244,4,1.9889997116034728,2,2,2,2.0286489533642817,4,1.3690488006248522,2,2,2,2.8676189750379244,4,1.9889997116034728,2,2,2,2,2,2,1,2.0,2.0,2.0,2.0,2.0,2.0,16.0,8,2,2,2,2,2,2,2,runs/20260612_204555_stage4_sample_s113,sample_limited,113
10,0.1522985449419942,0.0144289191115958,0.1378696258303984,32,0.0407652660961163,6,activation_whitened,6,8,6.628585613403857,8,3.848482781669629,4,3,4,4.403205054626597,8,2.079483292349014,4,6,8,6.628585613403857,8,3.848482781669629,4,8,32,16,16,4,2,4.0,4.0,16.0,32.0,,,,32,32,32,16,16,16,4,4,runs/20260612_204555_stage4_sample_s113,sample_limited,113
11,0.0348463194231243,0.0143764801110639,0.0204698393120604,32,0.0185019259435572,1,activation_whitened,1,1,4.336193716902201,8,1.2849944561104374,2,1,1,2.3229984416241893,4,1.1435093791537654,2,1,1,4.336193716902201,8,1.2849944561104374,2,1,32,16,4,1,1,1.0,1.0,4.0,,,,,32,32,16,16,4,4,4,4,runs/20260612_204555_stage4_sample_s113,sample_limited,113
12,0.1607295204380971,0.0143880131569914,0.1463415072811057,32,0.0201155976648615,2,activation_whitened,2,2,2.691304291024275,4,1.6142310283414711,2,2,2,2.141965506272401,4,1.4471546440905232,2,2,2,2.691304291024275,4,1.6142310283414711,2,2,4,4,2,2,1,1.0,1.0,2.0,2.0,2.0,2.0,4.0,8,4,4,4,4,4,4,4,runs/20260612_204555_stage4_sample_s113,sample_limited,113
13,0.231251272115283,0.0144009360247678,0.2168503360905152,32,0.0459952962756479,7,activation_whitened,6,8,5.560583148841969,8,2.378621098346728,4,4,4,3.840575863558589,4,1.921047651924972,2,6,8,5.560583148841969,8,2.378621098346728,4,8,32,16,4,4,1,2.0,4.0,4.0,16.0,32.0,,,32,32,16,16,4,4,4,4,runs/20260612_204555_stage4_sample_s113,sample_limited,113
14,0.1046003338615657,0.0143787472530887,0.090221586608477,32,0.0501427629273378,8,activation_whitened,7,8,8.200709066490578,16,3.21772366142689,4,7,8,7.315309900650769,8,3.695457164801458,4,7,8,8.200709066490578,16,3.21772366142689,4,8,32,32,16,8,2,16.0,32.0,,,,,,32,32,32,32,16,16,8,8,runs/20260612_204555_stage4_sample_s113,sample_limited,113
15,0.0685354888096772,0.0143755308834072,0.05415995792627,32,0.028140636895815,3,activation_whitened,3,4,4.915393211210733,8,2.1388581161201943,4,3,4,2.9125977938214063,4,1.6148952844434674,2,3,4,4.915393211210733,8,2.1388581161201943,4,4,32,16,4,2,1,2.0,4.0,16.0,,,,,32,32,16,8,8,8,4,4,runs/20260612_204555_stage4_sample_s113,sample_limited,113
16,0.2764542087382026,0.0143899170314251,0.2620642917067775,32,0.0325552312652184,5,activation_whitened,5,8,5.690359028191264,8,3.498268346128768,4,5,8,4.097464287819089,8,1.940453520591727,2,5,8,5.690359028191264,8,3.498268346128768,4,8,16,8,8,4,2,2.0,4.0,4.0,8.0,8.0,16.0,,32,16,8,8,8,8,8,8,runs/20260612_204555_stage4_sample_s113,sample_limited,113
17,0.0906596759548839,0.0143597309488496,0.0762999450060343,32,0.0213616961995982,2,activation_whitened,2,2,3.023379259944356,4,1.6442182178147111,2,2,2,2.43237177526864,4,1.5797350640737438,2,2,2,3.023379259944356,4,1.6442182178147111,2,2,16,4,4,2,1,1.0,2.0,2.0,4.0,4.0,32.0,,16,16,8,8,8,4,4,4,runs/20260612_204555_stage4_sample_s113,sample_limited,113
18,0.099796678192127,0.0144072689368672,0.0853894092552598,32,0.0443971542079946,6,activation_whitened,6,8,7.319324873604056,8,3.745796781771052,4,4,4,4.821438038648078,8,2.624277431695244,4,6,8,7.319324873604056,8,3.745796781771052,4,8,32,16,16,4,1,4.0,16.0,,,,,,32,32,32,16,16,4,4,4,runs/20260612_204555_stage4_sample_s113,sample_limited,113
19,0.1274362153680946,0.0143586868224648,0.1130775285456298,32,0.0374054038328702,6,activation_whitened,6,8,5.7172695974897545,8,2.3302752578648027,4,4,4,4.161502317077313,8,1.850495187033987,2,6,8,5.7172695974897545,8,2.3302752578648027,4,8,32,16,8,4,1,4.0,4.0,8.0,,,,,32,32,16,16,16,16,8,8,runs/20260612_204555_stage4_sample_s113,sample_limited,113
20,0.3416790845325773,0.0144112990456378,0.3272677854869394,32,0.0305550835926695,4,activation_whitened,4,4,4.9459716264548295,8,3.275190376178583,4,4,4,3.921150698974254,4,2.1086818329090526,4,4,4,4.9459716264548295,8,3.275190376178583,4,4,8,4,4,4,2,2.0,4.0,4.0,4.0,4.0,4.0,32.0,8,8,8,8,8,8,4,4,runs/20260612_204555_stage4_sample_s113,sample_limited,113
21,0.226075434285441,0.0143588286613157,0.2117166056241253,32,0.0494768174362098,8,activation_whitened,8,8,8.2429576669435,16,4.2494058902995135,8,6,8,5.699230122396662,8,2.257942038203028,4,8,8,8.2429576669435,16,4.2494058902995135,8,8,32,32,8,8,2,4.0,8.0,8.0,32.0,,,,32,32,32,32,8,8,8,8,runs/20260612_204555_stage4_sample_s113,sample_limited,113
22,0.080502332875604,0.0143848136868141,0.0661175191887899,32,0.0271481279913113,3,activation_whitened,3,4,4.264984594200244,8,2.007320323660369,4,3,4,3.2928747871349584,4,1.838051670782848,2,3,4,4.264984594200244,8,2.007320323660369,4,4,32,16,8,4,1,4.0,4.0,4.0,32.0,,,,32,32,16,16,8,8,4,4,runs/20260612_204555_stage4_sample_s113,sample_limited,113
23,0.1604350457267926,0.0144147465675208,0.1460202991592717,32,0.0484015874284097,7,activation_whitened,7,8,7.564724888446056,8,3.7979543103645295,4,5,8,5.251101584972247,8,2.454927634629747,4,7,8,7.564724888446056,8,3.7979543103645295,4,8,32,32,8,4,2,4.0,4.0,16.0,,,,,32,32,32,8,8,8,8,8,runs/20260612_204555_stage4_sample_s113,sample_limited,113
24,0.126345907512355,0.0143841193479602,0.1119617881643948,32,0.0407657666899223,5,activation_whitened,5,8,6.435216536576581,8,2.9671557534858657,4,5,8,4.683475224542094,8,2.170925877348909,4,5,8,6.435216536576581,8,2.9671557534858657,4,8,32,32,32,8,1,4.0,8.0,32.0,,,,,32,32,32,32,32,8,8,8,runs/20260612_204555_stage4_sample_s113,sample_limited,113
25,0.3216313074512991,0.0143918719458872,0.3072394355054119,32,0.0485332694193087,8,activation_whitened,8,8,7.531364604039162,8,3.9032950125748807,4,4,4,4.700875463381552,8,1.9441289408622773,2,8,8,7.531364604039162,8,3.9032950125748807,4,8,32,16,8,8,2,4.0,4.0,8.0,8.0,16.0,,,32,16,16,16,16,16,8,8,runs/20260612_204555_stage4_sample_s113,sample_limited,113
26,0.1797881341008249,0.0144285018617761,0.1653596322390488,32,0.0336915938975952,5,activation_whitened,5,8,5.620812471508558,8,2.7458025046416767,4,5,8,4.046759732558415,8,1.90430636606767,2,5,8,5.620812471508558,8,2.7458025046416767,4,8,32,8,8,4,2,2.0,4.0,4.0,8.0,16.0,,,32,8,8,8,8,8,8,8,runs/20260612_204555_stage4_sample_s113,sample_limited,113
27,0.0441300546180616,0.0144853364957447,0.0296447181223168,32,0.0201289908502079,1,activation_whitened,1,1,3.588623719182212,4,1.2466445813724865,2,2,2,1.9377500374534828,2,1.1323081068692622,2,1,1,3.588623719182212,4,1.2466445813724865,2,1,16,2,2,2,1,1.0,2.0,2.0,16.0,,,,16,2,2,2,2,2,2,2,runs/20260612_204555_stage4_sample_s113,sample_limited,113
28,0.083028740577052,0.0144000204203964,0.0686287201566556,32,0.0305963165326972,3,activation_whitened,3,4,4.764206670731732,8,2.0636495062156506,4,2,2,2.351714870653167,4,1.3026893446798522,2,3,4,4.764206670731732,8,2.0636495062156506,4,4,32,16,8,2,1,2.0,2.0,16.0,,,,,32,32,32,16,16,8,4,2,runs/20260612_204555_stage4_sample_s113,sample_limited,113
29,0.2339250906837307,0.0144145516424536,0.2195105390412771,32,0.0438240740949415,6,activation_whitened,6,8,6.288292726217472,8,3.436639076975579,4,5,8,4.645895745190631,8,2.376738076743339,4,6,8,6.288292726217472,8,3.436639076975579,4,8,32,8,8,4,2,4.0,4.0,4.0,8.0,32.0,,,32,16,16,16,8,8,8,8,runs/20260612_204555_stage4_sample_s113,sample_limited,113
30,0.0572277841493819,0.014433641003921,0.0427941431454609,32,0.021032325330132,1,activation_whitened,1,1,2.965770182682838,4,1.2019442644951277,2,1,1,1.996975070776989,2,1.130640148216844,2,1,1,2.965770182682838,4,1.2019442644951277,2,1,16,2,1,1,1,1.0,1.0,1.0,2.0,,,,16,16,8,2,2,2,2,2,runs/20260612_204555_stage4_sample_s113,sample_limited,113
31,0.0950569682840332,0.0144426723056392,0.080614295978394,32,0.0319696351642208,4,activation_whitened,4,4,6.060612456847589,8,3.203968697236787,4,4,4,4.598404226362177,8,2.272989003491068,4,4,4,6.060612456847589,8,3.203968697236787,4,4,32,16,16,4,2,4.0,4.0,16.0,,,,,32,32,16,16,16,16,16,4,runs/20260612_204555_stage4_sample_s113,sample_limited,113
32,0.1354449621693882,0.014385118671996,0.1210598434973922,32,0.0374835865011387,5,activation_whitened,5,8,4.9856296711878,8,2.1441839712960027,4,3,4,3.551713956185213,4,1.8557492048507007,2,5,8,4.9856296711878,8,2.1441839712960027,4,8,32,16,8,2,1,2.0,2.0,8.0,32.0,,,,32,32,16,16,8,8,8,8,runs/20260612_204555_stage4_sample_s113,sample_limited,113
33,0.072509866903022,0.0144318145967744,0.0580780523062475,32,0.0258820810701321,2,activation_whitened,2,2,4.104664016139132,8,2.099576711766379,4,2,2,3.34742349158868,4,1.98531603483014,2,2,2,4.104664016139132,8,2.099576711766379,4,2,16,16,8,2,2,2.0,2.0,8.0,32.0,,,,32,16,16,16,8,8,2,2,runs/20260612_204555_stage4_sample_s113,sample_limited,113
34,0.0842113027209713,0.0143313361009708,0.0698799666200005,32,0.0317300338851009,4,activation_whitened,4,4,5.756388263600171,8,2.895843728804468,4,4,4,3.914525738648705,4,2.240495736675966,4,4,4,5.756388263600171,8,2.895843728804468,4,4,16,16,8,4,1,2.0,4.0,16.0,,,,,32,16,16,16,8,8,8,8,runs/20260612_204555_stage4_sample_s113,sample_limited,113
35,0.2700591263725191,0.0143710621380373,0.2556880642344818,32,0.0445109102939601,7,activation_whitened,7,8,7.392276371790237,8,3.883293998476255,4,6,8,5.609863458760261,8,2.699244822680284,4,7,8,7.392276371790237,8,3.883293998476255,4,8,16,16,8,8,2,4.0,4.0,8.0,8.0,16.0,,,32,16,16,16,16,8,8,8,runs/20260612_204555_stage4_sample_s113,sample_limited,113
36,0.0371551123804582,0.014367569033127,0.0227875433473312,32,0.0192348244239791,1,activation_whitened,1,1,3.668311906119303,4,1.2342388233335393,2,1,1,2.324401283604726,4,1.1454690009734656,2,1,1,3.668311906119303,4,1.2342388233335393,2,1,32,8,8,4,2,4.0,4.0,8.0,,,,,32,8,8,8,8,8,8,8,runs/20260612_204555_stage4_sample_s113,sample_limited,113
37,0.1231525911387998,0.0143774222220101,0.1087751689167896,32,0.0337674899063289,5,activation_whitened,3,4,4.520992449366975,8,1.91253107587826,2,1,1,1.933531698143474,2,1.1915843836292763,2,3,4,4.520992449366975,8,1.91253107587826,2,4,32,8,4,2,1,1.0,2.0,4.0,32.0,,,,32,32,16,8,8,8,4,4,runs/20260612_204555_stage4_sample_s113,sample_limited,113
38,0.2097895701373885,0.0143729529901943,0.1954166171471942,32,0.0352249682661472,7,activation_whitened,4,4,4.682062305381867,8,1.963422561658671,2,3,4,2.707162400594711,4,1.37463115533005,2,4,4,4.682062305381867,8,1.963422561658671,2,4,16,8,4,4,1,1.0,4.0,4.0,4.0,16.0,,,16,16,16,16,8,8,8,4,runs/20260612_204555_stage4_sample_s113,sample_limited,113
39,0.0515718923982345,0.0144220020392747,0.0371498903589598,32,0.0170664502190261,1,activation_whitened,1,1,2.606034804846849,4,1.1555205308863414,2,1,1,1.4969492029006155,2,1.0576733171357278,2,1,1,2.606034804846849,4,1.1555205308863414,2,1,4,2,2,1,1,1.0,1.0,1.0,2.0,2.0,4.0,,4,4,4,4,4,4,4,4,runs/20260612_204555_stage4_sample_s113,sample_limited,113
40,0.1694248648525132,0.0144136053448249,0.1550112595076883,32,0.0358940093377419,7,activation_whitened,4,4,5.466625733349998,8,2.767357012514952,4,4,4,4.348315764751709,8,2.578588587810436,4,4,4,5.466625733349998,8,2.767357012514952,4,4,16,8,4,4,2,2.0,4.0,4.0,4.0,32.0,,,16,16,8,8,8,4,4,4,runs/20260612_204555_stage4_sample_s113,sample_limited,113
41,0.1464263673186556,0.0143739780768616,0.132052389241794,32,0.0392210495847047,5,activation_whitened,5,8,5.947445075464539,8,3.277234098448476,4,5,8,4.200335681613895,8,1.9286847805869096,2,5,8,5.947445075464539,8,3.277234098448476,4,8,32,16,8,4,2,4.0,4.0,8.0,32.0,,,,32,32,16,16,16,8,8,8,runs/20260612_204555_stage4_sample_s113,sample_limited,113
42,0.0989016608617195,0.0144114970799096,0.0844901637818099,32,0.018769406802434,1,activation_whitened,1,1,1.9139961725436108,2,1.1013828722313184,2,1,1,1.2907214812684886,2,1.0375443750544586,2,1,1,1.9139961725436108,2,1.1013828722313184,2,1,1,1,1,1,1,1.0,1.0,1.0,1.0,1.0,1.0,,2,2,2,2,2,2,1,1,runs/20260612_204555_stage4_sample_s113,sample_limited,113
43,0.3263503164546427,0.01438522297503,0.3119650934796127,32,0.0317711463371547,5,activation_whitened,5,8,5.431505729645024,8,2.896627441631855,4,4,4,3.828680172913497,4,1.8188588672319783,2,5,8,5.431505729645024,8,2.896627441631855,4,8,16,8,8,4,2,2.0,4.0,4.0,4.0,8.0,8.0,,16,8,8,8,8,8,8,8,runs/20260612_204555_stage4_sample_s113,sample_limited,113
44,0.1000641034954154,0.0143987820593118,0.0856653214361036,32,0.0484755257738686,8,activation_whitened,7,8,8.668865346494204,16,3.699529269207093,4,4,4,4.973128893656376,8,1.905100850693439,2,7,8,8.668865346494204,16,3.699529269207093,4,8,32,32,16,8,1,16.0,32.0,,,,,,32,32,32,32,16,16,16,8,runs/20260612_204555_stage4_sample_s113,sample_limited,113
45,0.0739536090952548,0.0144075316163914,0.0595460774788633,32,0.0191986552070604,1,activation_whitened,1,1,2.458166160576376,4,1.1530840563811635,2,1,1,1.4044025017703083,2,1.0510640973286414,2,1,1,2.458166160576376,4,1.1530840563811635,2,1,4,1,1,1,1,1.0,1.0,1.0,1.0,1.0,8.0,,16,2,2,2,1,1,1,1,runs/20260612_204555_stage4_sample_s113,sample_limited,113
46,0.1417851377951937,0.0143619440482264,0.1274231937469672,32,0.0354932585440762,5,activation_whitened,5,8,5.657413880402941,8,3.0325808685941933,4,4,4,3.765319860889797,4,1.847693809259711,2,5,8,5.657413880402941,8,3.0325808685941933,4,8,32,16,8,4,2,2.0,4.0,8.0,16.0,,,,32,16,16,16,8,8,8,8,runs/20260612_204555_stage4_sample_s113,sample_limited,113
47,0.0696109883450259,0.0144202095748193,0.0551907787702065,32,0.0304955659394058,6,activation_whitened,5,8,6.209810284796599,8,2.367214765910766,4,3,4,3.946659848036612,4,1.9796811302686712,2,5,8,6.209810284796599,8,2.367214765910766,4,8,32,16,8,4,1,4.0,8.0,32.0,,,,,32,32,16,16,8,8,8,4,runs/20260612_204555_stage4_sample_s113,sample_limited,113
