layer,target_estimand,target_estimand_version,target_reference,target_denominator,target_valid,target_status,n_rank_points,n_finite_rank_points,rank_grid,base_val_loss,best_rank,best_val_loss,best_observed_val_loss,observed_best_gap,improvement_gap,improvement_gap_reference,oracle_val_loss,oracle_improvement_gap,near_best_rank_gap_0.02,near_best_loss_threshold_gap_0.02,near_best_rank_gap_0.05,near_best_loss_threshold_gap_0.05,near_best_rank_gap_0.1,near_best_loss_threshold_gap_0.1,near_best_rank_gap_0.2,near_best_loss_threshold_gap_0.2,recovery_rank_0.5,recovery_loss_threshold_0.5,recovery_rank_0.7,recovery_loss_threshold_0.7,recovery_rank_0.8,recovery_loss_threshold_0.8,recovery_rank_0.9,recovery_loss_threshold_0.9,recovery_rank_0.95,recovery_loss_threshold_0.95,penalized_rank_lambda_0.05,penalized_rank_lambda_0.1,penalized_rank_lambda_0.15,penalized_rank_lambda_0.2,penalized_rank_lambda_0.3,true_k_strong,gradient_matrix_mode,gradient_detectable_rank,predicted_rank_detectable,gradient_effective_rank,predicted_rank_effective,gradient_stable_rank,predicted_rank_stable,raw_gradient_detectable_rank,predicted_rank_raw_detectable,raw_gradient_effective_rank,predicted_rank_raw_effective,raw_gradient_stable_rank,predicted_rank_raw_stable,whitened_gradient_detectable_rank,predicted_rank_whitened_detectable,whitened_gradient_effective_rank,predicted_rank_whitened_effective,whitened_gradient_stable_rank,predicted_rank_whitened_stable,predicted_rank_from_gradient,source_run_id,source_run_path,condition,seed
0,observed_rank_sweep_minimum,observed_best_gap_v1,best_observed_validation_loss_on_tested_rank_grid,base_val_loss_minus_best_observed_val_loss,True,ok,6,6,1;2;4;8;16;32,0.1282000304647284,32,0.0102481516507826,0.0102481516507826,0.1179518788139457,0.1179518788139457,best_observed_validation_loss_on_tested_rank_grid,0.0025086998271408,0.1256913306375875,16,0.0126071892270615,8,0.0161457455914798,8,0.0220433395321771,4,0.0338385274135717,2,0.0692240910577555,4,0.0456337152949663,4,0.0338385274135717,8,0.0220433395321771,8,0.0161457455914798,16,8,8,8,8,3,activation_whitened,3,4,3.017122367143526,4,2.367441974193884,4,3,4,2.6682987351933702,4,1.7517725686396015,2,3,4,3.017122367143526,4,2.367441974193884,4,4,20260622_141352_stage4_hard_s101,source_runs/20260622_141352_stage4_hard_s101,hard_knee,101
1,observed_rank_sweep_minimum,observed_best_gap_v1,best_observed_validation_loss_on_tested_rank_grid,base_val_loss_minus_best_observed_val_loss,True,ok,6,6,1;2;4;8;16;32,0.4335649607520391,32,0.0214746603939358,0.0214746603939358,0.4120903003581033,0.4120903003581033,best_observed_validation_loss_on_tested_rank_grid,0.0025027406352685,0.4310622201167706,32,0.0297164664010978,16,0.0420791754118409,8,0.0626836904297461,8,0.1038927204655564,4,0.2275198105729874,8,0.1451017505013668,8,0.1038927204655564,8,0.0626836904297461,16,0.0420791754118409,32,16,16,16,8,8,activation_whitened,8,8,7.491199955754171,8,4.063435885812669,8,4,4,4.890197334106237,8,2.0329631742343364,4,8,8,7.491199955754171,8,4.063435885812669,8,8,20260622_141352_stage4_hard_s101,source_runs/20260622_141352_stage4_hard_s101,hard_knee,101
2,observed_rank_sweep_minimum,observed_best_gap_v1,best_observed_validation_loss_on_tested_rank_grid,base_val_loss_minus_best_observed_val_loss,True,ok,6,6,1;2;4;8;16;32,0.0999941105739229,32,0.0036551306638143,0.0036551306638143,0.0963389799101086,0.0963389799101086,best_observed_validation_loss_on_tested_rank_grid,0.0025026478628433,0.0974914627110796,1,0.0055819102620164,1,0.0084720796593197,1,0.0132890286548251,1,0.022922926645836,1,0.0518246206188686,1,0.0325568246368468,1,0.022922926645836,1,0.0132890286548251,1,0.0084720796593197,2,1,1,1,1,1,activation_whitened,1,1,1.100226072175455,2,1.0113055222356262,2,1,1,1.1079194252905185,2,1.0138450213790988,2,1,1,1.100226072175455,2,1.0113055222356262,2,1,20260622_141352_stage4_hard_s101,source_runs/20260622_141352_stage4_hard_s101,hard_knee,101
3,observed_rank_sweep_minimum,observed_best_gap_v1,best_observed_validation_loss_on_tested_rank_grid,base_val_loss_minus_best_observed_val_loss,True,ok,6,6,1;2;4;8;16;32,0.164957470015283,32,0.0056417458953086,0.0056417458953086,0.1593157241199743,0.1593157241199743,best_observed_validation_loss_on_tested_rank_grid,0.0024818113803772,0.1624756586349058,4,0.008828060377708,4,0.0136075321013073,4,0.021573318307306,4,0.0375048907193034,2,0.0852996079552958,2,0.0534364631313009,4,0.0375048907193034,4,0.021573318307306,4,0.0136075321013073,4,4,4,4,4,3,activation_whitened,3,4,3.058228592822572,4,2.3166030769914365,4,3,4,2.7158641105841514,4,1.739899002365998,2,3,4,3.058228592822572,4,2.3166030769914365,4,4,20260622_141352_stage4_hard_s101,source_runs/20260622_141352_stage4_hard_s101,hard_knee,101
4,observed_rank_sweep_minimum,observed_best_gap_v1,best_observed_validation_loss_on_tested_rank_grid,base_val_loss_minus_best_observed_val_loss,True,ok,6,6,1;2;4;8;16;32,0.2885064051432864,32,0.0039066774680663,0.0039066774680663,0.2845997276752201,0.2845997276752201,best_observed_validation_loss_on_tested_rank_grid,0.0024955831107182,0.2860108220325682,4,0.0095986720215707,4,0.0181366638518273,4,0.0323666502355883,4,0.0608266230031103,2,0.1462065413056763,2,0.0892865957706323,4,0.0608266230031102,4,0.0323666502355882,4,0.0181366638518272,4,4,4,4,4,3,activation_whitened,3,4,3.0357673097674347,4,2.454486862952255,4,3,4,2.480452256285854,4,1.5636557513472225,2,3,4,3.0357673097674347,4,2.454486862952255,4,4,20260622_141352_stage4_hard_s101,source_runs/20260622_141352_stage4_hard_s101,hard_knee,101
5,observed_rank_sweep_minimum,observed_best_gap_v1,best_observed_validation_loss_on_tested_rank_grid,base_val_loss_minus_best_observed_val_loss,True,ok,6,6,1;2;4;8;16;32,0.2575191565944974,32,0.0040449841704113,0.0040449841704113,0.2534741724240861,0.2534741724240861,best_observed_validation_loss_on_tested_rank_grid,0.0024926716191871,0.2550264849753103,4,0.009114467618893,4,0.0167186927916156,2,0.0293924014128199,2,0.0547398186552285,1,0.1307820703824543,2,0.0800872358976371,2,0.0547398186552285,2,0.0293924014128199,4,0.0167186927916156,4,4,4,4,4,2,activation_whitened,2,2,2.0246705394125857,4,1.5838882751632457,2,2,2,1.530783180144196,2,1.163982048325408,2,2,2,2.0246705394125857,4,1.5838882751632457,2,2,20260622_141352_stage4_hard_s101,source_runs/20260622_141352_stage4_hard_s101,hard_knee,101
6,observed_rank_sweep_minimum,observed_best_gap_v1,best_observed_validation_loss_on_tested_rank_grid,base_val_loss_minus_best_observed_val_loss,True,ok,6,6,1;2;4;8;16;32,0.2386103419991775,32,0.0305350614550958,0.0305350614550958,0.2080752805440817,0.2080752805440817,best_observed_validation_loss_on_tested_rank_grid,0.002500442332208,0.2361098996669695,32,0.0346965670659774,16,0.0409388254822998,8,0.0513425895095039,4,0.0721501175639121,2,0.1345727017271366,4,0.0929576456183203,4,0.0721501175639121,8,0.0513425895095039,16,0.0409388254822998,32,8,8,8,8,8,activation_whitened,6,8,5.569071796816801,8,2.6933191527601275,4,4,4,3.849514069676575,4,1.8347648243282888,2,6,8,5.569071796816801,8,2.6933191527601275,4,8,20260622_141352_stage4_hard_s101,source_runs/20260622_141352_stage4_hard_s101,hard_knee,101
7,observed_rank_sweep_minimum,observed_best_gap_v1,best_observed_validation_loss_on_tested_rank_grid,base_val_loss_minus_best_observed_val_loss,True,ok,6,6,1;2;4;8;16;32,0.2542049296922864,32,0.0104515874546583,0.0104515874546583,0.2437533422376281,0.2437533422376281,best_observed_validation_loss_on_tested_rank_grid,0.0024854249316894,0.251719504760597,16,0.0153266542994108,16,0.0226392545665397,8,0.0348269216784211,4,0.0592022559021839,4,0.1323282585734723,4,0.0835775901259467,4,0.0592022559021839,8,0.0348269216784211,16,0.0226392545665397,16,16,16,8,8,5,activation_whitened,5,8,4.794393903173019,8,3.132526940193625,4,5,8,4.213715303410438,8,2.610871626280776,4,5,8,4.794393903173019,8,3.132526940193625,4,8,20260622_141352_stage4_hard_s101,source_runs/20260622_141352_stage4_hard_s101,hard_knee,101
8,observed_rank_sweep_minimum,observed_best_gap_v1,best_observed_validation_loss_on_tested_rank_grid,base_val_loss_minus_best_observed_val_loss,True,ok,6,6,1;2;4;8;16;32,0.3628599514149716,32,0.0189121279856233,0.0189121279856233,0.3439478234293483,0.3439478234293483,best_observed_validation_loss_on_tested_rank_grid,0.0024956074499265,0.3603643439650451,16,0.0257910844542102,16,0.0361095191570907,8,0.0533069103285581,8,0.0877016926714929,4,0.1908860397002974,4,0.1220964750144278,8,0.0877016926714929,8,0.0533069103285581,16,0.0361095191570907,16,16,16,8,8,7,activation_whitened,7,8,6.390084470579992,8,3.891308248689872,4,5,8,4.7854246828769815,8,2.4483397754168865,4,7,8,6.390084470579992,8,3.891308248689872,4,8,20260622_141352_stage4_hard_s101,source_runs/20260622_141352_stage4_hard_s101,hard_knee,101
9,observed_rank_sweep_minimum,observed_best_gap_v1,best_observed_validation_loss_on_tested_rank_grid,base_val_loss_minus_best_observed_val_loss,True,ok,6,6,1;2;4;8;16;32,0.0679116135795828,32,0.0036066251646536,0.0036066251646536,0.0643049884149292,0.0643049884149292,best_observed_validation_loss_on_tested_rank_grid,0.0024973081150762,0.0654143054645065,1,0.0048927249329521,1,0.0068218745854,1,0.0100371240061465,1,0.0164676228476394,1,0.0357591193721181,1,0.0228981216891323,1,0.0164676228476394,1,0.0100371240061465,1,0.0068218745854,2,2,2,2,1,1,activation_whitened,1,1,1.1031082577250435,2,1.0110965382177788,2,1,1,1.100967534441682,2,1.0124063045514804,2,1,1,1.1031082577250435,2,1.0110965382177788,2,1,20260622_141352_stage4_hard_s101,source_runs/20260622_141352_stage4_hard_s101,hard_knee,101
10,observed_rank_sweep_minimum,observed_best_gap_v1,best_observed_validation_loss_on_tested_rank_grid,base_val_loss_minus_best_observed_val_loss,True,ok,6,6,1;2;4;8;16;32,0.0537303011126012,32,0.0044078108857554,0.0044078108857554,0.0493224902268458,0.0493224902268458,best_observed_validation_loss_on_tested_rank_grid,0.0025129646727588,0.0512173364398424,2,0.0053942606902923,1,0.0068739353970976,1,0.0093400599084399,1,0.0142723089311245,1,0.0290690559991783,1,0.0192045579538091,1,0.0142723089311245,1,0.0093400599084399,1,0.0068739353970976,4,2,2,2,2,1,activation_whitened,1,1,1.239957483886874,2,1.0304426231428097,2,1,1,1.1050486200210266,2,1.0136877256335628,2,1,1,1.239957483886874,2,1.0304426231428097,2,1,20260622_141352_stage4_hard_s101,source_runs/20260622_141352_stage4_hard_s101,hard_knee,101
11,observed_rank_sweep_minimum,observed_best_gap_v1,best_observed_validation_loss_on_tested_rank_grid,base_val_loss_minus_best_observed_val_loss,True,ok,6,6,1;2;4;8;16;32,0.1755584374807861,32,0.0303236684516488,0.0303236684516488,0.1452347690291373,0.1452347690291373,best_observed_validation_loss_on_tested_rank_grid,0.0025162566021325,0.1730421808786535,32,0.0332283638322315,16,0.0375854069031056,16,0.0448471453545625,4,0.0593706222574762,2,0.1029410529662174,2,0.07389409916039,4,0.0593706222574762,16,0.0448471453545625,16,0.0375854069031056,32,16,16,16,8,6,activation_whitened,6,8,4.835323953422774,8,2.612011907379564,4,3,4,3.148309836395124,4,1.6010096175828152,2,6,8,4.835323953422774,8,2.612011907379564,4,8,20260622_141352_stage4_hard_s101,source_runs/20260622_141352_stage4_hard_s101,hard_knee,101
12,observed_rank_sweep_minimum,observed_best_gap_v1,best_observed_validation_loss_on_tested_rank_grid,base_val_loss_minus_best_observed_val_loss,True,ok,6,6,1;2;4;8;16;32,0.1660128292746479,32,0.0031765237967915,0.0031765237967915,0.1628363054778563,0.1628363054778563,best_observed_validation_loss_on_tested_rank_grid,0.0025053813623776,0.1635074479122703,2,0.0064332499063486,2,0.0113183390706843,2,0.0194601543445771,2,0.0357437848923627,1,0.0845946765357197,2,0.0520274154401484,2,0.0357437848923627,2,0.0194601543445771,2,0.0113183390706843,4,4,2,2,2,2,activation_whitened,2,2,2.045640186515525,4,1.8080386066471368,2,2,2,1.8231307161795096,2,1.3789660359192562,2,2,2,2.045640186515525,4,1.8080386066471368,2,2,20260622_141352_stage4_hard_s101,source_runs/20260622_141352_stage4_hard_s101,hard_knee,101
13,observed_rank_sweep_minimum,observed_best_gap_v1,best_observed_validation_loss_on_tested_rank_grid,base_val_loss_minus_best_observed_val_loss,True,ok,6,6,1;2;4;8;16;32,0.1165244859134612,32,0.0085920762738404,0.0085920762738404,0.1079324096396208,0.1079324096396208,best_observed_validation_loss_on_tested_rank_grid,0.0024925225592173,0.1140319633542439,8,0.0107507244666328,8,0.0139886967558214,8,0.0193853172378024,4,0.0301785582017645,2,0.0625582810936508,2,0.0409717991657266,4,0.0301785582017645,8,0.0193853172378024,8,0.0139886967558214,8,8,8,8,8,3,activation_whitened,3,4,3.072648306198209,4,2.286390780073262,4,3,4,2.3673708855264937,4,1.4690602846857157,2,3,4,3.072648306198209,4,2.286390780073262,4,4,20260622_141352_stage4_hard_s101,source_runs/20260622_141352_stage4_hard_s101,hard_knee,101
14,observed_rank_sweep_minimum,observed_best_gap_v1,best_observed_validation_loss_on_tested_rank_grid,base_val_loss_minus_best_observed_val_loss,True,ok,6,6,1;2;4;8;16;32,0.0892471909952541,32,0.0054245637814134,0.0054245637814134,0.0838226272138407,0.0838226272138407,best_observed_validation_loss_on_tested_rank_grid,0.0025007154623529,0.0867464755329012,16,0.0071010163256902,2,0.0096156951421054,2,0.0138068265027974,2,0.0221890892241815,1,0.0473358773883337,2,0.0305713519455656,2,0.0221890892241815,2,0.0138068265027974,2,0.0096156951421054,8,8,2,2,2,2,activation_whitened,2,2,2.041129712745426,4,1.6255415606238734,2,2,2,1.881067166209881,2,1.4209282911695136,2,2,2,2.041129712745426,4,1.6255415606238734,2,2,20260622_141352_stage4_hard_s101,source_runs/20260622_141352_stage4_hard_s101,hard_knee,101
15,observed_rank_sweep_minimum,observed_best_gap_v1,best_observed_validation_loss_on_tested_rank_grid,base_val_loss_minus_best_observed_val_loss,True,ok,6,6,1;2;4;8;16;32,0.1917479921217144,32,0.011710195508115,0.011710195508115,0.1800377966135994,0.1800377966135994,best_observed_validation_loss_on_tested_rank_grid,0.0025053747834235,0.1892426173382909,32,0.0153109514403869,16,0.0207120853387949,16,0.0297139751694749,4,0.0477177548308348,2,0.1017290938149147,4,0.0657215344921948,4,0.0477177548308348,16,0.0297139751694749,16,0.0207120853387949,32,16,16,16,4,4,activation_whitened,4,4,3.8357785613811775,4,2.473016276123398,4,4,4,2.665848836265354,4,1.4770745846128517,2,4,4,3.8357785613811775,4,2.473016276123398,4,4,20260622_141352_stage4_hard_s101,source_runs/20260622_141352_stage4_hard_s101,hard_knee,101
16,observed_rank_sweep_minimum,observed_best_gap_v1,best_observed_validation_loss_on_tested_rank_grid,base_val_loss_minus_best_observed_val_loss,True,ok,6,6,1;2;4;8;16;32,0.3051959737632273,32,0.0301220715787545,0.0301220715787545,0.2750739021844728,0.2750739021844728,best_observed_validation_loss_on_tested_rank_grid,0.0025083751608481,0.3026875986023792,32,0.0356235496224439,32,0.0438757666879781,16,0.0576294617972017,8,0.085136852015649,4,0.1676590226709909,8,0.1126442422340963,8,0.085136852015649,16,0.0576294617972018,32,0.0438757666879781,32,32,32,16,8,8,activation_whitened,8,8,7.326321507720767,8,4.118502368019256,8,4,4,5.072236820422408,8,2.3481645928710067,4,8,8,7.326321507720767,8,4.118502368019256,8,8,20260622_141352_stage4_hard_s101,source_runs/20260622_141352_stage4_hard_s101,hard_knee,101
17,observed_rank_sweep_minimum,observed_best_gap_v1,best_observed_validation_loss_on_tested_rank_grid,base_val_loss_minus_best_observed_val_loss,True,ok,6,6,1;2;4;8;16;32,0.1071997128397712,32,0.0033761033181632,0.0033761033181632,0.103823609521608,0.103823609521608,best_observed_validation_loss_on_tested_rank_grid,0.0024877865055614,0.1047119263342098,1,0.0054525755085953,1,0.0085672837942436,1,0.013758464270324,1,0.0241408252224848,1,0.0552879080789672,1,0.0345231861746456,1,0.0241408252224847,1,0.0137584642703239,1,0.0085672837942435,2,2,2,1,1,1,activation_whitened,1,1,1.0835899255755053,2,1.0091721253911057,2,1,1,1.0599991923169234,2,1.0071812973140482,2,1,1,1.0835899255755053,2,1.0091721253911057,2,1,20260622_141352_stage4_hard_s101,source_runs/20260622_141352_stage4_hard_s101,hard_knee,101
18,observed_rank_sweep_minimum,observed_best_gap_v1,best_observed_validation_loss_on_tested_rank_grid,base_val_loss_minus_best_observed_val_loss,True,ok,6,6,1;2;4;8;16;32,0.2394126166879578,32,0.0035357263017658,0.0035357263017658,0.235876890386192,0.235876890386192,best_observed_validation_loss_on_tested_rank_grid,0.0024907521382516,0.2369218645497062,2,0.0082532641094896,2,0.0153295708210754,2,0.027123415340385,2,0.0507111043790042,1,0.1214741714948618,2,0.0742987934176234,2,0.0507111043790041,2,0.0271234153403849,2,0.0153295708210754,2,2,2,2,2,2,activation_whitened,2,2,1.973158256158412,2,1.5336511344736783,2,2,2,1.6795919972666231,2,1.255016340537501,2,2,2,1.973158256158412,2,1.5336511344736783,2,2,20260622_141352_stage4_hard_s101,source_runs/20260622_141352_stage4_hard_s101,hard_knee,101
19,observed_rank_sweep_minimum,observed_best_gap_v1,best_observed_validation_loss_on_tested_rank_grid,base_val_loss_minus_best_observed_val_loss,True,ok,6,6,1;2;4;8;16;32,0.2568169647216369,32,0.0336701569423357,0.0336701569423357,0.2231468077793011,0.2231468077793011,best_observed_validation_loss_on_tested_rank_grid,0.0025064044883145,0.2543105602333224,32,0.0381330930979217,16,0.0448274973313007,8,0.0559848377202658,4,0.0782995184981959,4,0.1452435608319863,4,0.100614199276126,4,0.0782995184981959,8,0.0559848377202658,16,0.0448274973313007,32,16,16,16,8,8,activation_whitened,8,8,6.968709346189796,8,4.341117548339255,8,4,4,5.374143572558586,8,2.6319224126676155,4,8,8,6.968709346189796,8,4.341117548339255,8,8,20260622_141352_stage4_hard_s101,source_runs/20260622_141352_stage4_hard_s101,hard_knee,101
20,observed_rank_sweep_minimum,observed_best_gap_v1,best_observed_validation_loss_on_tested_rank_grid,base_val_loss_minus_best_observed_val_loss,True,ok,6,6,1;2;4;8;16;32,0.5682487207275132,32,0.0083405399414562,0.0083405399414562,0.559908180786057,0.559908180786057,best_observed_validation_loss_on_tested_rank_grid,0.002503686415563,0.5657450343119502,16,0.0195387035571773,8,0.036335948980759,8,0.0643313580200619,8,0.1203221760986676,4,0.2882946303344847,8,0.1763129941772733,8,0.1203221760986675,8,0.0643313580200619,8,0.036335948980759,16,8,8,8,8,7,activation_whitened,7,8,6.657300124523919,8,4.236147781286374,8,5,8,5.212895193627381,8,2.4125175702817807,4,7,8,6.657300124523919,8,4.236147781286374,8,8,20260622_141352_stage4_hard_s101,source_runs/20260622_141352_stage4_hard_s101,hard_knee,101
21,observed_rank_sweep_minimum,observed_best_gap_v1,best_observed_validation_loss_on_tested_rank_grid,base_val_loss_minus_best_observed_val_loss,True,ok,6,6,1;2;4;8;16;32,0.0811399754388271,32,0.0049239105256253,0.0049239105256253,0.0762160649132018,0.0762160649132018,best_observed_validation_loss_on_tested_rank_grid,0.0025234197230182,0.0786165557158089,16,0.0064482318238893,4,0.0087347137712853,4,0.0125455170169454,4,0.0201671235082656,1,0.0430319429822262,4,0.0277887299995858,4,0.0201671235082656,4,0.0125455170169454,4,0.0087347137712853,16,4,4,4,4,2,activation_whitened,2,2,2.054875409230428,4,1.6999026564731814,2,2,2,1.8839173678138648,2,1.4433552246304089,2,2,2,2.054875409230428,4,1.6999026564731814,2,2,20260622_141352_stage4_hard_s101,source_runs/20260622_141352_stage4_hard_s101,hard_knee,101
22,observed_rank_sweep_minimum,observed_best_gap_v1,best_observed_validation_loss_on_tested_rank_grid,base_val_loss_minus_best_observed_val_loss,True,ok,6,6,1;2;4;8;16;32,0.2160158800617472,32,0.0160344186677196,0.0160344186677196,0.1999814613940276,0.1999814613940276,best_observed_validation_loss_on_tested_rank_grid,0.0025090674937464,0.2135068125680008,32,0.0200340478956001,8,0.0260334917374209,8,0.0360325648071223,8,0.0560307109465251,2,0.1160251493647334,4,0.0760288570859278,8,0.0560307109465251,8,0.0360325648071223,8,0.0260334917374209,16,16,8,8,8,5,activation_whitened,5,8,4.827695071668732,8,3.312808623059055,4,3,4,3.2645647355754703,4,1.6870364633537194,2,5,8,4.827695071668732,8,3.312808623059055,4,8,20260622_141352_stage4_hard_s101,source_runs/20260622_141352_stage4_hard_s101,hard_knee,101
23,observed_rank_sweep_minimum,observed_best_gap_v1,best_observed_validation_loss_on_tested_rank_grid,base_val_loss_minus_best_observed_val_loss,True,ok,6,6,1;2;4;8;16;32,0.0796276958143362,32,0.0048589594714388,0.0048589594714388,0.0747687363428974,0.0747687363428974,best_observed_validation_loss_on_tested_rank_grid,0.0024826728786211,0.0771450229357151,4,0.0063543341982967,4,0.0085973962885836,2,0.0123358331057285,2,0.0198127067400182,2,0.0422433276428875,2,0.027289580374308,2,0.0198127067400182,2,0.0123358331057285,4,0.0085973962885836,8,4,4,4,4,2,activation_whitened,2,2,2.173099282785923,4,1.8852438021803024,2,2,2,2.087666824789127,4,1.778293411734448,2,2,2,2.173099282785923,4,1.8852438021803024,2,2,20260622_141352_stage4_hard_s101,source_runs/20260622_141352_stage4_hard_s101,hard_knee,101
24,observed_rank_sweep_minimum,observed_best_gap_v1,best_observed_validation_loss_on_tested_rank_grid,base_val_loss_minus_best_observed_val_loss,True,ok,6,6,1;2;4;8;16;32,0.2077008328742935,32,0.0081922743307736,0.0081922743307736,0.1995085585435199,0.1995085585435199,best_observed_validation_loss_on_tested_rank_grid,0.0024992332535159,0.2052015996207776,16,0.0121824455016439,8,0.0181677022579495,4,0.0281431301851255,4,0.0480939860394775,2,0.1079465536025335,4,0.0680448418938295,4,0.0480939860394775,4,0.0281431301851255,8,0.0181677022579496,8,8,8,8,8,4,activation_whitened,4,4,3.989849417670818,4,3.0872600776042125,4,4,4,3.366275142977868,4,2.074036909417277,4,4,4,3.989849417670818,4,3.0872600776042125,4,4,20260622_141352_stage4_hard_s101,source_runs/20260622_141352_stage4_hard_s101,hard_knee,101
25,observed_rank_sweep_minimum,observed_best_gap_v1,best_observed_validation_loss_on_tested_rank_grid,base_val_loss_minus_best_observed_val_loss,True,ok,6,6,1;2;4;8;16;32,0.0688752323195769,32,0.0030434487556506,0.0030434487556506,0.0658317835639263,0.0658317835639263,best_observed_validation_loss_on_tested_rank_grid,0.0025138900201675,0.0663613422994094,1,0.0043600844269291,1,0.0063350379338469,1,0.0096266271120432,1,0.0162098054684358,1,0.0359593405376137,1,0.0227929838248284,1,0.0162098054684358,1,0.0096266271120432,1,0.0063350379338469,4,1,1,1,1,1,activation_whitened,1,1,1.0601091524453563,2,1.005648888074127,2,1,1,1.029524139047955,2,1.0028280379092591,2,1,1,1.0601091524453563,2,1.005648888074127,2,1,20260622_141352_stage4_hard_s101,source_runs/20260622_141352_stage4_hard_s101,hard_knee,101
26,observed_rank_sweep_minimum,observed_best_gap_v1,best_observed_validation_loss_on_tested_rank_grid,base_val_loss_minus_best_observed_val_loss,True,ok,6,6,1;2;4;8;16;32,0.2776597267616718,32,0.0052457472803028,0.0052457472803028,0.272413979481369,0.272413979481369,best_observed_validation_loss_on_tested_rank_grid,0.0025082512109913,0.2751514755506805,8,0.0106940268699301,8,0.0188664462543712,8,0.0324871452284397,4,0.0597285431765765,2,0.1414527370209873,4,0.0869699411247135,4,0.0597285431765765,8,0.0324871452284397,8,0.0188664462543712,8,8,8,8,8,4,activation_whitened,4,4,4.005632914868973,8,3.339746817196327,4,4,4,3.628536807013694,4,2.388336558317155,4,4,4,4.005632914868973,8,3.339746817196327,4,4,20260622_141352_stage4_hard_s101,source_runs/20260622_141352_stage4_hard_s101,hard_knee,101
27,observed_rank_sweep_minimum,observed_best_gap_v1,best_observed_validation_loss_on_tested_rank_grid,base_val_loss_minus_best_observed_val_loss,True,ok,6,6,1;2;4;8;16;32,0.3419694396726295,32,0.0173201289519031,0.0173201289519031,0.3246493107207264,0.3246493107207264,best_observed_validation_loss_on_tested_rank_grid,0.0024748245584858,0.3394946151141437,32,0.0238131151663176,16,0.0335525944879394,8,0.0497850600239757,8,0.0822499910960483,2,0.1796447843122663,4,0.114714922168121,8,0.0822499910960483,8,0.0497850600239757,16,0.0335525944879394,32,16,16,8,8,7,activation_whitened,7,8,5.911648885939148,8,2.959995794386419,4,3,4,4.005501167863774,8,1.8715434877864696,2,7,8,5.911648885939148,8,2.959995794386419,4,8,20260622_141352_stage4_hard_s101,source_runs/20260622_141352_stage4_hard_s101,hard_knee,101
28,observed_rank_sweep_minimum,observed_best_gap_v1,best_observed_validation_loss_on_tested_rank_grid,base_val_loss_minus_best_observed_val_loss,True,ok,6,6,1;2;4;8;16;32,0.4124061329426194,32,0.0141181177254229,0.0141181177254229,0.3982880152171965,0.3982880152171965,best_observed_validation_loss_on_tested_rank_grid,0.002499570747349,0.4099065621952704,32,0.0220838780297668,8,0.0340325184862827,8,0.0539469192471425,8,0.0937757207688622,4,0.2132621253340211,8,0.1336045222905818,8,0.0937757207688621,8,0.0539469192471425,8,0.0340325184862826,16,8,8,8,8,7,activation_whitened,7,8,6.685217012929813,8,4.501373791512475,8,6,8,5.416471007902022,8,3.19285614293113,4,7,8,6.685217012929813,8,4.501373791512475,8,8,20260622_141352_stage4_hard_s101,source_runs/20260622_141352_stage4_hard_s101,hard_knee,101
29,observed_rank_sweep_minimum,observed_best_gap_v1,best_observed_validation_loss_on_tested_rank_grid,base_val_loss_minus_best_observed_val_loss,True,ok,6,6,1;2;4;8;16;32,0.4035776557481367,32,0.0113836380599878,0.0113836380599878,0.3921940176881489,0.3921940176881489,best_observed_validation_loss_on_tested_rank_grid,0.0024859929799208,0.4010916627682159,16,0.0192275184137507,8,0.0309933389443952,8,0.0506030398288026,4,0.0898224415976175,2,0.2074806469040622,4,0.1290418433664324,4,0.0898224415976176,8,0.0506030398288027,8,0.0309933389443952,16,16,8,8,8,6,activation_whitened,6,8,5.317378831289276,8,3.184943379024612,4,5,8,4.152082543324177,8,2.0057162746330346,4,6,8,5.317378831289276,8,3.184943379024612,4,8,20260622_141352_stage4_hard_s101,source_runs/20260622_141352_stage4_hard_s101,hard_knee,101
30,observed_rank_sweep_minimum,observed_best_gap_v1,best_observed_validation_loss_on_tested_rank_grid,base_val_loss_minus_best_observed_val_loss,True,ok,6,6,1;2;4;8;16;32,0.2414817713923749,32,0.0118491628095109,0.0118491628095109,0.229632608582864,0.229632608582864,best_observed_validation_loss_on_tested_rank_grid,0.0024953212031823,0.2389864501891926,32,0.0164418149811681,8,0.0233307932386541,8,0.0348124236677973,4,0.0577756845260837,4,0.1266654671009429,4,0.0807389453843701,4,0.0577756845260837,8,0.0348124236677973,8,0.0233307932386541,8,8,8,8,8,5,activation_whitened,5,8,4.829838337708079,8,3.4030242471557925,4,5,8,4.036687118006705,8,2.2049804110855624,4,5,8,4.829838337708079,8,3.4030242471557925,4,8,20260622_141352_stage4_hard_s101,source_runs/20260622_141352_stage4_hard_s101,hard_knee,101
31,observed_rank_sweep_minimum,observed_best_gap_v1,best_observed_validation_loss_on_tested_rank_grid,base_val_loss_minus_best_observed_val_loss,True,ok,6,6,1;2;4;8;16;32,0.2060637964248203,32,0.0238159593060069,0.0238159593060069,0.1822478371188134,0.1822478371188134,best_observed_validation_loss_on_tested_rank_grid,0.002489953182346,0.2035738432424743,16,0.0274609160483831,16,0.0329283511619475,8,0.0420407430178882,4,0.0602655267297695,2,0.1149398778654136,4,0.0784903104416509,4,0.0602655267297695,8,0.0420407430178882,16,0.0329283511619475,16,16,16,16,8,6,activation_whitened,6,8,5.436990817695051,8,3.200877531353905,4,4,4,3.705532024612154,4,1.7298292105027795,2,6,8,5.436990817695051,8,3.200877531353905,4,8,20260622_141352_stage4_hard_s101,source_runs/20260622_141352_stage4_hard_s101,hard_knee,101
32,observed_rank_sweep_minimum,observed_best_gap_v1,best_observed_validation_loss_on_tested_rank_grid,base_val_loss_minus_best_observed_val_loss,True,ok,6,6,1;2;4;8;16;32,0.4363582110383771,32,0.0092131092669771,0.0092131092669771,0.4271451017713999,0.4271451017713999,best_observed_validation_loss_on_tested_rank_grid,0.0025020773035108,0.4338561337348662,16,0.0177560113024051,8,0.0305703643555471,8,0.0519276194441171,8,0.0946421296212571,2,0.2227856601526771,4,0.1373566397983971,8,0.094642129621257,8,0.0519276194441171,8,0.0305703643555471,16,8,8,8,8,6,activation_whitened,6,8,5.355388284492347,8,2.862332071002887,4,2,2,3.182291072779877,4,1.5330728228015729,2,6,8,5.355388284492347,8,2.862332071002887,4,8,20260622_141352_stage4_hard_s101,source_runs/20260622_141352_stage4_hard_s101,hard_knee,101
33,observed_rank_sweep_minimum,observed_best_gap_v1,best_observed_validation_loss_on_tested_rank_grid,base_val_loss_minus_best_observed_val_loss,True,ok,6,6,1;2;4;8;16;32,0.0881947276760373,32,0.0064776787629051,0.0064776787629051,0.0817170489131322,0.0817170489131322,best_observed_validation_loss_on_tested_rank_grid,0.002472761542185,0.0857219661338523,16,0.0081120197411677,4,0.0105635312085617,2,0.0146493836542183,2,0.0228210885455315,2,0.0473362032194712,2,0.0309927934368447,2,0.0228210885455315,2,0.0146493836542183,4,0.0105635312085617,4,4,4,4,4,2,activation_whitened,2,2,2.2350926218192053,4,1.8547564357638764,2,2,2,2.095558391618575,4,1.5676566298547046,2,2,2,2.2350926218192053,4,1.8547564357638764,2,2,20260622_141352_stage4_hard_s101,source_runs/20260622_141352_stage4_hard_s101,hard_knee,101
34,observed_rank_sweep_minimum,observed_best_gap_v1,best_observed_validation_loss_on_tested_rank_grid,base_val_loss_minus_best_observed_val_loss,True,ok,6,6,1;2;4;8;16;32,0.0797623155154796,32,0.0031114544387091,0.0031114544387091,0.0766508610767705,0.0766508610767705,best_observed_validation_loss_on_tested_rank_grid,0.0025076298820784,0.0772546856334012,1,0.0046444716602445,1,0.0069439974925476,1,0.0107765405463861,1,0.0184416266540632,1,0.0414368849770943,1,0.0261067127617402,1,0.0184416266540631,1,0.0107765405463861,1,0.0069439974925476,1,1,1,1,1,1,activation_whitened,1,1,1.062692140916253,2,1.006102317427988,2,1,1,1.0395405075969903,2,1.0042243545637397,2,1,1,1.062692140916253,2,1.006102317427988,2,1,20260622_141352_stage4_hard_s101,source_runs/20260622_141352_stage4_hard_s101,hard_knee,101
35,observed_rank_sweep_minimum,observed_best_gap_v1,best_observed_validation_loss_on_tested_rank_grid,base_val_loss_minus_best_observed_val_loss,True,ok,6,6,1;2;4;8;16;32,0.2711518067866668,32,0.0262688831500132,0.0262688831500132,0.2448829236366536,0.2448829236366536,best_observed_validation_loss_on_tested_rank_grid,0.0025140897073548,0.268637717079312,32,0.0311665416227462,16,0.0385130293318458,16,0.0507571755136785,8,0.0752454678773439,4,0.1487103449683399,8,0.0997337602410092,8,0.0752454678773439,16,0.0507571755136785,16,0.0385130293318458,32,16,16,16,16,8,activation_whitened,8,8,7.717088905752438,8,4.744144319218827,8,4,4,5.137592564952243,8,2.141908195032781,4,8,8,7.717088905752438,8,4.744144319218827,8,8,20260622_141352_stage4_hard_s101,source_runs/20260622_141352_stage4_hard_s101,hard_knee,101
36,observed_rank_sweep_minimum,observed_best_gap_v1,best_observed_validation_loss_on_tested_rank_grid,base_val_loss_minus_best_observed_val_loss,True,ok,6,6,1;2;4;8;16;32,0.1498596290834545,32,0.0034464054992628,0.0034464054992628,0.1464132235841916,0.1464132235841916,best_observed_validation_loss_on_tested_rank_grid,0.0024878992443536,0.1473717298391008,2,0.0063746699709466,2,0.0107670666784723,2,0.0180877278576819,2,0.0327290502161011,2,0.0766530172913586,2,0.0473703725745203,2,0.0327290502161011,2,0.0180877278576819,2,0.0107670666784724,4,4,4,4,2,2,activation_whitened,2,2,2.0532766308187376,4,1.836189049294379,2,2,2,1.9989267342176884,2,1.7134598810439046,2,2,2,2.0532766308187376,4,1.836189049294379,2,2,20260622_141352_stage4_hard_s101,source_runs/20260622_141352_stage4_hard_s101,hard_knee,101
37,observed_rank_sweep_minimum,observed_best_gap_v1,best_observed_validation_loss_on_tested_rank_grid,base_val_loss_minus_best_observed_val_loss,True,ok,6,6,1;2;4;8;16;32,0.3845090788473397,32,0.0235392269415546,0.0235392269415546,0.3609698519057851,0.3609698519057851,best_observed_validation_loss_on_tested_rank_grid,0.0025042897692493,0.3820047890780904,32,0.0307586239796703,16,0.0415877195368438,8,0.0596362121321331,8,0.0957331973227116,4,0.2040241528944471,4,0.1318301825132901,8,0.0957331973227115,8,0.0596362121321331,16,0.0415877195368438,16,16,16,16,8,7,activation_whitened,7,8,6.270673158471537,8,3.3165416908234,4,3,4,4.196477232708214,8,2.1022415920450648,4,7,8,6.270673158471537,8,3.3165416908234,4,8,20260622_141352_stage4_hard_s101,source_runs/20260622_141352_stage4_hard_s101,hard_knee,101
38,observed_rank_sweep_minimum,observed_best_gap_v1,best_observed_validation_loss_on_tested_rank_grid,base_val_loss_minus_best_observed_val_loss,True,ok,6,6,1;2;4;8;16;32,0.2133790283129568,32,0.004478613057425,0.004478613057425,0.2089004152555318,0.2089004152555318,best_observed_validation_loss_on_tested_rank_grid,0.0025075625668709,0.2108714657460859,4,0.0086566213625356,4,0.0149236338202015,4,0.0253686545829781,4,0.0462586961085313,2,0.1089288206851909,2,0.0671487376340845,4,0.0462586961085313,4,0.0253686545829781,4,0.0149236338202015,8,4,4,4,4,3,activation_whitened,3,4,2.904349424965183,4,2.136065153662616,4,3,4,2.5136373224611126,4,1.6562435223905911,2,3,4,2.904349424965183,4,2.136065153662616,4,4,20260622_141352_stage4_hard_s101,source_runs/20260622_141352_stage4_hard_s101,hard_knee,101
39,observed_rank_sweep_minimum,observed_best_gap_v1,best_observed_validation_loss_on_tested_rank_grid,base_val_loss_minus_best_observed_val_loss,True,ok,6,6,1;2;4;8;16;32,0.1767991855265894,32,0.0079939188098674,0.0079939188098674,0.168805266716722,0.168805266716722,best_observed_validation_loss_on_tested_rank_grid,0.0024833406995201,0.1743158448270693,8,0.0113700241442018,8,0.0164341821457035,4,0.0248744454815396,4,0.0417549721532118,2,0.0923965521682284,2,0.058635498824884,4,0.0417549721532118,4,0.0248744454815396,8,0.0164341821457035,8,8,8,8,8,3,activation_whitened,3,4,2.95434890095131,4,2.177147484583365,4,3,4,2.315015182145619,4,1.4538710765923646,2,3,4,2.95434890095131,4,2.177147484583365,4,4,20260622_141352_stage4_hard_s101,source_runs/20260622_141352_stage4_hard_s101,hard_knee,101
40,observed_rank_sweep_minimum,observed_best_gap_v1,best_observed_validation_loss_on_tested_rank_grid,base_val_loss_minus_best_observed_val_loss,True,ok,6,6,1;2;4;8;16;32,0.2256723253130571,32,0.0036753728431931,0.0036753728431931,0.2219969524698639,0.2219969524698639,best_observed_validation_loss_on_tested_rank_grid,0.0024897036122447,0.2231826217008123,2,0.0081153118925903,2,0.0147752204666863,2,0.0258750680901794,2,0.0480747633371659,1,0.1146738490781251,2,0.0702744585841523,2,0.0480747633371659,2,0.0258750680901795,2,0.0147752204666863,2,2,2,2,2,2,activation_whitened,2,2,1.9468636880690608,2,1.4808543469071698,2,2,2,1.623348039199524,2,1.215379074067512,2,2,2,1.9468636880690608,2,1.4808543469071698,2,2,20260622_141352_stage4_hard_s101,source_runs/20260622_141352_stage4_hard_s101,hard_knee,101
41,observed_rank_sweep_minimum,observed_best_gap_v1,best_observed_validation_loss_on_tested_rank_grid,base_val_loss_minus_best_observed_val_loss,True,ok,6,6,1;2;4;8;16;32,0.3006087708427551,32,0.0230779466489897,0.0230779466489897,0.2775308241937654,0.2775308241937654,best_observed_validation_loss_on_tested_rank_grid,0.0024964795322075,0.2981122913105476,32,0.028628563132865,16,0.0369544878586779,16,0.0508310290683662,8,0.0785841114877427,4,0.1618433587458724,8,0.1063371939071193,8,0.0785841114877427,16,0.0508310290683662,16,0.036954487858678,32,16,16,16,16,8,activation_whitened,8,8,7.553141957147911,8,4.465082389898551,8,6,8,5.990080113436461,8,2.582505388257195,4,8,8,7.553141957147911,8,4.465082389898551,8,8,20260622_141352_stage4_hard_s101,source_runs/20260622_141352_stage4_hard_s101,hard_knee,101
42,observed_rank_sweep_minimum,observed_best_gap_v1,best_observed_validation_loss_on_tested_rank_grid,base_val_loss_minus_best_observed_val_loss,True,ok,6,6,1;2;4;8;16;32,0.2690634799655693,32,0.005081722735137,0.005081722735137,0.2639817572304322,0.2639817572304322,best_observed_validation_loss_on_tested_rank_grid,0.0024977974982195,0.2665656824673498,8,0.0103613578797456,8,0.0182808105966586,4,0.0314798984581802,4,0.0578780741812234,2,0.1370726013503531,4,0.0842762499042667,4,0.0578780741812234,4,0.0314798984581802,8,0.0182808105966586,8,8,8,8,8,4,activation_whitened,4,4,3.885246771289456,4,2.9513795374485463,4,4,4,3.390677929709823,4,2.145872234851752,4,4,4,3.885246771289456,4,2.9513795374485463,4,4,20260622_141352_stage4_hard_s101,source_runs/20260622_141352_stage4_hard_s101,hard_knee,101
43,observed_rank_sweep_minimum,observed_best_gap_v1,best_observed_validation_loss_on_tested_rank_grid,base_val_loss_minus_best_observed_val_loss,True,ok,6,6,1;2;4;8;16;32,0.2177172366797303,32,0.0180130089219685,0.0180130089219685,0.1997042277577618,0.1997042277577618,best_observed_validation_loss_on_tested_rank_grid,0.0025090620711165,0.2152081746086138,32,0.0220070934771237,8,0.0279982203098565,8,0.0379834316977446,4,0.0579538544735208,2,0.1178651228008494,4,0.077924277249297,4,0.0579538544735208,8,0.0379834316977446,8,0.0279982203098566,8,8,8,8,8,5,activation_whitened,5,8,4.730817821356774,8,3.254512684419757,4,4,4,3.802643328904293,4,2.0540376122563857,4,5,8,4.730817821356774,8,3.254512684419757,4,8,20260622_141352_stage4_hard_s101,source_runs/20260622_141352_stage4_hard_s101,hard_knee,101
44,observed_rank_sweep_minimum,observed_best_gap_v1,best_observed_validation_loss_on_tested_rank_grid,base_val_loss_minus_best_observed_val_loss,True,ok,6,6,1;2;4;8;16;32,0.1509170602012294,32,0.0271302573523496,0.0271302573523496,0.1237868028488798,0.1237868028488798,best_observed_validation_loss_on_tested_rank_grid,0.0025032594275485,0.1484138007736809,32,0.0296059934093271,32,0.0333195974947935,8,0.0395089376372375,8,0.0518876179221255,2,0.0890236587767895,4,0.0642662982070135,8,0.0518876179221255,8,0.0395089376372375,32,0.0333195974947936,32,32,8,8,8,7,activation_whitened,7,8,5.815104370445225,8,3.433929946617233,4,5,8,5.1074660295649785,8,2.7050043284292795,4,7,8,5.815104370445225,8,3.433929946617233,4,8,20260622_141352_stage4_hard_s101,source_runs/20260622_141352_stage4_hard_s101,hard_knee,101
45,observed_rank_sweep_minimum,observed_best_gap_v1,best_observed_validation_loss_on_tested_rank_grid,base_val_loss_minus_best_observed_val_loss,True,ok,6,6,1;2;4;8;16;32,0.1798942600768415,32,0.0401971766879785,0.0401971766879785,0.139697083388863,0.139697083388863,best_observed_validation_loss_on_tested_rank_grid,0.0025061223682749,0.1773881377085666,32,0.0429911183557557,32,0.0471820308574216,16,0.0541668850268648,8,0.0681365933657511,2,0.11004571838241,4,0.0821063017046374,8,0.0681365933657511,16,0.0541668850268648,32,0.0471820308574216,32,32,16,16,16,8,activation_whitened,8,8,6.789868072757558,8,3.821848895070985,4,3,4,4.370897416779618,8,1.961602418235116,2,8,8,6.789868072757558,8,3.821848895070985,4,8,20260622_141352_stage4_hard_s101,source_runs/20260622_141352_stage4_hard_s101,hard_knee,101
46,observed_rank_sweep_minimum,observed_best_gap_v1,best_observed_validation_loss_on_tested_rank_grid,base_val_loss_minus_best_observed_val_loss,True,ok,6,6,1;2;4;8;16;32,0.0539161107587091,32,0.0038831721610646,0.0038831721610646,0.0500329385976445,0.0500329385976445,best_observed_validation_loss_on_tested_rank_grid,0.0025171198558444,0.0513989909028647,2,0.0048838309330174,1,0.0063848190909468,1,0.008886466020829,1,0.0138897598805935,1,0.0288996414598868,1,0.0188930537403579,1,0.0138897598805934,1,0.008886466020829,1,0.0063848190909468,2,2,2,2,2,1,activation_whitened,1,1,1.1687290154663834,2,1.0199508394481702,2,1,1,1.1554496918660142,2,1.022181706193615,2,1,1,1.1687290154663834,2,1.0199508394481702,2,1,20260622_141352_stage4_hard_s101,source_runs/20260622_141352_stage4_hard_s101,hard_knee,101
47,observed_rank_sweep_minimum,observed_best_gap_v1,best_observed_validation_loss_on_tested_rank_grid,base_val_loss_minus_best_observed_val_loss,True,ok,6,6,1;2;4;8;16;32,0.1271558508673674,32,0.0087749722713925,0.0087749722713925,0.1183808785959748,0.1183808785959748,best_observed_validation_loss_on_tested_rank_grid,0.0025066166841973,0.12464923418317,8,0.0111425898433119,8,0.0146940162011912,4,0.0206130601309899,4,0.0324511479905874,2,0.0679654115693799,2,0.0442892358501849,4,0.0324511479905874,4,0.0206130601309899,8,0.0146940162011912,8,8,8,8,8,3,activation_whitened,3,4,3.1276879461071663,4,2.4603209467266303,4,3,4,2.707261139594887,4,1.8275830964857755,2,3,4,3.1276879461071663,4,2.4603209467266303,4,4,20260622_141352_stage4_hard_s101,source_runs/20260622_141352_stage4_hard_s101,hard_knee,101
0,observed_rank_sweep_minimum,observed_best_gap_v1,best_observed_validation_loss_on_tested_rank_grid,base_val_loss_minus_best_observed_val_loss,True,ok,6,6,1;2;4;8;16;32,0.2211559256014216,32,0.0140305270175212,0.0140305270175212,0.2071253985839004,0.2071253985839004,best_observed_validation_loss_on_tested_rank_grid,0.0025075513462517,0.2186483742551699,16,0.0181730349891992,8,0.0243867969467162,8,0.0347430668759112,4,0.0554556067343012,2,0.1175932263094714,4,0.0761681465926913,4,0.0554556067343012,8,0.0347430668759112,8,0.0243867969467162,16,16,8,8,8,5,activation_whitened,5,8,4.781148764788649,8,3.002164153392884,4,4,4,3.606686179359539,4,2.0257766559312564,4,5,8,4.781148764788649,8,3.002164153392884,4,8,20260622_141700_stage4_hard_s103,source_runs/20260622_141700_stage4_hard_s103,hard_knee,103
1,observed_rank_sweep_minimum,observed_best_gap_v1,best_observed_validation_loss_on_tested_rank_grid,base_val_loss_minus_best_observed_val_loss,True,ok,6,6,1;2;4;8;16;32,0.1543244389025626,32,0.0079980765908572,0.0079980765908572,0.1463263623117054,0.1463263623117054,best_observed_validation_loss_on_tested_rank_grid,0.0025110520335218,0.1518133868690407,8,0.0109246038370913,8,0.0153143947064424,4,0.0226307128220277,4,0.0372633490531982,1,0.0811612577467098,2,0.0518959852843688,4,0.0372633490531982,4,0.0226307128220277,8,0.0153143947064424,8,8,8,8,8,3,activation_whitened,3,4,2.8504748960420665,4,1.9703957607902605,2,3,4,2.451345441965809,4,1.552824877506996,2,3,4,2.8504748960420665,4,1.9703957607902605,2,4,20260622_141700_stage4_hard_s103,source_runs/20260622_141700_stage4_hard_s103,hard_knee,103
2,observed_rank_sweep_minimum,observed_best_gap_v1,best_observed_validation_loss_on_tested_rank_grid,base_val_loss_minus_best_observed_val_loss,True,ok,6,6,1;2;4;8;16;32,0.1934988706788798,32,0.0047817247605977,0.0047817247605977,0.1887171459182821,0.1887171459182821,best_observed_validation_loss_on_tested_rank_grid,0.0025024813139531,0.1909963893649267,8,0.0085560676789633,4,0.0142175820565118,4,0.0236534393524259,4,0.0425251539442541,2,0.0991402977197387,2,0.0613968685360823,4,0.0425251539442541,4,0.0236534393524259,4,0.0142175820565118,8,8,4,4,4,3,activation_whitened,3,4,2.969101019557029,4,2.317837668286655,4,3,4,2.30236948145136,4,1.469259326933636,2,3,4,2.969101019557029,4,2.317837668286655,4,4,20260622_141700_stage4_hard_s103,source_runs/20260622_141700_stage4_hard_s103,hard_knee,103
3,observed_rank_sweep_minimum,observed_best_gap_v1,best_observed_validation_loss_on_tested_rank_grid,base_val_loss_minus_best_observed_val_loss,True,ok,6,6,1;2;4;8;16;32,0.0887118831095658,32,0.0051739851439612,0.0051739851439612,0.0835378979656046,0.0835378979656046,best_observed_validation_loss_on_tested_rank_grid,0.0025212928819079,0.0861905902276579,16,0.0068447431032732,8,0.0093508800422414,2,0.0135277749405216,2,0.0218815647370821,1,0.0469429341267635,2,0.0302353545336425,2,0.0218815647370821,2,0.0135277749405216,8,0.0093508800422414,16,16,2,2,2,2,activation_whitened,2,2,2.012451472588387,4,1.5785646249381924,2,2,2,1.7764704198763568,2,1.322569018576324,2,2,2,2.012451472588387,4,1.5785646249381924,2,2,20260622_141700_stage4_hard_s103,source_runs/20260622_141700_stage4_hard_s103,hard_knee,103
4,observed_rank_sweep_minimum,observed_best_gap_v1,best_observed_validation_loss_on_tested_rank_grid,base_val_loss_minus_best_observed_val_loss,True,ok,6,6,1;2;4;8;16;32,0.2186643869393063,32,0.0162284696829908,0.0162284696829908,0.2024359172563155,0.2024359172563155,best_observed_validation_loss_on_tested_rank_grid,0.0024984825807603,0.216165904358546,32,0.0202771880281171,16,0.0263502655458065,8,0.0364720614086223,8,0.0567156531342539,2,0.1174464283111485,4,0.0769592448598854,8,0.0567156531342538,8,0.0364720614086223,16,0.0263502655458065,16,16,16,8,8,5,activation_whitened,5,8,4.749888511538213,8,3.457876028185006,4,4,4,3.774754657095551,4,2.494302167447312,4,5,8,4.749888511538213,8,3.457876028185006,4,8,20260622_141700_stage4_hard_s103,source_runs/20260622_141700_stage4_hard_s103,hard_knee,103
5,observed_rank_sweep_minimum,observed_best_gap_v1,best_observed_validation_loss_on_tested_rank_grid,base_val_loss_minus_best_observed_val_loss,True,ok,6,6,1;2;4;8;16;32,0.1820558166017525,32,0.0141723396203773,0.0141723396203773,0.1678834769813751,0.1678834769813751,best_observed_validation_loss_on_tested_rank_grid,0.0024995429663304,0.1795562736354221,32,0.0175300091600048,16,0.022566513469446,16,0.0309606873185148,8,0.0477490350166523,2,0.0981140781110649,4,0.0645373827147898,8,0.0477490350166523,16,0.0309606873185148,16,0.022566513469446,32,16,16,16,8,5,activation_whitened,5,8,4.956503740856314,8,3.699208977644217,4,5,8,3.68021772314137,4,1.852144333260879,2,5,8,4.956503740856314,8,3.699208977644217,4,8,20260622_141700_stage4_hard_s103,source_runs/20260622_141700_stage4_hard_s103,hard_knee,103
6,observed_rank_sweep_minimum,observed_best_gap_v1,best_observed_validation_loss_on_tested_rank_grid,base_val_loss_minus_best_observed_val_loss,True,ok,6,6,1;2;4;8;16;32,0.3286354165013797,32,0.0050743574280242,0.0050743574280242,0.3235610590733555,0.3235610590733555,best_observed_validation_loss_on_tested_rank_grid,0.0024828939625208,0.3261525225388588,8,0.0115455786094913,4,0.0212524103816919,4,0.0374304633353597,4,0.0697865692426953,2,0.1668548869647019,4,0.1021426751500308,4,0.0697865692426952,4,0.0374304633353597,4,0.021252410381692,8,8,8,4,4,4,activation_whitened,4,4,3.769178449714663,4,2.540202102495849,4,4,4,3.0861264626548,4,1.730359296414855,2,4,4,3.769178449714663,4,2.540202102495849,4,4,20260622_141700_stage4_hard_s103,source_runs/20260622_141700_stage4_hard_s103,hard_knee,103
7,observed_rank_sweep_minimum,observed_best_gap_v1,best_observed_validation_loss_on_tested_rank_grid,base_val_loss_minus_best_observed_val_loss,True,ok,6,6,1;2;4;8;16;32,0.3254856112534666,32,0.0193707312421905,0.0193707312421905,0.306114880011276,0.306114880011276,best_observed_validation_loss_on_tested_rank_grid,0.0024909953572388,0.3229946158962278,16,0.025493028842416,8,0.0346764752427543,4,0.0499822192433181,4,0.0805937072444457,2,0.1724281712478285,4,0.1112051952455733,4,0.0805937072444457,4,0.0499822192433181,8,0.0346764752427543,8,8,8,8,8,6,activation_whitened,5,8,4.692372276592778,8,2.836669109571321,4,2,2,3.328605423728765,4,1.91747520926637,2,5,8,4.692372276592778,8,2.836669109571321,4,8,20260622_141700_stage4_hard_s103,source_runs/20260622_141700_stage4_hard_s103,hard_knee,103
8,observed_rank_sweep_minimum,observed_best_gap_v1,best_observed_validation_loss_on_tested_rank_grid,base_val_loss_minus_best_observed_val_loss,True,ok,6,6,1;2;4;8;16;32,0.2737580251441507,32,0.014396489676486,0.014396489676486,0.2593615354676647,0.2593615354676647,best_observed_validation_loss_on_tested_rank_grid,0.0025015768647442,0.2712564482794065,32,0.0195837203858392,16,0.0273645664498692,8,0.0403326432232524,4,0.0662687967700189,2,0.1440772574103183,4,0.0922049503167854,4,0.0662687967700189,8,0.0403326432232524,16,0.0273645664498692,16,16,16,16,8,5,activation_whitened,5,8,4.671690358624681,8,2.96725881621394,4,3,4,3.1790613518246005,4,1.6974908827878192,2,5,8,4.671690358624681,8,2.96725881621394,4,8,20260622_141700_stage4_hard_s103,source_runs/20260622_141700_stage4_hard_s103,hard_knee,103
9,observed_rank_sweep_minimum,observed_best_gap_v1,best_observed_validation_loss_on_tested_rank_grid,base_val_loss_minus_best_observed_val_loss,True,ok,6,6,1;2;4;8;16;32,0.0467526617167385,32,0.0041509923951884,0.0041509923951884,0.0426016693215501,0.0426016693215501,best_observed_validation_loss_on_tested_rank_grid,0.0025006165625676,0.0442520451541709,8,0.0050030257816194,1,0.0062810758612659,1,0.0084111593273434,1,0.0126713262594984,1,0.0254518270559634,1,0.0169314931916534,1,0.0126713262594984,1,0.0084111593273434,1,0.0062810758612659,1,1,1,1,1,1,activation_whitened,1,1,1.1659267978980654,2,1.0185725994660553,2,1,1,1.1312076661451935,2,1.0166463356961764,2,1,1,1.1659267978980654,2,1.0185725994660553,2,1,20260622_141700_stage4_hard_s103,source_runs/20260622_141700_stage4_hard_s103,hard_knee,103
10,observed_rank_sweep_minimum,observed_best_gap_v1,best_observed_validation_loss_on_tested_rank_grid,base_val_loss_minus_best_observed_val_loss,True,ok,6,6,1;2;4;8;16;32,0.1953401684496197,32,0.004511522212659,0.004511522212659,0.1908286462369607,0.1908286462369607,best_observed_validation_loss_on_tested_rank_grid,0.0024761053532901,0.1928640630963296,4,0.0083280951373982,4,0.014052954524507,4,0.023594386836355,4,0.0426772514600511,2,0.0999258453311393,2,0.0617601160837472,4,0.0426772514600511,4,0.023594386836355,4,0.014052954524507,8,4,4,4,4,3,activation_whitened,3,4,2.958498240504797,4,2.1899389966167693,4,3,4,2.479446561450153,4,1.5607498292876194,2,3,4,2.958498240504797,4,2.1899389966167693,4,4,20260622_141700_stage4_hard_s103,source_runs/20260622_141700_stage4_hard_s103,hard_knee,103
11,observed_rank_sweep_minimum,observed_best_gap_v1,best_observed_validation_loss_on_tested_rank_grid,base_val_loss_minus_best_observed_val_loss,True,ok,6,6,1;2;4;8;16;32,0.3837249577936307,32,0.0108560998499243,0.0108560998499243,0.3728688579437064,0.3728688579437064,best_observed_validation_loss_on_tested_rank_grid,0.0025102956692576,0.3812146621243731,16,0.0183134770087984,8,0.0294995427471096,8,0.0481429856442949,4,0.0854298714386655,2,0.1972905288217775,4,0.1227167572330362,4,0.0854298714386656,8,0.0481429856442949,8,0.0294995427471096,8,8,8,8,8,6,activation_whitened,6,8,5.231101229213595,8,3.019159923501801,4,4,4,3.867929418839784,4,1.881475329522741,2,6,8,5.231101229213595,8,3.019159923501801,4,8,20260622_141700_stage4_hard_s103,source_runs/20260622_141700_stage4_hard_s103,hard_knee,103
12,observed_rank_sweep_minimum,observed_best_gap_v1,best_observed_validation_loss_on_tested_rank_grid,base_val_loss_minus_best_observed_val_loss,True,ok,6,6,1;2;4;8;16;32,0.224755707672492,32,0.0201953299866043,0.0201953299866043,0.2045603776858877,0.2045603776858877,best_observed_validation_loss_on_tested_rank_grid,0.0025064950346392,0.2222492126378528,32,0.024286537540322,8,0.0304233488708986,8,0.040651367755193,4,0.0611074055237818,2,0.1224755188295481,4,0.0815634432923706,4,0.0611074055237818,8,0.040651367755193,8,0.0304233488708987,32,8,8,8,8,5,activation_whitened,5,8,4.586881622469559,8,2.8262559811484524,4,4,4,3.726389489354307,4,2.4045498548399284,4,5,8,4.586881622469559,8,2.8262559811484524,4,8,20260622_141700_stage4_hard_s103,source_runs/20260622_141700_stage4_hard_s103,hard_knee,103
13,observed_rank_sweep_minimum,observed_best_gap_v1,best_observed_validation_loss_on_tested_rank_grid,base_val_loss_minus_best_observed_val_loss,True,ok,6,6,1;2;4;8;16;32,0.0754169205607162,32,0.0049674591608877,0.0049674591608877,0.0704494613998285,0.0704494613998285,best_observed_validation_loss_on_tested_rank_grid,0.0025044641900235,0.0729124563706927,8,0.0063764483888842,4,0.0084899322308791,4,0.0120124053008705,2,0.0190573514408534,1,0.0401921898608019,2,0.0261022975808362,2,0.0190573514408533,4,0.0120124053008705,4,0.0084899322308791,4,4,4,4,4,2,activation_whitened,2,2,2.0972024205066155,4,1.928614618090445,2,2,2,1.97123669507157,2,1.5809642375013837,2,2,2,2.0972024205066155,4,1.928614618090445,2,2,20260622_141700_stage4_hard_s103,source_runs/20260622_141700_stage4_hard_s103,hard_knee,103
14,observed_rank_sweep_minimum,observed_best_gap_v1,best_observed_validation_loss_on_tested_rank_grid,base_val_loss_minus_best_observed_val_loss,True,ok,6,6,1;2;4;8;16;32,0.177196067907051,32,0.0072811031492054,0.0072811031492054,0.1699149647578456,0.1699149647578456,best_observed_validation_loss_on_tested_rank_grid,0.0025006804152016,0.1746953874918494,16,0.0106794024443623,4,0.0157768513870976,4,0.0242725996249899,2,0.0412640961007745,1,0.0922385855281282,2,0.0582555925765591,2,0.0412640961007745,4,0.0242725996249899,4,0.0157768513870976,8,4,4,4,4,3,activation_whitened,3,4,2.7729586589445776,4,1.8958831774801408,2,2,2,2.2295287122668035,4,1.566090383282792,2,3,4,2.7729586589445776,4,1.8958831774801408,2,4,20260622_141700_stage4_hard_s103,source_runs/20260622_141700_stage4_hard_s103,hard_knee,103
15,observed_rank_sweep_minimum,observed_best_gap_v1,best_observed_validation_loss_on_tested_rank_grid,base_val_loss_minus_best_observed_val_loss,True,ok,6,6,1;2;4;8;16;32,0.21902063402916,32,0.0284413313023121,0.0284413313023121,0.1905793027268479,0.1905793027268479,best_observed_validation_loss_on_tested_rank_grid,0.0025232970163433,0.2164973370128167,32,0.032252917356849,16,0.0379702964386544,16,0.0474992615749968,8,0.0665571918476816,2,0.123730982665736,8,0.0856151221203664,8,0.0665571918476816,16,0.0474992615749969,16,0.0379702964386545,16,16,16,16,16,7,activation_whitened,7,8,6.449793331063431,8,3.8032368107811454,4,3,4,4.582607931155227,8,2.1326041675289544,4,7,8,6.449793331063431,8,3.8032368107811454,4,8,20260622_141700_stage4_hard_s103,source_runs/20260622_141700_stage4_hard_s103,hard_knee,103
16,observed_rank_sweep_minimum,observed_best_gap_v1,best_observed_validation_loss_on_tested_rank_grid,base_val_loss_minus_best_observed_val_loss,True,ok,6,6,1;2;4;8;16;32,0.2212327595266078,32,0.0051192846111755,0.0051192846111755,0.2161134749154322,0.2161134749154322,best_observed_validation_loss_on_tested_rank_grid,0.0025123284547375,0.2187204310718702,8,0.0094415541094841,8,0.0159249583569471,4,0.0267306321027187,4,0.0483419795942619,2,0.1131760220688916,2,0.0699533270858052,4,0.0483419795942619,4,0.0267306321027187,8,0.0159249583569471,8,8,8,8,8,3,activation_whitened,3,4,3.044776973875097,4,2.44911824301638,4,3,4,2.749892953732494,4,1.8782224103264813,2,3,4,3.044776973875097,4,2.44911824301638,4,4,20260622_141700_stage4_hard_s103,source_runs/20260622_141700_stage4_hard_s103,hard_knee,103
17,observed_rank_sweep_minimum,observed_best_gap_v1,best_observed_validation_loss_on_tested_rank_grid,base_val_loss_minus_best_observed_val_loss,True,ok,6,6,1;2;4;8;16;32,0.2027423504263324,32,0.0239527129759411,0.0239527129759411,0.1787896374503913,0.1787896374503913,best_observed_validation_loss_on_tested_rank_grid,0.0025163696646961,0.2002259807616363,32,0.0275285057249489,16,0.0328921948484606,8,0.0418316767209802,4,0.0597106404660193,2,0.1133475317011367,4,0.0775896042110584,4,0.0597106404660193,8,0.0418316767209802,16,0.0328921948484606,32,16,16,8,8,6,activation_whitened,6,8,5.404830237612154,8,3.1845985307971856,4,4,4,4.622415102786939,8,2.7056260091199182,4,6,8,5.404830237612154,8,3.1845985307971856,4,8,20260622_141700_stage4_hard_s103,source_runs/20260622_141700_stage4_hard_s103,hard_knee,103
18,observed_rank_sweep_minimum,observed_best_gap_v1,best_observed_validation_loss_on_tested_rank_grid,base_val_loss_minus_best_observed_val_loss,True,ok,6,6,1;2;4;8;16;32,0.273236189530603,32,0.0071365088309442,0.0071365088309442,0.2660996806996588,0.2660996806996588,best_observed_validation_loss_on_tested_rank_grid,0.0025025618480491,0.2707336276825539,8,0.0124585024449373,8,0.0204414928659271,4,0.03374647690091,4,0.0603564449708759,2,0.1401863491807736,4,0.0869664130408418,4,0.0603564449708759,4,0.03374647690091,8,0.0204414928659271,8,8,8,8,8,4,activation_whitened,4,4,3.870947157797161,4,2.732452707128229,4,4,4,3.0087211123165503,4,1.7420918817143585,2,4,4,3.870947157797161,4,2.732452707128229,4,4,20260622_141700_stage4_hard_s103,source_runs/20260622_141700_stage4_hard_s103,hard_knee,103
19,observed_rank_sweep_minimum,observed_best_gap_v1,best_observed_validation_loss_on_tested_rank_grid,base_val_loss_minus_best_observed_val_loss,True,ok,6,6,1;2;4;8;16;32,0.0911738283104018,32,0.0201373637694755,0.0201373637694755,0.0710364645409263,0.0710364645409263,best_observed_validation_loss_on_tested_rank_grid,0.0024850113683722,0.0886888169420296,32,0.021558093060294,16,0.0236891869965218,16,0.0272410102235681,8,0.0343446566776607,1,0.0556555960399386,8,0.0414483031317533,8,0.0343446566776607,16,0.0272410102235681,16,0.0236891869965218,32,16,16,16,16,3,activation_whitened,3,4,3.0143565276367923,4,1.9766853770761803,2,3,4,2.56442125881874,4,1.5002841085079162,2,3,4,3.0143565276367923,4,1.9766853770761803,2,4,20260622_141700_stage4_hard_s103,source_runs/20260622_141700_stage4_hard_s103,hard_knee,103
20,observed_rank_sweep_minimum,observed_best_gap_v1,best_observed_validation_loss_on_tested_rank_grid,base_val_loss_minus_best_observed_val_loss,True,ok,6,6,1;2;4;8;16;32,0.2270274457933075,32,0.0247336494555751,0.0247336494555751,0.2022937963377324,0.2022937963377324,best_observed_validation_loss_on_tested_rank_grid,0.002487432216802,0.2245400135765055,16,0.0287795253823297,16,0.0348483392724617,8,0.0449630290893483,4,0.0651924087231215,2,0.1258805476244412,4,0.0854217883568948,4,0.0651924087231215,8,0.0449630290893483,16,0.0348483392724617,16,16,16,16,8,6,activation_whitened,6,8,5.227529806536628,8,2.992381785669409,4,5,8,4.298837280365275,8,2.209072697401604,4,6,8,5.227529806536628,8,2.992381785669409,4,8,20260622_141700_stage4_hard_s103,source_runs/20260622_141700_stage4_hard_s103,hard_knee,103
21,observed_rank_sweep_minimum,observed_best_gap_v1,best_observed_validation_loss_on_tested_rank_grid,base_val_loss_minus_best_observed_val_loss,True,ok,6,6,1;2;4;8;16;32,0.1602648503155391,32,0.022703532936764,0.022703532936764,0.1375613173787751,0.1375613173787751,best_observed_validation_loss_on_tested_rank_grid,0.0024820306122772,0.1577828197032619,32,0.0254547592843395,32,0.0295815988057027,16,0.0364596646746415,4,0.050215796412519,2,0.0914841916261515,4,0.0639719281503965,4,0.050215796412519,16,0.0364596646746415,32,0.0295815988057027,32,32,16,16,8,6,activation_whitened,6,8,5.162843286714135,8,2.881929567832143,4,5,8,4.62900999159894,8,2.475766988806029,4,6,8,5.162843286714135,8,2.881929567832143,4,8,20260622_141700_stage4_hard_s103,source_runs/20260622_141700_stage4_hard_s103,hard_knee,103
22,observed_rank_sweep_minimum,observed_best_gap_v1,best_observed_validation_loss_on_tested_rank_grid,base_val_loss_minus_best_observed_val_loss,True,ok,6,6,1;2;4;8;16;32,0.266385526301184,32,0.0095262805017044,0.0095262805017044,0.2568592457994796,0.2568592457994796,best_observed_validation_loss_on_tested_rank_grid,0.0024987061914303,0.2638868201097537,16,0.0146634654176939,8,0.0223692427916783,8,0.0352122050816523,4,0.0608981296616003,4,0.1379559034014442,4,0.0865840542415483,4,0.0608981296616003,8,0.0352122050816523,8,0.0223692427916784,16,16,8,8,8,5,activation_whitened,5,8,4.913423331354129,8,3.697269282609788,4,5,8,4.3490561457632175,8,2.7020913115156704,4,5,8,4.913423331354129,8,3.697269282609788,4,8,20260622_141700_stage4_hard_s103,source_runs/20260622_141700_stage4_hard_s103,hard_knee,103
23,observed_rank_sweep_minimum,observed_best_gap_v1,best_observed_validation_loss_on_tested_rank_grid,base_val_loss_minus_best_observed_val_loss,True,ok,6,6,1;2;4;8;16;32,0.053840480422386,32,0.0035415365699648,0.0035415365699648,0.0502989438524211,0.0502989438524211,best_observed_validation_loss_on_tested_rank_grid,0.0025001200186005,0.0513403604037855,4,0.0045475154470132,2,0.0060564837625858,1,0.0085714309552069,1,0.013601325340449,1,0.0286910084961754,1,0.0186312197256911,1,0.013601325340449,1,0.0085714309552069,2,0.0060564837625858,8,4,4,4,4,1,activation_whitened,1,1,1.082960215437735,2,1.0080598708388278,2,1,1,1.043496622104834,2,1.0043700946915477,2,1,1,1.082960215437735,2,1.0080598708388278,2,1,20260622_141700_stage4_hard_s103,source_runs/20260622_141700_stage4_hard_s103,hard_knee,103
24,observed_rank_sweep_minimum,observed_best_gap_v1,best_observed_validation_loss_on_tested_rank_grid,base_val_loss_minus_best_observed_val_loss,True,ok,6,6,1;2;4;8;16;32,0.3461410600791392,32,0.0290567720822334,0.0290567720822334,0.3170842879969058,0.3170842879969058,best_observed_validation_loss_on_tested_rank_grid,0.0024970287556204,0.3436440313235188,32,0.0353984578421715,16,0.0449109864820786,16,0.0607652008819239,8,0.0924736296816145,4,0.1875989160806863,8,0.1241820584813051,8,0.0924736296816145,16,0.0607652008819239,16,0.0449109864820786,32,16,16,16,16,8,activation_whitened,8,8,7.650628884306975,8,5.164627200955456,8,6,8,5.689604851307492,8,2.589460789088432,4,8,8,7.650628884306975,8,5.164627200955456,8,8,20260622_141700_stage4_hard_s103,source_runs/20260622_141700_stage4_hard_s103,hard_knee,103
25,observed_rank_sweep_minimum,observed_best_gap_v1,best_observed_validation_loss_on_tested_rank_grid,base_val_loss_minus_best_observed_val_loss,True,ok,6,6,1;2;4;8;16;32,0.2526402914625458,32,0.0070609243099006,0.0070609243099006,0.2455793671526452,0.2455793671526452,best_observed_validation_loss_on_tested_rank_grid,0.0025062962205377,0.2501339952420081,16,0.0119725116529535,16,0.0193398926675328,8,0.0316188610251651,4,0.0561767977404296,2,0.1298506078862232,4,0.0807347344556941,4,0.0561767977404296,8,0.0316188610251651,16,0.0193398926675328,16,16,16,8,8,4,activation_whitened,4,4,3.94215780218858,4,2.8055896629100205,4,4,4,2.910836571711302,4,1.638446246184087,2,4,4,3.94215780218858,4,2.8055896629100205,4,4,20260622_141700_stage4_hard_s103,source_runs/20260622_141700_stage4_hard_s103,hard_knee,103
26,observed_rank_sweep_minimum,observed_best_gap_v1,best_observed_validation_loss_on_tested_rank_grid,base_val_loss_minus_best_observed_val_loss,True,ok,6,6,1;2;4;8;16;32,0.1436298403004959,32,0.0046402093441616,0.0046402093441616,0.1389896309563343,0.1389896309563343,best_observed_validation_loss_on_tested_rank_grid,0.0025016094249943,0.1411282308755015,2,0.0074200019632882,2,0.0115896908919783,2,0.018539172439795,2,0.0324381355354284,1,0.0741350248223287,2,0.0463370986310618,2,0.0324381355354284,2,0.018539172439795,2,0.0115896908919783,2,2,2,2,2,2,activation_whitened,2,2,2.157859496348204,4,1.8054925803091664,2,2,2,2.0301087078374414,4,1.595457977740768,2,2,2,2.157859496348204,4,1.8054925803091664,2,2,20260622_141700_stage4_hard_s103,source_runs/20260622_141700_stage4_hard_s103,hard_knee,103
27,observed_rank_sweep_minimum,observed_best_gap_v1,best_observed_validation_loss_on_tested_rank_grid,base_val_loss_minus_best_observed_val_loss,True,ok,6,6,1;2;4;8;16;32,0.3227764696439457,32,0.0365614685528824,0.0365614685528824,0.2862150010910633,0.2862150010910633,best_observed_validation_loss_on_tested_rank_grid,0.0024889492214544,0.3202875204224913,32,0.0422857685747036,16,0.0508722186074355,8,0.0651829686619887,4,0.093804468771095,2,0.179668969098414,4,0.1224259688802013,4,0.093804468771095,8,0.0651829686619887,16,0.0508722186074355,32,16,8,8,8,8,activation_whitened,7,8,6.073010660654978,8,3.062539255686912,4,4,4,5.153641436779997,8,2.540314001965577,4,7,8,6.073010660654978,8,3.062539255686912,4,8,20260622_141700_stage4_hard_s103,source_runs/20260622_141700_stage4_hard_s103,hard_knee,103
28,observed_rank_sweep_minimum,observed_best_gap_v1,best_observed_validation_loss_on_tested_rank_grid,base_val_loss_minus_best_observed_val_loss,True,ok,6,6,1;2;4;8;16;32,0.0786446855728725,32,0.0036456191217274,0.0036456191217274,0.0749990664511451,0.0749990664511451,best_observed_validation_loss_on_tested_rank_grid,0.0025058471557597,0.0761388384171128,1,0.0051456004507503,1,0.0073955724442846,1,0.0111455257668419,1,0.0186454324119564,1,0.0411451523472999,1,0.0261453390570709,1,0.0186454324119564,1,0.0111455257668418,1,0.0073955724442846,1,1,1,1,1,1,activation_whitened,1,1,1.1257638731696658,2,1.0145347622006788,2,1,1,1.1184511463919755,2,1.01589301528779,2,1,1,1.1257638731696658,2,1.0145347622006788,2,1,20260622_141700_stage4_hard_s103,source_runs/20260622_141700_stage4_hard_s103,hard_knee,103
29,observed_rank_sweep_minimum,observed_best_gap_v1,best_observed_validation_loss_on_tested_rank_grid,base_val_loss_minus_best_observed_val_loss,True,ok,6,6,1;2;4;8;16;32,0.4279386465094753,32,0.0172083598984538,0.0172083598984538,0.4107302866110214,0.4107302866110214,best_observed_validation_loss_on_tested_rank_grid,0.0024917881853361,0.4254468583241392,16,0.0254229656306742,16,0.0377448742290048,8,0.0582813885595559,8,0.0993544172206581,2,0.2225735032039645,4,0.1404274458817602,8,0.099354417220658,8,0.0582813885595559,16,0.0377448742290049,16,16,16,8,8,7,activation_whitened,7,8,5.411748776585156,8,2.410220012799585,4,1,1,2.3994840015437395,4,1.266633680190484,2,7,8,5.411748776585156,8,2.410220012799585,4,8,20260622_141700_stage4_hard_s103,source_runs/20260622_141700_stage4_hard_s103,hard_knee,103
30,observed_rank_sweep_minimum,observed_best_gap_v1,best_observed_validation_loss_on_tested_rank_grid,base_val_loss_minus_best_observed_val_loss,True,ok,6,6,1;2;4;8;16;32,0.2906465717534451,32,0.0083051193611468,0.0083051193611468,0.2823414523922983,0.2823414523922983,best_observed_validation_loss_on_tested_rank_grid,0.0025057906845071,0.288140781068938,16,0.0139519484089927,8,0.0224221919807617,8,0.0365392646003766,4,0.0647734098396064,4,0.1494758455572959,4,0.0930075550788363,4,0.0647734098396064,8,0.0365392646003766,8,0.0224221919807617,16,8,8,8,8,5,activation_whitened,5,8,4.931724512956025,8,3.685406915778912,4,5,8,4.00648506942751,8,2.083105238969122,4,5,8,4.931724512956025,8,3.685406915778912,4,8,20260622_141700_stage4_hard_s103,source_runs/20260622_141700_stage4_hard_s103,hard_knee,103
31,observed_rank_sweep_minimum,observed_best_gap_v1,best_observed_validation_loss_on_tested_rank_grid,base_val_loss_minus_best_observed_val_loss,True,ok,6,6,1;2;4;8;16;32,0.154065604818182,32,0.010493306056107,0.010493306056107,0.143572298762075,0.143572298762075,best_observed_validation_loss_on_tested_rank_grid,0.0025063699825117,0.1515592348356703,32,0.0133647520313485,8,0.0176719209942107,8,0.0248505359323145,4,0.039207765808522,2,0.0822794554371444,4,0.0535649956847295,4,0.0392077658085219,8,0.0248505359323144,8,0.0176719209942107,8,8,8,8,8,4,activation_whitened,4,4,3.74121016252697,4,2.4527544700730104,4,3,4,2.6381542030983405,4,1.4873370350753128,2,4,4,3.74121016252697,4,2.4527544700730104,4,4,20260622_141700_stage4_hard_s103,source_runs/20260622_141700_stage4_hard_s103,hard_knee,103
32,observed_rank_sweep_minimum,observed_best_gap_v1,best_observed_validation_loss_on_tested_rank_grid,base_val_loss_minus_best_observed_val_loss,True,ok,6,6,1;2;4;8;16;32,0.1232557920183615,32,0.0068152128718095,0.0068152128718095,0.116440579146552,0.116440579146552,best_observed_validation_loss_on_tested_rank_grid,0.0024988437422678,0.1207569482760936,8,0.0091440244547405,4,0.0126372418291371,4,0.0184592707864647,4,0.0301033287011199,2,0.0650355024450854,2,0.0417473866157751,4,0.0301033287011198,4,0.0184592707864647,4,0.0126372418291371,8,8,8,8,4,3,activation_whitened,3,4,3.0324609955556485,4,2.336194822893761,4,3,4,2.548304264521257,4,1.6830526236720786,2,3,4,3.0324609955556485,4,2.336194822893761,4,4,20260622_141700_stage4_hard_s103,source_runs/20260622_141700_stage4_hard_s103,hard_knee,103
33,observed_rank_sweep_minimum,observed_best_gap_v1,best_observed_validation_loss_on_tested_rank_grid,base_val_loss_minus_best_observed_val_loss,True,ok,6,6,1;2;4;8;16;32,0.0498781208038271,32,0.004407723023025,0.004407723023025,0.0454703977808021,0.0454703977808021,best_observed_validation_loss_on_tested_rank_grid,0.0025037435758543,0.0473743772279728,1,0.005317130978641,1,0.0066812429120651,1,0.0089547628011052,1,0.0135018025791854,1,0.027142921913426,1,0.0180488423572656,1,0.0135018025791854,1,0.0089547628011052,1,0.0066812429120651,1,1,1,1,1,1,activation_whitened,1,1,1.2494613360008733,2,1.0316070931256478,2,1,1,1.1265298148392022,2,1.0165263029539306,2,1,1,1.2494613360008733,2,1.0316070931256478,2,1,20260622_141700_stage4_hard_s103,source_runs/20260622_141700_stage4_hard_s103,hard_knee,103
34,observed_rank_sweep_minimum,observed_best_gap_v1,best_observed_validation_loss_on_tested_rank_grid,base_val_loss_minus_best_observed_val_loss,True,ok,6,6,1;2;4;8;16;32,0.2211925353872112,32,0.0366084106836272,0.0366084106836272,0.184584124703584,0.184584124703584,best_observed_validation_loss_on_tested_rank_grid,0.0024846155231426,0.2187079198640686,32,0.0403000931776988,32,0.0458376169188064,16,0.0550668231539856,8,0.073525235624344,4,0.1289004730354191,4,0.0919836480947024,8,0.0735252356243439,16,0.0550668231539855,32,0.0458376169188063,32,32,16,16,8,8,activation_whitened,8,8,7.094471845270572,8,4.055567428654737,8,5,8,5.43221246811181,8,2.566772868281711,4,8,8,7.094471845270572,8,4.055567428654737,8,8,20260622_141700_stage4_hard_s103,source_runs/20260622_141700_stage4_hard_s103,hard_knee,103
35,observed_rank_sweep_minimum,observed_best_gap_v1,best_observed_validation_loss_on_tested_rank_grid,base_val_loss_minus_best_observed_val_loss,True,ok,6,6,1;2;4;8;16;32,0.3520457400098662,32,0.0051333242461178,0.0051333242461178,0.3469124157637484,0.3469124157637484,best_observed_validation_loss_on_tested_rank_grid,0.002488366012508,0.3495573739973582,4,0.0120715725613927,4,0.0224789450343052,4,0.0398245658224926,4,0.0745158073988674,2,0.178589532127992,2,0.1092070489752423,4,0.0745158073988674,4,0.0398245658224926,4,0.0224789450343051,4,4,4,4,4,3,activation_whitened,3,4,3.00098778267838,4,2.1520119109119697,4,3,4,2.2359626804198256,4,1.4152453510363685,2,3,4,3.00098778267838,4,2.1520119109119697,4,4,20260622_141700_stage4_hard_s103,source_runs/20260622_141700_stage4_hard_s103,hard_knee,103
36,observed_rank_sweep_minimum,observed_best_gap_v1,best_observed_validation_loss_on_tested_rank_grid,base_val_loss_minus_best_observed_val_loss,True,ok,6,6,1;2;4;8;16;32,0.2581346086436846,32,0.0284444816163396,0.0284444816163396,0.2296901270273449,0.2296901270273449,best_observed_validation_loss_on_tested_rank_grid,0.0025074431487976,0.255627165494887,32,0.0330382841568865,16,0.0399289879677068,16,0.0514134943190741,8,0.0743825070218086,2,0.1432895451300121,4,0.0973515197245431,8,0.0743825070218086,16,0.0514134943190741,16,0.0399289879677068,32,16,16,16,16,6,activation_whitened,6,8,5.491400714688246,8,3.544832787267924,4,4,4,4.27553012901526,8,2.3913738627174457,4,6,8,5.491400714688246,8,3.544832787267924,4,8,20260622_141700_stage4_hard_s103,source_runs/20260622_141700_stage4_hard_s103,hard_knee,103
37,observed_rank_sweep_minimum,observed_best_gap_v1,best_observed_validation_loss_on_tested_rank_grid,base_val_loss_minus_best_observed_val_loss,True,ok,6,6,1;2;4;8;16;32,0.1585552482457126,32,0.0172174871112246,0.0172174871112246,0.141337761134488,0.141337761134488,best_observed_validation_loss_on_tested_rank_grid,0.0024934040358573,0.1560618442098553,32,0.0200442423339143,32,0.024284375167949,16,0.0313512632246734,8,0.0454850393381222,2,0.0878863676784686,4,0.0596188154515709,8,0.0454850393381221,16,0.0313512632246733,32,0.0242843751679489,32,32,16,16,16,5,activation_whitened,5,8,4.95712142994628,8,3.4274289551421147,4,5,8,3.775225142816618,4,2.013202113426542,4,5,8,4.95712142994628,8,3.4274289551421147,4,8,20260622_141700_stage4_hard_s103,source_runs/20260622_141700_stage4_hard_s103,hard_knee,103
38,observed_rank_sweep_minimum,observed_best_gap_v1,best_observed_validation_loss_on_tested_rank_grid,base_val_loss_minus_best_observed_val_loss,True,ok,6,6,1;2;4;8;16;32,0.0686373378570436,32,0.0055410471143226,0.0055410471143226,0.063096290742721,0.063096290742721,best_observed_validation_loss_on_tested_rank_grid,0.0025051886250205,0.0661321492320231,16,0.006802972929177,8,0.0086958616514586,2,0.0118506761885947,2,0.0181603052628668,2,0.0370891924856831,2,0.0244699343371389,2,0.0181603052628668,2,0.0118506761885947,8,0.0086958616514586,16,8,8,8,8,2,activation_whitened,2,2,2.142476589370777,4,1.7576808894972908,2,2,2,2.0359768017790643,4,1.6526819299020634,2,2,2,2.142476589370777,4,1.7576808894972908,2,2,20260622_141700_stage4_hard_s103,source_runs/20260622_141700_stage4_hard_s103,hard_knee,103
39,observed_rank_sweep_minimum,observed_best_gap_v1,best_observed_validation_loss_on_tested_rank_grid,base_val_loss_minus_best_observed_val_loss,True,ok,6,6,1;2;4;8;16;32,0.1044345362179496,32,0.0034295661164783,0.0034295661164783,0.1010049701014713,0.1010049701014713,best_observed_validation_loss_on_tested_rank_grid,0.0024950448546501,0.1019394913632995,1,0.0054496655185077,1,0.0084798146215518,1,0.0135300631266254,1,0.0236305601367725,1,0.0539320511672139,1,0.0337310571469196,1,0.0236305601367725,1,0.0135300631266254,1,0.0084798146215518,1,1,1,1,1,1,activation_whitened,1,1,1.082845921327704,2,1.0090884708808765,2,1,1,1.0332062519055103,2,1.003708174015945,2,1,1,1.082845921327704,2,1.0090884708808765,2,1,20260622_141700_stage4_hard_s103,source_runs/20260622_141700_stage4_hard_s103,hard_knee,103
40,observed_rank_sweep_minimum,observed_best_gap_v1,best_observed_validation_loss_on_tested_rank_grid,base_val_loss_minus_best_observed_val_loss,True,ok,6,6,1;2;4;8;16;32,0.2446701402977549,32,0.0182467975392137,0.0182467975392137,0.2264233427585412,0.2264233427585412,best_observed_validation_loss_on_tested_rank_grid,0.0024908650612379,0.242179275236517,32,0.0227752643943845,16,0.0295679646771407,8,0.0408891318150678,8,0.0635314660909219,4,0.1314584689184843,8,0.086173800366776,8,0.0635314660909219,8,0.0408891318150678,16,0.0295679646771407,32,16,16,8,8,6,activation_whitened,6,8,5.472711005029577,8,3.46082047036953,4,6,8,5.068260478136202,8,2.7689084309465097,4,6,8,5.472711005029577,8,3.46082047036953,4,8,20260622_141700_stage4_hard_s103,source_runs/20260622_141700_stage4_hard_s103,hard_knee,103
41,observed_rank_sweep_minimum,observed_best_gap_v1,best_observed_validation_loss_on_tested_rank_grid,base_val_loss_minus_best_observed_val_loss,True,ok,6,6,1;2;4;8;16;32,0.1939375227642989,32,0.0042420830749884,0.0042420830749884,0.1896954396893105,0.1896954396893105,best_observed_validation_loss_on_tested_rank_grid,0.0025101626122893,0.1914273601520096,2,0.0080359918687746,2,0.0137268550594539,2,0.0232116270439194,2,0.0421811710128505,1,0.0990898029196436,2,0.0611507149817815,2,0.0421811710128504,2,0.0232116270439194,2,0.0137268550594539,4,2,2,2,2,2,activation_whitened,2,2,2.071078960774112,4,1.6685928438584634,2,2,2,1.872199423588243,2,1.3790957406797693,2,2,2,2.071078960774112,4,1.6685928438584634,2,2,20260622_141700_stage4_hard_s103,source_runs/20260622_141700_stage4_hard_s103,hard_knee,103
42,observed_rank_sweep_minimum,observed_best_gap_v1,best_observed_validation_loss_on_tested_rank_grid,base_val_loss_minus_best_observed_val_loss,True,ok,6,6,1;2;4;8;16;32,0.2077079417174036,32,0.0347190661169673,0.0347190661169673,0.1729888756004363,0.1729888756004363,best_observed_validation_loss_on_tested_rank_grid,0.0024894923201571,0.2052184493972464,32,0.038178843628976,16,0.0433685098969891,8,0.0520179536770109,8,0.0693168412370545,4,0.1212135039171854,4,0.0866157287970981,8,0.0693168412370545,8,0.0520179536770109,16,0.0433685098969891,32,16,16,16,8,8,activation_whitened,8,8,6.834791541849559,8,3.804511933634907,4,4,4,4.5150533223953,8,1.935601436715064,2,8,8,6.834791541849559,8,3.804511933634907,4,8,20260622_141700_stage4_hard_s103,source_runs/20260622_141700_stage4_hard_s103,hard_knee,103
43,observed_rank_sweep_minimum,observed_best_gap_v1,best_observed_validation_loss_on_tested_rank_grid,base_val_loss_minus_best_observed_val_loss,True,ok,6,6,1;2;4;8;16;32,0.3460026226311839,32,0.0311764036045281,0.0311764036045281,0.3148262190266558,0.3148262190266558,best_observed_validation_loss_on_tested_rank_grid,0.0025006051317546,0.3435020174994293,32,0.0374729279850612,16,0.0469177145558608,8,0.0626590255071936,8,0.0941416474098592,2,0.188589513117856,4,0.1256242693125248,8,0.0941416474098592,8,0.0626590255071937,16,0.0469177145558609,32,16,16,8,8,8,activation_whitened,7,8,6.188388468782692,8,3.247286945084244,4,4,4,4.7776291820966845,8,2.71717579506547,4,7,8,6.188388468782692,8,3.247286945084244,4,8,20260622_141700_stage4_hard_s103,source_runs/20260622_141700_stage4_hard_s103,hard_knee,103
44,observed_rank_sweep_minimum,observed_best_gap_v1,best_observed_validation_loss_on_tested_rank_grid,base_val_loss_minus_best_observed_val_loss,True,ok,6,6,1;2;4;8;16;32,0.3007660413769341,32,0.0390773334777128,0.0390773334777128,0.2616887078992213,0.2616887078992213,best_observed_validation_loss_on_tested_rank_grid,0.0024960927310109,0.2982699486459231,32,0.0443111076356972,16,0.0521617688726738,16,0.0652462042676349,8,0.091415075057557,4,0.1699216874273234,8,0.1175839458474792,8,0.091415075057557,16,0.0652462042676349,16,0.0521617688726738,32,16,16,16,16,8,activation_whitened,8,8,7.570070067514374,8,5.060055528757175,8,3,4,4.89212928424344,8,2.1259988390196805,4,8,8,7.570070067514374,8,5.060055528757175,8,8,20260622_141700_stage4_hard_s103,source_runs/20260622_141700_stage4_hard_s103,hard_knee,103
45,observed_rank_sweep_minimum,observed_best_gap_v1,best_observed_validation_loss_on_tested_rank_grid,base_val_loss_minus_best_observed_val_loss,True,ok,6,6,1;2;4;8;16;32,0.2679466934652783,32,0.0183016054411296,0.0183016054411296,0.2496450880241486,0.2496450880241486,best_observed_validation_loss_on_tested_rank_grid,0.0025146140031901,0.2654320794620882,32,0.0232945072016125,16,0.030783859842337,8,0.0432661142435444,4,0.0682306230459593,2,0.1431241494532039,4,0.0931951318483742,4,0.0682306230459593,8,0.0432661142435444,16,0.030783859842337,32,16,16,8,8,5,activation_whitened,5,8,4.178438191467356,8,2.177425828492256,4,3,4,2.4855139843295744,4,1.3482828905943065,2,5,8,4.178438191467356,8,2.177425828492256,4,8,20260622_141700_stage4_hard_s103,source_runs/20260622_141700_stage4_hard_s103,hard_knee,103
46,observed_rank_sweep_minimum,observed_best_gap_v1,best_observed_validation_loss_on_tested_rank_grid,base_val_loss_minus_best_observed_val_loss,True,ok,6,6,1;2;4;8;16;32,0.264982388044489,32,0.0386883113044832,0.0386883113044832,0.2262940767400058,0.2262940767400058,best_observed_validation_loss_on_tested_rank_grid,0.002501827743291,0.262480560301198,32,0.0432141928392833,32,0.0500030151414834,16,0.0613177189784837,8,0.0839471266524843,4,0.1518353496744861,8,0.1065765343264849,8,0.0839471266524843,16,0.0613177189784837,32,0.0500030151414835,32,32,16,16,16,8,activation_whitened,8,8,7.64277188502236,8,4.740587152368964,8,5,8,5.926913394529371,8,2.6239321355833667,4,8,8,7.64277188502236,8,4.740587152368964,8,8,20260622_141700_stage4_hard_s103,source_runs/20260622_141700_stage4_hard_s103,hard_knee,103
47,observed_rank_sweep_minimum,observed_best_gap_v1,best_observed_validation_loss_on_tested_rank_grid,base_val_loss_minus_best_observed_val_loss,True,ok,6,6,1;2;4;8;16;32,0.3414971367985157,32,0.011228053595423,0.011228053595423,0.3302690832030927,0.3302690832030927,best_observed_validation_loss_on_tested_rank_grid,0.0024994073240614,0.3389977294744543,16,0.0178334352594848,8,0.0277415077555776,8,0.0442549619157322,8,0.0772818702360415,4,0.1763625951969693,4,0.1103087785563508,8,0.0772818702360415,8,0.0442549619157322,8,0.0277415077555776,16,16,8,8,8,6,activation_whitened,6,8,5.792067639271998,8,3.8934142190801753,4,6,8,4.707879360685452,8,2.412736071042584,4,6,8,5.792067639271998,8,3.8934142190801753,4,8,20260622_141700_stage4_hard_s103,source_runs/20260622_141700_stage4_hard_s103,hard_knee,103
0,observed_rank_sweep_minimum,observed_best_gap_v1,best_observed_validation_loss_on_tested_rank_grid,base_val_loss_minus_best_observed_val_loss,True,ok,6,6,1;2;4;8;16;32,0.0533577345460405,32,0.0049059804733069,0.0049059804733069,0.0484517540727336,0.0484517540727336,best_observed_validation_loss_on_tested_rank_grid,0.002495777334928,0.0508619572111125,16,0.0058750155547615,2,0.0073285681769435,2,0.0097511558805802,1,0.0145963312878536,1,0.0291318575096737,1,0.0194415066951269,1,0.0145963312878536,2,0.0097511558805802,2,0.0073285681769435,2,2,2,2,2,1,activation_whitened,1,1,1.201081440550115,2,1.024278870004122,2,1,1,1.257184767196988,2,1.0367549017936866,2,1,1,1.201081440550115,2,1.024278870004122,2,1,20260622_142008_stage4_hard_s107,source_runs/20260622_142008_stage4_hard_s107,hard_knee,107
1,observed_rank_sweep_minimum,observed_best_gap_v1,best_observed_validation_loss_on_tested_rank_grid,base_val_loss_minus_best_observed_val_loss,True,ok,6,6,1;2;4;8;16;32,0.1899905124050291,32,0.0205778624677036,0.0205778624677036,0.1694126499373255,0.1694126499373255,best_observed_validation_loss_on_tested_rank_grid,0.0025053433193503,0.1874851690856788,32,0.0239661154664501,16,0.0290484949645698,8,0.0375191274614361,8,0.0544603924551687,4,0.1052841874363663,4,0.0714016574489012,8,0.0544603924551687,8,0.0375191274614361,16,0.0290484949645698,32,16,16,16,8,6,activation_whitened,6,8,5.917735246736356,8,4.080896326284971,8,6,8,5.268289329771754,8,3.489857770512085,4,6,8,5.917735246736356,8,4.080896326284971,8,8,20260622_142008_stage4_hard_s107,source_runs/20260622_142008_stage4_hard_s107,hard_knee,107
2,observed_rank_sweep_minimum,observed_best_gap_v1,best_observed_validation_loss_on_tested_rank_grid,base_val_loss_minus_best_observed_val_loss,True,ok,6,6,1;2;4;8;16;32,0.2315965872600388,32,0.0071093761100792,0.0071093761100792,0.2244872111499596,0.2244872111499596,best_observed_validation_loss_on_tested_rank_grid,0.002497249649547,0.2290993376104917,8,0.0115991203330783,4,0.0183337366675771,4,0.0295580972250751,4,0.0520068183400711,2,0.1193529816850589,4,0.074455539455067,4,0.052006818340071,4,0.0295580972250751,4,0.0183337366675771,8,4,4,4,4,4,activation_whitened,4,4,3.792777809211106,4,2.574243463449975,4,3,4,2.817235104640321,4,1.5595595850626045,2,4,4,3.792777809211106,4,2.574243463449975,4,4,20260622_142008_stage4_hard_s107,source_runs/20260622_142008_stage4_hard_s107,hard_knee,107
3,observed_rank_sweep_minimum,observed_best_gap_v1,best_observed_validation_loss_on_tested_rank_grid,base_val_loss_minus_best_observed_val_loss,True,ok,6,6,1;2;4;8;16;32,0.1129908803384174,32,0.005482837111405,0.005482837111405,0.1075080432270123,0.1075080432270123,best_observed_validation_loss_on_tested_rank_grid,0.0024859624673916,0.1105049178710257,4,0.0076329979759452,4,0.0108582392727556,4,0.0162336414341062,4,0.0269844457568074,1,0.0592368587249112,2,0.0377352500795087,4,0.0269844457568074,4,0.0162336414341062,4,0.0108582392727556,4,4,4,4,4,2,activation_whitened,2,2,2.065565591472332,4,1.7659220652442984,2,2,2,1.7970841052487303,2,1.3301899404307886,2,2,2,2.065565591472332,4,1.7659220652442984,2,2,20260622_142008_stage4_hard_s107,source_runs/20260622_142008_stage4_hard_s107,hard_knee,107
4,observed_rank_sweep_minimum,observed_best_gap_v1,best_observed_validation_loss_on_tested_rank_grid,base_val_loss_minus_best_observed_val_loss,True,ok,6,6,1;2;4;8;16;32,0.2499918932447854,32,0.0082171480597883,0.0082171480597883,0.2417747451849971,0.2417747451849971,best_observed_validation_loss_on_tested_rank_grid,0.0025042310300437,0.2474876622147417,16,0.0130526429634882,8,0.0203058853190381,4,0.032394622578288,4,0.0565720970967877,2,0.1291045206522868,4,0.0807495716152874,4,0.0565720970967877,4,0.032394622578288,8,0.0203058853190381,16,8,8,8,8,4,activation_whitened,4,4,3.6569063929277728,4,2.2578401261622933,4,3,4,2.6185787043584114,4,1.472550539253218,2,4,4,3.6569063929277728,4,2.2578401261622933,4,4,20260622_142008_stage4_hard_s107,source_runs/20260622_142008_stage4_hard_s107,hard_knee,107
5,observed_rank_sweep_minimum,observed_best_gap_v1,best_observed_validation_loss_on_tested_rank_grid,base_val_loss_minus_best_observed_val_loss,True,ok,6,6,1;2;4;8;16;32,0.1638296846137507,32,0.0040475060982142,0.0040475060982142,0.1597821785155365,0.1597821785155365,best_observed_validation_loss_on_tested_rank_grid,0.002496546227083,0.1613331383866676,2,0.0072431496685249,2,0.012036615023991,2,0.0200257239497678,2,0.0360039418013215,1,0.0839385953559824,2,0.0519821596528751,2,0.0360039418013214,2,0.0200257239497678,2,0.012036615023991,4,2,2,2,2,2,activation_whitened,2,2,2.082477172172728,4,1.845824092571575,2,2,2,1.9848544098343373,2,1.5863223015413952,2,2,2,2.082477172172728,4,1.845824092571575,2,2,20260622_142008_stage4_hard_s107,source_runs/20260622_142008_stage4_hard_s107,hard_knee,107
6,observed_rank_sweep_minimum,observed_best_gap_v1,best_observed_validation_loss_on_tested_rank_grid,base_val_loss_minus_best_observed_val_loss,True,ok,6,6,1;2;4;8;16;32,0.2904273961517569,32,0.0199751011335092,0.0199751011335092,0.2704522950182477,0.2704522950182477,best_observed_validation_loss_on_tested_rank_grid,0.002510213549426,0.2879171826023309,32,0.0253841470338741,16,0.0334977158844215,8,0.0470203306353339,8,0.0740655601371587,4,0.155201248642633,4,0.1011107896389835,8,0.0740655601371587,8,0.0470203306353339,16,0.0334977158844215,32,16,16,16,8,7,activation_whitened,7,8,6.46850724090716,8,3.6045088604243327,4,4,4,4.174224150044473,8,1.822869538610868,2,7,8,6.46850724090716,8,3.6045088604243327,4,8,20260622_142008_stage4_hard_s107,source_runs/20260622_142008_stage4_hard_s107,hard_knee,107
7,observed_rank_sweep_minimum,observed_best_gap_v1,best_observed_validation_loss_on_tested_rank_grid,base_val_loss_minus_best_observed_val_loss,True,ok,6,6,1;2;4;8;16;32,0.3341721337798526,32,0.012014774348967,0.012014774348967,0.3221573594308856,0.3221573594308856,best_observed_validation_loss_on_tested_rank_grid,0.0025093871641984,0.3316627466156542,16,0.0184579215375847,8,0.0281226423205112,8,0.0442305102920555,8,0.0764462462351441,2,0.1730934540644098,4,0.1086619821782326,8,0.076446246235144,8,0.0442305102920555,8,0.0281226423205112,16,16,8,8,8,6,activation_whitened,6,8,5.698428059298289,8,3.832109803860369,4,6,8,4.805992959881526,8,2.47585804915571,4,6,8,5.698428059298289,8,3.832109803860369,4,8,20260622_142008_stage4_hard_s107,source_runs/20260622_142008_stage4_hard_s107,hard_knee,107
8,observed_rank_sweep_minimum,observed_best_gap_v1,best_observed_validation_loss_on_tested_rank_grid,base_val_loss_minus_best_observed_val_loss,True,ok,6,6,1;2;4;8;16;32,0.2720068665814273,32,0.00578379162925,0.00578379162925,0.2662230749521773,0.2662230749521773,best_observed_validation_loss_on_tested_rank_grid,0.0025001716500204,0.2695066949314069,8,0.0111082531282935,4,0.0190949453768588,4,0.0324060991244677,4,0.0590284066196854,2,0.1388953291053386,4,0.0856507141149032,4,0.0590284066196854,4,0.0324060991244677,4,0.0190949453768589,8,8,8,8,4,4,activation_whitened,4,4,3.8288384987223214,4,2.603344960188055,4,4,4,3.2987646387361447,4,1.9897352123917127,2,4,4,3.8288384987223214,4,2.603344960188055,4,4,20260622_142008_stage4_hard_s107,source_runs/20260622_142008_stage4_hard_s107,hard_knee,107
9,observed_rank_sweep_minimum,observed_best_gap_v1,best_observed_validation_loss_on_tested_rank_grid,base_val_loss_minus_best_observed_val_loss,True,ok,6,6,1;2;4;8;16;32,0.3258975660740136,32,0.0098210197525329,0.0098210197525329,0.3160765463214807,0.3160765463214807,best_observed_validation_loss_on_tested_rank_grid,0.00250130475962,0.3233962613143936,16,0.0161425506789625,8,0.0256248470686069,8,0.0414286743846809,8,0.073036329016829,4,0.1678592929132732,4,0.1046439836489771,8,0.073036329016829,8,0.0414286743846809,8,0.0256248470686069,16,16,8,8,8,6,activation_whitened,6,8,5.833497472309723,8,3.667596357168685,4,6,8,4.503088956425019,8,2.0540160326035144,4,6,8,5.833497472309723,8,3.667596357168685,4,8,20260622_142008_stage4_hard_s107,source_runs/20260622_142008_stage4_hard_s107,hard_knee,107
10,observed_rank_sweep_minimum,observed_best_gap_v1,best_observed_validation_loss_on_tested_rank_grid,base_val_loss_minus_best_observed_val_loss,True,ok,6,6,1;2;4;8;16;32,0.128768886346685,32,0.0049583096230431,0.0049583096230431,0.1238105767236419,0.1238105767236419,best_observed_validation_loss_on_tested_rank_grid,0.0024982414674585,0.1262706448792265,1,0.0074345211575159,1,0.0111488384592251,1,0.0173393672954072,1,0.0297204249677714,1,0.066863597984864,1,0.0421014826401356,1,0.0297204249677714,1,0.0173393672954072,1,0.0111488384592251,1,1,1,1,1,1,activation_whitened,1,1,1.1765038714011131,2,1.0230979210460045,2,1,1,1.1060681208363532,2,1.0141854140032005,2,1,1,1.1765038714011131,2,1.0230979210460045,2,1,20260622_142008_stage4_hard_s107,source_runs/20260622_142008_stage4_hard_s107,hard_knee,107
11,observed_rank_sweep_minimum,observed_best_gap_v1,best_observed_validation_loss_on_tested_rank_grid,base_val_loss_minus_best_observed_val_loss,True,ok,6,6,1;2;4;8;16;32,0.2520843270232871,32,0.0321715906432444,0.0321715906432444,0.2199127363800427,0.2199127363800427,best_observed_validation_loss_on_tested_rank_grid,0.0024988091997872,0.2495855178234999,32,0.0365698453708452,32,0.0431672274622465,16,0.0541628642812486,8,0.0761541379192529,2,0.1421279588332657,4,0.0981454115572572,8,0.0761541379192529,16,0.0541628642812486,32,0.0431672274622465,32,32,16,8,8,7,activation_whitened,7,8,6.08460464422535,8,3.4193059389125784,4,4,4,4.324140506301505,8,2.0115462678371827,4,7,8,6.08460464422535,8,3.4193059389125784,4,8,20260622_142008_stage4_hard_s107,source_runs/20260622_142008_stage4_hard_s107,hard_knee,107
12,observed_rank_sweep_minimum,observed_best_gap_v1,best_observed_validation_loss_on_tested_rank_grid,base_val_loss_minus_best_observed_val_loss,True,ok,6,6,1;2;4;8;16;32,0.0809416660454681,32,0.0146885013948052,0.0146885013948052,0.0662531646506629,0.0662531646506629,best_observed_validation_loss_on_tested_rank_grid,0.0025016746125496,0.0784399914329185,32,0.0160135646878184,16,0.0180011596273383,16,0.0213138178598714,4,0.0279391343249377,2,0.0478150837201366,4,0.034564450790004,4,0.0279391343249377,16,0.0213138178598714,16,0.0180011596273383,32,16,16,16,8,3,activation_whitened,3,4,3.12381009998797,4,2.656269306804516,4,3,4,2.767703463729556,4,1.832793956219672,2,3,4,3.12381009998797,4,2.656269306804516,4,4,20260622_142008_stage4_hard_s107,source_runs/20260622_142008_stage4_hard_s107,hard_knee,107
13,observed_rank_sweep_minimum,observed_best_gap_v1,best_observed_validation_loss_on_tested_rank_grid,base_val_loss_minus_best_observed_val_loss,True,ok,6,6,1;2;4;8;16;32,0.1093571854677033,32,0.0360426446588057,0.0360426446588057,0.0733145408088976,0.0733145408088976,best_observed_validation_loss_on_tested_rank_grid,0.0024990023062828,0.1068581831614205,32,0.0375089354749836,32,0.0397083716992505,32,0.0433740987396954,16,0.0507055528205852,4,0.0726999150632545,8,0.0580370069014749,16,0.0507055528205852,32,0.0433740987396954,32,0.0397083716992505,32,32,32,32,16,8,activation_whitened,7,8,6.532762049699623,8,3.4350283154963,4,6,8,5.904852619183174,8,3.113488182116732,4,7,8,6.532762049699623,8,3.4350283154963,4,8,20260622_142008_stage4_hard_s107,source_runs/20260622_142008_stage4_hard_s107,hard_knee,107
14,observed_rank_sweep_minimum,observed_best_gap_v1,best_observed_validation_loss_on_tested_rank_grid,base_val_loss_minus_best_observed_val_loss,True,ok,6,6,1;2;4;8;16;32,0.2318499840441651,32,0.0270283600224163,0.0270283600224163,0.2048216240217488,0.2048216240217488,best_observed_validation_loss_on_tested_rank_grid,0.0025218762412561,0.229328107802909,32,0.0311247925028512,16,0.0372694412235037,8,0.0475105224245911,4,0.067992684826766,2,0.1294391720332907,4,0.0884748472289409,4,0.067992684826766,8,0.0475105224245911,16,0.0372694412235037,32,16,16,8,8,6,activation_whitened,6,8,5.003284471692888,8,2.712323571260076,4,4,4,3.792082674428056,4,1.9862987891241075,2,6,8,5.003284471692888,8,2.712323571260076,4,8,20260622_142008_stage4_hard_s107,source_runs/20260622_142008_stage4_hard_s107,hard_knee,107
15,observed_rank_sweep_minimum,observed_best_gap_v1,best_observed_validation_loss_on_tested_rank_grid,base_val_loss_minus_best_observed_val_loss,True,ok,6,6,1;2;4;8;16;32,0.392079363907477,32,0.006127659607326,0.006127659607326,0.385951704300151,0.385951704300151,best_observed_validation_loss_on_tested_rank_grid,0.0024890408984208,0.3895903230090562,8,0.013846693693329,8,0.0254252448223335,8,0.0447228300373411,4,0.0833180004673562,4,0.1991035117574014,4,0.1219131708973713,4,0.0833180004673561,8,0.044722830037341,8,0.0254252448223335,8,8,8,8,8,5,activation_whitened,5,8,4.983152723060068,8,3.547536376709208,4,5,8,4.183744366667139,8,2.199419209609587,4,5,8,4.983152723060068,8,3.547536376709208,4,8,20260622_142008_stage4_hard_s107,source_runs/20260622_142008_stage4_hard_s107,hard_knee,107
16,observed_rank_sweep_minimum,observed_best_gap_v1,best_observed_validation_loss_on_tested_rank_grid,base_val_loss_minus_best_observed_val_loss,True,ok,6,6,1;2;4;8;16;32,0.2046072678287759,32,0.0046237926629706,0.0046237926629706,0.1999834751658052,0.1999834751658052,best_observed_validation_loss_on_tested_rank_grid,0.002484285720974,0.2021229821078018,4,0.0086234621662867,4,0.0146229664212608,4,0.0246221401795511,4,0.0446204876961316,2,0.1046155302458732,2,0.0646188352127122,4,0.0446204876961316,4,0.0246221401795511,4,0.0146229664212608,4,4,4,4,4,3,activation_whitened,3,4,3.0319744618134443,4,2.6938099850556987,4,3,4,2.732318730593106,4,1.910213577149196,2,3,4,3.0319744618134443,4,2.6938099850556987,4,4,20260622_142008_stage4_hard_s107,source_runs/20260622_142008_stage4_hard_s107,hard_knee,107
17,observed_rank_sweep_minimum,observed_best_gap_v1,best_observed_validation_loss_on_tested_rank_grid,base_val_loss_minus_best_observed_val_loss,True,ok,6,6,1;2;4;8;16;32,0.1606787846204613,32,0.0042362216917418,0.0042362216917418,0.1564425629287195,0.1564425629287195,best_observed_validation_loss_on_tested_rank_grid,0.0025224103867826,0.1581563742336787,2,0.0073650729503161,2,0.0120583498381777,2,0.0198804779846137,2,0.0355247342774857,1,0.0824575031561015,2,0.0511689905703576,2,0.0355247342774856,2,0.0198804779846137,2,0.0120583498381777,4,4,2,2,2,2,activation_whitened,2,2,2.0946651463762587,4,1.780232224166403,2,2,2,1.9257605386042609,2,1.4812843481370463,2,2,2,2.0946651463762587,4,1.780232224166403,2,2,20260622_142008_stage4_hard_s107,source_runs/20260622_142008_stage4_hard_s107,hard_knee,107
18,observed_rank_sweep_minimum,observed_best_gap_v1,best_observed_validation_loss_on_tested_rank_grid,base_val_loss_minus_best_observed_val_loss,True,ok,6,6,1;2;4;8;16;32,0.1563119526853466,32,0.0073197684544371,0.0073197684544371,0.1489921842309094,0.1489921842309094,best_observed_validation_loss_on_tested_rank_grid,0.0024850262587865,0.1538269264265601,8,0.0102996121390552,8,0.0147693776659825,4,0.022218986877528,4,0.037118205300619,2,0.0818158605698918,4,0.0520174237237099,4,0.0371182053006189,4,0.022218986877528,8,0.0147693776659825,8,8,8,8,8,3,activation_whitened,3,4,3.0380210731735486,4,2.281341634865793,4,3,4,2.860996355716651,4,2.109501701795869,4,3,4,3.0380210731735486,4,2.281341634865793,4,4,20260622_142008_stage4_hard_s107,source_runs/20260622_142008_stage4_hard_s107,hard_knee,107
19,observed_rank_sweep_minimum,observed_best_gap_v1,best_observed_validation_loss_on_tested_rank_grid,base_val_loss_minus_best_observed_val_loss,True,ok,6,6,1;2;4;8;16;32,0.2796386078581497,32,0.0104198887151103,0.0104198887151103,0.2692187191430394,0.2692187191430394,best_observed_validation_loss_on_tested_rank_grid,0.0024905180414475,0.2771480898167022,16,0.015804263097971,8,0.0238808246722622,8,0.0373417606294142,4,0.0642636325437181,2,0.14502924828663,4,0.0911855044580221,4,0.0642636325437181,8,0.0373417606294142,8,0.0238808246722622,16,16,8,8,8,5,activation_whitened,5,8,4.632540634095475,8,2.82133971174976,4,5,8,3.935797309046682,4,2.2332520477126967,4,5,8,4.632540634095475,8,2.82133971174976,4,8,20260622_142008_stage4_hard_s107,source_runs/20260622_142008_stage4_hard_s107,hard_knee,107
20,observed_rank_sweep_minimum,observed_best_gap_v1,best_observed_validation_loss_on_tested_rank_grid,base_val_loss_minus_best_observed_val_loss,True,ok,6,6,1;2;4;8;16;32,0.2403745237442093,32,0.0430238066849874,0.0430238066849874,0.1973507170592219,0.1973507170592219,best_observed_validation_loss_on_tested_rank_grid,0.0025003687680018,0.2378741549762075,32,0.0469708210261718,16,0.0528913425379484,8,0.0627588783909095,8,0.0824939500968317,2,0.1416991652145983,2,0.1022290218027539,8,0.0824939500968317,8,0.0627588783909095,16,0.0528913425379485,32,16,16,16,8,8,activation_whitened,6,8,5.5591104209774445,8,2.4777979980188074,4,2,2,2.954477186465389,4,1.437926557075292,2,6,8,5.5591104209774445,8,2.4777979980188074,4,8,20260622_142008_stage4_hard_s107,source_runs/20260622_142008_stage4_hard_s107,hard_knee,107
21,observed_rank_sweep_minimum,observed_best_gap_v1,best_observed_validation_loss_on_tested_rank_grid,base_val_loss_minus_best_observed_val_loss,True,ok,6,6,1;2;4;8;16;32,0.0706902348076895,32,0.0050885539774802,0.0050885539774802,0.0656016808302093,0.0656016808302093,best_observed_validation_loss_on_tested_rank_grid,0.0025079813923453,0.0681822534153442,8,0.0064005875940843,4,0.0083686380189906,2,0.0116487220605011,2,0.018208890143522,1,0.0378893943925848,2,0.0247690582265429,2,0.018208890143522,2,0.0116487220605011,4,0.0083686380189906,8,8,4,4,4,2,activation_whitened,2,2,2.087163736075152,4,1.9320628529761368,2,2,2,1.9593350627063504,2,1.5874258040571123,2,2,2,2.087163736075152,4,1.9320628529761368,2,2,20260622_142008_stage4_hard_s107,source_runs/20260622_142008_stage4_hard_s107,hard_knee,107
22,observed_rank_sweep_minimum,observed_best_gap_v1,best_observed_validation_loss_on_tested_rank_grid,base_val_loss_minus_best_observed_val_loss,True,ok,6,6,1;2;4;8;16;32,0.4444985962353057,32,0.0215233537988135,0.0215233537988135,0.4229752424364922,0.4229752424364922,best_observed_validation_loss_on_tested_rank_grid,0.0024874829945469,0.4420111132407588,32,0.0299828586475433,16,0.0426721159206381,8,0.0638208780424627,8,0.1061184022861119,4,0.2330109750170595,8,0.1484159265297611,8,0.1061184022861119,8,0.0638208780424626,16,0.0426721159206381,32,16,16,8,8,8,activation_whitened,8,8,7.454503949631363,8,4.838759804344185,8,4,4,4.951185651809974,8,2.1327160328143995,4,8,8,7.454503949631363,8,4.838759804344185,8,8,20260622_142008_stage4_hard_s107,source_runs/20260622_142008_stage4_hard_s107,hard_knee,107
23,observed_rank_sweep_minimum,observed_best_gap_v1,best_observed_validation_loss_on_tested_rank_grid,base_val_loss_minus_best_observed_val_loss,True,ok,6,6,1;2;4;8;16;32,0.3191696941397944,32,0.0336055643609474,0.0336055643609474,0.285564129778847,0.285564129778847,best_observed_validation_loss_on_tested_rank_grid,0.0024869602400596,0.3166827338997348,32,0.0393168469565243,16,0.0478837708498897,16,0.0621619773388321,8,0.0907183903167168,4,0.1763876292503709,8,0.1192748032946015,8,0.0907183903167168,16,0.0621619773388321,16,0.0478837708498897,32,16,16,16,8,8,activation_whitened,8,8,6.902521804419873,8,3.58107388177635,4,5,8,4.7290642496263775,8,2.4588984380621053,4,8,8,6.902521804419873,8,3.58107388177635,4,8,20260622_142008_stage4_hard_s107,source_runs/20260622_142008_stage4_hard_s107,hard_knee,107
24,observed_rank_sweep_minimum,observed_best_gap_v1,best_observed_validation_loss_on_tested_rank_grid,base_val_loss_minus_best_observed_val_loss,True,ok,6,6,1;2;4;8;16;32,0.1825015831542478,32,0.0080962072234252,0.0080962072234252,0.1744053759308226,0.1744053759308226,best_observed_validation_loss_on_tested_rank_grid,0.0025115704958051,0.1799900126584427,16,0.0115843147420416,8,0.0168164760199663,4,0.0255367448165074,4,0.0429772824095897,2,0.0952988951888365,4,0.0604178200026719,4,0.0429772824095897,4,0.0255367448165074,8,0.0168164760199663,16,8,8,8,8,4,activation_whitened,4,4,4.029369818155231,8,2.9482710752215087,4,4,4,3.088935746077429,4,1.685282855293159,2,4,4,4.029369818155231,8,2.9482710752215087,4,4,20260622_142008_stage4_hard_s107,source_runs/20260622_142008_stage4_hard_s107,hard_knee,107
25,observed_rank_sweep_minimum,observed_best_gap_v1,best_observed_validation_loss_on_tested_rank_grid,base_val_loss_minus_best_observed_val_loss,True,ok,6,6,1;2;4;8;16;32,0.3396555854444502,32,0.0347342337419465,0.0347342337419465,0.3049213517025037,0.3049213517025037,best_observed_validation_loss_on_tested_rank_grid,0.0025035777531315,0.3371520076913187,32,0.0408326607759965,32,0.0499803013270716,16,0.0652263689121968,8,0.0957185040824472,4,0.1871949095931983,4,0.1262106392526976,8,0.0957185040824472,16,0.0652263689121968,32,0.0499803013270717,32,32,16,8,8,8,activation_whitened,8,8,7.206221543804889,8,3.792941838724032,4,3,4,4.11342756811568,8,1.8028194015930823,2,8,8,7.206221543804889,8,3.792941838724032,4,8,20260622_142008_stage4_hard_s107,source_runs/20260622_142008_stage4_hard_s107,hard_knee,107
26,observed_rank_sweep_minimum,observed_best_gap_v1,best_observed_validation_loss_on_tested_rank_grid,base_val_loss_minus_best_observed_val_loss,True,ok,6,6,1;2;4;8;16;32,0.2018283997017377,32,0.0165387657972046,0.0165387657972046,0.1852896339045331,0.1852896339045331,best_observed_validation_loss_on_tested_rank_grid,0.0024935923042662,0.1993348073974714,32,0.0202445584752952,16,0.0258032474924312,16,0.0350677291876579,8,0.0535966925781112,2,0.1091835827494711,4,0.0721256559685645,8,0.0535966925781112,16,0.0350677291876579,16,0.0258032474924312,32,16,16,16,16,5,activation_whitened,5,8,4.719681828755336,8,3.3369889230666048,4,3,4,3.4086101213087194,4,1.9757448183703947,2,5,8,4.719681828755336,8,3.3369889230666048,4,8,20260622_142008_stage4_hard_s107,source_runs/20260622_142008_stage4_hard_s107,hard_knee,107
27,observed_rank_sweep_minimum,observed_best_gap_v1,best_observed_validation_loss_on_tested_rank_grid,base_val_loss_minus_best_observed_val_loss,True,ok,6,6,1;2;4;8;16;32,0.1677288761916597,32,0.0072728425068787,0.0072728425068787,0.1604560336847809,0.1604560336847809,best_observed_validation_loss_on_tested_rank_grid,0.0024758553589142,0.1652530208327454,16,0.0104819631805743,4,0.0152956441911177,4,0.0233184458753567,4,0.0393640492438348,1,0.0875008593492692,2,0.055409652612313,4,0.0393640492438349,4,0.0233184458753568,4,0.0152956441911177,16,4,4,4,4,3,activation_whitened,3,4,2.889118666325241,4,2.046913856456117,4,3,4,2.334160625786836,4,1.4861266838191087,2,3,4,2.889118666325241,4,2.046913856456117,4,4,20260622_142008_stage4_hard_s107,source_runs/20260622_142008_stage4_hard_s107,hard_knee,107
28,observed_rank_sweep_minimum,observed_best_gap_v1,best_observed_validation_loss_on_tested_rank_grid,base_val_loss_minus_best_observed_val_loss,True,ok,6,6,1;2;4;8;16;32,0.3489330413475345,32,0.0178371441846962,0.0178371441846962,0.3310958971628383,0.3310958971628383,best_observed_validation_loss_on_tested_rank_grid,0.0024947663879474,0.3464382749595871,32,0.0244590621279529,16,0.0343919390428381,16,0.05094673390098,8,0.0840563236172638,4,0.1833850927661153,8,0.1171659133335477,8,0.0840563236172638,16,0.0509467339009799,16,0.0343919390428381,32,16,16,16,16,7,activation_whitened,7,8,6.76244397361092,8,4.532556390603335,8,6,8,5.088537014267144,8,2.331948210430669,4,7,8,6.76244397361092,8,4.532556390603335,8,8,20260622_142008_stage4_hard_s107,source_runs/20260622_142008_stage4_hard_s107,hard_knee,107
29,observed_rank_sweep_minimum,observed_best_gap_v1,best_observed_validation_loss_on_tested_rank_grid,base_val_loss_minus_best_observed_val_loss,True,ok,6,6,1;2;4;8;16;32,0.2074394437713667,32,0.0042977076281767,0.0042977076281767,0.20314173614319,0.20314173614319,best_observed_validation_loss_on_tested_rank_grid,0.0025116216966053,0.2049278220747614,4,0.0083605423510405,4,0.0144547944353362,4,0.0246118812424957,4,0.0449260548568147,2,0.1058685756997716,4,0.0652402284711337,4,0.0449260548568146,4,0.0246118812424956,4,0.0144547944353362,4,4,4,4,4,3,activation_whitened,3,4,2.983488364210202,4,2.3707450291850423,4,3,4,2.955102846255006,4,2.3380026714622946,4,3,4,2.983488364210202,4,2.3707450291850423,4,4,20260622_142008_stage4_hard_s107,source_runs/20260622_142008_stage4_hard_s107,hard_knee,107
30,observed_rank_sweep_minimum,observed_best_gap_v1,best_observed_validation_loss_on_tested_rank_grid,base_val_loss_minus_best_observed_val_loss,True,ok,6,6,1;2;4;8;16;32,0.3261142504702251,32,0.0313322152816051,0.0313322152816051,0.29478203518862,0.29478203518862,best_observed_validation_loss_on_tested_rank_grid,0.0025058301788718,0.3236084202913533,32,0.0372278559853775,16,0.0460713170410361,8,0.0608104188004671,4,0.0902886223193291,2,0.178723232875915,4,0.1197668258381911,4,0.090288622319329,8,0.060810418800467,16,0.046071317041036,32,16,8,8,8,8,activation_whitened,6,8,5.952227745698289,8,3.2384194487926568,4,4,4,4.51055669285125,8,2.222085735615216,4,6,8,5.952227745698289,8,3.2384194487926568,4,8,20260622_142008_stage4_hard_s107,source_runs/20260622_142008_stage4_hard_s107,hard_knee,107
31,observed_rank_sweep_minimum,observed_best_gap_v1,best_observed_validation_loss_on_tested_rank_grid,base_val_loss_minus_best_observed_val_loss,True,ok,6,6,1;2;4;8;16;32,0.2118716704430877,32,0.0296222005999887,0.0296222005999887,0.1822494698430989,0.1822494698430989,best_observed_validation_loss_on_tested_rank_grid,0.0025192164651075,0.2093524539779802,32,0.0332671899968506,16,0.0387346740921436,8,0.0478471475842986,4,0.0660720945686084,2,0.1207469355215382,4,0.0842970415529184,4,0.0660720945686084,8,0.0478471475842986,16,0.0387346740921436,32,16,8,8,8,8,activation_whitened,6,8,5.631583101688344,8,2.7750017826312576,4,3,4,4.119121446275703,8,1.88498748173414,2,6,8,5.631583101688344,8,2.7750017826312576,4,8,20260622_142008_stage4_hard_s107,source_runs/20260622_142008_stage4_hard_s107,hard_knee,107
32,observed_rank_sweep_minimum,observed_best_gap_v1,best_observed_validation_loss_on_tested_rank_grid,base_val_loss_minus_best_observed_val_loss,True,ok,6,6,1;2;4;8;16;32,0.0622171052769644,32,0.0065626476828735,0.0065626476828735,0.0556544575940909,0.0556544575940909,best_observed_validation_loss_on_tested_rank_grid,0.0025126355174114,0.059704469759553,16,0.0076757368347553,4,0.009345370562578,4,0.0121280934422825,2,0.0176935392016916,1,0.0343898764799189,2,0.0232589849611007,2,0.0176935392016916,4,0.0121280934422825,4,0.009345370562578,16,4,4,4,4,2,activation_whitened,2,2,2.149332539859553,4,1.7797594704189006,2,2,2,2.0082851268609896,4,1.5701186533245166,2,2,2,2.149332539859553,4,1.7797594704189006,2,2,20260622_142008_stage4_hard_s107,source_runs/20260622_142008_stage4_hard_s107,hard_knee,107
33,observed_rank_sweep_minimum,observed_best_gap_v1,best_observed_validation_loss_on_tested_rank_grid,base_val_loss_minus_best_observed_val_loss,True,ok,6,6,1;2;4;8;16;32,0.3983932439399028,32,0.0183616032042952,0.0183616032042952,0.3800316407356076,0.3800316407356076,best_observed_validation_loss_on_tested_rank_grid,0.0025029076145683,0.3958903363253345,16,0.0259622360190073,16,0.0373631852410755,8,0.0563647672778559,8,0.0943679313514167,4,0.2083774235720989,8,0.1323710954249775,8,0.0943679313514166,8,0.0563647672778559,16,0.0373631852410755,16,16,16,8,8,8,activation_whitened,8,8,7.529354661763075,8,4.74170439208583,8,6,8,6.246531250473563,8,2.979920792371781,4,8,8,7.529354661763075,8,4.74170439208583,8,8,20260622_142008_stage4_hard_s107,source_runs/20260622_142008_stage4_hard_s107,hard_knee,107
34,observed_rank_sweep_minimum,observed_best_gap_v1,best_observed_validation_loss_on_tested_rank_grid,base_val_loss_minus_best_observed_val_loss,True,ok,6,6,1;2;4;8;16;32,0.302187675724445,32,0.0058982918506448,0.0058982918506448,0.2962893838738002,0.2962893838738002,best_observed_validation_loss_on_tested_rank_grid,0.0024870693405626,0.2997006063838824,8,0.0118240795281208,4,0.0207127610443348,4,0.0355272302380248,4,0.0651561686254048,2,0.1540429837875448,4,0.0947851070127848,4,0.0651561686254048,4,0.0355272302380247,4,0.0207127610443347,8,8,8,8,4,4,activation_whitened,4,4,4.034281573210779,8,3.029931286466162,4,4,4,3.370552378577006,4,2.027886540126075,4,4,4,4.034281573210779,8,3.029931286466162,4,4,20260622_142008_stage4_hard_s107,source_runs/20260622_142008_stage4_hard_s107,hard_knee,107
35,observed_rank_sweep_minimum,observed_best_gap_v1,best_observed_validation_loss_on_tested_rank_grid,base_val_loss_minus_best_observed_val_loss,True,ok,6,6,1;2;4;8;16;32,0.306128777462395,32,0.0138688089062707,0.0138688089062707,0.2922599685561243,0.2922599685561243,best_observed_validation_loss_on_tested_rank_grid,0.0024902997836059,0.3036384776787891,32,0.0197140082773931,16,0.0284818073340769,8,0.0430948057618831,8,0.0723208026174955,2,0.1599987931843328,4,0.1015467994731079,8,0.0723208026174955,8,0.0430948057618831,16,0.0284818073340769,16,16,16,8,8,6,activation_whitened,6,8,5.56919127060243,8,3.497647291633519,4,6,8,4.623876565409444,8,2.3108701151822046,4,6,8,5.56919127060243,8,3.497647291633519,4,8,20260622_142008_stage4_hard_s107,source_runs/20260622_142008_stage4_hard_s107,hard_knee,107
36,observed_rank_sweep_minimum,observed_best_gap_v1,best_observed_validation_loss_on_tested_rank_grid,base_val_loss_minus_best_observed_val_loss,True,ok,6,6,1;2;4;8;16;32,0.2589682743578875,32,0.0075703697705497,0.0075703697705497,0.2513979045873378,0.2513979045873378,best_observed_validation_loss_on_tested_rank_grid,0.0025066133388138,0.2564616610190737,8,0.0125983278622964,4,0.0201402649999165,4,0.0327101602292834,4,0.0578499506880172,1,0.1332693220642186,2,0.082989741146751,4,0.0578499506880172,4,0.0327101602292834,4,0.0201402649999166,16,8,4,4,4,4,activation_whitened,4,4,3.475558607881601,4,2.0495645440423185,4,4,4,2.7619040915838897,4,1.5280141734815975,2,4,4,3.475558607881601,4,2.0495645440423185,4,4,20260622_142008_stage4_hard_s107,source_runs/20260622_142008_stage4_hard_s107,hard_knee,107
37,observed_rank_sweep_minimum,observed_best_gap_v1,best_observed_validation_loss_on_tested_rank_grid,base_val_loss_minus_best_observed_val_loss,True,ok,6,6,1;2;4;8;16;32,0.4891748417085806,32,0.0106611668953682,0.0106611668953682,0.4785136748132124,0.4785136748132124,best_observed_validation_loss_on_tested_rank_grid,0.0025078510623501,0.4866669906462305,16,0.0202314403916324,16,0.0345868506360288,8,0.0585125343766894,8,0.1063639018580106,4,0.2499180043019744,8,0.1542152693393319,8,0.1063639018580107,8,0.0585125343766894,16,0.0345868506360288,16,16,16,16,8,7,activation_whitened,7,8,6.665109345138215,8,4.587612786471053,8,6,8,5.0255897938315135,8,2.3504709012034803,4,7,8,6.665109345138215,8,4.587612786471053,8,8,20260622_142008_stage4_hard_s107,source_runs/20260622_142008_stage4_hard_s107,hard_knee,107
38,observed_rank_sweep_minimum,observed_best_gap_v1,best_observed_validation_loss_on_tested_rank_grid,base_val_loss_minus_best_observed_val_loss,True,ok,6,6,1;2;4;8;16;32,0.2223259809434318,32,0.033554546551358,0.033554546551358,0.1887714343920738,0.1887714343920738,best_observed_validation_loss_on_tested_rank_grid,0.002516773383314,0.2198092075601178,32,0.0373299752391994,16,0.0429931182709616,8,0.0524316899905653,4,0.0713088334297727,2,0.1279402637473949,4,0.0901859768689801,4,0.0713088334297727,8,0.0524316899905653,16,0.0429931182709616,32,16,8,8,8,7,activation_whitened,7,8,5.62295249173972,8,2.9669674129117305,4,3,4,3.787329792917709,4,1.9286572868087688,2,7,8,5.62295249173972,8,2.9669674129117305,4,8,20260622_142008_stage4_hard_s107,source_runs/20260622_142008_stage4_hard_s107,hard_knee,107
39,observed_rank_sweep_minimum,observed_best_gap_v1,best_observed_validation_loss_on_tested_rank_grid,base_val_loss_minus_best_observed_val_loss,True,ok,6,6,1;2;4;8;16;32,0.5387752973635274,32,0.0194978274020357,0.0194978274020357,0.5192774699614917,0.5192774699614917,best_observed_validation_loss_on_tested_rank_grid,0.0024833746859407,0.5362919226775866,16,0.0298833768012655,16,0.0454617009001102,8,0.0714255743981848,8,0.123353321394334,4,0.2791365623827815,4,0.1752810683904831,8,0.1233533213943339,8,0.0714255743981848,16,0.0454617009001102,16,16,8,8,8,8,activation_whitened,8,8,6.958816960590191,8,3.768203746196119,4,5,8,5.1945659007824725,8,2.3758577598012023,4,8,8,6.958816960590191,8,3.768203746196119,4,8,20260622_142008_stage4_hard_s107,source_runs/20260622_142008_stage4_hard_s107,hard_knee,107
40,observed_rank_sweep_minimum,observed_best_gap_v1,best_observed_validation_loss_on_tested_rank_grid,base_val_loss_minus_best_observed_val_loss,True,ok,6,6,1;2;4;8;16;32,0.1436477019958625,32,0.0045682012670415,0.0045682012670415,0.139079500728821,0.139079500728821,best_observed_validation_loss_on_tested_rank_grid,0.0024914207190515,0.1411562812768109,4,0.0073497912816179,2,0.0115221763034825,2,0.0184761513399236,2,0.0323841014128057,1,0.074107951631452,2,0.0462920514856877,2,0.0323841014128056,2,0.0184761513399235,2,0.0115221763034825,4,4,4,4,4,2,activation_whitened,2,2,2.133889547951822,4,1.93252500703512,2,2,2,2.0806187714432856,4,1.826966170203284,2,2,2,2.133889547951822,4,1.93252500703512,2,2,20260622_142008_stage4_hard_s107,source_runs/20260622_142008_stage4_hard_s107,hard_knee,107
41,observed_rank_sweep_minimum,observed_best_gap_v1,best_observed_validation_loss_on_tested_rank_grid,base_val_loss_minus_best_observed_val_loss,True,ok,6,6,1;2;4;8;16;32,0.1789715097436727,32,0.0094160056465673,0.0094160056465673,0.1695555040971054,0.1695555040971054,best_observed_validation_loss_on_tested_rank_grid,0.0024839352717576,0.1764875744719151,32,0.0128071157285094,16,0.0178937808514225,4,0.0263715560562778,4,0.0433271064659883,2,0.09419375769512,4,0.0602826568756989,4,0.0433271064659883,4,0.0263715560562778,16,0.0178937808514225,32,16,8,4,4,4,activation_whitened,4,4,4.049263691786623,8,3.141127604770442,4,4,4,3.223687170615048,4,1.82569811629,2,4,4,4.049263691786623,8,3.141127604770442,4,4,20260622_142008_stage4_hard_s107,source_runs/20260622_142008_stage4_hard_s107,hard_knee,107
42,observed_rank_sweep_minimum,observed_best_gap_v1,best_observed_validation_loss_on_tested_rank_grid,base_val_loss_minus_best_observed_val_loss,True,ok,6,6,1;2;4;8;16;32,0.3160332332081521,32,0.0096107248030669,0.0096107248030669,0.3064225084050851,0.3064225084050851,best_observed_validation_loss_on_tested_rank_grid,0.0024998637760325,0.3135333694321195,8,0.0157391749711686,8,0.0249318502233211,8,0.0402529756435754,4,0.0708952264840839,2,0.1628219790056095,4,0.1015374773245924,4,0.0708952264840839,8,0.0402529756435754,8,0.0249318502233211,8,8,8,8,8,5,activation_whitened,5,8,4.772770927401432,8,3.0063385149753468,4,4,4,3.763517126231532,4,2.118269998500275,4,5,8,4.772770927401432,8,3.0063385149753468,4,8,20260622_142008_stage4_hard_s107,source_runs/20260622_142008_stage4_hard_s107,hard_knee,107
43,observed_rank_sweep_minimum,observed_best_gap_v1,best_observed_validation_loss_on_tested_rank_grid,base_val_loss_minus_best_observed_val_loss,True,ok,6,6,1;2;4;8;16;32,0.2068772948913464,32,0.0330725722907923,0.0330725722907923,0.1738047226005541,0.1738047226005541,best_observed_validation_loss_on_tested_rank_grid,0.0024893367768327,0.2043879581145137,32,0.0365486667428033,32,0.04176280842082,8,0.0504530445508477,4,0.0678335168109031,2,0.1199749335910693,4,0.0852139890709585,4,0.0678335168109031,8,0.0504530445508477,32,0.04176280842082,32,32,16,8,8,8,activation_whitened,7,8,6.346042261377781,8,3.1342633172981107,4,4,4,4.2913817184972896,8,1.963042629901912,2,7,8,6.346042261377781,8,3.1342633172981107,4,8,20260622_142008_stage4_hard_s107,source_runs/20260622_142008_stage4_hard_s107,hard_knee,107
44,observed_rank_sweep_minimum,observed_best_gap_v1,best_observed_validation_loss_on_tested_rank_grid,base_val_loss_minus_best_observed_val_loss,True,ok,6,6,1;2;4;8;16;32,0.0960373694098917,32,0.0084760218498605,0.0084760218498605,0.0875613475600312,0.0875613475600312,best_observed_validation_loss_on_tested_rank_grid,0.0025097726391174,0.0935275967707743,16,0.0102272488010611,16,0.012854089227862,4,0.0172321566058636,4,0.0259882913618667,2,0.0522566956298761,4,0.0347444261178698,4,0.0259882913618667,4,0.0172321566058636,16,0.012854089227862,16,16,16,8,4,3,activation_whitened,3,4,3.041156954666681,4,2.3776734571901,4,3,4,2.923019739367669,4,2.2772305305163334,4,3,4,3.041156954666681,4,2.3776734571901,4,4,20260622_142008_stage4_hard_s107,source_runs/20260622_142008_stage4_hard_s107,hard_knee,107
45,observed_rank_sweep_minimum,observed_best_gap_v1,best_observed_validation_loss_on_tested_rank_grid,base_val_loss_minus_best_observed_val_loss,True,ok,6,6,1;2;4;8;16;32,0.3341580219838658,32,0.0107948431376053,0.0107948431376053,0.3233631788462605,0.3233631788462605,best_observed_validation_loss_on_tested_rank_grid,0.0025205077616376,0.3316375142222282,16,0.0172621067145305,8,0.0269630020799183,8,0.0431311610222313,8,0.0754674789068574,4,0.1724764325607355,4,0.1078037967914834,8,0.0754674789068574,8,0.0431311610222313,8,0.0269630020799183,16,8,8,8,8,6,activation_whitened,6,8,5.715334041978358,8,3.627038732739532,4,5,8,4.247373842620699,8,2.028129808621152,4,6,8,5.715334041978358,8,3.627038732739532,4,8,20260622_142008_stage4_hard_s107,source_runs/20260622_142008_stage4_hard_s107,hard_knee,107
46,observed_rank_sweep_minimum,observed_best_gap_v1,best_observed_validation_loss_on_tested_rank_grid,base_val_loss_minus_best_observed_val_loss,True,ok,6,6,1;2;4;8;16;32,0.3030281724482103,32,0.0122193358297351,0.0122193358297351,0.2908088366184752,0.2908088366184752,best_observed_validation_loss_on_tested_rank_grid,0.0025123132583391,0.3005158591898711,16,0.0180355125621046,16,0.0267597776606588,8,0.0413002194915826,4,0.0703811031534301,2,0.1576237541389727,4,0.0994619868152776,4,0.0703811031534301,8,0.0413002194915826,16,0.0267597776606589,16,16,16,16,4,5,activation_whitened,5,8,4.230083935355393,8,2.3347525034302627,4,2,2,2.500064678590898,4,1.36049376160899,2,5,8,4.230083935355393,8,2.3347525034302627,4,8,20260622_142008_stage4_hard_s107,source_runs/20260622_142008_stage4_hard_s107,hard_knee,107
47,observed_rank_sweep_minimum,observed_best_gap_v1,best_observed_validation_loss_on_tested_rank_grid,base_val_loss_minus_best_observed_val_loss,True,ok,6,6,1;2;4;8;16;32,0.4037134916389994,32,0.016069058059698,0.016069058059698,0.3876444335793014,0.3876444335793014,best_observed_validation_loss_on_tested_rank_grid,0.0025095594997557,0.4012039321392437,32,0.023821946731284,16,0.035451279738663,8,0.0548335014176281,8,0.0935979447755582,4,0.2098912748493487,8,0.1323623881334884,8,0.0935979447755582,8,0.0548335014176281,16,0.035451279738663,16,16,16,16,8,8,activation_whitened,8,8,7.757806651651566,8,5.555038987402235,8,7,8,6.835470042887129,8,3.922380983663102,4,8,8,7.757806651651566,8,5.555038987402235,8,8,20260622_142008_stage4_hard_s107,source_runs/20260622_142008_stage4_hard_s107,hard_knee,107
0,observed_rank_sweep_minimum,observed_best_gap_v1,best_observed_validation_loss_on_tested_rank_grid,base_val_loss_minus_best_observed_val_loss,True,ok,6,6,1;2;4;8;16;32,0.3110563252959722,32,0.010163144133957,0.010163144133957,0.3008931811620152,0.3008931811620152,best_observed_validation_loss_on_tested_rank_grid,0.0025144456304824,0.3085418796654898,16,0.0161810077571973,8,0.0252078031920577,8,0.0402524622501585,4,0.07034178036636,2,0.1606097347149646,4,0.1004310984825616,4,0.07034178036636,8,0.0402524622501585,8,0.0252078031920577,8,8,8,8,8,5,activation_whitened,5,8,4.397516688052096,8,2.485311986259765,4,3,4,3.0920367308011247,4,1.6103801281697876,2,5,8,4.397516688052096,8,2.485311986259765,4,8,20260622_142318_stage4_hard_s109,source_runs/20260622_142318_stage4_hard_s109,hard_knee,109
1,observed_rank_sweep_minimum,observed_best_gap_v1,best_observed_validation_loss_on_tested_rank_grid,base_val_loss_minus_best_observed_val_loss,True,ok,6,6,1;2;4;8;16;32,0.2815030729989111,32,0.0115643386706461,0.0115643386706461,0.269938734328265,0.269938734328265,best_observed_validation_loss_on_tested_rank_grid,0.0025288904894448,0.2789741825094662,16,0.0169631133572114,8,0.0250612753870593,4,0.0385582121034726,4,0.0655520855362991,2,0.1465337058347786,4,0.0925459589691256,4,0.0655520855362991,4,0.0385582121034726,8,0.0250612753870593,8,8,8,8,8,5,activation_whitened,5,8,4.671172860682598,8,3.3445938857885262,4,4,4,3.861257675936717,4,2.219561001342309,4,5,8,4.671172860682598,8,3.3445938857885262,4,8,20260622_142318_stage4_hard_s109,source_runs/20260622_142318_stage4_hard_s109,hard_knee,109
2,observed_rank_sweep_minimum,observed_best_gap_v1,best_observed_validation_loss_on_tested_rank_grid,base_val_loss_minus_best_observed_val_loss,True,ok,6,6,1;2;4;8;16;32,0.1360392049641552,32,0.0066271476451513,0.0066271476451513,0.1294120573190039,0.1294120573190039,best_observed_validation_loss_on_tested_rank_grid,0.0025006963251888,0.1335385086389664,8,0.0092153887915313,4,0.0130977505111014,4,0.0195683533770516,4,0.032509559108952,1,0.0713331763046532,2,0.0454507648408524,4,0.032509559108952,4,0.0195683533770516,4,0.0130977505111015,4,4,4,4,4,3,activation_whitened,3,4,2.928528148175278,4,2.0160524676447977,4,3,4,2.6467217630962296,4,1.8095910666856607,2,3,4,2.928528148175278,4,2.0160524676447977,4,4,20260622_142318_stage4_hard_s109,source_runs/20260622_142318_stage4_hard_s109,hard_knee,109
3,observed_rank_sweep_minimum,observed_best_gap_v1,best_observed_validation_loss_on_tested_rank_grid,base_val_loss_minus_best_observed_val_loss,True,ok,6,6,1;2;4;8;16;32,0.1017136524297974,32,0.0028855889977959,0.0028855889977959,0.0988280634320015,0.0988280634320015,best_observed_validation_loss_on_tested_rank_grid,0.0025023933246114,0.099211259105186,1,0.0048621502664359,1,0.0078269921693959,1,0.012768395340996,1,0.0226512016841962,1,0.0522996207137966,1,0.0325340080273963,1,0.0226512016841961,1,0.012768395340996,1,0.0078269921693959,1,1,1,1,1,1,activation_whitened,1,1,1.0417016312064835,2,1.0037926461417994,2,1,1,1.0248977906324277,2,1.002372630981618,2,1,1,1.0417016312064835,2,1.0037926461417994,2,1,20260622_142318_stage4_hard_s109,source_runs/20260622_142318_stage4_hard_s109,hard_knee,109
4,observed_rank_sweep_minimum,observed_best_gap_v1,best_observed_validation_loss_on_tested_rank_grid,base_val_loss_minus_best_observed_val_loss,True,ok,6,6,1;2;4;8;16;32,0.1392728994152117,32,0.0066773603847811,0.0066773603847811,0.1325955390304306,0.1325955390304306,best_observed_validation_loss_on_tested_rank_grid,0.0024895170962757,0.136783382318936,8,0.0093292711653897,4,0.0133071373363026,4,0.0199369142878241,4,0.0331964681908672,2,0.0729751298999964,2,0.0464560220939102,4,0.0331964681908672,4,0.0199369142878241,4,0.0133071373363026,16,8,8,8,4,3,activation_whitened,3,4,3.0190193816611544,4,2.1518952159217224,4,3,4,2.4517534312123983,4,1.5265894758121503,2,3,4,3.0190193816611544,4,2.1518952159217224,4,4,20260622_142318_stage4_hard_s109,source_runs/20260622_142318_stage4_hard_s109,hard_knee,109
5,observed_rank_sweep_minimum,observed_best_gap_v1,best_observed_validation_loss_on_tested_rank_grid,base_val_loss_minus_best_observed_val_loss,True,ok,6,6,1;2;4;8;16;32,0.1303509204361196,32,0.0330973354467812,0.0330973354467812,0.0972535849893383,0.0972535849893383,best_observed_validation_loss_on_tested_rank_grid,0.0024922357509882,0.1278586846851314,32,0.0350424071465679,32,0.0379600146962481,8,0.042822693945715,8,0.0525480524446488,2,0.0817241279414504,4,0.0622734109435827,8,0.0525480524446488,8,0.042822693945715,32,0.0379600146962481,32,32,8,8,8,8,activation_whitened,7,8,6.363025365046903,8,3.344259785525136,4,5,8,4.8129880704074886,8,2.2751774654955934,4,7,8,6.363025365046903,8,3.344259785525136,4,8,20260622_142318_stage4_hard_s109,source_runs/20260622_142318_stage4_hard_s109,hard_knee,109
6,observed_rank_sweep_minimum,observed_best_gap_v1,best_observed_validation_loss_on_tested_rank_grid,base_val_loss_minus_best_observed_val_loss,True,ok,6,6,1;2;4;8;16;32,0.3224748688723711,32,0.0267112190694432,0.0267112190694432,0.2957636498029279,0.2957636498029279,best_observed_validation_loss_on_tested_rank_grid,0.0024982779572519,0.3199765909151192,32,0.0326264920655017,16,0.0414994015595895,8,0.0562875840497359,8,0.0858639490300287,4,0.1745930439709071,4,0.1154403140103215,8,0.0858639490300287,8,0.0562875840497359,16,0.0414994015595895,32,16,16,16,8,7,activation_whitened,7,8,6.626270545335253,8,4.290834614841493,8,6,8,5.494665639495848,8,2.8807740961694512,4,7,8,6.626270545335253,8,4.290834614841493,8,8,20260622_142318_stage4_hard_s109,source_runs/20260622_142318_stage4_hard_s109,hard_knee,109
7,observed_rank_sweep_minimum,observed_best_gap_v1,best_observed_validation_loss_on_tested_rank_grid,base_val_loss_minus_best_observed_val_loss,True,ok,6,6,1;2;4;8;16;32,0.3133530446343933,32,0.019603688893085,0.019603688893085,0.2937493557413083,0.2937493557413083,best_observed_validation_loss_on_tested_rank_grid,0.0025085412898568,0.3108445033445365,32,0.0254786760079111,16,0.0342911566801504,8,0.0489786244672158,8,0.0783535600413466,4,0.1664783667637391,4,0.1077284956154775,8,0.0783535600413466,8,0.0489786244672158,16,0.0342911566801504,16,16,16,8,8,7,activation_whitened,7,8,6.317206154096723,8,3.7279958249405976,4,6,8,4.877863139417692,8,2.1785141141866218,4,7,8,6.317206154096723,8,3.7279958249405976,4,8,20260622_142318_stage4_hard_s109,source_runs/20260622_142318_stage4_hard_s109,hard_knee,109
8,observed_rank_sweep_minimum,observed_best_gap_v1,best_observed_validation_loss_on_tested_rank_grid,base_val_loss_minus_best_observed_val_loss,True,ok,6,6,1;2;4;8;16;32,0.25511581405238,32,0.0383276930273676,0.0383276930273676,0.2167881210250123,0.2167881210250123,best_observed_validation_loss_on_tested_rank_grid,0.0025266954724159,0.2525891185799641,32,0.0426634554478678,16,0.0491670990786182,8,0.0600065051298688,4,0.08168531723237,2,0.1467217535398738,4,0.1033641293348713,4,0.08168531723237,8,0.0600065051298688,16,0.0491670990786182,32,8,8,8,8,8,activation_whitened,7,8,6.417349363872159,8,3.4545754484828075,4,2,2,3.851848302759289,4,1.7332442920310058,2,7,8,6.417349363872159,8,3.4545754484828075,4,8,20260622_142318_stage4_hard_s109,source_runs/20260622_142318_stage4_hard_s109,hard_knee,109
9,observed_rank_sweep_minimum,observed_best_gap_v1,best_observed_validation_loss_on_tested_rank_grid,base_val_loss_minus_best_observed_val_loss,True,ok,6,6,1;2;4;8;16;32,0.1478074081848014,32,0.0321504452522871,0.0321504452522871,0.1156569629325142,0.1156569629325142,best_observed_validation_loss_on_tested_rank_grid,0.0025099276184016,0.1452974805663998,32,0.0344635845109373,32,0.0379332933989128,16,0.0437161415455385,8,0.0552818378387899,4,0.0899789267185442,4,0.0668475341320414,8,0.0552818378387899,16,0.0437161415455385,32,0.0379332933989128,32,32,32,16,8,7,activation_whitened,7,8,6.3808983380967605,8,4.14103721019224,8,4,4,4.307260476229834,8,1.947569108553752,2,7,8,6.3808983380967605,8,4.14103721019224,8,8,20260622_142318_stage4_hard_s109,source_runs/20260622_142318_stage4_hard_s109,hard_knee,109
10,observed_rank_sweep_minimum,observed_best_gap_v1,best_observed_validation_loss_on_tested_rank_grid,base_val_loss_minus_best_observed_val_loss,True,ok,6,6,1;2;4;8;16;32,0.2389746684068655,32,0.0040762001623899,0.0040762001623899,0.2348984682444755,0.2348984682444755,best_observed_validation_loss_on_tested_rank_grid,0.0025053674954749,0.2364693009113906,4,0.0087741695272794,4,0.0158211235746136,4,0.0275660469868374,4,0.051055893811285,2,0.1215254342846277,4,0.0745457406357326,4,0.051055893811285,4,0.0275660469868374,4,0.0158211235746137,4,4,4,4,4,3,activation_whitened,3,4,3.056676607397128,4,2.573484102867127,4,3,4,2.878745039019777,4,2.046056100855381,4,3,4,3.056676607397128,4,2.573484102867127,4,4,20260622_142318_stage4_hard_s109,source_runs/20260622_142318_stage4_hard_s109,hard_knee,109
11,observed_rank_sweep_minimum,observed_best_gap_v1,best_observed_validation_loss_on_tested_rank_grid,base_val_loss_minus_best_observed_val_loss,True,ok,6,6,1;2;4;8;16;32,0.1687780861004726,32,0.0032892738372204,0.0032892738372204,0.1654888122632521,0.1654888122632521,best_observed_validation_loss_on_tested_rank_grid,0.0025100557422006,0.166268030358272,2,0.0065990500824854,2,0.011563714450383,2,0.0198381550635456,2,0.0363870362898708,1,0.0860336799688465,2,0.052935917516196,2,0.0363870362898708,2,0.0198381550635456,2,0.011563714450383,2,2,2,2,2,2,activation_whitened,2,2,2.044571073552929,4,1.85341079841216,2,2,2,2.032561452676928,4,1.9157230524167683,2,2,2,2.044571073552929,4,1.85341079841216,2,2,20260622_142318_stage4_hard_s109,source_runs/20260622_142318_stage4_hard_s109,hard_knee,109
12,observed_rank_sweep_minimum,observed_best_gap_v1,best_observed_validation_loss_on_tested_rank_grid,base_val_loss_minus_best_observed_val_loss,True,ok,6,6,1;2;4;8;16;32,0.2615779211056317,32,0.0140998962137344,0.0140998962137344,0.2474780248918973,0.2474780248918973,best_observed_validation_loss_on_tested_rank_grid,0.0025122007919287,0.259065720313703,16,0.0190494567115723,16,0.0264737974583292,8,0.0388476987029241,4,0.0635955011921138,2,0.137838908659683,4,0.0883433036813036,4,0.0635955011921138,8,0.0388476987029241,16,0.0264737974583292,16,16,16,8,8,5,activation_whitened,5,8,4.61472800756852,8,2.7630829676070934,4,3,4,3.5657247401997934,4,2.088120739284541,4,5,8,4.61472800756852,8,2.7630829676070934,4,8,20260622_142318_stage4_hard_s109,source_runs/20260622_142318_stage4_hard_s109,hard_knee,109
13,observed_rank_sweep_minimum,observed_best_gap_v1,best_observed_validation_loss_on_tested_rank_grid,base_val_loss_minus_best_observed_val_loss,True,ok,6,6,1;2;4;8;16;32,0.3965583760271958,32,0.0068294267834539,0.0068294267834539,0.3897289492437419,0.3897289492437419,best_observed_validation_loss_on_tested_rank_grid,0.0025035642816624,0.3940548117455334,8,0.0146240057683287,8,0.0263158742456409,8,0.045802321707828,4,0.0847752166322022,4,0.2016939014053248,4,0.1237481115565765,4,0.0847752166322022,8,0.045802321707828,8,0.026315874245641,8,8,8,8,8,5,activation_whitened,5,8,4.953671029098515,8,3.648854026527849,4,4,4,3.737074182302533,4,1.884083157707516,2,5,8,4.953671029098515,8,3.648854026527849,4,8,20260622_142318_stage4_hard_s109,source_runs/20260622_142318_stage4_hard_s109,hard_knee,109
14,observed_rank_sweep_minimum,observed_best_gap_v1,best_observed_validation_loss_on_tested_rank_grid,base_val_loss_minus_best_observed_val_loss,True,ok,6,6,1;2;4;8;16;32,0.2902479157445672,32,0.0377352303288431,0.0377352303288431,0.2525126854157241,0.2525126854157241,best_observed_validation_loss_on_tested_rank_grid,0.0025073267449255,0.2877405889996417,32,0.0427854840371575,16,0.0503608645996293,16,0.0629864988704155,8,0.0882377674119879,4,0.1639915730367051,8,0.1134890359535603,8,0.0882377674119878,16,0.0629864988704154,16,0.0503608645996292,32,16,16,16,8,8,activation_whitened,8,8,7.471631096082417,8,4.598286830975739,8,5,8,5.463198650836391,8,2.426159607243209,4,8,8,7.471631096082417,8,4.598286830975739,8,8,20260622_142318_stage4_hard_s109,source_runs/20260622_142318_stage4_hard_s109,hard_knee,109
15,observed_rank_sweep_minimum,observed_best_gap_v1,best_observed_validation_loss_on_tested_rank_grid,base_val_loss_minus_best_observed_val_loss,True,ok,6,6,1;2;4;8;16;32,0.285715402982685,32,0.0128161732481858,0.0128161732481858,0.2728992297344992,0.2728992297344992,best_observed_validation_loss_on_tested_rank_grid,0.002502111479002,0.283213291503683,16,0.0182741578428757,8,0.0264611347349107,8,0.0401060962216357,4,0.0673960191950856,2,0.1492657881154354,4,0.0946859421685355,4,0.0673960191950856,8,0.0401060962216357,8,0.0264611347349107,16,16,8,8,8,5,activation_whitened,5,8,4.345795779956084,8,2.415322774953094,4,5,8,3.468871536669697,4,1.7506328285370532,2,5,8,4.345795779956084,8,2.415322774953094,4,8,20260622_142318_stage4_hard_s109,source_runs/20260622_142318_stage4_hard_s109,hard_knee,109
16,observed_rank_sweep_minimum,observed_best_gap_v1,best_observed_validation_loss_on_tested_rank_grid,base_val_loss_minus_best_observed_val_loss,True,ok,6,6,1;2;4;8;16;32,0.1817575240674722,32,0.0038078764832753,0.0038078764832753,0.1779496475841969,0.1779496475841969,best_observed_validation_loss_on_tested_rank_grid,0.0025047270539277,0.1792527970135445,2,0.0073668694349592,2,0.0127053588624851,2,0.0216028412416949,2,0.0393978060001146,1,0.0927827002753737,2,0.0571927707585343,2,0.0393978060001146,2,0.0216028412416949,2,0.0127053588624851,4,4,4,4,2,2,activation_whitened,2,2,2.072044024113334,4,1.874482326486064,2,2,2,1.8887900020162287,2,1.4357743748539529,2,2,2,2.072044024113334,4,1.874482326486064,2,2,20260622_142318_stage4_hard_s109,source_runs/20260622_142318_stage4_hard_s109,hard_knee,109
17,observed_rank_sweep_minimum,observed_best_gap_v1,best_observed_validation_loss_on_tested_rank_grid,base_val_loss_minus_best_observed_val_loss,True,ok,6,6,1;2;4;8;16;32,0.1011394054967572,32,0.0084313898666361,0.0084313898666361,0.0927080156301211,0.0927080156301211,best_observed_validation_loss_on_tested_rank_grid,0.0024958935820649,0.0986435119146923,16,0.0102855501792385,8,0.0130667906481421,4,0.0177021914296482,4,0.0269729929926603,2,0.0547853976816966,2,0.0362437945556724,4,0.0269729929926603,4,0.0177021914296482,8,0.0130667906481421,16,16,8,8,4,3,activation_whitened,3,4,3.033705927099517,4,2.4367069887557693,4,3,4,2.832725662521584,4,1.943004227201124,2,3,4,3.033705927099517,4,2.4367069887557693,4,4,20260622_142318_stage4_hard_s109,source_runs/20260622_142318_stage4_hard_s109,hard_knee,109
18,observed_rank_sweep_minimum,observed_best_gap_v1,best_observed_validation_loss_on_tested_rank_grid,base_val_loss_minus_best_observed_val_loss,True,ok,6,6,1;2;4;8;16;32,0.0808580081220268,32,0.0142155926235848,0.0142155926235848,0.066642415498442,0.066642415498442,best_observed_validation_loss_on_tested_rank_grid,0.0025140489591068,0.07834395916292,16,0.0155484409335536,16,0.0175477133985069,16,0.020879834173429,4,0.0275440757232732,4,0.0475368003728058,4,0.0342083172731174,4,0.0275440757232731,16,0.0208798341734289,16,0.0175477133985069,16,16,16,16,16,3,activation_whitened,3,4,3.2292844250183363,4,2.794549529448128,4,3,4,2.984275139201546,4,1.9739371675656352,2,3,4,3.2292844250183363,4,2.794549529448128,4,4,20260622_142318_stage4_hard_s109,source_runs/20260622_142318_stage4_hard_s109,hard_knee,109
19,observed_rank_sweep_minimum,observed_best_gap_v1,best_observed_validation_loss_on_tested_rank_grid,base_val_loss_minus_best_observed_val_loss,True,ok,6,6,1;2;4;8;16;32,0.2698010264437557,32,0.0074558610084348,0.0074558610084348,0.2623451654353209,0.2623451654353209,best_observed_validation_loss_on_tested_rank_grid,0.0025029460172273,0.2672980804265284,16,0.0127027643171412,4,0.0205731192802008,4,0.0336903775519668,4,0.0599248940954989,2,0.1386284437260952,4,0.0861594106390311,4,0.0599248940954989,4,0.0336903775519669,4,0.0205731192802008,16,16,4,4,4,4,activation_whitened,4,4,3.886412008756951,4,2.5328643102613104,4,2,2,2.346554402995314,4,1.346930701668592,2,4,4,3.886412008756951,4,2.5328643102613104,4,4,20260622_142318_stage4_hard_s109,source_runs/20260622_142318_stage4_hard_s109,hard_knee,109
20,observed_rank_sweep_minimum,observed_best_gap_v1,best_observed_validation_loss_on_tested_rank_grid,base_val_loss_minus_best_observed_val_loss,True,ok,6,6,1;2;4;8;16;32,0.1153102476137087,32,0.0050992886816005,0.0050992886816005,0.1102109589321082,0.1102109589321082,best_observed_validation_loss_on_tested_rank_grid,0.0025042179440896,0.1128060296696191,8,0.0073035078602426,2,0.0106098366282059,2,0.0161203845748113,2,0.0271414804680221,1,0.0602047681476546,2,0.0381625763612329,2,0.0271414804680221,2,0.0161203845748113,2,0.0106098366282059,8,2,2,2,2,2,activation_whitened,2,2,2.148993476432085,4,1.7935714006800745,2,2,2,2.123359977165067,4,1.7745860584054685,2,2,2,2.148993476432085,4,1.7935714006800745,2,2,20260622_142318_stage4_hard_s109,source_runs/20260622_142318_stage4_hard_s109,hard_knee,109
21,observed_rank_sweep_minimum,observed_best_gap_v1,best_observed_validation_loss_on_tested_rank_grid,base_val_loss_minus_best_observed_val_loss,True,ok,6,6,1;2;4;8;16;32,0.0644255230003053,32,0.0055312466514109,0.0055312466514109,0.0588942763488943,0.0588942763488943,best_observed_validation_loss_on_tested_rank_grid,0.0024987501892598,0.0619267728110454,2,0.0067091321783887,1,0.0084759604688556,1,0.0114206742863003,1,0.0173101019211897,1,0.0349783848258581,1,0.0231995295560792,1,0.0173101019211897,1,0.0114206742863003,1,0.0084759604688556,2,2,2,2,2,1,activation_whitened,1,1,1.2907654347834645,2,1.03970739143249,2,1,1,1.3995631391073542,2,1.06436480298065,2,1,1,1.2907654347834645,2,1.03970739143249,2,1,20260622_142318_stage4_hard_s109,source_runs/20260622_142318_stage4_hard_s109,hard_knee,109
22,observed_rank_sweep_minimum,observed_best_gap_v1,best_observed_validation_loss_on_tested_rank_grid,base_val_loss_minus_best_observed_val_loss,True,ok,6,6,1;2;4;8;16;32,0.201224168294832,32,0.0160969519880562,0.0160969519880562,0.1851272163067758,0.1851272163067758,best_observed_validation_loss_on_tested_rank_grid,0.0024913013761611,0.1987328669186709,32,0.0197994963141917,32,0.0253533128033949,8,0.0346096736187337,4,0.0531223952494113,2,0.1086605601414441,4,0.0716351168800889,4,0.0531223952494113,8,0.0346096736187337,32,0.0253533128033949,32,32,8,8,4,5,activation_whitened,5,8,4.235844150323941,8,2.3434862379469044,4,3,4,2.7762987868613127,4,1.4653102595817518,2,5,8,4.235844150323941,8,2.3434862379469044,4,8,20260622_142318_stage4_hard_s109,source_runs/20260622_142318_stage4_hard_s109,hard_knee,109
23,observed_rank_sweep_minimum,observed_best_gap_v1,best_observed_validation_loss_on_tested_rank_grid,base_val_loss_minus_best_observed_val_loss,True,ok,6,6,1;2;4;8;16;32,0.2195525586182443,32,0.0206121442745891,0.0206121442745891,0.1989404143436552,0.1989404143436552,best_observed_validation_loss_on_tested_rank_grid,0.0024967417474732,0.2170558168707711,32,0.0245909525614622,16,0.0305591649917718,8,0.0405061857089546,4,0.0604002271433201,2,0.1200823514464167,4,0.0802942685776856,4,0.0604002271433201,8,0.0405061857089546,16,0.0305591649917718,32,16,16,16,8,6,activation_whitened,6,8,5.5738703987631855,8,3.2053020709605407,4,3,4,3.7975742575928,4,1.8649337787684457,2,6,8,5.5738703987631855,8,3.2053020709605407,4,8,20260622_142318_stage4_hard_s109,source_runs/20260622_142318_stage4_hard_s109,hard_knee,109
24,observed_rank_sweep_minimum,observed_best_gap_v1,best_observed_validation_loss_on_tested_rank_grid,base_val_loss_minus_best_observed_val_loss,True,ok,6,6,1;2;4;8;16;32,0.3326049575985743,32,0.017477866366284,0.017477866366284,0.3151270912322902,0.3151270912322902,best_observed_validation_loss_on_tested_rank_grid,0.0025259316587037,0.3300790259398706,32,0.0237804081909298,8,0.0332342209278985,8,0.048990575489513,8,0.080503284612742,2,0.1750414119824291,4,0.1120159937359711,8,0.080503284612742,8,0.048990575489513,8,0.0332342209278985,32,8,8,8,8,6,activation_whitened,6,8,5.333490316325637,8,3.247690036771214,4,4,4,3.584256325023884,4,1.8368199603804336,2,6,8,5.333490316325637,8,3.247690036771214,4,8,20260622_142318_stage4_hard_s109,source_runs/20260622_142318_stage4_hard_s109,hard_knee,109
25,observed_rank_sweep_minimum,observed_best_gap_v1,best_observed_validation_loss_on_tested_rank_grid,base_val_loss_minus_best_observed_val_loss,True,ok,6,6,1;2;4;8;16;32,0.2009136488557791,32,0.0049509328725912,0.0049509328725912,0.1959627159831878,0.1959627159831878,best_observed_validation_loss_on_tested_rank_grid,0.0024930531110515,0.1984205957447276,2,0.0088701871922549,2,0.0147490686717505,2,0.0245472044709099,2,0.0441434760692287,1,0.1029322908641851,2,0.0637397476675475,2,0.0441434760692287,2,0.0245472044709099,2,0.0147490686717506,2,2,2,2,2,2,activation_whitened,2,2,2.1277124094927484,4,1.7593748487079046,2,2,2,1.9658332286893203,2,1.4422318422233742,2,2,2,2.1277124094927484,4,1.7593748487079046,2,2,20260622_142318_stage4_hard_s109,source_runs/20260622_142318_stage4_hard_s109,hard_knee,109
26,observed_rank_sweep_minimum,observed_best_gap_v1,best_observed_validation_loss_on_tested_rank_grid,base_val_loss_minus_best_observed_val_loss,True,ok,6,6,1;2;4;8;16;32,0.1142923471071075,32,0.0077053929368329,0.0077053929368329,0.1065869541702746,0.1065869541702746,best_observed_validation_loss_on_tested_rank_grid,0.0024952105452745,0.111797136561833,16,0.0098371320202383,4,0.0130347406453466,2,0.0183640883538603,1,0.0290227837708878,1,0.0609988700219702,1,0.0396814791879152,1,0.0290227837708878,2,0.0183640883538603,4,0.0130347406453466,8,4,4,4,4,2,activation_whitened,2,2,1.7383012585923932,2,1.2773912342155302,2,1,1,1.2757396735264046,2,1.068553526942931,2,2,2,1.7383012585923932,2,1.2773912342155302,2,2,20260622_142318_stage4_hard_s109,source_runs/20260622_142318_stage4_hard_s109,hard_knee,109
27,observed_rank_sweep_minimum,observed_best_gap_v1,best_observed_validation_loss_on_tested_rank_grid,base_val_loss_minus_best_observed_val_loss,True,ok,6,6,1;2;4;8;16;32,0.1322042728275701,32,0.0110582638583048,0.0110582638583048,0.1211460089692653,0.1211460089692653,best_observed_validation_loss_on_tested_rank_grid,0.0025081114513161,0.129696161376254,16,0.0134811840376901,8,0.017115564306768,8,0.0231728647552313,4,0.0352874656521578,2,0.0716312683429374,4,0.0474020665490843,4,0.0352874656521578,8,0.0231728647552313,8,0.017115564306768,16,16,8,8,8,4,activation_whitened,4,4,3.895697639251349,4,2.769042699373178,4,4,4,3.596495888205762,4,2.503060415813527,4,4,4,3.895697639251349,4,2.769042699373178,4,4,20260622_142318_stage4_hard_s109,source_runs/20260622_142318_stage4_hard_s109,hard_knee,109
28,observed_rank_sweep_minimum,observed_best_gap_v1,best_observed_validation_loss_on_tested_rank_grid,base_val_loss_minus_best_observed_val_loss,True,ok,6,6,1;2;4;8;16;32,0.1247282613259446,32,0.006841517500437,0.006841517500437,0.1178867438255076,0.1178867438255076,best_observed_validation_loss_on_tested_rank_grid,0.0025052635665978,0.1222229977593468,8,0.0091992523769471,8,0.0127358546917123,8,0.0186301918829877,4,0.0304188662655385,2,0.0657848894131908,2,0.0422075406480892,4,0.0304188662655385,8,0.0186301918829877,8,0.0127358546917123,8,8,8,8,8,3,activation_whitened,3,4,3.120824765982436,4,2.486104496818335,4,3,4,3.020084904281261,4,2.1472936116222443,4,3,4,3.120824765982436,4,2.486104496818335,4,4,20260622_142318_stage4_hard_s109,source_runs/20260622_142318_stage4_hard_s109,hard_knee,109
29,observed_rank_sweep_minimum,observed_best_gap_v1,best_observed_validation_loss_on_tested_rank_grid,base_val_loss_minus_best_observed_val_loss,True,ok,6,6,1;2;4;8;16;32,0.4274116394337212,32,0.0304255564850695,0.0304255564850695,0.3969860829486517,0.3969860829486517,best_observed_validation_loss_on_tested_rank_grid,0.002510492078944,0.4249011473547772,16,0.0383652781440425,16,0.050274860632502,4,0.0701241647799346,4,0.1098227730747998,2,0.2289185979593953,4,0.149521381369665,4,0.1098227730747998,4,0.0701241647799346,16,0.050274860632502,16,16,16,8,4,7,activation_whitened,5,8,4.7219694782883375,8,2.2746031755313822,4,2,2,2.425087295403181,4,1.3099587514300732,2,5,8,4.7219694782883375,8,2.2746031755313822,4,8,20260622_142318_stage4_hard_s109,source_runs/20260622_142318_stage4_hard_s109,hard_knee,109
30,observed_rank_sweep_minimum,observed_best_gap_v1,best_observed_validation_loss_on_tested_rank_grid,base_val_loss_minus_best_observed_val_loss,True,ok,6,6,1;2;4;8;16;32,0.0380188799314719,32,0.0052770247613518,0.0052770247613518,0.0327418551701201,0.0327418551701201,best_observed_validation_loss_on_tested_rank_grid,0.0024920797840538,0.035526800147418,32,0.0059318618647542,8,0.0069141175198578,8,0.0085512102783638,4,0.0118253957953758,1,0.0216479523464118,2,0.0150995813123878,4,0.0118253957953758,8,0.0085512102783638,8,0.0069141175198578,8,8,8,8,8,1,activation_whitened,1,1,1.118887352761944,2,1.0119202211047942,2,1,1,1.0958356305022472,2,1.010344076829932,2,1,1,1.118887352761944,2,1.0119202211047942,2,1,20260622_142318_stage4_hard_s109,source_runs/20260622_142318_stage4_hard_s109,hard_knee,109
31,observed_rank_sweep_minimum,observed_best_gap_v1,best_observed_validation_loss_on_tested_rank_grid,base_val_loss_minus_best_observed_val_loss,True,ok,6,6,1;2;4;8;16;32,0.13168303954881,32,0.0053288285878331,0.0053288285878331,0.1263542109609769,0.1263542109609769,best_observed_validation_loss_on_tested_rank_grid,0.0024951497890774,0.1291878897597326,4,0.0078559128070526,2,0.0116465391358819,2,0.0179642496839307,2,0.0305996707800284,1,0.0685059340683215,2,0.0432350918761261,2,0.0305996707800284,2,0.0179642496839307,2,0.0116465391358819,8,4,4,2,2,2,activation_whitened,2,2,2.1338874970185966,4,1.819818554585912,2,2,2,1.7956825572772193,2,1.3016974546712308,2,2,2,2.1338874970185966,4,1.819818554585912,2,2,20260622_142318_stage4_hard_s109,source_runs/20260622_142318_stage4_hard_s109,hard_knee,109
32,observed_rank_sweep_minimum,observed_best_gap_v1,best_observed_validation_loss_on_tested_rank_grid,base_val_loss_minus_best_observed_val_loss,True,ok,6,6,1;2;4;8;16;32,0.4112773866532859,32,0.0051908095888236,0.0051908095888236,0.4060865770644623,0.4060865770644623,best_observed_validation_loss_on_tested_rank_grid,0.002512455151144,0.4087649315021419,8,0.0133125411301128,8,0.0254951384420467,8,0.0457994672952698,4,0.086408125001716,4,0.2082340981210547,4,0.1270167827081623,4,0.086408125001716,8,0.0457994672952698,8,0.0254951384420467,8,8,8,8,8,5,activation_whitened,5,8,4.795553823618653,8,3.088835121863035,4,5,8,3.400833468748298,4,1.7031203349797253,2,5,8,4.795553823618653,8,3.088835121863035,4,8,20260622_142318_stage4_hard_s109,source_runs/20260622_142318_stage4_hard_s109,hard_knee,109
33,observed_rank_sweep_minimum,observed_best_gap_v1,best_observed_validation_loss_on_tested_rank_grid,base_val_loss_minus_best_observed_val_loss,True,ok,6,6,1;2;4;8;16;32,0.2231813098920144,32,0.0055707563016188,0.0055707563016188,0.2176105535903956,0.2176105535903956,best_observed_validation_loss_on_tested_rank_grid,0.0025026399438877,0.2206786699481267,8,0.0099229673734267,4,0.0164512839811385,4,0.0273318116606583,4,0.0490928670196979,2,0.1143760330968166,4,0.0708539223787375,4,0.0490928670196978,4,0.0273318116606583,4,0.0164512839811385,8,8,8,4,4,4,activation_whitened,4,4,3.915388154003771,4,2.826947182944428,4,4,4,3.563202808096579,4,2.476874425211828,4,4,4,3.915388154003771,4,2.826947182944428,4,4,20260622_142318_stage4_hard_s109,source_runs/20260622_142318_stage4_hard_s109,hard_knee,109
34,observed_rank_sweep_minimum,observed_best_gap_v1,best_observed_validation_loss_on_tested_rank_grid,base_val_loss_minus_best_observed_val_loss,True,ok,6,6,1;2;4;8;16;32,0.1713736308998527,32,0.0375693695509688,0.0375693695509688,0.1338042613488839,0.1338042613488839,best_observed_validation_loss_on_tested_rank_grid,0.0024917519288734,0.1688818789709792,32,0.0402454547779464,16,0.0442595826184129,16,0.0509497956858571,8,0.0643302218207455,4,0.1044715002254107,8,0.0777106479556339,8,0.0643302218207455,16,0.0509497956858571,16,0.0442595826184129,32,16,16,16,16,7,activation_whitened,7,8,6.8903784783164745,8,5.05428954270084,8,7,8,5.956968126437217,8,3.2131560246272346,4,7,8,6.8903784783164745,8,5.05428954270084,8,8,20260622_142318_stage4_hard_s109,source_runs/20260622_142318_stage4_hard_s109,hard_knee,109
35,observed_rank_sweep_minimum,observed_best_gap_v1,best_observed_validation_loss_on_tested_rank_grid,base_val_loss_minus_best_observed_val_loss,True,ok,6,6,1;2;4;8;16;32,0.2479231637915002,32,0.0075416832431756,0.0075416832431756,0.2403814805483246,0.2403814805483246,best_observed_validation_loss_on_tested_rank_grid,0.0024944641688869,0.2454286996226133,8,0.012349312854142,4,0.0195607572705918,4,0.031579831298008,4,0.0556179793528405,2,0.1277324235173379,4,0.079656127407673,4,0.0556179793528405,4,0.031579831298008,4,0.0195607572705918,16,4,4,4,4,4,activation_whitened,4,4,3.828642013940117,4,2.801684986906034,4,4,4,3.1630649517227853,4,2.0066258706483544,4,4,4,3.828642013940117,4,2.801684986906034,4,4,20260622_142318_stage4_hard_s109,source_runs/20260622_142318_stage4_hard_s109,hard_knee,109
36,observed_rank_sweep_minimum,observed_best_gap_v1,best_observed_validation_loss_on_tested_rank_grid,base_val_loss_minus_best_observed_val_loss,True,ok,6,6,1;2;4;8;16;32,0.1541853184891407,32,0.0324957322393598,0.0324957322393598,0.1216895862497808,0.1216895862497808,best_observed_validation_loss_on_tested_rank_grid,0.002511802831181,0.1516735156579597,32,0.0349295239643554,32,0.0385802115518488,16,0.0446646908643378,8,0.0568336494893159,4,0.0933405253642502,4,0.069002608114294,8,0.0568336494893159,16,0.0446646908643379,32,0.0385802115518488,32,32,32,8,8,8,activation_whitened,7,8,6.797372523187457,8,3.850113357687268,4,4,4,4.389886700981542,8,1.934683047066481,2,7,8,6.797372523187457,8,3.850113357687268,4,8,20260622_142318_stage4_hard_s109,source_runs/20260622_142318_stage4_hard_s109,hard_knee,109
37,observed_rank_sweep_minimum,observed_best_gap_v1,best_observed_validation_loss_on_tested_rank_grid,base_val_loss_minus_best_observed_val_loss,True,ok,6,6,1;2;4;8;16;32,0.1755378310253139,32,0.0054446333024707,0.0054446333024707,0.1700931977228432,0.1700931977228432,best_observed_validation_loss_on_tested_rank_grid,0.0024919657255975,0.1730458652997163,2,0.0088464972569275,2,0.0139492931886128,2,0.022453953074755,2,0.0394632728470393,1,0.0904912321638923,2,0.0564725926193236,2,0.0394632728470393,2,0.022453953074755,2,0.0139492931886128,4,4,4,2,2,2,activation_whitened,2,2,2.205022798763824,4,1.815154349452896,2,2,2,2.097270981004549,4,1.6773179092966546,2,2,2,2.205022798763824,4,1.815154349452896,2,2,20260622_142318_stage4_hard_s109,source_runs/20260622_142318_stage4_hard_s109,hard_knee,109
38,observed_rank_sweep_minimum,observed_best_gap_v1,best_observed_validation_loss_on_tested_rank_grid,base_val_loss_minus_best_observed_val_loss,True,ok,6,6,1;2;4;8;16;32,0.0790201620374375,32,0.0050186899330262,0.0050186899330262,0.0740014721044113,0.0740014721044113,best_observed_validation_loss_on_tested_rank_grid,0.0024868605409486,0.0765333014964889,16,0.0064987193751144,4,0.0087187635382467,4,0.0124188371434673,2,0.0198189843539084,1,0.0420194259852318,2,0.0272191315643495,2,0.0198189843539084,4,0.0124188371434673,4,0.0087187635382467,16,8,4,4,4,2,activation_whitened,2,2,2.092540404791236,4,1.8607499775731675,2,2,2,1.876958367221359,2,1.426664789807878,2,2,2,2.092540404791236,4,1.8607499775731675,2,2,20260622_142318_stage4_hard_s109,source_runs/20260622_142318_stage4_hard_s109,hard_knee,109
39,observed_rank_sweep_minimum,observed_best_gap_v1,best_observed_validation_loss_on_tested_rank_grid,base_val_loss_minus_best_observed_val_loss,True,ok,6,6,1;2;4;8;16;32,0.4371575950470862,32,0.003978703605361,0.003978703605361,0.4331788914417251,0.4331788914417251,best_observed_validation_loss_on_tested_rank_grid,0.0024968266748238,0.4346607683722623,4,0.0126422814341955,4,0.0256376481774472,4,0.0472965927495335,4,0.090614481893706,2,0.2205681493262236,4,0.1339323710378785,4,0.090614481893706,4,0.0472965927495335,4,0.0256376481774472,4,4,4,4,4,4,activation_whitened,4,4,3.751850642010214,4,2.38505350751648,4,2,2,2.3161854556058152,4,1.345657427592467,2,4,4,3.751850642010214,4,2.38505350751648,4,4,20260622_142318_stage4_hard_s109,source_runs/20260622_142318_stage4_hard_s109,hard_knee,109
40,observed_rank_sweep_minimum,observed_best_gap_v1,best_observed_validation_loss_on_tested_rank_grid,base_val_loss_minus_best_observed_val_loss,True,ok,6,6,1;2;4;8;16;32,0.0457722609054274,32,0.0039295924371624,0.0039295924371624,0.041842668468265,0.041842668468265,best_observed_validation_loss_on_tested_rank_grid,0.0024940636752718,0.0432781972301556,8,0.0047664458065277,1,0.0060217258605756,1,0.0081138592839889,1,0.0122981261308154,1,0.0248509266712949,1,0.0164823929776419,1,0.0122981261308154,1,0.0081138592839888,1,0.0060217258605756,8,1,1,1,1,1,activation_whitened,1,1,1.1386445780690293,2,1.014998607799181,2,1,1,1.1323481774590918,2,1.0169694893554242,2,1,1,1.1386445780690293,2,1.014998607799181,2,1,20260622_142318_stage4_hard_s109,source_runs/20260622_142318_stage4_hard_s109,hard_knee,109
41,observed_rank_sweep_minimum,observed_best_gap_v1,best_observed_validation_loss_on_tested_rank_grid,base_val_loss_minus_best_observed_val_loss,True,ok,6,6,1;2;4;8;16;32,0.4634989401214568,32,0.0096819756437521,0.0096819756437521,0.4538169644777047,0.4538169644777047,best_observed_validation_loss_on_tested_rank_grid,0.0024824663853106,0.4610164737361462,16,0.0187583149333061,8,0.0323728238676373,8,0.0550636720915225,8,0.100445368539293,4,0.2365904578826044,8,0.1458270649870635,8,0.100445368539293,8,0.0550636720915225,8,0.0323728238676373,16,8,8,8,8,7,activation_whitened,7,8,6.749058078411414,8,4.704988571833162,8,5,8,5.287244734980872,8,2.361283390651917,4,7,8,6.749058078411414,8,4.704988571833162,8,8,20260622_142318_stage4_hard_s109,source_runs/20260622_142318_stage4_hard_s109,hard_knee,109
42,observed_rank_sweep_minimum,observed_best_gap_v1,best_observed_validation_loss_on_tested_rank_grid,base_val_loss_minus_best_observed_val_loss,True,ok,6,6,1;2;4;8;16;32,0.2862812476627412,32,0.0102934784782424,0.0102934784782424,0.2759877691844988,0.2759877691844988,best_observed_validation_loss_on_tested_rank_grid,0.0024907286962368,0.2837905189665044,16,0.0158132338619323,8,0.0240928669374673,8,0.0378922553966922,4,0.0654910323151421,2,0.1482873630704918,4,0.093089809233592,4,0.0654910323151421,8,0.0378922553966922,8,0.0240928669374673,16,16,8,8,8,5,activation_whitened,5,8,4.884549981775178,8,3.457675200375004,4,5,8,4.026154073637718,8,2.211819233002085,4,5,8,4.884549981775178,8,3.457675200375004,4,8,20260622_142318_stage4_hard_s109,source_runs/20260622_142318_stage4_hard_s109,hard_knee,109
43,observed_rank_sweep_minimum,observed_best_gap_v1,best_observed_validation_loss_on_tested_rank_grid,base_val_loss_minus_best_observed_val_loss,True,ok,6,6,1;2;4;8;16;32,0.1954784447748721,32,0.005612453122028,0.005612453122028,0.1898659916528441,0.1898659916528441,best_observed_validation_loss_on_tested_rank_grid,0.0024990633017455,0.1929793814731266,4,0.0094097729550848,4,0.0151057527046702,4,0.0245990522873124,4,0.0435856514525968,2,0.10054544894845,2,0.0625722506178812,4,0.0435856514525967,4,0.0245990522873124,4,0.0151057527046702,4,4,4,4,4,3,activation_whitened,3,4,3.142205548256419,4,2.6394117282428766,4,3,4,2.9469353189828524,4,1.9929818899713667,2,3,4,3.142205548256419,4,2.6394117282428766,4,4,20260622_142318_stage4_hard_s109,source_runs/20260622_142318_stage4_hard_s109,hard_knee,109
44,observed_rank_sweep_minimum,observed_best_gap_v1,best_observed_validation_loss_on_tested_rank_grid,base_val_loss_minus_best_observed_val_loss,True,ok,6,6,1;2;4;8;16;32,0.3209816438486527,32,0.0052272628564217,0.0052272628564217,0.3157543809922309,0.3157543809922309,best_observed_validation_loss_on_tested_rank_grid,0.0025202882244749,0.3184613556241777,4,0.0115423504762663,4,0.0210149819060332,4,0.0368027009556448,4,0.0683781390548678,2,0.1631044533525372,4,0.099953577154091,4,0.0683781390548678,4,0.0368027009556448,4,0.0210149819060332,4,4,4,4,4,4,activation_whitened,4,4,3.891624891402726,4,2.987729530298588,4,4,4,3.2167524922817314,4,1.8816300544367504,2,4,4,3.891624891402726,4,2.987729530298588,4,4,20260622_142318_stage4_hard_s109,source_runs/20260622_142318_stage4_hard_s109,hard_knee,109
45,observed_rank_sweep_minimum,observed_best_gap_v1,best_observed_validation_loss_on_tested_rank_grid,base_val_loss_minus_best_observed_val_loss,True,ok,6,6,1;2;4;8;16;32,0.1787432366612013,32,0.0099270794364053,0.0099270794364053,0.1688161572247959,0.1688161572247959,best_observed_validation_loss_on_tested_rank_grid,0.0025034008449563,0.176239835816245,32,0.0133034025809012,8,0.0183678872976451,8,0.0268086951588849,4,0.0436903108813645,2,0.0943351580488033,4,0.0605719266038441,4,0.0436903108813644,8,0.0268086951588849,8,0.0183678872976451,8,8,8,8,8,4,activation_whitened,4,4,4.002952843368342,8,3.300301574929117,4,4,4,3.3557706687912803,4,1.998092127116998,2,4,4,4.002952843368342,8,3.300301574929117,4,4,20260622_142318_stage4_hard_s109,source_runs/20260622_142318_stage4_hard_s109,hard_knee,109
46,observed_rank_sweep_minimum,observed_best_gap_v1,best_observed_validation_loss_on_tested_rank_grid,base_val_loss_minus_best_observed_val_loss,True,ok,6,6,1;2;4;8;16;32,0.1476808059801401,32,0.0058276700187668,0.0058276700187668,0.1418531359613733,0.1418531359613733,best_observed_validation_loss_on_tested_rank_grid,0.0024938540145959,0.1451869519655442,8,0.0086647327379942,4,0.0129203268168354,4,0.0200129836149041,4,0.0341982972110414,2,0.0767542379994534,2,0.0483836108071788,4,0.0341982972110414,4,0.0200129836149041,4,0.0129203268168354,8,8,8,4,4,3,activation_whitened,3,4,3.03735872729561,4,2.5404707280909804,4,3,4,2.750268090128484,4,1.865955353997513,2,3,4,3.03735872729561,4,2.5404707280909804,4,4,20260622_142318_stage4_hard_s109,source_runs/20260622_142318_stage4_hard_s109,hard_knee,109
47,observed_rank_sweep_minimum,observed_best_gap_v1,best_observed_validation_loss_on_tested_rank_grid,base_val_loss_minus_best_observed_val_loss,True,ok,6,6,1;2;4;8;16;32,0.1097419986899588,32,0.0027931532750628,0.0027931532750628,0.106948845414896,0.106948845414896,best_observed_validation_loss_on_tested_rank_grid,0.002485900488556,0.1072560982014028,1,0.0049321301833607,1,0.0081405955458076,1,0.0134880378165524,1,0.024182922358042,1,0.0562675759825108,1,0.0348778068995316,1,0.0241829223580419,1,0.0134880378165524,1,0.0081405955458076,1,1,1,1,1,1,activation_whitened,1,1,1.0418019450584972,2,1.0038504537176585,2,1,1,1.0198383555652075,2,1.0018640633702618,2,1,1,1.0418019450584972,2,1.0038504537176585,2,1,20260622_142318_stage4_hard_s109,source_runs/20260622_142318_stage4_hard_s109,hard_knee,109
0,observed_rank_sweep_minimum,observed_best_gap_v1,best_observed_validation_loss_on_tested_rank_grid,base_val_loss_minus_best_observed_val_loss,True,ok,6,6,1;2;4;8;16;32,0.1425107463055051,32,0.0096943090134662,0.0096943090134662,0.1328164372920388,0.1328164372920388,best_observed_validation_loss_on_tested_rank_grid,0.0025136447607339,0.1399971015447711,8,0.0123506377593069,8,0.0163351308780681,8,0.02297595274267,8,0.0362575964718739,2,0.0761025276594856,4,0.0495392402010778,8,0.0362575964718739,8,0.0229759527426701,8,0.0163351308780681,8,8,8,8,8,3,activation_whitened,3,4,3.064921297298386,4,2.30411626070001,4,3,4,2.552981156353728,4,1.5868285090018202,2,3,4,3.064921297298386,4,2.30411626070001,4,4,20260622_142627_stage4_hard_s113,source_runs/20260622_142627_stage4_hard_s113,hard_knee,113
1,observed_rank_sweep_minimum,observed_best_gap_v1,best_observed_validation_loss_on_tested_rank_grid,base_val_loss_minus_best_observed_val_loss,True,ok,6,6,1;2;4;8;16;32,0.0538337844035122,32,0.0035560684404385,0.0035560684404385,0.0502777159630737,0.0502777159630737,best_observed_validation_loss_on_tested_rank_grid,0.0025021474729578,0.0513316369305544,4,0.0045616227596999,1,0.0060699542385921,1,0.0085838400367458,1,0.0136116116330532,1,0.0286949264219753,1,0.0186393832293606,1,0.0136116116330532,1,0.0085838400367458,1,0.0060699542385921,4,4,4,1,1,1,activation_whitened,1,1,1.0999410129903269,2,1.0102136688737962,2,1,1,1.0673992138557469,2,1.0074240498603446,2,1,1,1.0999410129903269,2,1.0102136688737962,2,1,20260622_142627_stage4_hard_s113,source_runs/20260622_142627_stage4_hard_s113,hard_knee,113
2,observed_rank_sweep_minimum,observed_best_gap_v1,best_observed_validation_loss_on_tested_rank_grid,base_val_loss_minus_best_observed_val_loss,True,ok,6,6,1;2;4;8;16;32,0.1124786103927426,32,0.0046329711906609,0.0046329711906609,0.1078456392020816,0.1078456392020816,best_observed_validation_loss_on_tested_rank_grid,0.0025003248972642,0.1099782854954783,8,0.0067898839747025,2,0.0100252531507649,2,0.015417535110869,2,0.0262020990310772,1,0.0585557907917017,2,0.0369866629512854,2,0.0262020990310772,2,0.015417535110869,2,0.0100252531507649,8,2,2,2,2,2,activation_whitened,2,2,2.0859703434353527,4,1.7153099014621032,2,2,2,1.7091537146028386,2,1.27066850790813,2,2,2,2.0859703434353527,4,1.7153099014621032,2,2,20260622_142627_stage4_hard_s113,source_runs/20260622_142627_stage4_hard_s113,hard_knee,113
3,observed_rank_sweep_minimum,observed_best_gap_v1,best_observed_validation_loss_on_tested_rank_grid,base_val_loss_minus_best_observed_val_loss,True,ok,6,6,1;2;4;8;16;32,0.3622078808630248,32,0.0233693533676666,0.0233693533676666,0.3388385274953582,0.3388385274953582,best_observed_validation_loss_on_tested_rank_grid,0.0024977219468994,0.3597101589161254,32,0.0301461239175737,16,0.0403112797424345,8,0.0572532061172024,8,0.0911370588667382,2,0.1927886171153457,4,0.125020911616274,8,0.0911370588667382,8,0.0572532061172024,16,0.0403112797424345,32,16,8,8,8,7,activation_whitened,7,8,5.816647649790373,8,3.377418204534318,4,3,4,3.967198520066869,4,1.8885949314961965,2,7,8,5.816647649790373,8,3.377418204534318,4,8,20260622_142627_stage4_hard_s113,source_runs/20260622_142627_stage4_hard_s113,hard_knee,113
4,observed_rank_sweep_minimum,observed_best_gap_v1,best_observed_validation_loss_on_tested_rank_grid,base_val_loss_minus_best_observed_val_loss,True,ok,6,6,1;2;4;8;16;32,0.1029946527215418,32,0.0049644713977503,0.0049644713977503,0.0980301813237915,0.0980301813237915,best_observed_validation_loss_on_tested_rank_grid,0.0024974578544778,0.100497194867064,8,0.0069250750242261,4,0.0098659804639398,4,0.0147674895301294,2,0.0245705076625086,1,0.053979562059646,2,0.0343735257948877,2,0.0245705076625085,4,0.0147674895301294,4,0.0098659804639398,8,8,4,4,4,2,activation_whitened,2,2,2.0698436417126698,4,1.667000712593045,2,2,2,1.7697944569478157,2,1.3072163169928672,2,2,2,2.0698436417126698,4,1.667000712593045,2,2,20260622_142627_stage4_hard_s113,source_runs/20260622_142627_stage4_hard_s113,hard_knee,113
5,observed_rank_sweep_minimum,observed_best_gap_v1,best_observed_validation_loss_on_tested_rank_grid,base_val_loss_minus_best_observed_val_loss,True,ok,6,6,1;2;4;8;16;32,0.3269921390223127,32,0.0077165262361922,0.0077165262361922,0.3192756127861205,0.3192756127861205,best_observed_validation_loss_on_tested_rank_grid,0.0025141953119883,0.3244779437103244,16,0.0141020384919146,8,0.0236803068754982,8,0.0396440875148042,4,0.0715716487934163,2,0.1673543326292524,4,0.1034992100720283,4,0.0715716487934162,8,0.0396440875148042,8,0.0236803068754982,16,8,8,8,8,5,activation_whitened,5,8,4.837764169851071,8,3.269672096929674,4,5,8,3.9734345880124926,4,2.066866567748321,4,5,8,4.837764169851071,8,3.269672096929674,4,8,20260622_142627_stage4_hard_s113,source_runs/20260622_142627_stage4_hard_s113,hard_knee,113
6,observed_rank_sweep_minimum,observed_best_gap_v1,best_observed_validation_loss_on_tested_rank_grid,base_val_loss_minus_best_observed_val_loss,True,ok,6,6,1;2;4;8;16;32,0.5235575555844307,32,0.0099229276571532,0.0099229276571532,0.5136346279272775,0.5136346279272775,best_observed_validation_loss_on_tested_rank_grid,0.0025212283695057,0.521036327214925,16,0.0201956202156987,8,0.035604659053517,8,0.0612863904498809,8,0.1126498532426087,2,0.2667402416207919,4,0.1640133160353364,8,0.1126498532426086,8,0.0612863904498809,8,0.0356046590535171,16,8,8,8,8,7,activation_whitened,7,8,6.264860771458337,8,3.4488851499251227,4,4,4,4.267358924926436,8,1.8916603424557268,2,7,8,6.264860771458337,8,3.4488851499251227,4,8,20260622_142627_stage4_hard_s113,source_runs/20260622_142627_stage4_hard_s113,hard_knee,113
7,observed_rank_sweep_minimum,observed_best_gap_v1,best_observed_validation_loss_on_tested_rank_grid,base_val_loss_minus_best_observed_val_loss,True,ok,6,6,1;2;4;8;16;32,0.0648278668810309,32,0.0037206486333783,0.0037206486333783,0.0611072182476526,0.0611072182476526,best_observed_validation_loss_on_tested_rank_grid,0.0024949557437149,0.062332911137316,1,0.0049427929983313,1,0.0067760095457609,1,0.0098313704581435,1,0.0159420922829088,1,0.0342742577572046,1,0.022052814107674,1,0.0159420922829088,1,0.0098313704581435,1,0.0067760095457609,1,1,1,1,1,1,activation_whitened,1,1,1.1360754386888476,2,1.0156922648724396,2,1,1,1.1058833018546623,2,1.014497962525835,2,1,1,1.1360754386888476,2,1.0156922648724396,2,1,20260622_142627_stage4_hard_s113,source_runs/20260622_142627_stage4_hard_s113,hard_knee,113
8,observed_rank_sweep_minimum,observed_best_gap_v1,best_observed_validation_loss_on_tested_rank_grid,base_val_loss_minus_best_observed_val_loss,True,ok,6,6,1;2;4;8;16;32,0.0917976276808459,32,0.0060455595245981,0.0060455595245981,0.0857520681562478,0.0857520681562478,best_observed_validation_loss_on_tested_rank_grid,0.0025031243807024,0.0892945033001435,16,0.007760600887723,4,0.0103331629324104,2,0.0146207663402228,2,0.0231959731558476,2,0.048921593602722,2,0.0317711799714724,2,0.0231959731558476,2,0.0146207663402228,4,0.0103331629324104,8,8,4,4,4,2,activation_whitened,2,2,2.258179338682842,4,1.8815153371779407,2,2,2,2.196122957922523,4,1.894899268381966,2,2,2,2.258179338682842,4,1.8815153371779407,2,2,20260622_142627_stage4_hard_s113,source_runs/20260622_142627_stage4_hard_s113,hard_knee,113
9,observed_rank_sweep_minimum,observed_best_gap_v1,best_observed_validation_loss_on_tested_rank_grid,base_val_loss_minus_best_observed_val_loss,True,ok,6,6,1;2;4;8;16;32,0.1978047472184559,32,0.0036001675187914,0.0036001675187914,0.1942045796996644,0.1942045796996644,best_observed_validation_loss_on_tested_rank_grid,0.0025219548500511,0.1952827923684048,2,0.0074842591127846,2,0.0133103965037746,2,0.0230206254887578,2,0.0424410834587243,1,0.1007024573686236,2,0.0618615414286907,2,0.0424410834587243,2,0.0230206254887578,2,0.0133103965037746,2,2,2,2,2,2,activation_whitened,2,2,2.089940822773561,4,1.9358041835106192,2,2,2,1.864007072822441,2,1.4078403862916566,2,2,2,2.089940822773561,4,1.9358041835106192,2,2,20260622_142627_stage4_hard_s113,source_runs/20260622_142627_stage4_hard_s113,hard_knee,113
10,observed_rank_sweep_minimum,observed_best_gap_v1,best_observed_validation_loss_on_tested_rank_grid,base_val_loss_minus_best_observed_val_loss,True,ok,6,6,1;2;4;8;16;32,0.2509529428544267,32,0.0162261576006684,0.0162261576006684,0.2347267852537583,0.2347267852537583,best_observed_validation_loss_on_tested_rank_grid,0.002500590879608,0.2484523519748187,32,0.0209206933057435,16,0.0279624968633563,16,0.0396988361260442,8,0.06317151465142,4,0.1335895502275475,4,0.0866441931767958,8,0.06317151465142,16,0.0396988361260442,16,0.0279624968633563,16,16,16,16,16,6,activation_whitened,6,8,5.7089190497540105,8,3.810363445737361,4,4,4,4.190316562681008,8,1.9808946755441352,2,6,8,5.7089190497540105,8,3.810363445737361,4,8,20260622_142627_stage4_hard_s113,source_runs/20260622_142627_stage4_hard_s113,hard_knee,113
11,observed_rank_sweep_minimum,observed_best_gap_v1,best_observed_validation_loss_on_tested_rank_grid,base_val_loss_minus_best_observed_val_loss,True,ok,6,6,1;2;4;8;16;32,0.0363100495041738,32,0.0043600545873989,0.0043600545873989,0.0319499949167748,0.0319499949167748,best_observed_validation_loss_on_tested_rank_grid,0.0024925923329592,0.0338174571712145,16,0.0049990544857343,1,0.0059575543332376,1,0.0075550540790763,1,0.0107500535707538,1,0.0203350520457863,1,0.0139450530624313,1,0.0107500535707538,1,0.0075550540790763,1,0.0059575543332376,4,4,1,1,1,1,activation_whitened,1,1,1.1427727243003958,2,1.0148694174791335,2,1,1,1.0710601171496386,2,1.0075393146527432,2,1,1,1.1427727243003958,2,1.0148694174791335,2,1,20260622_142627_stage4_hard_s113,source_runs/20260622_142627_stage4_hard_s113,hard_knee,113
12,observed_rank_sweep_minimum,observed_best_gap_v1,best_observed_validation_loss_on_tested_rank_grid,base_val_loss_minus_best_observed_val_loss,True,ok,6,6,1;2;4;8;16;32,0.203825374870387,32,0.0034472589366597,0.0034472589366597,0.2003781159337272,0.2003781159337272,best_observed_validation_loss_on_tested_rank_grid,0.0024900998757221,0.2013352749946649,2,0.0074548212553342,2,0.013466164733346,2,0.0234850705300324,2,0.0435228821234051,1,0.1036363169035233,2,0.0635606937167778,2,0.0435228821234051,2,0.0234850705300324,2,0.013466164733346,4,2,2,2,2,2,activation_whitened,2,2,2.0263253180256835,4,1.6799731433894125,2,2,2,1.910582846207179,2,1.4850662365624712,2,2,2,2.0263253180256835,4,1.6799731433894125,2,2,20260622_142627_stage4_hard_s113,source_runs/20260622_142627_stage4_hard_s113,hard_knee,113
13,observed_rank_sweep_minimum,observed_best_gap_v1,best_observed_validation_loss_on_tested_rank_grid,base_val_loss_minus_best_observed_val_loss,True,ok,6,6,1;2;4;8;16;32,0.3866353216349605,32,0.0211674208224248,0.0211674208224248,0.3654679008125357,0.3654679008125357,best_observed_validation_loss_on_tested_rank_grid,0.0024997222917252,0.3841355993432353,32,0.0284767788386755,16,0.0394408158630515,8,0.0577142109036783,8,0.0942610009849319,2,0.2039013712286926,4,0.1308077910661855,8,0.0942610009849319,8,0.0577142109036783,16,0.0394408158630515,32,16,16,16,8,7,activation_whitened,7,8,6.048340960761153,8,3.339158776017153,4,4,4,4.512279550471993,8,2.5513547542280457,4,7,8,6.048340960761153,8,3.339158776017153,4,8,20260622_142627_stage4_hard_s113,source_runs/20260622_142627_stage4_hard_s113,hard_knee,113
14,observed_rank_sweep_minimum,observed_best_gap_v1,best_observed_validation_loss_on_tested_rank_grid,base_val_loss_minus_best_observed_val_loss,True,ok,6,6,1;2;4;8;16;32,0.1987061323024602,32,0.0392964763656277,0.0392964763656277,0.1594096559368325,0.1594096559368325,best_observed_validation_loss_on_tested_rank_grid,0.0025000460170801,0.1962060862853801,32,0.0424846694843643,32,0.0472669591624693,16,0.0552374419593109,8,0.0711784075529942,4,0.1190013043340439,8,0.0871193731466774,8,0.0711784075529941,16,0.0552374419593109,32,0.0472669591624693,32,32,16,16,16,8,activation_whitened,8,8,7.279982830004823,8,4.1358760925402045,8,8,8,6.88099338633293,8,4.090117580988882,8,8,8,7.279982830004823,8,4.1358760925402045,8,8,20260622_142627_stage4_hard_s113,source_runs/20260622_142627_stage4_hard_s113,hard_knee,113
15,observed_rank_sweep_minimum,observed_best_gap_v1,best_observed_validation_loss_on_tested_rank_grid,base_val_loss_minus_best_observed_val_loss,True,ok,6,6,1;2;4;8;16;32,0.1010790858318417,32,0.0119990701414634,0.0119990701414634,0.0890800156903783,0.0890800156903783,best_observed_validation_loss_on_tested_rank_grid,0.0025008705930342,0.0985782152388075,32,0.0137806704552709,16,0.0164530709259823,8,0.0209070717105012,4,0.029815073279539,2,0.0565390779866525,4,0.0387230748485768,4,0.029815073279539,8,0.0209070717105012,16,0.0164530709259823,32,8,8,8,8,3,activation_whitened,3,4,2.995557706710517,4,2.292389634274094,4,3,4,2.4032376933610444,4,1.564393281244031,2,3,4,2.995557706710517,4,2.292389634274094,4,4,20260622_142627_stage4_hard_s113,source_runs/20260622_142627_stage4_hard_s113,hard_knee,113
16,observed_rank_sweep_minimum,observed_best_gap_v1,best_observed_validation_loss_on_tested_rank_grid,base_val_loss_minus_best_observed_val_loss,True,ok,6,6,1;2;4;8;16;32,0.4200636487747597,32,0.0061666135261968,0.0061666135261968,0.4138970352485629,0.4138970352485629,best_observed_validation_loss_on_tested_rank_grid,0.0025031161762239,0.4175605325985358,8,0.014444554231168,8,0.0268614652886249,8,0.0475563170510531,4,0.0889460205759093,4,0.2131151311504782,4,0.1303357241007657,4,0.0889460205759093,8,0.047556317051053,8,0.0268614652886249,8,8,8,8,8,5,activation_whitened,5,8,4.970721164382818,8,3.6377412227532298,4,5,8,3.920914128210678,4,1.960426661331805,2,5,8,4.970721164382818,8,3.6377412227532298,4,8,20260622_142627_stage4_hard_s113,source_runs/20260622_142627_stage4_hard_s113,hard_knee,113
17,observed_rank_sweep_minimum,observed_best_gap_v1,best_observed_validation_loss_on_tested_rank_grid,base_val_loss_minus_best_observed_val_loss,True,ok,6,6,1;2;4;8;16;32,0.1158267352959766,32,0.0045028820502857,0.0045028820502857,0.1113238532456909,0.1113238532456909,best_observed_validation_loss_on_tested_rank_grid,0.0024923658953357,0.1133343694006409,4,0.0067293591151995,2,0.0100690747125702,2,0.0156352673748547,2,0.0267676526994238,1,0.0601648086731311,2,0.0379000380239929,2,0.0267676526994238,2,0.0156352673748547,2,0.0100690747125702,8,4,4,4,4,2,activation_whitened,2,2,2.046463123705619,4,1.7089220745787048,2,2,2,1.9753471321167309,2,1.5707831271989994,2,2,2,2.046463123705619,4,1.7089220745787048,2,2,20260622_142627_stage4_hard_s113,source_runs/20260622_142627_stage4_hard_s113,hard_knee,113
18,observed_rank_sweep_minimum,observed_best_gap_v1,best_observed_validation_loss_on_tested_rank_grid,base_val_loss_minus_best_observed_val_loss,True,ok,6,6,1;2;4;8;16;32,0.1748071523799418,32,0.0355618231589676,0.0355618231589676,0.1392453292209741,0.1392453292209741,best_observed_validation_loss_on_tested_rank_grid,0.0025023308283841,0.1723048215515576,32,0.038346729743387,32,0.0425240896200163,16,0.049486356081065,8,0.0634108890031624,2,0.1051844877694547,4,0.0773354219252598,8,0.0634108890031624,16,0.049486356081065,32,0.0425240896200163,32,32,16,16,16,6,activation_whitened,6,8,5.736803216441375,8,4.092506784936437,8,6,8,4.570280489591017,8,2.555418419844937,4,6,8,5.736803216441375,8,4.092506784936437,8,8,20260622_142627_stage4_hard_s113,source_runs/20260622_142627_stage4_hard_s113,hard_knee,113
19,observed_rank_sweep_minimum,observed_best_gap_v1,best_observed_validation_loss_on_tested_rank_grid,base_val_loss_minus_best_observed_val_loss,True,ok,6,6,1;2;4;8;16;32,0.2112550193760906,32,0.018433194288356,0.018433194288356,0.1928218250877346,0.1928218250877346,best_observed_validation_loss_on_tested_rank_grid,0.0024925922958682,0.2087624270802223,32,0.0222896307901106,16,0.0280742855427427,8,0.0377153767971294,8,0.0569975593059029,2,0.1148441068322232,4,0.0762797418146764,8,0.0569975593059028,8,0.0377153767971294,16,0.0280742855427427,32,16,16,16,8,6,activation_whitened,6,8,5.260456305425433,8,2.813780090046474,4,5,8,4.051976267855783,8,1.890925489441235,2,6,8,5.260456305425433,8,2.813780090046474,4,8,20260622_142627_stage4_hard_s113,source_runs/20260622_142627_stage4_hard_s113,hard_knee,113
20,observed_rank_sweep_minimum,observed_best_gap_v1,best_observed_validation_loss_on_tested_rank_grid,base_val_loss_minus_best_observed_val_loss,True,ok,6,6,1;2;4;8;16;32,0.4437080307466626,32,0.0052732055641402,0.0052732055641402,0.4384348251825224,0.4384348251825224,best_observed_validation_loss_on_tested_rank_grid,0.0025133403514725,0.4411946903951901,4,0.0140419020677906,4,0.0271949468232663,4,0.0491166880823924,4,0.0929601706006446,2,0.2244906181554014,4,0.1368036531188969,4,0.0929601706006446,4,0.0491166880823923,4,0.0271949468232663,4,4,4,4,4,4,activation_whitened,4,4,4.048644240651008,8,3.1685532855392493,4,4,4,3.295014582977635,4,1.858328972169742,2,4,4,4.048644240651008,8,3.1685532855392493,4,4,20260622_142627_stage4_hard_s113,source_runs/20260622_142627_stage4_hard_s113,hard_knee,113
21,observed_rank_sweep_minimum,observed_best_gap_v1,best_observed_validation_loss_on_tested_rank_grid,base_val_loss_minus_best_observed_val_loss,True,ok,6,6,1;2;4;8;16;32,0.3860234364357076,32,0.01543654209758,0.01543654209758,0.3705868943381276,0.3705868943381276,best_observed_validation_loss_on_tested_rank_grid,0.0024877232355637,0.3835357132001439,32,0.0228482799843425,16,0.0339658868144863,8,0.0524952315313927,8,0.0895539209652055,4,0.2007299892666438,8,0.1266126103990182,8,0.0895539209652054,8,0.0524952315313927,16,0.0339658868144863,32,16,16,16,8,8,activation_whitened,8,8,7.679100582623945,8,4.987608045062355,8,7,8,5.615306553834079,8,2.302660467455562,4,8,8,7.679100582623945,8,4.987608045062355,8,8,20260622_142627_stage4_hard_s113,source_runs/20260622_142627_stage4_hard_s113,hard_knee,113
22,observed_rank_sweep_minimum,observed_best_gap_v1,best_observed_validation_loss_on_tested_rank_grid,base_val_loss_minus_best_observed_val_loss,True,ok,6,6,1;2;4;8;16;32,0.1176100340114006,32,0.0069812467343661,0.0069812467343661,0.1106287872770345,0.1106287872770345,best_observed_validation_loss_on_tested_rank_grid,0.002486451245048,0.1151235827663526,16,0.0091938224799067,8,0.0125126860982178,4,0.0180441254620695,4,0.029107004189773,2,0.0622956403728833,4,0.0401698829174764,4,0.0291070041897729,4,0.0180441254620695,8,0.0125126860982178,16,8,8,8,4,3,activation_whitened,3,4,2.991111495421772,4,2.20942988266187,4,3,4,2.9133855129502737,4,2.073693348672636,4,3,4,2.991111495421772,4,2.20942988266187,4,4,20260622_142627_stage4_hard_s113,source_runs/20260622_142627_stage4_hard_s113,hard_knee,113
23,observed_rank_sweep_minimum,observed_best_gap_v1,best_observed_validation_loss_on_tested_rank_grid,base_val_loss_minus_best_observed_val_loss,True,ok,6,6,1;2;4;8;16;32,0.2825290658379347,32,0.0236856013403125,0.0236856013403125,0.2588434644976222,0.2588434644976222,best_observed_validation_loss_on_tested_rank_grid,0.0025179196203203,0.2800111462176144,32,0.0288624706302649,16,0.0366277745651936,16,0.0495699477900747,8,0.0754542942398369,4,0.1531073335891236,8,0.1013386406895991,8,0.0754542942398369,16,0.0495699477900747,16,0.0366277745651936,32,16,16,16,8,7,activation_whitened,7,8,6.594869204597369,8,3.997043822394908,4,5,8,5.032382634677662,8,2.333952189759167,4,7,8,6.594869204597369,8,3.997043822394908,4,8,20260622_142627_stage4_hard_s113,source_runs/20260622_142627_stage4_hard_s113,hard_knee,113
24,observed_rank_sweep_minimum,observed_best_gap_v1,best_observed_validation_loss_on_tested_rank_grid,base_val_loss_minus_best_observed_val_loss,True,ok,6,6,1;2;4;8;16;32,0.2007271878679874,32,0.0106369992748356,0.0106369992748356,0.1900901885931518,0.1900901885931518,best_observed_validation_loss_on_tested_rank_grid,0.0025007682991417,0.1982264195688457,32,0.0144388030466986,8,0.0201415087044931,8,0.0296460181341507,8,0.0486550369934659,4,0.1056820935714115,4,0.0676640558527811,8,0.0486550369934659,8,0.0296460181341507,8,0.0201415087044932,32,8,8,8,8,5,activation_whitened,5,8,4.892930425025458,8,3.1234565459865222,4,5,8,4.01371202444702,8,2.0247307563417,4,5,8,4.892930425025458,8,3.1234565459865222,4,8,20260622_142627_stage4_hard_s113,source_runs/20260622_142627_stage4_hard_s113,hard_knee,113
25,observed_rank_sweep_minimum,observed_best_gap_v1,best_observed_validation_loss_on_tested_rank_grid,base_val_loss_minus_best_observed_val_loss,True,ok,6,6,1;2;4;8;16;32,0.5291528689331533,32,0.0169430831866447,0.0169430831866447,0.5122097857465086,0.5122097857465086,best_observed_validation_loss_on_tested_rank_grid,0.002490428515939,0.5266624404172143,16,0.0271872789015748,16,0.0425535724739701,16,0.0681640617612955,8,0.1193850403359464,4,0.273047976059899,8,0.1706060189105973,8,0.1193850403359464,16,0.0681640617612955,16,0.0425535724739701,16,16,16,16,16,8,activation_whitened,8,8,7.396171827193042,8,4.492862222324527,8,4,4,5.1293021890686346,8,2.142342245604161,4,8,8,7.396171827193042,8,4.492862222324527,8,8,20260622_142627_stage4_hard_s113,source_runs/20260622_142627_stage4_hard_s113,hard_knee,113
26,observed_rank_sweep_minimum,observed_best_gap_v1,best_observed_validation_loss_on_tested_rank_grid,base_val_loss_minus_best_observed_val_loss,True,ok,6,6,1;2;4;8;16;32,0.2672026873031941,32,0.0088744550315591,0.0088744550315591,0.258328232271635,0.258328232271635,best_observed_validation_loss_on_tested_rank_grid,0.0024998193865772,0.2647028679166169,8,0.0140410196769918,8,0.0217908666451408,8,0.0347072782587226,4,0.0605401014858861,2,0.1380385711673765,4,0.0863729247130496,4,0.060540101485886,8,0.0347072782587225,8,0.0217908666451408,8,8,8,8,8,5,activation_whitened,5,8,4.85230140172601,8,3.1317322929622207,4,5,8,4.043457929539672,8,2.0987193138903533,4,5,8,4.85230140172601,8,3.1317322929622207,4,8,20260622_142627_stage4_hard_s113,source_runs/20260622_142627_stage4_hard_s113,hard_knee,113
27,observed_rank_sweep_minimum,observed_best_gap_v1,best_observed_validation_loss_on_tested_rank_grid,base_val_loss_minus_best_observed_val_loss,True,ok,6,6,1;2;4;8;16;32,0.0466078231861707,32,0.0042176504955394,0.0042176504955394,0.0423901726906313,0.0423901726906313,best_observed_validation_loss_on_tested_rank_grid,0.0025107155487092,0.0440971076374615,2,0.005065453949352,2,0.0063371591300709,2,0.0084566677646025,1,0.0126956850336656,1,0.025412736840855,1,0.0169347023027287,1,0.0126956850336656,2,0.0084566677646025,2,0.0063371591300709,2,2,2,2,2,1,activation_whitened,1,1,1.1826412149501488,2,1.021305478197712,2,1,1,1.1377873398336895,2,1.0189208695914391,2,1,1,1.1826412149501488,2,1.021305478197712,2,1,20260622_142627_stage4_hard_s113,source_runs/20260622_142627_stage4_hard_s113,hard_knee,113
28,observed_rank_sweep_minimum,observed_best_gap_v1,best_observed_validation_loss_on_tested_rank_grid,base_val_loss_minus_best_observed_val_loss,True,ok,6,6,1;2;4;8;16;32,0.1220116298946015,32,0.010444420099878,0.010444420099878,0.1115672097947235,0.1115672097947235,best_observed_validation_loss_on_tested_rank_grid,0.0024981809901123,0.1195134489044892,16,0.0126757642957724,16,0.0160227805896141,4,0.0216011410793503,4,0.0327578620588227,1,0.0662280249972397,2,0.043914583038295,4,0.0327578620588226,4,0.0216011410793503,16,0.0160227805896141,16,16,16,8,4,3,activation_whitened,3,4,3.0036954856657774,4,2.0533249620199925,4,2,2,1.992204221395371,2,1.27951703257075,2,3,4,3.0036954856657774,4,2.0533249620199925,4,4,20260622_142627_stage4_hard_s113,source_runs/20260622_142627_stage4_hard_s113,hard_knee,113
29,observed_rank_sweep_minimum,observed_best_gap_v1,best_observed_validation_loss_on_tested_rank_grid,base_val_loss_minus_best_observed_val_loss,True,ok,6,6,1;2;4;8;16;32,0.3859090460614715,32,0.0114213173660018,0.0114213173660018,0.3744877286954696,0.3744877286954696,best_observed_validation_loss_on_tested_rank_grid,0.0024996237236209,0.3834094223378506,16,0.0189110719399111,8,0.0301457038007752,8,0.0488700902355487,8,0.0863188631050957,4,0.1986651817137366,4,0.1237676359746427,8,0.0863188631050957,8,0.0488700902355487,8,0.0301457038007753,16,16,8,8,8,6,activation_whitened,6,8,5.810268096298507,8,4.091628894480146,8,5,8,4.659220342186541,8,2.5621443430756474,4,6,8,5.810268096298507,8,4.091628894480146,8,8,20260622_142627_stage4_hard_s113,source_runs/20260622_142627_stage4_hard_s113,hard_knee,113
30,observed_rank_sweep_minimum,observed_best_gap_v1,best_observed_validation_loss_on_tested_rank_grid,base_val_loss_minus_best_observed_val_loss,True,ok,6,6,1;2;4;8;16;32,0.058884773165092,32,0.0041802416602324,0.0041802416602324,0.0547045315048596,0.0547045315048596,best_observed_validation_loss_on_tested_rank_grid,0.0025044790976295,0.0563802940674625,2,0.0052743322903295,1,0.0069154682354753,1,0.0096506948107183,1,0.0151211479612043,1,0.0315325074126622,1,0.0205916011116902,1,0.0151211479612043,1,0.0096506948107183,1,0.0069154682354753,2,2,2,2,2,1,activation_whitened,1,1,1.156909151560379,2,1.018650874378525,2,1,1,1.1282424561010285,2,1.0167791306210183,2,1,1,1.156909151560379,2,1.018650874378525,2,1,20260622_142627_stage4_hard_s113,source_runs/20260622_142627_stage4_hard_s113,hard_knee,113
31,observed_rank_sweep_minimum,observed_best_gap_v1,best_observed_validation_loss_on_tested_rank_grid,base_val_loss_minus_best_observed_val_loss,True,ok,6,6,1;2;4;8;16;32,0.1457887607281936,32,0.0117899713655639,0.0117899713655639,0.1339987893626297,0.1339987893626297,best_observed_validation_loss_on_tested_rank_grid,0.0025056990443462,0.1432830616838474,32,0.0144699471528164,16,0.0184899108336953,8,0.0251898503018268,8,0.0385897292380898,2,0.0787893660468787,4,0.0519896081743528,8,0.0385897292380898,8,0.0251898503018268,16,0.0184899108336953,16,16,16,16,8,4,activation_whitened,4,4,4.091238705278956,8,3.167952308490936,4,4,4,3.545885667075736,4,2.1003475979613864,4,4,4,4.091238705278956,8,3.167952308490936,4,4,20260622_142627_stage4_hard_s113,source_runs/20260622_142627_stage4_hard_s113,hard_knee,113
32,observed_rank_sweep_minimum,observed_best_gap_v1,best_observed_validation_loss_on_tested_rank_grid,base_val_loss_minus_best_observed_val_loss,True,ok,6,6,1;2;4;8;16;32,0.2098964539181278,32,0.0168733196957543,0.0168733196957543,0.1930231342223735,0.1930231342223735,best_observed_validation_loss_on_tested_rank_grid,0.0025057639368995,0.2073906899812283,32,0.0207337823802017,16,0.0265244764068729,8,0.0361756331179916,8,0.055477946540229,2,0.113384886806941,4,0.0747802599624663,8,0.055477946540229,8,0.0361756331179916,16,0.026524476406873,32,16,16,8,8,5,activation_whitened,5,8,4.4708958584703264,8,2.579604676974466,4,4,4,3.5295866303462686,4,2.0077022167427714,4,5,8,4.4708958584703264,8,2.579604676974466,4,8,20260622_142627_stage4_hard_s113,source_runs/20260622_142627_stage4_hard_s113,hard_knee,113
33,observed_rank_sweep_minimum,observed_best_gap_v1,best_observed_validation_loss_on_tested_rank_grid,base_val_loss_minus_best_observed_val_loss,True,ok,6,6,1;2;4;8;16;32,0.0873261912397873,32,0.0064030257273211,0.0064030257273211,0.0809231655124662,0.0809231655124662,best_observed_validation_loss_on_tested_rank_grid,0.0024978472865712,0.0848283439532161,16,0.0080214890375704,2,0.0104491840029444,2,0.0144953422785677,2,0.0225876588298143,2,0.0468646084835542,2,0.0306799753810609,2,0.0225876588298143,2,0.0144953422785677,2,0.0104491840029444,16,8,2,2,2,2,activation_whitened,2,2,2.153864777409391,4,1.8408506238108204,2,2,2,2.1497308620980844,4,1.9179097873590736,2,2,2,2.153864777409391,4,1.8408506238108204,2,2,20260622_142627_stage4_hard_s113,source_runs/20260622_142627_stage4_hard_s113,hard_knee,113
34,observed_rank_sweep_minimum,observed_best_gap_v1,best_observed_validation_loss_on_tested_rank_grid,base_val_loss_minus_best_observed_val_loss,True,ok,6,6,1;2;4;8;16;32,0.1322825487666852,32,0.0151400643179251,0.0151400643179251,0.11714248444876,0.11714248444876,best_observed_validation_loss_on_tested_rank_grid,0.0024872687805399,0.1297952799861453,32,0.0174829140069003,16,0.0209971885403631,8,0.0268543127628011,8,0.0385685612076771,2,0.0737113065423051,4,0.0502828096525531,8,0.0385685612076771,8,0.0268543127628011,16,0.0209971885403631,32,16,16,16,8,4,activation_whitened,4,4,3.922814329877351,4,2.739063039220645,4,3,4,3.015953026159816,4,1.759951877317693,2,4,4,3.922814329877351,4,2.739063039220645,4,4,20260622_142627_stage4_hard_s113,source_runs/20260622_142627_stage4_hard_s113,hard_knee,113
35,observed_rank_sweep_minimum,observed_best_gap_v1,best_observed_validation_loss_on_tested_rank_grid,base_val_loss_minus_best_observed_val_loss,True,ok,6,6,1;2;4;8;16;32,0.4251032621997673,32,0.0146555484724829,0.0146555484724829,0.4104477137272844,0.4104477137272844,best_observed_validation_loss_on_tested_rank_grid,0.0024979194043748,0.4226053427953924,16,0.0228645027470285,16,0.0351779341588471,8,0.0557003198452113,8,0.0967450912179397,4,0.2198794053361251,8,0.1377898625906682,8,0.0967450912179397,8,0.0557003198452113,16,0.0351779341588471,16,16,16,16,8,7,activation_whitened,7,8,6.681871324118598,8,4.085236542953656,8,5,8,5.258157483943077,8,2.521951444521908,4,7,8,6.681871324118598,8,4.085236542953656,8,8,20260622_142627_stage4_hard_s113,source_runs/20260622_142627_stage4_hard_s113,hard_knee,113
36,observed_rank_sweep_minimum,observed_best_gap_v1,best_observed_validation_loss_on_tested_rank_grid,base_val_loss_minus_best_observed_val_loss,True,ok,6,6,1;2;4;8;16;32,0.0381020194586871,32,0.0045679052829576,0.0045679052829576,0.0335341141757295,0.0335341141757295,best_observed_validation_loss_on_tested_rank_grid,0.0024882184589837,0.0356138009997034,8,0.0052385875664721,8,0.006244610991744,4,0.0079213167005305,1,0.0112747281181035,1,0.0213349623708223,1,0.0146281395356764,1,0.0112747281181034,4,0.0079213167005305,8,0.006244610991744,8,8,8,8,8,1,activation_whitened,1,1,1.10970429356614,2,1.0108077241868392,2,1,1,1.0742707047806237,2,1.00780858994959,2,1,1,1.10970429356614,2,1.0108077241868392,2,1,20260622_142627_stage4_hard_s113,source_runs/20260622_142627_stage4_hard_s113,hard_knee,113
37,observed_rank_sweep_minimum,observed_best_gap_v1,best_observed_validation_loss_on_tested_rank_grid,base_val_loss_minus_best_observed_val_loss,True,ok,6,6,1;2;4;8;16;32,0.2090111067003855,32,0.0218695330768531,0.0218695330768531,0.1871415736235324,0.1871415736235324,best_observed_validation_loss_on_tested_rank_grid,0.0024858694898491,0.2065252372105364,16,0.0256123645493237,8,0.0312266117580297,8,0.0405836904392063,4,0.0592978478015595,1,0.1154403198886193,4,0.0780120051639128,4,0.0592978478015595,8,0.0405836904392063,8,0.0312266117580297,16,8,8,8,8,5,activation_whitened,4,4,3.773887520721352,4,1.935692763701348,2,1,1,1.829711541517139,2,1.1744284200633706,2,4,4,3.773887520721352,4,1.935692763701348,2,4,20260622_142627_stage4_hard_s113,source_runs/20260622_142627_stage4_hard_s113,hard_knee,113
38,observed_rank_sweep_minimum,observed_best_gap_v1,best_observed_validation_loss_on_tested_rank_grid,base_val_loss_minus_best_observed_val_loss,True,ok,6,6,1;2;4;8;16;32,0.3445052157377209,32,0.0289799100698459,0.0289799100698459,0.315525305667875,0.315525305667875,best_observed_validation_loss_on_tested_rank_grid,0.0024951346448052,0.3420100810929157,16,0.0352904161832034,8,0.0447561753532396,8,0.0605324406366334,4,0.0920849712034209,2,0.1867425629037834,4,0.1236375017702084,4,0.0920849712034209,8,0.0605324406366333,8,0.0447561753532396,16,8,8,8,8,7,activation_whitened,6,8,5.065106372056152,8,2.3749451552437755,4,3,4,2.859545226365624,4,1.4231815459518096,2,6,8,5.065106372056152,8,2.3749451552437755,4,8,20260622_142627_stage4_hard_s113,source_runs/20260622_142627_stage4_hard_s113,hard_knee,113
39,observed_rank_sweep_minimum,observed_best_gap_v1,best_observed_validation_loss_on_tested_rank_grid,base_val_loss_minus_best_observed_val_loss,True,ok,6,6,1;2;4;8;16;32,0.0566249735946737,32,0.0033804517073801,0.0033804517073801,0.0532445218872936,0.0532445218872936,best_observed_validation_loss_on_tested_rank_grid,0.0025010120050037,0.05412396158967,4,0.0044453421451259,2,0.0060426778017447,1,0.0087049038961094,1,0.0140293560848388,1,0.0300027126510269,1,0.0193538082735681,1,0.0140293560848388,1,0.0087049038961094,2,0.0060426778017447,4,4,4,4,4,1,activation_whitened,1,1,1.0878065217801445,2,1.0087426903619308,2,1,1,1.0391530027353637,2,1.0039707224044396,2,1,1,1.0878065217801445,2,1.0087426903619308,2,1,20260622_142627_stage4_hard_s113,source_runs/20260622_142627_stage4_hard_s113,hard_knee,113
40,observed_rank_sweep_minimum,observed_best_gap_v1,best_observed_validation_loss_on_tested_rank_grid,base_val_loss_minus_best_observed_val_loss,True,ok,6,6,1;2;4;8;16;32,0.2843884911084275,32,0.0257199711903864,0.0257199711903864,0.2586685199180411,0.2586685199180411,best_observed_validation_loss_on_tested_rank_grid,0.0024992358892382,0.2818892552191893,32,0.0308933415887472,16,0.0386533971862884,8,0.0515868231821905,4,0.0774536751739946,4,0.1550542311494069,4,0.1033205271657987,4,0.0774536751739946,8,0.0515868231821904,16,0.0386533971862884,16,16,8,8,8,7,activation_whitened,7,8,5.745679740566725,8,3.883525764963865,4,4,4,4.664166953040925,8,2.7547384632443066,4,7,8,5.745679740566725,8,3.883525764963865,4,8,20260622_142627_stage4_hard_s113,source_runs/20260622_142627_stage4_hard_s113,hard_knee,113
41,observed_rank_sweep_minimum,observed_best_gap_v1,best_observed_validation_loss_on_tested_rank_grid,base_val_loss_minus_best_observed_val_loss,True,ok,6,6,1;2;4;8;16;32,0.2267380916214243,32,0.0156078134949065,0.0156078134949065,0.2111302781265178,0.2111302781265178,best_observed_validation_loss_on_tested_rank_grid,0.0025084273261131,0.2242296642953112,16,0.0198304190574368,16,0.0261643274012323,8,0.0367208413075582,8,0.05783386912021,4,0.1211729525581654,4,0.0789468969328618,8,0.05783386912021,8,0.0367208413075582,16,0.0261643274012323,16,16,16,16,8,5,activation_whitened,5,8,4.86263891104783,8,3.1684976122311443,4,5,8,3.7753234884543145,4,1.8886109760227128,2,5,8,4.86263891104783,8,3.1684976122311443,4,8,20260622_142627_stage4_hard_s113,source_runs/20260622_142627_stage4_hard_s113,hard_knee,113
42,observed_rank_sweep_minimum,observed_best_gap_v1,best_observed_validation_loss_on_tested_rank_grid,base_val_loss_minus_best_observed_val_loss,True,ok,6,6,1;2;4;8;16;32,0.1099687010893883,32,0.0033609448929728,0.0033609448929728,0.1066077561964155,0.1066077561964155,best_observed_validation_loss_on_tested_rank_grid,0.0025062865664526,0.1074624145229357,1,0.0054931000169011,1,0.0086913327027935,1,0.0140217205126143,1,0.0246824961322559,1,0.0566648229911805,1,0.0353432717518974,1,0.0246824961322559,1,0.0140217205126143,1,0.0086913327027935,2,1,1,1,1,1,activation_whitened,1,1,1.0857572627223662,2,1.0095259188119292,2,1,1,1.041525957493146,2,1.004770856479784,2,1,1,1.0857572627223662,2,1.0095259188119292,2,1,20260622_142627_stage4_hard_s113,source_runs/20260622_142627_stage4_hard_s113,hard_knee,113
43,observed_rank_sweep_minimum,observed_best_gap_v1,best_observed_validation_loss_on_tested_rank_grid,base_val_loss_minus_best_observed_val_loss,True,ok,6,6,1;2;4;8;16;32,0.4665451225338426,32,0.0066242363438859,0.0066242363438859,0.4599208861899567,0.4599208861899567,best_observed_validation_loss_on_tested_rank_grid,0.0024960729359573,0.4640490495978853,8,0.015822654067685,8,0.0296202806533837,8,0.0526163249628815,4,0.0986084135818772,2,0.2365846794388642,4,0.1446005022008729,4,0.0986084135818772,8,0.0526163249628816,8,0.0296202806533837,8,8,8,8,8,5,activation_whitened,5,8,4.77354744552531,8,3.0321541725777603,4,4,4,3.240591955751236,4,1.6342912883015546,2,5,8,4.77354744552531,8,3.0321541725777603,4,8,20260622_142627_stage4_hard_s113,source_runs/20260622_142627_stage4_hard_s113,hard_knee,113
44,observed_rank_sweep_minimum,observed_best_gap_v1,best_observed_validation_loss_on_tested_rank_grid,base_val_loss_minus_best_observed_val_loss,True,ok,6,6,1;2;4;8;16;32,0.1943715508186912,32,0.0402178242420492,0.0402178242420492,0.154153726576642,0.154153726576642,best_observed_validation_loss_on_tested_rank_grid,0.0025003103603907,0.1918712404583005,32,0.043300898773582,32,0.0479255105708813,16,0.0556331968997134,8,0.0710485695573776,4,0.1172946875303702,8,0.0864639422150418,8,0.0710485695573776,16,0.0556331968997133,32,0.0479255105708813,32,32,16,16,16,8,activation_whitened,8,8,7.279098210028641,8,4.300380483934953,8,4,4,4.670427868116998,8,1.8961314593431624,2,8,8,7.279098210028641,8,4.300380483934953,8,8,20260622_142627_stage4_hard_s113,source_runs/20260622_142627_stage4_hard_s113,hard_knee,113
45,observed_rank_sweep_minimum,observed_best_gap_v1,best_observed_validation_loss_on_tested_rank_grid,base_val_loss_minus_best_observed_val_loss,True,ok,6,6,1;2;4;8;16;32,0.0852223988421065,32,0.003322425668525,0.003322425668525,0.0818999731735815,0.0818999731735815,best_observed_validation_loss_on_tested_rank_grid,0.0025024379428437,0.0827199608992628,1,0.0049604251319966,1,0.007417424327204,1,0.0115124229858831,1,0.0197024203032413,1,0.0442724122553157,1,0.0278924176205994,1,0.0197024203032413,1,0.0115124229858831,1,0.007417424327204,2,1,1,1,1,1,activation_whitened,1,1,1.103691722836668,2,1.011509588384996,2,1,1,1.048793119693566,2,1.005533870426977,2,1,1,1.103691722836668,2,1.011509588384996,2,1,20260622_142627_stage4_hard_s113,source_runs/20260622_142627_stage4_hard_s113,hard_knee,113
46,observed_rank_sweep_minimum,observed_best_gap_v1,best_observed_validation_loss_on_tested_rank_grid,base_val_loss_minus_best_observed_val_loss,True,ok,6,6,1;2;4;8;16;32,0.2364551822020361,32,0.013574928723379,0.013574928723379,0.2228802534786571,0.2228802534786571,best_observed_validation_loss_on_tested_rank_grid,0.0024953665591913,0.2339598156428448,16,0.0180325337929521,8,0.0247189413973118,8,0.0358629540712447,8,0.0581509794191104,2,0.1250150554627075,4,0.0804390047669761,8,0.0581509794191104,8,0.0358629540712447,8,0.0247189413973118,16,8,8,8,8,5,activation_whitened,5,8,4.7899601067563085,8,3.266036335884076,4,4,4,3.7587725359325694,4,1.965528842067533,2,5,8,4.7899601067563085,8,3.266036335884076,4,8,20260622_142627_stage4_hard_s113,source_runs/20260622_142627_stage4_hard_s113,hard_knee,113
47,observed_rank_sweep_minimum,observed_best_gap_v1,best_observed_validation_loss_on_tested_rank_grid,base_val_loss_minus_best_observed_val_loss,True,ok,6,6,1;2;4;8;16;32,0.1264662585645234,32,0.0266181853614,0.0266181853614,0.0998480732031234,0.0998480732031234,best_observed_validation_loss_on_tested_rank_grid,0.0025090381870337,0.1239572203774897,32,0.0286151468254624,16,0.0316105890215561,16,0.0366029926817123,4,0.0465878000020246,2,0.0765422219629617,4,0.056572607322337,4,0.0465878000020246,16,0.0366029926817123,16,0.0316105890215561,32,16,16,16,4,6,activation_whitened,6,8,5.122277153160143,8,3.1376015687223258,4,4,4,4.085019671394623,8,2.479163417639246,4,6,8,5.122277153160143,8,3.1376015687223258,4,8,20260622_142627_stage4_hard_s113,source_runs/20260622_142627_stage4_hard_s113,hard_knee,113
0,observed_rank_sweep_minimum,observed_best_gap_v1,best_observed_validation_loss_on_tested_rank_grid,base_val_loss_minus_best_observed_val_loss,True,ok,6,6,1;2;4;8;16;32,0.0896229123561102,32,0.0312103305740418,0.0312103305740418,0.0584125817820683,0.0584125817820683,best_observed_validation_loss_on_tested_rank_grid,0.0144249814824606,0.0751979308736496,32,0.0323785822096831,16,0.0341309596631452,8,0.0370515887522486,4,0.0428928469304554,4,0.0604166214650759,4,0.0487341051086623,4,0.0428928469304554,8,0.0370515887522486,16,0.0341309596631452,16,16,8,8,8,3,activation_whitened,3,4,4.416004254135098,8,2.2922719665050724,4,3,4,3.1699570101009824,4,1.756172890835478,2,3,4,4.416004254135098,8,2.2922719665050724,4,4,20260622_142937_stage4_sample_s101,source_runs/20260622_142937_stage4_sample_s101,sample_limited,101
1,observed_rank_sweep_minimum,observed_best_gap_v1,best_observed_validation_loss_on_tested_rank_grid,base_val_loss_minus_best_observed_val_loss,True,ok,6,6,1;2;4;8;16;32,0.2700288968482248,32,0.0548097321566787,0.0548097321566787,0.2152191646915461,0.2152191646915461,best_observed_validation_loss_on_tested_rank_grid,0.0143590109311874,0.2556698859170374,32,0.0591141154505096,32,0.065570690391256,16,0.0763316486258333,8,0.0978535650949879,4,0.1624193145024517,4,0.1193754815641425,8,0.0978535650949879,16,0.0763316486258333,32,0.065570690391256,32,32,16,16,16,8,activation_whitened,8,8,8.04303868092367,16,3.767465763627651,4,4,4,4.80053476397,8,1.936106378734603,2,8,8,8.04303868092367,16,3.767465763627651,4,8,20260622_142937_stage4_sample_s101,source_runs/20260622_142937_stage4_sample_s101,sample_limited,101
2,observed_rank_sweep_minimum,observed_best_gap_v1,best_observed_validation_loss_on_tested_rank_grid,base_val_loss_minus_best_observed_val_loss,True,ok,6,6,1;2;4;8;16;32,0.0938061777266051,32,0.0192515516625349,0.0192515516625349,0.0745546260640702,0.0745546260640702,best_observed_validation_loss_on_tested_rank_grid,0.0144115228192896,0.0793946549073155,2,0.0207426441838163,1,0.0229792829657384,1,0.0267070142689419,1,0.0341624768753489,1,0.05652886469457,1,0.0416179394817559,1,0.0341624768753489,1,0.0267070142689419,1,0.0229792829657384,2,2,2,2,2,1,activation_whitened,1,1,1.993631920285165,2,1.1110018163716768,2,1,1,1.805152375318664,2,1.1101382829587552,2,1,1,1.993631920285165,2,1.1110018163716768,2,1,20260622_142937_stage4_sample_s101,source_runs/20260622_142937_stage4_sample_s101,sample_limited,101
3,observed_rank_sweep_minimum,observed_best_gap_v1,best_observed_validation_loss_on_tested_rank_grid,base_val_loss_minus_best_observed_val_loss,True,ok,6,6,1;2;4;8;16;32,0.1207256415999459,32,0.0265976023726311,0.0265976023726311,0.0941280392273147,0.0941280392273147,best_observed_validation_loss_on_tested_rank_grid,0.0143741662200521,0.1063514753798938,32,0.0284801631571773,8,0.0313040043339968,4,0.0360104062953625,4,0.045423210218094,2,0.0736616219862885,2,0.0548360141408255,4,0.045423210218094,4,0.0360104062953625,8,0.0313040043339968,32,8,8,8,4,3,activation_whitened,3,4,4.383058233687068,8,2.212318902162973,4,3,4,3.1990196194145164,4,1.6759296754351236,2,3,4,4.383058233687068,8,2.212318902162973,4,4,20260622_142937_stage4_sample_s101,source_runs/20260622_142937_stage4_sample_s101,sample_limited,101
4,observed_rank_sweep_minimum,observed_best_gap_v1,best_observed_validation_loss_on_tested_rank_grid,base_val_loss_minus_best_observed_val_loss,True,ok,6,6,1;2;4;8;16;32,0.2351142649537796,32,0.0235415627670827,0.0235415627670827,0.2115727021866969,0.2115727021866969,best_observed_validation_loss_on_tested_rank_grid,0.0144084549731041,0.2207058099806755,4,0.0277730168108166,4,0.0341201978764175,4,0.0446988329857523,4,0.065856103204422,2,0.1293279138604311,2,0.0870133734230917,4,0.065856103204422,4,0.0446988329857523,4,0.0341201978764175,8,4,4,4,4,3,activation_whitened,3,4,3.783943047883372,4,2.527342229123076,4,3,4,2.742776396394752,4,1.5890850658953826,2,3,4,3.783943047883372,4,2.527342229123076,4,4,20260622_142937_stage4_sample_s101,source_runs/20260622_142937_stage4_sample_s101,sample_limited,101
5,observed_rank_sweep_minimum,observed_best_gap_v1,best_observed_validation_loss_on_tested_rank_grid,base_val_loss_minus_best_observed_val_loss,True,ok,6,6,1;2;4;8;16;32,0.2211635567378103,32,0.0228386069963263,0.0228386069963263,0.1983249497414839,0.1983249497414839,best_observed_validation_loss_on_tested_rank_grid,0.0144161136368377,0.2067474431009726,2,0.0268051059911559,2,0.0327548544834005,2,0.0426711019704747,2,0.0625035969446231,1,0.1220010818670683,2,0.0823360919187715,2,0.0625035969446231,2,0.0426711019704747,2,0.0327548544834005,4,2,2,2,2,2,activation_whitened,2,2,2.6922553141562093,4,1.615915144592625,2,2,2,1.793541311441314,2,1.214512069121132,2,2,2,2.6922553141562093,4,1.615915144592625,2,2,20260622_142937_stage4_sample_s101,source_runs/20260622_142937_stage4_sample_s101,sample_limited,101
6,observed_rank_sweep_minimum,observed_best_gap_v1,best_observed_validation_loss_on_tested_rank_grid,base_val_loss_minus_best_observed_val_loss,True,ok,6,6,1;2;4;8;16;32,0.1390055758971452,32,0.0341724243479563,0.0341724243479563,0.1048331515491889,0.1048331515491889,best_observed_validation_loss_on_tested_rank_grid,0.0143989717473908,0.1246066041497544,32,0.03626908737894,16,0.0394140819254157,8,0.0446557395028751,4,0.055139054657794,1,0.0865890001225507,2,0.0656223698127129,4,0.055139054657794,8,0.0446557395028752,16,0.0394140819254157,32,8,8,8,8,8,activation_whitened,4,4,5.037140180920249,8,1.9919046710267647,2,3,4,3.3413005158558,4,1.6328671699734532,2,4,4,5.037140180920249,8,1.9919046710267647,2,4,20260622_142937_stage4_sample_s101,source_runs/20260622_142937_stage4_sample_s101,sample_limited,101
7,observed_rank_sweep_minimum,observed_best_gap_v1,best_observed_validation_loss_on_tested_rank_grid,base_val_loss_minus_best_observed_val_loss,True,ok,6,6,1;2;4;8;16;32,0.1535189000229921,32,0.0329357838272742,0.0329357838272742,0.1205831161957179,0.1205831161957179,best_observed_validation_loss_on_tested_rank_grid,0.0143411033052068,0.1391777967177853,16,0.0353474461511885,16,0.03896493963706,4,0.0449940954468459,4,0.0570524070664177,2,0.0932273419251331,4,0.0691107186859895,4,0.0570524070664177,4,0.0449940954468459,16,0.03896493963706,16,16,16,8,4,5,activation_whitened,5,8,5.610193482110099,8,2.6813922137179262,4,4,4,4.433691074171393,8,2.737650891927536,4,5,8,5.610193482110099,8,2.6813922137179262,4,8,20260622_142937_stage4_sample_s101,source_runs/20260622_142937_stage4_sample_s101,sample_limited,101
8,observed_rank_sweep_minimum,observed_best_gap_v1,best_observed_validation_loss_on_tested_rank_grid,base_val_loss_minus_best_observed_val_loss,True,ok,6,6,1;2;4;8;16;32,0.2228325885964648,32,0.0425178771953741,0.0425178771953741,0.1803147114010906,0.1803147114010906,best_observed_validation_loss_on_tested_rank_grid,0.0143374103385587,0.2084951782579061,32,0.0461241714233959,16,0.0515336127654286,8,0.0605493483354831,4,0.0785808194755922,2,0.1326752328959194,4,0.0966122906157013,4,0.0785808194755922,8,0.0605493483354831,16,0.0515336127654286,32,8,8,8,8,7,activation_whitened,7,8,6.605024368226358,8,3.233575363421376,4,5,8,4.632412289802813,8,2.235778391039233,4,7,8,6.605024368226358,8,3.233575363421376,4,8,20260622_142937_stage4_sample_s101,source_runs/20260622_142937_stage4_sample_s101,sample_limited,101
9,observed_rank_sweep_minimum,observed_best_gap_v1,best_observed_validation_loss_on_tested_rank_grid,base_val_loss_minus_best_observed_val_loss,True,ok,6,6,1;2;4;8;16;32,0.0624980672358808,32,0.0191734344983983,0.0191734344983983,0.0433246327374824,0.0433246327374824,best_observed_validation_loss_on_tested_rank_grid,0.01441267034347,0.0480853968924108,2,0.0200399271531479,1,0.0213396661352724,1,0.0235058977721465,1,0.0278383610458948,1,0.0408357508671395,1,0.032170824319643,1,0.0278383610458948,1,0.0235058977721465,1,0.0213396661352724,2,2,2,2,2,1,activation_whitened,1,1,2.3313078540847614,4,1.136992482624046,2,1,1,1.791138136682783,2,1.1023759490417129,2,1,1,2.3313078540847614,4,1.136992482624046,2,1,20260622_142937_stage4_sample_s101,source_runs/20260622_142937_stage4_sample_s101,sample_limited,101
10,observed_rank_sweep_minimum,observed_best_gap_v1,best_observed_validation_loss_on_tested_rank_grid,base_val_loss_minus_best_observed_val_loss,True,ok,6,6,1;2;4;8;16;32,0.0517084979553044,32,0.0215210936184695,0.0215210936184695,0.0301874043368348,0.0301874043368348,best_observed_validation_loss_on_tested_rank_grid,0.0144502318782097,0.0372582660770947,32,0.0221248417052061,2,0.0230304638353112,1,0.0245398340521529,1,0.0275585744858364,1,0.0366147957868869,1,0.0305773149195199,1,0.0275585744858364,1,0.0245398340521529,2,0.0230304638353112,4,4,4,4,2,1,activation_whitened,1,1,4.009606726782367,8,1.309061325742004,2,1,1,1.7593170538670162,2,1.1050040229101967,2,1,1,4.009606726782367,8,1.309061325742004,2,1,20260622_142937_stage4_sample_s101,source_runs/20260622_142937_stage4_sample_s101,sample_limited,101
11,observed_rank_sweep_minimum,observed_best_gap_v1,best_observed_validation_loss_on_tested_rank_grid,base_val_loss_minus_best_observed_val_loss,True,ok,6,6,1;2;4;8;16;32,0.1005075699157862,32,0.0368411365069767,0.0368411365069767,0.0636664334088095,0.0636664334088095,best_observed_validation_loss_on_tested_rank_grid,0.0144183802368412,0.086089189678945,32,0.0381144651751528,16,0.0400244581774171,4,0.0432077798478576,4,0.0495744231887386,1,0.0686743532113814,2,0.0559410665296195,4,0.0495744231887385,4,0.0432077798478576,16,0.0400244581774171,32,16,8,4,4,6,activation_whitened,5,8,5.203048492256682,8,2.083477796731322,4,2,2,2.8076628974681457,4,1.4533520345941522,2,5,8,5.203048492256682,8,2.083477796731322,4,8,20260622_142937_stage4_sample_s101,source_runs/20260622_142937_stage4_sample_s101,sample_limited,101
12,observed_rank_sweep_minimum,observed_best_gap_v1,best_observed_validation_loss_on_tested_rank_grid,base_val_loss_minus_best_observed_val_loss,True,ok,6,6,1;2;4;8;16;32,0.1395356744741781,32,0.0183900863887369,0.0183900863887369,0.1211455880854412,0.1211455880854412,best_observed_validation_loss_on_tested_rank_grid,0.0143995638499474,0.1251361106242307,4,0.0208129981504457,2,0.0244473657930089,2,0.030504645197281,2,0.0426192040058251,1,0.0789628804314575,2,0.0547337628143692,2,0.0426192040058251,2,0.030504645197281,2,0.0244473657930089,4,4,4,4,2,2,activation_whitened,2,2,2.695008592734221,4,1.7181068192342115,2,2,2,2.022955562594052,4,1.39037693502295,2,2,2,2.695008592734221,4,1.7181068192342115,2,2,20260622_142937_stage4_sample_s101,source_runs/20260622_142937_stage4_sample_s101,sample_limited,101
13,observed_rank_sweep_minimum,observed_best_gap_v1,best_observed_validation_loss_on_tested_rank_grid,base_val_loss_minus_best_observed_val_loss,True,ok,6,6,1;2;4;8;16;32,0.0848137033188525,32,0.0300431469702927,0.0300431469702927,0.0547705563485598,0.0547705563485598,best_observed_validation_loss_on_tested_rank_grid,0.0143911749308269,0.0704225283880256,32,0.0311385580972638,32,0.0327816747877206,8,0.0355202026051486,8,0.0409972582400046,2,0.0574284251445726,2,0.0464743138748606,8,0.0409972582400046,8,0.0355202026051486,32,0.0327816747877206,32,8,8,8,8,3,activation_whitened,3,4,5.149575494961911,8,2.455673676398116,4,3,4,2.834492772678331,4,1.4642820324981116,2,3,4,5.149575494961911,8,2.455673676398116,4,4,20260622_142937_stage4_sample_s101,source_runs/20260622_142937_stage4_sample_s101,sample_limited,101
14,observed_rank_sweep_minimum,observed_best_gap_v1,best_observed_validation_loss_on_tested_rank_grid,base_val_loss_minus_best_observed_val_loss,True,ok,6,6,1;2;4;8;16;32,0.0682182870933199,32,0.0219704174071032,0.0219704174071032,0.0462478696862166,0.0462478696862166,best_observed_validation_loss_on_tested_rank_grid,0.0143924975840533,0.0538257895092666,32,0.0228953748008275,16,0.024282810891414,2,0.0265952043757248,2,0.0312199913443465,1,0.0450943522502115,2,0.0358447783129682,2,0.0312199913443465,2,0.0265952043757248,16,0.024282810891414,32,8,4,4,4,2,activation_whitened,2,2,3.4660044310417573,4,1.6162678141698017,2,2,2,2.4273735986929807,4,1.468354537628847,2,2,2,3.4660044310417573,4,1.6162678141698017,2,2,20260622_142937_stage4_sample_s101,source_runs/20260622_142937_stage4_sample_s101,sample_limited,101
15,observed_rank_sweep_minimum,observed_best_gap_v1,best_observed_validation_loss_on_tested_rank_grid,base_val_loss_minus_best_observed_val_loss,True,ok,6,6,1;2;4;8;16;32,0.1350374068684715,32,0.0379835059499902,0.0379835059499902,0.0970539009184812,0.0970539009184812,best_observed_validation_loss_on_tested_rank_grid,0.0144085628426585,0.1206288440258129,32,0.0399245839683598,16,0.0428362009959142,16,0.0476888960418383,8,0.0573942861336864,2,0.0865104564092308,4,0.0670996762255345,8,0.0573942861336864,16,0.0476888960418383,16,0.0428362009959142,32,16,16,16,16,4,activation_whitened,4,4,4.857446542650782,8,2.333200941591991,4,4,4,2.8683121133919776,4,1.4637818406985443,2,4,4,4.857446542650782,8,2.333200941591991,4,4,20260622_142937_stage4_sample_s101,source_runs/20260622_142937_stage4_sample_s101,sample_limited,101
16,observed_rank_sweep_minimum,observed_best_gap_v1,best_observed_validation_loss_on_tested_rank_grid,base_val_loss_minus_best_observed_val_loss,True,ok,6,6,1;2;4;8;16;32,0.1764502598860404,32,0.0538401975180235,0.0538401975180235,0.1226100623680169,0.1226100623680169,best_observed_validation_loss_on_tested_rank_grid,0.0144222071556668,0.1620280527303736,32,0.0562923987653838,32,0.0599707006364243,8,0.0661012037548251,8,0.0783622099916268,2,0.1151452287020319,4,0.0906232162284285,8,0.0783622099916268,8,0.0661012037548251,32,0.0599707006364243,32,32,8,8,8,8,activation_whitened,8,8,7.911773871002645,8,3.4325695987716704,4,4,4,4.915959156650245,8,2.302866330587208,4,8,8,7.911773871002645,8,3.4325695987716704,4,8,20260622_142937_stage4_sample_s101,source_runs/20260622_142937_stage4_sample_s101,sample_limited,101
17,observed_rank_sweep_minimum,observed_best_gap_v1,best_observed_validation_loss_on_tested_rank_grid,base_val_loss_minus_best_observed_val_loss,True,ok,6,6,1;2;4;8;16;32,0.1036995026010698,32,0.0192320147345009,0.0192320147345009,0.0844674878665689,0.0844674878665689,best_observed_validation_loss_on_tested_rank_grid,0.0143905706387024,0.0893089319623674,2,0.0209213644918322,1,0.0234553891278293,1,0.0276787635211577,1,0.0361255123078146,1,0.0614657586677853,1,0.0445722610944715,1,0.0361255123078146,1,0.0276787635211577,1,0.0234553891278293,2,2,2,2,2,1,activation_whitened,1,1,1.9019297699720723,2,1.1008746223650252,2,1,1,1.4716388394138071,2,1.064045550447912,2,1,1,1.9019297699720723,2,1.1008746223650252,2,1,20260622_142937_stage4_sample_s101,source_runs/20260622_142937_stage4_sample_s101,sample_limited,101
18,observed_rank_sweep_minimum,observed_best_gap_v1,best_observed_validation_loss_on_tested_rank_grid,base_val_loss_minus_best_observed_val_loss,True,ok,6,6,1;2;4;8;16;32,0.2047379032701888,32,0.0200480321949565,0.0200480321949565,0.1846898710752323,0.1846898710752323,best_observed_validation_loss_on_tested_rank_grid,0.014380496705845,0.1903574065643438,2,0.0237418296164611,2,0.0292825257487181,2,0.0385170193024797,2,0.0569860064100029,1,0.1123929677325726,2,0.0754549935175261,2,0.0569860064100029,2,0.0385170193024797,2,0.0292825257487181,2,2,2,2,2,2,activation_whitened,2,2,2.442339983232808,4,1.4698307312220005,2,2,2,1.7024935750001082,2,1.197311960797609,2,2,2,2.442339983232808,4,1.4698307312220005,2,2,20260622_142937_stage4_sample_s101,source_runs/20260622_142937_stage4_sample_s101,sample_limited,101
19,observed_rank_sweep_minimum,observed_best_gap_v1,best_observed_validation_loss_on_tested_rank_grid,base_val_loss_minus_best_observed_val_loss,True,ok,6,6,1;2;4;8;16;32,0.1376701773056046,32,0.0406904471246887,0.0406904471246887,0.0969797301809159,0.0969797301809159,best_observed_validation_loss_on_tested_rank_grid,0.0144291879387501,0.1232409893668545,32,0.042630041728307,16,0.0455394336337345,8,0.0503884201427802,4,0.0600863931608718,2,0.0891803122151466,4,0.0697843661789634,4,0.0600863931608718,8,0.0503884201427802,16,0.0455394336337345,32,16,8,8,4,8,activation_whitened,6,8,7.221981909835188,8,3.3836559380926485,4,4,4,5.197576323790881,8,2.869788488947012,4,6,8,7.221981909835188,8,3.3836559380926485,4,8,20260622_142937_stage4_sample_s101,source_runs/20260622_142937_stage4_sample_s101,sample_limited,101
20,observed_rank_sweep_minimum,observed_best_gap_v1,best_observed_validation_loss_on_tested_rank_grid,base_val_loss_minus_best_observed_val_loss,True,ok,6,6,1;2;4;8;16;32,0.3975860286180083,32,0.0388494688355124,0.0388494688355124,0.3587365597824959,0.3587365597824959,best_observed_validation_loss_on_tested_rank_grid,0.0144260148443558,0.3831600137736525,32,0.0460242000311623,8,0.0567862968246371,8,0.0747231248137619,8,0.1105967807920115,4,0.2182177487267603,4,0.1464704367702611,8,0.1105967807920115,8,0.0747231248137619,8,0.0567862968246372,16,8,8,8,8,7,activation_whitened,7,8,6.995606986664911,8,3.9605968921968366,4,5,8,5.512655893716322,8,2.638102445241654,4,7,8,6.995606986664911,8,3.9605968921968366,4,8,20260622_142937_stage4_sample_s101,source_runs/20260622_142937_stage4_sample_s101,sample_limited,101
21,observed_rank_sweep_minimum,observed_best_gap_v1,best_observed_validation_loss_on_tested_rank_grid,base_val_loss_minus_best_observed_val_loss,True,ok,6,6,1;2;4;8;16;32,0.0598057107980248,32,0.0214206536023599,0.0214206536023599,0.0383850571956649,0.0383850571956649,best_observed_validation_loss_on_tested_rank_grid,0.0145280134240682,0.0452776973739565,16,0.0221883547462731,16,0.0233399064621431,8,0.0252591593219263,4,0.0290976650414928,1,0.0406131822001923,2,0.0329361707610593,4,0.0290976650414928,8,0.0252591593219263,16,0.0233399064621431,16,16,16,8,8,2,activation_whitened,2,2,3.9330770259872514,4,1.8240661847489004,2,2,2,2.6296252795902904,4,1.6416330759030957,2,2,2,3.9330770259872514,4,1.8240661847489004,2,2,20260622_142937_stage4_sample_s101,source_runs/20260622_142937_stage4_sample_s101,sample_limited,101
22,observed_rank_sweep_minimum,observed_best_gap_v1,best_observed_validation_loss_on_tested_rank_grid,base_val_loss_minus_best_observed_val_loss,True,ok,6,6,1;2;4;8;16;32,0.1341071903658076,32,0.0457941836626925,0.0457941836626925,0.0883130067031151,0.0883130067031151,best_observed_validation_loss_on_tested_rank_grid,0.014433865476187,0.1196733248896206,32,0.0475604437967548,16,0.0502098339978482,16,0.054625484333004,8,0.0634567850033155,2,0.08995068701425,4,0.072288085673627,8,0.0634567850033155,16,0.054625484333004,16,0.0502098339978482,32,16,16,16,16,5,activation_whitened,5,8,6.175911084772632,8,3.650151854458273,4,3,4,3.529839647753948,4,1.7038662677800678,2,5,8,6.175911084772632,8,3.650151854458273,4,8,20260622_142937_stage4_sample_s101,source_runs/20260622_142937_stage4_sample_s101,sample_limited,101
23,observed_rank_sweep_minimum,observed_best_gap_v1,best_observed_validation_loss_on_tested_rank_grid,base_val_loss_minus_best_observed_val_loss,True,ok,6,6,1;2;4;8;16;32,0.0635816629247282,32,0.0225728547075517,0.0225728547075517,0.0410088082171764,0.0410088082171764,best_observed_validation_loss_on_tested_rank_grid,0.0143604004640981,0.04922126246063,16,0.0233930308718952,16,0.0246232951184105,4,0.0266737355292693,4,0.030774616350987,1,0.0430772588161399,2,0.0348754971727046,4,0.030774616350987,4,0.0266737355292693,16,0.0246232951184105,16,16,16,4,4,2,activation_whitened,2,2,4.596566380799371,8,2.125249092414412,4,2,2,2.965670668624948,4,1.9849197206469769,2,2,2,4.596566380799371,8,2.125249092414412,4,2,20260622_142937_stage4_sample_s101,source_runs/20260622_142937_stage4_sample_s101,sample_limited,101
24,observed_rank_sweep_minimum,observed_best_gap_v1,best_observed_validation_loss_on_tested_rank_grid,base_val_loss_minus_best_observed_val_loss,True,ok,6,6,1;2;4;8;16;32,0.1407583150430175,32,0.0291182790295194,0.0291182790295194,0.1116400360134981,0.1116400360134981,best_observed_validation_loss_on_tested_rank_grid,0.0144287249435055,0.126329590099512,32,0.0313510797497893,16,0.0347002808301943,8,0.0402822826308692,4,0.051446286232219,2,0.0849382970362684,4,0.0626102898335688,4,0.051446286232219,8,0.0402822826308692,16,0.0347002808301943,32,16,16,8,4,4,activation_whitened,4,4,5.203231576360556,8,2.821505217907061,4,4,4,3.820516590990484,4,2.1622303658887434,4,4,4,5.203231576360556,8,2.821505217907061,4,4,20260622_142937_stage4_sample_s101,source_runs/20260622_142937_stage4_sample_s101,sample_limited,101
25,observed_rank_sweep_minimum,observed_best_gap_v1,best_observed_validation_loss_on_tested_rank_grid,base_val_loss_minus_best_observed_val_loss,True,ok,6,6,1;2;4;8;16;32,0.0618236742274777,32,0.0162277888224696,0.0162277888224696,0.0455958854050081,0.0455958854050081,best_observed_validation_loss_on_tested_rank_grid,0.0144214424325362,0.0474022317949415,2,0.0171397065305697,1,0.01850758309272,1,0.0207873773629704,1,0.0253469659034712,1,0.0390257315249736,1,0.029906554443972,1,0.0253469659034712,1,0.0207873773629704,1,0.01850758309272,4,4,4,1,1,1,activation_whitened,1,1,2.059893751855499,4,1.1053221926940304,2,1,1,1.375724917761377,2,1.0424229103516849,2,1,1,2.059893751855499,4,1.1053221926940304,2,1,20260622_142937_stage4_sample_s101,source_runs/20260622_142937_stage4_sample_s101,sample_limited,101
26,observed_rank_sweep_minimum,observed_best_gap_v1,best_observed_validation_loss_on_tested_rank_grid,base_val_loss_minus_best_observed_val_loss,True,ok,6,6,1;2;4;8;16;32,0.181950774008797,32,0.0265292531529135,0.0265292531529135,0.1554215208558835,0.1554215208558835,best_observed_validation_loss_on_tested_rank_grid,0.0144348147786021,0.1675159592301949,16,0.0296376835700311,8,0.0343003291957076,4,0.0420714052385018,4,0.0576135573240902,2,0.1042400135808552,4,0.0731557094096785,4,0.0576135573240901,4,0.0420714052385018,8,0.0343003291957076,16,8,8,8,8,4,activation_whitened,4,4,4.897022859458612,8,3.1381455913409426,4,4,4,4.056503233098689,8,2.821551468580201,4,4,4,4.897022859458612,8,3.1381455913409426,4,4,20260622_142937_stage4_sample_s101,source_runs/20260622_142937_stage4_sample_s101,sample_limited,101
27,observed_rank_sweep_minimum,observed_best_gap_v1,best_observed_validation_loss_on_tested_rank_grid,base_val_loss_minus_best_observed_val_loss,True,ok,6,6,1;2;4;8;16;32,0.2122412898141682,32,0.0387006334592209,0.0387006334592209,0.1735406563549473,0.1735406563549473,best_observed_validation_loss_on_tested_rank_grid,0.0143832953551418,0.1978579944590264,32,0.0421714465863198,8,0.0473776662769682,8,0.0560546990947156,4,0.0734087647302103,2,0.1254709616366945,4,0.0907628303657051,4,0.0734087647302103,8,0.0560546990947156,8,0.0473776662769682,32,8,8,8,8,7,activation_whitened,6,8,5.76039301929089,8,2.3672668422060816,4,4,4,3.8750216323697786,4,1.7746058282681068,2,6,8,5.76039301929089,8,2.3672668422060816,4,8,20260622_142937_stage4_sample_s101,source_runs/20260622_142937_stage4_sample_s101,sample_limited,101
28,observed_rank_sweep_minimum,observed_best_gap_v1,best_observed_validation_loss_on_tested_rank_grid,base_val_loss_minus_best_observed_val_loss,True,ok,6,6,1;2;4;8;16;32,0.2597246454483302,32,0.042848614275344,0.042848614275344,0.2168760311729861,0.2168760311729861,best_observed_validation_loss_on_tested_rank_grid,0.014421943997028,0.2453027014513021,32,0.0471861348988037,16,0.0536924158339933,8,0.0645362173926426,8,0.0862238205099412,4,0.1512866298618371,4,0.1079114236272398,8,0.0862238205099412,8,0.0645362173926426,16,0.0536924158339933,32,16,16,8,8,7,activation_whitened,7,8,7.344666460160058,8,4.195793740263818,8,6,8,5.337066917165298,8,2.736445625815431,4,7,8,7.344666460160058,8,4.195793740263818,8,8,20260622_142937_stage4_sample_s101,source_runs/20260622_142937_stage4_sample_s101,sample_limited,101
29,observed_rank_sweep_minimum,observed_best_gap_v1,best_observed_validation_loss_on_tested_rank_grid,base_val_loss_minus_best_observed_val_loss,True,ok,6,6,1;2;4;8;16;32,0.2642131465709018,32,0.0381940292200022,0.0381940292200022,0.2260191173508995,0.2260191173508995,best_observed_validation_loss_on_tested_rank_grid,0.0143578003927173,0.2498553461781844,16,0.0427144115670201,16,0.0494949850875471,8,0.0607959409550921,4,0.0833978526901821,2,0.151203587895452,2,0.105999764425272,4,0.0833978526901821,8,0.0607959409550921,16,0.0494949850875471,16,16,16,8,8,6,activation_whitened,5,8,5.069973617235819,8,2.383408395619144,4,3,4,3.2666430837189813,4,1.5630968978317457,2,5,8,5.069973617235819,8,2.383408395619144,4,8,20260622_142937_stage4_sample_s101,source_runs/20260622_142937_stage4_sample_s101,sample_limited,101
30,observed_rank_sweep_minimum,observed_best_gap_v1,best_observed_validation_loss_on_tested_rank_grid,base_val_loss_minus_best_observed_val_loss,True,ok,6,6,1;2;4;8;16;32,0.1545205919243618,32,0.0323773940119347,0.0323773940119347,0.122143197912427,0.122143197912427,best_observed_validation_loss_on_tested_rank_grid,0.0143524611913249,0.1401681307330368,32,0.0348202579701832,32,0.038484553907556,8,0.0445917138031774,4,0.0568060335944201,2,0.0934489929681482,4,0.0690203533856628,4,0.0568060335944201,8,0.0445917138031774,32,0.038484553907556,32,32,8,8,8,5,activation_whitened,5,8,5.652668115392983,8,2.9234721577130034,4,5,8,4.513377847998251,8,2.5216312352007,4,5,8,5.652668115392983,8,2.9234721577130034,4,8,20260622_142937_stage4_sample_s101,source_runs/20260622_142937_stage4_sample_s101,sample_limited,101
31,observed_rank_sweep_minimum,observed_best_gap_v1,best_observed_validation_loss_on_tested_rank_grid,base_val_loss_minus_best_observed_val_loss,True,ok,6,6,1;2;4;8;16;32,0.1213818313258151,32,0.039629066536021,0.039629066536021,0.0817527647897941,0.0817527647897941,best_observed_validation_loss_on_tested_rank_grid,0.0144018996898397,0.1069799316359754,32,0.0412641218318168,16,0.0437167047755107,8,0.0478043430150004,4,0.0559796194939798,1,0.080505448930918,4,0.0641548959729592,4,0.0559796194939798,8,0.0478043430150004,16,0.0437167047755107,32,16,8,8,8,6,activation_whitened,6,8,5.966007820609716,8,2.4336054923873545,4,4,4,3.736005881164119,4,1.671441839217545,2,6,8,5.966007820609716,8,2.4336054923873545,4,8,20260622_142937_stage4_sample_s101,source_runs/20260622_142937_stage4_sample_s101,sample_limited,101
32,observed_rank_sweep_minimum,observed_best_gap_v1,best_observed_validation_loss_on_tested_rank_grid,base_val_loss_minus_best_observed_val_loss,True,ok,6,6,1;2;4;8;16;32,0.2884426169523864,32,0.0405218985591159,0.0405218985591159,0.2479207183932704,0.2479207183932704,best_observed_validation_loss_on_tested_rank_grid,0.014382077591128,0.2740605393612584,16,0.0454803129269813,16,0.0529179344787794,8,0.0653139703984429,4,0.09010604223777,2,0.1644822577557511,4,0.114898114077097,4,0.0901060422377699,8,0.0653139703984429,16,0.0529179344787794,16,16,16,8,8,6,activation_whitened,6,8,5.527263094957676,8,2.594138945050554,4,2,2,3.3018475626661195,4,1.6107148801581188,2,6,8,5.527263094957676,8,2.594138945050554,4,8,20260622_142937_stage4_sample_s101,source_runs/20260622_142937_stage4_sample_s101,sample_limited,101
33,observed_rank_sweep_minimum,observed_best_gap_v1,best_observed_validation_loss_on_tested_rank_grid,base_val_loss_minus_best_observed_val_loss,True,ok,6,6,1;2;4;8;16;32,0.0747223689666342,32,0.0277623980714524,0.0277623980714524,0.0469599708951818,0.0469599708951818,best_observed_validation_loss_on_tested_rank_grid,0.0143188639487777,0.0604035050178565,16,0.028701597489356,16,0.0301103966162114,4,0.0324583951609705,2,0.0371543922504887,2,0.0512423835190433,2,0.0418503893400069,2,0.0371543922504887,4,0.0324583951609705,16,0.0301103966162114,16,16,16,4,4,2,activation_whitened,2,2,4.880703300443779,8,2.1367594714518745,4,2,2,3.4844362614661883,4,1.8567509657200807,2,2,2,4.880703300443779,8,2.1367594714518745,4,2,20260622_142937_stage4_sample_s101,source_runs/20260622_142937_stage4_sample_s101,sample_limited,101
34,observed_rank_sweep_minimum,observed_best_gap_v1,best_observed_validation_loss_on_tested_rank_grid,base_val_loss_minus_best_observed_val_loss,True,ok,6,6,1;2;4;8;16;32,0.0738243953672604,32,0.0176250679524059,0.0176250679524059,0.0561993274148545,0.0561993274148545,best_observed_validation_loss_on_tested_rank_grid,0.0144807565154351,0.0593436388518253,1,0.0187490545007029,1,0.0204350343231486,1,0.0232450006938913,1,0.0288649334353768,1,0.0457247316598331,1,0.0344848661768622,1,0.0288649334353768,1,0.0232450006938913,1,0.0204350343231486,1,1,1,1,1,1,activation_whitened,1,1,1.9808662664206973,2,1.1004622648451892,2,1,1,1.4120756663246266,2,1.0502143598021736,2,1,1,1.9808662664206973,2,1.1004622648451892,2,1,20260622_142937_stage4_sample_s101,source_runs/20260622_142937_stage4_sample_s101,sample_limited,101
35,observed_rank_sweep_minimum,observed_best_gap_v1,best_observed_validation_loss_on_tested_rank_grid,base_val_loss_minus_best_observed_val_loss,True,ok,6,6,1;2;4;8;16;32,0.1495815916581378,32,0.0495322584710442,0.0495322584710442,0.1000493331870936,0.1000493331870936,best_observed_validation_loss_on_tested_rank_grid,0.0144078806504659,0.1351737110076719,32,0.051533245134786,32,0.0545347251303988,16,0.0595371917897535,8,0.0695421251084629,4,0.099556925064591,8,0.0795470584271722,8,0.0695421251084629,16,0.0595371917897535,32,0.0545347251303988,32,32,16,16,16,8,activation_whitened,8,8,9.182228421072482,16,4.682742312109634,8,4,4,5.759638126822416,8,2.336410032111591,4,8,8,9.182228421072482,16,4.682742312109634,8,8,20260622_142937_stage4_sample_s101,source_runs/20260622_142937_stage4_sample_s101,sample_limited,101
36,observed_rank_sweep_minimum,observed_best_gap_v1,best_observed_validation_loss_on_tested_rank_grid,base_val_loss_minus_best_observed_val_loss,True,ok,6,6,1;2;4;8;16;32,0.1172425528532447,32,0.0180551103588337,0.0180551103588337,0.099187442494411,0.099187442494411,best_observed_validation_loss_on_tested_rank_grid,0.0143783575496421,0.1028641953036025,4,0.0200388592087219,2,0.0230144824835542,2,0.0279738546082748,2,0.0378925988577159,1,0.0676488316060392,2,0.047811343107157,2,0.0378925988577159,2,0.0279738546082747,2,0.0230144824835542,4,4,4,4,2,2,activation_whitened,2,2,2.6969620490210264,4,1.719183462585885,2,2,2,2.1646977082455483,4,1.6173790885573402,2,2,2,2.6969620490210264,4,1.719183462585885,2,2,20260622_142937_stage4_sample_s101,source_runs/20260622_142937_stage4_sample_s101,sample_limited,101
37,observed_rank_sweep_minimum,observed_best_gap_v1,best_observed_validation_loss_on_tested_rank_grid,base_val_loss_minus_best_observed_val_loss,True,ok,6,6,1;2;4;8;16;32,0.2478892721639638,32,0.0521260295573174,0.0521260295573174,0.1957632426066464,0.1957632426066464,best_observed_validation_loss_on_tested_rank_grid,0.0144117407810662,0.2334775313828976,32,0.0560412944094503,16,0.0619141916876497,8,0.071702353817982,4,0.0912786780786466,2,0.1500076508606406,4,0.1108550023393113,4,0.0912786780786466,8,0.071702353817982,16,0.0619141916876497,32,16,16,16,8,7,activation_whitened,7,8,6.560313419517637,8,2.6842430017576646,4,3,4,4.149213435157266,8,1.921394205655973,2,7,8,6.560313419517637,8,2.6842430017576646,4,8,20260622_142937_stage4_sample_s101,source_runs/20260622_142937_stage4_sample_s101,sample_limited,101
38,observed_rank_sweep_minimum,observed_best_gap_v1,best_observed_validation_loss_on_tested_rank_grid,base_val_loss_minus_best_observed_val_loss,True,ok,6,6,1;2;4;8;16;32,0.1560878642247139,32,0.0212917685479421,0.0212917685479421,0.1347960956767718,0.1347960956767718,best_observed_validation_loss_on_tested_rank_grid,0.0143894824091518,0.1416983818155621,16,0.0239876904614775,8,0.0280315733317806,4,0.0347713781156192,4,0.0482509876832964,1,0.088689816386328,2,0.0617305972509736,4,0.0482509876832964,4,0.0347713781156192,8,0.0280315733317806,16,8,8,8,8,3,activation_whitened,3,4,3.591587001592567,4,2.0083483873543724,4,3,4,2.8338029804158698,4,1.6988123319098272,2,3,4,3.591587001592567,4,2.0083483873543724,4,4,20260622_142937_stage4_sample_s101,source_runs/20260622_142937_stage4_sample_s101,sample_limited,101
39,observed_rank_sweep_minimum,observed_best_gap_v1,best_observed_validation_loss_on_tested_rank_grid,base_val_loss_minus_best_observed_val_loss,True,ok,6,6,1;2;4;8;16;32,0.1338952848058923,32,0.0282945758865609,0.0282945758865609,0.1056007089193314,0.1056007089193314,best_observed_validation_loss_on_tested_rank_grid,0.0143499140658198,0.1195453707400725,32,0.0304065900649475,8,0.0335746113325274,8,0.038854646778494,4,0.0494147176704271,2,0.0810949303462266,2,0.0599747885623603,4,0.0494147176704271,8,0.038854646778494,8,0.0335746113325274,32,8,8,8,8,3,activation_whitened,3,4,4.03626911187433,8,2.218246478931907,4,3,4,2.6536379493732305,4,1.4600679486392183,2,3,4,4.03626911187433,8,2.218246478931907,4,4,20260622_142937_stage4_sample_s101,source_runs/20260622_142937_stage4_sample_s101,sample_limited,101
40,observed_rank_sweep_minimum,observed_best_gap_v1,best_observed_validation_loss_on_tested_rank_grid,base_val_loss_minus_best_observed_val_loss,True,ok,6,6,1;2;4;8;16;32,0.1899852329021147,32,0.0203544797877667,0.0203544797877667,0.169630753114348,0.169630753114348,best_observed_validation_loss_on_tested_rank_grid,0.0143550868129107,0.175630146089204,2,0.0237470948500536,2,0.0288360174434841,2,0.0373175550992014,2,0.0542806304106363,1,0.1051698563449407,1,0.0712437057220711,2,0.0542806304106363,2,0.0373175550992014,2,0.0288360174434841,2,2,2,2,2,2,activation_whitened,2,2,2.471809146604202,4,1.452899086972733,2,2,2,1.8729500070467413,2,1.2611418446729756,2,2,2,2.471809146604202,4,1.452899086972733,2,2,20260622_142937_stage4_sample_s101,source_runs/20260622_142937_stage4_sample_s101,sample_limited,101
41,observed_rank_sweep_minimum,observed_best_gap_v1,best_observed_validation_loss_on_tested_rank_grid,base_val_loss_minus_best_observed_val_loss,True,ok,6,6,1;2;4;8;16;32,0.1796537223290385,32,0.0549631915708523,0.0549631915708523,0.1246905307581862,0.1246905307581862,best_observed_validation_loss_on_tested_rank_grid,0.0144166816896159,0.1652370406394226,32,0.057457002186016,16,0.0611977181087616,16,0.0674322446466709,8,0.0799012977224895,2,0.1173084569499454,4,0.0923703507983081,8,0.0799012977224895,16,0.0674322446466709,16,0.0611977181087616,32,16,16,16,16,8,activation_whitened,8,8,7.909871402439005,8,3.377333550014222,4,5,8,5.382169710312671,8,2.211351128292435,4,8,8,7.909871402439005,8,3.377333550014222,4,8,20260622_142937_stage4_sample_s101,source_runs/20260622_142937_stage4_sample_s101,sample_limited,101
42,observed_rank_sweep_minimum,observed_best_gap_v1,best_observed_validation_loss_on_tested_rank_grid,base_val_loss_minus_best_observed_val_loss,True,ok,6,6,1;2;4;8;16;32,0.1933197539047289,32,0.0250307001558142,0.0250307001558142,0.1682890537489147,0.1682890537489147,best_observed_validation_loss_on_tested_rank_grid,0.0143968430965452,0.1789229108081837,32,0.0283964812307924,16,0.0334451528432599,8,0.0418596055307056,4,0.0586885109055971,2,0.1091752270302715,4,0.0755174162804886,4,0.0586885109055971,8,0.0418596055307056,16,0.0334451528432599,16,16,8,8,8,4,activation_whitened,4,4,4.388033038821384,8,2.582121801621334,4,4,4,3.497827784966675,4,2.317360723958996,4,4,4,4.388033038821384,8,2.582121801621334,4,4,20260622_142937_stage4_sample_s101,source_runs/20260622_142937_stage4_sample_s101,sample_limited,101
43,observed_rank_sweep_minimum,observed_best_gap_v1,best_observed_validation_loss_on_tested_rank_grid,base_val_loss_minus_best_observed_val_loss,True,ok,6,6,1;2;4;8;16;32,0.135544708709345,32,0.0353902090136425,0.0353902090136425,0.1001544996957025,0.1001544996957025,best_observed_validation_loss_on_tested_rank_grid,0.0144344692741947,0.1211102394351503,32,0.0373932990075565,16,0.0403979339984276,8,0.0454056589832127,4,0.055421108952783,2,0.0854674588614937,4,0.0654365589223532,4,0.055421108952783,8,0.0454056589832127,16,0.0403979339984276,16,16,8,8,8,5,activation_whitened,5,8,5.475308855502049,8,2.6838139067668254,4,4,4,4.252421356301569,8,2.308741364545666,4,5,8,5.475308855502049,8,2.6838139067668254,4,8,20260622_142937_stage4_sample_s101,source_runs/20260622_142937_stage4_sample_s101,sample_limited,101
44,observed_rank_sweep_minimum,observed_best_gap_v1,best_observed_validation_loss_on_tested_rank_grid,base_val_loss_minus_best_observed_val_loss,True,ok,6,6,1;2;4;8;16;32,0.0843893603953457,32,0.0373608148163178,0.0373608148163178,0.0470285455790279,0.0470285455790279,best_observed_validation_loss_on_tested_rank_grid,0.0143821359813502,0.0700072244139955,32,0.0383013857278983,32,0.0397122420952691,16,0.0420636693742205,8,0.0467665239321233,2,0.0608750876058317,8,0.0514693784900261,8,0.0467665239321233,16,0.0420636693742205,32,0.0397122420952692,32,32,16,16,8,7,activation_whitened,5,8,6.541748900102088,8,2.40035175590424,4,4,4,4.853639444039921,8,2.0968120907416705,4,5,8,6.541748900102088,8,2.40035175590424,4,8,20260622_142937_stage4_sample_s101,source_runs/20260622_142937_stage4_sample_s101,sample_limited,101
45,observed_rank_sweep_minimum,observed_best_gap_v1,best_observed_validation_loss_on_tested_rank_grid,base_val_loss_minus_best_observed_val_loss,True,ok,6,6,1;2;4;8;16;32,0.0951475548059838,32,0.042680589392016,0.042680589392016,0.0524669654139678,0.0524669654139678,best_observed_validation_loss_on_tested_rank_grid,0.0144407545972337,0.0807068002087501,32,0.0437299287002953,32,0.0453039376627143,32,0.0479272859334127,8,0.0531739824748095,2,0.0689140720989999,4,0.0584206790162063,8,0.0531739824748095,32,0.0479272859334127,32,0.0453039376627143,32,32,32,32,16,8,activation_whitened,6,8,7.995970850382725,8,3.4062670220692817,4,3,4,4.015783416734974,8,1.743572172517024,2,6,8,7.995970850382725,8,3.4062670220692817,4,8,20260622_142937_stage4_sample_s101,source_runs/20260622_142937_stage4_sample_s101,sample_limited,101
46,observed_rank_sweep_minimum,observed_best_gap_v1,best_observed_validation_loss_on_tested_rank_grid,base_val_loss_minus_best_observed_val_loss,True,ok,6,6,1;2;4;8;16;32,0.049073424621202,32,0.0193676637130351,0.0193676637130351,0.0297057609081668,0.0297057609081668,best_observed_validation_loss_on_tested_rank_grid,0.0144455327973873,0.0346278918238147,16,0.0199617789311984,2,0.0208529517584434,2,0.0223382398038517,1,0.0253088158946684,1,0.0342205441671185,1,0.0282793919854851,1,0.0253088158946684,2,0.0223382398038517,2,0.0208529517584434,8,2,2,2,2,1,activation_whitened,1,1,3.132337140447989,4,1.213076945388745,2,2,2,2.150997763703065,4,1.1735341891461224,2,1,1,3.132337140447989,4,1.213076945388745,2,1,20260622_142937_stage4_sample_s101,source_runs/20260622_142937_stage4_sample_s101,sample_limited,101
47,observed_rank_sweep_minimum,observed_best_gap_v1,best_observed_validation_loss_on_tested_rank_grid,base_val_loss_minus_best_observed_val_loss,True,ok,6,6,1;2;4;8;16;32,0.0875912199920232,32,0.0250993192104138,0.0250993192104138,0.0624919007816094,0.0624919007816094,best_observed_validation_loss_on_tested_rank_grid,0.0144375557373908,0.0731536642546323,32,0.0263491572260459,8,0.0282239142494942,4,0.0313485092885747,4,0.0375976993667356,2,0.0563452696012184,2,0.0438468894448966,4,0.0375976993667356,4,0.0313485092885747,8,0.0282239142494942,8,8,8,8,8,3,activation_whitened,3,4,4.954220906223947,8,2.536430396722016,4,3,4,3.2765706004428705,4,1.8574177448323224,2,3,4,4.954220906223947,8,2.536430396722016,4,4,20260622_142937_stage4_sample_s101,source_runs/20260622_142937_stage4_sample_s101,sample_limited,101
0,observed_rank_sweep_minimum,observed_best_gap_v1,best_observed_validation_loss_on_tested_rank_grid,base_val_loss_minus_best_observed_val_loss,True,ok,6,6,1;2;4;8;16;32,0.1392458640941566,32,0.0377466811646576,0.0377466811646576,0.101499182929499,0.101499182929499,best_observed_validation_loss_on_tested_rank_grid,0.0144150515280221,0.1248308125661345,32,0.0397766648232475,16,0.0428216403111325,8,0.0478965994576075,4,0.0580465177505574,2,0.0884962726294071,4,0.0681964360435073,4,0.0580465177505573,8,0.0478965994576074,16,0.0428216403111325,32,16,16,8,8,5,activation_whitened,5,8,6.156771854918308,8,2.900517350120168,4,4,4,4.079751239293931,8,2.2104866547047743,4,5,8,6.156771854918308,8,2.900517350120168,4,8,20260622_143109_stage4_sample_s103,source_runs/20260622_143109_stage4_sample_s103,sample_limited,103
1,observed_rank_sweep_minimum,observed_best_gap_v1,best_observed_validation_loss_on_tested_rank_grid,base_val_loss_minus_best_observed_val_loss,True,ok,6,6,1;2;4;8;16;32,0.108362253467178,32,0.024202665983435,0.024202665983435,0.084159587483743,0.084159587483743,best_observed_validation_loss_on_tested_rank_grid,0.0144231258845085,0.0939391275826695,32,0.0258858577331098,8,0.0284106453576221,8,0.0326186247318093,2,0.0410345834801836,1,0.0662824597253065,2,0.0494505422285579,2,0.0410345834801836,8,0.0326186247318092,8,0.0284106453576221,16,8,8,8,8,3,activation_whitened,3,4,3.6016739122865684,4,1.7346055217431018,2,3,4,2.75726804894724,4,1.5291956827677635,2,3,4,3.6016739122865684,4,1.7346055217431018,2,4,20260622_143109_stage4_sample_s103,source_runs/20260622_143109_stage4_sample_s103,sample_limited,103
2,observed_rank_sweep_minimum,observed_best_gap_v1,best_observed_validation_loss_on_tested_rank_grid,base_val_loss_minus_best_observed_val_loss,True,ok,6,6,1;2;4;8;16;32,0.1424383430861021,32,0.0225169705339953,0.0225169705339953,0.1199213725521067,0.1199213725521067,best_observed_validation_loss_on_tested_rank_grid,0.0144356599215023,0.1280026831645997,16,0.0249153979850374,8,0.0285130391616006,4,0.0345091077892059,4,0.0465012450444166,2,0.0824776568100487,2,0.0584933822996273,4,0.0465012450444166,4,0.0345091077892059,8,0.0285130391616006,8,8,8,8,4,3,activation_whitened,3,4,3.8332871502115657,4,2.398054441857756,4,3,4,2.4877288482589,4,1.466532550243736,2,3,4,3.8332871502115657,4,2.398054441857756,4,4,20260622_143109_stage4_sample_s103,source_runs/20260622_143109_stage4_sample_s103,sample_limited,103
3,observed_rank_sweep_minimum,observed_best_gap_v1,best_observed_validation_loss_on_tested_rank_grid,base_val_loss_minus_best_observed_val_loss,True,ok,6,6,1;2;4;8;16;32,0.0667972118142723,32,0.0217902482113178,0.0217902482113178,0.0450069636029544,0.0450069636029544,best_observed_validation_loss_on_tested_rank_grid,0.0144845532010063,0.052312658613266,16,0.0226903874833768,16,0.0240405963914655,16,0.0262909445716132,2,0.0307916409319087,1,0.044293730012795,2,0.0352923372922041,2,0.0307916409319086,16,0.0262909445716132,16,0.0240405963914655,16,16,16,16,2,2,activation_whitened,2,2,3.520357792314876,4,1.6110198277270606,2,2,2,2.234219541194095,4,1.3390517927374714,2,2,2,3.520357792314876,4,1.6110198277270606,2,2,20260622_143109_stage4_sample_s103,source_runs/20260622_143109_stage4_sample_s103,sample_limited,103
4,observed_rank_sweep_minimum,observed_best_gap_v1,best_observed_validation_loss_on_tested_rank_grid,base_val_loss_minus_best_observed_val_loss,True,ok,6,6,1;2;4;8;16;32,0.1464193319288992,32,0.0391128146450049,0.0391128146450049,0.1073065172838942,0.1073065172838942,best_observed_validation_loss_on_tested_rank_grid,0.0143443832104186,0.1320749487184806,32,0.0412589449906827,16,0.0444781405091996,16,0.0498434663733943,8,0.0605741181017837,2,0.092766073286952,2,0.0713047698301732,8,0.0605741181017837,16,0.0498434663733943,16,0.0444781405091996,32,16,16,16,8,5,activation_whitened,5,8,5.66232223680454,8,3.028805911463418,4,3,4,3.7098497439763647,4,2.150296369397992,4,5,8,5.66232223680454,8,3.028805911463418,4,8,20260622_143109_stage4_sample_s103,source_runs/20260622_143109_stage4_sample_s103,sample_limited,103
5,observed_rank_sweep_minimum,observed_best_gap_v1,best_observed_validation_loss_on_tested_rank_grid,base_val_loss_minus_best_observed_val_loss,True,ok,6,6,1;2;4;8;16;32,0.1096425622768729,32,0.03840085814926,0.03840085814926,0.0712417041276129,0.0712417041276129,best_observed_validation_loss_on_tested_rank_grid,0.0144296857260679,0.095212876550805,32,0.0398256922318122,32,0.0419629433556406,16,0.0455250285620212,8,0.0526491989747825,2,0.0740217102130664,4,0.0597733693875438,8,0.0526491989747825,16,0.0455250285620212,32,0.0419629433556406,32,32,32,16,8,5,activation_whitened,5,8,6.377384627507468,8,2.975563409347392,4,5,8,4.534147047126463,8,2.1726943057409223,4,5,8,6.377384627507468,8,2.975563409347392,4,8,20260622_143109_stage4_sample_s103,source_runs/20260622_143109_stage4_sample_s103,sample_limited,103
6,observed_rank_sweep_minimum,observed_best_gap_v1,best_observed_validation_loss_on_tested_rank_grid,base_val_loss_minus_best_observed_val_loss,True,ok,6,6,1;2;4;8;16;32,0.2348752183784876,32,0.0246098456294122,0.0246098456294122,0.2102653727490754,0.2102653727490754,best_observed_validation_loss_on_tested_rank_grid,0.0143480450953147,0.2205271732831729,16,0.0288151530843937,8,0.0351231142668659,4,0.0456363829043197,4,0.0666629201792272,2,0.1297425320039499,2,0.0876894574541348,4,0.0666629201792272,4,0.0456363829043197,8,0.0351231142668659,8,8,8,8,8,4,activation_whitened,4,4,4.152414534973586,8,2.217053160969628,4,4,4,3.001183273857301,4,1.5927288500903931,2,4,4,4.152414534973586,8,2.217053160969628,4,4,20260622_143109_stage4_sample_s103,source_runs/20260622_143109_stage4_sample_s103,sample_limited,103
7,observed_rank_sweep_minimum,observed_best_gap_v1,best_observed_validation_loss_on_tested_rank_grid,base_val_loss_minus_best_observed_val_loss,True,ok,6,6,1;2;4;8;16;32,0.1953713501658747,32,0.0329159055524816,0.0329159055524816,0.1624554446133931,0.1624554446133931,best_observed_validation_loss_on_tested_rank_grid,0.014393528331413,0.1809778218344617,16,0.0361650144447494,4,0.0410386777831512,4,0.0491614500138209,4,0.0654069944751602,2,0.1141436278591781,2,0.0816525389364995,4,0.0654069944751602,4,0.0491614500138208,4,0.0410386777831512,16,8,4,4,4,6,activation_whitened,4,4,4.557541962092693,8,2.17963258639896,4,3,4,3.113546491703512,4,1.8224219504297745,2,4,4,4.557541962092693,8,2.17963258639896,4,4,20260622_143109_stage4_sample_s103,source_runs/20260622_143109_stage4_sample_s103,sample_limited,103
8,observed_rank_sweep_minimum,observed_best_gap_v1,best_observed_validation_loss_on_tested_rank_grid,base_val_loss_minus_best_observed_val_loss,True,ok,6,6,1;2;4;8;16;32,0.176477352046197,32,0.0353996953861933,0.0353996953861933,0.1410776566600037,0.1410776566600037,best_observed_validation_loss_on_tested_rank_grid,0.0143864848949974,0.1620908671511995,32,0.0382212485193933,16,0.0424535782191934,8,0.0495074610521936,4,0.063615226718194,2,0.1059385237161951,4,0.0777229923841944,4,0.063615226718194,8,0.0495074610521936,16,0.0424535782191934,32,16,8,8,8,5,activation_whitened,5,8,5.388928864489948,8,3.0598316189485284,4,4,4,3.453969210894106,4,1.7828352132602234,2,5,8,5.388928864489948,8,3.0598316189485284,4,8,20260622_143109_stage4_sample_s103,source_runs/20260622_143109_stage4_sample_s103,sample_limited,103
9,observed_rank_sweep_minimum,observed_best_gap_v1,best_observed_validation_loss_on_tested_rank_grid,base_val_loss_minus_best_observed_val_loss,True,ok,6,6,1;2;4;8;16;32,0.0419832452631101,32,0.0192891956164988,0.0192891956164988,0.0226940496466113,0.0226940496466113,best_observed_validation_loss_on_tested_rank_grid,0.0144041009910985,0.0275791442720116,16,0.019743076609431,8,0.0204238980988293,1,0.0215586005811599,1,0.023828005545821,1,0.0306362204398044,1,0.0260974105104821,1,0.023828005545821,1,0.0215586005811599,8,0.0204238980988293,16,8,1,1,1,1,activation_whitened,1,1,3.951552169537442,4,1.271964446970215,2,1,1,2.3142618403065223,4,1.167913662935926,2,1,1,3.951552169537442,4,1.271964446970215,2,1,20260622_143109_stage4_sample_s103,source_runs/20260622_143109_stage4_sample_s103,sample_limited,103
10,observed_rank_sweep_minimum,observed_best_gap_v1,best_observed_validation_loss_on_tested_rank_grid,base_val_loss_minus_best_observed_val_loss,True,ok,6,6,1;2;4;8;16;32,0.1407704838220778,32,0.0231888337588936,0.0231888337588936,0.1175816500631841,0.1175816500631841,best_observed_validation_loss_on_tested_rank_grid,0.0143183814938249,0.1264521023282529,16,0.0255404667601572,8,0.0290679162620528,4,0.034946998765212,4,0.0467051637715304,2,0.0819796587904857,4,0.0584633287778488,4,0.0467051637715304,4,0.034946998765212,8,0.0290679162620528,16,8,8,8,4,3,activation_whitened,3,4,3.731378746486063,4,2.074132811842512,4,3,4,2.592888909308884,4,1.4835395521368169,2,3,4,3.731378746486063,4,2.074132811842512,4,4,20260622_143109_stage4_sample_s103,source_runs/20260622_143109_stage4_sample_s103,sample_limited,103
11,observed_rank_sweep_minimum,observed_best_gap_v1,best_observed_validation_loss_on_tested_rank_grid,base_val_loss_minus_best_observed_val_loss,True,ok,6,6,1;2;4;8;16;32,0.2385681276693029,32,0.0354081032813484,0.0354081032813484,0.2031600243879545,0.2031600243879545,best_observed_validation_loss_on_tested_rank_grid,0.0144560834963015,0.2241120441730014,32,0.0394713037691074,16,0.0455661045007461,8,0.0557241057201438,4,0.0760401081589393,2,0.1369881154753256,4,0.0963561105977347,4,0.0760401081589393,8,0.0557241057201438,16,0.0455661045007461,32,8,8,8,8,6,activation_whitened,5,8,5.003859998766188,8,2.305458303946847,4,3,4,3.72681025515127,4,1.902602928245399,2,5,8,5.003859998766188,8,2.305458303946847,4,8,20260622_143109_stage4_sample_s103,source_runs/20260622_143109_stage4_sample_s103,sample_limited,103
12,observed_rank_sweep_minimum,observed_best_gap_v1,best_observed_validation_loss_on_tested_rank_grid,base_val_loss_minus_best_observed_val_loss,True,ok,6,6,1;2;4;8;16;32,0.1419540496055651,32,0.0365887132189859,0.0365887132189859,0.1053653363865791,0.1053653363865791,best_observed_validation_loss_on_tested_rank_grid,0.0144074507127414,0.1275465988928237,32,0.0386960199467174,8,0.0418569800383148,8,0.0471252468576438,2,0.0576617804963017,2,0.0892713814122755,2,0.0681983141349596,2,0.0576617804963017,8,0.0471252468576438,8,0.0418569800383148,32,8,8,8,8,5,activation_whitened,5,8,5.138701762854648,8,2.36073226038846,4,3,4,3.533945582949845,4,1.9112400380479,2,5,8,5.138701762854648,8,2.36073226038846,4,8,20260622_143109_stage4_sample_s103,source_runs/20260622_143109_stage4_sample_s103,sample_limited,103
13,observed_rank_sweep_minimum,observed_best_gap_v1,best_observed_validation_loss_on_tested_rank_grid,base_val_loss_minus_best_observed_val_loss,True,ok,6,6,1;2;4;8;16;32,0.0558890126146016,32,0.0206210415984636,0.0206210415984636,0.035267971016138,0.035267971016138,best_observed_validation_loss_on_tested_rank_grid,0.0143560026752024,0.0415330099393992,32,0.0213264010187863,16,0.0223844401492705,4,0.0241478387000774,4,0.0276746358016912,2,0.0382550271065326,4,0.031201432903305,4,0.0276746358016911,4,0.0241478387000773,16,0.0223844401492704,32,8,4,4,4,2,activation_whitened,2,2,4.166989723910066,8,2.2254745725376632,4,2,2,2.6200915625914485,4,1.6310767552114669,2,2,2,4.166989723910066,8,2.2254745725376632,4,2,20260622_143109_stage4_sample_s103,source_runs/20260622_143109_stage4_sample_s103,sample_limited,103
14,observed_rank_sweep_minimum,observed_best_gap_v1,best_observed_validation_loss_on_tested_rank_grid,base_val_loss_minus_best_observed_val_loss,True,ok,6,6,1;2;4;8;16;32,0.1204520502094322,32,0.0289064214839717,0.0289064214839717,0.0915456287254605,0.0915456287254605,best_observed_validation_loss_on_tested_rank_grid,0.0143988900842935,0.1060531601251387,32,0.0307373340584809,16,0.0334837029202447,4,0.0380609843565177,2,0.0472155472290638,1,0.0746792358467019,2,0.0563701101016098,2,0.0472155472290637,4,0.0380609843565177,16,0.0334837029202447,32,4,4,4,4,3,activation_whitened,3,4,3.740994395862747,4,1.9292696348309963,2,2,2,2.370208230383557,4,1.5763969519725023,2,3,4,3.740994395862747,4,1.9292696348309963,2,4,20260622_143109_stage4_sample_s103,source_runs/20260622_143109_stage4_sample_s103,sample_limited,103
15,observed_rank_sweep_minimum,observed_best_gap_v1,best_observed_validation_loss_on_tested_rank_grid,base_val_loss_minus_best_observed_val_loss,True,ok,6,6,1;2;4;8;16;32,0.1232847864924325,32,0.0437376573573215,0.0437376573573215,0.079547129135111,0.079547129135111,best_observed_validation_loss_on_tested_rank_grid,0.014420227463176,0.1088645590292565,32,0.0453285999400237,16,0.047715013814077,16,0.0516923702708326,8,0.0596470831843437,2,0.083511221924877,4,0.0676017960978548,8,0.0596470831843437,16,0.0516923702708326,16,0.047715013814077,32,16,16,16,8,7,activation_whitened,7,8,7.221682074933715,8,2.848065632035776,4,2,2,3.825150720068908,4,1.6335445416280907,2,7,8,7.221682074933715,8,2.848065632035776,4,8,20260622_143109_stage4_sample_s103,source_runs/20260622_143109_stage4_sample_s103,sample_limited,103
16,observed_rank_sweep_minimum,observed_best_gap_v1,best_observed_validation_loss_on_tested_rank_grid,base_val_loss_minus_best_observed_val_loss,True,ok,6,6,1;2;4;8;16;32,0.1609582585148838,32,0.023033791678311,0.023033791678311,0.1379244668365728,0.1379244668365728,best_observed_validation_loss_on_tested_rank_grid,0.0144184969144767,0.1465397616004071,16,0.0257922810150424,8,0.0299300150201396,8,0.0368262383619682,8,0.0506186850456255,2,0.0919960250965973,2,0.0644111317292828,8,0.0506186850456255,8,0.0368262383619682,8,0.0299300150201396,16,8,8,8,8,3,activation_whitened,3,4,3.77007209792723,4,2.151124737090255,4,3,4,3.1075497485952663,4,1.939869914980163,2,3,4,3.77007209792723,4,2.151124737090255,4,4,20260622_143109_stage4_sample_s103,source_runs/20260622_143109_stage4_sample_s103,sample_limited,103
17,observed_rank_sweep_minimum,observed_best_gap_v1,best_observed_validation_loss_on_tested_rank_grid,base_val_loss_minus_best_observed_val_loss,True,ok,6,6,1;2;4;8;16;32,0.1180127221767731,32,0.0352439947585546,0.0352439947585546,0.0827687274182185,0.0827687274182185,best_observed_validation_loss_on_tested_rank_grid,0.0144373497286474,0.1035753724481257,32,0.0368993693069189,16,0.0393824311294655,8,0.0435208675003764,4,0.0517977402421983,2,0.0766283584676638,2,0.0600746129840201,4,0.0517977402421983,8,0.0435208675003764,16,0.0393824311294655,32,8,8,8,8,6,activation_whitened,6,8,6.238858450716204,8,2.5830471984106125,4,4,4,4.76651146335566,8,2.3775147194597155,4,6,8,6.238858450716204,8,2.5830471984106125,4,8,20260622_143109_stage4_sample_s103,source_runs/20260622_143109_stage4_sample_s103,sample_limited,103
18,observed_rank_sweep_minimum,observed_best_gap_v1,best_observed_validation_loss_on_tested_rank_grid,base_val_loss_minus_best_observed_val_loss,True,ok,6,6,1;2;4;8;16;32,0.1885570947159233,32,0.0295131728797284,0.0295131728797284,0.1590439218361949,0.1590439218361949,best_observed_validation_loss_on_tested_rank_grid,0.0144214097095523,0.174135685006371,16,0.0326940513164523,8,0.0374653689715381,8,0.0454175650633478,4,0.0613219572469673,2,0.1090351337978258,4,0.0772263494305868,4,0.0613219572469673,8,0.0454175650633479,8,0.0374653689715381,8,8,8,8,8,4,activation_whitened,4,4,4.509957090657121,8,2.555505720583456,4,4,4,3.200298339852257,4,1.7392723809438757,2,4,4,4.509957090657121,8,2.555505720583456,4,4,20260622_143109_stage4_sample_s103,source_runs/20260622_143109_stage4_sample_s103,sample_limited,103
19,observed_rank_sweep_minimum,observed_best_gap_v1,best_observed_validation_loss_on_tested_rank_grid,base_val_loss_minus_best_observed_val_loss,True,ok,6,6,1;2;4;8;16;32,0.0675233843110865,32,0.0346019911629843,0.0346019911629843,0.0329213931481022,0.0329213931481022,best_observed_validation_loss_on_tested_rank_grid,0.0143556650219693,0.0531677192891172,32,0.0352604190259463,16,0.0362480608203894,16,0.0378941304777945,8,0.0411862697926047,2,0.0510626877370354,2,0.0444784091074149,8,0.0411862697926047,16,0.0378941304777945,16,0.0362480608203894,32,16,16,16,16,3,activation_whitened,3,4,5.543335584323629,8,2.130571981840664,4,4,4,3.760566081661228,4,1.629334836025759,2,3,4,5.543335584323629,8,2.130571981840664,4,4,20260622_143109_stage4_sample_s103,source_runs/20260622_143109_stage4_sample_s103,sample_limited,103
20,observed_rank_sweep_minimum,observed_best_gap_v1,best_observed_validation_loss_on_tested_rank_grid,base_val_loss_minus_best_observed_val_loss,True,ok,6,6,1;2;4;8;16;32,0.1380698583008761,32,0.0391304260952989,0.0391304260952989,0.0989394322055771,0.0989394322055771,best_observed_validation_loss_on_tested_rank_grid,0.0143815200051632,0.1236883382957129,32,0.0411092147394104,16,0.0440773977055777,8,0.0490243693158566,4,0.0589183125364143,1,0.0886001421980875,2,0.068812255756972,4,0.0589183125364143,8,0.0490243693158566,16,0.0440773977055777,32,16,16,4,4,6,activation_whitened,5,8,5.16551090014041,8,2.1604712774096635,4,4,4,4.15537875919095,8,2.137167445645773,4,5,8,5.16551090014041,8,2.1604712774096635,4,8,20260622_143109_stage4_sample_s103,source_runs/20260622_143109_stage4_sample_s103,sample_limited,103
21,observed_rank_sweep_minimum,observed_best_gap_v1,best_observed_validation_loss_on_tested_rank_grid,base_val_loss_minus_best_observed_val_loss,True,ok,6,6,1;2;4;8;16;32,0.0967655623767927,32,0.0374099074115903,0.0374099074115903,0.0593556549652023,0.0593556549652023,best_observed_validation_loss_on_tested_rank_grid,0.0143237525813296,0.082441809795463,32,0.0385970205108943,32,0.0403776901598504,16,0.0433454729081105,4,0.0492810384046307,1,0.0670877348941915,2,0.055216603901151,4,0.0492810384046307,16,0.0433454729081105,32,0.0403776901598504,32,32,16,4,4,6,activation_whitened,5,8,5.8302422101978655,8,2.2274744139304787,4,4,4,4.497300697151122,8,2.0422972073515164,4,5,8,5.8302422101978655,8,2.2274744139304787,4,8,20260622_143109_stage4_sample_s103,source_runs/20260622_143109_stage4_sample_s103,sample_limited,103
22,observed_rank_sweep_minimum,observed_best_gap_v1,best_observed_validation_loss_on_tested_rank_grid,base_val_loss_minus_best_observed_val_loss,True,ok,6,6,1;2;4;8;16;32,0.1729366942878622,32,0.036326205697763,0.036326205697763,0.1366104885900992,0.1366104885900992,best_observed_validation_loss_on_tested_rank_grid,0.0143834855122644,0.1585532087755978,32,0.0390584154695649,16,0.0431567301272679,16,0.0499872545567729,8,0.0636483034157828,4,0.1046314499928126,4,0.0773093522747927,8,0.0636483034157828,16,0.0499872545567729,16,0.0431567301272679,32,16,16,16,8,5,activation_whitened,5,8,5.742294438221142,8,3.107935370164938,4,5,8,4.538767633016411,8,2.338350234659741,4,5,8,5.742294438221142,8,3.107935370164938,4,8,20260622_143109_stage4_sample_s103,source_runs/20260622_143109_stage4_sample_s103,sample_limited,103
23,observed_rank_sweep_minimum,observed_best_gap_v1,best_observed_validation_loss_on_tested_rank_grid,base_val_loss_minus_best_observed_val_loss,True,ok,6,6,1;2;4;8;16;32,0.0472647871166516,32,0.0166977355753485,0.0166977355753485,0.0305670515413031,0.0305670515413031,best_observed_validation_loss_on_tested_rank_grid,0.014380664505433,0.0328841226112186,8,0.0173090766061745,4,0.0182260881524136,1,0.0197544407294788,1,0.0228111458836091,1,0.031981261346,1,0.0258678510377394,1,0.0228111458836091,1,0.0197544407294788,4,0.0182260881524136,8,4,4,4,4,1,activation_whitened,1,1,2.580130586251504,4,1.150092224702862,2,1,1,1.5722750184893155,2,1.0642959510118557,2,1,1,2.580130586251504,4,1.150092224702862,2,1,20260622_143109_stage4_sample_s103,source_runs/20260622_143109_stage4_sample_s103,sample_limited,103
24,observed_rank_sweep_minimum,observed_best_gap_v1,best_observed_validation_loss_on_tested_rank_grid,base_val_loss_minus_best_observed_val_loss,True,ok,6,6,1;2;4;8;16;32,0.1980946826979086,32,0.0559997833344543,0.0559997833344543,0.1420948993634543,0.1420948993634543,best_observed_validation_loss_on_tested_rank_grid,0.0144091237088827,0.1836855589890259,32,0.0588416813217233,16,0.063104528302627,16,0.0702092732707997,8,0.0844187632071451,4,0.1270472330161814,4,0.0986282531434906,8,0.0844187632071451,16,0.0702092732707997,16,0.063104528302627,32,16,16,16,16,8,activation_whitened,8,8,8.074472105817625,16,4.24638675367599,8,5,8,5.406393719278961,8,2.2593180898649377,4,8,8,8.074472105817625,16,4.24638675367599,8,8,20260622_143109_stage4_sample_s103,source_runs/20260622_143109_stage4_sample_s103,sample_limited,103
25,observed_rank_sweep_minimum,observed_best_gap_v1,best_observed_validation_loss_on_tested_rank_grid,base_val_loss_minus_best_observed_val_loss,True,ok,6,6,1;2;4;8;16;32,0.180608208800981,32,0.0328805034436019,0.0328805034436019,0.1477277053573791,0.1477277053573791,best_observed_validation_loss_on_tested_rank_grid,0.0144314808387706,0.1661767279622104,32,0.0358350575507494,16,0.0402668887114708,16,0.0476532739793398,4,0.0624260445150777,2,0.1067443561222914,4,0.0771988150508156,4,0.0624260445150777,16,0.0476532739793398,16,0.0402668887114708,32,16,16,16,16,4,activation_whitened,4,4,4.929509133152238,8,2.7092180974198583,4,4,4,3.066817493601842,4,1.5643058360981077,2,4,4,4.929509133152238,8,2.7092180974198583,4,4,20260622_143109_stage4_sample_s103,source_runs/20260622_143109_stage4_sample_s103,sample_limited,103
26,observed_rank_sweep_minimum,observed_best_gap_v1,best_observed_validation_loss_on_tested_rank_grid,base_val_loss_minus_best_observed_val_loss,True,ok,6,6,1;2;4;8;16;32,0.1179178063933055,32,0.0242643856169486,0.0242643856169486,0.0936534207763569,0.0936534207763569,best_observed_validation_loss_on_tested_rank_grid,0.0144465930818293,0.1034712133114762,8,0.0261374540324757,2,0.0289470566557664,2,0.0336297276945842,2,0.0429950697722199,1,0.071091096005127,2,0.0523604118498556,2,0.0429950697722199,2,0.0336297276945842,2,0.0289470566557664,2,2,2,2,2,2,activation_whitened,2,2,3.622836653568198,4,1.97852144413592,2,2,2,2.5072015940322743,4,1.563038844258865,2,2,2,3.622836653568198,4,1.97852144413592,2,2,20260622_143109_stage4_sample_s103,source_runs/20260622_143109_stage4_sample_s103,sample_limited,103
27,observed_rank_sweep_minimum,observed_best_gap_v1,best_observed_validation_loss_on_tested_rank_grid,base_val_loss_minus_best_observed_val_loss,True,ok,6,6,1;2;4;8;16;32,0.1904798038722874,32,0.0423758013493275,0.0423758013493275,0.1481040025229599,0.1481040025229599,best_observed_validation_loss_on_tested_rank_grid,0.0143975621808048,0.1760822416914826,16,0.0453378813997867,8,0.0497810014754755,4,0.0571862016016234,4,0.0719966018539194,1,0.1164278026108074,2,0.0868070021062154,4,0.0719966018539194,4,0.0571862016016234,8,0.0497810014754755,16,8,8,8,8,8,activation_whitened,5,8,5.307653377978762,8,2.238694187160987,4,3,4,4.289885836929731,8,2.0554909403444803,4,5,8,5.307653377978762,8,2.238694187160987,4,8,20260622_143109_stage4_sample_s103,source_runs/20260622_143109_stage4_sample_s103,sample_limited,103
28,observed_rank_sweep_minimum,observed_best_gap_v1,best_observed_validation_loss_on_tested_rank_grid,base_val_loss_minus_best_observed_val_loss,True,ok,6,6,1;2;4;8;16;32,0.0760834135145327,32,0.0212612981762174,0.0212612981762174,0.0548221153383153,0.0548221153383153,best_observed_validation_loss_on_tested_rank_grid,0.0144229305854523,0.0616604829290804,8,0.0223577404829837,2,0.0240024039431331,1,0.0267435097100489,1,0.0322257212438804,1,0.048672355845375,1,0.0377079327777119,1,0.0322257212438804,1,0.0267435097100489,2,0.0240024039431331,8,8,8,2,2,1,activation_whitened,1,1,2.650375914579328,4,1.1816446828786995,2,2,2,2.2767385534374425,4,1.196747967174438,2,1,1,2.650375914579328,4,1.1816446828786995,2,1,20260622_143109_stage4_sample_s103,source_runs/20260622_143109_stage4_sample_s103,sample_limited,103
29,observed_rank_sweep_minimum,observed_best_gap_v1,best_observed_validation_loss_on_tested_rank_grid,base_val_loss_minus_best_observed_val_loss,True,ok,6,6,1;2;4;8;16;32,0.2822841874937947,32,0.0478010564023857,0.0478010564023857,0.234483131091409,0.234483131091409,best_observed_validation_loss_on_tested_rank_grid,0.0144044765857638,0.2678797109080308,32,0.0524907190242138,16,0.0595252129569561,8,0.0712493695115266,4,0.0946976826206675,1,0.1650426219480902,2,0.1181459957298084,4,0.0946976826206674,8,0.0712493695115265,16,0.0595252129569561,32,16,16,16,8,7,activation_whitened,5,8,4.99239792856316,8,2.03722833721216,4,1,1,2.274153764403247,4,1.2338137728940213,2,5,8,4.99239792856316,8,2.03722833721216,4,8,20260622_143109_stage4_sample_s103,source_runs/20260622_143109_stage4_sample_s103,sample_limited,103
30,observed_rank_sweep_minimum,observed_best_gap_v1,best_observed_validation_loss_on_tested_rank_grid,base_val_loss_minus_best_observed_val_loss,True,ok,6,6,1;2;4;8;16;32,0.1866626749943988,32,0.0292129632411497,0.0292129632411497,0.1574497117532491,0.1574497117532491,best_observed_validation_loss_on_tested_rank_grid,0.014464929291358,0.1721977457030407,16,0.0323619574762146,8,0.0370854488288121,8,0.0449579344164746,4,0.0607029055917995,2,0.1079378191177742,4,0.0764478767671244,4,0.0607029055917995,8,0.0449579344164746,8,0.0370854488288121,16,16,8,8,8,5,activation_whitened,5,8,5.6559034805839135,8,3.4297668857731805,4,5,8,4.581602073632233,8,2.4798556174803266,4,5,8,5.6559034805839135,8,3.4297668857731805,4,8,20260622_143109_stage4_sample_s103,source_runs/20260622_143109_stage4_sample_s103,sample_limited,103
31,observed_rank_sweep_minimum,observed_best_gap_v1,best_observed_validation_loss_on_tested_rank_grid,base_val_loss_minus_best_observed_val_loss,True,ok,6,6,1;2;4;8;16;32,0.0975732418911489,32,0.0291311467528647,0.0291311467528647,0.0684420951382842,0.0684420951382842,best_observed_validation_loss_on_tested_rank_grid,0.0143970442475632,0.0831761976435856,32,0.0304999886556303,16,0.0325532515097789,8,0.0359753562666931,4,0.0428195657805215,2,0.0633521943220068,2,0.0496637752943499,4,0.0428195657805215,8,0.0359753562666931,16,0.0325532515097789,32,16,8,8,8,4,activation_whitened,4,4,5.119225535662498,8,2.302993050877241,4,3,4,3.0770513101838786,4,1.540449539413445,2,4,4,5.119225535662498,8,2.302993050877241,4,4,20260622_143109_stage4_sample_s103,source_runs/20260622_143109_stage4_sample_s103,sample_limited,103
32,observed_rank_sweep_minimum,observed_best_gap_v1,best_observed_validation_loss_on_tested_rank_grid,base_val_loss_minus_best_observed_val_loss,True,ok,6,6,1;2;4;8;16;32,0.0833177864793189,32,0.0268695681504478,0.0268695681504478,0.056448218328871,0.056448218328871,best_observed_validation_loss_on_tested_rank_grid,0.0144185834257865,0.0688992030535323,32,0.0279985325170252,32,0.0296919790668913,8,0.0325143899833349,8,0.038159211816222,2,0.0550936773148833,4,0.0438040336491091,8,0.038159211816222,8,0.0325143899833349,32,0.0296919790668913,32,32,8,8,8,3,activation_whitened,3,4,4.667422794205847,8,2.221422471132735,4,3,4,2.811871812456465,4,1.5257574037752737,2,3,4,4.667422794205847,8,2.221422471132735,4,4,20260622_143109_stage4_sample_s103,source_runs/20260622_143109_stage4_sample_s103,sample_limited,103
33,observed_rank_sweep_minimum,observed_best_gap_v1,best_observed_validation_loss_on_tested_rank_grid,base_val_loss_minus_best_observed_val_loss,True,ok,6,6,1;2;4;8;16;32,0.0507639909168389,32,0.022360715724454,0.022360715724454,0.0284032751923849,0.0284032751923849,best_observed_validation_loss_on_tested_rank_grid,0.0144362659736723,0.0363277249431666,16,0.0229287812283017,1,0.0237808794840732,1,0.0252010432436924,1,0.0280413707629309,1,0.0365623533206464,1,0.0308816982821694,1,0.0280413707629309,1,0.0252010432436924,1,0.0237808794840732,16,1,1,1,1,1,activation_whitened,1,1,3.93041409287904,4,1.3091355161500582,2,1,1,1.9808497004292167,2,1.1357333469268065,2,1,1,3.93041409287904,4,1.3091355161500582,2,1,20260622_143109_stage4_sample_s103,source_runs/20260622_143109_stage4_sample_s103,sample_limited,103
34,observed_rank_sweep_minimum,observed_best_gap_v1,best_observed_validation_loss_on_tested_rank_grid,base_val_loss_minus_best_observed_val_loss,True,ok,6,6,1;2;4;8;16;32,0.1116778745770926,32,0.0407426300091194,0.0407426300091194,0.0709352445679732,0.0709352445679732,best_observed_validation_loss_on_tested_rank_grid,0.0143466074466727,0.0973312671304199,32,0.0421613349004788,16,0.044289392237518,8,0.0478361544659167,8,0.054929678922714,2,0.076210252293106,4,0.0620232033795113,8,0.054929678922714,8,0.0478361544659167,16,0.044289392237518,32,16,8,8,8,8,activation_whitened,7,8,7.862982530451149,8,3.0967393834285133,4,4,4,5.062205221265285,8,2.198239117471548,4,7,8,7.862982530451149,8,3.0967393834285133,4,8,20260622_143109_stage4_sample_s103,source_runs/20260622_143109_stage4_sample_s103,sample_limited,103
35,observed_rank_sweep_minimum,observed_best_gap_v1,best_observed_validation_loss_on_tested_rank_grid,base_val_loss_minus_best_observed_val_loss,True,ok,6,6,1;2;4;8;16;32,0.2801580405315039,32,0.0278847158256549,0.0278847158256549,0.252273324705849,0.252273324705849,best_observed_validation_loss_on_tested_rank_grid,0.014338861064578,0.2658191794669259,4,0.0329301823197718,4,0.0404983820609473,4,0.0531120482962398,4,0.0783393807668247,2,0.1540213781785794,2,0.1035667132374096,4,0.0783393807668246,4,0.0531120482962397,4,0.0404983820609473,4,4,4,4,4,3,activation_whitened,3,4,3.8441513354688976,4,2.2717377375360672,4,3,4,2.62374831281915,4,1.502636810105398,2,3,4,3.8441513354688976,4,2.2717377375360672,4,4,20260622_143109_stage4_sample_s103,source_runs/20260622_143109_stage4_sample_s103,sample_limited,103
36,observed_rank_sweep_minimum,observed_best_gap_v1,best_observed_validation_loss_on_tested_rank_grid,base_val_loss_minus_best_observed_val_loss,True,ok,6,6,1;2;4;8;16;32,0.1546126284035606,32,0.0489587750348005,0.0489587750348005,0.1056538533687601,0.1056538533687601,best_observed_validation_loss_on_tested_rank_grid,0.014419614354264,0.1401930140492966,32,0.0510718521021757,16,0.0542414677032385,16,0.0595241603716765,4,0.0700895457085525,2,0.1017857017191805,4,0.0806549310454285,4,0.0700895457085525,16,0.0595241603716765,16,0.0542414677032385,32,16,16,4,4,6,activation_whitened,6,8,6.291325994566082,8,3.310536315784562,4,4,4,4.487206732922619,8,2.3625910589930026,4,6,8,6.291325994566082,8,3.310536315784562,4,8,20260622_143109_stage4_sample_s103,source_runs/20260622_143109_stage4_sample_s103,sample_limited,103
37,observed_rank_sweep_minimum,observed_best_gap_v1,best_observed_validation_loss_on_tested_rank_grid,base_val_loss_minus_best_observed_val_loss,True,ok,6,6,1;2;4;8;16;32,0.0957100830299757,32,0.0391289599222093,0.0391289599222093,0.0565811231077664,0.0565811231077664,best_observed_validation_loss_on_tested_rank_grid,0.0143995007012546,0.0813105823287211,32,0.0402605823843646,32,0.0419580160775976,16,0.0447870722329859,16,0.0504451845437625,2,0.0674195214760925,4,0.0561032968545392,16,0.0504451845437625,16,0.0447870722329859,32,0.0419580160775976,32,32,32,16,16,5,activation_whitened,5,8,6.8608288720241655,8,3.1639053811441213,4,5,8,4.23462178429211,8,2.173952655744438,4,5,8,6.8608288720241655,8,3.1639053811441213,4,8,20260622_143109_stage4_sample_s103,source_runs/20260622_143109_stage4_sample_s103,sample_limited,103
38,observed_rank_sweep_minimum,observed_best_gap_v1,best_observed_validation_loss_on_tested_rank_grid,base_val_loss_minus_best_observed_val_loss,True,ok,6,6,1;2;4;8;16;32,0.0513227845971899,32,0.0219086511698921,0.0219086511698921,0.0294141334272977,0.0294141334272977,best_observed_validation_loss_on_tested_rank_grid,0.0144069512126253,0.0369158333845646,32,0.022496933838438,16,0.0233793578412569,8,0.0248500645126218,4,0.0277914778553516,2,0.0366157178835409,4,0.0307328911980814,4,0.0277914778553516,8,0.0248500645126218,16,0.0233793578412569,32,16,16,16,8,2,activation_whitened,2,2,4.653396050056641,8,1.8147504409912447,2,2,2,2.969389624333728,4,1.9878038205069208,2,2,2,4.653396050056641,8,1.8147504409912447,2,2,20260622_143109_stage4_sample_s103,source_runs/20260622_143109_stage4_sample_s103,sample_limited,103
39,observed_rank_sweep_minimum,observed_best_gap_v1,best_observed_validation_loss_on_tested_rank_grid,base_val_loss_minus_best_observed_val_loss,True,ok,6,6,1;2;4;8;16;32,0.0959081258172234,32,0.0199239153441248,0.0199239153441248,0.0759842104730986,0.0759842104730986,best_observed_validation_loss_on_tested_rank_grid,0.0144146856857271,0.0814934401314963,1,0.0214435995535867,1,0.0237231258677797,1,0.0275223363914346,1,0.0351207574387445,1,0.0579160205806741,1,0.0427191784860543,1,0.0351207574387445,1,0.0275223363914346,1,0.0237231258677797,2,2,1,1,1,1,activation_whitened,1,1,1.9716520560740545,2,1.1093455932717349,2,1,1,1.256951307667776,2,1.0337375696761022,2,1,1,1.9716520560740545,2,1.1093455932717349,2,1,20260622_143109_stage4_sample_s103,source_runs/20260622_143109_stage4_sample_s103,sample_limited,103
40,observed_rank_sweep_minimum,observed_best_gap_v1,best_observed_validation_loss_on_tested_rank_grid,base_val_loss_minus_best_observed_val_loss,True,ok,6,6,1;2;4;8;16;32,0.1495943509520569,32,0.0425675008250633,0.0425675008250633,0.1070268501269935,0.1070268501269935,best_observed_validation_loss_on_tested_rank_grid,0.0143773377332231,0.1352170132188337,32,0.0447080378276031,16,0.0479188433314129,16,0.0532701858377626,8,0.063972870850462,4,0.0960809258885601,4,0.0746755558631613,8,0.063972870850462,16,0.0532701858377626,16,0.0479188433314129,32,16,16,16,8,6,activation_whitened,6,8,6.093079164561932,8,3.202857237626029,4,5,8,5.422910756836471,8,2.886803376014622,4,6,8,6.093079164561932,8,3.202857237626029,4,8,20260622_143109_stage4_sample_s103,source_runs/20260622_143109_stage4_sample_s103,sample_limited,103
41,observed_rank_sweep_minimum,observed_best_gap_v1,best_observed_validation_loss_on_tested_rank_grid,base_val_loss_minus_best_observed_val_loss,True,ok,6,6,1;2;4;8;16;32,0.1582988159475466,32,0.0229494420512178,0.0229494420512178,0.1353493738963288,0.1353493738963288,best_observed_validation_loss_on_tested_rank_grid,0.014473842716992,0.1438249732305546,4,0.0256564295291443,4,0.0297169107460342,4,0.0364843794408506,4,0.0500193168304835,1,0.0906241289993822,2,0.0635542542201164,4,0.0500193168304835,4,0.0364843794408506,4,0.0297169107460342,4,4,4,4,4,2,activation_whitened,2,2,3.122507690905137,4,1.8666076328580783,2,2,2,2.593693027483024,4,1.5867445468532575,2,2,2,3.122507690905137,4,1.8666076328580783,2,2,20260622_143109_stage4_sample_s103,source_runs/20260622_143109_stage4_sample_s103,sample_limited,103
42,observed_rank_sweep_minimum,observed_best_gap_v1,best_observed_validation_loss_on_tested_rank_grid,base_val_loss_minus_best_observed_val_loss,True,ok,6,6,1;2;4;8;16;32,0.1079419667050157,32,0.0375709637011638,0.0375709637011638,0.0703710030038519,0.0703710030038519,best_observed_validation_loss_on_tested_rank_grid,0.0143370812751724,0.0936048854298433,32,0.0389783837612408,16,0.0410895138513563,8,0.0446080640015489,8,0.0516451643019341,2,0.0727564652030897,4,0.0586822646023193,8,0.0516451643019341,8,0.0446080640015489,16,0.0410895138513563,16,16,16,16,8,8,activation_whitened,5,8,7.275651160873298,8,3.001457109807676,4,4,4,4.449795759798157,8,1.937945726163192,2,5,8,7.275651160873298,8,3.001457109807676,4,8,20260622_143109_stage4_sample_s103,source_runs/20260622_143109_stage4_sample_s103,sample_limited,103
43,observed_rank_sweep_minimum,observed_best_gap_v1,best_observed_validation_loss_on_tested_rank_grid,base_val_loss_minus_best_observed_val_loss,True,ok,6,6,1;2;4;8;16;32,0.2029002583733792,32,0.0410059438793955,0.0410059438793955,0.1618943144939837,0.1618943144939837,best_observed_validation_loss_on_tested_rank_grid,0.0144182926423707,0.1884819657310084,16,0.0442438301692751,8,0.0491006596040946,4,0.0571953753287938,4,0.0733848067781922,2,0.1219531011263873,2,0.0895742382275906,4,0.0733848067781922,4,0.0571953753287938,8,0.0491006596040946,16,8,8,8,8,8,activation_whitened,5,8,5.881853623459785,8,2.68882413628986,4,4,4,4.5685685326609855,8,2.512504235834526,4,5,8,5.881853623459785,8,2.68882413628986,4,8,20260622_143109_stage4_sample_s103,source_runs/20260622_143109_stage4_sample_s103,sample_limited,103
44,observed_rank_sweep_minimum,observed_best_gap_v1,best_observed_validation_loss_on_tested_rank_grid,base_val_loss_minus_best_observed_val_loss,True,ok,6,6,1;2;4;8;16;32,0.1629010383577398,32,0.0595562270577539,0.0595562270577539,0.1033448112999859,0.1033448112999859,best_observed_validation_loss_on_tested_rank_grid,0.0143735842734381,0.1485274540843017,32,0.0616231232837536,32,0.0647234676227532,16,0.0698907081877524,8,0.080225189317751,4,0.1112286327077468,4,0.0905596704477496,8,0.080225189317751,16,0.0698907081877524,32,0.0647234676227532,32,32,16,16,16,8,activation_whitened,8,8,8.583481571372847,16,4.392986728802099,8,5,8,5.562450258973486,8,2.6884401813498213,4,8,8,8.583481571372847,16,4.392986728802099,8,8,20260622_143109_stage4_sample_s103,source_runs/20260622_143109_stage4_sample_s103,sample_limited,103
45,observed_rank_sweep_minimum,observed_best_gap_v1,best_observed_validation_loss_on_tested_rank_grid,base_val_loss_minus_best_observed_val_loss,True,ok,6,6,1;2;4;8;16;32,0.1759916161032372,32,0.0383691451000913,0.0383691451000913,0.1376224710031459,0.1376224710031459,best_observed_validation_loss_on_tested_rank_grid,0.0144090186684582,0.1615825974347789,32,0.0411215945201542,16,0.0452502686502485,8,0.0521313922004058,4,0.0658936393007204,1,0.1071803806016642,2,0.079655886401035,4,0.0658936393007204,8,0.0521313922004058,16,0.0452502686502485,32,16,8,8,8,5,activation_whitened,5,8,4.441802541681189,8,1.887688773525105,2,3,4,2.359478305639777,4,1.2819576404566546,2,5,8,4.441802541681189,8,1.887688773525105,2,8,20260622_143109_stage4_sample_s103,source_runs/20260622_143109_stage4_sample_s103,sample_limited,103
46,observed_rank_sweep_minimum,observed_best_gap_v1,best_observed_validation_loss_on_tested_rank_grid,base_val_loss_minus_best_observed_val_loss,True,ok,6,6,1;2;4;8;16;32,0.1528475702728176,32,0.0571641686608097,0.0571641686608097,0.0956834016120078,0.0956834016120078,best_observed_validation_loss_on_tested_rank_grid,0.0143848282219749,0.1384627420508427,32,0.0590778366930498,32,0.06194833874141,16,0.0667325088220104,8,0.0763008489832112,4,0.1050058694668136,8,0.085869189144412,8,0.0763008489832112,16,0.0667325088220104,32,0.0619483387414101,32,32,16,16,16,8,activation_whitened,8,8,8.626669994770968,16,3.941508251172204,4,5,8,5.484430093653038,8,2.142943136205149,4,8,8,8.626669994770968,16,3.941508251172204,4,8,20260622_143109_stage4_sample_s103,source_runs/20260622_143109_stage4_sample_s103,sample_limited,103
47,observed_rank_sweep_minimum,observed_best_gap_v1,best_observed_validation_loss_on_tested_rank_grid,base_val_loss_minus_best_observed_val_loss,True,ok,6,6,1;2;4;8;16;32,0.2103051480645615,32,0.0408316769840877,0.0408316769840877,0.1694734710804737,0.1694734710804737,best_observed_validation_loss_on_tested_rank_grid,0.0143850608058325,0.195920087258729,32,0.0442211464056971,16,0.0493053505381113,8,0.057779024092135,8,0.0747263712001824,4,0.1255684125243246,4,0.0916737183082298,8,0.0747263712001824,8,0.057779024092135,16,0.0493053505381114,32,16,16,16,8,6,activation_whitened,6,8,6.49012641013782,8,3.5409262587659915,4,6,8,5.212578919567545,8,2.528513430530145,4,6,8,6.49012641013782,8,3.5409262587659915,4,8,20260622_143109_stage4_sample_s103,source_runs/20260622_143109_stage4_sample_s103,sample_limited,103
0,observed_rank_sweep_minimum,observed_best_gap_v1,best_observed_validation_loss_on_tested_rank_grid,base_val_loss_minus_best_observed_val_loss,True,ok,6,6,1;2;4;8;16;32,0.0519499170387246,32,0.0237449356393978,0.0237449356393978,0.0282049813993267,0.0282049813993267,best_observed_validation_loss_on_tested_rank_grid,0.0144038746871551,0.0375460423515695,32,0.0243090352673843,16,0.0251551847093641,8,0.0265654337793304,2,0.0293859319192631,1,0.0378474263390612,1,0.0322064300591958,2,0.0293859319192631,8,0.0265654337793304,16,0.0251551847093641,32,16,8,2,2,1,activation_whitened,2,2,3.978280382527004,4,1.2972265821879676,2,3,4,3.441212918239508,4,1.3280459634820152,2,2,2,3.978280382527004,4,1.2972265821879676,2,2,20260622_143241_stage4_sample_s107,source_runs/20260622_143241_stage4_sample_s107,sample_limited,107
1,observed_rank_sweep_minimum,observed_best_gap_v1,best_observed_validation_loss_on_tested_rank_grid,base_val_loss_minus_best_observed_val_loss,True,ok,6,6,1;2;4;8;16;32,0.1160277205441305,32,0.0458728533376419,0.0458728533376419,0.0701548672064886,0.0701548672064886,best_observed_validation_loss_on_tested_rank_grid,0.0144199322122881,0.1016077883318424,32,0.0472759506817716,32,0.0493805966979663,16,0.0528883400582907,8,0.0599038267789396,4,0.0809502869408862,4,0.0669193134995884,8,0.0599038267789396,16,0.0528883400582907,32,0.0493805966979663,32,32,16,16,16,6,activation_whitened,6,8,7.668832857719193,8,3.842809519480008,4,6,8,5.815187216941243,8,2.926516273826411,4,6,8,7.668832857719193,8,3.842809519480008,4,8,20260622_143241_stage4_sample_s107,source_runs/20260622_143241_stage4_sample_s107,sample_limited,107
2,observed_rank_sweep_minimum,observed_best_gap_v1,best_observed_validation_loss_on_tested_rank_grid,base_val_loss_minus_best_observed_val_loss,True,ok,6,6,1;2;4;8;16;32,0.1617714858095936,32,0.0251833419533309,0.0251833419533309,0.1365881438562627,0.1365881438562627,best_observed_validation_loss_on_tested_rank_grid,0.014405570763484,0.1473659150461096,16,0.0279151048304561,16,0.032012749146144,4,0.0388421563389571,4,0.0525009707245834,1,0.0934774138814622,2,0.0661597851102097,4,0.0525009707245834,4,0.0388421563389571,16,0.032012749146144,16,16,16,4,4,4,activation_whitened,4,4,4.388753224596601,8,2.1284145381898347,4,3,4,3.02593438851777,4,1.5684387219483469,2,4,4,4.388753224596601,8,2.1284145381898347,4,4,20260622_143241_stage4_sample_s107,source_runs/20260622_143241_stage4_sample_s107,sample_limited,107
3,observed_rank_sweep_minimum,observed_best_gap_v1,best_observed_validation_loss_on_tested_rank_grid,base_val_loss_minus_best_observed_val_loss,True,ok,6,6,1;2;4;8;16;32,0.0877589207861994,32,0.02333888645477,0.02333888645477,0.0644200343314294,0.0644200343314294,best_observed_validation_loss_on_tested_rank_grid,0.0143738147137432,0.0733851060724562,32,0.0246272871413985,4,0.0265598881713414,4,0.0297808898879129,4,0.0362228933210558,1,0.0555489036204847,4,0.0426648967541988,4,0.0362228933210558,4,0.0297808898879129,4,0.0265598881713414,4,4,4,4,4,2,activation_whitened,2,2,3.394667242903246,4,2.026102975693294,4,2,2,2.516001836251972,4,1.498203193252581,2,2,2,3.394667242903246,4,2.026102975693294,4,2,20260622_143241_stage4_sample_s107,source_runs/20260622_143241_stage4_sample_s107,sample_limited,107
4,observed_rank_sweep_minimum,observed_best_gap_v1,best_observed_validation_loss_on_tested_rank_grid,base_val_loss_minus_best_observed_val_loss,True,ok,6,6,1;2;4;8;16;32,0.1786706912041032,32,0.0275901862916803,0.0275901862916803,0.1510805049124229,0.1510805049124229,best_observed_validation_loss_on_tested_rank_grid,0.0144713649951355,0.1641993262089677,32,0.0306117963899287,16,0.0351442115373014,4,0.0426982367829225,4,0.0578062872741648,1,0.1031304387478917,2,0.0729143377654071,4,0.0578062872741648,4,0.0426982367829225,16,0.0351442115373014,32,16,8,8,8,4,activation_whitened,4,4,4.118387942754269,8,2.0264883225464168,4,3,4,2.6873536201530994,4,1.4327750259964256,2,4,4,4.118387942754269,8,2.0264883225464168,4,4,20260622_143241_stage4_sample_s107,source_runs/20260622_143241_stage4_sample_s107,sample_limited,107
5,observed_rank_sweep_minimum,observed_best_gap_v1,best_observed_validation_loss_on_tested_rank_grid,base_val_loss_minus_best_observed_val_loss,True,ok,6,6,1;2;4;8;16;32,0.1291696220071483,32,0.0210738167635696,0.0210738167635696,0.1080958052435787,0.1080958052435787,best_observed_validation_loss_on_tested_rank_grid,0.0143629910448319,0.1148066309623163,4,0.0232357328684411,2,0.0264786070257485,2,0.0318833972879274,2,0.0426929778122853,2,0.0751217193853589,2,0.0535025583366432,2,0.0426929778122853,2,0.0318833972879274,2,0.0264786070257485,4,4,2,2,2,2,activation_whitened,2,2,2.972402376471032,4,2.001329834765982,4,2,2,2.428983133245431,4,1.7515140581665438,2,2,2,2.972402376471032,4,2.001329834765982,4,2,20260622_143241_stage4_sample_s107,source_runs/20260622_143241_stage4_sample_s107,sample_limited,107
6,observed_rank_sweep_minimum,observed_best_gap_v1,best_observed_validation_loss_on_tested_rank_grid,base_val_loss_minus_best_observed_val_loss,True,ok,6,6,1;2;4;8;16;32,0.1673272970560627,32,0.047428562996925,0.047428562996925,0.1198987340591377,0.1198987340591377,best_observed_validation_loss_on_tested_rank_grid,0.0144231323499676,0.1529041647060951,32,0.0498265376781077,32,0.0534234996998818,16,0.0594184364028387,8,0.0714083098087525,2,0.1073779300264938,4,0.0833981832146663,8,0.0714083098087525,16,0.0594184364028387,32,0.0534234996998818,32,32,16,16,8,7,activation_whitened,7,8,7.332528405495504,8,3.3367623514826232,4,4,4,4.600109168424722,8,1.9291250342928377,2,7,8,7.332528405495504,8,3.3367623514826232,4,8,20260622_143241_stage4_sample_s107,source_runs/20260622_143241_stage4_sample_s107,sample_limited,107
7,observed_rank_sweep_minimum,observed_best_gap_v1,best_observed_validation_loss_on_tested_rank_grid,base_val_loss_minus_best_observed_val_loss,True,ok,6,6,1;2;4;8;16;32,0.2143525717841594,32,0.0402865490568995,0.0402865490568995,0.1740660227272599,0.1740660227272599,best_observed_validation_loss_on_tested_rank_grid,0.0143830809481444,0.199969490836015,32,0.0437678695114446,16,0.0489898501932624,8,0.0576931513296254,8,0.0750997536023514,2,0.1273195604205294,8,0.0925063558750774,8,0.0750997536023514,8,0.0576931513296254,16,0.0489898501932624,32,16,16,8,8,6,activation_whitened,6,8,6.281038139206014,8,3.2834202909131966,4,6,8,5.617540268476554,8,2.925200774829302,4,6,8,6.281038139206014,8,3.2834202909131966,4,8,20260622_143241_stage4_sample_s107,source_runs/20260622_143241_stage4_sample_s107,sample_limited,107
8,observed_rank_sweep_minimum,observed_best_gap_v1,best_observed_validation_loss_on_tested_rank_grid,base_val_loss_minus_best_observed_val_loss,True,ok,6,6,1;2;4;8;16;32,0.1841102623165168,32,0.0272747920152994,0.0272747920152994,0.1568354703012174,0.1568354703012174,best_observed_validation_loss_on_tested_rank_grid,0.0144032222178803,0.1697070400986365,16,0.0304115014213237,8,0.0351165655303602,4,0.0429583390454211,4,0.0586418860755428,2,0.1056925271659081,2,0.0743254331056646,4,0.0586418860755428,4,0.0429583390454211,8,0.0351165655303602,8,8,8,8,8,4,activation_whitened,4,4,4.274438467204375,8,2.1236080848656456,4,4,4,3.3568885189907154,4,1.7978574252176105,2,4,4,4.274438467204375,8,2.1236080848656456,4,4,20260622_143241_stage4_sample_s107,source_runs/20260622_143241_stage4_sample_s107,sample_limited,107
9,observed_rank_sweep_minimum,observed_best_gap_v1,best_observed_validation_loss_on_tested_rank_grid,base_val_loss_minus_best_observed_val_loss,True,ok,6,6,1;2;4;8;16;32,0.2169960202191758,32,0.0413932452379587,0.0413932452379587,0.1756027749812171,0.1756027749812171,best_observed_validation_loss_on_tested_rank_grid,0.0144455421510404,0.2025504780681354,32,0.044905300737583,16,0.0501733839870195,16,0.0589535227360804,8,0.0765138002342021,4,0.1291946327285672,4,0.0940740777323238,8,0.0765138002342021,16,0.0589535227360804,16,0.0501733839870195,32,16,16,16,16,6,activation_whitened,6,8,6.745213384514923,8,3.807299160150316,4,5,8,4.95665541285433,8,2.187635555687486,4,6,8,6.745213384514923,8,3.807299160150316,4,8,20260622_143241_stage4_sample_s107,source_runs/20260622_143241_stage4_sample_s107,sample_limited,107
10,observed_rank_sweep_minimum,observed_best_gap_v1,best_observed_validation_loss_on_tested_rank_grid,base_val_loss_minus_best_observed_val_loss,True,ok,6,6,1;2;4;8;16;32,0.1250605622182469,32,0.0268901081625541,0.0268901081625541,0.0981704540556928,0.0981704540556928,best_observed_validation_loss_on_tested_rank_grid,0.0144347683841619,0.110625793834085,8,0.0288535172436679,1,0.0317986308653387,1,0.0367071535681233,1,0.0465241989736926,1,0.0759753351904005,1,0.0563412443792619,1,0.0465241989736926,1,0.0367071535681233,1,0.0317986308653387,8,1,1,1,1,1,activation_whitened,1,1,2.3600757062990727,4,1.1776861211405951,2,1,1,1.6231656631934372,2,1.0945395530290123,2,1,1,2.3600757062990727,4,1.1776861211405951,2,1,20260622_143241_stage4_sample_s107,source_runs/20260622_143241_stage4_sample_s107,sample_limited,107
11,observed_rank_sweep_minimum,observed_best_gap_v1,best_observed_validation_loss_on_tested_rank_grid,base_val_loss_minus_best_observed_val_loss,True,ok,6,6,1;2;4;8;16;32,0.1470217890048913,32,0.0453586367268756,0.0453586367268756,0.1016631522780157,0.1016631522780157,best_observed_validation_loss_on_tested_rank_grid,0.0144208787144226,0.1326009102904687,32,0.0473918997724359,16,0.0504417943407763,16,0.0555249519546771,4,0.0656912671824787,2,0.0961902128658834,4,0.0758575824102803,4,0.0656912671824787,16,0.0555249519546771,16,0.0504417943407763,32,16,16,16,4,7,activation_whitened,6,8,6.793899361108093,8,3.007947435232669,4,4,4,4.180936880756951,8,1.829879776143694,2,6,8,6.793899361108093,8,3.007947435232669,4,8,20260622_143241_stage4_sample_s107,source_runs/20260622_143241_stage4_sample_s107,sample_limited,107
12,observed_rank_sweep_minimum,observed_best_gap_v1,best_observed_validation_loss_on_tested_rank_grid,base_val_loss_minus_best_observed_val_loss,True,ok,6,6,1;2;4;8;16;32,0.0532142823243123,32,0.0294628044788531,0.0294628044788531,0.0237514778454592,0.0237514778454592,best_observed_validation_loss_on_tested_rank_grid,0.0144804898946491,0.0387337924296632,32,0.0299378340357622,32,0.030650378371126,32,0.031837952263399,8,0.0342131000479449,2,0.0413385434015827,8,0.0365882478324908,8,0.0342131000479449,32,0.031837952263399,32,0.030650378371126,32,32,32,32,16,3,activation_whitened,3,4,5.802680259980942,8,2.458752505784767,4,3,4,3.601979957394833,4,1.8619843655039685,2,3,4,5.802680259980942,8,2.458752505784767,4,4,20260622_143241_stage4_sample_s107,source_runs/20260622_143241_stage4_sample_s107,sample_limited,107
13,observed_rank_sweep_minimum,observed_best_gap_v1,best_observed_validation_loss_on_tested_rank_grid,base_val_loss_minus_best_observed_val_loss,True,ok,6,6,1;2;4;8;16;32,0.0572800488670213,32,0.038913093221315,0.038913093221315,0.0183669556457063,0.0183669556457063,best_observed_validation_loss_on_tested_rank_grid,0.014386810222454,0.0428932386445673,32,0.0392804323342291,32,0.0398314410036003,32,0.0407497887858856,32,0.0425864843504562,8,0.0480965710441681,16,0.0444231799150268,32,0.0425864843504562,32,0.0407497887858856,32,0.0398314410036003,32,32,32,32,32,8,activation_whitened,5,8,8.627782041868276,16,2.6322210840493288,4,5,8,6.478371681527261,8,2.599144900018381,4,5,8,8.627782041868276,16,2.6322210840493288,4,8,20260622_143241_stage4_sample_s107,source_runs/20260622_143241_stage4_sample_s107,sample_limited,107
14,observed_rank_sweep_minimum,observed_best_gap_v1,best_observed_validation_loss_on_tested_rank_grid,base_val_loss_minus_best_observed_val_loss,True,ok,6,6,1;2;4;8;16;32,0.1465353610072007,32,0.0381078578947223,0.0381078578947223,0.1084275031124784,0.1084275031124784,best_observed_validation_loss_on_tested_rank_grid,0.0144692402454551,0.1320661207617456,32,0.0402764079569718,16,0.0435292330503462,8,0.0489506082059701,4,0.0597933585172179,1,0.0923216094509614,2,0.0706361088284658,4,0.0597933585172179,8,0.0489506082059701,16,0.0435292330503462,32,8,8,8,8,6,activation_whitened,5,8,5.202779816843614,8,2.186929770048263,4,4,4,3.6036286600966174,4,1.7584479908542752,2,5,8,5.202779816843614,8,2.186929770048263,4,8,20260622_143241_stage4_sample_s107,source_runs/20260622_143241_stage4_sample_s107,sample_limited,107
15,observed_rank_sweep_minimum,observed_best_gap_v1,best_observed_validation_loss_on_tested_rank_grid,base_val_loss_minus_best_observed_val_loss,True,ok,6,6,1;2;4;8;16;32,0.2783313854990203,32,0.028796119366595,0.028796119366595,0.2495352661324253,0.2495352661324253,best_observed_validation_loss_on_tested_rank_grid,0.0143072404206002,0.2640241450784201,8,0.0337868246892435,8,0.0412728826732162,8,0.0537496459798375,8,0.07870317259308,4,0.1535637524328076,4,0.1036566992063225,8,0.07870317259308,8,0.0537496459798375,8,0.0412728826732162,8,8,8,8,8,5,activation_whitened,5,8,5.815658094878628,8,3.431163082170832,4,5,8,4.380956012246944,8,2.109227862326593,4,5,8,5.815658094878628,8,3.431163082170832,4,8,20260622_143241_stage4_sample_s107,source_runs/20260622_143241_stage4_sample_s107,sample_limited,107
16,observed_rank_sweep_minimum,observed_best_gap_v1,best_observed_validation_loss_on_tested_rank_grid,base_val_loss_minus_best_observed_val_loss,True,ok,6,6,1;2;4;8;16;32,0.1501825217293808,32,0.0225035980939318,0.0225035980939318,0.127678923635449,0.127678923635449,best_observed_validation_loss_on_tested_rank_grid,0.0143712123797564,0.1358113093496244,8,0.0250571765666407,8,0.0288875442757042,4,0.0352714904574767,4,0.0480393828210216,2,0.0863430599116562,2,0.0608072751845664,4,0.0480393828210215,4,0.0352714904574766,8,0.0288875442757042,8,8,8,8,8,3,activation_whitened,3,4,3.90155093814097,4,2.735092815596983,4,3,4,2.953250016426753,4,1.8609390171143736,2,3,4,3.90155093814097,4,2.735092815596983,4,4,20260622_143241_stage4_sample_s107,source_runs/20260622_143241_stage4_sample_s107,sample_limited,107
17,observed_rank_sweep_minimum,observed_best_gap_v1,best_observed_validation_loss_on_tested_rank_grid,base_val_loss_minus_best_observed_val_loss,True,ok,6,6,1;2;4;8;16;32,0.1259277441216959,32,0.0216457302753353,0.0216457302753353,0.1042820138463606,0.1042820138463606,best_observed_validation_loss_on_tested_rank_grid,0.0145091928094197,0.1114185513122762,4,0.0237313705522625,2,0.0268598309676533,2,0.0320739316599713,2,0.0425021330446074,1,0.0737867371985156,2,0.0529303344292434,2,0.0425021330446074,2,0.0320739316599713,2,0.0268598309676533,4,4,4,4,4,2,activation_whitened,2,2,3.108011837449378,4,1.8148734038541448,2,2,2,2.336161315566946,4,1.574209785113324,2,2,2,3.108011837449378,4,1.8148734038541448,2,2,20260622_143241_stage4_sample_s107,source_runs/20260622_143241_stage4_sample_s107,sample_limited,107
18,observed_rank_sweep_minimum,observed_best_gap_v1,best_observed_validation_loss_on_tested_rank_grid,base_val_loss_minus_best_observed_val_loss,True,ok,6,6,1;2;4;8;16;32,0.1101988293581336,32,0.0270175987865673,0.0270175987865673,0.0831812305715663,0.0831812305715663,best_observed_validation_loss_on_tested_rank_grid,0.0143806503404275,0.0958181790177061,32,0.0286812233979986,32,0.0311766603151456,8,0.0353357218437239,8,0.0436538449008805,4,0.0686082140723504,4,0.0519719679580372,8,0.0436538449008805,8,0.0353357218437239,32,0.0311766603151456,32,8,8,8,8,3,activation_whitened,3,4,4.237232629525053,8,2.1804153913039346,4,3,4,3.6069166465710745,4,2.292107343669841,4,3,4,4.237232629525053,8,2.1804153913039346,4,4,20260622_143241_stage4_sample_s107,source_runs/20260622_143241_stage4_sample_s107,sample_limited,107
19,observed_rank_sweep_minimum,observed_best_gap_v1,best_observed_validation_loss_on_tested_rank_grid,base_val_loss_minus_best_observed_val_loss,True,ok,6,6,1;2;4;8;16;32,0.1864906854914909,32,0.0352010899301372,0.0352010899301372,0.1512895955613536,0.1512895955613536,best_observed_validation_loss_on_tested_rank_grid,0.0143920123097368,0.1720986731817541,32,0.0382268818413642,16,0.0427655697082048,8,0.0503300494862725,4,0.0654590090424079,2,0.110845887710814,4,0.0805879685985433,4,0.0654590090424079,8,0.0503300494862725,16,0.0427655697082048,32,16,16,4,4,5,activation_whitened,5,8,4.963916346348468,8,2.3049762457943257,4,4,4,3.727405836596174,4,1.9069647134366896,2,5,8,4.963916346348468,8,2.3049762457943257,4,8,20260622_143241_stage4_sample_s107,source_runs/20260622_143241_stage4_sample_s107,sample_limited,107
20,observed_rank_sweep_minimum,observed_best_gap_v1,best_observed_validation_loss_on_tested_rank_grid,base_val_loss_minus_best_observed_val_loss,True,ok,6,6,1;2;4;8;16;32,0.1367166661591549,32,0.0445502050913078,0.0445502050913078,0.0921664610678471,0.0921664610678471,best_observed_validation_loss_on_tested_rank_grid,0.0143936657986607,0.1223230003604942,16,0.0463935343126647,16,0.0491585281447001,4,0.0537668511980925,2,0.0629834973048772,1,0.0906334356252313,2,0.0722001434116619,2,0.0629834973048772,4,0.0537668511980925,16,0.0491585281447001,16,16,16,8,4,8,activation_whitened,5,8,5.290798069440275,8,2.008739510032852,4,2,2,2.7642425396501267,4,1.418127812653323,2,5,8,5.290798069440275,8,2.008739510032852,4,8,20260622_143241_stage4_sample_s107,source_runs/20260622_143241_stage4_sample_s107,sample_limited,107
21,observed_rank_sweep_minimum,observed_best_gap_v1,best_observed_validation_loss_on_tested_rank_grid,base_val_loss_minus_best_observed_val_loss,True,ok,6,6,1;2;4;8;16;32,0.0542947461442995,16,0.0198956268282968,0.0198956268282968,0.0343991193160027,0.0343991193160027,best_observed_validation_loss_on_tested_rank_grid,0.0144141918689021,0.0398805542753974,16,0.0205836092146168,4,0.0216155827940969,4,0.023335538759897,2,0.0267754506914973,2,0.0370951864862981,2,0.0302153626230976,2,0.0267754506914973,4,0.023335538759897,4,0.0216155827940969,16,8,4,4,4,2,activation_whitened,2,2,3.80716360620192,4,1.924382271711086,2,2,2,2.363992070372392,4,1.6481917711959244,2,2,2,3.80716360620192,4,1.924382271711086,2,2,20260622_143241_stage4_sample_s107,source_runs/20260622_143241_stage4_sample_s107,sample_limited,107
22,observed_rank_sweep_minimum,observed_best_gap_v1,best_observed_validation_loss_on_tested_rank_grid,base_val_loss_minus_best_observed_val_loss,True,ok,6,6,1;2;4;8;16;32,0.2635099574193605,32,0.0545377864982364,0.0545377864982364,0.2089721709211241,0.2089721709211241,best_observed_validation_loss_on_tested_rank_grid,0.0143511635300454,0.2491587938893151,32,0.0587172299166588,32,0.0649863950442926,16,0.0754350035903488,8,0.0963322206824612,4,0.1590238719587984,4,0.1172294377745736,8,0.0963322206824612,16,0.0754350035903488,32,0.0649863950442926,32,32,8,8,8,8,activation_whitened,8,8,7.717244578675956,8,4.144318509389476,8,4,4,5.019774802077588,8,2.0704417613739605,4,8,8,7.717244578675956,8,4.144318509389476,8,8,20260622_143241_stage4_sample_s107,source_runs/20260622_143241_stage4_sample_s107,sample_limited,107
23,observed_rank_sweep_minimum,observed_best_gap_v1,best_observed_validation_loss_on_tested_rank_grid,base_val_loss_minus_best_observed_val_loss,True,ok,6,6,1;2;4;8;16;32,0.1786531597041455,32,0.0591818340985114,0.0591818340985114,0.119471325605634,0.119471325605634,best_observed_validation_loss_on_tested_rank_grid,0.0143401209658252,0.1643130387383203,32,0.061571260610624,32,0.0651554003787931,16,0.0711289666590748,8,0.0830760992196382,2,0.1189174969013284,4,0.0950232317802016,8,0.0830760992196382,16,0.0711289666590748,32,0.0651554003787931,32,32,16,16,8,8,activation_whitened,7,8,6.895289142244386,8,2.7545594744536728,4,3,4,3.987221460257112,4,1.913915644906147,2,7,8,6.895289142244386,8,2.7545594744536728,4,8,20260622_143241_stage4_sample_s107,source_runs/20260622_143241_stage4_sample_s107,sample_limited,107
24,observed_rank_sweep_minimum,observed_best_gap_v1,best_observed_validation_loss_on_tested_rank_grid,base_val_loss_minus_best_observed_val_loss,True,ok,6,6,1;2;4;8;16;32,0.1162781063040079,32,0.0296923015499429,0.0296923015499429,0.086585804754065,0.086585804754065,best_observed_validation_loss_on_tested_rank_grid,0.0145028097017917,0.1017752966022162,32,0.0314240176450242,16,0.0340215917876461,8,0.0383508820253494,8,0.0470094625007559,2,0.0729852039269754,4,0.0556680429761624,8,0.0470094625007559,8,0.0383508820253493,16,0.0340215917876461,32,16,16,8,8,4,activation_whitened,4,4,5.669149022140463,8,3.325293306246636,4,4,4,4.023685991030458,8,2.0213793259205275,4,4,4,5.669149022140463,8,3.325293306246636,4,4,20260622_143241_stage4_sample_s107,source_runs/20260622_143241_stage4_sample_s107,sample_limited,107
25,observed_rank_sweep_minimum,observed_best_gap_v1,best_observed_validation_loss_on_tested_rank_grid,base_val_loss_minus_best_observed_val_loss,True,ok,6,6,1;2;4;8;16;32,0.185743385433523,32,0.0519589100046841,0.0519589100046841,0.1337844754288389,0.1337844754288389,best_observed_validation_loss_on_tested_rank_grid,0.0144277995255594,0.1713155859079636,32,0.0546345995132608,32,0.058648133776126,8,0.0653373575475679,8,0.0787158050904518,2,0.1188511477191035,4,0.0920942526333357,8,0.0787158050904518,8,0.0653373575475679,32,0.058648133776126,32,32,8,8,8,8,activation_whitened,8,8,7.96404606415694,8,3.3567724806524737,4,3,4,4.267735506954319,8,1.805314824112176,2,8,8,7.96404606415694,8,3.3567724806524737,4,8,20260622_143241_stage4_sample_s107,source_runs/20260622_143241_stage4_sample_s107,sample_limited,107
26,observed_rank_sweep_minimum,observed_best_gap_v1,best_observed_validation_loss_on_tested_rank_grid,base_val_loss_minus_best_observed_val_loss,True,ok,6,6,1;2;4;8;16;32,0.1253463602680287,32,0.0412589445328001,0.0412589445328001,0.0840874157352286,0.0840874157352286,best_observed_validation_loss_on_tested_rank_grid,0.0143698344612167,0.110976525806812,32,0.0429406928475046,32,0.0454633153195615,16,0.0496676861063229,4,0.0580764276798458,2,0.0833026524004144,4,0.0664851692533686,4,0.0580764276798458,16,0.0496676861063229,32,0.0454633153195615,32,32,16,16,8,5,activation_whitened,5,8,6.042857806399624,8,3.1034830871382777,4,3,4,3.743407431161689,4,2.069304498313437,4,5,8,6.042857806399624,8,3.1034830871382777,4,8,20260622_143241_stage4_sample_s107,source_runs/20260622_143241_stage4_sample_s107,sample_limited,107
27,observed_rank_sweep_minimum,observed_best_gap_v1,best_observed_validation_loss_on_tested_rank_grid,base_val_loss_minus_best_observed_val_loss,True,ok,6,6,1;2;4;8;16;32,0.1158496531756255,32,0.0269132070575726,0.0269132070575726,0.0889364461180529,0.0889364461180529,best_observed_validation_loss_on_tested_rank_grid,0.0142649981045489,0.1015846550710766,16,0.0286919359799336,8,0.0313600293634752,4,0.0358068516693778,2,0.0447004962811831,1,0.071381430116599,2,0.0535941408929884,2,0.0447004962811831,4,0.0358068516693778,8,0.0313600293634752,16,8,8,4,4,3,activation_whitened,3,4,3.6765203173002674,4,1.8465765291792164,2,3,4,2.31681262653586,4,1.3796605459571725,2,3,4,3.6765203173002674,4,1.8465765291792164,2,4,20260622_143241_stage4_sample_s107,source_runs/20260622_143241_stage4_sample_s107,sample_limited,107
28,observed_rank_sweep_minimum,observed_best_gap_v1,best_observed_validation_loss_on_tested_rank_grid,base_val_loss_minus_best_observed_val_loss,True,ok,6,6,1;2;4;8;16;32,0.2140533624425435,32,0.0500515792471527,0.0500515792471527,0.1640017831953908,0.1640017831953908,best_observed_validation_loss_on_tested_rank_grid,0.0143489864954864,0.1997043759470571,32,0.0533316149110605,32,0.0582516684069222,16,0.0664517575666917,8,0.0828519358862308,4,0.1320524708448481,8,0.0992521142057699,8,0.0828519358862308,16,0.0664517575666917,32,0.0582516684069222,32,32,16,16,16,7,activation_whitened,7,8,7.722729570382515,8,4.984214461140625,8,6,8,5.595897802599036,8,2.599785844343605,4,7,8,7.722729570382515,8,4.984214461140625,8,8,20260622_143241_stage4_sample_s107,source_runs/20260622_143241_stage4_sample_s107,sample_limited,107
29,observed_rank_sweep_minimum,observed_best_gap_v1,best_observed_validation_loss_on_tested_rank_grid,base_val_loss_minus_best_observed_val_loss,True,ok,6,6,1;2;4;8;16;32,0.1568492744594108,32,0.021475035306671,0.021475035306671,0.1353742391527398,0.1353742391527398,best_observed_validation_loss_on_tested_rank_grid,0.0143945011992839,0.1424547732601269,8,0.0241825200897257,4,0.0282437472643079,4,0.0350124592219449,4,0.0485498831372189,2,0.0891621548830409,2,0.0620873070524929,4,0.0485498831372189,4,0.0350124592219449,4,0.028243747264308,16,4,4,4,4,3,activation_whitened,3,4,3.68736104163148,4,2.2415840367742312,4,3,4,3.1968058998047693,4,2.135966623324494,4,3,4,3.68736104163148,4,2.2415840367742312,4,4,20260622_143241_stage4_sample_s107,source_runs/20260622_143241_stage4_sample_s107,sample_limited,107
30,observed_rank_sweep_minimum,observed_best_gap_v1,best_observed_validation_loss_on_tested_rank_grid,base_val_loss_minus_best_observed_val_loss,True,ok,6,6,1;2;4;8;16;32,0.1947923960250365,32,0.036191828996371,0.036191828996371,0.1586005670286655,0.1586005670286655,best_observed_validation_loss_on_tested_rank_grid,0.0144327346035147,0.1803596614215218,32,0.0393638403369443,8,0.0441218573478042,4,0.0520518856992375,4,0.0679119424021041,2,0.1154921125107037,4,0.0837719991049706,4,0.0679119424021041,4,0.0520518856992375,8,0.0441218573478042,8,8,8,8,8,8,activation_whitened,5,8,5.028825851295736,8,2.1658676544511186,4,4,4,4.000329078243035,8,2.15395894821907,4,5,8,5.028825851295736,8,2.1658676544511186,4,8,20260622_143241_stage4_sample_s107,source_runs/20260622_143241_stage4_sample_s107,sample_limited,107
31,observed_rank_sweep_minimum,observed_best_gap_v1,best_observed_validation_loss_on_tested_rank_grid,base_val_loss_minus_best_observed_val_loss,True,ok,6,6,1;2;4;8;16;32,0.1212774510020436,32,0.0350569882569345,0.0350569882569345,0.0862204627451091,0.0862204627451091,best_observed_validation_loss_on_tested_rank_grid,0.0144720112883836,0.10680543971366,32,0.0367813975118366,16,0.0393680113941899,4,0.0436790345314454,2,0.0523010808059563,1,0.078167219629489,2,0.0609231270804672,2,0.0523010808059563,4,0.0436790345314454,16,0.0393680113941899,32,16,8,8,4,8,activation_whitened,4,4,5.5045830769892525,8,2.1836938212595123,4,3,4,3.4072578977480634,4,1.5949771222989844,2,4,4,5.5045830769892525,8,2.1836938212595123,4,4,20260622_143241_stage4_sample_s107,source_runs/20260622_143241_stage4_sample_s107,sample_limited,107
32,observed_rank_sweep_minimum,observed_best_gap_v1,best_observed_validation_loss_on_tested_rank_grid,base_val_loss_minus_best_observed_val_loss,True,ok,6,6,1;2;4;8;16;32,0.0455850729357181,32,0.0235283337533829,0.0235283337533829,0.0220567391823351,0.0220567391823351,best_observed_validation_loss_on_tested_rank_grid,0.0144782130847232,0.0311068598509949,32,0.0239694685370296,32,0.0246311707124996,16,0.0257340076716164,8,0.0279396815898499,4,0.0345567033445505,4,0.0301453555080834,8,0.0279396815898499,16,0.0257340076716164,32,0.0246311707124996,32,32,16,16,16,2,activation_whitened,2,2,5.522946927479524,8,2.0666357974677743,4,2,2,3.209066706084478,4,1.8642032819008745,2,2,2,5.522946927479524,8,2.0666357974677743,4,2,20260622_143241_stage4_sample_s107,source_runs/20260622_143241_stage4_sample_s107,sample_limited,107
33,observed_rank_sweep_minimum,observed_best_gap_v1,best_observed_validation_loss_on_tested_rank_grid,base_val_loss_minus_best_observed_val_loss,True,ok,6,6,1;2;4;8;16;32,0.2358932284668228,32,0.0500060812582786,0.0500060812582786,0.1858871472085442,0.1858871472085442,best_observed_validation_loss_on_tested_rank_grid,0.0144333068915273,0.2214599215752955,32,0.0537238242024494,16,0.0593004386187058,16,0.068594795979133,8,0.0871835106999874,2,0.1429496548625507,4,0.1057722254208418,8,0.0871835106999874,16,0.068594795979133,16,0.0593004386187058,32,16,16,16,16,8,activation_whitened,8,8,7.282516427850609,8,3.2135650128042745,4,6,8,6.17266795069203,8,3.3301388984563567,4,8,8,7.282516427850609,8,3.2135650128042745,4,8,20260622_143241_stage4_sample_s107,source_runs/20260622_143241_stage4_sample_s107,sample_limited,107
34,observed_rank_sweep_minimum,observed_best_gap_v1,best_observed_validation_loss_on_tested_rank_grid,base_val_loss_minus_best_observed_val_loss,True,ok,6,6,1;2;4;8;16;32,0.2217287886854698,32,0.0326635299146144,0.0326635299146144,0.1890652587708554,0.1890652587708554,best_observed_validation_loss_on_tested_rank_grid,0.0143723909886165,0.2073563976968533,16,0.0364448350900315,8,0.0421167928531571,4,0.0515700557916999,4,0.0704765816687854,2,0.1271961593000421,4,0.089383107545871,4,0.0704765816687854,4,0.0515700557916999,8,0.0421167928531572,16,8,8,8,8,4,activation_whitened,4,4,5.057388152832995,8,2.98256659421571,4,4,4,3.63474913968886,4,1.960063431571489,2,4,4,5.057388152832995,8,2.98256659421571,4,4,20260622_143241_stage4_sample_s107,source_runs/20260622_143241_stage4_sample_s107,sample_limited,107
35,observed_rank_sweep_minimum,observed_best_gap_v1,best_observed_validation_loss_on_tested_rank_grid,base_val_loss_minus_best_observed_val_loss,True,ok,6,6,1;2;4;8;16;32,0.1950498660109928,32,0.0412705647020501,0.0412705647020501,0.1537793013089427,0.1537793013089427,best_observed_validation_loss_on_tested_rank_grid,0.0143540540497159,0.1806958119612769,32,0.0443461507282289,16,0.0489595297674972,8,0.0566484948329443,4,0.0720264249638386,2,0.1181602153565214,4,0.0874043550947329,4,0.0720264249638386,8,0.0566484948329443,16,0.0489595297674972,32,16,8,8,8,6,activation_whitened,6,8,5.8912246108594255,8,2.785877810862523,4,5,8,4.281038632078291,8,1.946806510715484,2,6,8,5.8912246108594255,8,2.785877810862523,4,8,20260622_143241_stage4_sample_s107,source_runs/20260622_143241_stage4_sample_s107,sample_limited,107
36,observed_rank_sweep_minimum,observed_best_gap_v1,best_observed_validation_loss_on_tested_rank_grid,base_val_loss_minus_best_observed_val_loss,True,ok,6,6,1;2;4;8;16;32,0.1825155047165881,32,0.026904485914308,0.026904485914308,0.1556110188022801,0.1556110188022801,best_observed_validation_loss_on_tested_rank_grid,0.0144189238229614,0.1680965808936267,16,0.0300167062903536,16,0.034685036854422,4,0.042465587794536,2,0.058026689674764,1,0.104709995315448,2,0.073587791554992,2,0.058026689674764,4,0.0424655877945359,16,0.034685036854422,16,16,4,4,4,4,activation_whitened,4,4,3.587388580608982,4,1.7022564213128608,2,4,4,2.430247560432508,4,1.342124382798551,2,4,4,3.587388580608982,4,1.7022564213128608,2,4,20260622_143241_stage4_sample_s107,source_runs/20260622_143241_stage4_sample_s107,sample_limited,107
37,observed_rank_sweep_minimum,observed_best_gap_v1,best_observed_validation_loss_on_tested_rank_grid,base_val_loss_minus_best_observed_val_loss,True,ok,6,6,1;2;4;8;16;32,0.3312333291292544,32,0.0460804591496767,0.0460804591496767,0.2851528699795777,0.2851528699795777,best_observed_validation_loss_on_tested_rank_grid,0.0144357952784574,0.316797533850797,32,0.0517835165492682,16,0.0603381026486555,16,0.0745957461476344,8,0.1031110331455922,4,0.1886568941394655,4,0.13162632014355,8,0.1031110331455922,16,0.0745957461476344,16,0.0603381026486555,32,16,16,16,8,7,activation_whitened,7,8,6.790571151205614,8,3.607676021635438,4,5,8,4.696304644633222,8,2.168567448128065,4,7,8,6.790571151205614,8,3.607676021635438,4,8,20260622_143241_stage4_sample_s107,source_runs/20260622_143241_stage4_sample_s107,sample_limited,107
38,observed_rank_sweep_minimum,observed_best_gap_v1,best_observed_validation_loss_on_tested_rank_grid,base_val_loss_minus_best_observed_val_loss,True,ok,6,6,1;2;4;8;16;32,0.1274551818547804,32,0.0392706139795172,0.0392706139795172,0.0881845678752632,0.0881845678752632,best_observed_validation_loss_on_tested_rank_grid,0.0144808293436895,0.1129743525110909,16,0.0410343053370224,16,0.0436798423732803,8,0.0480890707670435,2,0.0569075275545698,1,0.0833628979171488,2,0.0657259843420961,2,0.0569075275545698,8,0.0480890707670435,16,0.0436798423732803,16,16,16,8,8,7,activation_whitened,5,8,5.86979147096604,8,2.3621598442067686,4,3,4,3.459450067180569,4,1.6380659575982772,2,5,8,5.86979147096604,8,2.3621598442067686,4,8,20260622_143241_stage4_sample_s107,source_runs/20260622_143241_stage4_sample_s107,sample_limited,107
39,observed_rank_sweep_minimum,observed_best_gap_v1,best_observed_validation_loss_on_tested_rank_grid,base_val_loss_minus_best_observed_val_loss,True,ok,6,6,1;2;4;8;16;32,0.345399920282929,32,0.0538734556681326,0.0538734556681326,0.2915264646147963,0.2915264646147963,best_observed_validation_loss_on_tested_rank_grid,0.0143949949024334,0.3310049253804956,16,0.0597039849604285,16,0.0684497788988724,8,0.0830261021296122,4,0.1121787485910918,2,0.1996366879755308,4,0.1413313950525715,4,0.1121787485910918,8,0.0830261021296122,16,0.0684497788988724,16,16,16,8,8,8,activation_whitened,7,8,6.306500394015024,8,2.723536795750155,4,4,4,4.511712496231284,8,2.008012829433004,4,7,8,6.306500394015024,8,2.723536795750155,4,8,20260622_143241_stage4_sample_s107,source_runs/20260622_143241_stage4_sample_s107,sample_limited,107
40,observed_rank_sweep_minimum,observed_best_gap_v1,best_observed_validation_loss_on_tested_rank_grid,base_val_loss_minus_best_observed_val_loss,True,ok,6,6,1;2;4;8;16;32,0.1149027658577073,32,0.0241908903969879,0.0241908903969879,0.0907118754607194,0.0907118754607194,best_observed_validation_loss_on_tested_rank_grid,0.0143960095732902,0.1005067562844171,8,0.0260051279062022,4,0.0287264841700238,2,0.0332620779430598,2,0.0423332654891317,1,0.0695468281273476,2,0.0514044530352037,2,0.0423332654891317,2,0.0332620779430598,4,0.0287264841700238,8,4,4,4,4,2,activation_whitened,2,2,3.3676341379657897,4,1.915187074057324,2,2,2,2.707641478744931,4,2.030723384891306,4,2,2,3.3676341379657897,4,1.915187074057324,2,2,20260622_143241_stage4_sample_s107,source_runs/20260622_143241_stage4_sample_s107,sample_limited,107
41,observed_rank_sweep_minimum,observed_best_gap_v1,best_observed_validation_loss_on_tested_rank_grid,base_val_loss_minus_best_observed_val_loss,True,ok,6,6,1;2;4;8;16;32,0.1205160176767888,32,0.0337925945817035,0.0337925945817035,0.0867234230950853,0.0867234230950853,best_observed_validation_loss_on_tested_rank_grid,0.0144120136641204,0.1061040040126684,32,0.0355270630436052,32,0.0381287657364577,16,0.042464936891212,4,0.0511372792007205,2,0.0771543061292461,4,0.059809621510229,4,0.0511372792007205,16,0.042464936891212,32,0.0381287657364577,32,32,16,16,8,4,activation_whitened,4,4,5.299935311490411,8,2.8735676664498446,4,4,4,3.559229181187453,4,1.8320795235887992,2,4,4,5.299935311490411,8,2.8735676664498446,4,4,20260622_143241_stage4_sample_s107,source_runs/20260622_143241_stage4_sample_s107,sample_limited,107
42,observed_rank_sweep_minimum,observed_best_gap_v1,best_observed_validation_loss_on_tested_rank_grid,base_val_loss_minus_best_observed_val_loss,True,ok,6,6,1;2;4;8;16;32,0.2055522969477967,32,0.0359016465341479,0.0359016465341479,0.1696506504136488,0.1696506504136488,best_observed_validation_loss_on_tested_rank_grid,0.0143905563813887,0.191161740566408,32,0.0392946595424208,16,0.0443841790548303,8,0.0528667115755127,8,0.0698317766168776,2,0.1207269717409723,4,0.0867968416582425,8,0.0698317766168776,8,0.0528667115755127,16,0.0443841790548303,32,16,16,8,8,5,activation_whitened,5,8,5.432524947415981,8,2.66137722403553,4,4,4,3.8780175339658873,4,2.0198674562684547,4,5,8,5.432524947415981,8,2.66137722403553,4,8,20260622_143241_stage4_sample_s107,source_runs/20260622_143241_stage4_sample_s107,sample_limited,107
43,observed_rank_sweep_minimum,observed_best_gap_v1,best_observed_validation_loss_on_tested_rank_grid,base_val_loss_minus_best_observed_val_loss,True,ok,6,6,1;2;4;8;16;32,0.1142120226153306,32,0.0397607561172988,0.0397607561172988,0.0744512664980318,0.0744512664980318,best_observed_validation_loss_on_tested_rank_grid,0.0143770671142409,0.0998349555010897,32,0.0412497814472594,32,0.0434833194422003,16,0.0472058827671019,8,0.0546510094169051,1,0.0769863893663147,4,0.0620961360667083,8,0.0546510094169051,16,0.0472058827671019,32,0.0434833194422003,32,32,16,16,8,8,activation_whitened,5,8,6.86438919678074,8,2.633253700095596,4,4,4,4.237797678810202,8,1.905958930899456,2,5,8,6.86438919678074,8,2.633253700095596,4,8,20260622_143241_stage4_sample_s107,source_runs/20260622_143241_stage4_sample_s107,sample_limited,107
44,observed_rank_sweep_minimum,observed_best_gap_v1,best_observed_validation_loss_on_tested_rank_grid,base_val_loss_minus_best_observed_val_loss,True,ok,6,6,1;2;4;8;16;32,0.0655580239271104,32,0.0265122251902225,0.0265122251902225,0.0390457987368878,0.0390457987368878,best_observed_validation_loss_on_tested_rank_grid,0.0145055051758262,0.0510525187512841,32,0.0272931411649602,16,0.0284645151270668,16,0.0304168050639112,8,0.0343213849376,1,0.0460351245586664,4,0.0382259648112888,8,0.0343213849376,16,0.0304168050639112,16,0.0284645151270669,32,16,16,16,8,3,activation_whitened,3,4,4.9030087124079085,8,2.155591088018521,4,3,4,3.5074117830282066,4,2.0554058166989893,4,3,4,4.9030087124079085,8,2.155591088018521,4,4,20260622_143241_stage4_sample_s107,source_runs/20260622_143241_stage4_sample_s107,sample_limited,107
45,observed_rank_sweep_minimum,observed_best_gap_v1,best_observed_validation_loss_on_tested_rank_grid,base_val_loss_minus_best_observed_val_loss,True,ok,6,6,1;2;4;8;16;32,0.2067785532591722,32,0.0357571631242292,0.0357571631242292,0.171021390134943,0.171021390134943,best_observed_validation_loss_on_tested_rank_grid,0.0144794575912642,0.1922990956679079,32,0.039177590926928,16,0.0443082326309763,8,0.0528593021377234,4,0.0699614411512178,2,0.1212678581917006,4,0.087063580164712,4,0.0699614411512177,8,0.0528593021377234,16,0.0443082326309763,32,8,8,8,8,6,activation_whitened,6,8,6.371909160990248,8,3.608872345978269,4,5,8,4.776192076043007,8,2.5356623931250453,4,6,8,6.371909160990248,8,3.608872345978269,4,8,20260622_143241_stage4_sample_s107,source_runs/20260622_143241_stage4_sample_s107,sample_limited,107
46,observed_rank_sweep_minimum,observed_best_gap_v1,best_observed_validation_loss_on_tested_rank_grid,base_val_loss_minus_best_observed_val_loss,True,ok,6,6,1;2;4;8;16;32,0.2005378485262263,32,0.0333730855492081,0.0333730855492081,0.1671647629770182,0.1671647629770182,best_observed_validation_loss_on_tested_rank_grid,0.0144200500519304,0.1861177984742959,16,0.0367163808087484,16,0.041731323698059,8,0.0500895618469099,2,0.0668060381446117,1,0.1169554670377172,2,0.0835225144423135,2,0.0668060381446117,8,0.0500895618469099,16,0.041731323698059,16,16,8,8,8,5,activation_whitened,5,8,4.382205385415676,8,2.045804229226994,4,2,2,2.4514364158526765,4,1.3405496564453938,2,5,8,4.382205385415676,8,2.045804229226994,4,8,20260622_143241_stage4_sample_s107,source_runs/20260622_143241_stage4_sample_s107,sample_limited,107
47,observed_rank_sweep_minimum,observed_best_gap_v1,best_observed_validation_loss_on_tested_rank_grid,base_val_loss_minus_best_observed_val_loss,True,ok,6,6,1;2;4;8;16;32,0.2480939935527029,32,0.0511184447610616,0.0511184447610616,0.1969755487916413,0.1969755487916413,best_observed_validation_loss_on_tested_rank_grid,0.0144521840708603,0.2336418094818426,32,0.0550579557368944,32,0.0609672222006436,16,0.0708159996402257,8,0.0905135545193898,4,0.1496062191568822,8,0.110211109398554,8,0.0905135545193898,16,0.0708159996402257,32,0.0609672222006436,32,32,16,16,16,8,activation_whitened,8,8,8.359672864487731,16,4.71269857263926,8,6,8,6.7169832559618925,8,3.915080480705465,4,8,8,8.359672864487731,16,4.71269857263926,8,8,20260622_143241_stage4_sample_s107,source_runs/20260622_143241_stage4_sample_s107,sample_limited,107
0,observed_rank_sweep_minimum,observed_best_gap_v1,best_observed_validation_loss_on_tested_rank_grid,base_val_loss_minus_best_observed_val_loss,True,ok,6,6,1;2;4;8;16;32,0.2061208424093135,32,0.0336181423740437,0.0336181423740437,0.1725027000352698,0.1725027000352698,best_observed_validation_loss_on_tested_rank_grid,0.0144899956691148,0.1916308467401987,32,0.0370681963747491,8,0.0422432773758071,8,0.0508684123775706,4,0.0681186823810976,1,0.1198694923916786,2,0.0853689523846246,4,0.0681186823810976,8,0.0508684123775706,8,0.0422432773758071,32,8,8,8,8,5,activation_whitened,5,8,4.4277546115579804,8,2.0117254312764024,4,3,4,3.111919330486307,4,1.5982899969134938,2,5,8,4.4277546115579804,8,2.0117254312764024,4,8,20260622_143414_stage4_sample_s109,source_runs/20260622_143414_stage4_sample_s109,sample_limited,109
1,observed_rank_sweep_minimum,observed_best_gap_v1,best_observed_validation_loss_on_tested_rank_grid,base_val_loss_minus_best_observed_val_loss,True,ok,6,6,1;2;4;8;16;32,0.1813924174235361,32,0.0348449720479556,0.0348449720479556,0.1465474453755805,0.1465474453755805,best_observed_validation_loss_on_tested_rank_grid,0.0144875667666707,0.1669048506568654,32,0.0377759209554672,8,0.0421723443167346,4,0.0494997165855136,4,0.0641544611230717,2,0.1081186947357458,4,0.0788092056606297,4,0.0641544611230716,4,0.0494997165855136,8,0.0421723443167346,32,8,8,8,8,5,activation_whitened,5,8,5.090913572832072,8,2.835013679220223,4,4,4,3.783039278750528,4,2.063322594090538,4,5,8,5.090913572832072,8,2.835013679220223,4,8,20260622_143414_stage4_sample_s109,source_runs/20260622_143414_stage4_sample_s109,sample_limited,109
2,observed_rank_sweep_minimum,observed_best_gap_v1,best_observed_validation_loss_on_tested_rank_grid,base_val_loss_minus_best_observed_val_loss,True,ok,6,6,1;2;4;8;16;32,0.0929185150405705,32,0.0241673481176352,0.0241673481176352,0.0687511669229353,0.0687511669229353,best_observed_validation_loss_on_tested_rank_grid,0.0144067036954619,0.0785118113451086,32,0.0255423714560939,16,0.0276049064637819,4,0.0310424648099287,4,0.0379175815022222,1,0.0585429315791028,4,0.0447926981945157,4,0.0379175815022222,4,0.0310424648099287,16,0.0276049064637819,32,4,4,4,4,3,activation_whitened,3,4,4.082542912991731,8,1.840659391767251,2,3,4,2.957047128125511,4,1.6669965253632442,2,3,4,4.082542912991731,8,1.840659391767251,2,4,20260622_143414_stage4_sample_s109,source_runs/20260622_143414_stage4_sample_s109,sample_limited,109
3,observed_rank_sweep_minimum,observed_best_gap_v1,best_observed_validation_loss_on_tested_rank_grid,base_val_loss_minus_best_observed_val_loss,True,ok,6,6,1;2;4;8;16;32,0.0909984350657533,32,0.0166002479997286,0.0166002479997286,0.0743981870660246,0.0743981870660246,best_observed_validation_loss_on_tested_rank_grid,0.014433467181581,0.0765649678841722,1,0.018088211741049,1,0.0203201573530298,1,0.024040066706331,1,0.0314798854129335,1,0.0537993415327409,1,0.038919704119536,1,0.0314798854129335,1,0.024040066706331,1,0.0203201573530298,2,2,2,1,1,1,activation_whitened,1,1,1.6830327016821736,2,1.070065983003472,2,1,1,1.3408102061830374,2,1.039946304297625,2,1,1,1.6830327016821736,2,1.070065983003472,2,1,20260622_143414_stage4_sample_s109,source_runs/20260622_143414_stage4_sample_s109,sample_limited,109
4,observed_rank_sweep_minimum,observed_best_gap_v1,best_observed_validation_loss_on_tested_rank_grid,base_val_loss_minus_best_observed_val_loss,True,ok,6,6,1;2;4;8;16;32,0.0996421971545813,32,0.0248179903398562,0.0248179903398562,0.0748242068147251,0.0748242068147251,best_observed_validation_loss_on_tested_rank_grid,0.0143879428669941,0.0852542542875871,16,0.0263144744761507,8,0.0285592006805924,8,0.0323004110213287,8,0.0397828317028012,1,0.0622300937472187,2,0.0472652523842737,8,0.0397828317028012,8,0.0323004110213287,8,0.0285592006805924,16,16,8,8,8,3,activation_whitened,3,4,4.435029163003796,8,2.220195248609852,4,3,4,2.7932425995637256,4,1.5166280005471562,2,3,4,4.435029163003796,8,2.220195248609852,4,4,20260622_143414_stage4_sample_s109,source_runs/20260622_143414_stage4_sample_s109,sample_limited,109
5,observed_rank_sweep_minimum,observed_best_gap_v1,best_observed_validation_loss_on_tested_rank_grid,base_val_loss_minus_best_observed_val_loss,True,ok,6,6,1;2;4;8;16;32,0.071786188188537,32,0.0346056352248862,0.0346056352248862,0.0371805529636508,0.0371805529636508,best_observed_validation_loss_on_tested_rank_grid,0.0143968151816806,0.0573893730068564,32,0.0353492462841592,32,0.0364646628730687,8,0.0383236905212512,4,0.0420417458176163,1,0.0531959117067116,2,0.0457598011139814,4,0.0420417458176163,8,0.0383236905212512,32,0.0364646628730687,32,32,8,8,8,8,activation_whitened,5,8,7.15958588164991,8,2.524483810217494,4,3,4,4.2774437610779,8,1.8723142462147369,2,5,8,7.15958588164991,8,2.524483810217494,4,8,20260622_143414_stage4_sample_s109,source_runs/20260622_143414_stage4_sample_s109,sample_limited,109
6,observed_rank_sweep_minimum,observed_best_gap_v1,best_observed_validation_loss_on_tested_rank_grid,base_val_loss_minus_best_observed_val_loss,True,ok,6,6,1;2;4;8;16;32,0.1966427933175487,32,0.0529923108984237,0.0529923108984237,0.1436504824191249,0.1436504824191249,best_observed_validation_loss_on_tested_rank_grid,0.0143675053208473,0.1822752879967014,32,0.0558653205468061,16,0.0601748350193799,16,0.0673573591403361,4,0.0817224073822487,2,0.1248175521079862,4,0.0960874556241612,4,0.0817224073822487,16,0.0673573591403361,16,0.0601748350193799,32,16,16,16,4,7,activation_whitened,7,8,7.133929976442368,8,3.4996720031725017,4,5,8,5.6396940946391,8,2.8744817461369525,4,7,8,7.133929976442368,8,3.4996720031725017,4,8,20260622_143414_stage4_sample_s109,source_runs/20260622_143414_stage4_sample_s109,sample_limited,109
7,observed_rank_sweep_minimum,observed_best_gap_v1,best_observed_validation_loss_on_tested_rank_grid,base_val_loss_minus_best_observed_val_loss,True,ok,6,6,1;2;4;8;16;32,0.1855158068524537,32,0.0451508744292179,0.0451508744292179,0.1403649324232358,0.1403649324232358,best_observed_validation_loss_on_tested_rank_grid,0.0144377705098277,0.171078036342626,32,0.0479581730776826,16,0.0521691210503796,8,0.0591873676715414,4,0.073223860913865,2,0.1153333406408358,4,0.0872603541561886,4,0.073223860913865,8,0.0591873676715414,16,0.0521691210503796,32,16,16,16,8,7,activation_whitened,6,8,6.290982525422801,8,2.8510754021390987,4,5,8,4.399624237253477,8,1.9212999369776247,2,6,8,6.290982525422801,8,2.8510754021390987,4,8,20260622_143414_stage4_sample_s109,source_runs/20260622_143414_stage4_sample_s109,sample_limited,109
8,observed_rank_sweep_minimum,observed_best_gap_v1,best_observed_validation_loss_on_tested_rank_grid,base_val_loss_minus_best_observed_val_loss,True,ok,6,6,1;2;4;8;16;32,0.1350229376923281,32,0.0419546496882058,0.0419546496882058,0.0930682880041222,0.0930682880041222,best_observed_validation_loss_on_tested_rank_grid,0.0145245922450294,0.1204983454472986,32,0.0438160154482882,16,0.0466080640884119,8,0.051261478488618,4,0.0605683072890302,2,0.0884887936902669,4,0.0698751360894425,4,0.0605683072890302,8,0.051261478488618,16,0.0466080640884119,32,8,8,8,8,8,activation_whitened,5,8,6.561050169820246,8,3.025860547122638,4,3,4,3.703452872986534,4,1.6707140730450571,2,5,8,6.561050169820246,8,3.025860547122638,4,8,20260622_143414_stage4_sample_s109,source_runs/20260622_143414_stage4_sample_s109,sample_limited,109
9,observed_rank_sweep_minimum,observed_best_gap_v1,best_observed_validation_loss_on_tested_rank_grid,base_val_loss_minus_best_observed_val_loss,True,ok,6,6,1;2;4;8;16;32,0.0774163581574739,32,0.0402622571441167,0.0402622571441167,0.0371541010133572,0.0371541010133572,best_observed_validation_loss_on_tested_rank_grid,0.0144822393329987,0.0629341188244752,32,0.0410053391643838,32,0.0421199621947845,32,0.0439776672454524,8,0.0476930773467881,2,0.0588393076507953,8,0.0514084874481238,8,0.0476930773467881,32,0.0439776672454524,32,0.0421199621947845,32,32,32,32,8,7,activation_whitened,6,8,8.37763566583302,16,3.802399546002493,4,4,4,5.17361857070732,8,2.168909658082968,4,6,8,8.37763566583302,16,3.802399546002493,4,8,20260622_143414_stage4_sample_s109,source_runs/20260622_143414_stage4_sample_s109,sample_limited,109
10,observed_rank_sweep_minimum,observed_best_gap_v1,best_observed_validation_loss_on_tested_rank_grid,base_val_loss_minus_best_observed_val_loss,True,ok,6,6,1;2;4;8;16;32,0.1875836339643702,32,0.0227795965656533,0.0227795965656533,0.1648040373987169,0.1648040373987169,best_observed_validation_loss_on_tested_rank_grid,0.0144245833840823,0.1731590505802878,4,0.0260756773136276,4,0.0310197984355891,4,0.039260000305525,4,0.0557404040453966,2,0.1051816152650117,4,0.0722208077852683,4,0.0557404040453966,4,0.0392600003055249,4,0.0310197984355891,4,4,4,4,4,3,activation_whitened,3,4,3.906473379992456,4,2.597724696766224,4,3,4,3.278175642701299,4,2.0268280547049,4,3,4,3.906473379992456,4,2.597724696766224,4,4,20260622_143414_stage4_sample_s109,source_runs/20260622_143414_stage4_sample_s109,sample_limited,109
11,observed_rank_sweep_minimum,observed_best_gap_v1,best_observed_validation_loss_on_tested_rank_grid,base_val_loss_minus_best_observed_val_loss,True,ok,6,6,1;2;4;8;16;32,0.1385477326319618,32,0.0211232905801792,0.0211232905801792,0.1174244420517826,0.1174244420517826,best_observed_validation_loss_on_tested_rank_grid,0.0143965947571899,0.1241511378747718,8,0.0234717794212148,2,0.0269945126827683,2,0.0328657347853574,2,0.0446081789905357,1,0.0798355116060705,2,0.0563506231957139,2,0.0446081789905357,2,0.0328657347853574,2,0.0269945126827683,8,2,2,2,2,2,activation_whitened,2,2,2.6972541000114827,4,1.774645077679906,2,2,2,2.3370385775533635,4,1.7655994391526832,2,2,2,2.6972541000114827,4,1.774645077679906,2,2,20260622_143414_stage4_sample_s109,source_runs/20260622_143414_stage4_sample_s109,sample_limited,109
12,observed_rank_sweep_minimum,observed_best_gap_v1,best_observed_validation_loss_on_tested_rank_grid,base_val_loss_minus_best_observed_val_loss,True,ok,6,6,1;2;4;8;16;32,0.1674661905238154,32,0.0377184290363813,0.0377184290363813,0.1297477614874341,0.1297477614874341,best_observed_validation_loss_on_tested_rank_grid,0.0144387554035549,0.1530274351202604,16,0.0403133842661299,16,0.044205817110753,8,0.0506932051851247,4,0.0636679813338681,2,0.1025923097800983,2,0.0766427574826115,4,0.0636679813338681,8,0.0506932051851247,16,0.044205817110753,16,16,16,8,8,5,activation_whitened,5,8,5.11790972560565,8,2.304486308690056,4,3,4,3.2874130138387243,4,1.6565253090262706,2,5,8,5.11790972560565,8,2.304486308690056,4,8,20260622_143414_stage4_sample_s109,source_runs/20260622_143414_stage4_sample_s109,sample_limited,109
13,observed_rank_sweep_minimum,observed_best_gap_v1,best_observed_validation_loss_on_tested_rank_grid,base_val_loss_minus_best_observed_val_loss,True,ok,6,6,1;2;4;8;16;32,0.2840264659885207,32,0.0358929058829509,0.0358929058829509,0.2481335601055698,0.2481335601055698,best_observed_validation_loss_on_tested_rank_grid,0.0144131879900571,0.2696132779984636,32,0.0408555770850623,8,0.0482995838882293,8,0.0607062618935078,4,0.0855196179040648,4,0.1599596859357358,4,0.1103329739146218,4,0.0855196179040648,8,0.0607062618935078,8,0.0482995838882294,8,8,8,8,8,5,activation_whitened,5,8,5.802144911114766,8,3.904133526439886,4,4,4,4.267723445394682,8,2.0517829518502824,4,5,8,5.802144911114766,8,3.904133526439886,4,8,20260622_143414_stage4_sample_s109,source_runs/20260622_143414_stage4_sample_s109,sample_limited,109
14,observed_rank_sweep_minimum,observed_best_gap_v1,best_observed_validation_loss_on_tested_rank_grid,base_val_loss_minus_best_observed_val_loss,True,ok,6,6,1;2;4;8;16;32,0.1645342858850546,32,0.0548726871469904,0.0548726871469904,0.1096615987380641,0.1096615987380641,best_observed_validation_loss_on_tested_rank_grid,0.0144214702973884,0.1501128155876661,32,0.0570659191217516,32,0.0603557670838936,16,0.0658388470207968,8,0.0768050068946032,2,0.1097034865160224,4,0.0877711667684096,8,0.0768050068946032,16,0.0658388470207968,32,0.0603557670838936,32,32,16,16,8,8,activation_whitened,8,8,8.32211429309224,16,3.966357327961186,4,4,4,5.933709959755219,8,2.826353271824897,4,8,8,8.32211429309224,16,3.966357327961186,4,8,20260622_143414_stage4_sample_s109,source_runs/20260622_143414_stage4_sample_s109,sample_limited,109
15,observed_rank_sweep_minimum,observed_best_gap_v1,best_observed_validation_loss_on_tested_rank_grid,base_val_loss_minus_best_observed_val_loss,True,ok,6,6,1;2;4;8;16;32,0.1874539901697394,32,0.0354821054585336,0.0354821054585336,0.1519718847112058,0.1519718847112058,best_observed_validation_loss_on_tested_rank_grid,0.014431966661503,0.1730220235082364,16,0.0385215431527577,8,0.0430806996940938,8,0.0506792939296541,4,0.0658764824007747,1,0.1114680478141365,2,0.0810736708718953,4,0.0658764824007747,8,0.0506792939296541,8,0.0430806996940938,16,16,8,8,8,5,activation_whitened,4,4,4.4542777368603055,8,1.9603984623278472,2,4,4,3.130237578305094,4,1.515091480111162,2,4,4,4.4542777368603055,8,1.9603984623278472,2,4,20260622_143414_stage4_sample_s109,source_runs/20260622_143414_stage4_sample_s109,sample_limited,109
16,observed_rank_sweep_minimum,observed_best_gap_v1,best_observed_validation_loss_on_tested_rank_grid,base_val_loss_minus_best_observed_val_loss,True,ok,6,6,1;2;4;8;16;32,0.1504932243098029,32,0.0223054312109513,0.0223054312109513,0.1281877930988516,0.1281877930988516,best_observed_validation_loss_on_tested_rank_grid,0.0143950386294261,0.1360981856803768,8,0.0248691870729283,4,0.0287148208658938,2,0.0351242105208364,2,0.0479429898307216,1,0.086399327760377,2,0.0607617691406067,2,0.0479429898307216,2,0.0351242105208364,4,0.0287148208658938,8,8,4,4,4,2,activation_whitened,2,2,2.906688683026018,4,1.886748318699152,2,2,2,2.165594976565344,4,1.3963215290544198,2,2,2,2.906688683026018,4,1.886748318699152,2,2,20260622_143414_stage4_sample_s109,source_runs/20260622_143414_stage4_sample_s109,sample_limited,109
17,observed_rank_sweep_minimum,observed_best_gap_v1,best_observed_validation_loss_on_tested_rank_grid,base_val_loss_minus_best_observed_val_loss,True,ok,6,6,1;2;4;8;16;32,0.0682261283276048,32,0.0275442709813742,0.0275442709813742,0.0406818573462306,0.0406818573462306,best_observed_validation_loss_on_tested_rank_grid,0.0143766633405106,0.0538494649870942,32,0.0283579081282988,32,0.0295783638486857,16,0.0316124567159972,4,0.0356806424506203,2,0.0478851996544895,2,0.0397488281852433,4,0.0356806424506203,16,0.0316124567159972,32,0.0295783638486857,32,32,32,4,4,3,activation_whitened,3,4,4.703906695326122,8,2.117901869346529,4,3,4,3.515480293687038,4,2.1472877711855545,4,3,4,4.703906695326122,8,2.117901869346529,4,4,20260622_143414_stage4_sample_s109,source_runs/20260622_143414_stage4_sample_s109,sample_limited,109
18,observed_rank_sweep_minimum,observed_best_gap_v1,best_observed_validation_loss_on_tested_rank_grid,base_val_loss_minus_best_observed_val_loss,True,ok,6,6,1;2;4;8;16;32,0.0577504232806973,32,0.0368611229224482,0.0368611229224482,0.0208893003582491,0.0208893003582491,best_observed_validation_loss_on_tested_rank_grid,0.014464891933747,0.0432855313469503,32,0.0372789089296131,16,0.0379055879403606,16,0.0389500529582731,16,0.041038982994098,4,0.0473057731015727,16,0.0431279130299229,16,0.041038982994098,16,0.0389500529582731,16,0.0379055879403606,32,16,16,16,16,3,activation_whitened,3,4,6.5905726852394695,8,3.028749190224311,4,3,4,4.393195996596595,8,1.958797637187794,2,3,4,6.5905726852394695,8,3.028749190224311,4,4,20260622_143414_stage4_sample_s109,source_runs/20260622_143414_stage4_sample_s109,sample_limited,109
19,observed_rank_sweep_minimum,observed_best_gap_v1,best_observed_validation_loss_on_tested_rank_grid,base_val_loss_minus_best_observed_val_loss,True,ok,6,6,1;2;4;8;16;32,0.1812426966495962,32,0.0283946193932137,0.0283946193932137,0.1528480772563825,0.1528480772563825,best_observed_validation_loss_on_tested_rank_grid,0.0144379411248491,0.166804755524747,16,0.0314515809383413,16,0.0360370232560328,8,0.0436794271188519,4,0.0589642348444902,2,0.1048186580214049,4,0.0742490425701284,4,0.0589642348444901,8,0.0436794271188519,16,0.0360370232560328,16,16,16,16,8,4,activation_whitened,4,4,4.810927106329105,8,2.704025102833888,4,4,4,3.0534653982620936,4,1.5507618507145464,2,4,4,4.810927106329105,8,2.704025102833888,4,4,20260622_143414_stage4_sample_s109,source_runs/20260622_143414_stage4_sample_s109,sample_limited,109
20,observed_rank_sweep_minimum,observed_best_gap_v1,best_observed_validation_loss_on_tested_rank_grid,base_val_loss_minus_best_observed_val_loss,True,ok,6,6,1;2;4;8;16;32,0.0937561619069548,32,0.0251400235985381,0.0251400235985381,0.0686161383084167,0.0686161383084167,best_observed_validation_loss_on_tested_rank_grid,0.0143751336558862,0.0793810282510685,32,0.0265123463647064,8,0.0285708305139589,8,0.0320016374293797,4,0.0388632512602214,2,0.0594480927527464,2,0.0457248650910631,4,0.0388632512602214,8,0.0320016374293797,8,0.0285708305139589,32,8,8,8,8,2,activation_whitened,2,2,3.851141536781956,4,2.019241640177924,4,2,2,3.190803623447504,4,2.009044076522447,4,2,2,3.851141536781956,4,2.019241640177924,4,2,20260622_143414_stage4_sample_s109,source_runs/20260622_143414_stage4_sample_s109,sample_limited,109
21,observed_rank_sweep_minimum,observed_best_gap_v1,best_observed_validation_loss_on_tested_rank_grid,base_val_loss_minus_best_observed_val_loss,True,ok,6,6,1;2;4;8;16;32,0.0747420721672053,32,0.0272091763473563,0.0272091763473563,0.047532895819849,0.047532895819849,best_observed_validation_loss_on_tested_rank_grid,0.0143818609969535,0.0603602111702517,32,0.0281598342637532,32,0.0295858211383487,4,0.0319624659293412,1,0.0367157555113261,1,0.0509756242572808,1,0.041469045093311,1,0.036715755511326,4,0.0319624659293412,32,0.0295858211383487,32,8,4,4,4,1,activation_whitened,3,4,4.079830706419748,8,1.3799698163641785,2,3,4,3.63181081739241,4,1.478801427454579,2,3,4,4.079830706419748,8,1.3799698163641785,2,4,20260622_143414_stage4_sample_s109,source_runs/20260622_143414_stage4_sample_s109,sample_limited,109
22,observed_rank_sweep_minimum,observed_best_gap_v1,best_observed_validation_loss_on_tested_rank_grid,base_val_loss_minus_best_observed_val_loss,True,ok,6,6,1;2;4;8;16;32,0.1304481648885356,32,0.0344949379592956,0.0344949379592956,0.09595322692924,0.09595322692924,best_observed_validation_loss_on_tested_rank_grid,0.014375050421577,0.1160731144669586,32,0.0364140024978804,16,0.0392925993057576,4,0.0440902606522196,2,0.0536855833451436,1,0.0824715514239156,2,0.0632809060380676,2,0.0536855833451435,4,0.0440902606522195,16,0.0392925993057576,32,4,4,4,4,5,activation_whitened,5,8,4.555283295450937,8,1.951829107738393,2,3,4,2.646868196512463,4,1.3818564680984116,2,5,8,4.555283295450937,8,1.951829107738393,2,8,20260622_143414_stage4_sample_s109,source_runs/20260622_143414_stage4_sample_s109,sample_limited,109
23,observed_rank_sweep_minimum,observed_best_gap_v1,best_observed_validation_loss_on_tested_rank_grid,base_val_loss_minus_best_observed_val_loss,True,ok,6,6,1;2;4;8;16;32,0.1291989502056653,32,0.0385475267649966,0.0385475267649966,0.0906514234406687,0.0906514234406687,best_observed_validation_loss_on_tested_rank_grid,0.0144133678764506,0.1147855823292147,32,0.0403605552338099,16,0.04308009793703,8,0.0476126691090634,4,0.0566778114531303,2,0.0838732384853309,4,0.0657429537971972,4,0.0566778114531303,8,0.0476126691090634,16,0.04308009793703,32,16,16,8,8,6,activation_whitened,6,8,6.692372821847558,8,2.965010497810219,4,3,4,4.071527436528792,8,1.926366994911647,2,6,8,6.692372821847558,8,2.965010497810219,4,8,20260622_143414_stage4_sample_s109,source_runs/20260622_143414_stage4_sample_s109,sample_limited,109
24,observed_rank_sweep_minimum,observed_best_gap_v1,best_observed_validation_loss_on_tested_rank_grid,base_val_loss_minus_best_observed_val_loss,True,ok,6,6,1;2;4;8;16;32,0.2208645244019785,32,0.044405335927981,0.044405335927981,0.1764591884739975,0.1764591884739975,best_observed_validation_loss_on_tested_rank_grid,0.0144181208143724,0.2064464035876061,32,0.0479345196974609,32,0.0532282953516808,8,0.0620512547753807,8,0.0796971736227805,2,0.1326349301649797,2,0.0973430924701802,8,0.0796971736227805,8,0.0620512547753807,32,0.0532282953516808,32,8,8,8,8,6,activation_whitened,6,8,5.425731137150121,8,2.761480890535404,4,2,2,3.1997122895229984,4,1.6434322844076192,2,6,8,5.425731137150121,8,2.761480890535404,4,8,20260622_143414_stage4_sample_s109,source_runs/20260622_143414_stage4_sample_s109,sample_limited,109
25,observed_rank_sweep_minimum,observed_best_gap_v1,best_observed_validation_loss_on_tested_rank_grid,base_val_loss_minus_best_observed_val_loss,True,ok,6,6,1;2;4;8;16;32,0.181888027438199,32,0.027444591007363,0.027444591007363,0.154443436430836,0.154443436430836,best_observed_validation_loss_on_tested_rank_grid,0.0144304268998976,0.1674576005383014,8,0.0305334597359797,2,0.0351667628289048,2,0.0428889346504466,2,0.0583332782935302,1,0.104666309222781,2,0.0737776219366138,2,0.0583332782935301,2,0.0428889346504465,2,0.0351667628289047,8,8,4,4,2,2,activation_whitened,2,2,3.296073434022121,4,1.870071109261276,2,2,2,2.74783066668089,4,1.52933265486758,2,2,2,3.296073434022121,4,1.870071109261276,2,2,20260622_143414_stage4_sample_s109,source_runs/20260622_143414_stage4_sample_s109,sample_limited,109
26,observed_rank_sweep_minimum,observed_best_gap_v1,best_observed_validation_loss_on_tested_rank_grid,base_val_loss_minus_best_observed_val_loss,True,ok,6,6,1;2;4;8;16;32,0.0777389479162784,32,0.0225898395634562,0.0225898395634562,0.0551491083528222,0.0551491083528222,best_observed_validation_loss_on_tested_rank_grid,0.0143357954697409,0.0634031524465375,32,0.0236928217305126,8,0.0253472949810973,2,0.0281047503987384,1,0.0336196612340206,1,0.0501643937398673,1,0.0391345720693028,1,0.0336196612340206,2,0.0281047503987384,8,0.0253472949810973,8,8,8,8,4,2,activation_whitened,2,2,2.663082557005058,4,1.295574811817138,2,1,1,1.351379232231945,2,1.0644006795384682,2,2,2,2.663082557005058,4,1.295574811817138,2,2,20260622_143414_stage4_sample_s109,source_runs/20260622_143414_stage4_sample_s109,sample_limited,109
27,observed_rank_sweep_minimum,observed_best_gap_v1,best_observed_validation_loss_on_tested_rank_grid,base_val_loss_minus_best_observed_val_loss,True,ok,6,6,1;2;4;8;16;32,0.0859027145105366,32,0.0295864328182518,0.0295864328182518,0.0563162816922848,0.0563162816922848,best_observed_validation_loss_on_tested_rank_grid,0.0144685372046633,0.0714341773058733,16,0.0307127584520974,16,0.032402246902866,8,0.0352180609874802,4,0.0408496891567087,2,0.0577445736643942,4,0.0464813173259372,4,0.0408496891567087,8,0.0352180609874802,16,0.032402246902866,16,16,16,16,8,4,activation_whitened,4,4,5.444728501488007,8,2.397379619245778,4,4,4,3.8786979206409984,4,2.1208579928406226,4,4,4,5.444728501488007,8,2.397379619245778,4,4,20260622_143414_stage4_sample_s109,source_runs/20260622_143414_stage4_sample_s109,sample_limited,109
28,observed_rank_sweep_minimum,observed_best_gap_v1,best_observed_validation_loss_on_tested_rank_grid,base_val_loss_minus_best_observed_val_loss,True,ok,6,6,1;2;4;8;16;32,0.0871927868404853,32,0.0257987464335423,0.0257987464335423,0.061394040406943,0.061394040406943,best_observed_validation_loss_on_tested_rank_grid,0.0143595938440782,0.0728331929964071,32,0.0270266272416811,16,0.0288684484538894,8,0.0319381504742366,8,0.0380775545149309,2,0.0564957666370138,4,0.0442169585556252,8,0.0380775545149308,8,0.0319381504742365,16,0.0288684484538894,32,16,8,8,8,3,activation_whitened,3,4,4.943559659865011,8,2.3712377363840926,4,3,4,3.974864595104194,4,2.143424266253405,4,3,4,4.943559659865011,8,2.3712377363840926,4,4,20260622_143414_stage4_sample_s109,source_runs/20260622_143414_stage4_sample_s109,sample_limited,109
29,observed_rank_sweep_minimum,observed_best_gap_v1,best_observed_validation_loss_on_tested_rank_grid,base_val_loss_minus_best_observed_val_loss,True,ok,6,6,1;2;4;8;16;32,0.2738990733606302,32,0.0388239446451339,0.0388239446451339,0.2350751287154963,0.2350751287154963,best_observed_validation_loss_on_tested_rank_grid,0.0144414137346755,0.2594576596259547,16,0.0435254472194438,4,0.0505777010809087,4,0.0623314575166835,4,0.0858389703882331,1,0.156361509002882,2,0.1093464832597828,4,0.0858389703882331,4,0.0623314575166835,4,0.0505777010809087,16,4,4,4,4,7,activation_whitened,3,4,3.934707619461519,4,1.8229970864959244,2,1,1,1.953652173771464,2,1.2002520370235858,2,3,4,3.934707619461519,4,1.8229970864959244,2,4,20260622_143414_stage4_sample_s109,source_runs/20260622_143414_stage4_sample_s109,sample_limited,109
30,observed_rank_sweep_minimum,observed_best_gap_v1,best_observed_validation_loss_on_tested_rank_grid,base_val_loss_minus_best_observed_val_loss,True,ok,6,6,1;2;4;8;16;32,0.0362221306467152,32,0.018074116010593,0.018074116010593,0.0181480146361222,0.0181480146361222,best_observed_validation_loss_on_tested_rank_grid,0.0143635340409455,0.0218585966057697,32,0.0184370763033154,8,0.0189815167423991,8,0.0198889174742052,4,0.0217037189378174,1,0.0271481233286541,4,0.0235185204014296,4,0.0217037189378174,8,0.0198889174742052,8,0.0189815167423991,32,8,8,8,8,1,activation_whitened,1,1,3.25694273102476,4,1.2046218795191488,2,1,1,2.103849195277641,4,1.121534188302951,2,1,1,3.25694273102476,4,1.2046218795191488,2,1,20260622_143414_stage4_sample_s109,source_runs/20260622_143414_stage4_sample_s109,sample_limited,109
31,observed_rank_sweep_minimum,observed_best_gap_v1,best_observed_validation_loss_on_tested_rank_grid,base_val_loss_minus_best_observed_val_loss,True,ok,6,6,1;2;4;8;16;32,0.105425066296016,32,0.0246822509169508,0.0246822509169508,0.0807428153790652,0.0807428153790652,best_observed_validation_loss_on_tested_rank_grid,0.0144215089240527,0.0910035573719633,8,0.0262971072245321,2,0.028719391685904,2,0.0327565324548573,2,0.0408308139927638,1,0.0650536586064834,2,0.0489050955306703,2,0.0408308139927638,2,0.0327565324548573,2,0.028719391685904,8,8,2,2,2,2,activation_whitened,2,2,3.550685140400357,4,2.11272347047608,4,2,2,2.464464900778312,4,1.4374803193728636,2,2,2,3.550685140400357,4,2.11272347047608,4,2,20260622_143414_stage4_sample_s109,source_runs/20260622_143414_stage4_sample_s109,sample_limited,109
32,observed_rank_sweep_minimum,observed_best_gap_v1,best_observed_validation_loss_on_tested_rank_grid,base_val_loss_minus_best_observed_val_loss,True,ok,6,6,1;2;4;8;16;32,0.2788005967362373,32,0.0275782895390224,0.0275782895390224,0.2512223071972149,0.2512223071972149,best_observed_validation_loss_on_tested_rank_grid,0.0144988311705918,0.2643017655656455,16,0.0326027356829667,8,0.0401394048988831,8,0.0527005202587438,8,0.0778227509784653,4,0.1531894431376298,4,0.1029449816981868,8,0.0778227509784653,8,0.0527005202587438,8,0.0401394048988831,16,8,8,8,8,5,activation_whitened,5,8,5.27199651239812,8,2.8928225587500807,4,5,8,3.259976023919927,4,1.580429458186279,2,5,8,5.27199651239812,8,2.8928225587500807,4,8,20260622_143414_stage4_sample_s109,source_runs/20260622_143414_stage4_sample_s109,sample_limited,109
33,observed_rank_sweep_minimum,observed_best_gap_v1,best_observed_validation_loss_on_tested_rank_grid,base_val_loss_minus_best_observed_val_loss,True,ok,6,6,1;2;4;8;16;32,0.1521349797304348,32,0.0254145388662773,0.0254145388662773,0.1267204408641575,0.1267204408641575,best_observed_validation_loss_on_tested_rank_grid,0.0144343051167191,0.1377006746137157,16,0.0279489476835604,8,0.0317505609094851,8,0.038086582952693,4,0.0507586270391088,2,0.088774759298356,4,0.0634306711255245,4,0.0507586270391087,8,0.038086582952693,8,0.0317505609094851,16,8,8,8,8,4,activation_whitened,4,4,4.62562644075562,8,2.620878271422455,4,4,4,3.626766633274066,4,2.1226470642247217,4,4,4,4.62562644075562,8,2.620878271422455,4,4,20260622_143414_stage4_sample_s109,source_runs/20260622_143414_stage4_sample_s109,sample_limited,109
34,observed_rank_sweep_minimum,observed_best_gap_v1,best_observed_validation_loss_on_tested_rank_grid,base_val_loss_minus_best_observed_val_loss,True,ok,6,6,1;2;4;8;16;32,0.0915060642356907,32,0.0508547897798207,0.0508547897798207,0.04065127445587,0.04065127445587,best_observed_validation_loss_on_tested_rank_grid,0.0143659591734678,0.0771401050622229,32,0.0516678152689381,32,0.0528873535026142,16,0.0549199172254077,16,0.0589850446709947,4,0.0711804270077557,8,0.0630501721165817,16,0.0589850446709947,16,0.0549199172254077,32,0.0528873535026142,32,32,32,16,16,7,activation_whitened,7,8,9.086820539773065,16,4.942195519700095,8,7,8,6.728318579206811,8,3.3284207456272736,4,7,8,9.086820539773065,16,4.942195519700095,8,8,20260622_143414_stage4_sample_s109,source_runs/20260622_143414_stage4_sample_s109,sample_limited,109
35,observed_rank_sweep_minimum,observed_best_gap_v1,best_observed_validation_loss_on_tested_rank_grid,base_val_loss_minus_best_observed_val_loss,True,ok,6,6,1;2;4;8;16;32,0.1688060789389394,32,0.0280045139959015,0.0280045139959015,0.1408015649430379,0.1408015649430379,best_observed_validation_loss_on_tested_rank_grid,0.0143618572832064,0.154444221655733,16,0.0308205452947622,16,0.0350445922430533,8,0.0420846704902052,4,0.056164826984509,2,0.0984052964674204,2,0.0702449834788128,4,0.056164826984509,8,0.0420846704902052,16,0.0350445922430533,16,16,16,16,4,4,activation_whitened,4,4,4.442466949710612,8,2.6765919041453143,4,4,4,3.14282138818567,4,1.8049122981127628,2,4,4,4.442466949710612,8,2.6765919041453143,4,4,20260622_143414_stage4_sample_s109,source_runs/20260622_143414_stage4_sample_s109,sample_limited,109
36,observed_rank_sweep_minimum,observed_best_gap_v1,best_observed_validation_loss_on_tested_rank_grid,base_val_loss_minus_best_observed_val_loss,True,ok,6,6,1;2;4;8;16;32,0.0783707654835235,32,0.0375829831199415,0.0375829831199415,0.0407877823635819,0.0407877823635819,best_observed_validation_loss_on_tested_rank_grid,0.0144564066924648,0.0639143587910587,32,0.0383987387672131,32,0.0396223722381206,32,0.0416617613562997,8,0.0457405395926579,2,0.0579768743017325,4,0.0498193178290161,8,0.0457405395926579,32,0.0416617613562997,32,0.0396223722381206,32,32,32,32,8,8,activation_whitened,6,8,8.290354441428619,16,3.502743382309861,4,4,4,4.826157951599523,8,2.196698721212285,4,6,8,8.290354441428619,16,3.502743382309861,4,8,20260622_143414_stage4_sample_s109,source_runs/20260622_143414_stage4_sample_s109,sample_limited,109
37,observed_rank_sweep_minimum,observed_best_gap_v1,best_observed_validation_loss_on_tested_rank_grid,base_val_loss_minus_best_observed_val_loss,True,ok,6,6,1;2;4;8;16;32,0.154093492786934,32,0.028277492771745,0.028277492771745,0.125816000015189,0.125816000015189,best_observed_validation_loss_on_tested_rank_grid,0.0143455966858228,0.1397478961011111,8,0.0307938127720487,2,0.0345682927725044,2,0.0408590927732639,2,0.0534406927747828,1,0.0911854927793394,2,0.0660222927763017,2,0.0534406927747827,2,0.0408590927732638,2,0.0345682927725044,4,4,4,4,2,2,activation_whitened,2,2,3.8205347624523127,4,1.8682928614331515,2,2,2,3.0932698526846942,4,1.9158276775072425,2,2,2,3.8205347624523127,4,1.8682928614331515,2,2,20260622_143414_stage4_sample_s109,source_runs/20260622_143414_stage4_sample_s109,sample_limited,109
38,observed_rank_sweep_minimum,observed_best_gap_v1,best_observed_validation_loss_on_tested_rank_grid,base_val_loss_minus_best_observed_val_loss,True,ok,6,6,1;2;4;8;16;32,0.0568913481187904,32,0.0207020878815391,0.0207020878815391,0.0361892602372513,0.0361892602372513,best_observed_validation_loss_on_tested_rank_grid,0.0143580402994286,0.0425333078193618,32,0.0214258730862841,16,0.0225115508934016,8,0.0243210139052642,4,0.0279399399289893,4,0.0387967180001647,4,0.0315588659527144,4,0.0279399399289893,8,0.0243210139052642,16,0.0225115508934016,32,16,16,16,8,2,activation_whitened,2,2,4.04519704549334,8,2.174740310250462,4,2,2,2.4268614078288344,4,1.477545584457077,2,2,2,4.04519704549334,8,2.174740310250462,4,2,20260622_143414_stage4_sample_s109,source_runs/20260622_143414_stage4_sample_s109,sample_limited,109
39,observed_rank_sweep_minimum,observed_best_gap_v1,best_observed_validation_loss_on_tested_rank_grid,base_val_loss_minus_best_observed_val_loss,True,ok,6,6,1;2;4;8;16;32,0.3335535918151308,32,0.0231265071475944,0.0231265071475944,0.3104270846675364,0.3104270846675364,best_observed_validation_loss_on_tested_rank_grid,0.0144068324632127,0.319146759351918,8,0.0293350488409451,4,0.0386478613809712,4,0.054169215614348,4,0.0852119240811016,2,0.1783400494813626,4,0.1162546325478553,4,0.0852119240811016,4,0.054169215614348,4,0.0386478613809712,8,8,4,4,4,4,activation_whitened,4,4,4.280075244613231,8,2.421530470762656,4,3,4,2.67555401582134,4,1.4493908899709032,2,4,4,4.280075244613231,8,2.421530470762656,4,4,20260622_143414_stage4_sample_s109,source_runs/20260622_143414_stage4_sample_s109,sample_limited,109
40,observed_rank_sweep_minimum,observed_best_gap_v1,best_observed_validation_loss_on_tested_rank_grid,base_val_loss_minus_best_observed_val_loss,True,ok,6,6,1;2;4;8;16;32,0.0447010878829451,32,0.0217234830785594,0.0217234830785594,0.0229776048043857,0.0229776048043857,best_observed_validation_loss_on_tested_rank_grid,0.0143754217477398,0.0303256661352053,32,0.0221830351746471,32,0.0228723633187786,8,0.0240212435589979,8,0.0263190040394365,1,0.0332122854807522,1,0.0286167645198751,8,0.0263190040394365,8,0.0240212435589979,32,0.0228723633187786,32,32,8,8,8,1,activation_whitened,1,1,4.097977160830438,8,1.2787676056433548,2,2,2,2.9616353709868366,4,1.250176419568593,2,1,1,4.097977160830438,8,1.2787676056433548,2,1,20260622_143414_stage4_sample_s109,source_runs/20260622_143414_stage4_sample_s109,sample_limited,109
41,observed_rank_sweep_minimum,observed_best_gap_v1,best_observed_validation_loss_on_tested_rank_grid,base_val_loss_minus_best_observed_val_loss,True,ok,6,6,1;2;4;8;16;32,0.2799635978714301,32,0.0375040098175981,0.0375040098175981,0.242459588053832,0.242459588053832,best_observed_validation_loss_on_tested_rank_grid,0.0143692057069763,0.2655943921644538,32,0.0423532015786747,16,0.0496269892202897,8,0.0617499686229813,8,0.0859959274283645,4,0.1587338038445141,4,0.1102418862337477,8,0.0859959274283644,8,0.0617499686229812,16,0.0496269892202897,16,16,16,8,8,7,activation_whitened,7,8,7.235842595383705,8,4.209133189060843,8,5,8,5.48365291011762,8,2.4902822072734083,4,7,8,7.235842595383705,8,4.209133189060843,8,8,20260622_143414_stage4_sample_s109,source_runs/20260622_143414_stage4_sample_s109,sample_limited,109
42,observed_rank_sweep_minimum,observed_best_gap_v1,best_observed_validation_loss_on_tested_rank_grid,base_val_loss_minus_best_observed_val_loss,True,ok,6,6,1;2;4;8;16;32,0.1807655557540441,32,0.0349441419517817,0.0349441419517817,0.1458214138022624,0.1458214138022624,best_observed_validation_loss_on_tested_rank_grid,0.0144164516919197,0.1663491040621244,16,0.0378605702278269,16,0.0422352126418948,8,0.0495262833320079,4,0.0641084247122341,2,0.1078548488529129,4,0.0786905660924604,4,0.0641084247122341,8,0.0495262833320079,16,0.0422352126418948,16,16,16,16,8,5,activation_whitened,5,8,5.6383363342953166,8,3.067440152109061,4,4,4,4.036924584079478,8,2.177139743642304,4,5,8,5.6383363342953166,8,3.067440152109061,4,8,20260622_143414_stage4_sample_s109,source_runs/20260622_143414_stage4_sample_s109,sample_limited,109
43,observed_rank_sweep_minimum,observed_best_gap_v1,best_observed_validation_loss_on_tested_rank_grid,base_val_loss_minus_best_observed_val_loss,True,ok,6,6,1;2;4;8;16;32,0.1500542129945563,32,0.0288085803208318,0.0288085803208318,0.1212456326737244,0.1212456326737244,best_observed_validation_loss_on_tested_rank_grid,0.0143548976927038,0.1356993153018525,32,0.0312334929743062,16,0.034870861954518,8,0.0409331435882042,4,0.0530577068555766,2,0.089431396657694,4,0.0651822701229491,4,0.0530577068555767,8,0.0409331435882042,16,0.034870861954518,16,16,8,8,8,3,activation_whitened,3,4,4.565879108113514,8,2.7017813405564843,4,3,4,4.009541101367775,8,2.168222502389043,4,3,4,4.565879108113514,8,2.7017813405564843,4,4,20260622_143414_stage4_sample_s109,source_runs/20260622_143414_stage4_sample_s109,sample_limited,109
44,observed_rank_sweep_minimum,observed_best_gap_v1,best_observed_validation_loss_on_tested_rank_grid,base_val_loss_minus_best_observed_val_loss,True,ok,6,6,1;2;4;8;16;32,0.2295201393961767,32,0.0240967307065236,0.0240967307065236,0.2054234086896531,0.2054234086896531,best_observed_validation_loss_on_tested_rank_grid,0.0144662852581776,0.2150538541379991,8,0.0282051988803166,4,0.0343679011410062,4,0.0446390715754889,4,0.0651814124444542,2,0.1268084350513501,4,0.0857237533134195,4,0.0651814124444542,4,0.0446390715754889,4,0.0343679011410062,16,8,8,4,4,4,activation_whitened,4,4,4.383339616399508,8,2.79924374649749,4,4,4,3.4208948502565004,4,1.901287121885276,2,4,4,4.383339616399508,8,2.79924374649749,4,4,20260622_143414_stage4_sample_s109,source_runs/20260622_143414_stage4_sample_s109,sample_limited,109
45,observed_rank_sweep_minimum,observed_best_gap_v1,best_observed_validation_loss_on_tested_rank_grid,base_val_loss_minus_best_observed_val_loss,True,ok,6,6,1;2;4;8;16;32,0.1105293231506165,32,0.0295159112270088,0.0295159112270088,0.0810134119236077,0.0810134119236077,best_observed_validation_loss_on_tested_rank_grid,0.014457678473039,0.0960716446775775,32,0.0311361794654809,32,0.0335665818231891,8,0.0376172524193695,4,0.0457185936117303,4,0.0700226171888126,4,0.0538199348040911,4,0.0457185936117303,8,0.0376172524193695,32,0.0335665818231891,32,32,8,8,8,4,activation_whitened,4,4,5.343488654283342,8,3.090373344798191,4,4,4,4.100203686731692,8,2.2502106632693697,4,4,4,5.343488654283342,8,3.090373344798191,4,4,20260622_143414_stage4_sample_s109,source_runs/20260622_143414_stage4_sample_s109,sample_limited,109
46,observed_rank_sweep_minimum,observed_best_gap_v1,best_observed_validation_loss_on_tested_rank_grid,base_val_loss_minus_best_observed_val_loss,True,ok,6,6,1;2;4;8;16;32,0.0999052355070719,32,0.0250846052130326,0.0250846052130326,0.0748206302940392,0.0748206302940392,best_observed_validation_loss_on_tested_rank_grid,0.0144232562888559,0.0854819792182159,32,0.0265810178189133,16,0.0288256367277345,8,0.0325666682424365,4,0.0400487312718404,2,0.0624949203600522,2,0.0475307943012443,4,0.0400487312718404,8,0.0325666682424365,16,0.0288256367277345,32,16,8,8,8,3,activation_whitened,3,4,4.160116186324468,8,2.230805354939964,4,3,4,3.0922289949729405,4,1.7954880564590063,2,3,4,4.160116186324468,8,2.230805354939964,4,4,20260622_143414_stage4_sample_s109,source_runs/20260622_143414_stage4_sample_s109,sample_limited,109
47,observed_rank_sweep_minimum,observed_best_gap_v1,best_observed_validation_loss_on_tested_rank_grid,base_val_loss_minus_best_observed_val_loss,True,ok,6,6,1;2;4;8;16;32,0.0977432503260839,32,0.01669879877956,0.01669879877956,0.0810444515465239,0.0810444515465239,best_observed_validation_loss_on_tested_rank_grid,0.0143592143621655,0.0833840359639184,1,0.0183196878104904,1,0.0207510213568861,1,0.0248032439342123,1,0.0329076890888647,1,0.0572210245528219,1,0.0410121342435171,1,0.0329076890888647,1,0.0248032439342123,1,0.0207510213568861,1,1,1,1,1,1,activation_whitened,1,1,1.618525561895675,2,1.064116767729695,2,1,1,1.201070853941234,2,1.0227388858268325,2,1,1,1.618525561895675,2,1.064116767729695,2,1,20260622_143414_stage4_sample_s109,source_runs/20260622_143414_stage4_sample_s109,sample_limited,109
0,observed_rank_sweep_minimum,observed_best_gap_v1,best_observed_validation_loss_on_tested_rank_grid,base_val_loss_minus_best_observed_val_loss,True,ok,6,6,1;2;4;8;16;32,0.1017795940608075,32,0.0301706640095682,0.0301706640095682,0.0716089300512393,0.0716089300512393,best_observed_validation_loss_on_tested_rank_grid,0.0144722315937638,0.0873073624670437,32,0.0316028426105929,8,0.0337511105121301,8,0.0373315570146921,8,0.044492450019816,2,0.0659751290351878,8,0.0516533430249399,8,0.044492450019816,8,0.0373315570146921,8,0.0337511105121301,8,8,8,8,8,3,activation_whitened,3,4,4.625875435427727,8,2.5125921124547865,4,3,4,3.283302844830935,4,1.6862879476622652,2,3,4,4.625875435427727,8,2.5125921124547865,4,4,20260622_143547_stage4_sample_s113,source_runs/20260622_143547_stage4_sample_s113,sample_limited,113
1,observed_rank_sweep_minimum,observed_best_gap_v1,best_observed_validation_loss_on_tested_rank_grid,base_val_loss_minus_best_observed_val_loss,True,ok,6,6,1;2;4;8;16;32,0.0472604321440259,32,0.0173674437116238,0.0173674437116238,0.0298929884324021,0.0298929884324021,best_observed_validation_loss_on_tested_rank_grid,0.014411804117688,0.0328486280263379,4,0.0179653034802718,1,0.0188620931332439,1,0.020356742554864,1,0.0233460413981042,1,0.0323139379278248,1,0.0263353402413444,1,0.0233460413981042,1,0.020356742554864,1,0.0188620931332439,4,4,1,1,1,1,activation_whitened,1,1,2.693410704495984,4,1.1637233683373946,2,1,1,1.765149276633789,2,1.0917360934774056,2,1,1,2.693410704495984,4,1.1637233683373946,2,1,20260622_143547_stage4_sample_s113,source_runs/20260622_143547_stage4_sample_s113,sample_limited,113
2,observed_rank_sweep_minimum,observed_best_gap_v1,best_observed_validation_loss_on_tested_rank_grid,base_val_loss_minus_best_observed_val_loss,True,ok,6,6,1;2;4;8;16;32,0.0836961617061232,32,0.0214068570903419,0.0214068570903419,0.0622893046157813,0.0622893046157813,best_observed_validation_loss_on_tested_rank_grid,0.0144221016664564,0.0692740600396668,16,0.0226526431826575,8,0.0245213223211309,2,0.02763578755192,2,0.0338647180134981,1,0.0525515093982325,2,0.0400936484750762,2,0.0338647180134981,2,0.02763578755192,8,0.0245213223211309,16,8,8,8,2,2,activation_whitened,2,2,3.578859900996791,4,1.824108999241876,2,2,2,2.064341370005307,4,1.3168807736540584,2,2,2,3.578859900996791,4,1.824108999241876,2,2,20260622_143547_stage4_sample_s113,source_runs/20260622_143547_stage4_sample_s113,sample_limited,113
3,observed_rank_sweep_minimum,observed_best_gap_v1,best_observed_validation_loss_on_tested_rank_grid,base_val_loss_minus_best_observed_val_loss,True,ok,6,6,1;2;4;8;16;32,0.2219863619403628,32,0.043288217485149,0.043288217485149,0.1786981444552138,0.1786981444552138,best_observed_validation_loss_on_tested_rank_grid,0.0144207076302594,0.2075656543101034,32,0.0468621803742532,16,0.0522231247079096,8,0.0611580319306703,4,0.0790278463761917,2,0.1326372897127559,2,0.0968976608217131,4,0.0790278463761917,8,0.0611580319306703,16,0.0522231247079096,32,16,8,8,8,7,activation_whitened,5,8,5.375144750551923,8,2.5372818001971607,4,3,4,3.446071150928279,4,1.7257945065740423,2,5,8,5.375144750551923,8,2.5372818001971607,4,8,20260622_143547_stage4_sample_s113,source_runs/20260622_143547_stage4_sample_s113,sample_limited,113
4,observed_rank_sweep_minimum,observed_best_gap_v1,best_observed_validation_loss_on_tested_rank_grid,base_val_loss_minus_best_observed_val_loss,True,ok,6,6,1;2;4;8;16;32,0.0792425977745161,32,0.0221592365880885,0.0221592365880885,0.0570833611864276,0.0570833611864276,best_observed_validation_loss_on_tested_rank_grid,0.0144333703840557,0.0648092273904604,16,0.023300903811817,8,0.0250134046474098,4,0.0278675727067312,2,0.033575908825374,1,0.0507009171813023,2,0.0392842449440167,2,0.033575908825374,4,0.0278675727067312,8,0.0250134046474098,16,8,8,8,4,2,activation_whitened,2,2,3.488676701451878,4,1.7323310118764996,2,2,2,2.225881073396101,4,1.3785451046272417,2,2,2,3.488676701451878,4,1.7323310118764996,2,2,20260622_143547_stage4_sample_s113,source_runs/20260622_143547_stage4_sample_s113,sample_limited,113
5,observed_rank_sweep_minimum,observed_best_gap_v1,best_observed_validation_loss_on_tested_rank_grid,base_val_loss_minus_best_observed_val_loss,True,ok,6,6,1;2;4;8;16;32,0.2119791678288285,32,0.0325818373950179,0.0325818373950179,0.1793973304338106,0.1793973304338106,best_observed_validation_loss_on_tested_rank_grid,0.0144170847662975,0.197562083062531,32,0.0361697840036941,16,0.0415517039167084,8,0.0505215704383989,8,0.06846130348178,2,0.1222805026119232,4,0.0864010365251611,8,0.06846130348178,8,0.0505215704383989,16,0.0415517039167084,32,16,8,8,8,5,activation_whitened,5,8,5.572265084901114,8,3.0380773702093617,4,5,8,4.157574049005128,8,1.972488580995912,2,5,8,5.572265084901114,8,3.0380773702093617,4,8,20260622_143547_stage4_sample_s113,source_runs/20260622_143547_stage4_sample_s113,sample_limited,113
6,observed_rank_sweep_minimum,observed_best_gap_v1,best_observed_validation_loss_on_tested_rank_grid,base_val_loss_minus_best_observed_val_loss,True,ok,6,6,1;2;4;8;16;32,0.3380327343463052,32,0.0442812831439275,0.0442812831439275,0.2937514512023777,0.2937514512023777,best_observed_validation_loss_on_tested_rank_grid,0.0144438844073254,0.3235888499389798,32,0.050156312167975,16,0.0589688557040463,8,0.0736564282641652,4,0.103031573384403,2,0.1911570087451163,4,0.1324067185046408,4,0.103031573384403,8,0.0736564282641652,16,0.0589688557040463,32,16,16,8,8,7,activation_whitened,7,8,5.810733314069137,8,2.669319580950274,4,3,4,3.673508845816993,4,1.7607374191909912,2,7,8,5.810733314069137,8,2.669319580950274,4,8,20260622_143547_stage4_sample_s113,source_runs/20260622_143547_stage4_sample_s113,sample_limited,113
7,observed_rank_sweep_minimum,observed_best_gap_v1,best_observed_validation_loss_on_tested_rank_grid,base_val_loss_minus_best_observed_val_loss,True,ok,6,6,1;2;4;8;16;32,0.0610635000589855,32,0.0189043443817331,0.0189043443817331,0.0421591556772524,0.0421591556772524,best_observed_validation_loss_on_tested_rank_grid,0.0143603841103156,0.0467031159486698,8,0.0197475274952781,1,0.0210123021655957,1,0.0231202599494583,1,0.0273361755171835,1,0.0399839222203593,1,0.0315520910849088,1,0.0273361755171835,1,0.0231202599494583,1,0.0210123021655957,8,1,1,1,1,1,activation_whitened,1,1,2.658269857092118,4,1.1734810577006645,2,1,1,1.7020622576713726,2,1.102661901329655,2,1,1,2.658269857092118,4,1.1734810577006645,2,1,20260622_143547_stage4_sample_s113,source_runs/20260622_143547_stage4_sample_s113,sample_limited,113
8,observed_rank_sweep_minimum,observed_best_gap_v1,best_observed_validation_loss_on_tested_rank_grid,base_val_loss_minus_best_observed_val_loss,True,ok,6,6,1;2;4;8;16;32,0.0737297759315005,32,0.025531361420152,0.025531361420152,0.0481984145113485,0.0481984145113485,best_observed_validation_loss_on_tested_rank_grid,0.0144198127132318,0.0593099632182687,32,0.0264953297103789,16,0.0279412821457194,8,0.0303512028712868,4,0.0351710443224217,2,0.0496305686758262,4,0.0399908857735565,4,0.0351710443224217,8,0.0303512028712868,16,0.0279412821457194,32,8,8,8,8,2,activation_whitened,2,2,4.654908630571504,8,2.0727962164560694,4,2,2,3.1340063741147746,4,1.718283184798678,2,2,2,4.654908630571504,8,2.0727962164560694,4,2,20260622_143547_stage4_sample_s113,source_runs/20260622_143547_stage4_sample_s113,sample_limited,113
9,observed_rank_sweep_minimum,observed_best_gap_v1,best_observed_validation_loss_on_tested_rank_grid,base_val_loss_minus_best_observed_val_loss,True,ok,6,6,1;2;4;8;16;32,0.1646330014579015,32,0.0215923112034888,0.0215923112034888,0.1430406902544126,0.1430406902544126,best_observed_validation_loss_on_tested_rank_grid,0.0144768392435911,0.1501561622143103,2,0.024453125008577,2,0.0287443457162094,2,0.03589638022893,2,0.0502004492543713,2,0.0931126563306951,2,0.0645045182798126,2,0.0502004492543713,2,0.03589638022893,2,0.0287443457162094,2,2,2,2,2,2,activation_whitened,2,2,2.8676189750379244,4,1.9889997116034712,2,2,2,2.0286489533642817,4,1.369048800624852,2,2,2,2.8676189750379244,4,1.9889997116034712,2,2,20260622_143547_stage4_sample_s113,source_runs/20260622_143547_stage4_sample_s113,sample_limited,113
10,observed_rank_sweep_minimum,observed_best_gap_v1,best_observed_validation_loss_on_tested_rank_grid,base_val_loss_minus_best_observed_val_loss,True,ok,6,6,1;2;4;8;16;32,0.1522985449419942,32,0.0407652660961163,0.0407652660961163,0.1115332788458779,0.1115332788458779,best_observed_validation_loss_on_tested_rank_grid,0.0144289191115958,0.1378696258303984,32,0.0429959316730338,32,0.0463419300384101,16,0.051918593980704,4,0.0630719218652918,2,0.0965319055190552,4,0.0742252497498796,4,0.0630719218652918,16,0.051918593980704,32,0.0463419300384102,32,32,16,16,16,6,activation_whitened,6,8,6.628585613403857,8,3.848482781669626,4,3,4,4.403205054626597,8,2.0794832923490145,4,6,8,6.628585613403857,8,3.848482781669626,4,8,20260622_143547_stage4_sample_s113,source_runs/20260622_143547_stage4_sample_s113,sample_limited,113
11,observed_rank_sweep_minimum,observed_best_gap_v1,best_observed_validation_loss_on_tested_rank_grid,base_val_loss_minus_best_observed_val_loss,True,ok,6,6,1;2;4;8;16;32,0.0348463194231243,32,0.0185019259435572,0.0185019259435572,0.0163443934795671,0.0163443934795671,best_observed_validation_loss_on_tested_rank_grid,0.0143764801110639,0.0204698393120604,32,0.0188288138131485,16,0.0193191456175355,8,0.0201363652915139,1,0.0217708046394706,1,0.0266741226833407,1,0.0234052439874273,1,0.0217708046394706,8,0.0201363652915139,16,0.0193191456175355,32,16,16,4,4,1,activation_whitened,1,1,4.3361937169022005,8,1.2849944561104374,2,1,1,2.32299844162419,4,1.1435093791537652,2,1,1,4.3361937169022005,8,1.2849944561104374,2,1,20260622_143547_stage4_sample_s113,source_runs/20260622_143547_stage4_sample_s113,sample_limited,113
12,observed_rank_sweep_minimum,observed_best_gap_v1,best_observed_validation_loss_on_tested_rank_grid,base_val_loss_minus_best_observed_val_loss,True,ok,6,6,1;2;4;8;16;32,0.160729520438097,32,0.0201155976648615,0.0201155976648615,0.1406139227732354,0.1406139227732354,best_observed_validation_loss_on_tested_rank_grid,0.0143880131569914,0.1463415072811056,4,0.0229278761203262,4,0.0271462938035232,2,0.034176989942185,2,0.0482383822195086,1,0.0904225590514792,2,0.0622997744968321,2,0.0482383822195086,2,0.034176989942185,4,0.0271462938035232,4,4,4,4,4,2,activation_whitened,2,2,2.6913042910242737,4,1.6142310283414696,2,2,2,2.1419655062724017,4,1.4471546440905234,2,2,2,2.6913042910242737,4,1.6142310283414696,2,2,20260622_143547_stage4_sample_s113,source_runs/20260622_143547_stage4_sample_s113,sample_limited,113
13,observed_rank_sweep_minimum,observed_best_gap_v1,best_observed_validation_loss_on_tested_rank_grid,base_val_loss_minus_best_observed_val_loss,True,ok,6,6,1;2;4;8;16;32,0.231251272115283,32,0.0459952962756479,0.0459952962756479,0.1852559758396351,0.1852559758396351,best_observed_validation_loss_on_tested_rank_grid,0.0144009360247678,0.2168503360905152,32,0.0497004157924406,16,0.0552580950676296,4,0.0645208938596114,4,0.0830464914435749,2,0.1386232841954654,4,0.1015720890275384,4,0.0830464914435749,4,0.0645208938596114,16,0.0552580950676296,32,16,4,4,4,7,activation_whitened,6,8,5.560583148841967,8,2.3786210983467275,4,4,4,3.840575863558588,4,1.9210476519249715,2,6,8,5.560583148841967,8,2.3786210983467275,4,8,20260622_143547_stage4_sample_s113,source_runs/20260622_143547_stage4_sample_s113,sample_limited,113
14,observed_rank_sweep_minimum,observed_best_gap_v1,best_observed_validation_loss_on_tested_rank_grid,base_val_loss_minus_best_observed_val_loss,True,ok,6,6,1;2;4;8;16;32,0.1046003338615657,32,0.0501427629273378,0.0501427629273378,0.0544575709342279,0.0544575709342279,best_observed_validation_loss_on_tested_rank_grid,0.0143787472530887,0.090221586608477,32,0.0512319143460223,32,0.0528656414740491,16,0.0555885200207605,8,0.0610342771141833,4,0.0773715483944517,8,0.0664800342076061,8,0.0610342771141833,16,0.0555885200207605,32,0.0528656414740491,32,32,32,16,16,8,activation_whitened,7,8,8.200709066490578,16,3.2177236614268896,4,7,8,7.31530990065077,8,3.69545716480146,4,7,8,8.200709066490578,16,3.2177236614268896,4,8,20260622_143547_stage4_sample_s113,source_runs/20260622_143547_stage4_sample_s113,sample_limited,113
15,observed_rank_sweep_minimum,observed_best_gap_v1,best_observed_validation_loss_on_tested_rank_grid,base_val_loss_minus_best_observed_val_loss,True,ok,6,6,1;2;4;8;16;32,0.0685354888096772,32,0.028140636895815,0.028140636895815,0.0403948519138622,0.0403948519138622,best_observed_validation_loss_on_tested_rank_grid,0.0143755308834071,0.0541599579262701,32,0.0289485339340922,16,0.0301603794915081,8,0.0321801220872012,4,0.0362196072785874,2,0.0483380628527461,2,0.0402590924699736,4,0.0362196072785874,8,0.0321801220872012,16,0.0301603794915081,32,16,8,8,4,3,activation_whitened,3,4,4.915393211210736,8,2.138858116120195,4,3,4,2.9125977938214067,4,1.614895284443468,2,3,4,4.915393211210736,8,2.138858116120195,4,4,20260622_143547_stage4_sample_s113,source_runs/20260622_143547_stage4_sample_s113,sample_limited,113
16,observed_rank_sweep_minimum,observed_best_gap_v1,best_observed_validation_loss_on_tested_rank_grid,base_val_loss_minus_best_observed_val_loss,True,ok,6,6,1;2;4;8;16;32,0.2764542087382025,32,0.0325552312652184,0.0325552312652184,0.243898977472984,0.243898977472984,best_observed_validation_loss_on_tested_rank_grid,0.0143899170314251,0.2620642917067773,16,0.037433210814678,8,0.0447501801388676,8,0.0569451290125168,4,0.0813350267598152,2,0.1545047200017104,4,0.1057249245071136,4,0.0813350267598151,8,0.0569451290125168,8,0.0447501801388676,16,8,8,8,8,5,activation_whitened,5,8,5.690359028191266,8,3.4982683461287696,4,5,8,4.097464287819088,8,1.9404535205917268,2,5,8,5.690359028191266,8,3.4982683461287696,4,8,20260622_143547_stage4_sample_s113,source_runs/20260622_143547_stage4_sample_s113,sample_limited,113
17,observed_rank_sweep_minimum,observed_best_gap_v1,best_observed_validation_loss_on_tested_rank_grid,base_val_loss_minus_best_observed_val_loss,True,ok,6,6,1;2;4;8;16;32,0.090659675954884,32,0.0213616961995982,0.0213616961995982,0.0692979797552858,0.0692979797552858,best_observed_validation_loss_on_tested_rank_grid,0.0143597309488496,0.0762999450060344,16,0.0227476557947039,8,0.0248265951873624,4,0.0282914941751267,2,0.0352212921506553,1,0.0560106860772411,2,0.0421510901261839,2,0.0352212921506553,4,0.0282914941751267,8,0.0248265951873624,16,8,8,4,4,2,activation_whitened,2,2,3.0233792599443525,4,1.6442182178147084,2,2,2,2.432371775268637,4,1.5797350640737415,2,2,2,3.0233792599443525,4,1.6442182178147084,2,2,20260622_143547_stage4_sample_s113,source_runs/20260622_143547_stage4_sample_s113,sample_limited,113
18,observed_rank_sweep_minimum,observed_best_gap_v1,best_observed_validation_loss_on_tested_rank_grid,base_val_loss_minus_best_observed_val_loss,True,ok,6,6,1;2;4;8;16;32,0.099796678192127,32,0.0443971542079946,0.0443971542079946,0.0553995239841323,0.0553995239841323,best_observed_validation_loss_on_tested_rank_grid,0.0144072689368672,0.0853894092552598,32,0.0455051446876772,32,0.0471671304072012,16,0.0499371066064078,4,0.055477059004821,2,0.0720969162000608,4,0.0610170114032343,4,0.055477059004821,16,0.0499371066064078,32,0.0471671304072012,32,32,16,16,4,6,activation_whitened,6,8,7.319324873604052,8,3.74579678177105,4,4,4,4.821438038648076,8,2.624277431695241,4,6,8,7.319324873604052,8,3.74579678177105,4,8,20260622_143547_stage4_sample_s113,source_runs/20260622_143547_stage4_sample_s113,sample_limited,113
19,observed_rank_sweep_minimum,observed_best_gap_v1,best_observed_validation_loss_on_tested_rank_grid,base_val_loss_minus_best_observed_val_loss,True,ok,6,6,1;2;4;8;16;32,0.1274362153680945,32,0.0374054038328702,0.0374054038328702,0.0900308115352243,0.0900308115352243,best_observed_validation_loss_on_tested_rank_grid,0.0143586868224648,0.1130775285456296,32,0.0392060200635746,16,0.0419069444096314,16,0.0464084849863926,8,0.055411566139915,1,0.0824208096004823,4,0.0644146472934374,8,0.055411566139915,16,0.0464084849863926,16,0.0419069444096314,32,16,16,16,16,6,activation_whitened,6,8,5.717269597489754,8,2.330275257864803,4,4,4,4.161502317077314,8,1.850495187033987,2,6,8,5.717269597489754,8,2.330275257864803,4,8,20260622_143547_stage4_sample_s113,source_runs/20260622_143547_stage4_sample_s113,sample_limited,113
20,observed_rank_sweep_minimum,observed_best_gap_v1,best_observed_validation_loss_on_tested_rank_grid,base_val_loss_minus_best_observed_val_loss,True,ok,6,6,1;2;4;8;16;32,0.3416790845325772,32,0.0305550835926695,0.0305550835926695,0.3111240009399077,0.3111240009399077,best_observed_validation_loss_on_tested_rank_grid,0.0144112990456378,0.3272677854869394,8,0.0367775636114676,4,0.0461112836396648,4,0.0616674836866602,4,0.092779883780651,2,0.1861170840626233,4,0.1238922838746418,4,0.092779883780651,4,0.0616674836866602,4,0.0461112836396648,8,8,8,8,4,4,activation_whitened,4,4,4.94597162645483,8,3.275190376178585,4,4,4,3.9211506989742544,4,2.108681832909053,4,4,4,4.94597162645483,8,3.275190376178585,4,4,20260622_143547_stage4_sample_s113,source_runs/20260622_143547_stage4_sample_s113,sample_limited,113
21,observed_rank_sweep_minimum,observed_best_gap_v1,best_observed_validation_loss_on_tested_rank_grid,base_val_loss_minus_best_observed_val_loss,True,ok,6,6,1;2;4;8;16;32,0.2260754342854412,32,0.0494768174362098,0.0494768174362098,0.1765986168492314,0.1765986168492314,best_observed_validation_loss_on_tested_rank_grid,0.0143588286613157,0.2117166056241254,32,0.0530087897731944,32,0.0583067482786713,16,0.0671366791211329,8,0.084796540806056,4,0.1377761258608255,8,0.1024564024909792,8,0.084796540806056,16,0.0671366791211329,32,0.0583067482786713,32,32,8,8,8,8,activation_whitened,8,8,8.242957666943497,16,4.249405890299511,8,6,8,5.699230122396664,8,2.25794203820303,4,8,8,8.242957666943497,16,4.249405890299511,8,8,20260622_143547_stage4_sample_s113,source_runs/20260622_143547_stage4_sample_s113,sample_limited,113
22,observed_rank_sweep_minimum,observed_best_gap_v1,best_observed_validation_loss_on_tested_rank_grid,base_val_loss_minus_best_observed_val_loss,True,ok,6,6,1;2;4;8;16;32,0.0805023328756039,32,0.0271481279913114,0.0271481279913114,0.0533542048842925,0.0533542048842925,best_observed_validation_loss_on_tested_rank_grid,0.0143848136868141,0.0661175191887898,32,0.0282152120889972,16,0.029815838235526,8,0.0324835484797406,4,0.0378189689681699,1,0.0538252304334576,4,0.0431543894565991,4,0.0378189689681699,8,0.0324835484797406,16,0.029815838235526,32,16,16,8,8,3,activation_whitened,3,4,4.264984594200246,8,2.0073203236603687,4,3,4,3.292874787134958,4,1.838051670782848,2,3,4,4.264984594200246,8,2.0073203236603687,4,4,20260622_143547_stage4_sample_s113,source_runs/20260622_143547_stage4_sample_s113,sample_limited,113
23,observed_rank_sweep_minimum,observed_best_gap_v1,best_observed_validation_loss_on_tested_rank_grid,base_val_loss_minus_best_observed_val_loss,True,ok,6,6,1;2;4;8;16;32,0.1604350457267927,32,0.0484015874284097,0.0484015874284097,0.112033458298383,0.112033458298383,best_observed_validation_loss_on_tested_rank_grid,0.0144147465675208,0.1460202991592719,32,0.0506422565943773,32,0.0540032603433288,8,0.059604933258248,8,0.0708082790880863,2,0.1044183165776012,4,0.0820116249179246,8,0.0708082790880862,8,0.0596049332582479,32,0.0540032603433288,32,32,8,8,8,7,activation_whitened,7,8,7.564724888446056,8,3.797954310364533,4,5,8,5.251101584972247,8,2.454927634629747,4,7,8,7.564724888446056,8,3.797954310364533,4,8,20260622_143547_stage4_sample_s113,source_runs/20260622_143547_stage4_sample_s113,sample_limited,113
24,observed_rank_sweep_minimum,observed_best_gap_v1,best_observed_validation_loss_on_tested_rank_grid,base_val_loss_minus_best_observed_val_loss,True,ok,6,6,1;2;4;8;16;32,0.126345907512355,32,0.0407657666899223,0.0407657666899223,0.0855801408224327,0.0855801408224327,best_observed_validation_loss_on_tested_rank_grid,0.0143841193479602,0.1119617881643948,32,0.0424773695063709,32,0.0450447737310439,32,0.0493237807721655,8,0.0578817948544088,2,0.0835558371011386,8,0.0664398089366521,8,0.0578817948544088,32,0.0493237807721655,32,0.0450447737310439,32,32,32,32,8,5,activation_whitened,5,8,6.435216536576584,8,2.967155753485869,4,5,8,4.683475224542095,8,2.170925877348909,4,5,8,6.435216536576584,8,2.967155753485869,4,8,20260622_143547_stage4_sample_s113,source_runs/20260622_143547_stage4_sample_s113,sample_limited,113
25,observed_rank_sweep_minimum,observed_best_gap_v1,best_observed_validation_loss_on_tested_rank_grid,base_val_loss_minus_best_observed_val_loss,True,ok,6,6,1;2;4;8;16;32,0.3216313074512991,32,0.0485332694193087,0.0485332694193087,0.2730980380319904,0.2730980380319904,best_observed_validation_loss_on_tested_rank_grid,0.0143918719458872,0.3072394355054119,32,0.0539952301799485,16,0.0621881713209082,8,0.0758430732225077,8,0.1031528770257067,4,0.1850822884353039,4,0.1304626808289058,8,0.1031528770257067,8,0.0758430732225077,16,0.0621881713209082,16,16,16,16,16,8,activation_whitened,8,8,7.531364604039162,8,3.9032950125748864,4,4,4,4.7008754633815535,8,1.944128940862278,2,8,8,7.531364604039162,8,3.9032950125748864,4,8,20260622_143547_stage4_sample_s113,source_runs/20260622_143547_stage4_sample_s113,sample_limited,113
26,observed_rank_sweep_minimum,observed_best_gap_v1,best_observed_validation_loss_on_tested_rank_grid,base_val_loss_minus_best_observed_val_loss,True,ok,6,6,1;2;4;8;16;32,0.1797881341008249,32,0.0336915938975952,0.0336915938975952,0.1460965402032297,0.1460965402032297,best_observed_validation_loss_on_tested_rank_grid,0.0144285018617761,0.1653596322390488,32,0.0366135247016597,8,0.0409964209077566,8,0.0483012479179181,8,0.0629109019382411,2,0.10673986399921,4,0.0775205559585641,8,0.0629109019382411,8,0.0483012479179181,8,0.0409964209077566,32,8,8,8,8,5,activation_whitened,5,8,5.620812471508559,8,2.7458025046416763,4,5,8,4.046759732558416,8,1.9043063660676705,2,5,8,5.620812471508559,8,2.7458025046416763,4,8,20260622_143547_stage4_sample_s113,source_runs/20260622_143547_stage4_sample_s113,sample_limited,113
27,observed_rank_sweep_minimum,observed_best_gap_v1,best_observed_validation_loss_on_tested_rank_grid,base_val_loss_minus_best_observed_val_loss,True,ok,6,6,1;2;4;8;16;32,0.0441300546180616,32,0.0201289908502079,0.0201289908502079,0.0240010637678536,0.0240010637678536,best_observed_validation_loss_on_tested_rank_grid,0.0144853364957447,0.0296447181223168,16,0.0206090121255649,2,0.0213290440386005,2,0.0225290972269932,2,0.0249292036037786,1,0.0321295227341347,2,0.027329309980564,2,0.0249292036037786,2,0.0225290972269932,2,0.0213290440386005,16,2,2,2,2,1,activation_whitened,1,1,3.588623719182216,4,1.246644581372487,2,2,2,1.9377500374534824,2,1.132308106869262,2,1,1,3.588623719182216,4,1.246644581372487,2,1,20260622_143547_stage4_sample_s113,source_runs/20260622_143547_stage4_sample_s113,sample_limited,113
28,observed_rank_sweep_minimum,observed_best_gap_v1,best_observed_validation_loss_on_tested_rank_grid,base_val_loss_minus_best_observed_val_loss,True,ok,6,6,1;2;4;8;16;32,0.083028740577052,32,0.0305963165326972,0.0305963165326972,0.0524324240443547,0.0524324240443547,best_observed_validation_loss_on_tested_rank_grid,0.0144000204203964,0.0686287201566556,32,0.0316449650135843,32,0.0332179377349149,16,0.0358395589371326,2,0.0410828013415681,1,0.0568125285548746,2,0.0463260437460036,2,0.0410828013415681,16,0.0358395589371326,32,0.0332179377349149,32,32,16,16,8,3,activation_whitened,3,4,4.764206670731733,8,2.0636495062156524,4,2,2,2.351714870653169,4,1.3026893446798526,2,3,4,4.764206670731733,8,2.0636495062156524,4,4,20260622_143547_stage4_sample_s113,source_runs/20260622_143547_stage4_sample_s113,sample_limited,113
29,observed_rank_sweep_minimum,observed_best_gap_v1,best_observed_validation_loss_on_tested_rank_grid,base_val_loss_minus_best_observed_val_loss,True,ok,6,6,1;2;4;8;16;32,0.2339250906837307,32,0.0438240740949415,0.0438240740949415,0.1901010165887892,0.1901010165887892,best_observed_validation_loss_on_tested_rank_grid,0.0144145516424536,0.2195105390412771,32,0.0476260944267172,16,0.0533291249243809,8,0.0628341757538204,4,0.0818442774126993,2,0.1388745823893361,4,0.1008543790715782,4,0.0818442774126993,8,0.0628341757538204,16,0.0533291249243809,16,16,8,8,8,6,activation_whitened,6,8,6.288292726217472,8,3.436639076975582,4,5,8,4.645895745190631,8,2.37673807674334,4,6,8,6.288292726217472,8,3.436639076975582,4,8,20260622_143547_stage4_sample_s113,source_runs/20260622_143547_stage4_sample_s113,sample_limited,113
30,observed_rank_sweep_minimum,observed_best_gap_v1,best_observed_validation_loss_on_tested_rank_grid,base_val_loss_minus_best_observed_val_loss,True,ok,6,6,1;2;4;8;16;32,0.0572277841493819,32,0.021032325330132,0.021032325330132,0.0361954588192499,0.0361954588192499,best_observed_validation_loss_on_tested_rank_grid,0.014433641003921,0.0427941431454609,16,0.0217562345065169,2,0.0228420982710944,2,0.0246518712120569,1,0.0282714170939819,1,0.0391300547397569,1,0.0318909629759069,1,0.0282714170939819,2,0.0246518712120569,2,0.0228420982710944,16,8,2,2,2,1,activation_whitened,1,1,2.965770182682839,4,1.2019442644951277,2,1,1,1.996975070776989,2,1.130640148216844,2,1,1,2.965770182682839,4,1.2019442644951277,2,1,20260622_143547_stage4_sample_s113,source_runs/20260622_143547_stage4_sample_s113,sample_limited,113
31,observed_rank_sweep_minimum,observed_best_gap_v1,best_observed_validation_loss_on_tested_rank_grid,base_val_loss_minus_best_observed_val_loss,True,ok,6,6,1;2;4;8;16;32,0.0950569682840332,32,0.0319696351642208,0.0319696351642208,0.0630873331198124,0.0630873331198124,best_observed_validation_loss_on_tested_rank_grid,0.0144426723056392,0.080614295978394,32,0.033231381826617,16,0.0351240018202114,16,0.038278368476202,8,0.0445871017881832,4,0.063513301724127,4,0.0508958351001645,8,0.0445871017881832,16,0.038278368476202,16,0.0351240018202114,32,16,16,16,16,4,activation_whitened,4,4,6.06061245684759,8,3.2039686972367885,4,4,4,4.598404226362175,8,2.272989003491067,4,4,4,6.06061245684759,8,3.2039686972367885,4,4,20260622_143547_stage4_sample_s113,source_runs/20260622_143547_stage4_sample_s113,sample_limited,113
32,observed_rank_sweep_minimum,observed_best_gap_v1,best_observed_validation_loss_on_tested_rank_grid,base_val_loss_minus_best_observed_val_loss,True,ok,6,6,1;2;4;8;16;32,0.1354449621693882,32,0.0374835865011387,0.0374835865011387,0.0979613756682495,0.0979613756682495,best_observed_validation_loss_on_tested_rank_grid,0.014385118671996,0.1210598434973922,32,0.0394428140145036,16,0.0423816552845511,8,0.0472797240679636,4,0.0570758616347886,1,0.0864642743352634,2,0.0668719992016135,4,0.0570758616347885,8,0.0472797240679636,16,0.0423816552845511,32,16,16,8,8,5,activation_whitened,5,8,4.9856296711878025,8,2.1441839712960022,4,3,4,3.55171395618521,4,1.8557492048507016,2,5,8,4.9856296711878025,8,2.1441839712960022,4,8,20260622_143547_stage4_sample_s113,source_runs/20260622_143547_stage4_sample_s113,sample_limited,113
33,observed_rank_sweep_minimum,observed_best_gap_v1,best_observed_validation_loss_on_tested_rank_grid,base_val_loss_minus_best_observed_val_loss,True,ok,6,6,1;2;4;8;16;32,0.072509866903022,32,0.0258820810701321,0.0258820810701321,0.0466277858328899,0.0466277858328899,best_observed_validation_loss_on_tested_rank_grid,0.0144318145967744,0.0580780523062475,32,0.0268146367867898,16,0.0282134703617765,8,0.030544859653421,2,0.03520763823671,2,0.049195973986577,2,0.039870416819999,2,0.03520763823671,8,0.030544859653421,16,0.0282134703617765,16,16,16,8,8,2,activation_whitened,2,2,4.104664016139135,8,2.0995767117663777,4,2,2,3.3474234915886774,4,1.985316034830141,2,2,2,4.104664016139135,8,2.0995767117663777,4,2,20260622_143547_stage4_sample_s113,source_runs/20260622_143547_stage4_sample_s113,sample_limited,113
34,observed_rank_sweep_minimum,observed_best_gap_v1,best_observed_validation_loss_on_tested_rank_grid,base_val_loss_minus_best_observed_val_loss,True,ok,6,6,1;2;4;8;16;32,0.0842113027209713,32,0.0317300338851009,0.0317300338851009,0.0524812688358704,0.0524812688358704,best_observed_validation_loss_on_tested_rank_grid,0.0143313361009708,0.0698799666200005,32,0.0327796592618183,16,0.0343540973268944,8,0.0369781607686879,4,0.0422262876522749,2,0.0579706683030361,2,0.047474414535862,4,0.0422262876522749,8,0.0369781607686879,16,0.0343540973268944,32,16,16,8,8,4,activation_whitened,4,4,5.7563882636001695,8,2.8958437288044654,4,4,4,3.9145257386487047,4,2.240495736675966,4,4,4,5.7563882636001695,8,2.8958437288044654,4,4,20260622_143547_stage4_sample_s113,source_runs/20260622_143547_stage4_sample_s113,sample_limited,113
35,observed_rank_sweep_minimum,observed_best_gap_v1,best_observed_validation_loss_on_tested_rank_grid,base_val_loss_minus_best_observed_val_loss,True,ok,6,6,1;2;4;8;16;32,0.2700591263725191,32,0.0445109102939601,0.0445109102939601,0.225548216078559,0.225548216078559,best_observed_validation_loss_on_tested_rank_grid,0.0143710621380373,0.2556880642344818,32,0.0490218746155312,16,0.055788321097888,8,0.067065731901816,8,0.0896205535096719,4,0.1572850183332396,4,0.1121753751175278,8,0.0896205535096718,8,0.067065731901816,16,0.055788321097888,16,16,16,16,8,7,activation_whitened,7,8,7.392276371790233,8,3.883293998476256,4,6,8,5.609863458760261,8,2.6992448226802845,4,7,8,7.392276371790233,8,3.883293998476256,4,8,20260622_143547_stage4_sample_s113,source_runs/20260622_143547_stage4_sample_s113,sample_limited,113
36,observed_rank_sweep_minimum,observed_best_gap_v1,best_observed_validation_loss_on_tested_rank_grid,base_val_loss_minus_best_observed_val_loss,True,ok,6,6,1;2;4;8;16;32,0.0371551123804582,32,0.0192348244239791,0.0192348244239791,0.017920287956479,0.017920287956479,best_observed_validation_loss_on_tested_rank_grid,0.014367569033127,0.0227875433473312,32,0.0195932301831086,8,0.020130838821803,8,0.021026853219627,4,0.0228188820152749,4,0.0281949684022186,4,0.0246109108109228,4,0.0228188820152749,8,0.021026853219627,8,0.020130838821803,32,8,8,8,8,1,activation_whitened,1,1,3.668311906119302,4,1.234238823333539,2,1,1,2.324401283604726,4,1.1454690009734656,2,1,1,3.668311906119302,4,1.234238823333539,2,1,20260622_143547_stage4_sample_s113,source_runs/20260622_143547_stage4_sample_s113,sample_limited,113
37,observed_rank_sweep_minimum,observed_best_gap_v1,best_observed_validation_loss_on_tested_rank_grid,base_val_loss_minus_best_observed_val_loss,True,ok,6,6,1;2;4;8;16;32,0.1231525911387998,32,0.0337674899063289,0.0337674899063289,0.0893851012324709,0.0893851012324709,best_observed_validation_loss_on_tested_rank_grid,0.0143774222220101,0.1087751689167896,32,0.0355551919309783,16,0.0382367449679524,4,0.0427060000295759,2,0.051644510152823,1,0.0784600405225643,2,0.0605830202760701,2,0.051644510152823,4,0.0427060000295759,16,0.0382367449679524,32,8,8,8,4,5,activation_whitened,3,4,4.520992449366974,8,1.912531075878258,2,1,1,1.933531698143474,2,1.1915843836292768,2,3,4,4.520992449366974,8,1.912531075878258,2,4,20260622_143547_stage4_sample_s113,source_runs/20260622_143547_stage4_sample_s113,sample_limited,113
38,observed_rank_sweep_minimum,observed_best_gap_v1,best_observed_validation_loss_on_tested_rank_grid,base_val_loss_minus_best_observed_val_loss,True,ok,6,6,1;2;4;8;16;32,0.2097895701373884,32,0.0352249682661472,0.0352249682661472,0.1745646018712411,0.1745646018712411,best_observed_validation_loss_on_tested_rank_grid,0.0143729529901943,0.195416617147194,16,0.038716260303572,16,0.0439531983597092,8,0.0526814284532713,4,0.0701378886403954,1,0.1225072692017678,4,0.0875943488275195,4,0.0701378886403954,8,0.0526814284532713,16,0.0439531983597092,16,16,16,8,8,7,activation_whitened,4,4,4.682062305381868,8,1.9634225616586696,2,3,4,2.7071624005947115,4,1.37463115533005,2,4,4,4.682062305381868,8,1.9634225616586696,2,4,20260622_143547_stage4_sample_s113,source_runs/20260622_143547_stage4_sample_s113,sample_limited,113
39,observed_rank_sweep_minimum,observed_best_gap_v1,best_observed_validation_loss_on_tested_rank_grid,base_val_loss_minus_best_observed_val_loss,True,ok,6,6,1;2;4;8;16;32,0.0515718923982345,32,0.0170664502190261,0.0170664502190261,0.0345054421792084,0.0345054421792084,best_observed_validation_loss_on_tested_rank_grid,0.0144220020392747,0.0371498903589598,4,0.0177565590626102,2,0.0187917223279865,2,0.0205169944369469,1,0.0239675386548677,1,0.0343191713086303,1,0.0274180828727886,1,0.0239675386548677,2,0.0205169944369469,2,0.0187917223279865,4,4,4,4,4,1,activation_whitened,1,1,2.606034804846849,4,1.1555205308863414,2,1,1,1.4969492029006162,2,1.0576733171357278,2,1,1,2.606034804846849,4,1.1555205308863414,2,1,20260622_143547_stage4_sample_s113,source_runs/20260622_143547_stage4_sample_s113,sample_limited,113
40,observed_rank_sweep_minimum,observed_best_gap_v1,best_observed_validation_loss_on_tested_rank_grid,base_val_loss_minus_best_observed_val_loss,True,ok,6,6,1;2;4;8;16;32,0.1694248648525132,32,0.0358940093377418,0.0358940093377418,0.1335308555147714,0.1335308555147714,best_observed_validation_loss_on_tested_rank_grid,0.0144136053448249,0.1550112595076883,16,0.0385646264480372,8,0.0425705521134803,4,0.0492470948892189,4,0.062600180440696,2,0.1026594370951275,4,0.0759532659921732,4,0.062600180440696,4,0.0492470948892189,8,0.0425705521134803,16,8,8,8,4,7,activation_whitened,4,4,5.466625733349997,8,2.767357012514951,4,4,4,4.348315764751709,8,2.57858858781044,4,4,4,5.466625733349997,8,2.767357012514951,4,4,20260622_143547_stage4_sample_s113,source_runs/20260622_143547_stage4_sample_s113,sample_limited,113
41,observed_rank_sweep_minimum,observed_best_gap_v1,best_observed_validation_loss_on_tested_rank_grid,base_val_loss_minus_best_observed_val_loss,True,ok,6,6,1;2;4;8;16;32,0.1464263673186556,32,0.0392210495847047,0.0392210495847047,0.1072053177339509,0.1072053177339509,best_observed_validation_loss_on_tested_rank_grid,0.0143739780768616,0.132052389241794,32,0.0413651559393837,16,0.0445813154714022,16,0.0499415813580997,8,0.0606621131314948,2,0.0928237084516801,4,0.0713826449048899,8,0.0606621131314948,16,0.0499415813580998,16,0.0445813154714022,32,16,16,16,8,5,activation_whitened,5,8,5.947445075464539,8,3.277234098448472,4,5,8,4.200335681613898,8,1.9286847805869112,2,5,8,5.947445075464539,8,3.277234098448472,4,8,20260622_143547_stage4_sample_s113,source_runs/20260622_143547_stage4_sample_s113,sample_limited,113
42,observed_rank_sweep_minimum,observed_best_gap_v1,best_observed_validation_loss_on_tested_rank_grid,base_val_loss_minus_best_observed_val_loss,True,ok,6,6,1;2;4;8;16;32,0.0989016608617195,32,0.018769406802434,0.018769406802434,0.0801322540592855,0.0801322540592855,best_observed_validation_loss_on_tested_rank_grid,0.0144114970799096,0.0844901637818099,1,0.0203720518836197,1,0.0227760195053982,1,0.0267826322083625,1,0.0347958576142911,1,0.0588355338320767,1,0.0428090830202196,1,0.034795857614291,1,0.0267826322083625,1,0.0227760195053982,2,2,2,2,1,1,activation_whitened,1,1,1.9139961725436108,2,1.1013828722313184,2,1,1,1.290721481268489,2,1.0375443750544588,2,1,1,1.9139961725436108,2,1.1013828722313184,2,1,20260622_143547_stage4_sample_s113,source_runs/20260622_143547_stage4_sample_s113,sample_limited,113
43,observed_rank_sweep_minimum,observed_best_gap_v1,best_observed_validation_loss_on_tested_rank_grid,base_val_loss_minus_best_observed_val_loss,True,ok,6,6,1;2;4;8;16;32,0.3263503164546426,32,0.0317711463371547,0.0317711463371547,0.2945791701174878,0.2945791701174878,best_observed_validation_loss_on_tested_rank_grid,0.01438522297503,0.3119650934796126,16,0.0376627297395044,8,0.046500104843029,8,0.0612290633489034,4,0.0906869803606522,2,0.1790607313958986,4,0.120144897372401,4,0.0906869803606522,8,0.0612290633489034,8,0.0465001048430291,16,8,8,8,8,5,activation_whitened,5,8,5.431505729645028,8,2.896627441631856,4,4,4,3.828680172913496,4,1.8188588672319783,2,5,8,5.431505729645028,8,2.896627441631856,4,8,20260622_143547_stage4_sample_s113,source_runs/20260622_143547_stage4_sample_s113,sample_limited,113
44,observed_rank_sweep_minimum,observed_best_gap_v1,best_observed_validation_loss_on_tested_rank_grid,base_val_loss_minus_best_observed_val_loss,True,ok,6,6,1;2;4;8;16;32,0.1000641034954154,32,0.0484755257738686,0.0484755257738686,0.0515885777215468,0.0515885777215468,best_observed_validation_loss_on_tested_rank_grid,0.0143987820593118,0.0856653214361036,32,0.0495072973282995,32,0.0510549546599459,16,0.0536343835460232,16,0.0587932413181779,2,0.074269814634642,8,0.0639520990903326,16,0.0587932413181779,16,0.0536343835460232,32,0.0510549546599459,32,32,32,16,16,8,activation_whitened,7,8,8.668865346494204,16,3.699529269207098,4,4,4,4.97312889365638,8,1.9051008506934408,2,7,8,8.668865346494204,16,3.699529269207098,4,8,20260622_143547_stage4_sample_s113,source_runs/20260622_143547_stage4_sample_s113,sample_limited,113
45,observed_rank_sweep_minimum,observed_best_gap_v1,best_observed_validation_loss_on_tested_rank_grid,base_val_loss_minus_best_observed_val_loss,True,ok,6,6,1;2;4;8;16;32,0.0739536090952548,32,0.0191986552070605,0.0191986552070605,0.0547549538881942,0.0547549538881942,best_observed_validation_loss_on_tested_rank_grid,0.0144075316163914,0.0595460774788633,8,0.0202937542848243,1,0.0219364029014702,1,0.0246741505958799,1,0.0301496459846993,1,0.0465761321511576,1,0.0356251413735187,1,0.0301496459846993,1,0.0246741505958799,1,0.0219364029014702,2,2,2,1,1,1,activation_whitened,1,1,2.4581661605763765,4,1.1530840563811633,2,1,1,1.4044025017703083,2,1.0510640973286414,2,1,1,2.4581661605763765,4,1.1530840563811633,2,1,20260622_143547_stage4_sample_s113,source_runs/20260622_143547_stage4_sample_s113,sample_limited,113
46,observed_rank_sweep_minimum,observed_best_gap_v1,best_observed_validation_loss_on_tested_rank_grid,base_val_loss_minus_best_observed_val_loss,True,ok,6,6,1;2;4;8;16;32,0.1417851377951937,32,0.0354932585440762,0.0354932585440762,0.1062918792511175,0.1062918792511175,best_observed_validation_loss_on_tested_rank_grid,0.0143619440482264,0.1274231937469672,32,0.0376190961290985,16,0.040807852506632,8,0.0461224464691879,8,0.0567516343942997,2,0.0886391981696349,4,0.0673808223194114,8,0.0567516343942997,8,0.0461224464691879,16,0.040807852506632,32,16,16,8,8,5,activation_whitened,5,8,5.657413880402939,8,3.032580868594192,4,4,4,3.7653198608898,4,1.847693809259712,2,5,8,5.657413880402939,8,3.032580868594192,4,8,20260622_143547_stage4_sample_s113,source_runs/20260622_143547_stage4_sample_s113,sample_limited,113
47,observed_rank_sweep_minimum,observed_best_gap_v1,best_observed_validation_loss_on_tested_rank_grid,base_val_loss_minus_best_observed_val_loss,True,ok,6,6,1;2;4;8;16;32,0.0696109883450259,32,0.0304955659394058,0.0304955659394058,0.0391154224056201,0.0391154224056201,best_observed_validation_loss_on_tested_rank_grid,0.0144202095748193,0.0551907787702065,32,0.0312778743875182,16,0.0324513370596868,8,0.0344071081799678,4,0.0383186504205298,2,0.0500532771422158,4,0.0422301926610918,4,0.0383186504205298,8,0.0344071081799678,16,0.0324513370596868,32,16,16,16,8,6,activation_whitened,5,8,6.2098102847965935,8,2.367214765910763,4,3,4,3.946659848036612,4,1.9796811302686703,2,5,8,6.2098102847965935,8,2.367214765910763,4,8,20260622_143547_stage4_sample_s113,source_runs/20260622_143547_stage4_sample_s113,sample_limited,113
